school_year,nces_lea_id,district_name,lea_name,state,county_primary,operating_schools_count,regular_schools_count,enrollment_total,enrollment_pk,enrollment_k12,enrollment_kg,teachers_prek_fte,teachers_kindergarten_fte,teachers_elementary_fte,teachers_secondary_fte,teachers_ungraded_fte,teachers_total_reported_fte,teachers_k12_fte,paraprofessionals_fte,instructional_coordinators_fte,counselors_fte,psychologists_fte,student_support_staff_fte,librarians_fte,school_administrators_fte,school_admin_support_fte,lea_administrators_fte,lea_admin_support_fte,other_support_staff_fte,total_staff_fte,data_source_layer,agency_type_group,typology,is_balanced_regular_cohort_55,flag_zero_student_support,flag_schadm_underreported_2425,flag_missing_key_staff,flag_reclassified_central_admin,comparability_regime_central,core_admin_fte,central_mgmt_and_coordinators_fte,total_admin_and_coordinators_fte,instructional_program_admin_fte,core_admin_per_1000_students,coordinators_per_1000_students,central_mgmt_coord_per_1000_students,total_admin_coord_per_1000_students,counselors_per_1000_students,student_support_per_1000_students,teachers_per_1000_students,core_admin_per_100_teachers,coordinators_per_100_teachers,central_mgmt_coord_per_100_teachers,total_admin_coord_per_100_teachers,core_admin_share_of_total_staff_pct,admin_coord_share_of_total_staff_pct,teachers_share_of_total_staff_pct,school_admin_per_school,total_admin_per_school,students_per_school_admin,students_per_lea_admin,teachers_per_school_admin
2004-2005,2003780,BASEHOR-LINWOOD,BASEHOR-LINWOOD,KS,Leavenworth County,5.0,5.0,2091.0,,2091.0,,0.0,3.0,46.0,49.0,0.0,99.0,99.0,2.0,2.0,6.0,,,3.0,7.0,8.0,5.0,3.0,41.0,173.0,Urban_Institute_CCD_Historical_API,Regular Public District,Independent Town / Exurban,True,False,False,False,True,KS_CORSUP_Unreported,12.0,7.0,14.0,2.0,5.738880918220947,0.9564801530368245,3.3476805356288857,6.695361071257771,2.8694404591104736,,47.34576757532282,12.121212121212121,2.0202020202020203,7.07070707070707,14.14141414141414,6.9364161849710975,8.092485549132949,57.22543352601156,1.4,2.8,298.7142857142857,418.2,14.142857142857142
2004-2005,2012000,BLUE VALLEY,BLUE VALLEY,KS,Johnson County,30.0,30.0,19489.0,,19489.0,,20.0,38.0,440.0,580.0,182.0,1262.0,1262.0,228.0,8.0,53.0,,,35.0,51.0,74.0,40.0,32.0,402.0,2150.0,Urban_Institute_CCD_Historical_API,Regular Public District,Major Suburban Unified,True,False,False,False,True,KS_CORSUP_Unreported,91.0,48.0,99.0,8.0,4.6693006311252505,0.41048796757145056,2.4629278054287034,5.079788598696701,2.71948278516086,,64.75447688439633,7.210776545166403,0.6339144215530903,3.8034865293185423,7.844690966719494,4.232558139534884,4.604651162790698,58.69767441860465,1.7,3.3,382.1372549019608,487.225,24.745098039215687
2004-2005,2004050,BONNER SPRINGS,BONNER SPRINGS,KS,Wyandotte County,4.0,4.0,2293.0,,2293.0,,5.0,4.0,50.0,79.0,0.0,139.0,139.0,13.0,0.0,5.0,,,4.0,9.0,8.0,7.0,2.0,98.0,281.0,Urban_Institute_CCD_Historical_API,Regular Public District,Independent Town / Exurban,True,False,False,False,True,KS_CORSUP_Unreported,16.0,7.0,16.0,0.0,6.977758395115569,0.0,3.0527692978630614,6.977758395115569,2.1805494984736153,,60.61927605756651,11.510791366906476,0.0,5.0359712230215825,11.510791366906476,5.6939501779359425,5.6939501779359425,49.46619217081851,2.25,4.0,254.77777777777777,327.57142857142856,15.444444444444445
2004-2005,2005490,DE SOTO,DE SOTO,KS,Johnson County,9.0,9.0,4856.0,,4856.0,,1.0,12.0,132.0,153.0,48.0,347.0,347.0,41.0,1.0,11.0,,,9.0,16.0,17.0,12.0,6.0,98.0,549.0,Urban_Institute_CCD_Historical_API,Regular Public District,Independent Town / Exurban,True,False,False,False,True,KS_CORSUP_Unreported,28.0,13.0,29.0,1.0,5.766062602965404,0.20593080724876442,2.6771004942339376,5.971993410214168,2.2652388797364083,,71.45799011532125,8.069164265129682,0.2881844380403458,3.7463976945244957,8.357348703170029,5.100182149362477,5.2823315118397085,63.20582877959927,1.7777777777777777,3.2222222222222223,303.5,404.6666666666667,21.6875
2004-2005,2005640,EASTON,EASTON,KS,Leavenworth County,4.0,4.0,726.0,,726.0,,0.0,2.0,18.0,29.0,0.0,49.0,49.0,0.0,0.0,2.0,,,1.0,4.0,3.0,3.0,0.0,11.0,72.0,Urban_Institute_CCD_Historical_API,Regular Public District,Rural / Peripheral,True,False,False,False,True,KS_CORSUP_Unreported,7.0,3.0,7.0,0.0,9.641873278236915,0.0,4.132231404958678,9.641873278236915,2.7548209366391188,,67.4931129476584,14.285714285714285,0.0,6.122448979591836,14.285714285714285,9.722222222222223,9.722222222222223,68.05555555555556,1.0,1.75,181.5,242.0,12.25
2004-2005,2006330,FT LEAVENWORTH,FT LEAVENWORTH,KS,Leavenworth County,4.0,4.0,1743.0,,1743.0,,0.0,11.0,75.0,25.0,0.0,111.0,111.0,8.0,1.0,4.0,,,4.0,6.0,3.0,3.0,2.0,33.0,171.0,Urban_Institute_CCD_Historical_API,Regular Public District,Independent Town / Exurban,True,False,False,False,True,KS_CORSUP_Unreported,9.0,4.0,10.0,1.0,5.163511187607574,0.5737234652897303,2.294893861158921,5.737234652897304,2.294893861158921,,63.68330464716007,8.108108108108109,0.9009009009009009,3.6036036036036037,9.00900900900901,5.263157894736842,5.847953216374268,64.91228070175438,1.5,2.5,290.5,581.0,18.5
2004-2005,2006420,GARDNER EDGERTON,GARDNER EDGERTON,KS,Johnson County,7.0,7.0,3615.0,,3615.0,,7.0,8.0,107.0,90.0,27.0,241.0,241.0,94.0,1.0,10.0,,,7.0,10.0,17.0,10.0,11.0,101.0,495.0,Urban_Institute_CCD_Historical_API,Regular Public District,Independent Town / Exurban,True,False,False,False,True,KS_CORSUP_Unreported,20.0,11.0,21.0,1.0,5.532503457814661,0.2766251728907331,3.0428769017980635,5.809128630705394,2.7662517289073305,,66.66666666666667,8.29875518672199,0.4149377593360996,4.564315352697095,8.71369294605809,4.040404040404041,4.242424242424243,48.68686868686869,1.4285714285714286,3.0,361.5,361.5,24.1
2004-2005,2007950,KANSAS CITY,KANSAS CITY,KS,Wyandotte County,44.0,44.0,20440.0,,20440.0,,35.0,43.0,541.0,613.0,248.0,1481.0,1481.0,230.0,8.0,32.0,,,28.0,78.0,96.0,35.0,66.0,571.0,2597.0,Urban_Institute_CCD_Historical_API,Regular Public District,Urban Core Unified,True,False,False,False,True,KS_CORSUP_Unreported,113.0,43.0,121.0,8.0,5.528375733855186,0.39138943248532293,2.1037181996086107,5.919765166340508,1.5655577299412917,,72.4559686888454,7.629979743416611,0.5401755570560433,2.9034436191762323,8.170155300472654,4.351174432036966,4.659222179437813,57.02733923758182,1.7727272727272727,2.75,262.05128205128204,584.0,18.987179487179485
2004-2005,2008340,LANSING,LANSING,KS,Leavenworth County,4.0,4.0,2159.0,,2159.0,,0.0,3.0,47.0,66.0,0.0,116.0,116.0,4.0,0.0,4.0,,,4.0,6.0,7.0,3.0,3.0,41.0,184.0,Urban_Institute_CCD_Historical_API,Regular Public District,Independent Town / Exurban,True,False,False,False,True,KS_CORSUP_Unreported,9.0,3.0,9.0,0.0,4.168596572487263,0.0,1.3895321908290876,4.168596572487263,1.8527095877721167,,53.72857804539139,7.758620689655173,0.0,2.586206896551724,7.758620689655173,4.891304347826087,4.891304347826087,63.04347826086957,1.5,2.25,359.8333333333333,719.6666666666666,19.333333333333332
2004-2005,2008430,LEAVENWORTH,LEAVENWORTH,KS,Leavenworth County,9.0,9.0,4170.0,,4170.0,,7.0,12.0,98.0,140.0,122.0,381.0,381.0,168.0,0.0,12.0,,,7.0,15.0,21.0,12.0,5.0,131.0,745.0,Urban_Institute_CCD_Historical_API,Regular Public District,Independent Town / Exurban,True,False,False,False,True,KS_CORSUP_Unreported,27.0,12.0,27.0,0.0,6.474820143884892,0.0,2.8776978417266186,6.474820143884892,2.8776978417266186,,91.36690647482014,7.086614173228346,0.0,3.149606299212598,7.086614173228346,3.6241610738255035,3.6241610738255035,51.14093959731544,1.6666666666666667,3.0,278.0,347.5,25.4
2004-2005,2008970,LOUISBURG,LOUISBURG,KS,Miami County,4.0,4.0,1489.0,,1489.0,,0.0,6.0,28.0,52.0,0.0,86.0,86.0,7.0,0.0,1.0,,,2.0,4.0,7.0,3.0,3.0,34.0,145.0,Urban_Institute_CCD_Historical_API,Regular Public District,Independent Town / Exurban,True,False,False,False,True,KS_CORSUP_Unreported,7.0,3.0,7.0,0.0,4.701141705842848,0.0,2.0147750167897915,4.701141705842848,0.671591672263264,,57.756883814640695,8.13953488372093,0.0,3.488372093023256,8.13953488372093,4.827586206896552,4.827586206896552,59.310344827586206,1.0,1.75,372.25,496.3333333333333,21.5
2004-2005,2010140,OLATHE,OLATHE,KS,Johnson County,42.0,42.0,23608.0,,23608.0,,1.0,67.0,688.0,694.0,225.0,1676.0,1676.0,353.0,7.0,62.0,,,44.0,72.0,67.0,39.0,24.0,470.0,2770.0,Urban_Institute_CCD_Historical_API,Regular Public District,Major Suburban Unified,True,False,False,False,True,KS_CORSUP_Unreported,111.0,46.0,118.0,7.0,4.701796001355472,0.2965096577431379,1.9484920365977634,4.998305659098611,2.626228397153507,,70.99288376821417,6.62291169451074,0.41766109785202865,2.7446300715990453,7.040572792362769,4.007220216606498,4.259927797833935,60.50541516245488,1.7142857142857142,2.8095238095238093,327.8888888888889,605.3333333333334,23.27777777777778
2004-2005,2010260,OSAWATOMIE,OSAWATOMIE,KS,Miami County,4.0,4.0,1212.0,,1212.0,,0.0,6.0,30.0,46.0,0.0,83.0,83.0,10.0,1.0,4.0,,,4.0,6.0,6.0,4.0,1.0,48.0,163.0,Urban_Institute_CCD_Historical_API,Regular Public District,Independent Town / Exurban,True,False,False,False,True,KS_CORSUP_Unreported,10.0,5.0,11.0,1.0,8.25082508250825,0.8250825082508251,4.125412541254125,9.075907590759076,3.3003300330033003,,68.48184818481847,12.048192771084338,1.2048192771084338,6.024096385542169,13.253012048192772,6.134969325153374,6.748466257668712,50.920245398773,1.5,2.75,202.0,303.0,13.833333333333334
2004-2005,2010500,PAOLA,PAOLA,KS,Miami County,5.0,5.0,2105.0,,2105.0,,5.0,5.0,46.0,81.0,59.0,198.0,198.0,216.0,0.0,4.0,,,3.0,8.0,11.0,7.0,2.0,80.0,526.0,Urban_Institute_CCD_Historical_API,Regular Public District,Independent Town / Exurban,True,False,False,False,True,KS_CORSUP_Unreported,15.0,7.0,15.0,0.0,7.125890736342043,0.0,3.32541567695962,7.125890736342043,1.9002375296912113,,94.06175771971496,7.575757575757576,0.0,3.535353535353535,7.575757575757576,2.8517110266159698,2.8517110266159698,37.6425855513308,1.6,3.0,263.125,300.7142857142857,24.75
2004-2005,2010680,PIPER-KANSAS CITY,PIPER-KANSAS CITY,KS,Wyandotte County,4.0,4.0,1391.0,,1391.0,,0.0,4.0,28.0,49.0,0.0,81.0,81.0,5.0,0.0,4.0,,,2.0,5.0,5.0,4.0,2.0,23.0,129.0,Urban_Institute_CCD_Historical_API,Regular Public District,Independent Town / Exurban,True,False,False,False,True,KS_CORSUP_Unreported,9.0,4.0,9.0,0.0,6.4701653486700215,0.0,2.875629043853343,6.4701653486700215,2.875629043853343,,58.231488138030194,11.11111111111111,0.0,4.938271604938271,11.11111111111111,6.976744186046512,6.976744186046512,62.7906976744186,1.25,2.25,278.2,347.75,16.2
2004-2005,2008250,PRAIRIE VIEW,PRAIRIE VIEW,KS,Unknown,5.0,5.0,1099.0,,1099.0,,0.0,2.0,25.0,36.0,0.0,64.0,64.0,14.0,0.0,2.0,,,3.0,6.0,6.0,5.0,2.0,25.0,124.0,Urban_Institute_CCD_Historical_API,Regular Public District,Rural / Peripheral,False,False,False,False,True,KS_CORSUP_Unreported,11.0,5.0,11.0,0.0,10.009099181073703,0.0,4.549590536851683,10.009099181073703,1.8198362147406735,,58.23475887170155,17.1875,0.0,7.8125,17.1875,8.870967741935484,8.870967741935484,51.61290322580645,1.2,2.2,183.16666666666666,219.8,10.666666666666666
2004-2005,2000018,SCHOOL FOR BLIND,SCHOOL FOR BLIND,KS,Wyandotte County,0.0,0.0,47.0,,47.0,,0.0,0.0,0.0,0.0,11.0,11.0,11.0,0.0,0.0,0.0,,,0.0,0.0,0.0,0.0,0.0,0.0,11.0,Urban_Institute_CCD_Historical_API,Specialized State Agency,Specialized State Agency,False,False,False,False,True,KS_CORSUP_Unreported,0.0,0.0,0.0,0.0,0.0,0.0,0.0,0.0,0.0,,234.04255319148936,0.0,0.0,0.0,0.0,0.0,0.0,100.0,,,,,
2004-2005,2000019,SCHOOL FOR DEAF,SCHOOL FOR DEAF,KS,Johnson County,0.0,0.0,130.0,,130.0,,0.0,0.0,0.0,0.0,29.0,29.0,29.0,0.0,0.0,0.0,,,0.0,0.0,0.0,0.0,0.0,0.0,29.0,Urban_Institute_CCD_Historical_API,Specialized State Agency,Specialized State Agency,False,False,False,False,True,KS_CORSUP_Unreported,0.0,0.0,0.0,0.0,0.0,0.0,0.0,0.0,0.0,,223.0769230769231,0.0,0.0,0.0,0.0,0.0,0.0,100.0,,,,,
2004-2005,2011640,SHAWNEE MISSION PUB SCH,SHAWNEE MISSION PUB SCH,KS,Johnson County,49.0,49.0,28958.0,,28958.0,,0.0,62.0,737.0,756.0,236.0,1792.0,1792.0,422.0,7.0,47.0,,,51.0,74.0,83.0,20.0,38.0,620.0,3103.0,Urban_Institute_CCD_Historical_API,Regular Public District,Major Suburban Unified,True,False,False,False,True,KS_CORSUP_Unreported,94.0,27.0,101.0,7.0,3.2460805304233715,0.24172940120174044,0.9323848332067132,3.487809931625112,1.6230402652116858,,61.88272670764555,5.245535714285714,0.390625,1.5066964285714286,5.636160714285714,3.029326458266194,3.254914598775379,57.75056397035128,1.510204081632653,2.061224489795918,391.3243243243243,1447.9,24.216216216216218
2004-2005,2011850,SPRING HILL,SPRING HILL,KS,Johnson County,4.0,4.0,1680.0,,1680.0,,1.0,3.0,30.0,56.0,19.0,110.0,110.0,24.0,0.0,4.0,,,3.0,7.0,3.0,6.0,2.0,31.0,187.0,Urban_Institute_CCD_Historical_API,Regular Public District,Independent Town / Exurban,True,False,False,False,True,KS_CORSUP_Unreported,13.0,6.0,13.0,0.0,7.738095238095238,0.0,3.571428571428571,7.738095238095238,2.3809523809523814,,65.47619047619048,11.818181818181818,0.0,5.454545454545454,11.818181818181818,6.951871657754011,6.951871657754011,58.82352941176471,1.75,3.25,240.0,280.0,15.714285714285714
2004-2005,2012210,TONGANOXIE,TONGANOXIE,KS,Leavenworth County,3.0,3.0,1624.0,,1624.0,,0.0,3.0,40.0,50.0,0.0,94.0,94.0,4.0,0.0,4.0,,,2.0,7.0,7.0,3.0,0.0,45.0,164.0,Urban_Institute_CCD_Historical_API,Regular Public District,Independent Town / Exurban,True,False,False,False,True,KS_CORSUP_Unreported,10.0,3.0,10.0,0.0,6.157635467980296,0.0,1.8472906403940885,6.157635467980296,2.4630541871921183,,57.881773399014776,10.638297872340425,0.0,3.1914893617021276,10.638297872340425,6.097560975609756,6.097560975609756,57.3170731707317,2.3333333333333335,3.3333333333333335,232.0,541.3333333333334,13.428571428571429
2004-2005,2012360,TURNER-KANSAS CITY,TURNER-KANSAS CITY,KS,Wyandotte County,7.0,7.0,3885.0,,3885.0,,7.0,7.0,92.0,87.0,40.0,234.0,234.0,54.0,0.0,9.0,,,6.0,13.0,16.0,7.0,9.0,99.0,441.0,Urban_Institute_CCD_Historical_API,Regular Public District,Independent Town / Exurban,True,False,False,False,True,KS_CORSUP_Unreported,20.0,7.0,20.0,0.0,5.148005148005148,0.0,1.8018018018018018,5.148005148005148,2.3166023166023164,,60.23166023166023,8.547008547008547,0.0,2.9914529914529915,8.547008547008547,4.535147392290249,4.535147392290249,53.06122448979592,1.8571428571428572,2.857142857142857,298.84615384615387,555.0,18.0
2004-2005,2903200,ARCHIE R-V,ARCHIE R-V,MO,Cass County,2.0,2.0,601.0,,601.0,,1.0,2.0,14.0,23.0,,41.0,41.0,5.0,0.0,1.0,,,1.0,2.0,,1.0,4.0,10.0,64.0,Urban_Institute_CCD_Historical_API,Regular Public District,Rural / Peripheral,True,False,False,False,True,KS_CORSUP_Unreported,3.0,1.0,3.0,0.0,4.9916805324459235,0.0,1.663893510815308,4.9916805324459235,1.663893510815308,,68.21963394342761,7.317073170731707,0.0,2.4390243902439024,7.317073170731707,4.6875,4.6875,64.0625,1.0,1.5,300.5,601.0,20.5
2004-2005,2904620,BELTON 124,BELTON 124,MO,Cass County,10.0,10.0,5019.0,,5019.0,,8.0,17.0,139.0,139.0,,304.0,304.0,62.0,5.0,11.0,,,8.0,14.0,,6.0,41.0,54.0,497.0,Urban_Institute_CCD_Historical_API,Regular Public District,Independent Town / Exurban,True,False,False,False,True,KS_CORSUP_Unreported,20.0,11.0,25.0,5.0,3.984857541342897,0.9962143853357243,2.1916716477385934,4.981071926678621,2.1916716477385934,,60.56983462841203,6.578947368421052,1.644736842105263,3.618421052631579,8.223684210526317,4.0241448692152915,5.030181086519115,61.16700201207244,1.4,2.5,358.5,836.5,21.714285714285715
2004-2005,2905310,BLUE SPRINGS R-IV,BLUE SPRINGS R-IV,MO,Jackson County,22.0,22.0,13631.0,,13631.0,,14.0,48.0,331.0,452.0,,845.0,845.0,227.0,2.0,35.0,,,13.0,33.0,,12.0,118.0,622.0,1894.0,Urban_Institute_CCD_Historical_API,Regular Public District,Major Suburban Unified,True,False,False,False,True,KS_CORSUP_Unreported,45.0,14.0,47.0,2.0,3.3012985107475608,0.14672437825544712,1.02707064778813,3.4480228890030076,2.567676619470325,,61.99104981292642,5.325443786982249,0.2366863905325444,1.6568047337278107,5.562130177514793,2.3759239704329462,2.481520591341077,44.614572333685324,1.5,2.1363636363636362,413.06060606060606,1135.9166666666667,25.606060606060606
2004-2005,2908250,CENTER 58,CENTER 58,MO,Jackson County,8.0,8.0,2628.0,,2628.0,,5.0,9.0,84.0,104.0,,202.0,202.0,35.0,4.0,7.0,,,4.0,11.0,,6.0,30.0,62.0,357.0,Urban_Institute_CCD_Historical_API,Regular Public District,Urban Core Unified,True,False,False,False,True,KS_CORSUP_Unreported,17.0,10.0,21.0,4.0,6.468797564687975,1.5220700152207,3.8051750380517504,7.9908675799086755,2.663622526636225,,76.86453576864535,8.415841584158416,1.9801980198019802,4.9504950495049505,10.396039603960396,4.761904761904762,5.88235294117647,56.582633053221286,1.375,2.625,238.9090909090909,438.0,18.363636363636363
2004-2005,2900009,DIVISION OF YOUTH SERVICES,DIVISION OF YOUTH SERVICES,MO,Unknown,42.0,42.0,814.0,,814.0,,0.0,0.0,0.0,110.0,,110.0,110.0,3.0,5.0,2.0,,,0.0,0.0,,1.0,0.0,0.0,121.0,Urban_Institute_CCD_Historical_API,Specialized State Agency,Specialized State Agency,False,False,False,False,True,KS_CORSUP_Unreported,1.0,6.0,6.0,5.0,1.2285012285012284,6.142506142506142,7.371007371007371,7.371007371007371,2.457002457002457,,135.13513513513513,0.9090909090909091,4.545454545454546,5.454545454545454,5.454545454545454,0.8264462809917356,4.958677685950414,90.9090909090909,0.0,0.14285714285714285,,814.0,
2004-2005,2911070,DREXEL R-IV,DREXEL R-IV,MO,Cass County,2.0,2.0,360.0,,360.0,,0.0,1.0,14.0,16.0,,31.0,31.0,4.0,0.0,1.0,,,1.0,2.0,,1.0,3.0,4.0,46.0,Urban_Institute_CCD_Historical_API,Regular Public District,Rural / Peripheral,True,False,False,False,True,KS_CORSUP_Unreported,3.0,1.0,3.0,0.0,8.333333333333334,0.0,2.7777777777777777,8.333333333333334,2.7777777777777777,,86.11111111111111,9.67741935483871,0.0,3.225806451612903,9.67741935483871,6.521739130434782,6.521739130434782,67.3913043478261,1.0,1.5,180.0,360.0,15.5
2004-2005,2911160,EAST LYNNE 40,EAST LYNNE 40,MO,Cass County,1.0,1.0,198.0,,198.0,,1.0,1.0,15.0,,,17.0,17.0,3.0,0.0,0.0,,,0.0,0.0,,0.0,3.0,3.0,26.0,Urban_Institute_CCD_Historical_API,Regular Public District,Rural / Peripheral,True,False,False,False,True,KS_CORSUP_Unreported,0.0,0.0,0.0,0.0,0.0,0.0,0.0,0.0,0.0,,85.85858585858585,0.0,0.0,0.0,0.0,0.0,0.0,65.38461538461539,0.0,0.0,,,
2004-2005,2911650,EXCELSIOR SPRINGS 40,EXCELSIOR SPRINGS 40,MO,Clay County,7.0,7.0,3284.0,,3284.0,,4.0,21.0,73.0,112.0,,210.0,210.0,26.0,3.0,8.0,,,4.0,10.0,,5.0,23.0,99.0,384.0,Urban_Institute_CCD_Historical_API,Regular Public District,Independent Town / Exurban,True,False,False,False,True,KS_CORSUP_Unreported,15.0,8.0,18.0,3.0,4.5676004872107185,0.9135200974421437,2.4360535931790497,5.481120584652863,2.4360535931790497,,63.94640682095005,7.142857142857142,1.4285714285714286,3.8095238095238098,8.571428571428571,3.90625,4.6875,54.6875,1.4285714285714286,2.5714285714285716,328.4,656.8,21.0
2004-2005,2912290,FORT OSAGE R-I,FORT OSAGE R-I,MO,Jackson County,10.0,10.0,5040.0,,5040.0,,6.0,20.0,153.0,167.0,,346.0,346.0,89.0,6.0,13.0,,,5.0,12.0,,8.0,49.0,174.0,697.0,Urban_Institute_CCD_Historical_API,Regular Public District,Independent Town / Exurban,True,False,False,False,True,KS_CORSUP_Unreported,20.0,14.0,26.0,6.0,3.968253968253968,1.1904761904761907,2.7777777777777777,5.158730158730159,2.5793650793650795,,68.65079365079366,5.780346820809249,1.7341040462427744,4.046242774566474,7.514450867052023,2.8694404591104736,3.7302725968436152,49.64131994261119,1.2,2.6,420.0,630.0,28.833333333333332
2004-2005,2913080,GRAIN VALLEY R-V,GRAIN VALLEY R-V,MO,Jackson County,4.0,4.0,2344.0,,2344.0,,3.0,6.0,63.0,77.0,,149.0,149.0,31.0,1.0,4.0,,,5.0,7.0,,3.0,16.0,67.0,278.0,Urban_Institute_CCD_Historical_API,Regular Public District,Independent Town / Exurban,True,False,False,False,True,KS_CORSUP_Unreported,10.0,4.0,11.0,1.0,4.266211604095563,0.42662116040955633,1.7064846416382253,4.69283276450512,1.7064846416382253,,63.56655290102389,6.7114093959731544,0.6711409395973155,2.684563758389262,7.38255033557047,3.597122302158273,3.9568345323741005,53.597122302158276,1.75,2.75,334.85714285714283,781.3333333333334,21.285714285714285
2004-2005,2913140,GRANDVIEW C-4,GRANDVIEW C-4,MO,Jackson County,10.0,10.0,4184.0,,4184.0,,5.0,15.0,150.0,131.0,,302.0,302.0,42.0,15.0,16.0,,,9.0,15.0,,4.0,39.0,141.0,574.0,Urban_Institute_CCD_Historical_API,Regular Public District,Independent Town / Exurban,True,False,False,False,True,KS_CORSUP_Unreported,19.0,19.0,34.0,15.0,4.541108986615679,3.5850860420650092,4.541108986615679,8.126195028680689,3.8240917782026767,,72.17973231357553,6.291390728476822,4.966887417218543,6.291390728476822,11.258278145695364,3.3101045296167246,5.923344947735192,52.613240418118465,1.5,3.4,278.93333333333334,1046.0,20.133333333333333
2004-2005,2913680,HARDIN-CENTRAL C-2,HARDIN-CENTRAL C-2,MO,Ray County,2.0,2.0,211.0,,211.0,,0.0,2.0,8.0,10.0,,21.0,21.0,0.0,0.0,0.0,,,1.0,1.0,,1.0,2.0,3.0,28.0,Urban_Institute_CCD_Historical_API,Regular Public District,Rural / Peripheral,True,False,False,False,True,KS_CORSUP_Unreported,2.0,1.0,2.0,0.0,9.47867298578199,0.0,4.739336492890995,9.47867298578199,0.0,,99.5260663507109,9.523809523809524,0.0,4.761904761904762,9.523809523809524,7.142857142857142,7.142857142857142,75.0,0.5,1.0,211.0,211.0,21.0
2004-2005,2913760,HARRISONVILLE R-IX,HARRISONVILLE R-IX,MO,Cass County,7.0,7.0,2748.0,,2748.0,,3.0,10.0,57.0,94.0,,165.0,165.0,16.0,2.0,6.0,,,4.0,7.0,,4.0,25.0,53.0,278.0,Urban_Institute_CCD_Historical_API,Regular Public District,Independent Town / Exurban,True,False,False,False,True,KS_CORSUP_Unreported,11.0,6.0,13.0,2.0,4.002911208151383,0.727802037845706,2.1834061135371177,4.730713245997089,2.1834061135371177,,60.043668122270745,6.666666666666667,1.2121212121212122,3.6363636363636362,7.878787878787878,3.9568345323741005,4.676258992805756,59.352517985611506,1.0,1.8571428571428572,392.57142857142856,687.0,23.571428571428573
2004-2005,2914340,HICKMAN MILLS C-1,HICKMAN MILLS C-1,MO,Jackson County,16.0,16.0,7094.0,,7094.0,,13.0,31.0,225.0,252.0,,521.0,521.0,64.0,13.0,21.0,,,12.0,23.0,,7.0,104.0,242.0,995.0,Urban_Institute_CCD_Historical_API,Regular Public District,Rural / Peripheral,True,False,False,False,True,KS_CORSUP_Unreported,30.0,20.0,43.0,13.0,4.22892585283338,1.832534536227798,2.81928390188892,6.061460389061178,2.960248096983366,,73.44234564420637,5.758157389635317,2.495201535508637,3.8387715930902107,8.253358925143955,3.015075376884422,4.321608040201005,52.361809045226124,1.4375,2.6875,308.4347826086956,1013.4285714285714,22.652173913043477
2004-2005,2915480,INDEPENDENCE 30,INDEPENDENCE 30,MO,Jackson County,21.0,21.0,12104.0,,12104.0,,9.0,42.0,306.0,352.0,,710.0,710.0,134.0,0.0,29.0,,,18.0,41.0,,13.0,103.0,462.0,1492.0,Urban_Institute_CCD_Historical_API,Regular Public District,Major Suburban Unified,True,False,False,False,True,KS_CORSUP_Unreported,54.0,13.0,54.0,0.0,4.461335095836088,0.0,1.0740251156642433,4.461335095836088,2.3959021810971577,,58.65829477858559,7.605633802816901,0.0,1.8309859154929577,7.605633802816901,3.6193029490616624,3.6193029490616624,47.58713136729222,1.9523809523809523,2.5714285714285716,295.219512195122,931.0769230769231,17.317073170731707
2004-2005,2916400,KANSAS CITY 33,KANSAS CITY 33,MO,Jackson County,90.0,90.0,37524.0,,37524.0,,83.0,153.0,1299.0,1096.0,,2632.0,2632.0,350.0,22.0,106.0,,,70.0,176.0,,38.0,139.0,1140.0,4603.0,Urban_Institute_CCD_Historical_API,Regular Public District,Urban Core Unified,True,False,False,False,True,KS_CORSUP_Unreported,214.0,60.0,236.0,22.0,5.7030167359556545,0.5862914401449739,1.598976654940838,6.289308176100629,2.824858757062147,,70.14177593007143,8.130699088145898,0.8358662613981762,2.2796352583586628,8.966565349544073,4.649141864001738,5.127091027590701,57.180099934825115,1.9555555555555555,2.6222222222222222,213.20454545454547,987.4736842105264,14.954545454545455
2004-2005,2916450,KEARNEY R-I,KEARNEY R-I,MO,Clay County,7.0,7.0,3374.0,,3374.0,,1.0,7.0,127.0,72.0,,208.0,208.0,15.0,3.0,7.0,,,4.0,10.0,,5.0,25.0,55.0,328.0,Urban_Institute_CCD_Historical_API,Regular Public District,Independent Town / Exurban,True,False,False,False,True,KS_CORSUP_Unreported,15.0,8.0,18.0,3.0,4.445761707172496,0.8891523414344991,2.3710729104919976,5.334914048606994,2.074688796680498,,61.64789567279194,7.211538461538461,1.4423076923076923,3.8461538461538463,8.653846153846153,4.573170731707317,5.487804878048781,63.41463414634146,1.4285714285714286,2.5714285714285716,337.4,674.8,20.8
2004-2005,2918220,LAWSON R-XIV,LAWSON R-XIV,MO,Ray County,3.0,3.0,1345.0,,1345.0,,1.0,5.0,29.0,52.0,,89.0,89.0,11.0,0.0,3.0,,,3.0,3.0,,3.0,8.0,13.0,130.0,Urban_Institute_CCD_Historical_API,Regular Public District,Rural / Peripheral,True,False,False,False,True,KS_CORSUP_Unreported,6.0,3.0,6.0,0.0,4.4609665427509295,0.0,2.2304832713754648,4.4609665427509295,2.2304832713754648,,66.17100371747212,6.741573033707865,0.0,3.3707865168539324,6.741573033707865,4.615384615384616,4.615384615384616,68.46153846153847,1.0,2.0,448.3333333333333,448.3333333333333,29.666666666666668
2004-2005,2918300,LEE`S SUMMIT R-VII,LEE`S SUMMIT R-VII,MO,Jackson County,23.0,23.0,16334.0,,16334.0,,15.0,27.0,481.0,495.0,,1020.0,1020.0,240.0,22.0,34.0,,,23.0,48.0,,16.0,264.0,479.0,2123.0,Urban_Institute_CCD_Historical_API,Regular Public District,Major Suburban Unified,True,False,False,False,True,KS_CORSUP_Unreported,64.0,38.0,86.0,22.0,3.918207420105302,1.3468838006611976,2.326435655687523,5.265091220766499,2.081547691930942,,62.44643075792825,6.2745098039215685,2.156862745098039,3.7254901960784315,8.431372549019608,3.014601978332548,4.050871408384362,48.04521902967499,2.0869565217391304,3.739130434782609,340.2916666666667,1020.875,21.25
2004-2005,2918540,LIBERTY 53,LIBERTY 53,MO,Clay County,15.0,15.0,8340.0,,8340.0,,9.0,33.0,206.0,268.0,,517.0,517.0,66.0,4.0,23.0,,,13.0,29.0,,11.0,65.0,543.0,1258.0,Urban_Institute_CCD_Historical_API,Regular Public District,Major Suburban Unified,True,False,False,False,True,KS_CORSUP_Unreported,40.0,15.0,44.0,4.0,4.796163069544364,0.47961630695443647,1.7985611510791368,5.275779376498801,2.7577937649880098,,61.99040767386091,7.7369439071566735,0.7736943907156674,2.9013539651837523,8.51063829787234,3.1796502384737675,3.4976152623211445,41.09697933227345,1.9333333333333333,2.933333333333333,287.58620689655174,758.1818181818181,17.82758620689655
2004-2005,2919230,LONE JACK C-6,LONE JACK C-6,MO,Jackson County,3.0,3.0,502.0,,502.0,,1.0,2.0,16.0,19.0,,39.0,39.0,9.0,0.0,1.0,,,1.0,2.0,,1.0,8.0,11.0,71.0,Urban_Institute_CCD_Historical_API,Regular Public District,Rural / Peripheral,True,False,False,False,True,KS_CORSUP_Unreported,3.0,1.0,3.0,0.0,5.9760956175298805,0.0,1.9920318725099602,5.9760956175298805,1.9920318725099602,,77.68924302788845,7.6923076923076925,0.0,2.564102564102564,7.6923076923076925,4.225352112676056,4.225352112676056,54.929577464788736,0.6666666666666666,1.0,251.0,502.0,19.5
2004-2005,2931800,MIDWAY R-I,MIDWAY R-I,MO,Cass County,2.0,2.0,561.0,,561.0,,0.0,2.0,19.0,20.0,,41.0,41.0,7.0,0.0,2.0,,,2.0,2.0,,2.0,5.0,13.0,72.0,Urban_Institute_CCD_Historical_API,Regular Public District,Rural / Peripheral,True,False,False,False,True,KS_CORSUP_Unreported,4.0,2.0,4.0,0.0,7.1301247771836005,0.0,3.5650623885918002,7.1301247771836005,3.5650623885918002,,73.08377896613192,9.75609756097561,0.0,4.878048780487805,9.75609756097561,5.555555555555555,5.555555555555555,56.94444444444444,1.0,2.0,280.5,280.5,20.5
2004-2005,2921060,MISSOURI CITY 56,MISSOURI CITY 56,MO,Clay County,1.0,1.0,39.0,,39.0,,0.0,1.0,4.0,,,5.0,5.0,1.0,0.0,0.0,,,0.0,0.0,,0.0,1.0,4.0,11.0,Urban_Institute_CCD_Historical_API,Regular Public District,Rural / Peripheral,True,False,False,False,True,KS_CORSUP_Unreported,0.0,0.0,0.0,0.0,0.0,0.0,0.0,0.0,0.0,,128.2051282051282,0.0,0.0,0.0,0.0,0.0,0.0,45.45454545454545,0.0,0.0,,,
2004-2005,2922800,NORTH KANSAS CITY 74,NORTH KANSAS CITY 74,MO,Clay County,30.0,30.0,17193.0,,17193.0,,19.0,63.0,457.0,638.0,,1177.0,1177.0,173.0,7.0,45.0,,,25.0,49.0,,15.0,194.0,530.0,2190.0,Urban_Institute_CCD_Historical_API,Regular Public District,Major Suburban Unified,True,False,False,False,True,KS_CORSUP_Unreported,64.0,22.0,71.0,7.0,3.7224451811783865,0.407142441691386,1.2795905310300704,4.1295876228697725,2.617344268016053,,68.45809341010876,5.437553101104503,0.5947323704333051,1.8691588785046727,6.032285471537808,2.922374429223744,3.2420091324200913,53.74429223744293,1.6333333333333333,2.3666666666666667,350.8775510204082,1146.2,24.020408163265305
2004-2005,2922830,NORTH PLATTE CO. R-I,NORTH PLATTE CO. R-I,MO,Platte County,5.0,5.0,705.0,,705.0,,2.0,3.0,25.0,26.0,,57.0,57.0,8.0,1.0,2.0,,,1.0,2.0,,1.0,6.0,13.0,90.0,Urban_Institute_CCD_Historical_API,Regular Public District,Independent Town / Exurban,True,False,False,False,True,KS_CORSUP_Unreported,3.0,2.0,4.0,1.0,4.25531914893617,1.4184397163120568,2.8368794326241136,5.673758865248227,2.8368794326241136,,80.85106382978724,5.263157894736842,1.7543859649122806,3.508771929824561,7.017543859649122,3.3333333333333335,4.444444444444445,63.33333333333333,0.4,0.8,352.5,705.0,28.5
2004-2005,2923010,OAK GROVE R-VI,OAK GROVE R-VI,MO,Jackson County,4.0,4.0,2112.0,,2112.0,,3.0,8.0,47.0,61.0,,120.0,120.0,15.0,0.0,5.0,,,4.0,6.0,,3.0,13.0,43.0,205.0,Urban_Institute_CCD_Historical_API,Regular Public District,Rural / Peripheral,True,False,False,False,True,KS_CORSUP_Unreported,9.0,3.0,9.0,0.0,4.261363636363636,0.0,1.4204545454545454,4.261363636363636,2.3674242424242427,,56.81818181818181,7.5,0.0,2.5,7.5,4.390243902439024,4.390243902439024,58.536585365853654,1.5,2.25,352.0,704.0,20.0
2004-2005,2923220,ORRICK R-XI,ORRICK R-XI,MO,Ray County,2.0,2.0,480.0,,480.0,,1.0,2.0,17.0,15.0,,36.0,36.0,11.0,0.0,1.0,,,1.0,2.0,,1.0,3.0,6.0,60.0,Urban_Institute_CCD_Historical_API,Regular Public District,Rural / Peripheral,True,False,False,False,True,KS_CORSUP_Unreported,3.0,1.0,3.0,0.0,6.25,0.0,2.0833333333333335,6.25,2.0833333333333335,,75.0,8.333333333333332,0.0,2.7777777777777777,8.333333333333332,5.0,5.0,60.0,1.0,1.5,240.0,480.0,18.0
2004-2005,2923550,PARK HILL,PARK HILL,MO,Platte County,15.0,15.0,9498.0,,9498.0,,7.0,35.0,237.0,347.0,,626.0,626.0,68.0,5.0,23.0,,,15.0,25.0,,9.0,100.0,298.0,1154.0,Urban_Institute_CCD_Historical_API,Regular Public District,Major Suburban Unified,True,False,False,False,True,KS_CORSUP_Unreported,34.0,14.0,39.0,5.0,3.5797009896820384,0.5264266161297115,1.4739945251631923,4.10612760581175,2.421562434196673,,65.90861233943988,5.431309904153355,0.7987220447284344,2.2364217252396164,6.230031948881789,2.946273830155979,3.3795493934142113,54.24610051993067,1.6666666666666667,2.6,379.92,1055.3333333333333,25.04
2004-2005,2925230,PLATTE CO. R-III,PLATTE CO. R-III,MO,Platte County,7.0,7.0,2583.0,,2583.0,,2.0,11.0,77.0,90.0,,182.0,182.0,36.0,0.0,7.0,,,3.0,7.0,,6.0,25.0,54.0,317.0,Urban_Institute_CCD_Historical_API,Regular Public District,Independent Town / Exurban,True,False,False,False,True,KS_CORSUP_Unreported,13.0,6.0,13.0,0.0,5.032907471931862,0.0,2.3228803716608595,5.032907471931862,2.710027100271003,,70.46070460704607,7.142857142857142,0.0,3.296703296703297,7.142857142857142,4.100946372239748,4.100946372239748,57.413249211356465,1.0,1.8571428571428572,369.0,430.5,26.0
2004-2005,2925330,PLEASANT HILL R-III,PLEASANT HILL R-III,MO,Cass County,4.0,4.0,2181.0,,2181.0,,2.0,8.0,49.0,63.0,,123.0,123.0,19.0,0.0,6.0,,,5.0,6.0,,3.0,15.0,19.0,191.0,Urban_Institute_CCD_Historical_API,Regular Public District,Independent Town / Exurban,True,False,False,False,True,KS_CORSUP_Unreported,9.0,3.0,9.0,0.0,4.126547455295736,0.0,1.375515818431912,4.126547455295736,2.751031636863824,,56.396148555708386,7.317073170731707,0.0,2.4390243902439024,7.317073170731707,4.712041884816754,4.712041884816754,64.3979057591623,1.5,2.25,363.5,727.0,20.5
2004-2005,2923730,RAYMORE-PECULIAR R-II,RAYMORE-PECULIAR R-II,MO,Cass County,8.0,8.0,5169.0,,5169.0,,1.0,20.0,159.0,132.0,,313.0,313.0,25.0,9.0,11.0,,,8.0,13.0,,8.0,35.0,109.0,523.0,Urban_Institute_CCD_Historical_API,Regular Public District,Major Suburban Unified,True,False,False,False,True,KS_CORSUP_Unreported,21.0,17.0,30.0,9.0,4.062681369704005,1.7411491584445735,3.2888372992841943,5.803830528148578,2.128071193654479,,60.55329851035016,6.7092651757188495,2.8753993610223643,5.431309904153355,9.584664536741213,4.015296367112811,5.736137667304015,59.847036328871894,1.625,3.75,397.61538461538464,646.125,24.076923076923077
2004-2005,2926070,RAYTOWN C-2,RAYTOWN C-2,MO,Jackson County,17.0,17.0,9010.0,,9010.0,,11.0,30.0,217.0,336.0,,594.0,594.0,143.0,23.0,21.0,,,7.0,28.0,,15.0,65.0,376.0,1265.0,Urban_Institute_CCD_Historical_API,Regular Public District,Major Suburban Unified,True,False,False,False,True,KS_CORSUP_Unreported,43.0,38.0,66.0,23.0,4.772475027746948,2.5527192008879025,4.217536071032186,7.3251942286348495,2.330743618201998,,65.92674805771365,7.23905723905724,3.872053872053872,6.397306397306397,11.11111111111111,3.399209486166008,5.217391304347826,46.95652173913044,1.6470588235294117,3.8823529411764706,321.7857142857143,600.6666666666666,21.214285714285715
2004-2005,2926480,RICHMOND R-XVI,RICHMOND R-XVI,MO,Ray County,4.0,4.0,1726.0,,1726.0,,2.0,7.0,48.0,59.0,,117.0,117.0,16.0,0.0,4.0,,,4.0,5.0,,3.0,14.0,24.0,183.0,Urban_Institute_CCD_Historical_API,Regular Public District,Rural / Peripheral,True,False,False,False,True,KS_CORSUP_Unreported,8.0,3.0,8.0,0.0,4.634994206257242,0.0,1.7381228273464657,4.634994206257242,2.317497103128621,,67.78679026651217,6.837606837606838,0.0,2.564102564102564,6.837606837606838,4.371584699453552,4.371584699453552,63.934426229508205,1.25,2.0,345.2,575.3333333333334,23.4
2004-2005,2910320,SHERWOOD CASS R-VIII,SHERWOOD CASS R-VIII,MO,Cass County,3.0,3.0,913.0,,913.0,,0.0,5.0,26.0,34.0,,67.0,67.0,10.0,0.0,3.0,,,1.0,3.0,,1.0,7.0,32.0,123.0,Urban_Institute_CCD_Historical_API,Regular Public District,Rural / Peripheral,True,False,False,False,True,KS_CORSUP_Unreported,4.0,1.0,4.0,0.0,4.381161007667032,0.0,1.095290251916758,4.381161007667032,3.2858707557502735,,73.38444687842278,5.970149253731343,0.0,1.4925373134328357,5.970149253731343,3.2520325203252036,3.2520325203252036,54.47154471544715,1.0,1.3333333333333333,304.3333333333333,913.0,22.333333333333332
2004-2005,2928410,SMITHVILLE R-II,SMITHVILLE R-II,MO,Clay County,4.0,4.0,1955.0,,1955.0,,2.0,6.0,45.0,65.0,,120.0,120.0,23.0,2.0,5.0,,,5.0,6.0,,1.0,16.0,16.0,189.0,Urban_Institute_CCD_Historical_API,Regular Public District,Independent Town / Exurban,True,False,False,False,True,KS_CORSUP_Unreported,7.0,3.0,9.0,2.0,3.5805626598465476,1.023017902813299,1.5345268542199488,4.603580562659846,2.557544757033248,,61.38107416879796,5.833333333333333,1.6666666666666667,2.5,7.5,3.7037037037037033,4.761904761904762,63.49206349206349,1.5,2.25,325.8333333333333,1955.0,20.0
2004-2005,2900022,STATE SCHOOLS FOR SEV HANDIC,STATE SCHOOLS FOR SEV HANDIC,MO,Unknown,36.0,36.0,982.0,,982.0,,0.0,3.0,221.0,0.0,,224.0,224.0,328.0,9.0,0.0,,,0.0,23.0,,2.0,95.0,61.0,742.0,Urban_Institute_CCD_Historical_API,Charter LEA,Charter LEA,False,False,False,False,True,KS_CORSUP_Unreported,25.0,11.0,34.0,9.0,25.458248472505094,9.164969450101832,11.20162932790224,34.623217922606926,0.0,,228.10590631364565,11.160714285714286,4.017857142857143,4.910714285714286,15.178571428571427,3.3692722371967654,4.5822102425876015,30.18867924528302,0.6388888888888888,0.9444444444444444,42.69565217391305,491.0,9.73913043478261
2004-2005,2929670,STRASBURG C-3,STRASBURG C-3,MO,Cass County,1.0,1.0,107.0,,107.0,,0.0,2.0,10.0,,,12.0,12.0,0.0,0.0,0.0,,,0.0,0.0,,0.0,2.0,5.0,19.0,Urban_Institute_CCD_Historical_API,Regular Public District,Rural / Peripheral,True,False,False,False,True,KS_CORSUP_Unreported,0.0,0.0,0.0,0.0,0.0,0.0,0.0,0.0,0.0,,112.14953271028037,0.0,0.0,0.0,0.0,0.0,0.0,63.1578947368421,0.0,0.0,,,
2004-2005,2931110,WASHINGTON,WASHINGTON,MO,Unknown,12.0,12.0,4182.0,,4182.0,,9.0,14.0,127.0,130.0,,281.0,281.0,55.0,4.0,10.0,,,4.0,11.0,,6.0,40.0,96.0,503.0,Urban_Institute_CCD_Historical_API,Regular Public District,Rural / Peripheral,False,False,False,False,True,KS_CORSUP_Unreported,17.0,10.0,21.0,4.0,4.065040650406504,0.9564801530368245,2.391200382592061,5.0215208034433285,2.391200382592061,,67.19273075083693,6.049822064056939,1.4234875444839856,3.558718861209965,7.473309608540925,3.3797216699801194,4.174950298210735,55.864811133200796,0.9166666666666666,1.75,380.1818181818182,697.0,25.545454545454547
2004-2005,2931710,WEST PLATTE CO. R-II,WEST PLATTE CO. R-II,MO,Platte County,2.0,2.0,656.0,,656.0,,1.0,3.0,27.0,25.0,,56.0,56.0,2.0,1.0,2.0,,,2.0,2.0,,1.0,5.0,12.0,81.0,Urban_Institute_CCD_Historical_API,Regular Public District,Independent Town / Exurban,True,False,False,False,True,KS_CORSUP_Unreported,3.0,2.0,4.0,1.0,4.573170731707317,1.524390243902439,3.048780487804878,6.097560975609756,3.048780487804878,,85.3658536585366,5.357142857142857,1.7857142857142856,3.571428571428571,7.142857142857142,3.7037037037037033,4.938271604938271,69.1358024691358,1.0,2.0,328.0,656.0,28.0
2005-2006,2003780,BASEHOR-LINWOOD,BASEHOR-LINWOOD,KS,Leavenworth County,5.0,5.0,2119.0,,2119.0,,0.0,3.0,47.0,49.0,0.0,100.0,100.0,2.0,0.0,6.0,,,3.0,7.0,7.0,10.0,2.0,40.0,174.0,Urban_Institute_CCD_Historical_API,Regular Public District,Independent Town / Exurban,True,False,False,False,True,KS_CORSUP_Unreported,17.0,10.0,17.0,0.0,8.022652194431336,0.0,4.719207173194904,8.022652194431336,2.831524303916942,,47.19207173194903,17.0,0.0,10.0,17.0,9.770114942528735,9.770114942528735,57.47126436781609,1.4,3.4,302.7142857142857,211.9,14.285714285714286
2005-2006,2012000,BLUE VALLEY,BLUE VALLEY,KS,Johnson County,30.0,30.0,20050.0,,20050.0,,17.0,51.0,453.0,587.0,195.0,1305.0,1305.0,242.0,12.0,53.0,,,35.0,49.0,71.0,48.0,29.0,383.0,2192.0,Urban_Institute_CCD_Historical_API,Regular Public District,Major Suburban Unified,True,False,False,False,True,KS_CORSUP_Unreported,97.0,60.0,109.0,12.0,4.83790523690773,0.598503740648379,2.9925187032418954,5.43640897755611,2.6433915211970076,,65.08728179551122,7.432950191570881,0.9195402298850575,4.597701149425287,8.352490421455938,4.425182481751825,4.9726277372262775,59.534671532846716,1.6333333333333333,3.6333333333333333,409.18367346938777,417.7083333333333,26.632653061224488
2005-2006,2004050,BONNER SPRINGS,BONNER SPRINGS,KS,Wyandotte County,4.0,4.0,2301.0,,2301.0,,5.0,4.0,51.0,77.0,0.0,137.0,137.0,14.0,0.0,5.0,,,4.0,5.0,8.0,11.0,2.0,99.0,281.0,Urban_Institute_CCD_Historical_API,Regular Public District,Independent Town / Exurban,True,False,False,False,True,KS_CORSUP_Unreported,16.0,11.0,16.0,0.0,6.953498478922208,0.0,4.780530204259017,6.953498478922208,2.1729682746631895,,59.5393307257714,11.678832116788321,0.0,8.02919708029197,11.678832116788321,5.6939501779359425,5.6939501779359425,48.754448398576514,1.25,4.0,460.2,209.1818181818182,27.4
2005-2006,2005490,DE SOTO,DE SOTO,KS,Johnson County,9.0,9.0,5285.0,,5285.0,,1.0,12.0,141.0,159.0,46.0,361.0,361.0,46.0,1.0,11.0,,,9.0,15.0,18.0,12.0,7.0,104.0,575.0,Urban_Institute_CCD_Historical_API,Regular Public District,Independent Town / Exurban,True,False,False,False,True,KS_CORSUP_Unreported,27.0,13.0,28.0,1.0,5.10879848628193,0.1892147587511826,2.4597918637653735,5.298013245033113,2.0813623462630084,,68.30652790917692,7.479224376731302,0.2770083102493075,3.6011080332409975,7.756232686980609,4.695652173913043,4.869565217391305,62.78260869565217,1.6666666666666667,3.111111111111111,352.3333333333333,440.4166666666667,24.066666666666666
2005-2006,2005640,EASTON,EASTON,KS,Leavenworth County,4.0,4.0,707.0,,707.0,,0.0,1.0,18.0,28.0,0.0,48.0,48.0,0.0,0.0,2.0,,,1.0,4.0,3.0,4.0,0.0,11.0,72.0,Urban_Institute_CCD_Historical_API,Regular Public District,Rural / Peripheral,True,False,False,False,True,KS_CORSUP_Unreported,8.0,4.0,8.0,0.0,11.315417256011315,0.0,5.657708628005658,11.315417256011315,2.828854314002829,,67.89250353606789,16.666666666666664,0.0,8.333333333333332,16.666666666666664,11.11111111111111,11.11111111111111,66.66666666666666,1.0,2.0,176.75,176.75,12.0
2005-2006,2006330,FT LEAVENWORTH,FT LEAVENWORTH,KS,Leavenworth County,4.0,4.0,1644.0,,1644.0,,0.0,10.0,71.0,23.0,0.0,104.0,104.0,6.0,0.0,4.0,,,4.0,5.0,3.0,4.0,2.0,36.0,164.0,Urban_Institute_CCD_Historical_API,Regular Public District,Independent Town / Exurban,True,False,False,False,True,KS_CORSUP_Unreported,9.0,4.0,9.0,0.0,5.474452554744526,0.0,2.4330900243309004,5.474452554744526,2.4330900243309004,,63.26034063260341,8.653846153846153,0.0,3.8461538461538463,8.653846153846153,5.487804878048781,5.487804878048781,63.41463414634146,1.25,2.25,328.8,411.0,20.8
2005-2006,2006420,GARDNER EDGERTON,GARDNER EDGERTON,KS,Johnson County,8.0,8.0,3865.0,,3865.0,,5.0,12.0,119.0,89.0,30.0,257.0,257.0,101.0,0.0,11.0,,,8.0,13.0,19.0,9.0,12.0,118.0,540.0,Urban_Institute_CCD_Historical_API,Regular Public District,Independent Town / Exurban,True,False,False,False,True,KS_CORSUP_Unreported,22.0,9.0,22.0,0.0,5.692108667529107,0.0,2.3285899094437257,5.692108667529107,2.8460543337645534,,66.49417852522639,8.560311284046692,0.0,3.501945525291829,8.560311284046692,4.074074074074074,4.074074074074074,47.592592592592595,1.625,2.75,297.3076923076923,429.44444444444446,19.76923076923077
2005-2006,2007950,KANSAS CITY,KANSAS CITY,KS,Wyandotte County,45.0,45.0,20022.0,,20022.0,,31.0,54.0,556.0,607.0,221.0,1470.0,1470.0,228.0,7.0,27.0,,,31.0,79.0,96.0,34.0,69.0,574.0,2584.0,Urban_Institute_CCD_Historical_API,Regular Public District,Urban Core Unified,True,False,False,False,True,KS_CORSUP_Unreported,113.0,41.0,120.0,7.0,5.643791828988113,0.34961542303466187,2.0477474777744478,5.9934072520227755,1.3485166317051243,,73.419238837279,7.687074829931973,0.4761904761904762,2.7891156462585034,8.16326530612245,4.373065015479876,4.643962848297214,56.88854489164087,1.7555555555555555,2.6666666666666665,253.44303797468353,588.8823529411765,18.60759493670886
2005-2006,2000025,KS STATE PENITENTIARY (LANSING),KS STATE PENITENTIARY (LANSING),KS,Leavenworth County,0.0,0.0,,,,,0.0,0.0,0.0,0.0,0.0,0.0,0.0,0.0,0.0,0.0,,,0.0,0.0,0.0,0.0,0.0,0.0,,Urban_Institute_CCD_Historical_API,Specialized State Agency,Specialized State Agency,False,False,False,False,True,KS_CORSUP_Unreported,0.0,0.0,0.0,0.0,,,,,,,,,,,,,,,,,,,
2005-2006,2008340,LANSING,LANSING,KS,Leavenworth County,4.0,4.0,2225.0,,2225.0,,0.0,3.0,47.0,68.0,0.0,119.0,119.0,2.0,0.0,4.0,,,4.0,6.0,10.0,5.0,4.0,43.0,193.0,Urban_Institute_CCD_Historical_API,Regular Public District,Independent Town / Exurban,True,False,False,False,True,KS_CORSUP_Unreported,11.0,5.0,11.0,0.0,4.943820224719101,0.0,2.247191011235955,4.943820224719101,1.7977528089887642,,53.48314606741573,9.243697478991598,0.0,4.201680672268908,9.243697478991598,5.699481865284974,5.699481865284974,61.6580310880829,1.5,2.75,370.8333333333333,445.0,19.833333333333332
2005-2006,2008430,LEAVENWORTH,LEAVENWORTH,KS,Leavenworth County,9.0,9.0,4147.0,,4147.0,,8.0,16.0,87.0,136.0,142.0,390.0,390.0,211.0,0.0,12.0,,,7.0,16.0,21.0,14.0,4.0,121.0,789.0,Urban_Institute_CCD_Historical_API,Regular Public District,Independent Town / Exurban,True,False,False,False,True,KS_CORSUP_Unreported,30.0,14.0,30.0,0.0,7.234145165179648,0.0,3.375934410417169,7.234145165179648,2.8936580660718594,,94.04388714733543,7.6923076923076925,0.0,3.5897435897435894,7.6923076923076925,3.802281368821293,3.802281368821293,49.42965779467681,1.7777777777777777,3.3333333333333335,259.1875,296.2142857142857,24.375
2005-2006,2008970,LOUISBURG,LOUISBURG,KS,Miami County,4.0,4.0,1540.0,,1540.0,,0.0,6.0,30.0,63.0,0.0,99.0,99.0,7.0,0.0,1.0,,,2.0,4.0,7.0,3.0,3.0,38.0,162.0,Urban_Institute_CCD_Historical_API,Regular Public District,Independent Town / Exurban,True,False,False,False,True,KS_CORSUP_Unreported,7.0,3.0,7.0,0.0,4.545454545454545,0.0,1.948051948051948,4.545454545454545,0.6493506493506493,,64.28571428571428,7.07070707070707,0.0,3.0303030303030303,7.07070707070707,4.320987654320987,4.320987654320987,61.111111111111114,1.0,1.75,385.0,513.3333333333334,24.75
2005-2006,2010140,OLATHE,OLATHE,KS,Johnson County,43.0,43.0,24650.0,,24650.0,,1.0,79.0,724.0,735.0,236.0,1776.0,1776.0,409.0,8.0,61.0,,,45.0,74.0,61.0,45.0,23.0,493.0,2950.0,Urban_Institute_CCD_Historical_API,Regular Public District,Major Suburban Unified,True,False,False,False,True,KS_CORSUP_Unreported,119.0,53.0,127.0,8.0,4.827586206896552,0.32454361054766734,2.150101419878296,5.152129817444219,2.4746450304259637,,72.04868154158214,6.70045045045045,0.45045045045045046,2.9842342342342345,7.1509009009009015,4.033898305084746,4.305084745762712,60.20338983050847,1.7209302325581395,2.953488372093023,333.1081081081081,547.7777777777778,24.0
2005-2006,2010260,OSAWATOMIE,OSAWATOMIE,KS,Miami County,4.0,4.0,1246.0,,1246.0,,0.0,6.0,31.0,47.0,0.0,85.0,85.0,8.0,0.0,4.0,,,4.0,7.0,5.0,4.0,1.0,48.0,162.0,Urban_Institute_CCD_Historical_API,Regular Public District,Independent Town / Exurban,True,False,False,False,True,KS_CORSUP_Unreported,11.0,4.0,11.0,0.0,8.828250401284109,0.0,3.2102728731942216,8.828250401284109,3.2102728731942216,,68.21829855537722,12.941176470588237,0.0,4.705882352941177,12.941176470588237,6.790123456790123,6.790123456790123,52.46913580246913,1.75,2.75,178.0,311.5,12.142857142857142
2005-2006,2010500,PAOLA,PAOLA,KS,Miami County,5.0,5.0,2106.0,,2106.0,,7.0,5.0,49.0,76.0,53.0,192.0,192.0,215.0,0.0,4.0,,,4.0,8.0,12.0,7.0,2.0,96.0,536.0,Urban_Institute_CCD_Historical_API,Regular Public District,Independent Town / Exurban,True,False,False,False,True,KS_CORSUP_Unreported,15.0,7.0,15.0,0.0,7.122507122507122,0.0,3.3238366571699904,7.122507122507122,1.8993352326685662,,91.16809116809117,7.8125,0.0,3.6458333333333335,7.8125,2.798507462686567,2.798507462686567,35.82089552238806,1.6,3.0,263.25,300.85714285714283,24.0
2005-2006,2010680,PIPER-KANSAS CITY,PIPER-KANSAS CITY,KS,Wyandotte County,4.0,4.0,1456.0,,1456.0,,0.0,4.0,32.0,51.0,0.0,88.0,88.0,4.0,0.0,4.0,,,2.0,5.0,6.0,4.0,2.0,27.0,140.0,Urban_Institute_CCD_Historical_API,Regular Public District,Independent Town / Exurban,True,False,False,False,True,KS_CORSUP_Unreported,9.0,4.0,9.0,0.0,6.181318681318681,0.0,2.7472527472527473,6.181318681318681,2.7472527472527473,,60.43956043956044,10.227272727272728,0.0,4.545454545454546,10.227272727272728,6.428571428571428,6.428571428571428,62.857142857142854,1.25,2.25,291.2,364.0,17.6
2005-2006,2008250,PRAIRIE VIEW,PRAIRIE VIEW,KS,Unknown,5.0,5.0,1053.0,,1053.0,,0.0,2.0,24.0,36.0,0.0,63.0,63.0,14.0,0.0,2.0,,,3.0,6.0,7.0,3.0,1.0,28.0,124.0,Urban_Institute_CCD_Historical_API,Regular Public District,Rural / Peripheral,False,False,False,False,True,KS_CORSUP_Unreported,9.0,3.0,9.0,0.0,8.547008547008549,0.0,2.849002849002849,8.547008547008549,1.8993352326685662,,59.82905982905983,14.285714285714285,0.0,4.761904761904762,14.285714285714285,7.258064516129033,7.258064516129033,50.806451612903224,1.2,1.8,175.5,351.0,10.5
2005-2006,2000018,SCHOOL FOR BLIND,SCHOOL FOR BLIND,KS,Wyandotte County,2.0,2.0,53.0,,53.0,,0.0,0.0,0.0,0.0,17.0,17.0,17.0,0.0,0.0,0.0,,,0.0,0.0,0.0,0.0,0.0,0.0,17.0,Urban_Institute_CCD_Historical_API,Specialized State Agency,Specialized State Agency,False,False,False,False,True,KS_CORSUP_Unreported,0.0,0.0,0.0,0.0,0.0,0.0,0.0,0.0,0.0,,320.75471698113205,0.0,0.0,0.0,0.0,0.0,0.0,100.0,0.0,0.0,,,
2005-2006,2000019,SCHOOL FOR DEAF,SCHOOL FOR DEAF,KS,Johnson County,2.0,2.0,141.0,,141.0,,0.0,0.0,0.0,0.0,29.0,29.0,29.0,0.0,0.0,0.0,,,0.0,0.0,0.0,0.0,0.0,0.0,29.0,Urban_Institute_CCD_Historical_API,Specialized State Agency,Specialized State Agency,False,False,False,False,True,KS_CORSUP_Unreported,0.0,0.0,0.0,0.0,0.0,0.0,0.0,0.0,0.0,,205.67375886524823,0.0,0.0,0.0,0.0,0.0,0.0,100.0,0.0,0.0,,,
2005-2006,2011640,SHAWNEE MISSION PUB SCH,SHAWNEE MISSION PUB SCH,KS,Johnson County,49.0,49.0,28523.0,,28523.0,,0.0,62.0,759.0,757.0,238.0,1816.0,1816.0,443.0,7.0,47.0,,,51.0,74.0,80.0,19.0,35.0,626.0,3147.0,Urban_Institute_CCD_Historical_API,Regular Public District,Major Suburban Unified,True,False,False,False,True,KS_CORSUP_Unreported,93.0,26.0,100.0,7.0,3.2605265925744136,0.24541598008624618,0.9115450688917716,3.50594257266066,1.64779300915051,,63.66791711951758,5.121145374449339,0.3854625550660793,1.4317180616740088,5.506607929515418,2.9551954242135365,3.1776294884016525,57.705751509374004,1.510204081632653,2.0408163265306123,385.44594594594594,1501.2105263157894,24.54054054054054
2005-2006,2011850,SPRING HILL,SPRING HILL,KS,Johnson County,4.0,4.0,1723.0,,1723.0,,1.0,3.0,36.0,58.0,16.0,115.0,115.0,23.0,0.0,4.0,,,3.0,7.0,4.0,6.0,3.0,33.0,195.0,Urban_Institute_CCD_Historical_API,Regular Public District,Independent Town / Exurban,True,False,False,False,True,KS_CORSUP_Unreported,13.0,6.0,13.0,0.0,7.544979686593152,0.0,3.482298316889147,7.544979686593152,2.321532211259431,,66.74405107370865,11.304347826086957,0.0,5.217391304347826,11.304347826086957,6.666666666666667,6.666666666666667,58.97435897435898,1.75,3.25,246.14285714285714,287.1666666666667,16.428571428571427
2005-2006,2012210,TONGANOXIE,TONGANOXIE,KS,Leavenworth County,3.0,3.0,1718.0,,1718.0,,0.0,3.0,42.0,51.0,0.0,97.0,97.0,7.0,0.0,4.0,,,2.0,6.0,7.0,3.0,0.0,47.0,171.0,Urban_Institute_CCD_Historical_API,Regular Public District,Independent Town / Exurban,True,False,False,False,True,KS_CORSUP_Unreported,9.0,3.0,9.0,0.0,5.238649592549476,0.0,1.7462165308498254,5.238649592549476,2.328288707799767,,56.461001164144356,9.278350515463918,0.0,3.0927835051546393,9.278350515463918,5.263157894736842,5.263157894736842,56.72514619883041,2.0,3.0,286.3333333333333,572.6666666666666,16.166666666666668
2005-2006,2012360,TURNER-KANSAS CITY,TURNER-KANSAS CITY,KS,Wyandotte County,7.0,7.0,3959.0,,3959.0,,6.0,7.0,95.0,91.0,42.0,241.0,241.0,61.0,0.0,9.0,,,6.0,13.0,17.0,6.0,9.0,100.0,456.0,Urban_Institute_CCD_Historical_API,Regular Public District,Independent Town / Exurban,True,False,False,False,True,KS_CORSUP_Unreported,19.0,6.0,19.0,0.0,4.799191715079566,0.0,1.5155342258145996,4.799191715079566,2.2733013387218994,,60.87395807021975,7.883817427385892,0.0,2.4896265560165975,7.883817427385892,4.166666666666666,4.166666666666666,52.85087719298246,1.8571428571428572,2.7142857142857144,304.53846153846155,659.8333333333334,18.53846153846154
2005-2006,2903200,ARCHIE R-V,ARCHIE R-V,MO,Cass County,2.0,2.0,610.0,,610.0,,1.0,2.0,14.0,23.0,,41.0,41.0,5.0,0.0,1.0,,,1.0,2.0,,1.0,4.0,11.0,65.0,Urban_Institute_CCD_Historical_API,Regular Public District,Rural / Peripheral,True,False,False,False,True,KS_CORSUP_Unreported,3.0,1.0,3.0,0.0,4.918032786885246,0.0,1.639344262295082,4.918032786885246,1.639344262295082,,67.21311475409836,7.317073170731707,0.0,2.4390243902439024,7.317073170731707,4.615384615384616,4.615384615384616,63.07692307692307,1.0,1.5,305.0,610.0,20.5
2005-2006,2904620,BELTON 124,BELTON 124,MO,Cass County,10.0,10.0,4746.0,,4746.0,,11.0,18.0,139.0,143.0,,311.0,311.0,50.0,6.0,12.0,,,8.0,14.0,,6.0,48.0,40.0,487.0,Urban_Institute_CCD_Historical_API,Regular Public District,Independent Town / Exurban,True,False,False,False,True,KS_CORSUP_Unreported,20.0,12.0,26.0,6.0,4.214075010535187,1.2642225031605563,2.5284450063211126,5.478297513695744,2.5284450063211126,,65.52886641382216,6.430868167202572,1.929260450160772,3.858520900321544,8.360128617363344,4.1067761806981515,5.338809034907597,63.860369609856264,1.4,2.6,339.0,791.0,22.214285714285715
2005-2006,2905310,BLUE SPRINGS R-IV,BLUE SPRINGS R-IV,MO,Jackson County,22.0,22.0,13514.0,,13514.0,,13.0,53.0,342.0,465.0,,874.0,874.0,251.0,2.0,35.0,,,13.0,35.0,,10.0,95.0,321.0,1623.0,Urban_Institute_CCD_Historical_API,Regular Public District,Major Suburban Unified,True,False,False,False,True,KS_CORSUP_Unreported,45.0,12.0,47.0,2.0,3.3298801243155247,0.1479946721918011,0.8879680331508066,3.4778747965073253,2.5899067633565194,,64.67367174781707,5.148741418764303,0.2288329519450801,1.3729977116704806,5.377574370709382,2.7726432532347505,2.895871842267406,53.85089340727048,1.5909090909090908,2.1363636363636362,386.1142857142857,1351.4,24.97142857142857
2005-2006,2908250,CENTER 58,CENTER 58,MO,Jackson County,8.0,8.0,2542.0,,2542.0,,6.0,11.0,82.0,108.0,,208.0,208.0,34.0,6.0,7.0,,,4.0,10.0,,5.0,34.0,58.0,362.0,Urban_Institute_CCD_Historical_API,Regular Public District,Urban Core Unified,True,False,False,False,True,KS_CORSUP_Unreported,15.0,11.0,21.0,6.0,5.900865460267506,2.3603461841070024,4.327301337529505,8.261211644374507,2.753737214791503,,81.82533438237608,7.211538461538461,2.8846153846153846,5.288461538461538,10.096153846153847,4.143646408839778,5.801104972375691,57.4585635359116,1.25,2.625,254.2,508.4,20.8
2005-2006,2900009,DIVISION OF YOUTH SERVICES,DIVISION OF YOUTH SERVICES,MO,Unknown,42.0,42.0,823.0,,823.0,,0.0,0.0,0.0,115.0,,115.0,115.0,3.0,5.0,1.0,,,0.0,0.0,,0.0,0.0,0.0,124.0,Urban_Institute_CCD_Historical_API,Specialized State Agency,Specialized State Agency,False,False,False,False,True,KS_CORSUP_Unreported,0.0,5.0,5.0,5.0,0.0,6.075334143377886,6.075334143377886,6.075334143377886,1.215066828675577,,139.73268529769138,0.0,4.3478260869565215,4.3478260869565215,4.3478260869565215,0.0,4.032258064516129,92.74193548387096,0.0,0.11904761904761904,,,
2005-2006,2911070,DREXEL R-IV,DREXEL R-IV,MO,Cass County,2.0,2.0,346.0,,346.0,,0.0,2.0,15.0,15.0,,32.0,32.0,4.0,0.0,1.0,,,1.0,2.0,,1.0,3.0,5.0,48.0,Urban_Institute_CCD_Historical_API,Regular Public District,Rural / Peripheral,True,False,False,False,True,KS_CORSUP_Unreported,3.0,1.0,3.0,0.0,8.670520231213873,0.0,2.890173410404624,8.670520231213873,2.890173410404624,,92.48554913294797,9.375,0.0,3.125,9.375,6.25,6.25,66.66666666666666,1.0,1.5,173.0,346.0,16.0
2005-2006,2911160,EAST LYNNE 40,EAST LYNNE 40,MO,Cass County,1.0,1.0,154.0,,154.0,,1.0,1.0,13.0,,,15.0,15.0,3.0,0.0,0.0,,,0.0,0.0,,0.0,3.0,3.0,24.0,Urban_Institute_CCD_Historical_API,Regular Public District,Rural / Peripheral,True,False,False,False,True,KS_CORSUP_Unreported,0.0,0.0,0.0,0.0,0.0,0.0,0.0,0.0,0.0,,97.40259740259741,0.0,0.0,0.0,0.0,0.0,0.0,62.5,0.0,0.0,,,
2005-2006,2911650,EXCELSIOR SPRINGS 40,EXCELSIOR SPRINGS 40,MO,Clay County,7.0,7.0,3228.0,,3228.0,,4.0,14.0,81.0,113.0,,212.0,212.0,40.0,4.0,8.0,,,4.0,10.0,,5.0,23.0,104.0,406.0,Urban_Institute_CCD_Historical_API,Regular Public District,Independent Town / Exurban,True,False,False,False,True,KS_CORSUP_Unreported,15.0,9.0,19.0,4.0,4.646840148698885,1.2391573729863692,2.7881040892193307,5.885997521685254,2.4783147459727384,,65.67534076827756,7.0754716981132075,1.8867924528301887,4.245283018867925,8.962264150943396,3.6945812807881775,4.679802955665025,52.21674876847291,1.4285714285714286,2.7142857142857144,322.8,645.6,21.2
2005-2006,2912290,FORT OSAGE R-I,FORT OSAGE R-I,MO,Jackson County,10.0,10.0,4962.0,,4962.0,,6.0,20.0,159.0,169.0,,355.0,355.0,101.0,7.0,13.0,,,7.0,12.0,,8.0,44.0,164.0,704.0,Urban_Institute_CCD_Historical_API,Regular Public District,Independent Town / Exurban,True,False,False,False,True,KS_CORSUP_Unreported,20.0,15.0,27.0,7.0,4.030632809351068,1.4107214832728738,3.022974607013301,5.441354292623942,2.6199113260781943,,71.54373236598146,5.633802816901409,1.971830985915493,4.225352112676056,7.605633802816901,2.840909090909091,3.835227272727273,50.42613636363637,1.2,2.7,413.5,620.25,29.583333333333332
2005-2006,2913080,GRAIN VALLEY R-V,GRAIN VALLEY R-V,MO,Jackson County,5.0,5.0,2554.0,,2554.0,,3.0,6.0,74.0,86.0,,170.0,170.0,39.0,1.0,7.0,,,6.0,7.0,,3.0,23.0,77.0,327.0,Urban_Institute_CCD_Historical_API,Regular Public District,Independent Town / Exurban,True,False,False,False,True,KS_CORSUP_Unreported,10.0,4.0,11.0,1.0,3.915426781519186,0.39154267815191857,1.5661707126076743,4.306969459671104,2.7407987470634296,,66.56225528582615,5.88235294117647,0.5882352941176471,2.3529411764705883,6.470588235294119,3.058103975535168,3.3639143730886847,51.98776758409785,1.4,2.2,364.85714285714283,851.3333333333334,24.285714285714285
2005-2006,2913140,GRANDVIEW C-4,GRANDVIEW C-4,MO,Jackson County,10.0,10.0,4120.0,,4120.0,,5.0,16.0,153.0,133.0,,307.0,307.0,36.0,16.0,16.0,,,10.0,18.0,,4.0,40.0,148.0,585.0,Urban_Institute_CCD_Historical_API,Regular Public District,Independent Town / Exurban,True,False,False,False,True,KS_CORSUP_Unreported,22.0,20.0,38.0,16.0,5.339805825242719,3.883495145631068,4.854368932038835,9.223300970873787,3.883495145631068,,74.51456310679612,7.166123778501629,5.211726384364821,6.514657980456026,12.37785016286645,3.7606837606837606,6.495726495726497,52.478632478632484,1.8,3.8,228.88888888888889,1030.0,17.055555555555557
2005-2006,2913680,HARDIN-CENTRAL C-2,HARDIN-CENTRAL C-2,MO,Ray County,2.0,2.0,220.0,,220.0,,1.0,2.0,8.0,11.0,,22.0,22.0,2.0,0.0,0.0,,,0.0,1.0,,1.0,2.0,5.0,33.0,Urban_Institute_CCD_Historical_API,Regular Public District,Rural / Peripheral,True,False,False,False,True,KS_CORSUP_Unreported,2.0,1.0,2.0,0.0,9.09090909090909,0.0,4.545454545454545,9.09090909090909,0.0,,100.0,9.090909090909092,0.0,4.545454545454546,9.090909090909092,6.0606060606060606,6.0606060606060606,66.66666666666666,0.5,1.0,220.0,220.0,22.0
2005-2006,2913760,HARRISONVILLE R-IX,HARRISONVILLE R-IX,MO,Cass County,7.0,7.0,2610.0,,2610.0,,4.0,11.0,63.0,103.0,,181.0,181.0,17.0,3.0,7.0,,,4.0,8.0,,5.0,24.0,58.0,303.0,Urban_Institute_CCD_Historical_API,Regular Public District,Independent Town / Exurban,True,False,False,False,True,KS_CORSUP_Unreported,13.0,8.0,16.0,3.0,4.980842911877395,1.1494252873563218,3.0651340996168583,6.130268199233717,2.681992337164751,,69.34865900383141,7.18232044198895,1.6574585635359116,4.41988950276243,8.83977900552486,4.29042904290429,5.2805280528052805,59.73597359735974,1.1428571428571428,2.2857142857142856,326.25,522.0,22.625
2005-2006,2914340,HICKMAN MILLS C-1,HICKMAN MILLS C-1,MO,Jackson County,16.0,16.0,6920.0,,6920.0,,16.0,28.0,233.0,285.0,,563.0,563.0,73.0,13.0,21.0,,,12.0,25.0,,6.0,96.0,189.0,986.0,Urban_Institute_CCD_Historical_API,Regular Public District,Rural / Peripheral,True,False,False,False,True,KS_CORSUP_Unreported,31.0,19.0,44.0,13.0,4.479768786127168,1.8786127167630058,2.745664739884393,6.358381502890174,3.0346820809248554,,81.35838150289017,5.506216696269982,2.3090586145648313,3.374777975133215,7.8152753108348145,3.1440162271805274,4.462474645030426,57.09939148073022,1.5625,2.75,276.8,1153.3333333333333,22.52
2005-2006,2915480,INDEPENDENCE 30,INDEPENDENCE 30,MO,Jackson County,21.0,21.0,11489.0,,11489.0,,12.0,41.0,316.0,373.0,,743.0,743.0,132.0,3.0,28.0,,,17.0,41.0,,14.0,137.0,537.0,1635.0,Urban_Institute_CCD_Historical_API,Regular Public District,Major Suburban Unified,True,False,False,False,True,KS_CORSUP_Unreported,55.0,17.0,58.0,3.0,4.787187744799374,0.2611193315345112,1.479676212028897,5.048307076333884,2.437113760988772,,64.67055444338062,7.402422611036339,0.4037685060565276,2.2880215343203227,7.806191117092867,3.3639143730886847,3.547400611620795,45.4434250764526,1.9523809523809523,2.761904761904762,280.219512195122,820.6428571428571,18.121951219512194
2005-2006,2916400,KANSAS CITY 33,KANSAS CITY 33,MO,Jackson County,89.0,89.0,34730.0,,34730.0,,86.0,160.0,1261.0,1039.0,,2548.0,2548.0,327.0,19.0,103.0,,,61.0,163.0,,37.0,137.0,1022.0,4356.0,Urban_Institute_CCD_Historical_API,Regular Public District,Urban Core Unified,True,False,False,False,True,KS_CORSUP_Unreported,200.0,56.0,219.0,19.0,5.758710048949035,0.5470774546501583,1.61243881370573,6.305787503599194,2.9657356752087534,,73.36596602361071,7.849293563579278,0.7456828885400314,2.197802197802198,8.594976452119308,4.591368227731864,5.027548209366391,58.49403122130394,1.8314606741573034,2.460674157303371,213.06748466257667,938.6486486486486,15.631901840490798
2005-2006,2916450,KEARNEY R-I,KEARNEY R-I,MO,Clay County,7.0,7.0,3417.0,,3417.0,,2.0,13.0,152.0,59.0,,227.0,227.0,21.0,2.0,8.0,,,6.0,11.0,,5.0,25.0,55.0,354.0,Urban_Institute_CCD_Historical_API,Regular Public District,Independent Town / Exurban,True,False,False,False,True,KS_CORSUP_Unreported,16.0,7.0,18.0,2.0,4.682470002926544,0.585308750365818,2.048580626280363,5.267778753292362,2.341235001463272,,66.43254316652033,7.048458149779736,0.881057268722467,3.0837004405286343,7.929515418502203,4.519774011299435,5.084745762711865,64.12429378531074,1.5714285714285714,2.5714285714285716,310.6363636363636,683.4,20.636363636363637
2005-2006,2918220,LAWSON R-XIV,LAWSON R-XIV,MO,Ray County,3.0,3.0,1362.0,,1362.0,,1.0,5.0,29.0,55.0,,91.0,91.0,10.0,0.0,3.0,,,3.0,4.0,,2.0,8.0,12.0,130.0,Urban_Institute_CCD_Historical_API,Regular Public District,Rural / Peripheral,True,False,False,False,True,KS_CORSUP_Unreported,6.0,2.0,6.0,0.0,4.405286343612335,0.0,1.4684287812041115,4.405286343612335,2.2026431718061676,,66.81350954478708,6.593406593406594,0.0,2.197802197802198,6.593406593406594,4.615384615384616,4.615384615384616,70.0,1.3333333333333333,2.0,340.5,681.0,22.75
2005-2006,2918300,LEE'S SUMMIT R-VII,LEE'S SUMMIT R-VII,MO,Jackson County,24.0,24.0,16661.0,,16661.0,,17.0,28.0,508.0,530.0,,1084.0,1084.0,183.0,22.0,38.0,,,25.0,52.0,,15.0,289.0,470.0,2153.0,Urban_Institute_CCD_Historical_API,Regular Public District,Major Suburban Unified,True,False,False,False,True,KS_CORSUP_Unreported,67.0,37.0,89.0,22.0,4.021367264870056,1.320448952643899,2.220755056719285,5.341816217513955,2.2807754636576436,,65.0621211211812,6.180811808118081,2.029520295202952,3.4132841328413286,8.210332103321033,3.1119368323269856,4.133766836971668,50.348351137947056,2.1666666666666665,3.7083333333333335,320.40384615384613,1110.7333333333333,20.846153846153847
2005-2006,2918540,LIBERTY 53,LIBERTY 53,MO,Clay County,16.0,16.0,8685.0,,8685.0,,9.0,32.0,225.0,283.0,,550.0,550.0,75.0,2.0,22.0,,,14.0,28.0,,10.0,59.0,626.0,1372.0,Urban_Institute_CCD_Historical_API,Regular Public District,Major Suburban Unified,True,False,False,False,True,KS_CORSUP_Unreported,38.0,12.0,40.0,2.0,4.375359815774323,0.23028209556706966,1.381692573402418,4.605641911341394,2.533103051237766,,63.32757628094415,6.909090909090909,0.36363636363636365,2.181818181818182,7.2727272727272725,2.7696793002915454,2.9154518950437316,40.08746355685131,1.75,2.5,310.17857142857144,868.5,19.642857142857142
2005-2006,2919230,LONE JACK C-6,LONE JACK C-6,MO,Jackson County,3.0,3.0,573.0,,573.0,,1.0,3.0,17.0,20.0,,41.0,41.0,10.0,0.0,1.0,,,1.0,2.0,,1.0,6.0,11.0,72.0,Urban_Institute_CCD_Historical_API,Regular Public District,Rural / Peripheral,True,False,False,False,True,KS_CORSUP_Unreported,3.0,1.0,3.0,0.0,5.235602094240838,0.0,1.7452006980802792,5.235602094240838,1.7452006980802792,,71.55322862129144,7.317073170731707,0.0,2.4390243902439024,7.317073170731707,4.166666666666666,4.166666666666666,56.94444444444444,0.6666666666666666,1.0,286.5,573.0,20.5
2005-2006,2931800,MIDWAY R-I,MIDWAY R-I,MO,Cass County,2.0,2.0,567.0,,567.0,,0.0,2.0,19.0,20.0,,41.0,41.0,7.0,0.0,2.0,,,2.0,2.0,,2.0,5.0,13.0,72.0,Urban_Institute_CCD_Historical_API,Regular Public District,Rural / Peripheral,True,False,False,False,True,KS_CORSUP_Unreported,4.0,2.0,4.0,0.0,7.054673721340388,0.0,3.527336860670194,7.054673721340388,3.527336860670194,,72.31040564373897,9.75609756097561,0.0,4.878048780487805,9.75609756097561,5.555555555555555,5.555555555555555,56.94444444444444,1.0,2.0,283.5,283.5,20.5
2005-2006,2921060,MISSOURI CITY 56,MISSOURI CITY 56,MO,Clay County,1.0,1.0,0.0,,0.0,,0.0,1.0,4.0,,,5.0,5.0,1.0,0.0,0.0,,,0.0,0.0,,0.0,1.0,2.0,9.0,Urban_Institute_CCD_Historical_API,Regular Public District,Rural / Peripheral,True,False,False,False,True,KS_CORSUP_Unreported,0.0,0.0,0.0,0.0,,,,,,,,0.0,0.0,0.0,0.0,0.0,0.0,55.55555555555556,0.0,0.0,,,
2005-2006,2922800,NORTH KANSAS CITY 74,NORTH KANSAS CITY 74,MO,Clay County,30.0,30.0,17469.0,,17469.0,,19.0,63.0,473.0,646.0,,1201.0,1201.0,192.0,7.0,46.0,,,26.0,50.0,,22.0,191.0,536.0,2245.0,Urban_Institute_CCD_Historical_API,Regular Public District,Major Suburban Unified,True,False,False,False,True,KS_CORSUP_Unreported,72.0,29.0,79.0,7.0,4.121586810922206,0.40070982883965883,1.6600835766214437,4.522296639761864,2.6332360180891867,,68.7503577766329,5.995004163197335,0.5828476269775187,2.4146544546211492,6.577851790174854,3.2071269487750556,3.5189309576837413,53.49665924276169,1.6666666666666667,2.6333333333333333,349.38,794.0454545454545,24.02
2005-2006,2922830,NORTH PLATTE CO. R-I,NORTH PLATTE CO. R-I,MO,Platte County,5.0,5.0,715.0,,715.0,,2.0,3.0,25.0,26.0,,56.0,56.0,8.0,1.0,2.0,,,1.0,2.0,,1.0,6.0,14.0,90.0,Urban_Institute_CCD_Historical_API,Regular Public District,Independent Town / Exurban,True,False,False,False,True,KS_CORSUP_Unreported,3.0,2.0,4.0,1.0,4.195804195804196,1.3986013986013985,2.797202797202797,5.594405594405594,2.797202797202797,,78.32167832167833,5.357142857142857,1.7857142857142856,3.571428571428571,7.142857142857142,3.3333333333333335,4.444444444444445,62.22222222222222,0.4,0.8,357.5,715.0,28.0
2005-2006,2923010,OAK GROVE R-VI,OAK GROVE R-VI,MO,Jackson County,4.0,4.0,2077.0,,2077.0,,4.0,8.0,55.0,66.0,,134.0,134.0,14.0,2.0,5.0,,,4.0,4.0,,4.0,12.0,37.0,212.0,Urban_Institute_CCD_Historical_API,Regular Public District,Rural / Peripheral,True,False,False,False,True,KS_CORSUP_Unreported,8.0,6.0,10.0,2.0,3.851709195955705,0.9629272989889263,2.888781896966779,4.814636494944632,2.407318247472316,,64.51612903225806,5.970149253731343,1.4925373134328357,4.477611940298507,7.462686567164178,3.7735849056603774,4.716981132075472,63.20754716981132,1.0,2.5,519.25,519.25,33.5
2005-2006,2923220,ORRICK R-XI,ORRICK R-XI,MO,Ray County,2.0,2.0,464.0,,464.0,,1.0,2.0,17.0,15.0,,35.0,35.0,11.0,0.0,1.0,,,1.0,2.0,,1.0,3.0,7.0,60.0,Urban_Institute_CCD_Historical_API,Regular Public District,Rural / Peripheral,True,False,False,False,True,KS_CORSUP_Unreported,3.0,1.0,3.0,0.0,6.4655172413793105,0.0,2.155172413793103,6.4655172413793105,2.155172413793103,,75.43103448275862,8.571428571428571,0.0,2.857142857142857,8.571428571428571,5.0,5.0,58.333333333333336,1.0,1.5,232.0,464.0,17.5
2005-2006,2923550,PARK HILL,PARK HILL,MO,Platte County,15.0,15.0,9936.0,,9936.0,,7.0,36.0,247.0,352.0,,643.0,643.0,77.0,4.0,23.0,,,15.0,25.0,,9.0,87.0,311.0,1179.0,Urban_Institute_CCD_Historical_API,Regular Public District,Major Suburban Unified,True,False,False,False,True,KS_CORSUP_Unreported,34.0,13.0,38.0,4.0,3.421900161030596,0.4025764895330113,1.3083735909822867,3.824476650563607,2.314814814814815,,64.71417069243155,5.287713841368585,0.6220839813374806,2.021772939346812,5.909797822706065,2.883799830364716,3.2230703986429172,54.53774385072096,1.6666666666666667,2.533333333333333,397.44,1104.0,25.72
2005-2006,2925230,PLATTE CO. R-III,PLATTE CO. R-III,MO,Platte County,7.0,7.0,2743.0,,2743.0,,2.0,12.0,79.0,99.0,,193.0,193.0,27.0,0.0,6.0,,,4.0,10.0,,4.0,23.0,44.0,307.0,Urban_Institute_CCD_Historical_API,Regular Public District,Independent Town / Exurban,True,False,False,False,True,KS_CORSUP_Unreported,14.0,4.0,14.0,0.0,5.103900838497995,0.0,1.4582573824279985,5.103900838497995,2.187386073641998,,70.36091870215093,7.253886010362693,0.0,2.072538860103627,7.253886010362693,4.5602605863192185,4.5602605863192185,62.866449511400646,1.4285714285714286,2.0,274.3,685.75,19.3
2005-2006,2925330,PLEASANT HILL R-III,PLEASANT HILL R-III,MO,Cass County,4.0,4.0,2166.0,,2166.0,,3.0,8.0,52.0,65.0,,129.0,129.0,22.0,1.0,5.0,,,5.0,5.0,,3.0,15.0,19.0,199.0,Urban_Institute_CCD_Historical_API,Regular Public District,Independent Town / Exurban,True,False,False,False,True,KS_CORSUP_Unreported,8.0,4.0,9.0,1.0,3.693444136657433,0.4616805170821791,1.8467220683287164,4.1551246537396125,2.308402585410896,,59.556786703601105,6.2015503875969,0.7751937984496124,3.10077519379845,6.976744186046512,4.0201005025125625,4.522613065326634,64.82412060301507,1.25,2.25,433.2,722.0,25.8
2005-2006,2923730,RAYMORE-PECULIAR R-II,RAYMORE-PECULIAR R-II,MO,Cass County,9.0,9.0,5368.0,,5368.0,,2.0,20.0,166.0,142.0,,330.0,330.0,29.0,8.0,11.0,,,8.0,15.0,,9.0,39.0,133.0,574.0,Urban_Institute_CCD_Historical_API,Regular Public District,Major Suburban Unified,True,False,False,False,True,KS_CORSUP_Unreported,24.0,17.0,32.0,8.0,4.470938897168406,1.4903129657228018,3.1669150521609537,5.961251862891207,2.0491803278688527,,61.47540983606557,7.2727272727272725,2.4242424242424243,5.151515151515151,9.696969696969697,4.181184668989547,5.574912891986063,57.491289198606275,1.6666666666666667,3.5555555555555554,357.8666666666667,596.4444444444445,22.0
2005-2006,2926070,RAYTOWN C-2,RAYTOWN C-2,MO,Jackson County,17.0,17.0,8886.0,,8886.0,,10.0,31.0,214.0,340.0,,596.0,596.0,175.0,30.0,21.0,,,9.0,27.0,,16.0,65.0,387.0,1317.0,Urban_Institute_CCD_Historical_API,Regular Public District,Major Suburban Unified,True,False,False,False,True,KS_CORSUP_Unreported,43.0,46.0,73.0,30.0,4.839072698627054,3.37609723160027,5.176682421787081,8.215169930227324,2.363268062120189,,67.0717983344587,7.2147651006711415,5.033557046979865,7.718120805369128,12.248322147651008,3.264996203492786,5.54290053151101,45.25436598329537,1.588235294117647,4.294117647058823,329.1111111111111,555.375,22.074074074074073
2005-2006,2926480,RICHMOND R-XVI,RICHMOND R-XVI,MO,Ray County,4.0,4.0,1740.0,,1740.0,,2.0,8.0,45.0,62.0,,117.0,117.0,17.0,0.0,4.0,,,4.0,6.0,,4.0,13.0,21.0,182.0,Urban_Institute_CCD_Historical_API,Regular Public District,Rural / Peripheral,True,False,False,False,True,KS_CORSUP_Unreported,10.0,4.0,10.0,0.0,5.747126436781609,0.0,2.2988505747126435,5.747126436781609,2.2988505747126435,,67.24137931034483,8.547008547008547,0.0,3.418803418803419,8.547008547008547,5.4945054945054945,5.4945054945054945,64.28571428571429,1.5,2.5,290.0,435.0,19.5
2005-2006,2910320,SHERWOOD CASS R-VIII,SHERWOOD CASS R-VIII,MO,Cass County,3.0,3.0,924.0,,924.0,,1.0,5.0,27.0,34.0,,68.0,68.0,11.0,0.0,3.0,,,1.0,3.0,,1.0,6.0,32.0,124.0,Urban_Institute_CCD_Historical_API,Regular Public District,Rural / Peripheral,True,False,False,False,True,KS_CORSUP_Unreported,4.0,1.0,4.0,0.0,4.329004329004329,0.0,1.0822510822510822,4.329004329004329,3.246753246753247,,73.5930735930736,5.88235294117647,0.0,1.4705882352941175,5.88235294117647,3.225806451612903,3.225806451612903,54.83870967741935,1.0,1.3333333333333333,308.0,924.0,22.666666666666668
2005-2006,2928410,SMITHVILLE R-II,SMITHVILLE R-II,MO,Clay County,4.0,4.0,2071.0,,2071.0,,1.0,6.0,47.0,72.0,,127.0,127.0,24.0,2.0,5.0,,,5.0,6.0,,1.0,16.0,15.0,196.0,Urban_Institute_CCD_Historical_API,Regular Public District,Independent Town / Exurban,True,False,False,False,True,KS_CORSUP_Unreported,7.0,3.0,9.0,2.0,3.380009657170449,0.9657170449058425,1.448575567358764,4.345726702076291,2.4142926122646062,,61.32303235152101,5.511811023622047,1.574803149606299,2.3622047244094486,7.086614173228346,3.571428571428571,4.591836734693878,64.79591836734694,1.5,2.25,345.1666666666667,2071.0,21.166666666666668
2005-2006,2900022,STATE SCHOOLS FOR SEV HANDIC,STATE SCHOOLS FOR SEV HANDIC,MO,Unknown,36.0,36.0,1022.0,,1022.0,,0.0,2.0,203.0,0.0,,205.0,205.0,334.0,10.0,0.0,,,0.0,22.0,,2.0,90.0,62.0,725.0,Urban_Institute_CCD_Historical_API,Charter LEA,Charter LEA,False,False,False,False,True,KS_CORSUP_Unreported,24.0,12.0,34.0,10.0,23.483365949119374,9.784735812133071,11.741682974559687,33.268101761252446,0.0,,200.58708414872797,11.707317073170733,4.878048780487805,5.853658536585367,16.585365853658537,3.310344827586207,4.689655172413794,28.27586206896552,0.6111111111111112,0.9444444444444444,46.45454545454545,511.0,9.318181818181818
2005-2006,2929670,STRASBURG C-3,STRASBURG C-3,MO,Cass County,1.0,1.0,94.0,,94.0,,0.0,2.0,10.0,,,12.0,12.0,0.0,0.0,0.0,,,0.0,0.0,,0.0,2.0,4.0,18.0,Urban_Institute_CCD_Historical_API,Regular Public District,Rural / Peripheral,True,False,False,False,True,KS_CORSUP_Unreported,0.0,0.0,0.0,0.0,0.0,0.0,0.0,0.0,0.0,,127.6595744680851,0.0,0.0,0.0,0.0,0.0,0.0,66.66666666666666,0.0,0.0,,,
2005-2006,2931110,WASHINGTON,WASHINGTON,MO,Unknown,12.0,12.0,4187.0,,4187.0,,12.0,14.0,131.0,137.0,,295.0,295.0,60.0,5.0,9.0,,,4.0,12.0,,5.0,31.0,102.0,519.0,Urban_Institute_CCD_Historical_API,Regular Public District,Rural / Peripheral,False,False,False,False,True,KS_CORSUP_Unreported,17.0,10.0,22.0,5.0,4.060186290900406,1.1941724385001193,2.3883448770002387,5.254358729400526,2.149510389300215,,70.45617387150705,5.762711864406779,1.694915254237288,3.389830508474576,7.457627118644068,3.275529865125241,4.238921001926782,56.84007707129094,1.0,1.8333333333333333,348.9166666666667,837.4,24.583333333333332
2005-2006,2931710,WEST PLATTE CO. R-II,WEST PLATTE CO. R-II,MO,Platte County,2.0,2.0,644.0,,644.0,,1.0,3.0,26.0,25.0,,55.0,55.0,4.0,1.0,2.0,,,2.0,2.0,,1.0,8.0,12.0,85.0,Urban_Institute_CCD_Historical_API,Regular Public District,Independent Town / Exurban,True,False,False,False,True,KS_CORSUP_Unreported,3.0,2.0,4.0,1.0,4.658385093167702,1.5527950310559004,3.105590062111801,6.211180124223602,3.105590062111801,,85.40372670807453,5.454545454545454,1.8181818181818181,3.6363636363636362,7.2727272727272725,3.5294117647058822,4.705882352941177,64.70588235294117,1.0,2.0,322.0,644.0,27.5
2006-2007,2003780,BASEHOR-LINWOOD,BASEHOR-LINWOOD,KS,Leavenworth County,5.0,5.0,2191.0,,2191.0,,0.0,4.0,45.0,54.0,1.0,105.0,105.0,1.0,0.0,6.0,,,3.0,8.0,6.0,2.0,1.0,3.0,132.0,Urban_Institute_CCD_Historical_API,Regular Public District,Independent Town / Exurban,True,False,False,False,True,KS_CORSUP_Unreported,10.0,2.0,10.0,0.0,4.564125969876769,0.0,0.9128251939753537,4.564125969876769,2.7384755819260613,,47.92332268370607,9.523809523809524,0.0,1.9047619047619049,9.523809523809524,7.575757575757576,7.575757575757576,79.54545454545455,1.6,2.0,273.875,1095.5,13.125
2006-2007,2012000,BLUE VALLEY,BLUE VALLEY,KS,Johnson County,32.0,32.0,20497.0,,20497.0,,21.0,56.0,550.0,713.0,0.0,1341.0,1341.0,268.0,2.0,55.0,,,36.0,54.0,75.0,7.0,2.0,56.0,1860.0,Urban_Institute_CCD_Historical_API,Regular Public District,Major Suburban Unified,True,False,False,False,True,KS_CORSUP_Unreported,61.0,9.0,63.0,2.0,2.976045274918281,0.09757525491535346,0.43908864711909057,3.073620529833634,2.6833195101722205,,65.42420842074449,4.548844146159582,0.14914243102162564,0.6711409395973155,4.697986577181208,3.2795698924731185,3.387096774193549,72.09677419354838,1.6875,1.96875,379.5740740740741,2928.1428571428573,24.833333333333332
2006-2007,2004050,BONNER SPRINGS,BONNER SPRINGS,KS,Wyandotte County,5.0,5.0,2449.0,,2449.0,,2.0,5.0,50.0,81.0,0.0,138.0,138.0,12.0,0.0,5.0,,,4.0,9.0,8.0,1.0,2.0,1.0,176.0,Urban_Institute_CCD_Historical_API,Regular Public District,Independent Town / Exurban,True,False,False,False,True,KS_CORSUP_Unreported,10.0,1.0,10.0,0.0,4.083299305839118,0.0,0.4083299305839118,4.083299305839118,2.041649652919559,,56.34953042057983,7.246376811594203,0.0,0.7246376811594203,7.246376811594203,5.681818181818182,5.681818181818182,78.4090909090909,1.8,2.0,272.1111111111111,2449.0,15.333333333333334
2006-2007,2005490,DE SOTO,DE SOTO,KS,Johnson County,9.0,9.0,5701.0,,5701.0,,5.0,18.0,172.0,198.0,0.0,393.0,393.0,56.0,4.0,12.0,,,9.0,18.0,16.0,2.0,1.0,15.0,517.0,Urban_Institute_CCD_Historical_API,Regular Public District,Independent Town / Exurban,True,False,False,False,True,KS_CORSUP_Unreported,20.0,6.0,24.0,4.0,3.5081564637782847,0.7016312927556569,1.0524469391334854,4.209787756533942,2.104893878266971,,68.93527451324329,5.089058524173027,1.0178117048346056,1.5267175572519083,6.106870229007633,3.8684719535783367,4.642166344294004,76.01547388781431,2.0,2.6666666666666665,316.72222222222223,2850.5,21.833333333333332
2006-2007,2005640,EASTON,EASTON,KS,Leavenworth County,4.0,4.0,704.0,,704.0,,0.0,3.0,18.0,31.0,0.0,52.0,52.0,0.0,0.0,2.0,,,0.0,4.0,3.0,2.0,,,63.0,Urban_Institute_CCD_Historical_API,Regular Public District,Rural / Peripheral,True,False,False,False,True,KS_CORSUP_Unreported,6.0,2.0,6.0,0.0,8.522727272727272,0.0,2.840909090909091,8.522727272727272,2.840909090909091,,73.86363636363637,11.538461538461538,0.0,3.8461538461538463,11.538461538461538,9.523809523809524,9.523809523809524,82.53968253968253,1.0,1.5,176.0,352.0,13.0
2006-2007,2006330,FT LEAVENWORTH,FT LEAVENWORTH,KS,Leavenworth County,4.0,4.0,1733.0,,1733.0,,0.0,11.0,67.0,28.0,0.0,107.0,107.0,7.0,0.0,4.0,,,4.0,5.0,3.0,2.0,1.0,,129.0,Urban_Institute_CCD_Historical_API,Regular Public District,Independent Town / Exurban,True,False,False,False,True,KS_CORSUP_Unreported,7.0,2.0,7.0,0.0,4.039238315060588,0.0,1.154068090017311,4.039238315060588,2.308136180034622,,61.74264281592614,6.5420560747663545,0.0,1.8691588785046727,6.5420560747663545,5.426356589147287,5.426356589147287,82.94573643410853,1.25,1.75,346.6,866.5,21.4
2006-2007,2006420,GARDNER EDGERTON,GARDNER EDGERTON,KS,Johnson County,10.0,10.0,4058.0,,4058.0,,7.0,15.0,142.0,110.0,1.0,276.0,276.0,92.0,3.0,9.0,,,7.0,13.0,21.0,3.0,1.0,5.0,423.0,Urban_Institute_CCD_Historical_API,Regular Public District,Independent Town / Exurban,True,False,False,False,True,KS_CORSUP_Unreported,16.0,6.0,19.0,3.0,3.942828979793002,0.7392804337111878,1.4785608674223756,4.68210941350419,2.2178413011335634,,68.01379990142928,5.797101449275362,1.0869565217391304,2.1739130434782608,6.884057971014493,3.7825059101654848,4.491725768321513,65.24822695035462,1.3,1.9,312.15384615384613,1352.6666666666667,21.23076923076923
2006-2007,2007950,KANSAS CITY,KANSAS CITY,KS,Wyandotte County,45.0,45.0,19992.0,,19992.0,,38.0,59.0,580.0,690.0,3.0,1371.0,1371.0,216.0,10.0,25.0,,,28.0,77.0,103.0,4.0,6.0,91.0,1903.0,Urban_Institute_CCD_Historical_API,Regular Public District,Urban Core Unified,True,False,False,False,True,KS_CORSUP_Unreported,81.0,14.0,91.0,10.0,4.051620648259304,0.5002000800320128,0.7002801120448179,4.551820728291317,1.250500200080032,,68.57743097238895,5.908096280087528,0.7293946024799417,1.0211524434719184,6.637490882567469,4.256437204414083,4.781923279033105,72.044140830268,1.711111111111111,2.022222222222222,259.6363636363636,4998.0,17.805194805194805
2006-2007,2000025,KS. STATE PENITENTIARY,KS. STATE PENITENTIARY,KS,Leavenworth County,1.0,1.0,,,,,0.0,0.0,0.0,0.0,0.0,0.0,0.0,0.0,0.0,0.0,,,0.0,0.0,0.0,0.0,0.0,0.0,,Urban_Institute_CCD_Historical_API,Specialized State Agency,Specialized State Agency,False,False,False,False,True,KS_CORSUP_Unreported,0.0,0.0,0.0,0.0,,,,,,,,,,,,,,,0.0,0.0,,,
2006-2007,2008340,LANSING,LANSING,KS,Leavenworth County,4.0,4.0,2294.0,,2294.0,,0.0,4.0,48.0,64.0,0.0,117.0,117.0,10.0,0.0,3.0,,,4.0,6.0,7.0,2.0,,1.0,146.0,Urban_Institute_CCD_Historical_API,Regular Public District,Independent Town / Exurban,True,False,False,False,True,KS_CORSUP_Unreported,8.0,2.0,8.0,0.0,3.4873583260680037,0.0,0.8718395815170009,3.4873583260680037,1.3077593722755014,,51.00261551874455,6.837606837606838,0.0,1.7094017094017095,6.837606837606838,5.47945205479452,5.47945205479452,80.13698630136986,1.5,2.0,382.3333333333333,1147.0,19.5
2006-2007,2008430,LEAVENWORTH,LEAVENWORTH,KS,Leavenworth County,10.0,10.0,4166.0,,4166.0,,20.0,16.0,145.0,199.0,2.0,384.0,384.0,238.0,2.0,7.0,,,5.0,16.0,23.0,4.0,,17.0,691.0,Urban_Institute_CCD_Historical_API,Regular Public District,Independent Town / Exurban,True,False,False,False,True,KS_CORSUP_Unreported,20.0,6.0,22.0,2.0,4.800768122899664,0.48007681228996635,1.4402304368698993,5.280844935189631,1.6802688430148824,,92.17474795967355,5.208333333333334,0.5208333333333333,1.5625,5.729166666666666,2.894356005788712,3.183791606367583,55.571635311143275,1.6,2.2,260.375,1041.5,24.0
2006-2007,2008970,LOUISBURG,LOUISBURG,KS,Miami County,4.0,4.0,1676.0,,1676.0,,0.0,6.0,31.0,53.0,0.0,90.0,90.0,7.0,0.0,1.0,,,2.0,4.0,7.0,0.0,0.0,,109.0,Urban_Institute_CCD_Historical_API,Regular Public District,Independent Town / Exurban,True,False,False,False,True,KS_CORSUP_Unreported,4.0,0.0,4.0,0.0,2.3866348448687353,0.0,0.0,2.3866348448687353,0.5966587112171838,,53.69928400954654,4.444444444444445,0.0,0.0,4.444444444444445,3.669724770642202,3.669724770642202,82.56880733944955,1.0,1.0,419.0,,22.5
2006-2007,2010140,OLATHE,OLATHE,KS,Johnson County,46.0,46.0,25492.0,,25492.0,,33.0,87.0,819.0,925.0,59.0,1924.0,1924.0,468.0,3.0,65.0,,,47.0,81.0,71.0,6.0,10.0,89.0,2717.0,Urban_Institute_CCD_Historical_API,Regular Public District,Major Suburban Unified,True,False,False,False,True,KS_CORSUP_Unreported,87.0,9.0,90.0,3.0,3.41283539934097,0.11768397928761964,0.35305193786285893,3.5305193786285893,2.549819551231759,,75.47465871646007,4.521829521829522,0.15592515592515593,0.4677754677754678,4.677754677754678,3.202061096797939,3.312476996687523,70.81339712918661,1.7608695652173914,1.9565217391304348,314.71604938271605,4248.666666666667,23.753086419753085
2006-2007,2010260,OSAWATOMIE,OSAWATOMIE,KS,Miami County,4.0,4.0,1259.0,,1259.0,,0.0,7.0,32.0,44.0,0.0,83.0,83.0,0.0,0.0,3.0,,,3.0,5.0,0.0,1.0,1.0,,93.0,Urban_Institute_CCD_Historical_API,Regular Public District,Independent Town / Exurban,True,False,False,False,True,KS_CORSUP_Unreported,6.0,1.0,6.0,0.0,4.765687053216839,0.0,0.7942811755361397,4.765687053216839,2.3828435266084194,,65.9253375694996,7.228915662650602,0.0,1.2048192771084338,7.228915662650602,6.451612903225806,6.451612903225806,89.24731182795699,1.25,1.5,251.8,1259.0,16.6
2006-2007,2010500,PAOLA,PAOLA,KS,Miami County,5.0,5.0,2061.0,,2061.0,,7.0,6.0,71.0,116.0,0.0,202.0,202.0,229.0,2.0,4.0,,,3.0,9.0,12.0,3.0,,10.0,471.0,Urban_Institute_CCD_Historical_API,Regular Public District,Independent Town / Exurban,True,False,False,False,True,KS_CORSUP_Unreported,12.0,5.0,14.0,2.0,5.822416302765648,0.970402717127608,2.42600679281902,6.792819019893256,1.940805434255216,,98.01067442988841,5.9405940594059405,0.9900990099009901,2.4752475247524752,6.9306930693069315,2.547770700636943,2.9723991507431,42.88747346072187,1.8,2.8,229.0,687.0,22.444444444444443
2006-2007,2010680,PIPER-KANSAS CITY,PIPER-KANSAS CITY,KS,Wyandotte County,4.0,4.0,1525.0,,1525.0,,0.0,4.0,32.0,57.0,0.0,93.0,93.0,7.0,0.0,4.0,,,2.0,5.0,7.0,2.0,,,118.0,Urban_Institute_CCD_Historical_API,Regular Public District,Independent Town / Exurban,True,False,False,False,True,KS_CORSUP_Unreported,7.0,2.0,7.0,0.0,4.590163934426229,0.0,1.3114754098360655,4.590163934426229,2.622950819672131,,60.98360655737705,7.526881720430108,0.0,2.1505376344086025,7.526881720430108,5.932203389830509,5.932203389830509,78.8135593220339,1.25,1.75,305.0,762.5,18.6
2006-2007,2008250,PRAIRIE VIEW,PRAIRIE VIEW,KS,Unknown,5.0,5.0,1059.0,,1059.0,,0.0,2.0,27.0,38.0,0.0,67.0,67.0,13.0,0.0,2.0,,,3.0,6.0,6.0,1.0,,,95.0,Urban_Institute_CCD_Historical_API,Regular Public District,Rural / Peripheral,False,False,False,False,True,KS_CORSUP_Unreported,7.0,1.0,7.0,0.0,6.610009442870632,0.0,0.9442870632672333,6.610009442870632,1.8885741265344667,,63.26723323890462,10.44776119402985,0.0,1.4925373134328357,10.44776119402985,7.368421052631578,7.368421052631578,70.52631578947368,1.2,1.4,176.5,1059.0,11.166666666666666
2006-2007,2000018,SCHOOL FOR BLIND,SCHOOL FOR BLIND,KS,Wyandotte County,2.0,2.0,53.0,,53.0,,0.0,0.0,6.0,8.0,0.0,14.0,14.0,0.0,0.0,0.0,,,0.0,1.0,0.0,1.0,0.0,0.0,16.0,Urban_Institute_CCD_Historical_API,Specialized State Agency,Specialized State Agency,False,False,False,False,True,KS_CORSUP_Unreported,2.0,1.0,2.0,0.0,37.73584905660377,0.0,18.867924528301884,37.73584905660377,0.0,,264.1509433962264,14.285714285714285,0.0,7.142857142857142,14.285714285714285,12.5,12.5,87.5,0.5,1.0,53.0,53.0,14.0
2006-2007,2000019,SCHOOL FOR DEAF,SCHOOL FOR DEAF,KS,Johnson County,2.0,2.0,124.0,,124.0,,3.0,1.0,9.0,20.0,1.0,34.0,34.0,0.0,0.0,1.0,,,1.0,3.0,0.0,1.0,1.0,1.0,41.0,Urban_Institute_CCD_Historical_API,Specialized State Agency,Specialized State Agency,False,False,False,False,True,KS_CORSUP_Unreported,4.0,1.0,4.0,0.0,32.25806451612903,0.0,8.064516129032258,32.25806451612903,8.064516129032258,,274.19354838709677,11.76470588235294,0.0,2.941176470588235,11.76470588235294,9.75609756097561,9.75609756097561,82.92682926829268,1.5,2.0,41.333333333333336,124.0,11.333333333333334
2006-2007,2011640,SHAWNEE MISSION PUB SCH,SHAWNEE MISSION PUB SCH,KS,Johnson County,50.0,50.0,28518.0,,28518.0,,20.0,76.0,847.0,943.0,2.0,1888.0,1888.0,489.0,5.0,48.0,,,50.0,75.0,80.0,5.0,1.0,30.0,2621.0,Urban_Institute_CCD_Historical_API,Regular Public District,Major Suburban Unified,True,False,False,False,True,KS_CORSUP_Unreported,80.0,10.0,85.0,5.0,2.805245809664072,0.1753278631040045,0.350655726208009,2.9805736727680765,1.683147485798443,,66.2038011080721,4.23728813559322,0.26483050847457623,0.5296610169491525,4.502118644067797,3.052270125906143,3.2430370087752762,72.03357497138498,1.5,1.7,380.24,5703.6,25.173333333333332
2006-2007,2011850,SPRING HILL,SPRING HILL,KS,Johnson County,4.0,4.0,1790.0,,1790.0,,3.0,5.0,49.0,64.0,0.0,122.0,122.0,25.0,0.0,5.0,,,4.0,8.0,7.0,3.0,1.0,4.0,175.0,Urban_Institute_CCD_Historical_API,Regular Public District,Independent Town / Exurban,True,False,False,False,True,KS_CORSUP_Unreported,11.0,3.0,11.0,0.0,6.145251396648044,0.0,1.675977653631285,6.145251396648044,2.793296089385475,,68.15642458100558,9.01639344262295,0.0,2.459016393442623,9.01639344262295,6.2857142857142865,6.2857142857142865,69.71428571428572,2.0,2.75,223.75,596.6666666666666,15.25
2006-2007,2012210,TONGANOXIE,TONGANOXIE,KS,Leavenworth County,5.0,5.0,1794.0,,1794.0,,0.0,4.0,43.0,53.0,0.0,100.0,100.0,0.0,0.0,4.0,,,3.0,6.0,8.0,1.0,,,119.0,Urban_Institute_CCD_Historical_API,Regular Public District,Independent Town / Exurban,True,False,False,False,True,KS_CORSUP_Unreported,7.0,1.0,7.0,0.0,3.9018952062430325,0.0,0.5574136008918618,3.9018952062430325,2.229654403567447,,55.74136008918617,7.000000000000001,0.0,1.0,7.000000000000001,5.88235294117647,5.88235294117647,84.03361344537815,1.2,1.4,299.0,1794.0,16.666666666666668
2006-2007,2012360,TURNER-KANSAS CITY,TURNER-KANSAS CITY,KS,Wyandotte County,9.0,9.0,3961.0,,3961.0,,4.0,19.0,103.0,115.0,1.0,242.0,242.0,62.0,0.0,10.0,,,6.0,15.0,18.0,4.0,,11.0,362.0,Urban_Institute_CCD_Historical_API,Regular Public District,Independent Town / Exurban,True,False,False,False,True,KS_CORSUP_Unreported,19.0,4.0,19.0,0.0,4.796768492804847,0.0,1.009845998485231,4.796768492804847,2.5246149962130775,,61.09568290835648,7.851239669421488,0.0,1.6528925619834711,7.851239669421488,5.248618784530387,5.248618784530387,66.85082872928176,1.6666666666666667,2.111111111111111,264.06666666666666,990.25,16.133333333333333
2006-2007,2900017,ACADEMIE LAFAYETTE,ACADEMIE LAFAYETTE,MO,Jackson County,1.0,1.0,407.0,,407.0,,0.0,6.0,25.0,0.0,,31.0,31.0,0.0,0.0,,,,0.0,1.0,,0.0,4.0,0.0,36.0,Urban_Institute_CCD_Historical_API,Charter LEA,Charter LEA,False,False,False,False,True,KS_CORSUP_Unreported,1.0,0.0,1.0,0.0,2.457002457002457,0.0,0.0,2.457002457002457,,,76.16707616707617,3.225806451612903,0.0,0.0,3.225806451612903,2.7777777777777777,2.7777777777777777,86.11111111111111,1.0,1.0,407.0,,31.0
2006-2007,2900025,ALLEN VILLAGE,ALLEN VILLAGE,MO,Jackson County,1.0,1.0,424.0,,424.0,,0.0,1.0,18.0,0.0,,19.0,19.0,7.0,0.0,,,,0.0,1.0,,0.0,3.0,0.0,30.0,Urban_Institute_CCD_Historical_API,Charter LEA,Charter LEA,False,False,False,False,True,KS_CORSUP_Unreported,1.0,0.0,1.0,0.0,2.3584905660377355,0.0,0.0,2.3584905660377355,,,44.81132075471698,5.263157894736842,0.0,0.0,5.263157894736842,3.3333333333333335,3.3333333333333335,63.33333333333333,1.0,1.0,424.0,,19.0
2006-2007,2900029,ALTA VISTA CHARTER SCH,ALTA VISTA CHARTER SCH,MO,Jackson County,1.0,1.0,175.0,,175.0,,0.0,0.0,0.0,11.0,,11.0,11.0,1.0,0.0,1.0,,,0.0,1.0,,0.0,1.0,1.0,16.0,Urban_Institute_CCD_Historical_API,Charter LEA,Charter LEA,False,False,False,False,True,KS_CORSUP_Unreported,1.0,0.0,1.0,0.0,5.714285714285714,0.0,0.0,5.714285714285714,5.714285714285714,,62.85714285714286,9.090909090909092,0.0,0.0,9.090909090909092,6.25,6.25,68.75,1.0,1.0,175.0,,11.0
2006-2007,2903200,ARCHIE R-V,ARCHIE R-V,MO,Cass County,2.0,2.0,623.0,,623.0,,1.0,2.0,15.0,23.0,,42.0,42.0,5.0,1.0,2.0,,,1.0,2.0,,1.0,3.0,2.0,58.0,Urban_Institute_CCD_Historical_API,Regular Public District,Rural / Peripheral,True,False,False,False,True,KS_CORSUP_Unreported,3.0,2.0,4.0,1.0,4.815409309791332,1.6051364365971108,3.2102728731942216,6.420545746388443,3.2102728731942216,,67.41573033707866,7.142857142857142,2.380952380952381,4.761904761904762,9.523809523809524,5.172413793103448,6.896551724137931,72.41379310344827,1.0,2.0,311.5,623.0,21.0
2006-2007,2900011,B. BANNEKER ACADEMY,B. BANNEKER ACADEMY,MO,Jackson County,1.0,1.0,149.0,,149.0,,0.0,0.0,13.0,0.0,,13.0,13.0,4.0,0.0,,,,0.0,2.0,,0.0,4.0,0.0,23.0,Urban_Institute_CCD_Historical_API,Charter LEA,Charter LEA,False,False,False,False,True,KS_CORSUP_Unreported,2.0,0.0,2.0,0.0,13.422818791946309,0.0,0.0,13.422818791946309,,,87.24832214765101,15.384615384615385,0.0,0.0,15.384615384615385,8.695652173913043,8.695652173913043,56.52173913043478,2.0,2.0,74.5,,6.5
2006-2007,2904620,BELTON 124,BELTON 124,MO,Cass County,10.0,10.0,4892.0,,4892.0,,16.0,20.0,140.0,144.0,,320.0,320.0,74.0,6.0,12.0,,,8.0,16.0,,7.0,40.0,15.0,490.0,Urban_Institute_CCD_Historical_API,Regular Public District,Independent Town / Exurban,True,False,False,False,True,KS_CORSUP_Unreported,23.0,13.0,29.0,6.0,4.701553556827474,1.2264922322158627,2.6573998364677025,5.928045789043336,2.4529844644317254,,65.41291905151267,7.187499999999999,1.875,4.0625,9.0625,4.6938775510204085,5.918367346938775,65.3061224489796,1.6,2.9,305.75,698.8571428571429,20.0
2006-2007,2905310,BLUE SPRINGS R-IV,BLUE SPRINGS R-IV,MO,Jackson County,22.0,22.0,13697.0,,13697.0,,14.0,62.0,339.0,478.0,,894.0,894.0,247.0,14.0,36.0,,,13.0,38.0,,11.0,99.0,146.0,1485.0,Urban_Institute_CCD_Historical_API,Regular Public District,Major Suburban Unified,True,False,False,False,True,KS_CORSUP_Unreported,49.0,25.0,63.0,14.0,3.5774257136599252,1.0221216324742644,1.8252172008469008,4.59954734613419,2.628312769219537,,65.26976710228517,5.480984340044743,1.5659955257270695,2.796420581655481,7.046979865771812,3.2996632996632997,4.242424242424243,60.2020202020202,1.7272727272727273,2.8636363636363638,360.44736842105266,1245.1818181818182,23.526315789473685
2006-2007,2900024,BROOKSIDE CHARTER SCH.,BROOKSIDE CHARTER SCH.,MO,Jackson County,1.0,1.0,225.0,,225.0,,0.0,2.0,14.0,0.0,,16.0,16.0,1.0,2.0,,,,0.0,1.0,,0.0,3.0,0.0,23.0,Urban_Institute_CCD_Historical_API,Charter LEA,Charter LEA,False,False,False,False,True,KS_CORSUP_Unreported,1.0,2.0,3.0,2.0,4.444444444444445,8.88888888888889,8.88888888888889,13.333333333333334,,,71.11111111111111,6.25,12.5,12.5,18.75,4.3478260869565215,13.043478260869565,69.56521739130434,1.0,3.0,225.0,,16.0
2006-2007,2908250,CENTER 58,CENTER 58,MO,Jackson County,8.0,8.0,2475.0,,2475.0,,6.0,11.0,84.0,107.0,,209.0,209.0,42.0,6.0,9.0,,,4.0,10.0,,5.0,35.0,29.0,345.0,Urban_Institute_CCD_Historical_API,Regular Public District,Urban Core Unified,True,False,False,False,True,KS_CORSUP_Unreported,15.0,11.0,21.0,6.0,6.0606060606060606,2.4242424242424243,4.444444444444445,8.484848484848486,3.6363636363636362,,84.44444444444444,7.177033492822966,2.8708133971291865,5.263157894736842,10.047846889952153,4.3478260869565215,6.086956521739131,60.57971014492753,1.25,2.625,247.5,495.0,20.9
2006-2007,2900013,DELLA LAMB ELEM.,DELLA LAMB ELEM.,MO,Jackson County,1.0,1.0,455.0,,455.0,,0.0,5.0,33.0,0.0,,38.0,38.0,0.0,1.0,,,,1.0,0.0,,3.0,2.0,0.0,44.0,Urban_Institute_CCD_Historical_API,Charter LEA,Charter LEA,False,False,False,False,True,KS_CORSUP_Unreported,3.0,4.0,4.0,1.0,6.593406593406593,2.197802197802198,8.791208791208792,8.791208791208792,,,83.51648351648352,7.894736842105263,2.631578947368421,10.526315789473683,10.526315789473683,6.8181818181818175,9.090909090909092,86.36363636363636,0.0,4.0,,151.66666666666666,
2006-2007,2900009,DIVISION OF YOUTH SERVICES,DIVISION OF YOUTH SERVICES,MO,Unknown,42.0,42.0,851.0,,851.0,,0.0,0.0,0.0,122.0,,122.0,122.0,3.0,7.0,2.0,,,0.0,0.0,,0.0,0.0,0.0,134.0,Urban_Institute_CCD_Historical_API,Specialized State Agency,Specialized State Agency,False,False,False,False,True,KS_CORSUP_Unreported,0.0,7.0,7.0,7.0,0.0,8.225616921269095,8.225616921269095,8.225616921269095,2.3501762632197414,,143.3607520564042,0.0,5.737704918032787,5.737704918032787,5.737704918032787,0.0,5.223880597014925,91.04477611940298,0.0,0.16666666666666666,,,
2006-2007,2911070,DREXEL R-IV,DREXEL R-IV,MO,Cass County,2.0,2.0,319.0,,319.0,,0.0,2.0,14.0,15.0,,31.0,31.0,3.0,0.0,1.0,,,1.0,2.0,,1.0,3.0,0.0,41.0,Urban_Institute_CCD_Historical_API,Regular Public District,Rural / Peripheral,True,False,False,False,True,KS_CORSUP_Unreported,3.0,1.0,3.0,0.0,9.404388714733543,0.0,3.134796238244514,9.404388714733543,3.134796238244514,,97.17868338557993,9.67741935483871,0.0,3.225806451612903,9.67741935483871,7.317073170731707,7.317073170731707,75.60975609756098,1.0,1.5,159.5,319.0,15.5
2006-2007,2911160,EAST LYNNE 40,EAST LYNNE 40,MO,Cass County,1.0,1.0,162.0,,162.0,,1.0,1.0,13.0,0.0,,15.0,15.0,3.0,0.0,0.0,,,0.0,0.0,,0.0,3.0,0.0,21.0,Urban_Institute_CCD_Historical_API,Regular Public District,Rural / Peripheral,True,False,False,False,True,KS_CORSUP_Unreported,0.0,0.0,0.0,0.0,0.0,0.0,0.0,0.0,0.0,,92.59259259259258,0.0,0.0,0.0,0.0,0.0,0.0,71.42857142857143,0.0,0.0,,,
2006-2007,2911650,EXCELSIOR SPRINGS 40,EXCELSIOR SPRINGS 40,MO,Clay County,7.0,7.0,3086.0,,3086.0,,5.0,12.0,80.0,113.0,,211.0,211.0,35.0,4.0,9.0,,,4.0,10.0,,5.0,23.0,55.0,352.0,Urban_Institute_CCD_Historical_API,Regular Public District,Independent Town / Exurban,True,False,False,False,True,KS_CORSUP_Unreported,15.0,9.0,19.0,4.0,4.860661049902786,1.2961762799740766,2.916396629941672,6.156837329876863,2.916396629941672,,68.37329876863254,7.109004739336493,1.8957345971563981,4.265402843601896,9.004739336492891,4.261363636363636,5.3977272727272725,59.94318181818182,1.4285714285714286,2.7142857142857144,308.6,617.2,21.1
2006-2007,2912290,FORT OSAGE R-I,FORT OSAGE R-I,MO,Jackson County,10.0,10.0,4923.0,,4923.0,,7.0,19.0,161.0,173.0,,361.0,361.0,110.0,6.0,13.0,,,8.0,12.0,,8.0,46.0,69.0,625.0,Urban_Institute_CCD_Historical_API,Regular Public District,Independent Town / Exurban,True,False,False,False,True,KS_CORSUP_Unreported,20.0,14.0,26.0,6.0,4.062563477554337,1.2187690432663012,2.8437944342880357,5.281332520820638,2.640666260410319,,73.32927076985578,5.540166204986149,1.662049861495845,3.8781163434903045,7.202216066481995,3.2,4.16,57.76,1.2,2.6,410.25,615.375,30.083333333333332
2006-2007,2900016,GENESIS SCHOOL INC.,GENESIS SCHOOL INC.,MO,Jackson County,1.0,1.0,159.0,,159.0,,0.0,0.0,0.0,7.0,,7.0,7.0,1.0,1.0,2.0,,,0.0,1.0,,0.0,4.0,1.0,17.0,Urban_Institute_CCD_Historical_API,Charter LEA,Charter LEA,False,False,False,False,True,KS_CORSUP_Unreported,1.0,1.0,2.0,1.0,6.289308176100629,6.289308176100629,6.289308176100629,12.578616352201259,12.578616352201259,,44.0251572327044,14.285714285714285,14.285714285714285,14.285714285714285,28.57142857142857,5.88235294117647,11.76470588235294,41.17647058823529,1.0,2.0,159.0,,7.0
2006-2007,2900015,GORDON PARKS ELEM,GORDON PARKS ELEM,MO,Jackson County,1.0,1.0,213.0,,213.0,,0.0,2.0,17.0,0.0,,19.0,19.0,4.0,0.0,1.0,,,1.0,1.0,,1.0,5.0,0.0,31.0,Urban_Institute_CCD_Historical_API,Charter LEA,Charter LEA,False,False,False,False,True,KS_CORSUP_Unreported,2.0,1.0,2.0,0.0,9.389671361502348,0.0,4.694835680751174,9.389671361502348,4.694835680751174,,89.2018779342723,10.526315789473683,0.0,5.263157894736842,10.526315789473683,6.451612903225806,6.451612903225806,61.29032258064516,1.0,2.0,213.0,213.0,19.0
2006-2007,2913080,GRAIN VALLEY R-V,GRAIN VALLEY R-V,MO,Jackson County,5.0,5.0,2820.0,,2820.0,,4.0,8.0,84.0,90.0,,187.0,187.0,43.0,2.0,7.0,,,6.0,7.0,,4.0,25.0,32.0,307.0,Urban_Institute_CCD_Historical_API,Regular Public District,Independent Town / Exurban,True,False,False,False,True,KS_CORSUP_Unreported,11.0,6.0,13.0,2.0,3.900709219858156,0.7092198581560284,2.127659574468085,4.609929078014184,2.4822695035460995,,66.31205673758865,5.88235294117647,1.06951871657754,3.2085561497326207,6.951871657754011,3.5830618892508146,4.234527687296417,60.91205211726385,1.4,2.6,402.85714285714283,705.0,26.714285714285715
2006-2007,2913140,GRANDVIEW C-4,GRANDVIEW C-4,MO,Jackson County,9.0,9.0,4070.0,,4070.0,,5.0,16.0,158.0,143.0,,323.0,323.0,42.0,21.0,16.0,,,9.0,18.0,,4.0,64.0,78.0,566.0,Urban_Institute_CCD_Historical_API,Regular Public District,Independent Town / Exurban,True,False,False,False,True,KS_CORSUP_Unreported,22.0,25.0,43.0,21.0,5.405405405405405,5.159705159705159,6.142506142506142,10.565110565110565,3.9312039312039313,,79.36117936117937,6.811145510835913,6.5015479876160995,7.739938080495357,13.312693498452013,3.8869257950530036,7.597173144876325,57.06713780918727,2.0,4.777777777777778,226.11111111111111,1017.5,17.944444444444443
2006-2007,2913680,HARDIN-CENTRAL C-2,HARDIN-CENTRAL C-2,MO,Ray County,2.0,2.0,221.0,,221.0,,1.0,2.0,7.0,11.0,,23.0,23.0,2.0,0.0,0.0,,,0.0,1.0,,1.0,2.0,2.0,31.0,Urban_Institute_CCD_Historical_API,Regular Public District,Rural / Peripheral,True,False,False,False,True,KS_CORSUP_Unreported,2.0,1.0,2.0,0.0,9.04977375565611,0.0,4.524886877828055,9.04977375565611,0.0,,104.07239819004525,8.695652173913043,0.0,4.3478260869565215,8.695652173913043,6.451612903225806,6.451612903225806,74.19354838709677,0.5,1.0,221.0,221.0,23.0
2006-2007,2913760,HARRISONVILLE R-IX,HARRISONVILLE R-IX,MO,Cass County,7.0,7.0,2613.0,,2613.0,,3.0,13.0,60.0,109.0,,187.0,187.0,12.0,2.0,10.0,,,4.0,8.0,,6.0,26.0,18.0,269.0,Urban_Institute_CCD_Historical_API,Regular Public District,Independent Town / Exurban,True,False,False,False,True,KS_CORSUP_Unreported,14.0,8.0,16.0,2.0,5.357826253348641,0.7654037504783774,3.0616150019135095,6.123230003827019,3.827018752391887,,71.56525066972829,7.4866310160427805,1.06951871657754,4.27807486631016,8.55614973262032,5.204460966542751,5.947955390334572,69.51672862453532,1.1428571428571428,2.2857142857142856,326.625,435.5,23.375
2006-2007,2914340,HICKMAN MILLS C-1,HICKMAN MILLS C-1,MO,Jackson County,17.0,17.0,6949.0,,6949.0,,15.0,33.0,230.0,299.0,,577.0,577.0,84.0,9.0,21.0,,,12.0,30.0,,6.0,103.0,56.0,886.0,Urban_Institute_CCD_Historical_API,Regular Public District,Rural / Peripheral,True,False,False,False,True,KS_CORSUP_Unreported,36.0,15.0,45.0,9.0,5.180601525399338,1.2951503813498344,2.158583968916391,6.4757519067491724,3.0220175564829472,,83.03353000431717,6.239168110918544,1.559792027729636,2.5996533795493932,7.798960138648179,4.063205417607223,5.07900677200903,65.12415349887132,1.7647058823529411,2.6470588235294117,231.63333333333333,1158.1666666666667,19.233333333333334
2006-2007,2900014,HOGAN PREPARATORY ACADEMY,HOGAN PREPARATORY ACADEMY,MO,Jackson County,1.0,1.0,348.0,,348.0,,0.0,0.0,0.0,34.0,,34.0,34.0,0.0,0.0,,,,1.0,1.0,,0.0,4.0,4.0,43.0,Urban_Institute_CCD_Historical_API,Charter LEA,Charter LEA,False,False,False,False,True,KS_CORSUP_Unreported,1.0,0.0,1.0,0.0,2.8735632183908044,0.0,0.0,2.8735632183908044,,,97.70114942528737,2.941176470588235,0.0,0.0,2.941176470588235,2.3255813953488373,2.3255813953488373,79.06976744186046,1.0,1.0,348.0,,34.0
2006-2007,2915480,INDEPENDENCE 30,INDEPENDENCE 30,MO,Jackson County,21.0,21.0,11268.0,,11268.0,,18.0,39.0,297.0,381.0,,736.0,736.0,158.0,19.0,28.0,,,17.0,38.0,,13.0,104.0,135.0,1231.0,Urban_Institute_CCD_Historical_API,Regular Public District,Major Suburban Unified,True,False,False,False,True,KS_CORSUP_Unreported,51.0,32.0,70.0,19.0,4.526091586794462,1.686190983315584,2.839900603478878,6.212282570110046,2.4849130280440184,,65.3177138800142,6.929347826086957,2.5815217391304346,4.3478260869565215,9.510869565217392,4.1429731925264015,5.686433793663688,59.78878960194963,1.8095238095238095,3.3333333333333335,296.5263157894737,866.7692307692307,19.36842105263158
2006-2007,2916400,KANSAS CITY 33,KANSAS CITY 33,MO,Jackson County,71.0,71.0,26980.0,,26980.0,,68.0,136.0,979.0,855.0,,2039.0,2039.0,253.0,13.0,86.0,,,59.0,130.0,,30.0,139.0,602.0,3292.0,Urban_Institute_CCD_Historical_API,Regular Public District,Urban Core Unified,True,False,False,False,True,KS_CORSUP_Unreported,160.0,43.0,173.0,13.0,5.930318754633062,0.48183839881393625,1.5937731653076352,6.412157153446998,3.1875463306152705,,75.57449962935507,7.84698381559588,0.6375674350171653,2.108876900441393,8.484551250613045,4.860267314702309,5.255164034021871,61.93803159173754,1.8309859154929577,2.436619718309859,207.53846153846155,899.3333333333334,15.684615384615384
2006-2007,2916450,KEARNEY R-I,KEARNEY R-I,MO,Clay County,8.0,8.0,3549.0,,3549.0,,3.0,13.0,95.0,117.0,,228.0,228.0,28.0,3.0,8.0,,,4.0,12.0,,5.0,29.0,53.0,366.0,Urban_Institute_CCD_Historical_API,Regular Public District,Independent Town / Exurban,True,False,False,False,True,KS_CORSUP_Unreported,17.0,8.0,20.0,3.0,4.790081713158636,0.8453085376162299,2.254156100309946,5.635390250774866,2.254156100309946,,64.24344885883347,7.456140350877193,1.3157894736842104,3.508771929824561,8.771929824561402,4.644808743169399,5.46448087431694,62.295081967213115,1.5,2.5,295.75,709.8,19.0
2006-2007,2900031,KIPP: ENDEAVOR ACADEMY,KIPP: ENDEAVOR ACADEMY,MO,Jackson County,0.0,0.0,,,,,,,,,,,,,,,,,,,,,,,,Urban_Institute_CCD_Historical_API,Charter LEA,Charter LEA,False,False,False,True,True,KS_CORSUP_Unreported,,,,,,,,,,,,,,,,,,,,,,,
2006-2007,2918220,LAWSON R-XIV,LAWSON R-XIV,MO,Ray County,3.0,3.0,1347.0,,1347.0,,1.0,6.0,30.0,56.0,,94.0,94.0,9.0,0.0,3.0,,,3.0,4.0,,3.0,8.0,2.0,123.0,Urban_Institute_CCD_Historical_API,Regular Public District,Rural / Peripheral,True,False,False,False,True,KS_CORSUP_Unreported,7.0,3.0,7.0,0.0,5.1967334818114335,0.0,2.2271714922048997,5.1967334818114335,2.2271714922048997,,69.78470675575353,7.446808510638298,0.0,3.1914893617021276,7.446808510638298,5.691056910569105,5.691056910569105,76.42276422764228,1.3333333333333333,2.3333333333333335,336.75,449.0,23.5
2006-2007,2900028,LEE A. TOLBERT COM. ACADEMY,LEE A. TOLBERT COM. ACADEMY,MO,Jackson County,1.0,1.0,476.0,,476.0,,0.0,5.0,31.0,0.0,,36.0,36.0,11.0,0.0,,,,0.0,1.0,,0.0,7.0,2.0,57.0,Urban_Institute_CCD_Historical_API,Charter LEA,Charter LEA,False,False,False,False,True,KS_CORSUP_Unreported,1.0,0.0,1.0,0.0,2.100840336134454,0.0,0.0,2.100840336134454,,,75.63025210084034,2.7777777777777777,0.0,0.0,2.7777777777777777,1.7543859649122806,1.7543859649122806,63.1578947368421,1.0,1.0,476.0,,36.0
2006-2007,2918300,LEE'S SUMMIT R-VII,LEE'S SUMMIT R-VII,MO,Jackson County,24.0,24.0,16883.0,,16883.0,,19.0,35.0,503.0,551.0,,1109.0,1109.0,173.0,26.0,41.0,,,24.0,54.0,,14.0,143.0,685.0,2245.0,Urban_Institute_CCD_Historical_API,Regular Public District,Major Suburban Unified,True,False,False,False,True,KS_CORSUP_Unreported,68.0,40.0,94.0,26.0,4.027720191909021,1.5400106616122726,2.369247171711189,5.567730853521294,2.4284783510039687,,65.68737783569271,6.131650135256988,2.3444544634806133,3.606853020739405,8.476104598737603,3.0289532293986636,4.187082405345212,49.39866369710468,2.25,3.9166666666666665,312.64814814814815,1205.9285714285713,20.537037037037038
2006-2007,2918540,LIBERTY 53,LIBERTY 53,MO,Clay County,17.0,17.0,9277.0,,9277.0,,12.0,38.0,236.0,297.0,,584.0,584.0,114.0,2.0,22.0,,,16.0,29.0,,11.0,77.0,564.0,1403.0,Urban_Institute_CCD_Historical_API,Regular Public District,Major Suburban Unified,True,False,False,False,True,KS_CORSUP_Unreported,40.0,13.0,42.0,2.0,4.311738708634257,0.21558693543171284,1.4013150803061334,4.52732564406597,2.371456289748841,,62.95138514606015,6.8493150684931505,0.3424657534246575,2.2260273972602738,7.191780821917808,2.851033499643621,2.993585174625802,41.62508909479686,1.7058823529411764,2.4705882352941178,319.8965517241379,843.3636363636364,20.137931034482758
2006-2007,2919230,LONE JACK C-6,LONE JACK C-6,MO,Jackson County,3.0,3.0,589.0,,589.0,,1.0,4.0,17.0,20.0,,43.0,43.0,12.0,0.0,2.0,,,1.0,3.0,,1.0,6.0,5.0,72.0,Urban_Institute_CCD_Historical_API,Regular Public District,Rural / Peripheral,True,False,False,False,True,KS_CORSUP_Unreported,4.0,1.0,4.0,0.0,6.791171477079796,0.0,1.697792869269949,6.791171477079796,3.395585738539898,,73.00509337860781,9.30232558139535,0.0,2.3255813953488373,9.30232558139535,5.555555555555555,5.555555555555555,59.72222222222222,1.0,1.3333333333333333,196.33333333333334,589.0,14.333333333333334
2006-2007,2931800,MIDWAY R-I,MIDWAY R-I,MO,Cass County,2.0,2.0,571.0,,571.0,,0.0,3.0,18.0,20.0,,42.0,42.0,6.0,0.0,2.0,,,2.0,2.0,,2.0,5.0,2.0,61.0,Urban_Institute_CCD_Historical_API,Regular Public District,Rural / Peripheral,True,False,False,False,True,KS_CORSUP_Unreported,4.0,2.0,4.0,0.0,7.005253940455342,0.0,3.502626970227671,7.005253940455342,3.502626970227671,,73.55516637478108,9.523809523809524,0.0,4.761904761904762,9.523809523809524,6.557377049180328,6.557377049180328,68.85245901639344,1.0,2.0,285.5,285.5,21.0
2006-2007,2921060,MISSOURI CITY 56,MISSOURI CITY 56,MO,Clay County,1.0,1.0,35.0,,35.0,,0.0,1.0,4.0,0.0,,5.0,5.0,0.0,0.0,0.0,,,0.0,0.0,,0.0,1.0,1.0,7.0,Urban_Institute_CCD_Historical_API,Regular Public District,Rural / Peripheral,True,False,False,False,True,KS_CORSUP_Unreported,0.0,0.0,0.0,0.0,0.0,0.0,0.0,0.0,0.0,,142.85714285714286,0.0,0.0,0.0,0.0,0.0,0.0,71.42857142857143,0.0,0.0,,,
2006-2007,2922800,NORTH KANSAS CITY 74,NORTH KANSAS CITY 74,MO,Clay County,30.0,30.0,17715.0,,17715.0,,21.0,64.0,484.0,666.0,,1236.0,1236.0,235.0,11.0,45.0,,,25.0,52.0,,28.0,195.0,265.0,2067.0,Urban_Institute_CCD_Historical_API,Regular Public District,Major Suburban Unified,True,False,False,False,True,KS_CORSUP_Unreported,80.0,39.0,91.0,11.0,4.515946937623483,0.6209427039232289,2.201524132091448,5.136889641546712,2.540220152413209,,69.77138018628281,6.472491909385113,0.889967637540453,3.1553398058252426,7.3624595469255665,3.8703434929850027,4.40251572327044,59.79680696661829,1.7333333333333334,3.033333333333333,340.6730769230769,632.6785714285714,23.76923076923077
2006-2007,2922830,NORTH PLATTE CO. R-I,NORTH PLATTE CO. R-I,MO,Platte County,5.0,5.0,708.0,,708.0,,2.0,3.0,26.0,27.0,,58.0,58.0,6.0,1.0,2.0,,,1.0,1.0,,1.0,6.0,0.0,75.0,Urban_Institute_CCD_Historical_API,Regular Public District,Independent Town / Exurban,True,False,False,False,True,KS_CORSUP_Unreported,2.0,2.0,3.0,1.0,2.824858757062147,1.4124293785310735,2.824858757062147,4.237288135593221,2.824858757062147,,81.92090395480226,3.4482758620689653,1.7241379310344827,3.4482758620689653,5.172413793103448,2.666666666666667,4.0,77.33333333333333,0.2,0.6,708.0,708.0,58.0
2006-2007,2923010,OAK GROVE R-VI,OAK GROVE R-VI,MO,Jackson County,4.0,4.0,2106.0,,2106.0,,4.0,8.0,58.0,71.0,,141.0,141.0,15.0,1.0,5.0,,,4.0,5.0,,6.0,12.0,4.0,189.0,Urban_Institute_CCD_Historical_API,Regular Public District,Rural / Peripheral,True,False,False,False,True,KS_CORSUP_Unreported,11.0,7.0,12.0,1.0,5.223171889838556,0.47483380816714155,3.3238366571699904,5.698005698005698,2.3741690408357075,,66.95156695156696,7.801418439716312,0.7092198581560284,4.964539007092199,8.51063829787234,5.82010582010582,6.349206349206349,74.60317460317461,1.25,3.0,421.2,351.0,28.2
2006-2007,2923220,ORRICK R-XI,ORRICK R-XI,MO,Ray County,2.0,2.0,440.0,,440.0,,1.0,2.0,18.0,15.0,,37.0,37.0,9.0,0.0,1.0,,,1.0,2.0,,1.0,3.0,0.0,53.0,Urban_Institute_CCD_Historical_API,Regular Public District,Rural / Peripheral,True,False,False,False,True,KS_CORSUP_Unreported,3.0,1.0,3.0,0.0,6.8181818181818175,0.0,2.2727272727272725,6.8181818181818175,2.2727272727272725,,84.0909090909091,8.108108108108109,0.0,2.7027027027027026,8.108108108108109,5.660377358490567,5.660377358490567,69.81132075471697,1.0,1.5,220.0,440.0,18.5
2006-2007,2923550,PARK HILL,PARK HILL,MO,Platte County,15.0,15.0,10021.0,,10021.0,,7.0,35.0,260.0,353.0,,656.0,656.0,67.0,4.0,23.0,,,15.0,24.0,,10.0,87.0,101.0,972.0,Urban_Institute_CCD_Historical_API,Regular Public District,Major Suburban Unified,True,False,False,False,True,KS_CORSUP_Unreported,34.0,14.0,38.0,4.0,3.3928749625785852,0.3991617603033629,1.3970661610617703,3.7920367228819476,2.2951801217443366,,65.46252868975152,5.182926829268292,0.6097560975609756,2.1341463414634148,5.7926829268292686,3.4979423868312756,3.909465020576132,67.48971193415639,1.6,2.533333333333333,417.5416666666667,1002.1,27.333333333333332
2006-2007,2925230,PLATTE CO. R-III,PLATTE CO. R-III,MO,Platte County,7.0,7.0,2863.0,,2863.0,,3.0,14.0,87.0,104.0,,209.0,209.0,31.0,0.0,8.0,,,5.0,9.0,,4.0,28.0,32.0,321.0,Urban_Institute_CCD_Historical_API,Regular Public District,Independent Town / Exurban,True,False,False,False,True,KS_CORSUP_Unreported,13.0,4.0,13.0,0.0,4.5406915822563745,0.0,1.3971358714634998,4.5406915822563745,2.7942717429269996,,73.00034928396786,6.220095693779904,0.0,1.9138755980861244,6.220095693779904,4.049844236760125,4.049844236760125,65.10903426791276,1.2857142857142858,1.8571428571428572,318.1111111111111,715.75,23.22222222222222
2006-2007,2925330,PLEASANT HILL R-III,PLEASANT HILL R-III,MO,Cass County,5.0,5.0,2211.0,,2211.0,,3.0,7.0,66.0,61.0,,137.0,137.0,24.0,1.0,8.0,,,6.0,6.0,,4.0,17.0,1.0,198.0,Urban_Institute_CCD_Historical_API,Regular Public District,Independent Town / Exurban,True,False,False,False,True,KS_CORSUP_Unreported,10.0,5.0,11.0,1.0,4.522840343735866,0.4522840343735866,2.261420171867933,4.975124378109452,3.618272274988693,,61.96291270918137,7.2992700729927,0.7299270072992701,3.64963503649635,8.02919708029197,5.05050505050505,5.555555555555555,69.1919191919192,1.2,2.2,368.5,552.75,22.833333333333332
2006-2007,2923730,RAYMORE-PECULIAR R-II,RAYMORE-PECULIAR R-II,MO,Cass County,11.0,11.0,5637.0,,5637.0,,2.0,30.0,181.0,156.0,,370.0,370.0,48.0,11.0,13.0,,,11.0,16.0,,8.0,42.0,11.0,519.0,Urban_Institute_CCD_Historical_API,Regular Public District,Major Suburban Unified,True,False,False,False,True,KS_CORSUP_Unreported,24.0,19.0,35.0,11.0,4.25758382118148,1.9513925847081781,3.370587191768671,6.208976405889658,2.3061912364733015,,65.6377505765478,6.486486486486487,2.9729729729729732,5.135135135135135,9.45945945945946,4.624277456647398,6.74373795761079,71.29094412331408,1.4545454545454546,3.1818181818181817,352.3125,704.625,23.125
2006-2007,2926070,RAYTOWN C-2,RAYTOWN C-2,MO,Jackson County,17.0,17.0,8915.0,,8915.0,,11.0,32.0,224.0,357.0,,625.0,625.0,175.0,38.0,21.0,,,10.0,28.0,,18.0,77.0,268.0,1250.0,Urban_Institute_CCD_Historical_API,Regular Public District,Major Suburban Unified,True,False,False,False,True,KS_CORSUP_Unreported,46.0,56.0,84.0,38.0,5.159842961301178,4.262478968031408,6.281547952888391,9.422321929332586,2.3555804823331465,,70.10656197420079,7.359999999999999,6.08,8.959999999999999,13.44,3.6799999999999997,6.72,50.0,1.6470588235294117,4.9411764705882355,318.39285714285717,495.27777777777777,22.321428571428573
2006-2007,2926480,RICHMOND R-XVI,RICHMOND R-XVI,MO,Ray County,4.0,4.0,1701.0,,1701.0,,2.0,9.0,45.0,63.0,,119.0,119.0,19.0,0.0,4.0,,,4.0,5.0,,4.0,13.0,0.0,164.0,Urban_Institute_CCD_Historical_API,Regular Public District,Rural / Peripheral,True,False,False,False,True,KS_CORSUP_Unreported,9.0,4.0,9.0,0.0,5.291005291005291,0.0,2.3515579071134627,5.291005291005291,2.3515579071134627,,69.95884773662551,7.563025210084033,0.0,3.361344537815126,7.563025210084033,5.487804878048781,5.487804878048781,72.5609756097561,1.25,2.25,340.2,425.25,23.8
2006-2007,2900019,SCUOLA VITA NUOVA,SCUOLA VITA NUOVA,MO,Jackson County,1.0,1.0,187.0,,187.0,,0.0,1.0,14.0,0.0,,15.0,15.0,0.0,0.0,,,,1.0,1.0,,0.0,3.0,0.0,19.0,Urban_Institute_CCD_Historical_API,Charter LEA,Charter LEA,False,False,False,False,True,KS_CORSUP_Unreported,1.0,0.0,1.0,0.0,5.347593582887701,0.0,0.0,5.347593582887701,,,80.21390374331551,6.666666666666667,0.0,0.0,6.666666666666667,5.263157894736842,5.263157894736842,78.94736842105263,1.0,1.0,187.0,,15.0
2006-2007,2910320,SHERWOOD CASS R-VIII,SHERWOOD CASS R-VIII,MO,Cass County,3.0,3.0,904.0,,904.0,,0.0,5.0,27.0,35.0,,68.0,68.0,12.0,0.0,3.0,,,1.0,3.0,,1.0,6.0,14.0,107.0,Urban_Institute_CCD_Historical_API,Regular Public District,Rural / Peripheral,True,False,False,False,True,KS_CORSUP_Unreported,4.0,1.0,4.0,0.0,4.424778761061947,0.0,1.1061946902654867,4.424778761061947,3.3185840707964602,,75.2212389380531,5.88235294117647,0.0,1.4705882352941175,5.88235294117647,3.7383177570093453,3.7383177570093453,63.55140186915887,1.0,1.3333333333333333,301.3333333333333,904.0,22.666666666666668
2006-2007,2928410,SMITHVILLE R-II,SMITHVILLE R-II,MO,Clay County,4.0,4.0,2203.0,,2203.0,,2.0,8.0,50.0,72.0,,133.0,133.0,22.0,1.0,5.0,,,5.0,6.0,,3.0,15.0,0.0,185.0,Urban_Institute_CCD_Historical_API,Regular Public District,Independent Town / Exurban,True,False,False,False,True,KS_CORSUP_Unreported,9.0,4.0,10.0,1.0,4.0853381752156155,0.45392646391284613,1.8157058556513845,4.5392646391284615,2.2696323195642307,,60.372219700408536,6.7669172932330826,0.7518796992481203,3.007518796992481,7.518796992481203,4.864864864864865,5.405405405405405,71.89189189189189,1.5,2.5,367.1666666666667,734.3333333333334,22.166666666666668
2006-2007,2900022,STATE SCHOOLS FOR SEV HANDIC,STATE SCHOOLS FOR SEV HANDIC,MO,Unknown,36.0,36.0,988.0,,988.0,,0.0,2.0,196.0,0.0,,198.0,198.0,321.0,2.0,0.0,,,0.0,21.0,,9.0,91.0,9.0,651.0,Urban_Institute_CCD_Historical_API,Charter LEA,Charter LEA,False,False,False,False,True,KS_CORSUP_Unreported,30.0,11.0,32.0,2.0,30.364372469635626,2.0242914979757085,11.133603238866396,32.388663967611336,0.0,,200.40485829959513,15.151515151515152,1.0101010101010102,5.555555555555555,16.161616161616163,4.6082949308755765,4.915514592933948,30.414746543778804,0.5833333333333334,0.8888888888888888,47.04761904761905,109.77777777777777,9.428571428571429
2006-2007,2929670,STRASBURG C-3,STRASBURG C-3,MO,Cass County,1.0,1.0,81.0,,81.0,,0.0,3.0,8.0,0.0,,11.0,11.0,0.0,0.0,,,,0.0,0.0,,0.0,3.0,0.0,14.0,Urban_Institute_CCD_Historical_API,Regular Public District,Rural / Peripheral,True,False,False,False,True,KS_CORSUP_Unreported,0.0,0.0,0.0,0.0,0.0,0.0,0.0,0.0,,,135.80246913580245,0.0,0.0,0.0,0.0,0.0,0.0,78.57142857142857,0.0,0.0,,,
2006-2007,2900027,UNIVERSITY ACADEMY,UNIVERSITY ACADEMY,MO,Jackson County,3.0,3.0,1090.0,,1090.0,,0.0,11.0,23.0,31.0,,65.0,65.0,4.0,0.0,2.0,,,1.0,5.0,,3.0,5.0,11.0,95.0,Urban_Institute_CCD_Historical_API,Charter LEA,Charter LEA,False,False,False,False,True,KS_CORSUP_Unreported,8.0,3.0,8.0,0.0,7.339449541284404,0.0,2.7522935779816518,7.339449541284404,1.834862385321101,,59.633027522935784,12.307692307692308,0.0,4.615384615384616,12.307692307692308,8.421052631578947,8.421052631578947,68.42105263157895,1.6666666666666667,2.6666666666666665,218.0,363.3333333333333,13.0
2006-2007,2931110,WASHINGTON,WASHINGTON,MO,Unknown,12.0,12.0,4334.0,,4334.0,,11.0,12.0,130.0,135.0,,289.0,289.0,54.0,5.0,11.0,,,4.0,13.0,,4.0,28.0,3.0,407.0,Urban_Institute_CCD_Historical_API,Regular Public District,Rural / Peripheral,False,False,False,False,True,KS_CORSUP_Unreported,17.0,9.0,22.0,5.0,3.922473465620674,1.1536686663590217,2.076603599446239,5.076142131979695,2.5380710659898473,,66.68204891555145,5.88235294117647,1.7301038062283738,3.1141868512110724,7.612456747404845,4.176904176904177,5.405405405405405,71.007371007371,1.0833333333333333,1.8333333333333333,333.38461538461536,1083.5,22.23076923076923
2006-2007,2931710,WEST PLATTE CO. R-II,WEST PLATTE CO. R-II,MO,Platte County,2.0,2.0,655.0,,655.0,,1.0,3.0,25.0,27.0,,56.0,56.0,4.0,1.0,2.0,,,2.0,2.0,,1.0,4.0,0.0,70.0,Urban_Institute_CCD_Historical_API,Regular Public District,Independent Town / Exurban,True,False,False,False,True,KS_CORSUP_Unreported,3.0,2.0,4.0,1.0,4.580152671755726,1.5267175572519083,3.0534351145038165,6.106870229007633,3.0534351145038165,,85.49618320610688,5.357142857142857,1.7857142857142856,3.571428571428571,7.142857142857142,4.285714285714286,5.714285714285714,80.0,1.0,2.0,327.5,655.0,28.0
2007-2008,2003780,BASEHOR-LINWOOD,BASEHOR-LINWOOD,KS,Leavenworth County,5.0,5.0,2163.0,,2163.0,,,3.0,46.0,57.0,1.0,109.0,109.0,3.0,,6.0,,,3.0,7.0,6.0,2.0,1.0,2.0,136.0,Urban_Institute_CCD_Historical_API,Regular Public District,Independent Town / Exurban,True,False,False,False,True,KS_CORSUP_Unreported,9.0,,,,4.160887656033287,,,,2.7739251040221915,,50.39297272306981,8.256880733944955,,,,6.61764705882353,,80.14705882352942,1.4,,309.0,1081.5,15.571428571428571
2007-2008,2012000,BLUE VALLEY,BLUE VALLEY,KS,Johnson County,32.0,32.0,20904.0,,20904.0,,21.0,55.0,547.0,753.0,,1377.0,1377.0,305.0,6.0,55.0,,,36.0,56.0,76.0,8.0,2.0,59.0,1944.0,Urban_Institute_CCD_Historical_API,Regular Public District,Major Suburban Unified,True,False,False,False,True,KS_CORSUP_Unreported,64.0,14.0,70.0,6.0,3.0616150019135095,0.28702640642939153,0.6697282816685801,3.348641408342901,2.6310753922694223,,65.87256027554535,4.647785039941903,0.4357298474945534,1.016702977487291,5.083514887436456,3.292181069958848,3.60082304526749,70.83333333333334,1.75,2.1875,373.2857142857143,2613.0,24.589285714285715
2007-2008,2004050,BONNER SPRINGS,BONNER SPRINGS,KS,Wyandotte County,5.0,5.0,2479.0,,2479.0,,,10.0,60.0,85.0,,155.0,155.0,25.0,,6.0,,,4.0,10.0,11.0,1.0,2.0,1.0,211.0,Urban_Institute_CCD_Historical_API,Regular Public District,Independent Town / Exurban,True,False,False,False,True,KS_CORSUP_Unreported,11.0,,,,4.4372730939895115,,,,2.4203307785397334,,62.52521177894312,7.096774193548387,,,,5.213270142180095,,73.45971563981043,2.0,,247.9,2479.0,15.5
2007-2008,2005490,DE SOTO,DE SOTO,KS,Johnson County,11.0,11.0,6091.0,,6091.0,,5.0,17.0,184.0,226.0,1.0,435.0,435.0,70.0,2.0,14.0,,,11.0,19.0,18.0,3.0,1.0,16.0,578.0,Urban_Institute_CCD_Historical_API,Regular Public District,Independent Town / Exurban,True,False,False,False,True,KS_CORSUP_Unreported,22.0,5.0,24.0,2.0,3.6118863897553766,0.3283533081595797,0.8208832703989493,3.9402396979149565,2.2984731571170576,,71.4168445247086,5.057471264367816,0.45977011494252873,1.1494252873563218,5.517241379310345,3.8062283737024223,4.1522491349480966,75.25951557093425,1.7272727272727273,2.1818181818181817,320.57894736842104,2030.3333333333333,22.894736842105264
2007-2008,2005640,EASTON,EASTON,KS,Leavenworth County,4.0,4.0,666.0,,666.0,,,2.0,19.0,33.0,,54.0,54.0,0.0,,2.0,,,0.0,5.0,4.0,1.0,1.0,,67.0,Urban_Institute_CCD_Historical_API,Regular Public District,Rural / Peripheral,True,False,False,False,True,KS_CORSUP_Unreported,6.0,,,,9.00900900900901,,,,3.003003003003003,,81.08108108108108,11.11111111111111,,,,8.955223880597014,,80.59701492537313,1.25,,133.2,666.0,10.8
2007-2008,2006330,FT LEAVENWORTH,FT LEAVENWORTH,KS,Leavenworth County,4.0,4.0,1692.0,,1692.0,,,11.0,69.0,29.0,,110.0,110.0,9.0,,4.0,,,4.0,5.0,4.0,2.0,1.0,,135.0,Urban_Institute_CCD_Historical_API,Regular Public District,Independent Town / Exurban,True,False,False,False,True,KS_CORSUP_Unreported,7.0,,,,4.137115839243498,,,,2.3640661938534278,,65.01182033096926,6.363636363636363,,,,5.185185185185185,,81.48148148148148,1.25,,338.4,846.0,22.0
2007-2008,2006420,GARDNER EDGERTON,GARDNER EDGERTON,KS,Johnson County,11.0,11.0,4304.0,,4304.0,,8.0,15.0,145.0,128.0,,297.0,297.0,78.0,3.0,11.0,,,9.0,14.0,20.0,3.0,1.0,5.0,432.0,Urban_Institute_CCD_Historical_API,Regular Public District,Independent Town / Exurban,True,False,False,False,True,KS_CORSUP_Unreported,17.0,6.0,20.0,3.0,3.9498141263940516,0.6970260223048327,1.3940520446096654,4.646840148698885,2.5557620817843865,,69.00557620817843,5.723905723905724,1.0101010101010102,2.0202020202020203,6.7340067340067336,3.935185185185185,4.62962962962963,68.75,1.2727272727272727,1.8181818181818181,307.42857142857144,1434.6666666666667,21.214285714285715
2007-2008,2007950,KANSAS CITY,KANSAS CITY,KS,Wyandotte County,45.0,45.0,19965.0,,19965.0,,42.0,77.0,588.0,678.0,3.0,1390.0,1390.0,227.0,10.0,21.0,,,26.0,85.0,104.0,3.0,6.0,99.0,1945.0,Urban_Institute_CCD_Historical_API,Regular Public District,Urban Core Unified,True,False,False,False,True,KS_CORSUP_Unreported,88.0,13.0,98.0,10.0,4.407713498622589,0.5008765339343851,0.6511394941147007,4.908590032556974,1.051840721262209,,69.62183821687954,6.330935251798561,0.7194244604316548,0.935251798561151,7.0503597122302155,4.5244215938303345,5.038560411311054,71.46529562982005,1.8888888888888888,2.1777777777777776,234.88235294117646,6655.0,16.352941176470587
2007-2008,2000025,KS. STATE PENITENTIARY,KS. STATE PENITENTIARY,KS,Leavenworth County,1.0,1.0,,,,,,,,,,,,,,,,,,,,,,,,Urban_Institute_CCD_Historical_API,Specialized State Agency,Specialized State Agency,False,False,False,True,True,KS_CORSUP_Unreported,,,,,,,,,,,,,,,,,,,,,,,
2007-2008,2008340,LANSING,LANSING,KS,Leavenworth County,4.0,4.0,2275.0,,2275.0,,,4.0,40.0,75.0,,120.0,120.0,9.0,,3.0,,,4.0,6.0,5.0,2.0,,1.0,146.0,Urban_Institute_CCD_Historical_API,Regular Public District,Independent Town / Exurban,True,False,False,False,True,KS_CORSUP_Unreported,8.0,,,,3.5164835164835164,,,,1.3186813186813187,,52.747252747252745,6.666666666666667,,,,5.47945205479452,,82.1917808219178,1.5,,379.1666666666667,1137.5,20.0
2007-2008,2008430,LEAVENWORTH,LEAVENWORTH,KS,Leavenworth County,10.0,10.0,4101.0,,4101.0,,21.0,16.0,138.0,203.0,2.0,381.0,381.0,8.0,2.0,7.0,,,7.0,19.0,15.0,7.0,,14.0,453.0,Urban_Institute_CCD_Historical_API,Regular Public District,Independent Town / Exurban,True,False,False,False,True,KS_CORSUP_Unreported,26.0,9.0,28.0,2.0,6.339917093391856,0.487685930260912,2.194586686174104,6.827603023652768,1.706900755913192,,92.90416971470374,6.824146981627297,0.5249343832020997,2.3622047244094486,7.349081364829396,5.739514348785872,6.181015452538632,84.10596026490066,1.9,2.8,215.8421052631579,585.8571428571429,20.05263157894737
2007-2008,2008970,LOUISBURG,LOUISBURG,KS,Miami County,4.0,4.0,1693.0,,1693.0,,,6.0,33.0,54.0,,94.0,94.0,11.0,,1.0,,,1.0,5.0,9.0,0.0,0.0,,120.0,Urban_Institute_CCD_Historical_API,Regular Public District,Independent Town / Exurban,True,False,False,False,True,KS_CORSUP_Unreported,5.0,,,,2.9533372711163612,,,,0.5906674542232723,,55.5227406969876,5.319148936170213,,,,4.166666666666666,,78.33333333333333,1.25,,338.6,,18.8
2007-2008,2010140,OLATHE,OLATHE,KS,Johnson County,47.0,47.0,26160.0,,26160.0,,35.0,89.0,845.0,943.0,66.0,1979.0,1979.0,554.0,3.0,64.0,,,47.0,81.0,91.0,6.0,11.0,86.0,2875.0,Urban_Institute_CCD_Historical_API,Regular Public District,Major Suburban Unified,True,False,False,False,True,KS_CORSUP_Unreported,87.0,9.0,90.0,3.0,3.325688073394496,0.11467889908256881,0.34403669724770647,3.4403669724770642,2.4464831804281344,,75.64984709480123,4.396159676604346,0.15159171298635674,0.4547751389590703,4.547751389590703,3.0260869565217394,3.130434782608696,68.83478260869566,1.7234042553191489,1.9148936170212767,322.962962962963,4360.0,24.432098765432098
2007-2008,2010260,OSAWATOMIE,OSAWATOMIE,KS,Miami County,4.0,4.0,1214.0,,1214.0,,,9.0,31.0,43.0,,84.0,84.0,0.0,,2.0,,,3.0,6.0,0.0,1.0,1.0,,94.0,Urban_Institute_CCD_Historical_API,Regular Public District,Independent Town / Exurban,True,False,False,False,True,KS_CORSUP_Unreported,7.0,,,,5.766062602965404,,,,1.6474464579901154,,69.19275123558484,8.333333333333332,,,,7.446808510638298,,89.36170212765957,1.5,,202.33333333333334,1214.0,14.0
2007-2008,2010500,PAOLA,PAOLA,KS,Miami County,5.0,5.0,2079.0,,2079.0,,6.0,10.0,71.0,117.0,,206.0,206.0,236.0,2.0,5.0,,,3.0,9.0,2.0,3.0,,10.0,473.0,Urban_Institute_CCD_Historical_API,Regular Public District,Independent Town / Exurban,True,False,False,False,True,KS_CORSUP_Unreported,12.0,5.0,14.0,2.0,5.772005772005772,0.9620009620009621,2.405002405002405,6.7340067340067336,2.405002405002405,,99.08609908609908,5.825242718446602,0.9708737864077669,2.4271844660194173,6.796116504854369,2.536997885835095,2.9598308668076108,43.551797040169134,1.8,2.8,231.0,693.0,22.88888888888889
2007-2008,2010680,PIPER-KANSAS CITY,PIPER-KANSAS CITY,KS,Wyandotte County,4.0,4.0,1579.0,,1579.0,,,4.0,33.0,52.0,,90.0,90.0,12.0,,4.0,,,2.0,6.0,7.0,2.0,,,121.0,Urban_Institute_CCD_Historical_API,Regular Public District,Independent Town / Exurban,True,False,False,False,True,KS_CORSUP_Unreported,8.0,,,,5.06649778340722,,,,2.53324889170361,,56.99810006333122,8.88888888888889,,,,6.6115702479338845,,74.3801652892562,1.5,,263.1666666666667,789.5,15.0
2007-2008,2008250,PRAIRIE VIEW,PRAIRIE VIEW,KS,Unknown,5.0,5.0,1030.0,,1030.0,,,4.0,28.0,38.0,,70.0,70.0,8.0,,2.0,,,1.0,5.0,5.0,1.0,1.0,,92.0,Urban_Institute_CCD_Historical_API,Regular Public District,Rural / Peripheral,False,False,False,False,True,KS_CORSUP_Unreported,6.0,,,,5.825242718446602,,,,1.941747572815534,,67.96116504854369,8.571428571428571,,,,6.521739130434782,,76.08695652173914,1.0,,206.0,1030.0,14.0
2007-2008,2000018,SCHOOL FOR BLIND,SCHOOL FOR BLIND,KS,Wyandotte County,2.0,2.0,46.0,,46.0,,,,6.0,9.0,,15.0,15.0,,,,,,,1.0,,,,,16.0,Urban_Institute_CCD_Historical_API,Specialized State Agency,Specialized State Agency,False,False,False,True,True,KS_CORSUP_Unreported,,,,,,,,,,,326.0869565217391,,,,,,,93.75,0.5,,46.0,,15.0
2007-2008,2000019,SCHOOL FOR DEAF,SCHOOL FOR DEAF,KS,Johnson County,2.0,2.0,114.0,,114.0,,3.0,1.0,9.0,20.0,,33.0,33.0,,,1.0,,,1.0,3.0,,1.0,1.0,1.0,40.0,Urban_Institute_CCD_Historical_API,Specialized State Agency,Specialized State Agency,False,False,False,False,True,KS_CORSUP_Unreported,4.0,,,,35.08771929824561,,,,8.771929824561402,,289.4736842105263,12.121212121212121,,,,10.0,,82.5,1.5,,38.0,114.0,11.0
2007-2008,2011640,SHAWNEE MISSION PUB SCH,SHAWNEE MISSION PUB SCH,KS,Johnson County,52.0,52.0,27798.0,,27798.0,,21.0,98.0,884.0,929.0,2.0,1936.0,1936.0,527.0,5.0,50.0,,,52.0,76.0,77.0,5.0,1.0,40.0,2717.0,Urban_Institute_CCD_Historical_API,Regular Public District,Major Suburban Unified,True,False,False,False,True,KS_CORSUP_Unreported,81.0,10.0,86.0,5.0,2.9138786963090872,0.1798690553277214,0.3597381106554428,3.0937477516368084,1.7986905532772142,,69.64529822289374,4.183884297520661,0.2582644628099174,0.5165289256198348,4.4421487603305785,2.981229297018771,3.165255796834744,71.25506072874494,1.4615384615384615,1.6538461538461537,365.7631578947368,5559.6,25.473684210526315
2007-2008,2011850,SPRING HILL,SPRING HILL,KS,Johnson County,6.0,6.0,1877.0,,1877.0,,2.0,5.0,52.0,73.0,,132.0,132.0,26.0,,3.0,,,5.0,8.0,9.0,3.0,1.0,3.0,185.0,Urban_Institute_CCD_Historical_API,Regular Public District,Independent Town / Exurban,True,False,False,False,True,KS_CORSUP_Unreported,11.0,,,,5.860415556739478,,,,1.5982951518380393,,70.32498668087374,8.333333333333332,,,,5.9459459459459465,,71.35135135135135,1.3333333333333333,,234.625,625.6666666666666,16.5
2007-2008,2012210,TONGANOXIE,TONGANOXIE,KS,Leavenworth County,5.0,5.0,1804.0,,1804.0,,,4.0,41.0,59.0,,104.0,104.0,0.0,,4.0,,,2.0,6.0,8.0,1.0,,,123.0,Urban_Institute_CCD_Historical_API,Regular Public District,Independent Town / Exurban,True,False,False,False,True,KS_CORSUP_Unreported,7.0,,,,3.8802660753880267,,,,2.2172949002217295,,57.649667405764966,6.730769230769231,,,,5.691056910569105,,84.5528455284553,1.2,,300.6666666666667,1804.0,17.333333333333332
2007-2008,2012360,TURNER-KANSAS CITY,TURNER-KANSAS CITY,KS,Wyandotte County,9.0,9.0,3891.0,,3891.0,,4.0,20.0,108.0,114.0,1.0,248.0,248.0,73.0,,7.0,,,6.0,15.0,18.0,5.0,,20.0,386.0,Urban_Institute_CCD_Historical_API,Regular Public District,Independent Town / Exurban,True,False,False,False,True,KS_CORSUP_Unreported,20.0,,,,5.140066820868671,,,,1.799023387304035,,63.73682857877153,8.064516129032258,,,,5.181347150259067,,64.24870466321244,1.6666666666666667,,259.4,778.2,16.533333333333335
2007-2008,2900017,ACADEMIE LAFAYETTE,ACADEMIE LAFAYETTE,MO,Jackson County,1.0,1.0,435.0,,435.0,,0.0,6.0,27.0,0.0,,33.0,33.0,0.0,0.0,1.0,,,0.0,2.0,0.0,0.0,5.0,0.0,41.0,Urban_Institute_CCD_Historical_API,Charter LEA,Charter LEA,False,False,False,False,True,KS_CORSUP_Unreported,2.0,0.0,2.0,0.0,4.597701149425287,0.0,0.0,4.597701149425287,2.2988505747126435,,75.86206896551724,6.0606060606060606,0.0,0.0,6.0606060606060606,4.878048780487805,4.878048780487805,80.48780487804879,2.0,2.0,217.5,,16.5
2007-2008,2900025,ALLEN VILLAGE,ALLEN VILLAGE,MO,Jackson County,1.0,1.0,426.0,,426.0,,0.0,1.0,21.0,0.0,,22.0,22.0,8.0,0.0,0.0,,,0.0,1.0,0.0,0.0,1.0,4.0,36.0,Urban_Institute_CCD_Historical_API,Charter LEA,Charter LEA,False,False,False,False,True,KS_CORSUP_Unreported,1.0,0.0,1.0,0.0,2.347417840375587,0.0,0.0,2.347417840375587,0.0,,51.64319248826291,4.545454545454546,0.0,0.0,4.545454545454546,2.7777777777777777,2.7777777777777777,61.111111111111114,1.0,1.0,426.0,,22.0
2007-2008,2900029,ALTA VISTA CHARTER SCH,ALTA VISTA CHARTER SCH,MO,Jackson County,1.0,1.0,176.0,,176.0,,0.0,0.0,0.0,13.0,,13.0,13.0,0.0,1.0,1.0,,,0.0,1.0,0.0,0.0,2.0,1.0,19.0,Urban_Institute_CCD_Historical_API,Charter LEA,Charter LEA,False,False,False,False,True,KS_CORSUP_Unreported,1.0,1.0,2.0,1.0,5.681818181818182,5.681818181818182,5.681818181818182,11.363636363636363,5.681818181818182,,73.86363636363637,7.6923076923076925,7.6923076923076925,7.6923076923076925,15.384615384615385,5.263157894736842,10.526315789473683,68.42105263157895,1.0,2.0,176.0,,13.0
2007-2008,2903200,ARCHIE R-V,ARCHIE R-V,MO,Cass County,2.0,2.0,631.0,,631.0,,1.0,2.0,16.0,23.0,,43.0,43.0,4.0,1.0,2.0,,,1.0,2.0,0.0,1.0,3.0,9.0,65.0,Urban_Institute_CCD_Historical_API,Regular Public District,Rural / Peripheral,True,False,False,False,True,KS_CORSUP_Unreported,3.0,2.0,4.0,1.0,4.754358161648177,1.5847860538827259,3.1695721077654517,6.3391442155309035,3.1695721077654517,,68.14580031695722,6.976744186046512,2.3255813953488373,4.651162790697675,9.30232558139535,4.615384615384616,6.153846153846154,66.15384615384615,1.0,2.0,315.5,631.0,21.5
2007-2008,2900011,B. BANNEKER ACADEMY,B. BANNEKER ACADEMY,MO,Jackson County,1.0,1.0,177.0,,177.0,,0.0,1.0,17.0,0.0,,18.0,18.0,3.0,0.0,0.0,,,1.0,2.0,0.0,0.0,3.0,1.0,27.0,Urban_Institute_CCD_Historical_API,Charter LEA,Charter LEA,False,False,False,False,True,KS_CORSUP_Unreported,2.0,0.0,2.0,0.0,11.299435028248588,0.0,0.0,11.299435028248588,0.0,,101.6949152542373,11.11111111111111,0.0,0.0,11.11111111111111,7.4074074074074066,7.4074074074074066,66.66666666666666,2.0,2.0,88.5,,9.0
2007-2008,2904620,BELTON 124,BELTON 124,MO,Cass County,11.0,11.0,4844.0,,4844.0,,15.0,18.0,150.0,146.0,,331.0,331.0,76.0,6.0,13.0,,,10.0,17.0,0.0,6.0,47.0,65.0,561.0,Urban_Institute_CCD_Historical_API,Regular Public District,Independent Town / Exurban,True,False,False,False,True,KS_CORSUP_Unreported,23.0,12.0,29.0,6.0,4.748142031379025,1.2386457473162675,2.477291494632535,5.986787778695294,2.68373245251858,,68.33195706028077,6.948640483383686,1.812688821752266,3.625377643504532,8.761329305135952,4.09982174688057,5.169340463458111,59.001782531194294,1.5454545454545454,2.6363636363636362,284.94117647058823,807.3333333333334,19.470588235294116
2007-2008,2905310,BLUE SPRINGS R-IV,BLUE SPRINGS R-IV,MO,Jackson County,22.0,22.0,13927.0,,13927.0,,15.0,50.0,359.0,484.0,,910.0,910.0,198.0,1.0,37.0,,,13.0,38.0,1.0,14.0,108.0,365.0,1672.0,Urban_Institute_CCD_Historical_API,Regular Public District,Major Suburban Unified,True,False,False,False,True,KS_CORSUP_Unreported,52.0,15.0,53.0,1.0,3.7337545774395062,0.07180297264306743,1.0770445896460115,3.8055575500825736,2.6567099877934948,,65.34070510519136,5.714285714285714,0.10989010989010989,1.6483516483516485,5.824175824175824,3.110047846889952,3.1698564593301435,54.42583732057417,1.7272727272727273,2.409090909090909,366.5,994.7857142857143,23.94736842105263
2007-2008,2900024,BROOKSIDE CHARTER SCH.,BROOKSIDE CHARTER SCH.,MO,Jackson County,2.0,2.0,359.0,,359.0,,0.0,4.0,14.0,7.0,,25.0,25.0,1.0,1.0,0.0,,,1.0,1.0,0.0,1.0,4.0,2.0,35.0,Urban_Institute_CCD_Historical_API,Charter LEA,Charter LEA,False,False,False,False,True,KS_CORSUP_Unreported,2.0,2.0,3.0,1.0,5.571030640668524,2.785515320334262,5.571030640668524,8.356545961002785,0.0,,69.63788300835655,8.0,4.0,8.0,12.0,5.714285714285714,8.571428571428571,71.42857142857143,0.5,1.5,359.0,359.0,25.0
2007-2008,2908250,CENTER 58,CENTER 58,MO,Jackson County,8.0,8.0,2491.0,,2491.0,,7.0,9.0,88.0,114.0,,218.0,218.0,46.0,5.0,8.0,,,4.0,10.0,0.0,5.0,32.0,74.0,398.0,Urban_Institute_CCD_Historical_API,Regular Public District,Urban Core Unified,True,False,False,False,True,KS_CORSUP_Unreported,15.0,10.0,20.0,5.0,6.02167804094741,2.007226013649137,4.014452027298274,8.028904054596548,3.2115616218386194,,87.51505419510238,6.8807339449541285,2.293577981651376,4.587155963302752,9.174311926605505,3.7688442211055273,5.025125628140704,54.773869346733676,1.25,2.5,249.1,498.2,21.8
2007-2008,2900013,DELLA LAMB ELEM.,DELLA LAMB ELEM.,MO,Jackson County,1.0,1.0,463.0,,463.0,,0.0,7.0,29.0,0.0,,36.0,36.0,0.0,0.0,0.0,,,1.0,0.0,0.0,2.0,2.0,6.0,46.0,Urban_Institute_CCD_Historical_API,Charter LEA,Charter LEA,False,False,False,False,True,KS_CORSUP_Unreported,2.0,2.0,2.0,0.0,4.319654427645789,0.0,4.319654427645789,4.319654427645789,0.0,,77.7537796976242,5.555555555555555,0.0,5.555555555555555,5.555555555555555,4.3478260869565215,4.3478260869565215,78.26086956521739,0.0,2.0,,231.5,
2007-2008,2900009,DIVISION OF YOUTH SERVICES,DIVISION OF YOUTH SERVICES,MO,Unknown,42.0,42.0,918.0,,918.0,,0.0,0.0,0.0,120.0,,120.0,120.0,2.0,6.0,2.0,,,0.0,0.0,0.0,0.0,0.0,0.0,130.0,Urban_Institute_CCD_Historical_API,Specialized State Agency,Specialized State Agency,False,False,False,False,True,KS_CORSUP_Unreported,0.0,6.0,6.0,6.0,0.0,6.5359477124183005,6.5359477124183005,6.5359477124183005,2.1786492374727673,,130.71895424836603,0.0,5.0,5.0,5.0,0.0,4.615384615384616,92.3076923076923,0.0,0.14285714285714285,,,
2007-2008,2911070,DREXEL R-IV,DREXEL R-IV,MO,Cass County,2.0,2.0,299.0,,299.0,,0.0,1.0,11.0,15.0,,28.0,28.0,5.0,0.0,1.0,,,1.0,2.0,0.0,1.0,4.0,7.0,48.0,Urban_Institute_CCD_Historical_API,Regular Public District,Rural / Peripheral,True,False,False,False,True,KS_CORSUP_Unreported,3.0,1.0,3.0,0.0,10.033444816053512,0.0,3.3444816053511706,10.033444816053512,3.3444816053511706,,93.64548494983276,10.714285714285714,0.0,3.571428571428571,10.714285714285714,6.25,6.25,58.333333333333336,1.0,1.5,149.5,299.0,14.0
2007-2008,2911160,EAST LYNNE 40,EAST LYNNE 40,MO,Cass County,1.0,1.0,196.0,,196.0,,1.0,1.0,15.0,0.0,,17.0,17.0,3.0,0.0,0.0,,,0.0,0.0,0.0,0.0,3.0,4.0,27.0,Urban_Institute_CCD_Historical_API,Regular Public District,Rural / Peripheral,True,False,False,False,True,KS_CORSUP_Unreported,0.0,0.0,0.0,0.0,0.0,0.0,0.0,0.0,0.0,,86.73469387755102,0.0,0.0,0.0,0.0,0.0,0.0,62.96296296296296,0.0,0.0,,,
2007-2008,2911650,EXCELSIOR SPRINGS 40,EXCELSIOR SPRINGS 40,MO,Clay County,7.0,7.0,3027.0,,3027.0,,1.0,11.0,75.0,113.0,,201.0,201.0,12.0,2.0,8.0,,,3.0,9.0,0.0,5.0,23.0,106.0,366.0,Urban_Institute_CCD_Historical_API,Regular Public District,Independent Town / Exurban,True,False,False,False,True,KS_CORSUP_Unreported,14.0,7.0,16.0,2.0,4.625041295011563,0.6607201850016517,2.3125206475057816,5.285761480013214,2.642880740006607,,66.40237859266601,6.965174129353234,0.9950248756218906,3.482587064676617,7.960199004975125,3.825136612021858,4.371584699453552,54.91803278688525,1.2857142857142858,2.2857142857142856,336.3333333333333,605.4,22.333333333333332
2007-2008,2912290,FORT OSAGE R-I,FORT OSAGE R-I,MO,Jackson County,11.0,11.0,4913.0,,4913.0,,7.0,21.0,162.0,176.0,,366.0,366.0,109.0,8.0,13.0,,,8.0,13.0,0.0,9.0,52.0,160.0,730.0,Urban_Institute_CCD_Historical_API,Regular Public District,Independent Town / Exurban,True,False,False,False,True,KS_CORSUP_Unreported,22.0,17.0,30.0,8.0,4.4779157337675555,1.6283329940972928,3.4602076124567476,6.106248727864848,2.646041115408101,,74.49623447995116,6.0109289617486334,2.185792349726776,4.644808743169399,8.19672131147541,3.0136986301369864,4.10958904109589,50.136986301369866,1.1818181818181819,2.727272727272727,377.9230769230769,545.8888888888889,28.153846153846153
2007-2008,2900016,GENESIS SCHOOL INC.,GENESIS SCHOOL INC.,MO,Jackson County,1.0,1.0,105.0,,105.0,,0.0,0.0,0.0,9.0,,9.0,9.0,1.0,1.0,0.0,,,0.0,1.0,0.0,0.0,3.0,1.0,16.0,Urban_Institute_CCD_Historical_API,Charter LEA,Charter LEA,False,False,False,False,True,KS_CORSUP_Unreported,1.0,1.0,2.0,1.0,9.523809523809526,9.523809523809526,9.523809523809526,19.04761904761905,0.0,,85.71428571428571,11.11111111111111,11.11111111111111,11.11111111111111,22.22222222222222,6.25,12.5,56.25,1.0,2.0,105.0,,9.0
2007-2008,2900015,GORDON PARKS ELEM,GORDON PARKS ELEM,MO,Jackson County,1.0,1.0,219.0,,219.0,,0.0,2.0,16.0,0.0,,18.0,18.0,4.0,0.0,0.0,,,1.0,1.0,0.0,1.0,5.0,2.0,31.0,Urban_Institute_CCD_Historical_API,Charter LEA,Charter LEA,False,False,False,False,True,KS_CORSUP_Unreported,2.0,1.0,2.0,0.0,9.1324200913242,0.0,4.5662100456621,9.1324200913242,0.0,,82.1917808219178,11.11111111111111,0.0,5.555555555555555,11.11111111111111,6.451612903225806,6.451612903225806,58.06451612903226,1.0,2.0,219.0,219.0,18.0
2007-2008,2913080,GRAIN VALLEY R-V,GRAIN VALLEY R-V,MO,Jackson County,6.0,6.0,3027.0,,3027.0,,5.0,8.0,105.0,94.0,,214.0,214.0,55.0,2.0,8.0,,,6.0,8.0,0.0,4.0,23.0,100.0,414.0,Urban_Institute_CCD_Historical_API,Regular Public District,Independent Town / Exurban,True,False,False,False,True,KS_CORSUP_Unreported,12.0,6.0,14.0,2.0,3.9643211100099105,0.6607201850016517,1.9821605550049552,4.625041295011563,2.642880740006607,,70.69705979517674,5.607476635514018,0.9345794392523363,2.803738317757009,6.5420560747663545,2.898550724637681,3.3816425120772946,51.690821256038646,1.3333333333333333,2.3333333333333335,378.375,756.75,26.75
2007-2008,2913140,GRANDVIEW C-4,GRANDVIEW C-4,MO,Jackson County,9.0,9.0,3916.0,,3916.0,,5.0,20.0,164.0,156.0,,346.0,346.0,42.0,11.0,15.0,,,9.0,18.0,0.0,7.0,62.0,173.0,674.0,Urban_Institute_CCD_Historical_API,Regular Public District,Independent Town / Exurban,True,False,False,False,True,KS_CORSUP_Unreported,25.0,18.0,36.0,11.0,6.384065372829418,2.8089887640449436,4.59652706843718,9.19305413687436,3.8304392236976508,,88.35546475995915,7.225433526011561,3.1791907514450863,5.202312138728324,10.404624277456648,3.7091988130563793,5.341246290801187,51.33531157270029,2.0,4.0,217.55555555555554,559.4285714285714,19.22222222222222
2007-2008,2913680,HARDIN-CENTRAL C-2,HARDIN-CENTRAL C-2,MO,Ray County,2.0,2.0,210.0,,210.0,,1.0,1.0,9.0,11.0,,23.0,23.0,2.0,0.0,0.0,,,0.0,1.0,0.0,1.0,2.0,3.0,32.0,Urban_Institute_CCD_Historical_API,Regular Public District,Rural / Peripheral,True,False,False,False,True,KS_CORSUP_Unreported,2.0,1.0,2.0,0.0,9.523809523809526,0.0,4.761904761904763,9.523809523809526,0.0,,109.52380952380952,8.695652173913043,0.0,4.3478260869565215,8.695652173913043,6.25,6.25,71.875,0.5,1.0,210.0,210.0,23.0
2007-2008,2913760,HARRISONVILLE R-IX,HARRISONVILLE R-IX,MO,Cass County,7.0,7.0,2668.0,,2668.0,,4.0,11.0,64.0,112.0,,193.0,193.0,24.0,4.0,7.0,,,4.0,8.0,0.0,6.0,26.0,109.0,377.0,Urban_Institute_CCD_Historical_API,Regular Public District,Independent Town / Exurban,True,False,False,False,True,KS_CORSUP_Unreported,14.0,10.0,18.0,4.0,5.247376311844078,1.4992503748125936,3.7481259370314843,6.746626686656672,2.623688155922039,,72.33883058470765,7.253886010362693,2.072538860103627,5.181347150259067,9.32642487046632,3.7135278514588856,4.774535809018567,51.19363395225464,1.1428571428571428,2.5714285714285716,333.5,444.6666666666667,24.125
2007-2008,2914340,HICKMAN MILLS C-1,HICKMAN MILLS C-1,MO,Jackson County,18.0,18.0,7067.0,,7067.0,,14.0,28.0,242.0,303.0,,590.0,590.0,85.0,9.0,21.0,,,11.0,30.0,0.0,5.0,118.0,166.0,1024.0,Urban_Institute_CCD_Historical_API,Regular Public District,Rural / Peripheral,True,False,False,False,True,KS_CORSUP_Unreported,35.0,14.0,44.0,9.0,4.952596575633225,1.273524833734258,1.9810386302532896,6.226121409367483,2.971557945379935,,83.48662798924579,5.932203389830509,1.5254237288135595,2.3728813559322033,7.457627118644068,3.41796875,4.296875,57.6171875,1.6666666666666667,2.4444444444444446,235.56666666666666,1413.4,19.666666666666668
2007-2008,2900014,HOGAN PREPARATORY ACADEMY,HOGAN PREPARATORY ACADEMY,MO,Jackson County,1.0,1.0,333.0,,333.0,,0.0,0.0,0.0,31.0,,31.0,31.0,1.0,1.0,1.0,,,1.0,1.0,0.0,0.0,3.0,9.0,47.0,Urban_Institute_CCD_Historical_API,Charter LEA,Charter LEA,False,False,False,False,True,KS_CORSUP_Unreported,1.0,1.0,2.0,1.0,3.003003003003003,3.003003003003003,3.003003003003003,6.006006006006006,3.003003003003003,,93.09309309309309,3.225806451612903,3.225806451612903,3.225806451612903,6.451612903225806,2.127659574468085,4.25531914893617,65.95744680851064,1.0,2.0,333.0,,31.0
2007-2008,2915480,INDEPENDENCE 30,INDEPENDENCE 30,MO,Jackson County,21.0,21.0,11423.0,,11423.0,,15.0,46.0,291.0,398.0,,750.0,750.0,146.0,10.0,28.0,,,18.0,39.0,3.0,12.0,113.0,362.0,1463.0,Urban_Institute_CCD_Historical_API,Regular Public District,Major Suburban Unified,True,False,False,False,True,KS_CORSUP_Unreported,51.0,22.0,61.0,10.0,4.464676529808282,0.8754267705506434,1.9259388952114156,5.340103300358925,2.451194957541802,,65.65700779129826,6.800000000000001,1.3333333333333335,2.933333333333333,8.133333333333333,3.4859876965140124,4.169514695830485,51.26452494873548,1.8571428571428572,2.9047619047619047,292.8974358974359,951.9166666666666,19.23076923076923
2007-2008,2916400,KANSAS CITY 33,KANSAS CITY 33,MO,Jackson County,74.0,74.0,25094.0,,25094.0,,156.0,98.0,960.0,765.0,,1980.0,1980.0,299.0,10.0,84.0,,,50.0,123.0,3.0,36.0,131.0,1089.0,3755.0,Urban_Institute_CCD_Historical_API,Regular Public District,Urban Core Unified,True,False,False,False,True,KS_CORSUP_Unreported,159.0,46.0,169.0,10.0,6.336175978321511,0.3985016338566988,1.8331075157408145,6.73467761217821,3.34741372439627,,78.90332350362635,8.030303030303031,0.5050505050505051,2.323232323232323,8.535353535353535,4.234354194407457,4.500665778961385,52.729693741677764,1.662162162162162,2.2837837837837838,204.01626016260164,697.0555555555555,16.097560975609756
2007-2008,2916450,KEARNEY R-I,KEARNEY R-I,MO,Clay County,8.0,8.0,3582.0,,3582.0,,2.0,12.0,95.0,121.0,,231.0,231.0,30.0,2.0,8.0,,,6.0,12.0,0.0,5.0,29.0,82.0,399.0,Urban_Institute_CCD_Historical_API,Regular Public District,Independent Town / Exurban,True,False,False,False,True,KS_CORSUP_Unreported,17.0,7.0,19.0,2.0,4.745951982132886,0.5583472920156337,1.9542155220547182,5.30429927414852,2.233389168062535,,64.48911222780569,7.35930735930736,0.8658008658008658,3.0303030303030303,8.225108225108226,4.260651629072681,4.761904761904762,57.89473684210527,1.5,2.375,298.5,716.4,19.25
2007-2008,2900031,KIPP: ENDEAVOR ACADEMY,KIPP: ENDEAVOR ACADEMY,MO,Jackson County,1.0,1.0,75.0,,75.0,,0.0,0.0,0.0,5.0,,5.0,5.0,0.0,0.0,0.0,,,0.0,0.0,0.0,0.0,2.0,0.0,7.0,Urban_Institute_CCD_Historical_API,Charter LEA,Charter LEA,False,False,False,False,True,KS_CORSUP_Unreported,0.0,0.0,0.0,0.0,0.0,0.0,0.0,0.0,0.0,,66.66666666666667,0.0,0.0,0.0,0.0,0.0,0.0,71.42857142857143,0.0,0.0,,,
2007-2008,2918220,LAWSON R-XIV,LAWSON R-XIV,MO,Ray County,3.0,3.0,1346.0,,1346.0,,1.0,5.0,30.0,55.0,,92.0,92.0,9.0,0.0,3.0,,,3.0,5.0,0.0,3.0,8.0,13.0,133.0,Urban_Institute_CCD_Historical_API,Regular Public District,Rural / Peripheral,True,False,False,False,True,KS_CORSUP_Unreported,8.0,3.0,8.0,0.0,5.943536404160475,0.0,2.2288261515601784,5.943536404160475,2.2288261515601784,,68.35066864784547,8.695652173913043,0.0,3.260869565217391,8.695652173913043,6.015037593984962,6.015037593984962,69.17293233082707,1.6666666666666667,2.6666666666666665,269.2,448.6666666666667,18.4
2007-2008,2900028,LEE A. TOLBERT COM. ACADEMY,LEE A. TOLBERT COM. ACADEMY,MO,Jackson County,2.0,2.0,568.0,,568.0,,0.0,4.0,34.0,6.0,,45.0,45.0,13.0,3.0,0.0,,,0.0,0.0,0.0,0.0,8.0,17.0,86.0,Urban_Institute_CCD_Historical_API,Charter LEA,Charter LEA,False,False,False,False,True,KS_CORSUP_Unreported,0.0,3.0,3.0,3.0,0.0,5.28169014084507,5.28169014084507,5.28169014084507,0.0,,79.22535211267606,0.0,6.666666666666667,6.666666666666667,6.666666666666667,0.0,3.488372093023256,52.32558139534884,0.0,1.5,,,
2007-2008,2918300,LEE'S SUMMIT R-VII,LEE'S SUMMIT R-VII,MO,Jackson County,25.0,25.0,17204.0,,17204.0,,18.0,31.0,523.0,563.0,,1137.0,1137.0,188.0,23.0,41.0,,,27.0,57.0,0.0,14.0,153.0,1116.0,2729.0,Urban_Institute_CCD_Historical_API,Regular Public District,Major Suburban Unified,True,False,False,False,True,KS_CORSUP_Unreported,71.0,37.0,94.0,23.0,4.126947221576378,1.3368983957219251,2.1506626365961408,5.463845617298303,2.3831667054173447,,66.08928156242735,6.244503078276165,2.0228671943711523,3.2541776605101145,8.267370272647318,2.601685599120557,3.4444851593990475,41.66361304507146,2.28,3.76,301.82456140350877,1228.857142857143,19.94736842105263
2007-2008,2918540,LIBERTY 53,LIBERTY 53,MO,Clay County,17.0,17.0,9719.0,,9719.0,,14.0,39.0,272.0,334.0,,660.0,660.0,163.0,5.0,25.0,,,16.0,30.0,0.0,12.0,68.0,635.0,1598.0,Urban_Institute_CCD_Historical_API,Regular Public District,Major Suburban Unified,True,False,False,False,True,KS_CORSUP_Unreported,42.0,17.0,47.0,5.0,4.321432246115855,0.514456219775697,1.7491511472373702,4.835888465891553,2.572281098878485,,67.90822101039201,6.363636363636363,0.7575757575757576,2.5757575757575757,7.121212121212121,2.6282853566958697,2.941176470588235,41.301627033792236,1.7647058823529411,2.764705882352941,323.96666666666664,809.9166666666666,22.0
2007-2008,2919230,LONE JACK C-6,LONE JACK C-6,MO,Jackson County,3.0,3.0,588.0,,588.0,,1.0,3.0,20.0,21.0,,45.0,45.0,11.0,0.0,2.0,,,1.0,2.0,0.0,1.0,6.0,14.0,81.0,Urban_Institute_CCD_Historical_API,Regular Public District,Rural / Peripheral,True,False,False,False,True,KS_CORSUP_Unreported,3.0,1.0,3.0,0.0,5.1020408163265305,0.0,1.7006802721088434,5.1020408163265305,3.401360544217687,,76.53061224489797,6.666666666666667,0.0,2.2222222222222223,6.666666666666667,3.7037037037037033,3.7037037037037033,55.55555555555556,0.6666666666666666,1.0,294.0,588.0,22.5
2007-2008,2931800,MIDWAY R-I,MIDWAY R-I,MO,Cass County,2.0,2.0,557.0,,557.0,,0.0,2.0,20.0,23.0,,45.0,45.0,5.0,0.0,1.0,,,3.0,2.0,0.0,2.0,5.0,15.0,75.0,Urban_Institute_CCD_Historical_API,Regular Public District,Rural / Peripheral,True,False,False,False,True,KS_CORSUP_Unreported,4.0,2.0,4.0,0.0,7.1813285457809695,0.0,3.5906642728904847,7.1813285457809695,1.7953321364452424,,80.7899461400359,8.88888888888889,0.0,4.444444444444445,8.88888888888889,5.333333333333334,5.333333333333334,60.0,1.0,2.0,278.5,278.5,22.5
2007-2008,2921060,MISSOURI CITY 56,MISSOURI CITY 56,MO,Clay County,1.0,1.0,28.0,,28.0,,0.0,0.0,3.0,0.0,,3.0,3.0,0.0,0.0,0.0,,,0.0,0.0,0.0,0.0,1.0,3.0,7.0,Urban_Institute_CCD_Historical_API,Regular Public District,Rural / Peripheral,True,False,False,False,True,KS_CORSUP_Unreported,0.0,0.0,0.0,0.0,0.0,0.0,0.0,0.0,0.0,,107.14285714285714,0.0,0.0,0.0,0.0,0.0,0.0,42.857142857142854,0.0,0.0,,,
2007-2008,2922800,NORTH KANSAS CITY 74,NORTH KANSAS CITY 74,MO,Clay County,30.0,30.0,17894.0,,17894.0,,23.0,68.0,500.0,671.0,,1264.0,1264.0,254.0,8.0,48.0,,,26.0,55.0,0.0,36.0,203.0,607.0,2475.0,Urban_Institute_CCD_Historical_API,Regular Public District,Major Suburban Unified,True,False,False,False,True,KS_CORSUP_Unreported,91.0,44.0,99.0,8.0,5.085503520733207,0.4470772325919302,2.4589247792556166,5.532580753325137,2.6824633955515815,,70.63820274952498,7.199367088607595,0.6329113924050633,3.481012658227848,7.832278481012659,3.676767676767677,4.0,51.070707070707066,1.8333333333333333,3.3,325.3454545454546,497.05555555555554,22.98181818181818
2007-2008,2922830,NORTH PLATTE CO. R-I,NORTH PLATTE CO. R-I,MO,Platte County,5.0,5.0,680.0,,680.0,,2.0,3.0,25.0,29.0,,60.0,60.0,6.0,1.0,2.0,,,2.0,1.0,0.0,1.0,6.0,14.0,91.0,Urban_Institute_CCD_Historical_API,Regular Public District,Independent Town / Exurban,True,False,False,False,True,KS_CORSUP_Unreported,2.0,2.0,3.0,1.0,2.941176470588235,1.4705882352941175,2.941176470588235,4.411764705882353,2.941176470588235,,88.23529411764706,3.3333333333333335,1.6666666666666667,3.3333333333333335,5.0,2.197802197802198,3.296703296703297,65.93406593406593,0.2,0.6,680.0,680.0,60.0
2007-2008,2923010,OAK GROVE R-VI,OAK GROVE R-VI,MO,Jackson County,4.0,4.0,2124.0,,2124.0,,3.0,8.0,58.0,76.0,,147.0,147.0,16.0,1.0,5.0,,,4.0,6.0,2.0,4.0,12.0,44.0,237.0,Urban_Institute_CCD_Historical_API,Regular Public District,Rural / Peripheral,True,False,False,False,True,KS_CORSUP_Unreported,10.0,5.0,11.0,1.0,4.708097928436911,0.4708097928436911,2.3540489642184554,5.178907721280603,2.3540489642184554,,69.2090395480226,6.802721088435375,0.6802721088435374,3.4013605442176873,7.482993197278912,4.219409282700422,4.641350210970464,62.0253164556962,1.5,2.75,354.0,531.0,24.5
2007-2008,2923220,ORRICK R-XI,ORRICK R-XI,MO,Ray County,2.0,2.0,447.0,,447.0,,1.0,2.0,17.0,15.0,,35.0,35.0,9.0,0.0,1.0,,,1.0,2.0,1.0,1.0,3.0,6.0,58.0,Urban_Institute_CCD_Historical_API,Regular Public District,Rural / Peripheral,True,False,False,False,True,KS_CORSUP_Unreported,3.0,1.0,3.0,0.0,6.7114093959731544,0.0,2.237136465324385,6.7114093959731544,2.237136465324385,,78.29977628635346,8.571428571428571,0.0,2.857142857142857,8.571428571428571,5.172413793103448,5.172413793103448,60.3448275862069,1.0,1.5,223.5,447.0,17.5
2007-2008,2923550,PARK HILL,PARK HILL,MO,Platte County,15.0,15.0,9992.0,,9992.0,,8.0,36.0,259.0,363.0,,667.0,667.0,67.0,3.0,23.0,,,15.0,25.0,0.0,11.0,86.0,286.0,1168.0,Urban_Institute_CCD_Historical_API,Regular Public District,Major Suburban Unified,True,False,False,False,True,KS_CORSUP_Unreported,36.0,14.0,39.0,3.0,3.602882305844676,0.30024019215372294,1.4011208967173738,3.9031224979983987,2.301841473178543,,66.75340272217774,5.397301349325337,0.4497751124437781,2.0989505247376314,5.847076461769116,3.0821917808219177,3.339041095890411,57.10616438356164,1.6666666666666667,2.6,399.68,908.3636363636364,26.68
2007-2008,2925230,PLATTE CO. R-III,PLATTE CO. R-III,MO,Platte County,7.0,7.0,2994.0,,2994.0,,2.0,14.0,93.0,108.0,,218.0,218.0,31.0,0.0,8.0,,,5.0,9.0,0.0,5.0,27.0,64.0,362.0,Urban_Institute_CCD_Historical_API,Regular Public District,Independent Town / Exurban,True,False,False,False,True,KS_CORSUP_Unreported,14.0,5.0,14.0,0.0,4.676018704074816,0.0,1.6700066800267201,4.676018704074816,2.6720106880427523,,72.812291249165,6.422018348623854,0.0,2.293577981651376,6.422018348623854,3.867403314917127,3.867403314917127,60.22099447513812,1.2857142857142858,2.0,332.6666666666667,598.8,24.22222222222222
2007-2008,2925330,PLEASANT HILL R-III,PLEASANT HILL R-III,MO,Cass County,5.0,5.0,2226.0,,2226.0,,2.0,9.0,68.0,64.0,,143.0,143.0,25.0,2.0,6.0,,,6.0,6.0,0.0,4.0,17.0,23.0,226.0,Urban_Institute_CCD_Historical_API,Regular Public District,Independent Town / Exurban,True,False,False,False,True,KS_CORSUP_Unreported,10.0,6.0,12.0,2.0,4.492362982929021,0.8984725965858041,2.6954177897574128,5.3908355795148255,2.6954177897574128,,64.240790655885,6.993006993006993,1.3986013986013985,4.195804195804196,8.391608391608392,4.424778761061947,5.3097345132743365,63.27433628318584,1.2,2.4,371.0,556.5,23.833333333333332
2007-2008,2923730,RAYMORE-PECULIAR R-II,RAYMORE-PECULIAR R-II,MO,Cass County,11.0,11.0,5789.0,,5789.0,,2.0,22.0,196.0,171.0,,392.0,392.0,40.0,11.0,14.0,,,11.0,16.0,7.0,11.0,35.0,148.0,674.0,Urban_Institute_CCD_Historical_API,Regular Public District,Major Suburban Unified,True,False,False,False,True,KS_CORSUP_Unreported,27.0,22.0,38.0,11.0,4.664017965106236,1.9001554672655037,3.8003109345310073,6.56417343237174,2.4183796856106405,,67.71463119709794,6.887755102040815,2.806122448979592,5.612244897959184,9.693877551020408,4.005934718100891,5.637982195845697,58.160237388724035,1.4545454545454546,3.4545454545454546,361.8125,526.2727272727273,24.5
2007-2008,2926070,RAYTOWN C-2,RAYTOWN C-2,MO,Jackson County,18.0,18.0,8848.0,,8848.0,,13.0,32.0,226.0,343.0,,616.0,616.0,168.0,25.0,26.0,,,11.0,27.0,6.0,19.0,84.0,499.0,1470.0,Urban_Institute_CCD_Historical_API,Regular Public District,Major Suburban Unified,True,False,False,False,True,KS_CORSUP_Unreported,46.0,44.0,71.0,25.0,5.198915009041591,2.825497287522604,4.9728752260397835,8.024412296564195,2.938517179023508,,69.62025316455696,7.467532467532467,4.058441558441558,7.142857142857142,11.525974025974026,3.1292517006802725,4.829931972789116,41.904761904761905,1.5,3.9444444444444446,327.7037037037037,465.6842105263158,22.814814814814813
2007-2008,2926480,RICHMOND R-XVI,RICHMOND R-XVI,MO,Ray County,4.0,4.0,1676.0,,1676.0,,2.0,7.0,48.0,61.0,,120.0,120.0,23.0,0.0,5.0,,,4.0,7.0,0.0,3.0,13.0,50.0,221.0,Urban_Institute_CCD_Historical_API,Regular Public District,Rural / Peripheral,True,False,False,False,True,KS_CORSUP_Unreported,10.0,3.0,10.0,0.0,5.966587112171838,0.0,1.7899761336515514,5.966587112171838,2.983293556085919,,71.59904534606206,8.333333333333332,0.0,2.5,8.333333333333332,4.524886877828054,4.524886877828054,54.29864253393665,1.75,2.5,239.42857142857142,558.6666666666666,17.142857142857142
2007-2008,2900019,SCUOLA VITA NUOVA,SCUOLA VITA NUOVA,MO,Jackson County,1.0,1.0,201.0,,201.0,,0.0,2.0,12.0,0.0,,14.0,14.0,0.0,0.0,0.0,,,0.0,1.0,0.0,0.0,4.0,4.0,23.0,Urban_Institute_CCD_Historical_API,Charter LEA,Charter LEA,False,False,False,False,True,KS_CORSUP_Unreported,1.0,0.0,1.0,0.0,4.975124378109452,0.0,0.0,4.975124378109452,0.0,,69.65174129353234,7.142857142857142,0.0,0.0,7.142857142857142,4.3478260869565215,4.3478260869565215,60.86956521739131,1.0,1.0,201.0,,14.0
2007-2008,2910320,SHERWOOD CASS R-VIII,SHERWOOD CASS R-VIII,MO,Cass County,3.0,3.0,872.0,,872.0,,1.0,5.0,25.0,36.0,,68.0,68.0,11.0,0.0,3.0,,,2.0,3.0,0.0,1.0,7.0,34.0,127.0,Urban_Institute_CCD_Historical_API,Regular Public District,Rural / Peripheral,True,False,False,False,True,KS_CORSUP_Unreported,4.0,1.0,4.0,0.0,4.587155963302752,0.0,1.146788990825688,4.587155963302752,3.4403669724770642,,77.9816513761468,5.88235294117647,0.0,1.4705882352941175,5.88235294117647,3.149606299212598,3.149606299212598,53.54330708661418,1.0,1.3333333333333333,290.6666666666667,872.0,22.666666666666668
2007-2008,2928410,SMITHVILLE R-II,SMITHVILLE R-II,MO,Clay County,4.0,4.0,2188.0,,2188.0,,1.0,6.0,53.0,76.0,,138.0,138.0,28.0,2.0,5.0,,,5.0,7.0,0.0,4.0,11.0,16.0,211.0,Urban_Institute_CCD_Historical_API,Regular Public District,Independent Town / Exurban,True,False,False,False,True,KS_CORSUP_Unreported,11.0,6.0,13.0,2.0,5.027422303473492,0.9140767824497258,2.742230347349177,5.941499085923217,2.2851919561243146,,63.07129798903108,7.971014492753622,1.4492753623188406,4.3478260869565215,9.420289855072465,5.213270142180095,6.161137440758294,65.40284360189574,1.75,3.25,312.57142857142856,547.0,19.714285714285715
2007-2008,2900022,STATE SCHOOLS FOR SEV HANDIC,STATE SCHOOLS FOR SEV HANDIC,MO,Unknown,36.0,36.0,1029.0,,1029.0,,0.0,3.0,184.0,0.0,,187.0,187.0,315.0,1.0,0.0,,,0.0,23.0,0.0,6.0,83.0,55.0,670.0,Urban_Institute_CCD_Historical_API,Charter LEA,Charter LEA,False,False,False,False,True,KS_CORSUP_Unreported,29.0,7.0,30.0,1.0,28.182701652089406,0.9718172983479105,6.802721088435374,29.154518950437318,0.0,,181.7298347910593,15.508021390374333,0.53475935828877,3.7433155080213902,16.0427807486631,4.328358208955224,4.477611940298507,27.91044776119403,0.6388888888888888,0.8333333333333334,44.73913043478261,171.5,8.130434782608695
2007-2008,2929670,STRASBURG C-3,STRASBURG C-3,MO,Cass County,1.0,1.0,85.0,,85.0,,0.0,1.0,10.0,0.0,,11.0,11.0,0.0,0.0,0.0,,,0.0,0.0,0.0,0.0,3.0,4.0,18.0,Urban_Institute_CCD_Historical_API,Regular Public District,Rural / Peripheral,True,False,False,False,True,KS_CORSUP_Unreported,0.0,0.0,0.0,0.0,0.0,0.0,0.0,0.0,0.0,,129.41176470588238,0.0,0.0,0.0,0.0,0.0,0.0,61.111111111111114,0.0,0.0,,,
2007-2008,2900027,UNIVERSITY ACADEMY,UNIVERSITY ACADEMY,MO,Jackson County,3.0,3.0,1131.0,,1131.0,,0.0,7.0,36.0,28.0,,72.0,72.0,5.0,0.0,2.0,,,2.0,5.0,0.0,10.0,4.0,31.0,129.0,Urban_Institute_CCD_Historical_API,Charter LEA,Charter LEA,False,False,False,False,True,KS_CORSUP_Unreported,15.0,10.0,15.0,0.0,13.262599469496022,0.0,8.841732979664014,13.262599469496022,1.7683465959328026,,63.6604774535809,20.833333333333336,0.0,13.88888888888889,20.833333333333336,11.627906976744185,11.627906976744185,55.81395348837209,1.6666666666666667,5.0,226.2,113.1,14.4
2007-2008,2931110,WASHINGTON,WASHINGTON,MO,Unknown,12.0,12.0,4280.0,,4280.0,,12.0,14.0,135.0,142.0,,304.0,304.0,63.0,2.0,10.0,,,7.0,13.0,0.0,6.0,42.0,99.0,539.0,Urban_Institute_CCD_Historical_API,Regular Public District,Rural / Peripheral,False,False,False,False,True,KS_CORSUP_Unreported,19.0,8.0,21.0,2.0,4.4392523364485985,0.4672897196261682,1.8691588785046729,4.906542056074766,2.336448598130841,,71.02803738317758,6.25,0.6578947368421052,2.631578947368421,6.907894736842106,3.525046382189239,3.896103896103896,56.400742115027825,1.0833333333333333,1.75,329.2307692307692,713.3333333333334,23.384615384615383
2007-2008,2931710,WEST PLATTE CO. R-II,WEST PLATTE CO. R-II,MO,Platte County,2.0,2.0,673.0,,673.0,,1.0,3.0,26.0,26.0,,56.0,56.0,3.0,1.0,2.0,,,1.0,2.0,0.0,1.0,5.0,12.0,82.0,Urban_Institute_CCD_Historical_API,Regular Public District,Independent Town / Exurban,True,False,False,False,True,KS_CORSUP_Unreported,3.0,2.0,4.0,1.0,4.457652303120357,1.4858841010401187,2.9717682020802374,5.943536404160475,2.9717682020802374,,83.20950965824666,5.357142857142857,1.7857142857142856,3.571428571428571,7.142857142857142,3.6585365853658534,4.878048780487805,68.29268292682927,1.0,2.0,336.5,673.0,28.0
2008-2009,2003780,BASEHOR-LINWOOD,BASEHOR-LINWOOD,KS,Leavenworth County,5.0,5.0,2265.0,,2265.0,,0.0,4.0,46.0,57.0,1.0,109.0,109.0,4.0,0.0,6.0,,,3.0,8.0,7.0,2.0,1.0,2.0,139.0,Urban_Institute_CCD_Historical_API,Regular Public District,Independent Town / Exurban,True,False,False,False,True,KS_CORSUP_Unreported,10.0,2.0,10.0,0.0,4.415011037527594,0.0,0.8830022075055187,4.415011037527594,2.6490066225165565,,48.12362030905077,9.174311926605505,0.0,1.834862385321101,9.174311926605505,7.194244604316546,7.194244604316546,78.41726618705036,1.6,2.0,283.125,1132.5,13.625
2008-2009,2012000,BLUE VALLEY,BLUE VALLEY,KS,Johnson County,32.0,32.0,20969.0,,20969.0,,22.0,58.0,562.0,735.0,0.0,1378.0,1378.0,326.0,8.0,55.0,,,35.0,57.0,76.0,7.0,2.0,59.0,1968.0,Urban_Institute_CCD_Historical_API,Regular Public District,Major Suburban Unified,True,False,False,False,True,KS_CORSUP_Unreported,64.0,15.0,72.0,8.0,3.0521245648338025,0.3815155706042253,0.7153416948829224,3.4336401354380275,2.622919547904049,,65.71605703657781,4.644412191582003,0.5805515239477503,1.0885341074020318,5.2249637155297535,3.2520325203252036,3.6585365853658534,70.02032520325203,1.78125,2.25,367.87719298245617,2995.5714285714284,24.17543859649123
2008-2009,2004050,BONNER SPRINGS,BONNER SPRINGS,KS,Wyandotte County,5.0,5.0,2385.0,,2385.0,,1.0,9.0,61.0,89.0,0.0,161.0,161.0,12.0,0.0,6.0,,,4.0,11.0,10.0,1.0,2.0,1.0,204.0,Urban_Institute_CCD_Historical_API,Regular Public District,Independent Town / Exurban,True,False,False,False,True,KS_CORSUP_Unreported,12.0,1.0,12.0,0.0,5.031446540880503,0.0,0.4192872117400419,5.031446540880503,2.5157232704402515,,67.50524109014674,7.453416149068323,0.0,0.6211180124223602,7.453416149068323,5.88235294117647,5.88235294117647,78.92156862745098,2.2,2.4,216.8181818181818,2385.0,14.636363636363637
2008-2009,2005490,DE SOTO,DE SOTO,KS,Johnson County,11.0,11.0,6445.0,,6445.0,,4.0,19.0,189.0,242.0,1.0,456.0,456.0,74.0,0.0,16.0,,,11.0,20.0,18.0,3.0,1.0,16.0,604.0,Urban_Institute_CCD_Historical_API,Regular Public District,Independent Town / Exurban,True,False,False,False,True,KS_CORSUP_Unreported,23.0,3.0,23.0,0.0,3.568657874321179,0.0,0.46547711404189296,3.568657874321179,2.482544608223429,,70.75252133436773,5.0438596491228065,0.0,0.6578947368421052,5.0438596491228065,3.80794701986755,3.80794701986755,75.49668874172185,1.8181818181818181,2.090909090909091,322.25,2148.3333333333335,22.8
2008-2009,2005640,EASTON,EASTON,KS,Leavenworth County,4.0,4.0,692.0,,692.0,,0.0,2.0,17.0,35.0,0.0,54.0,54.0,0.0,0.0,2.0,,,0.0,5.0,5.0,1.0,1.0,0.0,68.0,Urban_Institute_CCD_Historical_API,Regular Public District,Rural / Peripheral,True,False,False,False,True,KS_CORSUP_Unreported,6.0,1.0,6.0,0.0,8.670520231213873,0.0,1.445086705202312,8.670520231213873,2.890173410404624,,78.03468208092485,11.11111111111111,0.0,1.8518518518518516,11.11111111111111,8.823529411764707,8.823529411764707,79.41176470588235,1.25,1.5,138.4,692.0,10.8
2008-2009,2006330,FT LEAVENWORTH,FT LEAVENWORTH,KS,Leavenworth County,4.0,4.0,1776.0,,1776.0,,0.0,12.0,75.0,30.0,0.0,117.0,117.0,8.0,0.0,4.0,,,4.0,5.0,3.0,2.0,1.0,0.0,140.0,Urban_Institute_CCD_Historical_API,Regular Public District,Independent Town / Exurban,True,False,False,False,True,KS_CORSUP_Unreported,7.0,2.0,7.0,0.0,3.941441441441441,0.0,1.1261261261261262,3.941441441441441,2.2522522522522523,,65.87837837837837,5.982905982905983,0.0,1.7094017094017095,5.982905982905983,5.0,5.0,83.57142857142857,1.25,1.75,355.2,888.0,23.4
2008-2009,2006420,GARDNER EDGERTON,GARDNER EDGERTON,KS,Johnson County,9.0,9.0,4566.0,,4566.0,,9.0,17.0,150.0,142.0,0.0,320.0,320.0,98.0,3.0,12.0,,,9.0,14.0,19.0,3.0,1.0,5.0,475.0,Urban_Institute_CCD_Historical_API,Regular Public District,Independent Town / Exurban,True,False,False,False,True,KS_CORSUP_Unreported,17.0,6.0,20.0,3.0,3.7231712658782303,0.657030223390276,1.314060446780552,4.380201489268506,2.628120893561104,,70.0832238282961,5.3125,0.9375,1.875,6.25,3.578947368421052,4.2105263157894735,67.36842105263158,1.5555555555555556,2.2222222222222223,326.14285714285717,1522.0,22.857142857142858
2008-2009,2007950,KANSAS CITY,KANSAS CITY,KS,Wyandotte County,46.0,46.0,20317.0,,20317.0,,47.0,85.0,610.0,670.0,2.0,1416.0,1416.0,227.0,16.0,21.0,,,24.0,80.0,98.0,3.0,6.0,100.0,1967.0,Urban_Institute_CCD_Historical_API,Regular Public District,Urban Core Unified,True,False,False,False,True,KS_CORSUP_Unreported,83.0,19.0,99.0,16.0,4.08524880641827,0.7875178422011124,0.935177437613821,4.872766648619383,1.03361716788896,,69.69532903479845,5.861581920903955,1.1299435028248588,1.3418079096045197,6.991525423728813,4.219623792577529,5.033045246568378,71.98779867819015,1.7391304347826086,2.152173913043478,253.9625,6772.333333333333,17.7
2008-2009,2000025,KS. STATE PENITENTIARY,KS. STATE PENITENTIARY,KS,Leavenworth County,1.0,1.0,,,,,0.0,0.0,0.0,0.0,0.0,0.0,0.0,0.0,0.0,0.0,,,0.0,0.0,0.0,0.0,0.0,0.0,,Urban_Institute_CCD_Historical_API,Specialized State Agency,Specialized State Agency,False,False,False,False,True,KS_CORSUP_Unreported,0.0,0.0,0.0,0.0,,,,,,,,,,,,,,,0.0,0.0,,,
2008-2009,2008340,LANSING,LANSING,KS,Leavenworth County,5.0,5.0,2370.0,,2370.0,,0.0,8.0,47.0,75.0,0.0,130.0,130.0,9.0,0.0,4.0,,,3.0,6.0,4.0,1.0,1.0,2.0,157.0,Urban_Institute_CCD_Historical_API,Regular Public District,Independent Town / Exurban,True,False,False,False,True,KS_CORSUP_Unreported,7.0,1.0,7.0,0.0,2.9535864978902953,0.0,0.4219409282700422,2.9535864978902953,1.6877637130801688,,54.85232067510549,5.384615384615385,0.0,0.7692307692307693,5.384615384615385,4.45859872611465,4.45859872611465,82.80254777070064,1.2,1.4,395.0,2370.0,21.666666666666668
2008-2009,2008430,LEAVENWORTH,LEAVENWORTH,KS,Leavenworth County,10.0,10.0,4038.0,,4038.0,,20.0,16.0,141.0,216.0,3.0,397.0,397.0,238.0,3.0,7.0,,,6.0,17.0,5.0,3.0,0.0,16.0,686.0,Urban_Institute_CCD_Historical_API,Regular Public District,Independent Town / Exurban,True,False,False,False,True,KS_CORSUP_Unreported,20.0,6.0,23.0,3.0,4.952947003467063,0.7429420505200593,1.4858841010401187,5.695889053987122,1.7335314512134719,,98.31599801882119,5.037783375314862,0.7556675062972292,1.5113350125944585,5.793450881612091,2.9154518950437316,3.3527696793002915,57.87172011661808,1.7,2.3,237.52941176470588,1346.0,23.352941176470587
2008-2009,2008970,LOUISBURG,LOUISBURG,KS,Miami County,5.0,5.0,1723.0,,1723.0,,0.0,6.0,36.0,53.0,0.0,96.0,96.0,12.0,0.0,1.0,,,1.0,5.0,10.0,0.0,0.0,0.0,124.0,Urban_Institute_CCD_Historical_API,Regular Public District,Independent Town / Exurban,True,False,False,False,True,KS_CORSUP_Unreported,5.0,0.0,5.0,0.0,2.901915264074289,0.0,0.0,2.901915264074289,0.5803830528148578,,55.71677307022635,5.208333333333334,0.0,0.0,5.208333333333334,4.032258064516129,4.032258064516129,77.41935483870968,1.0,1.0,344.6,,19.2
2008-2009,2010140,OLATHE,OLATHE,KS,Johnson County,49.0,49.0,26662.0,,26662.0,,33.0,92.0,824.0,969.0,6.0,1925.0,1925.0,602.0,6.0,66.0,,,48.0,82.0,74.0,4.0,11.0,92.0,2862.0,Urban_Institute_CCD_Historical_API,Regular Public District,Major Suburban Unified,True,False,False,False,True,KS_CORSUP_Unreported,86.0,10.0,92.0,6.0,3.225564473782912,0.22503938189183106,0.37506563648638513,3.4506038556747427,2.475433200810142,,72.20013502362914,4.467532467532467,0.3116883116883117,0.5194805194805194,4.77922077922078,3.004891684136967,3.2145352900069883,67.2606568832984,1.6734693877551021,1.8775510204081634,325.1463414634146,6665.5,23.475609756097562
2008-2009,2010260,OSAWATOMIE,OSAWATOMIE,KS,Miami County,4.0,4.0,1196.0,,1196.0,,0.0,9.0,30.0,45.0,0.0,84.0,84.0,11.0,0.0,2.0,,,2.0,6.0,5.0,1.0,1.0,0.0,110.0,Urban_Institute_CCD_Historical_API,Regular Public District,Independent Town / Exurban,True,False,False,False,True,KS_CORSUP_Unreported,7.0,1.0,7.0,0.0,5.852842809364548,0.0,0.8361204013377926,5.852842809364548,1.6722408026755853,,70.23411371237458,8.333333333333332,0.0,1.1904761904761905,8.333333333333332,6.363636363636363,6.363636363636363,76.36363636363637,1.5,1.75,199.33333333333334,1196.0,14.0
2008-2009,2010500,PAOLA,PAOLA,KS,Miami County,5.0,5.0,2026.0,,2026.0,,7.0,8.0,75.0,119.0,0.0,210.0,210.0,245.0,2.0,5.0,,,4.0,8.0,12.0,3.0,0.0,10.0,495.0,Urban_Institute_CCD_Historical_API,Regular Public District,Independent Town / Exurban,True,False,False,False,True,KS_CORSUP_Unreported,11.0,5.0,13.0,2.0,5.429417571569595,0.9871668311944718,2.4679170779861797,6.416584402764067,2.4679170779861797,,103.65251727541954,5.238095238095238,0.9523809523809524,2.380952380952381,6.190476190476191,2.2222222222222223,2.6262626262626263,42.42424242424242,1.6,2.6,253.25,675.3333333333334,26.25
2008-2009,2010680,PIPER-KANSAS CITY,PIPER-KANSAS CITY,KS,Wyandotte County,4.0,4.0,1627.0,,1627.0,,0.0,4.0,31.0,55.0,0.0,91.0,91.0,12.0,0.0,4.0,,,2.0,6.0,7.0,2.0,0.0,0.0,122.0,Urban_Institute_CCD_Historical_API,Regular Public District,Independent Town / Exurban,True,False,False,False,True,KS_CORSUP_Unreported,8.0,2.0,8.0,0.0,4.917025199754148,0.0,1.229256299938537,4.917025199754148,2.458512599877074,,55.931161647203446,8.791208791208792,0.0,2.197802197802198,8.791208791208792,6.557377049180328,6.557377049180328,74.59016393442623,1.5,2.0,271.1666666666667,813.5,15.166666666666666
2008-2009,2008250,PRAIRIE VIEW,PRAIRIE VIEW,KS,Unknown,5.0,5.0,1011.0,,1011.0,,0.0,4.0,28.0,38.0,0.0,70.0,70.0,8.0,0.0,2.0,,,3.0,5.0,5.0,1.0,0.0,0.0,91.0,Urban_Institute_CCD_Historical_API,Regular Public District,Rural / Peripheral,False,False,False,False,True,KS_CORSUP_Unreported,6.0,1.0,6.0,0.0,5.934718100890208,0.0,0.9891196834817012,5.934718100890208,1.9782393669634024,,69.23837784371908,8.571428571428571,0.0,1.4285714285714286,8.571428571428571,6.593406593406594,6.593406593406594,76.92307692307693,1.0,1.2,202.2,1011.0,14.0
2008-2009,2000018,SCHOOL FOR BLIND,SCHOOL FOR BLIND,KS,Wyandotte County,2.0,2.0,52.0,,52.0,,0.0,0.0,6.0,9.0,0.0,15.0,15.0,0.0,0.0,0.0,,,0.0,1.0,0.0,0.0,0.0,0.0,16.0,Urban_Institute_CCD_Historical_API,Specialized State Agency,Specialized State Agency,False,False,False,False,True,KS_CORSUP_Unreported,1.0,0.0,1.0,0.0,19.230769230769234,0.0,0.0,19.230769230769234,0.0,,288.46153846153845,6.666666666666667,0.0,0.0,6.666666666666667,6.25,6.25,93.75,0.5,0.5,52.0,,15.0
2008-2009,2000019,SCHOOL FOR DEAF,SCHOOL FOR DEAF,KS,Johnson County,2.0,2.0,126.0,,126.0,,3.0,1.0,11.0,19.0,0.0,34.0,34.0,0.0,0.0,1.0,,,1.0,3.0,0.0,1.0,1.0,1.0,41.0,Urban_Institute_CCD_Historical_API,Specialized State Agency,Specialized State Agency,False,False,False,False,True,KS_CORSUP_Unreported,4.0,1.0,4.0,0.0,31.746031746031743,0.0,7.936507936507936,31.746031746031743,7.936507936507936,,269.8412698412698,11.76470588235294,0.0,2.941176470588235,11.76470588235294,9.75609756097561,9.75609756097561,82.92682926829268,1.5,2.0,42.0,126.0,11.333333333333334
2008-2009,2011640,SHAWNEE MISSION PUB SCH,SHAWNEE MISSION PUB SCH,KS,Johnson County,48.0,48.0,27442.0,,27442.0,,20.0,98.0,907.0,929.0,2.0,1958.0,1958.0,539.0,5.0,50.0,,,52.0,76.0,78.0,5.0,1.0,40.0,2752.0,Urban_Institute_CCD_Historical_API,Regular Public District,Major Suburban Unified,True,False,False,False,True,KS_CORSUP_Unreported,81.0,10.0,86.0,5.0,2.951679906712339,0.18220246337730486,0.3644049267546097,3.1338823700896437,1.8220246337730486,,71.35048465855257,4.136874361593463,0.2553626149131767,0.5107252298263534,4.39223697650664,2.943313953488372,3.125,71.14825581395348,1.5833333333333333,1.7916666666666667,361.07894736842104,5488.4,25.763157894736842
2008-2009,2011850,SPRING HILL,SPRING HILL,KS,Johnson County,6.0,6.0,2525.0,,2525.0,,3.0,8.0,52.0,75.0,0.0,138.0,138.0,34.0,0.0,4.0,,,4.0,8.0,9.0,3.0,1.0,3.0,200.0,Urban_Institute_CCD_Historical_API,Regular Public District,Independent Town / Exurban,True,False,False,False,True,KS_CORSUP_Unreported,11.0,3.0,11.0,0.0,4.356435643564357,0.0,1.188118811881188,4.356435643564357,1.5841584158415842,,54.65346534653465,7.971014492753622,0.0,2.1739130434782608,7.971014492753622,5.5,5.5,69.0,1.3333333333333333,1.8333333333333333,315.625,841.6666666666666,17.25
2008-2009,2012210,TONGANOXIE,TONGANOXIE,KS,Leavenworth County,3.0,3.0,1840.0,,1840.0,,0.0,7.0,41.0,66.0,0.0,115.0,115.0,8.0,0.0,4.0,,,3.0,6.0,8.0,2.0,0.0,0.0,143.0,Urban_Institute_CCD_Historical_API,Regular Public District,Independent Town / Exurban,True,False,False,False,True,KS_CORSUP_Unreported,8.0,2.0,8.0,0.0,4.3478260869565215,0.0,1.0869565217391304,4.3478260869565215,2.1739130434782608,,62.5,6.956521739130435,0.0,1.7391304347826086,6.956521739130435,5.594405594405594,5.594405594405594,80.41958041958041,2.0,2.6666666666666665,306.6666666666667,920.0,19.166666666666668
2008-2009,2012360,TURNER-KANSAS CITY,TURNER-KANSAS CITY,KS,Wyandotte County,9.0,9.0,4187.0,,4187.0,,6.0,24.0,114.0,114.0,4.0,263.0,263.0,75.0,0.0,9.0,,,6.0,15.0,18.0,4.0,0.0,18.0,402.0,Urban_Institute_CCD_Historical_API,Regular Public District,Independent Town / Exurban,True,False,False,False,True,KS_CORSUP_Unreported,19.0,4.0,19.0,0.0,4.537855266300453,0.0,0.9553379508000955,4.537855266300453,2.149510389300215,,62.81347026510628,7.224334600760455,0.0,1.520912547528517,7.224334600760455,4.72636815920398,4.72636815920398,65.4228855721393,1.6666666666666667,2.111111111111111,279.1333333333333,1046.75,17.533333333333335
2008-2009,2900017,ACADEMIE LAFAYETTE,ACADEMIE LAFAYETTE,MO,Jackson County,1.0,1.0,483.0,,483.0,,0.0,6.0,31.0,0.0,,37.0,37.0,0.0,0.0,1.0,,,2.0,2.0,0.0,0.0,5.0,1.0,46.0,Urban_Institute_CCD_Historical_API,Charter LEA,Charter LEA,False,False,False,False,True,KS_CORSUP_Unreported,2.0,0.0,2.0,0.0,4.140786749482402,0.0,0.0,4.140786749482402,2.070393374741201,,76.60455486542443,5.405405405405405,0.0,0.0,5.405405405405405,4.3478260869565215,4.3478260869565215,80.43478260869566,2.0,2.0,241.5,,18.5
2008-2009,2900025,ALLEN VILLAGE,ALLEN VILLAGE,MO,Jackson County,1.0,1.0,454.0,,454.0,,0.0,1.0,21.0,0.0,,22.0,22.0,12.0,0.0,0.0,,,0.0,1.0,0.0,0.0,2.0,5.0,42.0,Urban_Institute_CCD_Historical_API,Charter LEA,Charter LEA,False,False,False,False,True,KS_CORSUP_Unreported,1.0,0.0,1.0,0.0,2.2026431718061676,0.0,0.0,2.2026431718061676,0.0,,48.458149779735685,4.545454545454546,0.0,0.0,4.545454545454546,2.380952380952381,2.380952380952381,52.38095238095239,1.0,1.0,454.0,,22.0
2008-2009,2900029,ALTA VISTA CHARTER SCH.,ALTA VISTA CHARTER SCH.,MO,Jackson County,1.0,1.0,181.0,,181.0,,0.0,0.0,0.0,14.0,,14.0,14.0,0.0,0.0,0.0,,,0.0,0.0,0.0,0.0,3.0,3.0,20.0,Urban_Institute_CCD_Historical_API,Charter LEA,Charter LEA,False,False,False,False,True,KS_CORSUP_Unreported,0.0,0.0,0.0,0.0,0.0,0.0,0.0,0.0,0.0,,77.34806629834254,0.0,0.0,0.0,0.0,0.0,0.0,70.0,0.0,0.0,,,
2008-2009,2903200,ARCHIE R-V,ARCHIE R-V,MO,Cass County,2.0,2.0,621.0,,621.0,,1.0,2.0,18.0,22.0,,43.0,43.0,6.0,0.0,2.0,,,1.0,2.0,0.0,1.0,5.0,10.0,69.0,Urban_Institute_CCD_Historical_API,Regular Public District,Rural / Peripheral,True,False,False,False,True,KS_CORSUP_Unreported,3.0,1.0,3.0,0.0,4.830917874396135,0.0,1.6103059581320451,4.830917874396135,3.2206119162640903,,69.24315619967794,6.976744186046512,0.0,2.3255813953488373,6.976744186046512,4.3478260869565215,4.3478260869565215,62.31884057971014,1.0,1.5,310.5,621.0,21.5
2008-2009,2900011,B. BANNEKER ACADEMY,B. BANNEKER ACADEMY,MO,Jackson County,1.0,1.0,233.0,,233.0,,0.0,2.0,14.0,0.0,,16.0,16.0,0.0,0.0,0.0,,,0.0,0.0,0.0,0.0,7.0,1.0,24.0,Urban_Institute_CCD_Historical_API,Charter LEA,Charter LEA,False,False,False,False,True,KS_CORSUP_Unreported,0.0,0.0,0.0,0.0,0.0,0.0,0.0,0.0,0.0,,68.6695278969957,0.0,0.0,0.0,0.0,0.0,0.0,66.66666666666666,0.0,0.0,,,
2008-2009,2904620,BELTON 124,BELTON 124,MO,Cass County,11.0,11.0,4959.0,,4959.0,,18.0,23.0,151.0,144.0,,337.0,337.0,102.0,7.0,13.0,,,9.0,15.0,0.0,8.0,55.0,54.0,591.0,Urban_Institute_CCD_Historical_API,Regular Public District,Independent Town / Exurban,True,False,False,False,True,KS_CORSUP_Unreported,23.0,15.0,30.0,7.0,4.638031861262351,1.4115749142972374,3.0248033877797944,6.049606775559589,2.621496269409155,,67.95724944545272,6.824925816023739,2.0771513353115725,4.451038575667656,8.902077151335313,3.8917089678511,5.0761421319796955,57.021996615905245,1.3636363636363635,2.727272727272727,330.6,619.875,22.466666666666665
2008-2009,2905310,BLUE SPRINGS R-IV,BLUE SPRINGS R-IV,MO,Jackson County,22.0,22.0,13949.0,,13949.0,,18.0,58.0,362.0,480.0,,919.0,919.0,241.0,17.0,38.0,,,13.0,39.0,29.0,14.0,103.0,381.0,1781.0,Urban_Institute_CCD_Historical_API,Regular Public District,Major Suburban Unified,True,False,False,False,True,KS_CORSUP_Unreported,53.0,31.0,70.0,17.0,3.7995555236934546,1.2187253566563911,2.2223815327263603,5.018280880349846,2.724209620761345,,65.88285898630726,5.767138193688792,1.8498367791077257,3.373231773667029,7.616974972796518,2.9758562605277934,3.9303761931499155,51.60022459292533,1.7727272727272727,3.1818181818181817,357.6666666666667,996.3571428571429,23.564102564102566
2008-2009,2900024,BROOKSIDE CHARTER SCH.,BROOKSIDE CHARTER SCH.,MO,Jackson County,2.0,2.0,426.0,,426.0,,0.0,2.0,16.0,13.0,,32.0,32.0,0.0,1.0,0.0,,,0.0,2.0,1.0,1.0,4.0,2.0,43.0,Urban_Institute_CCD_Historical_API,Charter LEA,Charter LEA,False,False,False,False,True,KS_CORSUP_Unreported,3.0,2.0,4.0,1.0,7.042253521126761,2.347417840375587,4.694835680751174,9.389671361502348,0.0,,75.11737089201878,9.375,3.125,6.25,12.5,6.976744186046512,9.30232558139535,74.4186046511628,1.0,2.0,213.0,426.0,16.0
2008-2009,2908250,CENTER 58,CENTER 58,MO,Jackson County,8.0,8.0,2420.0,,2420.0,,9.0,10.0,90.0,113.0,,223.0,223.0,40.0,7.0,8.0,,,6.0,10.0,0.0,5.0,37.0,130.0,460.0,Urban_Institute_CCD_Historical_API,Regular Public District,Urban Core Unified,True,False,False,False,True,KS_CORSUP_Unreported,15.0,12.0,22.0,7.0,6.198347107438017,2.892561983471074,4.958677685950414,9.09090909090909,3.3057851239669422,,92.14876033057853,6.726457399103139,3.1390134529147984,5.381165919282512,9.865470852017937,3.260869565217391,4.782608695652174,48.47826086956522,1.25,2.75,242.0,484.0,22.3
2008-2009,2900013,DELLA LAMB ELEM.,DELLA LAMB ELEM.,MO,Jackson County,1.0,1.0,484.0,,484.0,,0.0,5.0,27.0,0.0,,33.0,33.0,1.0,0.0,0.0,,,0.0,0.0,0.0,0.0,0.0,0.0,34.0,Urban_Institute_CCD_Historical_API,Charter LEA,Charter LEA,False,False,False,False,True,KS_CORSUP_Unreported,0.0,0.0,0.0,0.0,0.0,0.0,0.0,0.0,0.0,,68.18181818181817,0.0,0.0,0.0,0.0,0.0,0.0,97.05882352941177,0.0,0.0,,,
2008-2009,2900009,DIVISION OF YOUTH SERVICES,DIVISION OF YOUTH SERVICES,MO,Unknown,42.0,42.0,977.0,,977.0,,0.0,0.0,0.0,123.0,,123.0,123.0,0.0,7.0,2.0,,,0.0,0.0,0.0,0.0,0.0,0.0,132.0,Urban_Institute_CCD_Historical_API,Specialized State Agency,Specialized State Agency,False,False,False,False,True,KS_CORSUP_Unreported,0.0,7.0,7.0,7.0,0.0,7.164790174002047,7.164790174002047,7.164790174002047,2.0470829068577276,,125.89559877175024,0.0,5.691056910569105,5.691056910569105,5.691056910569105,0.0,5.303030303030303,93.18181818181817,0.0,0.16666666666666666,,,
2008-2009,2911070,DREXEL R-IV,DREXEL R-IV,MO,Cass County,2.0,2.0,273.0,,273.0,,1.0,1.0,11.0,17.0,,31.0,31.0,5.0,0.0,1.0,,,1.0,2.0,0.0,1.0,5.0,7.0,52.0,Urban_Institute_CCD_Historical_API,Regular Public District,Rural / Peripheral,True,False,False,False,True,KS_CORSUP_Unreported,3.0,1.0,3.0,0.0,10.989010989010989,0.0,3.663003663003663,10.989010989010989,3.663003663003663,,113.55311355311355,9.67741935483871,0.0,3.225806451612903,9.67741935483871,5.769230769230769,5.769230769230769,59.61538461538461,1.0,1.5,136.5,273.0,15.5
2008-2009,2911160,EAST LYNNE 40,EAST LYNNE 40,MO,Cass County,1.0,1.0,198.0,,198.0,,0.0,0.0,11.0,0.0,,11.0,11.0,0.0,0.0,0.0,,,0.0,0.0,0.0,0.0,2.0,4.0,17.0,Urban_Institute_CCD_Historical_API,Regular Public District,Rural / Peripheral,True,False,False,False,True,KS_CORSUP_Unreported,0.0,0.0,0.0,0.0,0.0,0.0,0.0,0.0,0.0,,55.55555555555555,0.0,0.0,0.0,0.0,0.0,0.0,64.70588235294117,0.0,0.0,,,
2008-2009,2911650,EXCELSIOR SPRINGS 40,EXCELSIOR SPRINGS 40,MO,Clay County,7.0,7.0,2780.0,,2780.0,,3.0,11.0,80.0,115.0,,212.0,212.0,31.0,4.0,8.0,,,3.0,10.0,0.0,5.0,25.0,106.0,401.0,Urban_Institute_CCD_Historical_API,Regular Public District,Independent Town / Exurban,True,False,False,False,True,KS_CORSUP_Unreported,15.0,9.0,19.0,4.0,5.39568345323741,1.4388489208633093,3.237410071942446,6.834532374100719,2.8776978417266186,,76.2589928057554,7.0754716981132075,1.8867924528301887,4.245283018867925,8.962264150943396,3.7406483790523692,4.738154613466334,52.867830423940156,1.4285714285714286,2.7142857142857144,278.0,556.0,21.2
2008-2009,2912290,FORT OSAGE R-I,FORT OSAGE R-I,MO,Jackson County,12.0,12.0,4880.0,,4880.0,,7.0,23.0,165.0,175.0,,372.0,372.0,105.0,8.0,14.0,,,9.0,13.0,0.0,9.0,47.0,239.0,807.0,Urban_Institute_CCD_Historical_API,Regular Public District,Independent Town / Exurban,True,False,False,False,True,KS_CORSUP_Unreported,22.0,17.0,30.0,8.0,4.508196721311475,1.639344262295082,3.4836065573770494,6.147540983606557,2.8688524590163933,,76.22950819672131,5.913978494623656,2.1505376344086025,4.56989247311828,8.064516129032258,2.7261462205700124,3.717472118959108,46.09665427509294,1.0833333333333333,2.5,375.38461538461536,542.2222222222222,28.615384615384617
2008-2009,2900016,GENESIS SCHOOL INC.,GENESIS SCHOOL INC.,MO,Jackson County,1.0,1.0,106.0,,106.0,,0.0,0.0,0.0,6.0,,6.0,6.0,0.0,0.0,0.0,,,0.0,0.0,0.0,0.0,5.0,1.0,12.0,Urban_Institute_CCD_Historical_API,Charter LEA,Charter LEA,False,False,False,False,True,KS_CORSUP_Unreported,0.0,0.0,0.0,0.0,0.0,0.0,0.0,0.0,0.0,,56.60377358490566,0.0,0.0,0.0,0.0,0.0,0.0,50.0,0.0,0.0,,,
2008-2009,2900015,GORDON PARKS ELEM.,GORDON PARKS ELEM.,MO,Jackson County,1.0,1.0,223.0,,223.0,,0.0,2.0,18.0,0.0,,20.0,20.0,3.0,0.0,0.0,,,1.0,1.0,0.0,1.0,2.0,2.0,29.0,Urban_Institute_CCD_Historical_API,Charter LEA,Charter LEA,False,False,False,False,True,KS_CORSUP_Unreported,2.0,1.0,2.0,0.0,8.968609865470851,0.0,4.484304932735426,8.968609865470851,0.0,,89.68609865470852,10.0,0.0,5.0,10.0,6.896551724137931,6.896551724137931,68.96551724137932,1.0,2.0,223.0,223.0,20.0
2008-2009,2913080,GRAIN VALLEY R-V,GRAIN VALLEY R-V,MO,Jackson County,6.0,6.0,3265.0,,3265.0,,5.0,9.0,104.0,102.0,,221.0,221.0,71.0,4.0,9.0,,,6.0,8.0,0.0,5.0,22.0,105.0,445.0,Urban_Institute_CCD_Historical_API,Regular Public District,Independent Town / Exurban,True,False,False,False,True,KS_CORSUP_Unreported,13.0,9.0,17.0,4.0,3.9816232771822357,1.225114854517611,2.756508422664625,5.206738131699847,2.756508422664625,,67.687595712098,5.88235294117647,1.809954751131222,4.072398190045249,7.6923076923076925,2.9213483146067416,3.8202247191011236,49.66292134831461,1.3333333333333333,2.8333333333333335,408.125,653.0,27.625
2008-2009,2913140,GRANDVIEW C-4,GRANDVIEW C-4,MO,Jackson County,9.0,9.0,4046.0,,4046.0,,5.0,22.0,160.0,148.0,,337.0,337.0,47.0,7.0,14.0,,,9.0,15.0,0.0,6.0,80.0,212.0,718.0,Urban_Institute_CCD_Historical_API,Regular Public District,Independent Town / Exurban,True,False,False,False,True,KS_CORSUP_Unreported,21.0,13.0,28.0,7.0,5.190311418685121,1.7301038062283738,3.213049925852694,6.920415224913495,3.4602076124567476,,83.292140385566,6.231454005934718,2.0771513353115725,3.857566765578635,8.30860534124629,2.9247910863509747,3.8997214484679668,46.93593314763231,1.6666666666666667,3.111111111111111,269.73333333333335,674.3333333333334,22.466666666666665
2008-2009,2913680,HARDIN-CENTRAL C-2,HARDIN-CENTRAL C-2,MO,Ray County,2.0,2.0,220.0,,220.0,,1.0,1.0,9.0,11.0,,23.0,23.0,3.0,0.0,0.0,,,0.0,0.0,0.0,0.0,2.0,3.0,31.0,Urban_Institute_CCD_Historical_API,Regular Public District,Rural / Peripheral,True,False,False,False,True,KS_CORSUP_Unreported,0.0,0.0,0.0,0.0,0.0,0.0,0.0,0.0,0.0,,104.54545454545453,0.0,0.0,0.0,0.0,0.0,0.0,74.19354838709677,0.0,0.0,,,
2008-2009,2913760,HARRISONVILLE R-IX,HARRISONVILLE R-IX,MO,Cass County,7.0,7.0,2755.0,,2755.0,,3.0,11.0,63.0,116.0,,194.0,194.0,19.0,4.0,7.0,,,4.0,8.0,0.0,6.0,25.0,100.0,363.0,Urban_Institute_CCD_Historical_API,Regular Public District,Independent Town / Exurban,True,False,False,False,True,KS_CORSUP_Unreported,14.0,10.0,18.0,4.0,5.081669691470054,1.451905626134301,3.629764065335753,6.533575317604356,2.540834845735027,,70.41742286751361,7.216494845360824,2.0618556701030926,5.154639175257731,9.278350515463918,3.8567493112947657,4.958677685950414,53.4435261707989,1.1428571428571428,2.5714285714285716,344.375,459.1666666666667,24.25
2008-2009,2914340,HICKMAN MILLS C-1,HICKMAN MILLS C-1,MO,Jackson County,18.0,18.0,6937.0,,6937.0,,10.0,29.0,181.0,289.0,,510.0,510.0,43.0,7.0,22.0,,,13.0,28.0,0.0,10.0,113.0,171.0,904.0,Urban_Institute_CCD_Historical_API,Regular Public District,Rural / Peripheral,True,False,False,False,True,KS_CORSUP_Unreported,38.0,17.0,45.0,7.0,5.4778722790831775,1.0090817356205852,2.4506270722214216,6.4869540147037625,3.171399740521839,,73.51881216664265,7.450980392156863,1.3725490196078431,3.3333333333333335,8.823529411764707,4.20353982300885,4.977876106194691,56.415929203539825,1.5555555555555556,2.5,247.75,693.7,18.214285714285715
2008-2009,2900014,HOGAN PREPARATORY ACADEMY,HOGAN PREPARATORY ACADEMY,MO,Jackson County,1.0,1.0,312.0,,312.0,,0.0,0.0,0.0,30.0,,30.0,30.0,0.0,0.0,0.0,,,0.0,0.0,0.0,0.0,3.0,3.0,36.0,Urban_Institute_CCD_Historical_API,Charter LEA,Charter LEA,False,False,False,False,True,KS_CORSUP_Unreported,0.0,0.0,0.0,0.0,0.0,0.0,0.0,0.0,0.0,,96.15384615384616,0.0,0.0,0.0,0.0,0.0,0.0,83.33333333333334,0.0,0.0,,,
2008-2009,2915480,INDEPENDENCE 30,INDEPENDENCE 30,MO,Jackson County,27.0,27.0,13976.0,,13976.0,,53.0,15.0,429.0,485.0,,983.0,983.0,162.0,22.0,34.0,,,24.0,53.0,17.0,14.0,139.0,680.0,2104.0,Urban_Institute_CCD_Historical_API,Regular Public District,Major Suburban Unified,True,False,False,False,True,KS_CORSUP_Unreported,67.0,36.0,89.0,22.0,4.793932455638237,1.5741270749856897,2.575844304522038,6.368059530623927,2.432741843159702,,70.33485975958786,6.8158697863682605,2.238046795523906,3.6622583926754833,9.053916581892167,3.1844106463878328,4.230038022813688,46.72053231939163,1.962962962962963,3.2962962962962963,263.6981132075472,998.2857142857143,18.547169811320753
2008-2009,2916400,KANSAS CITY 33,KANSAS CITY 33,MO,Jackson County,74.0,74.0,19788.0,,19788.0,,106.0,117.0,857.0,640.0,,1721.0,1721.0,320.0,16.0,76.0,,,14.0,116.0,0.0,33.0,113.0,1083.0,3478.0,Urban_Institute_CCD_Historical_API,Regular Public District,Urban Core Unified,True,False,False,False,True,KS_CORSUP_Unreported,149.0,49.0,165.0,16.0,7.529816050131393,0.8085708510208206,2.4762482312512635,8.338386901152214,3.840711542348898,,86.97190216292702,8.657757117954677,0.9296920395119116,2.8471818710052292,9.587449157466589,4.284071305347901,4.744105807935595,49.48246118458884,1.5675675675675675,2.22972972972973,170.58620689655172,599.6363636363636,14.836206896551724
2008-2009,2916450,KEARNEY R-I,KEARNEY R-I,MO,Clay County,8.0,8.0,3594.0,,3594.0,,3.0,14.0,90.0,121.0,,229.0,229.0,29.0,1.0,6.0,,,3.0,10.0,21.0,5.0,28.0,49.0,378.0,Urban_Institute_CCD_Historical_API,Regular Public District,Independent Town / Exurban,True,False,False,False,True,KS_CORSUP_Unreported,15.0,6.0,16.0,1.0,4.173622704507513,0.2782415136338342,1.669449081803005,4.451864218141347,1.669449081803005,,63.71730662214803,6.550218340611353,0.43668122270742354,2.6200873362445414,6.986899563318777,3.968253968253968,4.232804232804233,60.58201058201058,1.25,2.0,359.4,718.8,22.9
2008-2009,2900031,KIPP: ENDEAVOR ACADEMY,KIPP: ENDEAVOR ACADEMY,MO,Jackson County,1.0,1.0,115.0,,115.0,,0.0,0.0,0.0,9.0,,9.0,9.0,0.0,0.0,0.0,,,0.0,0.0,0.0,0.0,3.0,0.0,12.0,Urban_Institute_CCD_Historical_API,Charter LEA,Charter LEA,False,False,False,False,True,KS_CORSUP_Unreported,0.0,0.0,0.0,0.0,0.0,0.0,0.0,0.0,0.0,,78.26086956521739,0.0,0.0,0.0,0.0,0.0,0.0,75.0,0.0,0.0,,,
2008-2009,2918220,LAWSON R-XIV,LAWSON R-XIV,MO,Ray County,3.0,3.0,1322.0,,1322.0,,1.0,5.0,29.0,55.0,,92.0,92.0,9.0,0.0,3.0,,,3.0,5.0,0.0,3.0,9.0,13.0,134.0,Urban_Institute_CCD_Historical_API,Regular Public District,Rural / Peripheral,True,False,False,False,True,KS_CORSUP_Unreported,8.0,3.0,8.0,0.0,6.051437216338881,0.0,2.26928895612708,6.051437216338881,2.26928895612708,,69.59152798789712,8.695652173913043,0.0,3.260869565217391,8.695652173913043,5.970149253731343,5.970149253731343,68.65671641791045,1.6666666666666667,2.6666666666666665,264.4,440.6666666666667,18.4
2008-2009,2900028,LEE A. TOLBERT COM. ACADEMY,LEE A. TOLBERT COM. ACADEMY,MO,Jackson County,2.0,2.0,708.0,,708.0,,0.0,5.0,35.0,13.0,,55.0,55.0,9.0,0.0,0.0,,,0.0,1.0,0.0,1.0,7.0,15.0,88.0,Urban_Institute_CCD_Historical_API,Charter LEA,Charter LEA,False,False,False,False,True,KS_CORSUP_Unreported,2.0,1.0,2.0,0.0,2.824858757062147,0.0,1.4124293785310735,2.824858757062147,0.0,,77.68361581920905,3.6363636363636362,0.0,1.8181818181818181,3.6363636363636362,2.272727272727273,2.272727272727273,62.5,0.5,1.0,708.0,708.0,55.0
2008-2009,2918300,LEE'S SUMMIT R-VII,LEE'S SUMMIT R-VII,MO,Jackson County,25.0,25.0,17326.0,,17326.0,,15.0,66.0,456.0,562.0,,1100.0,1100.0,286.0,1.0,45.0,,,26.0,57.0,0.0,18.0,149.0,679.0,2335.0,Urban_Institute_CCD_Historical_API,Regular Public District,Major Suburban Unified,True,False,False,False,True,KS_CORSUP_Unreported,75.0,19.0,76.0,1.0,4.328754473046288,0.05771672630728385,1.0966177998383932,4.386471199353573,2.5972526838277736,,63.48839893801224,6.8181818181818175,0.09090909090909091,1.7272727272727273,6.909090909090909,3.2119914346895073,3.2548179871520344,47.109207708779444,2.28,3.04,303.96491228070175,962.5555555555555,19.29824561403509
2008-2009,2918540,LIBERTY 53,LIBERTY 53,MO,Clay County,17.0,17.0,10263.0,,10263.0,,15.0,50.0,287.0,350.0,,703.0,703.0,221.0,5.0,25.0,,,16.0,34.0,0.0,7.0,73.0,635.0,1703.0,Urban_Institute_CCD_Historical_API,Regular Public District,Major Suburban Unified,True,False,False,False,True,KS_CORSUP_Unreported,41.0,12.0,46.0,5.0,3.994933255383416,0.48718698236383123,1.169248757673195,4.482120237747247,2.4359349118191562,,68.49848972035467,5.832147937411095,0.7112375533428165,1.7069701280227598,6.543385490753911,2.4075161479741634,2.701115678214915,41.28009395184968,2.0,2.7058823529411766,301.8529411764706,1466.142857142857,20.676470588235293
2008-2009,2919230,LONE JACK C-6,LONE JACK C-6,MO,Jackson County,3.0,3.0,595.0,,595.0,,0.0,2.0,19.0,21.0,,43.0,43.0,11.0,0.0,2.0,,,1.0,1.0,0.0,1.0,6.0,12.0,76.0,Urban_Institute_CCD_Historical_API,Regular Public District,Rural / Peripheral,True,False,False,False,True,KS_CORSUP_Unreported,2.0,1.0,2.0,0.0,3.361344537815126,0.0,1.680672268907563,3.361344537815126,3.361344537815126,,72.26890756302522,4.651162790697675,0.0,2.3255813953488373,4.651162790697675,2.631578947368421,2.631578947368421,56.57894736842105,0.3333333333333333,0.6666666666666666,595.0,595.0,43.0
2008-2009,2931800,MIDWAY R-I,MIDWAY R-I,MO,Cass County,2.0,2.0,551.0,,551.0,,0.0,2.0,19.0,21.0,,43.0,43.0,4.0,0.0,1.0,,,2.0,1.0,0.0,1.0,5.0,15.0,70.0,Urban_Institute_CCD_Historical_API,Regular Public District,Rural / Peripheral,True,False,False,False,True,KS_CORSUP_Unreported,2.0,1.0,2.0,0.0,3.629764065335753,0.0,1.8148820326678765,3.629764065335753,1.8148820326678765,,78.0399274047187,4.651162790697675,0.0,2.3255813953488373,4.651162790697675,2.857142857142857,2.857142857142857,61.42857142857143,0.5,1.0,551.0,551.0,43.0
2008-2009,2921060,MISSOURI CITY 56,MISSOURI CITY 56,MO,Clay County,1.0,1.0,24.0,,24.0,,0.0,0.0,3.0,0.0,,3.0,3.0,0.0,0.0,0.0,,,0.0,0.0,0.0,0.0,1.0,3.0,7.0,Urban_Institute_CCD_Historical_API,Regular Public District,Rural / Peripheral,True,False,False,False,True,KS_CORSUP_Unreported,0.0,0.0,0.0,0.0,0.0,0.0,0.0,0.0,0.0,,125.0,0.0,0.0,0.0,0.0,0.0,0.0,42.857142857142854,0.0,0.0,,,
2008-2009,2900022,MO SCHLS FOR THE SEV DISABLED,MO SCHLS FOR THE SEV DISABLED,MO,Unknown,36.0,36.0,994.0,,994.0,,0.0,3.0,182.0,0.0,,185.0,185.0,312.0,1.0,0.0,,,0.0,23.0,0.0,2.0,81.0,56.0,660.0,Urban_Institute_CCD_Historical_API,Specialized State Agency,Specialized State Agency,False,False,False,False,True,KS_CORSUP_Unreported,25.0,3.0,26.0,1.0,25.150905432595575,1.006036217303823,3.0181086519114686,26.156941649899398,0.0,,186.11670020120724,13.513513513513514,0.5405405405405406,1.6216216216216217,14.054054054054054,3.787878787878788,3.939393939393939,28.030303030303028,0.6388888888888888,0.7222222222222222,43.21739130434783,497.0,8.043478260869565
2008-2009,2922800,NORTH KANSAS CITY 74,NORTH KANSAS CITY 74,MO,Clay County,31.0,31.0,18391.0,,18391.0,,24.0,78.0,487.0,675.0,,1266.0,1266.0,289.0,14.0,46.0,,,25.0,60.0,0.0,33.0,200.0,966.0,2874.0,Urban_Institute_CCD_Historical_API,Regular Public District,Major Suburban Unified,True,False,False,False,True,KS_CORSUP_Unreported,93.0,47.0,107.0,14.0,5.056821271273993,0.761241911804687,2.555597846772878,5.81806318307868,2.5012234245011147,,68.83801859605242,7.345971563981042,1.1058451816745656,3.7124802527646126,8.451816745655607,3.2359081419624216,3.7230340988169797,44.05010438413361,1.935483870967742,3.4516129032258065,306.51666666666665,557.3030303030303,21.1
2008-2009,2922830,NORTH PLATTE CO. R-I,NORTH PLATTE CO. R-I,MO,Platte County,5.0,5.0,657.0,,657.0,,2.0,3.0,26.0,30.0,,61.0,61.0,6.0,1.0,2.0,,,1.0,1.0,0.0,1.0,6.0,14.0,92.0,Urban_Institute_CCD_Historical_API,Regular Public District,Independent Town / Exurban,True,False,False,False,True,KS_CORSUP_Unreported,2.0,2.0,3.0,1.0,3.0441400304414,1.5220700152207,3.0441400304414,4.5662100456621,3.0441400304414,,92.8462709284627,3.278688524590164,1.639344262295082,3.278688524590164,4.918032786885246,2.1739130434782608,3.260869565217391,66.30434782608695,0.2,0.6,657.0,657.0,61.0
2008-2009,2923010,OAK GROVE R-VI,OAK GROVE R-VI,MO,Jackson County,4.0,4.0,2122.0,,2122.0,,4.0,4.0,51.0,81.0,,141.0,141.0,22.0,2.0,3.0,,,4.0,7.0,2.0,2.0,14.0,40.0,233.0,Urban_Institute_CCD_Historical_API,Regular Public District,Rural / Peripheral,True,False,False,False,True,KS_CORSUP_Unreported,9.0,4.0,11.0,2.0,4.241281809613572,0.942507068803016,1.885014137606032,5.183788878416588,1.413760603204524,,66.44674835061264,6.382978723404255,1.4184397163120568,2.8368794326241136,7.801418439716312,3.862660944206009,4.721030042918455,60.51502145922747,1.75,2.75,303.14285714285717,1061.0,20.142857142857142
2008-2009,2923220,ORRICK R-XI,ORRICK R-XI,MO,Ray County,2.0,2.0,453.0,,453.0,,0.0,2.0,15.0,15.0,,33.0,33.0,7.0,0.0,1.0,,,0.0,2.0,0.0,1.0,3.0,7.0,54.0,Urban_Institute_CCD_Historical_API,Regular Public District,Rural / Peripheral,True,False,False,False,True,KS_CORSUP_Unreported,3.0,1.0,3.0,0.0,6.622516556291391,0.0,2.207505518763797,6.622516556291391,2.207505518763797,,72.8476821192053,9.090909090909092,0.0,3.0303030303030303,9.090909090909092,5.555555555555555,5.555555555555555,61.111111111111114,1.0,1.5,226.5,453.0,16.5
2008-2009,2923550,PARK HILL,PARK HILL,MO,Platte County,16.0,16.0,10251.0,,10251.0,,21.0,40.0,257.0,363.0,,683.0,683.0,114.0,5.0,23.0,,,15.0,29.0,0.0,10.0,89.0,278.0,1231.0,Urban_Institute_CCD_Historical_API,Regular Public District,Major Suburban Unified,True,False,False,False,True,KS_CORSUP_Unreported,39.0,15.0,44.0,5.0,3.8045068773778166,0.48775729197151496,1.4632718759145449,4.292264169349332,2.2436835430689688,,66.62764608330895,5.710102489019034,0.7320644216691069,2.1961932650073206,6.44216691068814,3.168155970755483,3.5743298131600327,55.48334687246141,1.8125,2.75,353.48275862068965,1025.1,23.551724137931036
2008-2009,2925230,PLATTE CO. R-III,PLATTE CO. R-III,MO,Platte County,8.0,8.0,3185.0,,3185.0,,4.0,16.0,97.0,110.0,,227.0,227.0,36.0,3.0,9.0,,,3.0,11.0,0.0,6.0,30.0,71.0,393.0,Urban_Institute_CCD_Historical_API,Regular Public District,Independent Town / Exurban,True,False,False,False,True,KS_CORSUP_Unreported,17.0,9.0,20.0,3.0,5.337519623233908,0.9419152276295133,2.8257456828885403,6.279434850863423,2.8257456828885403,,71.27158555729984,7.488986784140969,1.3215859030837005,3.9647577092511015,8.81057268722467,4.325699745547073,5.089058524173027,57.76081424936387,1.375,2.5,289.54545454545456,530.8333333333334,20.636363636363637
2008-2009,2925330,PLEASANT HILL R-III,PLEASANT HILL R-III,MO,Cass County,5.0,5.0,2207.0,,2207.0,,1.0,9.0,68.0,65.0,,144.0,144.0,27.0,1.0,6.0,,,5.0,5.0,0.0,4.0,17.0,24.0,228.0,Urban_Institute_CCD_Historical_API,Regular Public District,Independent Town / Exurban,True,False,False,False,True,KS_CORSUP_Unreported,9.0,5.0,10.0,1.0,4.077933846850929,0.45310376076121434,2.2655188038060716,4.531037607612143,2.718622564567286,,65.24694154961486,6.25,0.6944444444444444,3.4722222222222223,6.944444444444445,3.9473684210526314,4.385964912280701,63.1578947368421,1.0,2.0,441.4,551.75,28.8
2008-2009,2923730,RAYMORE-PECULIAR R-II,RAYMORE-PECULIAR R-II,MO,Cass County,11.0,11.0,5875.0,,5875.0,,2.0,25.0,174.0,143.0,,346.0,346.0,37.0,6.0,0.0,,,0.0,1.0,0.0,1.0,39.0,162.0,592.0,Urban_Institute_CCD_Historical_API,Regular Public District,Major Suburban Unified,True,False,False,False,True,KS_CORSUP_Unreported,2.0,7.0,8.0,6.0,0.3404255319148936,1.0212765957446808,1.1914893617021276,1.3617021276595744,0.0,,58.8936170212766,0.5780346820809248,1.7341040462427744,2.023121387283237,2.312138728323699,0.33783783783783783,1.3513513513513513,58.445945945945944,0.09090909090909091,0.7272727272727273,5875.0,5875.0,346.0
2008-2009,2926070,RAYTOWN C-2,RAYTOWN C-2,MO,Jackson County,18.0,18.0,8789.0,,8789.0,,12.0,34.0,216.0,316.0,,579.0,579.0,121.0,24.0,0.0,,,0.0,0.0,56.0,1.0,95.0,467.0,1343.0,Urban_Institute_CCD_Historical_API,Regular Public District,Major Suburban Unified,True,False,False,False,True,KS_CORSUP_Unreported,1.0,25.0,25.0,24.0,0.11377858686995108,2.7306860848788257,2.844464671748777,2.844464671748777,0.0,,65.87780179770166,0.17271157167530224,4.145077720207254,4.317789291882556,4.317789291882556,0.07446016381236038,1.8615040953090096,43.11243484735666,0.0,1.3888888888888888,,8789.0,
2008-2009,2926480,RICHMOND R-XVI,RICHMOND R-XVI,MO,Ray County,4.0,4.0,1628.0,,1628.0,,2.0,7.0,51.0,60.0,,121.0,121.0,23.0,2.0,5.0,,,2.0,7.0,0.0,2.0,13.0,23.0,196.0,Urban_Institute_CCD_Historical_API,Regular Public District,Rural / Peripheral,True,False,False,False,True,KS_CORSUP_Unreported,9.0,4.0,11.0,2.0,5.528255528255528,1.2285012285012284,2.457002457002457,6.756756756756757,3.071253071253071,,74.32432432432432,7.43801652892562,1.6528925619834711,3.3057851239669422,9.090909090909092,4.591836734693878,5.612244897959184,61.73469387755102,1.75,2.75,232.57142857142858,814.0,17.285714285714285
2008-2009,2900019,SCUOLA VITA NUOVA,SCUOLA VITA NUOVA,MO,Jackson County,1.0,1.0,213.0,,213.0,,0.0,0.0,11.0,0.0,,11.0,11.0,0.0,0.0,0.0,,,0.0,0.0,0.0,0.0,4.0,4.0,19.0,Urban_Institute_CCD_Historical_API,Charter LEA,Charter LEA,False,False,False,False,True,KS_CORSUP_Unreported,0.0,0.0,0.0,0.0,0.0,0.0,0.0,0.0,0.0,,51.64319248826291,0.0,0.0,0.0,0.0,0.0,0.0,57.89473684210527,0.0,0.0,,,
2008-2009,2910320,SHERWOOD CASS R-VIII,SHERWOOD CASS R-VIII,MO,Cass County,3.0,3.0,898.0,,898.0,,1.0,4.0,26.0,36.0,,68.0,68.0,13.0,0.0,3.0,,,2.0,3.0,0.0,2.0,7.0,35.0,131.0,Urban_Institute_CCD_Historical_API,Regular Public District,Rural / Peripheral,True,False,False,False,True,KS_CORSUP_Unreported,5.0,2.0,5.0,0.0,5.567928730512249,0.0,2.2271714922048997,5.567928730512249,3.34075723830735,,75.7238307349666,7.352941176470589,0.0,2.941176470588235,7.352941176470589,3.816793893129771,3.816793893129771,51.908396946564885,1.0,1.6666666666666667,299.3333333333333,449.0,22.666666666666668
2008-2009,2928410,SMITHVILLE R-II,SMITHVILLE R-II,MO,Clay County,4.0,4.0,2276.0,,2276.0,,1.0,5.0,55.0,77.0,,138.0,138.0,26.0,2.0,4.0,,,4.0,7.0,0.0,5.0,14.0,20.0,216.0,Urban_Institute_CCD_Historical_API,Regular Public District,Independent Town / Exurban,True,False,False,False,True,KS_CORSUP_Unreported,12.0,7.0,14.0,2.0,5.272407732864675,0.8787346221441125,3.0755711775043935,6.151142355008787,1.757469244288225,,60.63268892794376,8.695652173913043,1.4492753623188406,5.072463768115942,10.144927536231885,5.555555555555555,6.481481481481481,63.888888888888886,1.75,3.5,325.14285714285717,455.2,19.714285714285715
2008-2009,2929670,STRASBURG C-3,STRASBURG C-3,MO,Cass County,1.0,1.0,89.0,,89.0,,0.0,1.0,9.0,0.0,,10.0,10.0,0.0,0.0,0.0,,,0.0,0.0,0.0,0.0,3.0,4.0,17.0,Urban_Institute_CCD_Historical_API,Regular Public District,Rural / Peripheral,True,False,False,False,True,KS_CORSUP_Unreported,0.0,0.0,0.0,0.0,0.0,0.0,0.0,0.0,0.0,,112.35955056179775,0.0,0.0,0.0,0.0,0.0,0.0,58.82352941176471,0.0,0.0,,,
2008-2009,2900027,UNIVERSITY ACADEMY,UNIVERSITY ACADEMY,MO,Jackson County,3.0,3.0,1134.0,,1134.0,,0.0,7.0,41.0,30.0,,78.0,78.0,13.0,1.0,3.0,,,1.0,8.0,0.0,2.0,6.0,36.0,147.0,Urban_Institute_CCD_Historical_API,Charter LEA,Charter LEA,False,False,False,False,True,KS_CORSUP_Unreported,10.0,3.0,11.0,1.0,8.818342151675484,0.8818342151675485,2.6455026455026456,9.700176366843033,2.6455026455026456,,68.78306878306879,12.82051282051282,1.282051282051282,3.8461538461538463,14.102564102564102,6.802721088435375,7.482993197278912,53.06122448979592,2.6666666666666665,3.6666666666666665,141.75,567.0,9.75
2008-2009,2931110,WASHINGTON,WASHINGTON,MO,Unknown,12.0,12.0,4274.0,,4274.0,,13.0,15.0,132.0,143.0,,304.0,304.0,60.0,3.0,9.0,,,3.0,13.0,0.0,5.0,45.0,98.0,537.0,Urban_Institute_CCD_Historical_API,Regular Public District,Rural / Peripheral,False,False,False,False,True,KS_CORSUP_Unreported,18.0,8.0,21.0,3.0,4.211511464670099,0.7019185774450163,1.8717828731867105,4.913430042115114,2.1057557323350493,,71.12774918109498,5.921052631578947,0.9868421052631579,2.631578947368421,6.907894736842106,3.35195530726257,3.910614525139665,56.61080074487895,1.0833333333333333,1.75,328.7692307692308,854.8,23.384615384615383
2008-2009,2931710,WEST PLATTE CO. R-II,WEST PLATTE CO. R-II,MO,Platte County,2.0,2.0,681.0,,681.0,,0.0,3.0,25.0,27.0,,55.0,55.0,0.0,0.0,2.0,,,1.0,2.0,0.0,0.0,5.0,12.0,76.0,Urban_Institute_CCD_Historical_API,Regular Public District,Independent Town / Exurban,True,False,False,False,True,KS_CORSUP_Unreported,2.0,0.0,2.0,0.0,2.936857562408223,0.0,0.0,2.936857562408223,2.936857562408223,,80.76358296622614,3.6363636363636362,0.0,0.0,3.6363636363636362,2.631578947368421,2.631578947368421,72.36842105263158,1.0,1.0,340.5,,27.5
2009-2010,2003780,BASEHOR-LINWOOD,BASEHOR-LINWOOD,KS,Leavenworth County,5.0,5.0,2221.0,,2221.0,,1.0,4.0,55.0,56.0,4.0,120.0,120.0,2.0,2.0,5.0,,,3.0,7.0,7.0,2.0,1.0,37.0,183.0,Urban_Institute_CCD_Historical_API,Regular Public District,Independent Town / Exurban,True,False,False,False,False,Pre_MO_Reclassification,9.0,4.0,11.0,2.0,4.052228725799189,0.9004952723998199,1.8009905447996397,4.952723998199009,2.2512381809995494,,54.02971634398919,7.5,1.6666666666666667,3.3333333333333335,9.166666666666666,4.918032786885246,6.0109289617486334,65.57377049180327,1.4,2.2,317.2857142857143,1110.5,17.142857142857142
2009-2010,2012000,BLUE VALLEY,BLUE VALLEY,KS,Johnson County,33.0,33.0,21359.0,,21359.0,,22.0,60.0,573.0,702.0,0.0,1358.0,1358.0,321.0,40.0,56.0,,,36.0,54.0,79.0,7.0,68.0,357.0,2340.0,Urban_Institute_CCD_Historical_API,Regular Public District,Major Suburban Unified,True,False,False,False,False,Pre_MO_Reclassification,61.0,47.0,101.0,40.0,2.8559389484526427,1.872746851444356,2.2004775504471183,4.728685799896999,2.6218455920220984,,63.57975560653589,4.491899852724595,2.945508100147275,3.4609720176730487,7.437407952871871,2.606837606837607,4.316239316239316,58.03418803418804,1.6363636363636365,3.0606060606060606,395.537037037037,3051.285714285714,25.14814814814815
2009-2010,2004050,BONNER SPRINGS,BONNER SPRINGS,KS,Wyandotte County,5.0,5.0,2471.0,,2471.0,,2.0,10.0,74.0,91.0,1.0,178.0,178.0,13.0,4.0,6.0,,,4.0,8.0,10.0,1.0,7.0,68.0,295.0,Urban_Institute_CCD_Historical_API,Regular Public District,Independent Town / Exurban,True,False,False,False,False,Pre_MO_Reclassification,9.0,5.0,13.0,4.0,3.6422501011736137,1.6187778227438285,2.0234722784297854,5.2610279239174425,2.4281667341157425,,72.03561311210036,5.056179775280898,2.247191011235955,2.8089887640449436,7.303370786516854,3.050847457627119,4.406779661016949,60.33898305084746,1.6,2.6,308.875,2471.0,22.25
2009-2010,2005490,DE SOTO,DE SOTO,KS,Johnson County,11.0,11.0,6560.0,,6560.0,,4.0,17.0,181.0,215.0,3.0,420.0,420.0,75.0,14.0,14.0,,,11.0,18.0,18.0,2.0,12.0,106.0,679.0,Urban_Institute_CCD_Historical_API,Regular Public District,Independent Town / Exurban,True,False,False,False,False,Pre_MO_Reclassification,20.0,16.0,34.0,14.0,3.048780487804878,2.1341463414634148,2.4390243902439024,5.182926829268293,2.1341463414634148,,64.02439024390245,4.761904761904762,3.3333333333333335,3.8095238095238098,8.095238095238095,2.945508100147275,5.007363770250368,61.855670103092784,1.6363636363636365,3.090909090909091,364.44444444444446,3280.0,23.333333333333332
2009-2010,2005640,EASTON,EASTON,KS,Leavenworth County,4.0,4.0,719.0,,719.0,,0.0,3.0,21.0,31.0,2.0,58.0,58.0,1.0,2.0,2.0,,,1.0,5.0,5.0,1.0,1.0,11.0,86.0,Urban_Institute_CCD_Historical_API,Regular Public District,Rural / Peripheral,True,False,False,False,False,Pre_MO_Reclassification,6.0,3.0,8.0,2.0,8.344923504867872,2.7816411682892905,4.172461752433936,11.126564673157162,2.7816411682892905,,80.66759388038942,10.344827586206897,3.4482758620689653,5.172413793103448,13.793103448275861,6.976744186046512,9.30232558139535,67.44186046511628,1.25,2.0,143.8,719.0,11.6
2009-2010,2006330,FT LEAVENWORTH,FT LEAVENWORTH,KS,Leavenworth County,4.0,4.0,1940.0,,1940.0,,2.0,12.0,89.0,28.0,7.0,139.0,139.0,18.0,1.0,4.0,,,4.0,5.0,0.0,2.0,3.0,36.0,208.0,Urban_Institute_CCD_Historical_API,Regular Public District,Independent Town / Exurban,True,False,False,False,False,Pre_MO_Reclassification,7.0,3.0,8.0,1.0,3.6082474226804124,0.5154639175257733,1.5463917525773194,4.123711340206186,2.061855670103093,,71.64948453608247,5.0359712230215825,0.7194244604316548,2.158273381294964,5.755395683453238,3.3653846153846154,3.8461538461538463,66.82692307692307,1.25,2.0,388.0,970.0,27.8
2009-2010,2006420,GARDNER EDGERTON,GARDNER EDGERTON,KS,Johnson County,9.0,9.0,4895.0,,4895.0,,9.0,18.0,167.0,136.0,1.0,332.0,332.0,99.0,2.0,10.0,,,9.0,14.0,19.0,3.0,8.0,95.0,582.0,Urban_Institute_CCD_Historical_API,Regular Public District,Independent Town / Exurban,True,False,False,False,False,Pre_MO_Reclassification,17.0,5.0,19.0,2.0,3.4729315628192032,0.40858018386108275,1.021450459652707,3.881511746680286,2.042900919305414,,67.82431052093973,5.120481927710843,0.6024096385542169,1.5060240963855422,5.72289156626506,2.9209621993127146,3.264604810996564,57.0446735395189,1.5555555555555556,2.111111111111111,349.64285714285717,1631.6666666666667,23.714285714285715
2009-2010,2007950,KANSAS CITY,KANSAS CITY,KS,Wyandotte County,46.0,46.0,20524.0,,20524.0,,18.0,76.0,466.0,443.0,213.0,1219.0,1219.0,218.0,86.0,18.0,,,17.0,66.0,84.0,3.0,25.0,530.0,2249.0,Urban_Institute_CCD_Historical_API,Regular Public District,Urban Core Unified,True,False,False,False,False,Pre_MO_Reclassification,69.0,89.0,155.0,86.0,3.361917754823621,4.1902163320990065,4.33638666926525,7.552134086922627,0.8770220229974665,,59.39388033521731,5.660377358490567,7.054963084495489,7.301066447908121,12.715340442986053,3.0680302356602933,6.891951978657181,54.20186749666518,1.434782608695652,3.369565217391304,310.969696969697,6841.333333333333,18.46969696969697
2009-2010,2000025,KS. STATE PENITENTIARY,KS. STATE PENITENTIARY,KS,Leavenworth County,1.0,1.0,0.0,,0.0,,0.0,0.0,0.0,0.0,0.0,0.0,0.0,0.0,0.0,0.0,,,0.0,0.0,0.0,0.0,0.0,0.0,,Urban_Institute_CCD_Historical_API,Specialized State Agency,Specialized State Agency,False,False,False,False,False,Pre_MO_Reclassification,0.0,0.0,0.0,0.0,,,,,,,,,,,,,,,0.0,0.0,,,
2009-2010,2008340,LANSING,LANSING,KS,Leavenworth County,3.0,3.0,2577.0,,2577.0,,1.0,8.0,54.0,85.0,6.0,154.0,154.0,9.0,2.0,4.0,,,3.0,7.0,4.0,1.0,2.0,16.0,199.0,Urban_Institute_CCD_Historical_API,Regular Public District,Independent Town / Exurban,True,False,False,False,False,Pre_MO_Reclassification,8.0,3.0,10.0,2.0,3.104384943733023,0.7760962359332557,1.1641443538998835,3.880481179666279,1.5521924718665114,,59.75941016686069,5.194805194805195,1.2987012987012987,1.948051948051948,6.493506493506493,4.0201005025125625,5.025125628140704,77.38693467336684,2.3333333333333335,3.3333333333333335,368.14285714285717,2577.0,22.0
2009-2010,2008430,LEAVENWORTH,LEAVENWORTH,KS,Leavenworth County,10.0,10.0,3842.0,,3842.0,,16.0,16.0,104.0,134.0,22.0,293.0,293.0,238.0,11.0,6.0,,,7.0,13.0,5.0,4.0,10.0,118.0,698.0,Urban_Institute_CCD_Historical_API,Regular Public District,Independent Town / Exurban,True,False,False,False,False,Pre_MO_Reclassification,17.0,15.0,28.0,11.0,4.424778761061947,2.8630921395106714,3.9042165538781886,7.287870900572618,1.5616866215512752,,76.26236335242062,5.802047781569966,3.754266211604096,5.1194539249146755,9.556313993174061,2.4355300859598854,4.011461318051576,41.977077363896846,1.3,2.8,295.53846153846155,960.5,22.53846153846154
2009-2010,2008970,LOUISBURG,LOUISBURG,KS,Miami County,5.0,5.0,1759.0,,1759.0,,2.0,6.0,34.0,51.0,1.0,94.0,94.0,19.0,0.0,1.0,,,1.0,5.0,10.0,2.0,3.0,37.0,171.0,Urban_Institute_CCD_Historical_API,Regular Public District,Independent Town / Exurban,True,False,False,False,False,Pre_MO_Reclassification,7.0,2.0,7.0,0.0,3.979533826037522,0.0,1.1370096645821488,3.979533826037522,0.5685048322910744,,53.439454235361,7.446808510638298,0.0,2.127659574468085,7.446808510638298,4.093567251461988,4.093567251461988,54.97076023391813,1.0,1.4,351.8,879.5,18.8
2009-2010,2010140,OLATHE,OLATHE,KS,Johnson County,50.0,50.0,27020.0,,27020.0,,36.0,92.0,882.0,853.0,3.0,1866.0,1866.0,569.0,53.0,61.0,,,44.0,87.0,87.0,8.0,39.0,519.0,3289.0,Urban_Institute_CCD_Historical_API,Regular Public District,Major Suburban Unified,True,False,False,False,False,Pre_MO_Reclassification,95.0,61.0,148.0,53.0,3.515914137675796,1.9615099925980755,2.2575869726128794,5.477424130273872,2.2575869726128794,,69.05995558845301,5.091103965702037,2.840300107181136,3.269024651661308,7.931404072883172,2.8884159318941927,4.499847978108848,56.73456977804804,1.74,2.96,310.57471264367814,3377.5,21.448275862068964
2009-2010,2010260,OSAWATOMIE,OSAWATOMIE,KS,Miami County,4.0,4.0,1207.0,,1207.0,,2.0,7.0,31.0,46.0,0.0,86.0,86.0,8.0,1.0,3.0,,,3.0,7.0,5.0,1.0,1.0,36.0,148.0,Urban_Institute_CCD_Historical_API,Regular Public District,Independent Town / Exurban,True,False,False,False,False,Pre_MO_Reclassification,8.0,2.0,9.0,1.0,6.628003314001656,0.828500414250207,1.657000828500414,7.456503728251864,2.4855012427506216,,71.25103562551782,9.30232558139535,1.1627906976744187,2.3255813953488373,10.465116279069768,5.405405405405405,6.081081081081082,58.108108108108105,1.75,2.25,172.42857142857142,1207.0,12.285714285714286
2009-2010,2010500,PAOLA,PAOLA,KS,Miami County,5.0,5.0,2099.0,,2099.0,,2.0,10.0,65.0,77.0,1.0,155.0,155.0,229.0,1.0,4.0,,,4.0,9.0,12.0,3.0,5.0,37.0,455.0,Urban_Institute_CCD_Historical_API,Regular Public District,Independent Town / Exurban,True,False,False,False,False,Pre_MO_Reclassification,12.0,4.0,13.0,1.0,5.717008099094807,0.4764173415912339,1.9056693663649356,6.193425440686041,1.9056693663649356,,73.84468794664126,7.741935483870968,0.6451612903225806,2.5806451612903225,8.38709677419355,2.6373626373626373,2.857142857142857,34.065934065934066,1.8,2.6,233.22222222222223,699.6666666666666,17.22222222222222
2009-2010,2010680,PIPER-KANSAS CITY,PIPER-KANSAS CITY,KS,Wyandotte County,5.0,5.0,1732.0,,1732.0,,1.0,5.0,31.0,57.0,0.0,94.0,94.0,10.0,0.0,4.0,,,2.0,6.0,6.0,2.0,3.0,18.0,143.0,Urban_Institute_CCD_Historical_API,Regular Public District,Independent Town / Exurban,True,False,False,False,False,Pre_MO_Reclassification,8.0,2.0,8.0,0.0,4.618937644341801,0.0,1.1547344110854503,4.618937644341801,2.3094688221709005,,54.27251732101617,8.51063829787234,0.0,2.127659574468085,8.51063829787234,5.594405594405594,5.594405594405594,65.73426573426573,1.2,1.6,288.6666666666667,866.0,15.666666666666666
2009-2010,2008250,PRAIRIE VIEW,PRAIRIE VIEW,KS,Unknown,5.0,5.0,1022.0,,1022.0,,2.0,4.0,29.0,41.0,0.0,76.0,76.0,8.0,0.0,2.0,,,2.0,5.0,5.0,1.0,3.0,35.0,135.0,Urban_Institute_CCD_Historical_API,Regular Public District,Rural / Peripheral,False,False,False,False,False,Pre_MO_Reclassification,6.0,1.0,6.0,0.0,5.870841487279844,0.0,0.9784735812133072,5.870841487279844,1.9569471624266144,,74.36399217221134,7.894736842105263,0.0,1.3157894736842104,7.894736842105263,4.444444444444445,4.444444444444445,56.2962962962963,1.0,1.2,204.4,1022.0,15.2
2009-2010,2000018,SCHOOL FOR BLIND,SCHOOL FOR BLIND,KS,Wyandotte County,2.0,2.0,44.0,,44.0,,0.0,0.0,4.0,8.0,1.0,13.0,13.0,0.0,0.0,0.0,,,0.0,1.0,0.0,0.0,0.0,0.0,14.0,Urban_Institute_CCD_Historical_API,Specialized State Agency,Specialized State Agency,False,False,False,False,False,Pre_MO_Reclassification,1.0,0.0,1.0,0.0,22.727272727272727,0.0,0.0,22.727272727272727,0.0,,295.4545454545455,7.6923076923076925,0.0,0.0,7.6923076923076925,7.142857142857142,7.142857142857142,92.85714285714286,0.5,0.5,44.0,,13.0
2009-2010,2000019,SCHOOL FOR DEAF,SCHOOL FOR DEAF,KS,Johnson County,2.0,2.0,109.0,,109.0,,3.0,1.0,10.0,18.0,0.0,32.0,32.0,0.0,1.0,1.0,,,1.0,3.0,0.0,0.0,0.0,0.0,37.0,Urban_Institute_CCD_Historical_API,Specialized State Agency,Specialized State Agency,False,False,False,False,False,Pre_MO_Reclassification,3.0,1.0,4.0,1.0,27.522935779816514,9.174311926605505,9.174311926605505,36.69724770642202,9.174311926605505,,293.57798165137615,9.375,3.125,3.125,12.5,8.108108108108109,10.81081081081081,86.48648648648648,1.5,2.0,36.333333333333336,,10.666666666666666
2009-2010,2011640,SHAWNEE MISSION PUB SCH,SHAWNEE MISSION PUB SCH,KS,Johnson County,48.0,48.0,27395.0,,27395.0,,12.0,102.0,914.0,838.0,2.0,1870.0,1870.0,531.0,24.0,38.0,,,43.0,75.0,80.0,5.0,74.0,531.0,3228.0,Urban_Institute_CCD_Historical_API,Regular Public District,Major Suburban Unified,True,False,False,False,False,Pre_MO_Reclassification,80.0,29.0,104.0,24.0,2.9202409198758894,0.8760722759627669,1.05858733345501,3.796313195838657,1.3871144369410477,,68.26063150209892,4.27807486631016,1.2834224598930482,1.5508021390374331,5.561497326203209,2.478314745972739,3.2218091697645597,57.930607187112756,1.5625,2.1666666666666665,365.26666666666665,5479.0,24.933333333333334
2009-2010,2011850,SPRING HILL,SPRING HILL,KS,Johnson County,6.0,6.0,2817.0,,2817.0,,3.0,8.0,53.0,96.0,0.0,161.0,161.0,35.0,1.0,6.0,,,5.0,9.0,9.0,4.0,8.0,40.0,273.0,Urban_Institute_CCD_Historical_API,Regular Public District,Independent Town / Exurban,True,False,False,False,False,Pre_MO_Reclassification,13.0,5.0,14.0,1.0,4.6148384806531775,0.35498757543485976,1.774937877174299,4.969826056088037,2.1299254526091587,,57.15299964501242,8.074534161490684,0.6211180124223602,3.1055900621118013,8.695652173913043,4.761904761904762,5.128205128205128,58.97435897435898,1.5,2.3333333333333335,313.0,704.25,17.88888888888889
2009-2010,2012210,TONGANOXIE,TONGANOXIE,KS,Leavenworth County,3.0,3.0,1913.0,,1913.0,,0.0,4.0,44.0,71.0,7.0,128.0,128.0,9.0,0.0,4.0,,,1.0,7.0,8.0,3.0,2.0,50.0,211.0,Urban_Institute_CCD_Historical_API,Regular Public District,Independent Town / Exurban,True,False,False,False,False,Pre_MO_Reclassification,10.0,3.0,10.0,0.0,5.2273915316257185,0.0,1.5682174594877156,5.2273915316257185,2.090956612650287,,66.91061160480919,7.8125,0.0,2.34375,7.8125,4.739336492890995,4.739336492890995,60.66350710900474,2.3333333333333335,3.3333333333333335,273.2857142857143,637.6666666666666,18.285714285714285
2009-2010,2012360,TURNER-KANSAS CITY,TURNER-KANSAS CITY,KS,Wyandotte County,8.0,8.0,3923.0,,3923.0,,7.0,20.0,111.0,105.0,3.0,247.0,247.0,68.0,11.0,9.0,,,5.0,15.0,16.0,3.0,13.0,101.0,483.0,Urban_Institute_CCD_Historical_API,Regular Public District,Independent Town / Exurban,True,False,False,False,False,Pre_MO_Reclassification,18.0,14.0,29.0,11.0,4.588325261279633,2.803976548559776,3.5686974254397144,7.392301809839409,2.2941626306398164,,62.96201886311496,7.28744939271255,4.4534412955465585,5.668016194331984,11.740890688259109,3.7267080745341614,6.004140786749482,51.13871635610766,1.875,3.625,261.53333333333336,1307.6666666666667,16.466666666666665
2009-2010,2900017,ACADEMIE LAFAYETTE,ACADEMIE LAFAYETTE,MO,Jackson County,1.0,1.0,564.0,,564.0,,0.0,10.0,30.0,0.0,,41.0,41.0,0.0,0.0,1.0,,,2.0,2.0,0.0,0.0,5.0,1.0,50.0,Urban_Institute_CCD_Historical_API,Charter LEA,Charter LEA,False,False,False,False,True,Pre_MO_Reclassification,2.0,0.0,2.0,0.0,3.5460992907801416,0.0,0.0,3.5460992907801416,1.7730496453900708,,72.6950354609929,4.878048780487805,0.0,0.0,4.878048780487805,4.0,4.0,82.0,2.0,2.0,282.0,,20.5
2009-2010,2900025,ALLEN VILLAGE,ALLEN VILLAGE,MO,Jackson County,1.0,1.0,406.0,,406.0,,0.0,1.0,18.0,0.0,,19.0,19.0,8.0,0.0,1.0,,,0.0,1.0,0.0,0.0,2.0,5.0,36.0,Urban_Institute_CCD_Historical_API,Charter LEA,Charter LEA,False,False,False,False,True,Pre_MO_Reclassification,1.0,0.0,1.0,0.0,2.4630541871921183,0.0,0.0,2.4630541871921183,2.4630541871921183,,46.79802955665024,5.263157894736842,0.0,0.0,5.263157894736842,2.7777777777777777,2.7777777777777777,52.77777777777778,1.0,1.0,406.0,,19.0
2009-2010,2900029,ALTA VISTA CHARTER SCH.,ALTA VISTA CHARTER SCH.,MO,Jackson County,1.0,1.0,193.0,,193.0,,0.0,0.0,0.0,16.0,,16.0,16.0,0.0,0.0,0.0,,,0.0,0.0,0.0,0.0,2.0,3.0,21.0,Urban_Institute_CCD_Historical_API,Charter LEA,Charter LEA,False,False,False,False,True,Pre_MO_Reclassification,0.0,0.0,0.0,0.0,0.0,0.0,0.0,0.0,0.0,,82.90155440414507,0.0,0.0,0.0,0.0,0.0,0.0,76.19047619047619,0.0,0.0,,,
2009-2010,2903200,ARCHIE R-V,ARCHIE R-V,MO,Cass County,2.0,2.0,566.0,,566.0,,1.0,2.0,19.0,21.0,,45.0,45.0,8.0,0.0,2.0,,,0.0,2.0,0.0,1.0,3.0,7.0,68.0,Urban_Institute_CCD_Historical_API,Regular Public District,Rural / Peripheral,True,False,False,False,True,Pre_MO_Reclassification,3.0,1.0,3.0,0.0,5.30035335689046,0.0,1.7667844522968197,5.30035335689046,3.5335689045936394,,79.50530035335689,6.666666666666667,0.0,2.2222222222222223,6.666666666666667,4.411764705882353,4.411764705882353,66.17647058823529,1.0,1.5,283.0,566.0,22.5
2009-2010,2900011,B. BANNEKER ACADEMY,B. BANNEKER ACADEMY,MO,Jackson County,1.0,1.0,346.0,,346.0,,0.0,2.0,26.0,0.0,,28.0,28.0,9.0,0.0,1.0,,,0.0,1.0,0.0,0.0,6.0,2.0,47.0,Urban_Institute_CCD_Historical_API,Charter LEA,Charter LEA,False,False,False,False,True,Pre_MO_Reclassification,1.0,0.0,1.0,0.0,2.890173410404624,0.0,0.0,2.890173410404624,2.890173410404624,,80.92485549132948,3.571428571428571,0.0,0.0,3.571428571428571,2.127659574468085,2.127659574468085,59.57446808510638,1.0,1.0,346.0,,28.0
2009-2010,2904620,BELTON 124,BELTON 124,MO,Cass County,11.0,11.0,5123.0,,5123.0,,18.0,26.0,152.0,137.0,,334.0,334.0,105.0,9.0,13.0,,,12.0,17.0,0.0,8.0,32.0,56.0,574.0,Urban_Institute_CCD_Historical_API,Regular Public District,Independent Town / Exurban,True,False,False,False,True,Pre_MO_Reclassification,25.0,17.0,34.0,9.0,4.879953152449736,1.7567831348819052,3.318368143665821,6.636736287331642,2.5375756392738626,,65.19617411672849,7.48502994011976,2.694610778443114,5.089820359281437,10.179640718562874,4.355400696864112,5.923344947735192,58.18815331010453,1.5454545454545454,3.090909090909091,301.3529411764706,640.375,19.647058823529413
2009-2010,2905310,BLUE SPRINGS R-IV,BLUE SPRINGS R-IV,MO,Jackson County,22.0,22.0,13999.0,,13999.0,,20.0,59.0,338.0,472.0,,891.0,891.0,256.0,14.0,38.0,,,13.0,38.0,22.0,13.0,119.0,281.0,1672.0,Urban_Institute_CCD_Historical_API,Regular Public District,Major Suburban Unified,True,False,False,False,True,Pre_MO_Reclassification,51.0,27.0,65.0,14.0,3.643117365526109,1.0000714336738337,1.9287091935138223,4.643188799199943,2.7144796056861202,,63.64740338595613,5.723905723905724,1.5712682379349048,3.0303030303030303,7.295173961840629,3.050239234449761,3.8875598086124405,53.289473684210535,1.7272727272727273,2.9545454545454546,368.39473684210526,1076.8461538461538,23.44736842105263
2009-2010,2900024,BROOKSIDE CHARTER SCH.,BROOKSIDE CHARTER SCH.,MO,Jackson County,2.0,2.0,490.0,,490.0,,0.0,3.0,17.0,15.0,,36.0,36.0,0.0,2.0,0.0,,,0.0,3.0,1.0,2.0,4.0,2.0,50.0,Urban_Institute_CCD_Historical_API,Charter LEA,Charter LEA,False,False,False,False,True,Pre_MO_Reclassification,5.0,4.0,7.0,2.0,10.204081632653061,4.081632653061225,8.16326530612245,14.285714285714285,0.0,,73.46938775510205,13.88888888888889,5.555555555555555,11.11111111111111,19.444444444444446,10.0,14.000000000000002,72.0,1.5,3.5,163.33333333333334,245.0,12.0
2009-2010,2908250,CENTER 58,CENTER 58,MO,Jackson County,8.0,8.0,2497.0,,2497.0,,9.0,9.0,86.0,108.0,,213.0,213.0,36.0,5.0,7.0,,,3.0,10.0,0.0,4.0,34.0,99.0,408.0,Urban_Institute_CCD_Historical_API,Regular Public District,Urban Core Unified,True,False,False,False,True,Pre_MO_Reclassification,14.0,9.0,19.0,5.0,5.606728073688426,2.002402883460152,3.604325190228274,7.609130957148579,2.803364036844213,,85.30236283540249,6.572769953051644,2.3474178403755865,4.225352112676056,8.92018779342723,3.431372549019608,4.6568627450980395,52.20588235294118,1.25,2.375,249.7,624.25,21.3
2009-2010,2900013,DELLA LAMB ELEM.,DELLA LAMB ELEM.,MO,Jackson County,1.0,1.0,453.0,,453.0,,0.0,4.0,28.0,0.0,,33.0,33.0,26.0,0.0,0.0,,,2.0,0.0,0.0,1.0,4.0,68.0,132.0,Urban_Institute_CCD_Historical_API,Charter LEA,Charter LEA,False,False,False,False,True,Pre_MO_Reclassification,1.0,1.0,1.0,0.0,2.207505518763797,0.0,2.207505518763797,2.207505518763797,0.0,,72.8476821192053,3.0303030303030303,0.0,3.0303030303030303,3.0303030303030303,0.7575757575757576,0.7575757575757576,25.0,0.0,1.0,,453.0,
2009-2010,2900009,DIVISION OF YOUTH SERVICES,DIVISION OF YOUTH SERVICES,MO,Unknown,42.0,42.0,940.0,,940.0,,0.0,0.0,0.0,117.0,,117.0,117.0,0.0,4.0,2.0,,,0.0,0.0,0.0,1.0,0.0,0.0,124.0,Urban_Institute_CCD_Historical_API,Specialized State Agency,Specialized State Agency,False,False,False,False,True,Pre_MO_Reclassification,1.0,5.0,5.0,4.0,1.0638297872340425,4.25531914893617,5.319148936170213,5.319148936170213,2.127659574468085,,124.46808510638297,0.8547008547008548,3.418803418803419,4.273504273504273,4.273504273504273,0.8064516129032258,4.032258064516129,94.35483870967742,0.0,0.11904761904761904,,940.0,
2009-2010,2911070,DREXEL R-IV,DREXEL R-IV,MO,Cass County,2.0,2.0,297.0,,297.0,,1.0,1.0,11.0,17.0,,30.0,30.0,3.0,0.0,0.0,,,1.0,2.0,0.0,1.0,3.0,7.0,46.0,Urban_Institute_CCD_Historical_API,Regular Public District,Rural / Peripheral,True,False,False,False,True,Pre_MO_Reclassification,3.0,1.0,3.0,0.0,10.101010101010102,0.0,3.3670033670033668,10.101010101010102,0.0,,101.01010101010101,10.0,0.0,3.3333333333333335,10.0,6.521739130434782,6.521739130434782,65.21739130434783,1.0,1.5,148.5,297.0,15.0
2009-2010,2911160,EAST LYNNE 40,EAST LYNNE 40,MO,Cass County,1.0,1.0,199.0,,199.0,,1.0,1.0,14.0,0.0,,16.0,16.0,4.0,0.0,0.0,,,1.0,0.0,0.0,0.0,2.0,4.0,26.0,Urban_Institute_CCD_Historical_API,Regular Public District,Rural / Peripheral,True,False,False,False,True,Pre_MO_Reclassification,0.0,0.0,0.0,0.0,0.0,0.0,0.0,0.0,0.0,,80.40201005025126,0.0,0.0,0.0,0.0,0.0,0.0,61.53846153846154,0.0,0.0,,,
2009-2010,2911650,EXCELSIOR SPRINGS 40,EXCELSIOR SPRINGS 40,MO,Clay County,7.0,7.0,3065.0,,3065.0,,3.0,11.0,83.0,110.0,,210.0,210.0,48.0,0.0,8.0,,,4.0,11.0,0.0,5.0,26.0,116.0,424.0,Urban_Institute_CCD_Historical_API,Regular Public District,Independent Town / Exurban,True,False,False,False,True,Pre_MO_Reclassification,16.0,5.0,16.0,0.0,5.220228384991843,0.0,1.6313213703099512,5.220228384991843,2.6101141924959217,,68.51549755301795,7.6190476190476195,0.0,2.380952380952381,7.6190476190476195,3.7735849056603774,3.7735849056603774,49.528301886792455,1.5714285714285714,2.2857142857142856,278.6363636363636,613.0,19.09090909090909
2009-2010,2912290,FORT OSAGE R-I,FORT OSAGE R-I,MO,Jackson County,12.0,12.0,4790.0,,4790.0,,8.0,25.0,159.0,168.0,,362.0,362.0,106.0,7.0,14.0,,,9.0,13.0,0.0,9.0,47.0,187.0,745.0,Urban_Institute_CCD_Historical_API,Regular Public District,Independent Town / Exurban,True,False,False,False,True,Pre_MO_Reclassification,22.0,16.0,29.0,7.0,4.592901878914405,1.4613778705636744,3.340292275574113,6.05427974947808,2.922755741127349,,75.5741127348643,6.077348066298343,1.9337016574585635,4.41988950276243,8.011049723756907,2.953020134228188,3.8926174496644297,48.59060402684563,1.0833333333333333,2.4166666666666665,368.46153846153845,532.2222222222222,27.846153846153847
2009-2010,2900590,FRONTIER SCHOOL OF INNOVATION,FRONTIER SCHOOL OF INNOVATION,MO,Jackson County,1.0,1.0,303.0,,303.0,,0.0,4.0,12.0,0.0,,17.0,17.0,0.0,0.0,0.0,,,0.0,1.0,0.0,0.0,1.0,1.0,20.0,Urban_Institute_CCD_Historical_API,Charter LEA,Charter LEA,False,False,False,False,True,Pre_MO_Reclassification,1.0,0.0,1.0,0.0,3.3003300330033003,0.0,0.0,3.3003300330033003,0.0,,56.1056105610561,5.88235294117647,0.0,0.0,5.88235294117647,5.0,5.0,85.0,1.0,1.0,303.0,,17.0
2009-2010,2900016,GENESIS SCHOOL INC.,GENESIS SCHOOL INC.,MO,Jackson County,1.0,1.0,154.0,,154.0,,0.0,0.0,0.0,10.0,,10.0,10.0,0.0,1.0,0.0,,,0.0,2.0,0.0,0.0,4.0,3.0,20.0,Urban_Institute_CCD_Historical_API,Charter LEA,Charter LEA,False,False,False,False,True,Pre_MO_Reclassification,2.0,1.0,3.0,1.0,12.987012987012989,6.493506493506494,6.493506493506494,19.48051948051948,0.0,,64.93506493506493,20.0,10.0,10.0,30.0,10.0,15.0,50.0,2.0,3.0,77.0,,5.0
2009-2010,2900015,GORDON PARKS ELEM.,GORDON PARKS ELEM.,MO,Jackson County,1.0,1.0,217.0,,217.0,,0.0,2.0,18.0,0.0,,20.0,20.0,4.0,0.0,0.0,,,0.0,1.0,0.0,0.0,6.0,2.0,33.0,Urban_Institute_CCD_Historical_API,Charter LEA,Charter LEA,False,False,False,False,True,Pre_MO_Reclassification,1.0,0.0,1.0,0.0,4.608294930875576,0.0,0.0,4.608294930875576,0.0,,92.16589861751153,5.0,0.0,0.0,5.0,3.0303030303030303,3.0303030303030303,60.60606060606061,1.0,1.0,217.0,,20.0
2009-2010,2913080,GRAIN VALLEY R-V,GRAIN VALLEY R-V,MO,Jackson County,6.0,6.0,3539.0,,3539.0,,5.0,19.0,106.0,105.0,,237.0,237.0,67.0,4.0,9.0,,,6.0,9.0,0.0,6.0,24.0,114.0,470.0,Urban_Institute_CCD_Historical_API,Regular Public District,Independent Town / Exurban,True,False,False,False,True,Pre_MO_Reclassification,15.0,10.0,19.0,4.0,4.238485447866629,1.1302627860977679,2.8256569652444194,5.368748233964397,2.5430912687199774,,66.96807007629275,6.329113924050633,1.6877637130801686,4.219409282700422,8.016877637130802,3.1914893617021276,4.042553191489362,50.42553191489362,1.5,3.1666666666666665,393.22222222222223,589.8333333333334,26.333333333333332
2009-2010,2913140,GRANDVIEW C-4,GRANDVIEW C-4,MO,Jackson County,9.0,9.0,4007.0,,4007.0,,3.0,21.0,149.0,135.0,,309.0,309.0,44.0,8.0,14.0,,,6.0,15.0,0.0,5.0,70.0,131.0,596.0,Urban_Institute_CCD_Historical_API,Regular Public District,Independent Town / Exurban,True,False,False,False,True,Pre_MO_Reclassification,20.0,13.0,28.0,8.0,4.991265285749938,1.9965061142999752,3.2443224357374594,6.987771400049913,3.4938857000249564,,77.11504866483654,6.472491909385113,2.5889967637540456,4.207119741100324,9.06148867313916,3.3557046979865772,4.697986577181208,51.84563758389261,1.6666666666666667,3.111111111111111,267.1333333333333,801.4,20.6
2009-2010,2913680,HARDIN-CENTRAL C-2,HARDIN-CENTRAL C-2,MO,Ray County,2.0,2.0,226.0,,226.0,,1.0,1.0,9.0,12.0,,23.0,23.0,3.0,0.0,0.0,,,0.0,1.0,0.0,0.0,2.0,3.0,32.0,Urban_Institute_CCD_Historical_API,Regular Public District,Rural / Peripheral,True,False,False,False,True,Pre_MO_Reclassification,1.0,0.0,1.0,0.0,4.424778761061947,0.0,0.0,4.424778761061947,0.0,,101.76991150442478,4.3478260869565215,0.0,0.0,4.3478260869565215,3.125,3.125,71.875,0.5,0.5,226.0,,23.0
2009-2010,2913760,HARRISONVILLE R-IX,HARRISONVILLE R-IX,MO,Cass County,7.0,7.0,2746.0,,2746.0,,3.0,10.0,65.0,120.0,,199.0,199.0,26.0,5.0,7.0,,,4.0,8.0,0.0,9.0,36.0,108.0,398.0,Urban_Institute_CCD_Historical_API,Regular Public District,Independent Town / Exurban,True,False,False,False,True,Pre_MO_Reclassification,17.0,14.0,22.0,5.0,6.190823015294974,1.820830298616169,5.098324836125273,8.011653313911145,2.5491624180626364,,72.46904588492352,8.542713567839195,2.512562814070352,7.035175879396985,11.055276381909549,4.271356783919598,5.527638190954774,50.0,1.1428571428571428,3.142857142857143,343.25,305.1111111111111,24.875
2009-2010,2914340,HICKMAN MILLS C-1,HICKMAN MILLS C-1,MO,Jackson County,18.0,18.0,6642.0,,6642.0,,16.0,31.0,169.0,275.0,,492.0,492.0,48.0,7.0,20.0,,,13.0,28.0,0.0,9.0,0.0,0.0,604.0,Urban_Institute_CCD_Historical_API,Regular Public District,Rural / Peripheral,True,False,False,False,True,Pre_MO_Reclassification,37.0,16.0,44.0,7.0,5.570611261668172,1.0538994278831677,2.408912978018669,6.6245106895513395,3.0111412225233365,,74.07407407407408,7.520325203252034,1.4227642276422763,3.2520325203252036,8.94308943089431,6.125827814569536,7.28476821192053,81.45695364238411,1.5555555555555556,2.4444444444444446,237.21428571428572,738.0,17.571428571428573
2009-2010,2900014,HOGAN PREPARATORY ACADEMY,HOGAN PREPARATORY ACADEMY,MO,Jackson County,1.0,1.0,348.0,,348.0,,0.0,0.0,0.0,28.0,,28.0,28.0,0.0,0.0,0.0,,,0.0,0.0,0.0,0.0,5.0,0.0,33.0,Urban_Institute_CCD_Historical_API,Charter LEA,Charter LEA,False,False,False,False,True,Pre_MO_Reclassification,0.0,0.0,0.0,0.0,0.0,0.0,0.0,0.0,0.0,,80.45977011494253,0.0,0.0,0.0,0.0,0.0,0.0,84.84848484848484,0.0,0.0,,,
2009-2010,2915480,INDEPENDENCE 30,INDEPENDENCE 30,MO,Jackson County,27.0,27.0,13815.0,,13815.0,,65.0,66.0,369.0,472.0,,974.0,974.0,220.0,19.0,34.0,,,24.0,52.0,103.0,13.0,186.0,1031.0,2632.0,Urban_Institute_CCD_Historical_API,Regular Public District,Major Suburban Unified,True,False,False,False,True,Pre_MO_Reclassification,65.0,32.0,84.0,19.0,4.705030763662686,1.3753166847629388,2.3163228374954756,6.080347448425624,2.461093014838943,,70.50307636626856,6.673511293634498,1.9507186858316223,3.285420944558522,8.624229979466119,2.4696048632218845,3.1914893617021276,37.00607902735562,1.9259259259259258,3.111111111111111,265.6730769230769,1062.6923076923076,18.73076923076923
2009-2010,2916400,KANSAS CITY 33,KANSAS CITY 33,MO,Jackson County,66.0,66.0,18839.0,,18839.0,,86.0,109.0,812.0,520.0,,1528.0,1528.0,299.0,14.0,64.0,,,44.0,85.0,0.0,29.0,97.0,1027.0,3143.0,Urban_Institute_CCD_Historical_API,Regular Public District,Urban Core Unified,True,False,False,False,True,Pre_MO_Reclassification,114.0,43.0,128.0,14.0,6.05127660703859,0.7431392324433356,2.2824990710759594,6.794415839481926,3.397207919740963,,81.10833908381548,7.460732984293193,0.9162303664921465,2.81413612565445,8.37696335078534,3.627107858733694,4.072542157174674,48.61597200127267,1.2878787878787878,1.9393939393939394,221.63529411764705,649.6206896551724,17.976470588235294
2009-2010,2916450,KEARNEY R-I,KEARNEY R-I,MO,Clay County,7.0,7.0,3622.0,,3622.0,,3.0,13.0,92.0,117.0,,226.0,226.0,52.0,1.0,6.0,,,5.0,10.0,1.0,5.0,23.0,75.0,399.0,Urban_Institute_CCD_Historical_API,Regular Public District,Independent Town / Exurban,True,False,False,False,True,Pre_MO_Reclassification,15.0,6.0,16.0,1.0,4.141358365543899,0.27609055770292656,1.6565433462175594,4.417448923246825,1.6565433462175594,,62.396466040861405,6.637168141592921,0.4424778761061947,2.6548672566371683,7.079646017699115,3.7593984962406015,4.010025062656641,56.64160401002506,1.4285714285714286,2.2857142857142856,362.2,724.4,22.6
2009-2010,2900031,KIPP: ENDEAVOR ACADEMY,KIPP: ENDEAVOR ACADEMY,MO,Jackson County,1.0,1.0,170.0,,170.0,,0.0,0.0,0.0,14.0,,14.0,14.0,0.0,0.0,0.0,,,0.0,0.0,0.0,0.0,5.0,0.0,19.0,Urban_Institute_CCD_Historical_API,Charter LEA,Charter LEA,False,False,False,False,True,Pre_MO_Reclassification,0.0,0.0,0.0,0.0,0.0,0.0,0.0,0.0,0.0,,82.3529411764706,0.0,0.0,0.0,0.0,0.0,0.0,73.68421052631578,0.0,0.0,,,
2009-2010,2918220,LAWSON R-XIV,LAWSON R-XIV,MO,Ray County,3.0,3.0,1287.0,,1287.0,,1.0,5.0,28.0,55.0,,90.0,90.0,9.0,0.0,3.0,,,3.0,5.0,0.0,3.0,9.0,13.0,132.0,Urban_Institute_CCD_Historical_API,Regular Public District,Rural / Peripheral,True,False,False,False,True,Pre_MO_Reclassification,8.0,3.0,8.0,0.0,6.216006216006216,0.0,2.331002331002331,6.216006216006216,2.331002331002331,,69.93006993006993,8.88888888888889,0.0,3.3333333333333335,8.88888888888889,6.0606060606060606,6.0606060606060606,68.18181818181817,1.6666666666666667,2.6666666666666665,257.4,429.0,18.0
2009-2010,2900028,LEE A. TOLBERT COM. ACADEMY,LEE A. TOLBERT COM. ACADEMY,MO,Jackson County,2.0,2.0,624.0,,624.0,,0.0,5.0,34.0,20.0,,59.0,59.0,13.0,1.0,0.0,,,0.0,1.0,0.0,3.0,10.0,10.0,97.0,Urban_Institute_CCD_Historical_API,Charter LEA,Charter LEA,False,False,False,False,True,Pre_MO_Reclassification,4.0,4.0,5.0,1.0,6.41025641025641,1.6025641025641024,6.41025641025641,8.012820512820513,0.0,,94.55128205128204,6.779661016949152,1.694915254237288,6.779661016949152,8.47457627118644,4.123711340206185,5.154639175257731,60.824742268041234,0.5,2.5,624.0,208.0,59.0
2009-2010,2918300,LEE'S SUMMIT R-VII,LEE'S SUMMIT R-VII,MO,Jackson County,27.0,27.0,17521.0,,17521.0,,21.0,64.0,488.0,604.0,,1179.0,1179.0,274.0,17.0,43.0,,,22.0,55.0,0.0,27.0,146.0,670.0,2411.0,Urban_Institute_CCD_Historical_API,Regular Public District,Major Suburban Unified,True,False,False,False,True,Pre_MO_Reclassification,82.0,44.0,99.0,17.0,4.68009816791279,0.9702642543233834,2.5112721876605217,5.6503624222361735,2.454197819759146,,67.2906797557217,6.955046649703138,1.441899915182358,3.7319762510602206,8.396946564885496,3.4010783907092494,4.106180008295313,48.900871007880546,2.037037037037037,3.6666666666666665,318.56363636363636,648.925925925926,21.436363636363637
2009-2010,2918540,LIBERTY 53,LIBERTY 53,MO,Clay County,18.0,18.0,10618.0,,10618.0,,16.0,50.0,293.0,346.0,,707.0,707.0,207.0,9.0,28.0,,,16.0,33.0,16.0,8.0,73.0,515.0,1596.0,Urban_Institute_CCD_Historical_API,Regular Public District,Major Suburban Unified,True,False,False,False,True,Pre_MO_Reclassification,41.0,17.0,50.0,9.0,3.861367489169335,0.8476172537200979,1.6010548125824071,4.708984742889434,2.6370314560180823,,66.58504426445658,5.799151343705799,1.272984441301273,2.4045261669024045,7.072135785007072,2.568922305764411,3.132832080200501,44.29824561403509,1.8333333333333333,2.7777777777777777,321.75757575757575,1327.25,21.424242424242426
2009-2010,2919230,LONE JACK C-6,LONE JACK C-6,MO,Jackson County,3.0,3.0,584.0,,584.0,,1.0,3.0,18.0,21.0,,44.0,44.0,14.0,0.0,2.0,,,1.0,2.0,0.0,1.0,6.0,13.0,82.0,Urban_Institute_CCD_Historical_API,Regular Public District,Rural / Peripheral,True,False,False,False,True,Pre_MO_Reclassification,3.0,1.0,3.0,0.0,5.136986301369863,0.0,1.7123287671232876,5.136986301369863,3.4246575342465753,,75.34246575342465,6.8181818181818175,0.0,2.272727272727273,6.8181818181818175,3.6585365853658534,3.6585365853658534,53.65853658536586,0.6666666666666666,1.0,292.0,584.0,22.0
2009-2010,2931800,MIDWAY R-I,MIDWAY R-I,MO,Cass County,2.0,2.0,530.0,,530.0,,0.0,2.0,18.0,19.0,,40.0,40.0,6.0,0.0,2.0,,,2.0,1.0,0.0,2.0,5.0,12.0,68.0,Urban_Institute_CCD_Historical_API,Regular Public District,Rural / Peripheral,True,False,False,False,True,Pre_MO_Reclassification,3.0,2.0,3.0,0.0,5.660377358490566,0.0,3.7735849056603774,5.660377358490566,3.7735849056603774,,75.47169811320754,7.5,0.0,5.0,7.5,4.411764705882353,4.411764705882353,58.82352941176471,0.5,1.5,530.0,265.0,40.0
2009-2010,2921060,MISSOURI CITY 56,MISSOURI CITY 56,MO,Clay County,1.0,1.0,33.0,,33.0,,0.0,0.0,3.0,0.0,,3.0,3.0,0.0,0.0,0.0,,,0.0,0.0,0.0,0.0,1.0,1.0,5.0,Urban_Institute_CCD_Historical_API,Regular Public District,Rural / Peripheral,True,False,False,False,True,Pre_MO_Reclassification,0.0,0.0,0.0,0.0,0.0,0.0,0.0,0.0,0.0,,90.9090909090909,0.0,0.0,0.0,0.0,0.0,0.0,60.0,0.0,0.0,,,
2009-2010,2900022,MO SCHLS FOR THE SEV DISABLED,MO SCHLS FOR THE SEV DISABLED,MO,Unknown,35.0,35.0,962.0,,962.0,,0.0,1.0,178.0,0.0,,179.0,179.0,304.0,1.0,0.0,,,0.0,22.0,0.0,2.0,79.0,62.0,649.0,Urban_Institute_CCD_Historical_API,Specialized State Agency,Specialized State Agency,False,False,False,False,True,Pre_MO_Reclassification,24.0,3.0,25.0,1.0,24.94802494802495,1.0395010395010396,3.118503118503119,25.987525987525988,0.0,,186.0706860706861,13.40782122905028,0.5586592178770949,1.675977653631285,13.966480446927374,3.697996918335902,3.8520801232665636,27.5808936825886,0.6285714285714286,0.7142857142857143,43.72727272727273,481.0,8.136363636363637
2009-2010,2922800,NORTH KANSAS CITY 74,NORTH KANSAS CITY 74,MO,Clay County,32.0,32.0,18523.0,,18523.0,,26.0,83.0,504.0,685.0,,1300.0,1300.0,282.0,12.0,49.0,,,28.0,62.0,0.0,36.0,261.0,1157.0,3159.0,Urban_Institute_CCD_Historical_API,Regular Public District,Major Suburban Unified,True,False,False,False,True,Pre_MO_Reclassification,98.0,48.0,110.0,12.0,5.290719645845705,0.6478432219402904,2.5913728877611617,5.938562867785995,2.6453598229228525,,70.18301571019813,7.538461538461538,0.9230769230769231,3.6923076923076925,8.461538461538462,3.102247546691991,3.482114593225704,41.1522633744856,1.9375,3.4375,298.758064516129,514.5277777777778,20.967741935483872
2009-2010,2922830,NORTH PLATTE CO. R-I,NORTH PLATTE CO. R-I,MO,Platte County,5.0,5.0,651.0,,651.0,,1.0,3.0,26.0,28.0,,60.0,60.0,5.0,0.0,2.0,,,2.0,3.0,0.0,1.0,6.0,14.0,91.0,Urban_Institute_CCD_Historical_API,Regular Public District,Independent Town / Exurban,True,False,False,False,True,Pre_MO_Reclassification,4.0,1.0,4.0,0.0,6.1443932411674345,0.0,1.5360983102918586,6.1443932411674345,3.0721966205837172,,92.16589861751153,6.666666666666667,0.0,1.6666666666666667,6.666666666666667,4.395604395604396,4.395604395604396,65.93406593406593,0.6,0.8,217.0,651.0,20.0
2009-2010,2923010,OAK GROVE R-VI,OAK GROVE R-VI,MO,Jackson County,4.0,4.0,2073.0,,2073.0,,4.0,3.0,52.0,79.0,,139.0,139.0,24.0,1.0,5.0,,,4.0,7.0,2.0,3.0,14.0,38.0,233.0,Urban_Institute_CCD_Historical_API,Regular Public District,Rural / Peripheral,True,False,False,False,True,Pre_MO_Reclassification,10.0,4.0,11.0,1.0,4.82392667631452,0.482392667631452,1.929570670525808,5.3063193439459715,2.41196333815726,,67.05258080077182,7.194244604316546,0.7194244604316548,2.877697841726619,7.913669064748201,4.291845493562231,4.721030042918455,59.65665236051502,1.75,2.75,296.14285714285717,691.0,19.857142857142858
2009-2010,2923220,ORRICK R-XI,ORRICK R-XI,MO,Ray County,2.0,2.0,452.0,,452.0,,1.0,2.0,15.0,15.0,,34.0,34.0,8.0,0.0,1.0,,,1.0,2.0,0.0,1.0,3.0,7.0,56.0,Urban_Institute_CCD_Historical_API,Regular Public District,Rural / Peripheral,True,False,False,False,True,Pre_MO_Reclassification,3.0,1.0,3.0,0.0,6.6371681415929205,0.0,2.2123893805309733,6.6371681415929205,2.2123893805309733,,75.2212389380531,8.823529411764707,0.0,2.941176470588235,8.823529411764707,5.357142857142857,5.357142857142857,60.71428571428571,1.0,1.5,226.0,452.0,17.0
2009-2010,2923550,PARK HILL,PARK HILL,MO,Platte County,16.0,16.0,10288.0,,10288.0,,11.0,40.0,257.0,379.0,,688.0,688.0,150.0,3.0,23.0,,,14.0,30.0,0.0,12.0,91.0,305.0,1302.0,Urban_Institute_CCD_Historical_API,Regular Public District,Major Suburban Unified,True,False,False,False,True,Pre_MO_Reclassification,42.0,15.0,45.0,3.0,4.082426127527216,0.29160186625194406,1.45800933125972,4.37402799377916,2.235614307931571,,66.87402799377917,6.104651162790697,0.436046511627907,2.1802325581395348,6.540697674418605,3.225806451612903,3.4562211981566824,52.84178187403994,1.875,2.8125,342.93333333333334,857.3333333333334,22.933333333333334
2009-2010,2900587,PATHWAY ACADEMY,PATHWAY ACADEMY,MO,Jackson County,2.0,2.0,436.0,,436.0,,0.0,3.0,13.0,7.0,,23.0,23.0,2.0,0.0,1.0,,,1.0,1.0,0.0,0.0,3.0,3.0,33.0,Urban_Institute_CCD_Historical_API,Charter LEA,Charter LEA,False,False,False,False,True,Pre_MO_Reclassification,1.0,0.0,1.0,0.0,2.293577981651376,0.0,0.0,2.293577981651376,2.293577981651376,,52.75229357798165,4.3478260869565215,0.0,0.0,4.3478260869565215,3.0303030303030303,3.0303030303030303,69.6969696969697,0.5,0.5,436.0,,23.0
2009-2010,2925230,PLATTE CO. R-III,PLATTE CO. R-III,MO,Platte County,8.0,8.0,3374.0,,3374.0,,4.0,15.0,104.0,110.0,,235.0,235.0,41.0,7.0,10.0,,,6.0,10.0,0.0,6.0,28.0,75.0,412.0,Urban_Institute_CCD_Historical_API,Regular Public District,Independent Town / Exurban,True,False,False,False,True,Pre_MO_Reclassification,16.0,13.0,23.0,7.0,4.742145820983995,2.074688796680498,3.8529934795494962,6.816834617664493,2.9638411381149967,,69.65026674570244,6.808510638297872,2.9787234042553195,5.531914893617021,9.787234042553191,3.8834951456310676,5.582524271844661,57.03883495145631,1.25,2.875,337.4,562.3333333333334,23.5
2009-2010,2925330,PLEASANT HILL R-III,PLEASANT HILL R-III,MO,Cass County,5.0,5.0,2198.0,,2198.0,,1.0,10.0,67.0,68.0,,146.0,146.0,25.0,2.0,6.0,,,5.0,5.0,1.0,4.0,17.0,25.0,231.0,Urban_Institute_CCD_Historical_API,Regular Public District,Independent Town / Exurban,True,False,False,False,True,Pre_MO_Reclassification,9.0,6.0,11.0,2.0,4.094631483166515,0.9099181073703367,2.72975432211101,5.004549590536851,2.72975432211101,,66.42402183803458,6.164383561643835,1.36986301369863,4.10958904109589,7.534246575342466,3.896103896103896,4.761904761904762,63.20346320346321,1.0,2.2,439.6,549.5,29.2
2009-2010,2923730,RAYMORE-PECULIAR R-II,RAYMORE-PECULIAR R-II,MO,Cass County,11.0,11.0,5986.0,,5986.0,,3.0,24.0,191.0,175.0,,395.0,395.0,48.0,9.0,15.0,,,9.0,18.0,4.0,12.0,23.0,161.0,685.0,Urban_Institute_CCD_Historical_API,Regular Public District,Major Suburban Unified,True,False,False,False,True,Pre_MO_Reclassification,30.0,21.0,39.0,9.0,5.011693952555964,1.5035081857667891,3.508185766789175,6.515202138322753,2.505846976277982,,65.98730370865353,7.59493670886076,2.278481012658228,5.3164556962025316,9.873417721518987,4.37956204379562,5.693430656934306,57.66423357664233,1.6363636363636365,3.5454545454545454,332.55555555555554,498.8333333333333,21.944444444444443
2009-2010,2926070,RAYTOWN C-2,RAYTOWN C-2,MO,Jackson County,19.0,19.0,8837.0,,8837.0,,12.0,31.0,202.0,315.0,,562.0,562.0,9.0,1.0,1.0,,,0.0,0.0,1.0,0.0,83.0,471.0,1128.0,Urban_Institute_CCD_Historical_API,Regular Public District,Major Suburban Unified,True,False,False,False,True,Pre_MO_Reclassification,0.0,1.0,1.0,1.0,0.0,0.11316057485572027,0.11316057485572027,0.11316057485572027,0.11316057485572027,,63.59624306891479,0.0,0.1779359430604982,0.1779359430604982,0.1779359430604982,0.0,0.08865248226950355,49.822695035460995,0.0,0.05263157894736842,,,
2009-2010,2926480,RICHMOND R-XVI,RICHMOND R-XVI,MO,Ray County,4.0,4.0,1660.0,,1660.0,,3.0,7.0,51.0,60.0,,122.0,122.0,5.0,2.0,5.0,,,3.0,6.0,11.0,2.0,13.0,24.0,190.0,Urban_Institute_CCD_Historical_API,Regular Public District,Rural / Peripheral,True,False,False,False,True,Pre_MO_Reclassification,8.0,4.0,10.0,2.0,4.819277108433735,1.2048192771084338,2.4096385542168677,6.024096385542169,3.0120481927710845,,73.49397590361447,6.557377049180328,1.639344262295082,3.278688524590164,8.19672131147541,4.2105263157894735,5.263157894736842,64.21052631578948,1.5,2.5,276.6666666666667,830.0,20.333333333333332
2009-2010,2900019,SCUOLA VITA NUOVA,SCUOLA VITA NUOVA,MO,Jackson County,1.0,1.0,224.0,,224.0,,1.0,2.0,14.0,0.0,,17.0,17.0,3.0,0.0,0.0,,,0.0,1.0,0.0,0.0,3.0,4.0,28.0,Urban_Institute_CCD_Historical_API,Charter LEA,Charter LEA,False,False,False,False,True,Pre_MO_Reclassification,1.0,0.0,1.0,0.0,4.464285714285714,0.0,0.0,4.464285714285714,0.0,,75.89285714285714,5.88235294117647,0.0,0.0,5.88235294117647,3.571428571428571,3.571428571428571,60.71428571428571,1.0,1.0,224.0,,17.0
2009-2010,2910320,SHERWOOD CASS R-VIII,SHERWOOD CASS R-VIII,MO,Cass County,3.0,3.0,877.0,,877.0,,2.0,4.0,25.0,37.0,,69.0,69.0,13.0,0.0,3.0,,,2.0,3.0,0.0,2.0,6.0,34.0,130.0,Urban_Institute_CCD_Historical_API,Regular Public District,Rural / Peripheral,True,False,False,False,True,Pre_MO_Reclassification,5.0,2.0,5.0,0.0,5.701254275940707,0.0,2.280501710376283,5.701254275940707,3.4207525655644244,,78.67730900798176,7.246376811594203,0.0,2.898550724637681,7.246376811594203,3.8461538461538463,3.8461538461538463,53.07692307692308,1.0,1.6666666666666667,292.3333333333333,438.5,23.0
2009-2010,2928410,SMITHVILLE R-II,SMITHVILLE R-II,MO,Clay County,4.0,4.0,2398.0,,2398.0,,1.0,7.0,54.0,78.0,,141.0,141.0,28.0,3.0,4.0,,,4.0,7.0,0.0,4.0,15.0,20.0,222.0,Urban_Institute_CCD_Historical_API,Regular Public District,Independent Town / Exurban,True,False,False,False,True,Pre_MO_Reclassification,11.0,7.0,14.0,3.0,4.587155963302752,1.2510425354462051,2.9190992493744785,5.838198498748957,1.6680567139282736,,58.798999165971644,7.801418439716312,2.127659574468085,4.964539007092199,9.929078014184398,4.954954954954955,6.306306306306306,63.51351351351351,1.75,3.5,342.57142857142856,599.5,20.142857142857142
2009-2010,2929670,STRASBURG C-3,STRASBURG C-3,MO,Cass County,1.0,1.0,102.0,,102.0,,0.0,1.0,10.0,0.0,,12.0,12.0,0.0,0.0,0.0,,,0.0,1.0,0.0,0.0,3.0,4.0,20.0,Urban_Institute_CCD_Historical_API,Regular Public District,Rural / Peripheral,True,False,False,False,True,Pre_MO_Reclassification,1.0,0.0,1.0,0.0,9.803921568627452,0.0,0.0,9.803921568627452,0.0,,117.6470588235294,8.333333333333332,0.0,0.0,8.333333333333332,5.0,5.0,60.0,1.0,1.0,102.0,,12.0
2009-2010,2900027,UNIVERSITY ACADEMY,UNIVERSITY ACADEMY,MO,Jackson County,3.0,3.0,1089.0,,1089.0,,0.0,8.0,33.0,41.0,,83.0,83.0,13.0,0.0,2.0,,,1.0,4.0,0.0,3.0,5.0,21.0,131.0,Urban_Institute_CCD_Historical_API,Charter LEA,Charter LEA,False,False,False,False,True,Pre_MO_Reclassification,7.0,3.0,7.0,0.0,6.4279155188246095,0.0,2.7548209366391188,6.4279155188246095,1.8365472910927456,,76.21671258034894,8.433734939759036,0.0,3.614457831325301,8.433734939759036,5.343511450381679,5.343511450381679,63.358778625954194,1.3333333333333333,2.3333333333333335,272.25,363.0,20.75
2009-2010,2931110,WASHINGTON,WASHINGTON,MO,Unknown,12.0,12.0,4334.0,,4334.0,,11.0,16.0,129.0,147.0,,304.0,304.0,59.0,3.0,10.0,,,5.0,14.0,0.0,4.0,49.0,114.0,557.0,Urban_Institute_CCD_Historical_API,Regular Public District,Rural / Peripheral,False,False,False,False,True,Pre_MO_Reclassification,18.0,7.0,21.0,3.0,4.153207198892478,0.6922011998154131,1.6151361329026304,4.8454083987078915,2.3073373327180433,,70.14305491462852,5.921052631578947,0.9868421052631579,2.302631578947368,6.907894736842106,3.231597845601436,3.7701974865350087,54.57809694793537,1.1666666666666667,1.75,309.57142857142856,1083.5,21.714285714285715
2009-2010,2931710,WEST PLATTE CO. R-II,WEST PLATTE CO. R-II,MO,Platte County,2.0,2.0,633.0,,633.0,,0.0,3.0,24.0,27.0,,55.0,55.0,3.0,0.0,0.0,,,1.0,2.0,0.0,2.0,5.0,12.0,79.0,Urban_Institute_CCD_Historical_API,Regular Public District,Independent Town / Exurban,True,False,False,False,True,Pre_MO_Reclassification,4.0,2.0,4.0,0.0,6.3191153238546605,0.0,3.1595576619273302,6.3191153238546605,0.0,,86.88783570300158,7.2727272727272725,0.0,3.6363636363636362,7.2727272727272725,5.063291139240507,5.063291139240507,69.62025316455697,1.0,2.0,316.5,316.5,27.5
2010-2011,2003780,BASEHOR-LINWOOD,BASEHOR-LINWOOD,KS,Leavenworth County,5.0,5.0,2225.0,,2225.0,,1.0,5.0,60.0,51.0,2.0,119.0,119.0,0.0,1.0,5.0,,,3.0,9.0,6.0,2.0,3.0,31.0,176.0,Urban_Institute_CCD_Historical_API,Regular Public District,Independent Town / Exurban,True,False,False,False,False,Pre_MO_Reclassification,11.0,3.0,12.0,1.0,4.943820224719101,0.44943820224719105,1.348314606741573,5.393258426966292,2.247191011235955,,53.48314606741573,9.243697478991598,0.8403361344537815,2.5210084033613445,10.084033613445378,6.25,6.8181818181818175,67.61363636363636,1.8,2.4,247.22222222222223,1112.5,13.222222222222221
2010-2011,2012000,BLUE VALLEY,BLUE VALLEY,KS,Johnson County,34.0,34.0,21641.0,,21641.0,,23.0,63.0,560.0,715.0,0.0,1362.0,1362.0,344.0,35.0,56.0,,,38.0,59.0,86.0,7.0,70.0,361.0,2380.0,Urban_Institute_CCD_Historical_API,Regular Public District,Major Suburban Unified,True,False,False,False,False,Pre_MO_Reclassification,66.0,42.0,101.0,35.0,3.0497666466429463,1.6173004944318654,1.9407605933182384,4.667067141074812,2.5876807910909845,,62.93609352617717,4.845814977973569,2.5697503671071953,3.0837004405286343,7.415565345080763,2.773109243697479,4.243697478991597,57.22689075630252,1.7352941176470589,2.9705882352941178,366.79661016949154,3091.5714285714284,23.084745762711865
2010-2011,2004050,BONNER SPRINGS,BONNER SPRINGS,KS,Wyandotte County,5.0,5.0,2516.0,,2516.0,,3.0,11.0,73.0,83.0,1.0,173.0,173.0,14.0,4.0,6.0,,,2.0,8.0,11.0,1.0,7.0,58.0,282.0,Urban_Institute_CCD_Historical_API,Regular Public District,Independent Town / Exurban,True,False,False,False,False,Pre_MO_Reclassification,9.0,5.0,13.0,4.0,3.577106518282989,1.589825119236884,1.9872813990461047,5.166931637519872,2.3847376788553256,,68.75993640699524,5.202312138728324,2.312138728323699,2.8901734104046244,7.514450867052023,3.1914893617021276,4.609929078014184,61.347517730496456,1.6,2.6,314.5,2516.0,21.625
2010-2011,2005490,DE SOTO,DE SOTO,KS,Johnson County,12.0,12.0,6721.0,,6721.0,,5.0,16.0,197.0,240.0,2.0,461.0,461.0,72.0,14.0,15.0,,,12.0,19.0,20.0,4.0,11.0,104.0,720.0,Urban_Institute_CCD_Historical_API,Regular Public District,Independent Town / Exurban,True,False,False,False,False,Pre_MO_Reclassification,23.0,18.0,37.0,14.0,3.4221098050885286,2.083023359619104,2.678172890938848,5.505133164707632,2.2318107424490403,,68.5909834846005,4.989154013015185,3.036876355748373,3.9045553145336225,8.026030368763557,3.194444444444444,5.138888888888888,64.02777777777777,1.5833333333333333,3.0833333333333335,353.7368421052632,1680.25,24.263157894736842
2010-2011,2005640,EASTON,EASTON,KS,Leavenworth County,4.0,4.0,694.0,,694.0,,0.0,2.0,22.0,28.0,2.0,55.0,55.0,0.0,2.0,2.0,,,1.0,5.0,4.0,1.0,1.0,15.0,85.0,Urban_Institute_CCD_Historical_API,Regular Public District,Rural / Peripheral,True,False,False,False,False,Pre_MO_Reclassification,6.0,3.0,8.0,2.0,8.645533141210375,2.881844380403458,4.322766570605188,11.527377521613833,2.881844380403458,,79.2507204610951,10.909090909090908,3.6363636363636362,5.454545454545454,14.545454545454545,7.0588235294117645,9.411764705882353,64.70588235294117,1.25,2.0,138.8,694.0,11.0
2010-2011,2006330,FT LEAVENWORTH,FT LEAVENWORTH,KS,Leavenworth County,4.0,4.0,1996.0,,1996.0,,2.0,13.0,92.0,29.0,2.0,138.0,138.0,18.0,3.0,4.0,,,4.0,5.0,4.0,2.0,7.0,39.0,220.0,Urban_Institute_CCD_Historical_API,Regular Public District,Independent Town / Exurban,True,False,False,False,False,Pre_MO_Reclassification,7.0,5.0,10.0,3.0,3.5070140280561124,1.503006012024048,2.50501002004008,5.01002004008016,2.004008016032064,,69.13827655310621,5.072463768115942,2.1739130434782608,3.6231884057971016,7.246376811594203,3.1818181818181817,4.545454545454546,62.727272727272734,1.25,2.5,399.2,998.0,27.6
2010-2011,2006420,GARDNER EDGERTON,GARDNER EDGERTON,KS,Johnson County,9.0,9.0,5111.0,,5111.0,,9.0,22.0,173.0,145.0,0.0,350.0,350.0,115.0,4.0,11.0,,,9.0,13.0,20.0,3.0,10.0,101.0,627.0,Urban_Institute_CCD_Historical_API,Regular Public District,Independent Town / Exurban,True,False,False,False,False,Pre_MO_Reclassification,16.0,7.0,20.0,4.0,3.130502837018196,0.782625709254549,1.3695949911954608,3.913128546272745,2.15222070045001,,68.47974955977304,4.571428571428571,1.1428571428571428,2.0,5.714285714285714,2.5518341307814993,3.1897926634768736,55.8213716108453,1.4444444444444444,2.2222222222222223,393.15384615384613,1703.6666666666667,26.923076923076923
2010-2011,2007950,KANSAS CITY,KANSAS CITY,KS,Wyandotte County,45.0,45.0,20229.0,,20229.0,,23.0,84.0,516.0,471.0,262.0,1358.0,1358.0,204.0,85.0,16.0,,,20.0,80.0,84.0,3.0,44.0,529.0,2403.0,Urban_Institute_CCD_Historical_API,Regular Public District,Urban Core Unified,True,False,False,False,False,Pre_MO_Reclassification,83.0,88.0,168.0,85.0,4.103020416234119,4.201888378071086,4.350190320826536,8.304908794305204,0.7909436946957339,,67.13134608730041,6.111929307805596,6.25920471281296,6.480117820324007,12.371134020618557,3.454015813566375,6.991260923845194,56.51269246774865,1.7777777777777777,3.7333333333333334,252.8625,6743.0,16.975
2010-2011,2000025,KS. STATE PENITENTIARY,KS. STATE PENITENTIARY,KS,Leavenworth County,1.0,1.0,8.0,,8.0,,0.0,0.0,0.0,0.0,0.0,0.0,0.0,0.0,0.0,0.0,,,0.0,0.0,0.0,0.0,0.0,0.0,,Urban_Institute_CCD_Historical_API,Specialized State Agency,Specialized State Agency,False,False,False,False,False,Pre_MO_Reclassification,0.0,0.0,0.0,0.0,0.0,0.0,0.0,0.0,0.0,,0.0,,,,,,,,0.0,0.0,,,
2010-2011,2008340,LANSING,LANSING,KS,Leavenworth County,3.0,3.0,2638.0,,2638.0,,1.0,8.0,55.0,85.0,1.0,151.0,151.0,0.0,2.0,4.0,,,3.0,6.0,4.0,1.0,4.0,14.0,186.0,Urban_Institute_CCD_Historical_API,Regular Public District,Independent Town / Exurban,True,False,False,False,False,Pre_MO_Reclassification,7.0,3.0,9.0,2.0,2.65352539802881,0.7581501137225171,1.1372251705837755,3.411675511751327,1.5163002274450341,,57.24033358605004,4.635761589403973,1.3245033112582782,1.9867549668874174,5.960264900662252,3.763440860215054,4.838709677419355,81.18279569892472,2.0,3.0,439.6666666666667,2638.0,25.166666666666668
2010-2011,2008430,LEAVENWORTH,LEAVENWORTH,KS,Leavenworth County,16.0,16.0,3693.0,,3693.0,,11.0,13.0,122.0,125.0,10.0,281.0,281.0,242.0,12.0,10.0,,,7.0,13.0,7.0,5.0,12.0,121.0,703.0,Urban_Institute_CCD_Historical_API,Regular Public District,Independent Town / Exurban,True,False,False,False,False,Pre_MO_Reclassification,18.0,17.0,30.0,12.0,4.87408610885459,3.249390739236393,4.603303547251557,8.123476848090982,2.7078256160303273,,76.08989981045221,6.405693950177936,4.270462633451958,6.049822064056939,10.676156583629894,2.5604551920341394,4.267425320056899,39.97155049786629,0.8125,1.875,284.0769230769231,738.6,21.615384615384617
2010-2011,2008970,LOUISBURG,LOUISBURG,KS,Miami County,5.0,5.0,1723.0,,1723.0,,2.0,6.0,31.0,48.0,3.0,91.0,91.0,18.0,0.0,1.0,,,1.0,5.0,10.0,2.0,3.0,37.0,167.0,Urban_Institute_CCD_Historical_API,Regular Public District,Independent Town / Exurban,True,False,False,False,False,Pre_MO_Reclassification,7.0,2.0,7.0,0.0,4.062681369704005,0.0,1.1607661056297156,4.062681369704005,0.5803830528148578,,52.81485780615206,7.6923076923076925,0.0,2.197802197802198,7.6923076923076925,4.191616766467066,4.191616766467066,54.49101796407185,1.0,1.4,344.6,861.5,18.2
2010-2011,2010140,OLATHE,OLATHE,KS,Johnson County,51.0,51.0,27882.0,,27882.0,,32.0,88.0,751.0,987.0,1.0,1859.0,1859.0,596.0,50.0,58.0,,,34.0,77.0,82.0,7.0,38.0,462.0,3229.0,Urban_Institute_CCD_Historical_API,Regular Public District,Major Suburban Unified,True,False,False,False,False,Pre_MO_Reclassification,84.0,57.0,134.0,50.0,3.0126963632451043,1.7932716447887527,2.0443296750591777,4.805968008033857,2.080195107954953,,66.67383975324583,4.518558364712211,2.6896180742334588,3.066164604626143,7.20817643894567,2.6014245896562405,4.149891607308764,57.57200371632084,1.5098039215686274,2.627450980392157,362.1038961038961,3983.1428571428573,24.142857142857142
2010-2011,2010260,OSAWATOMIE,OSAWATOMIE,KS,Miami County,4.0,4.0,1210.0,,1210.0,,2.0,7.0,29.0,44.0,2.0,84.0,84.0,5.0,1.0,3.0,,,3.0,7.0,6.0,1.0,4.0,38.0,149.0,Urban_Institute_CCD_Historical_API,Regular Public District,Independent Town / Exurban,True,False,False,False,False,Pre_MO_Reclassification,8.0,2.0,9.0,1.0,6.6115702479338845,0.8264462809917356,1.6528925619834711,7.43801652892562,2.479338842975207,,69.42148760330578,9.523809523809524,1.1904761904761905,2.380952380952381,10.714285714285714,5.369127516778524,6.0402684563758395,56.375838926174495,1.75,2.25,172.85714285714286,1210.0,12.0
2010-2011,2010500,PAOLA,PAOLA,KS,Miami County,5.0,5.0,2089.0,,2089.0,,2.0,10.0,62.0,72.0,1.0,148.0,148.0,240.0,1.0,3.0,,,4.0,9.0,12.0,3.0,8.0,29.0,453.0,Urban_Institute_CCD_Historical_API,Regular Public District,Independent Town / Exurban,True,False,False,False,False,Pre_MO_Reclassification,12.0,4.0,13.0,1.0,5.744375299186213,0.47869794159885115,1.9147917663954046,6.223073240785064,1.4360938247965533,,70.84729535662997,8.108108108108109,0.6756756756756757,2.7027027027027026,8.783783783783784,2.6490066225165565,2.869757174392936,32.671081677704194,1.8,2.6,232.11111111111111,696.3333333333334,16.444444444444443
2010-2011,2010680,PIPER-KANSAS CITY,PIPER-KANSAS CITY,KS,Wyandotte County,3.0,3.0,1742.0,,1742.0,,1.0,8.0,34.0,56.0,0.0,100.0,100.0,4.0,0.0,4.0,,,2.0,6.0,6.0,2.0,3.0,31.0,156.0,Urban_Institute_CCD_Historical_API,Regular Public District,Independent Town / Exurban,True,False,False,False,False,Pre_MO_Reclassification,8.0,2.0,8.0,0.0,4.5924225028702645,0.0,1.1481056257175661,4.5924225028702645,2.2962112514351323,,57.4052812858783,8.0,0.0,2.0,8.0,5.128205128205128,5.128205128205128,64.1025641025641,2.0,2.6666666666666665,290.3333333333333,871.0,16.666666666666668
2010-2011,2008250,PRAIRIE VIEW,PRAIRIE VIEW,KS,Unknown,5.0,5.0,1012.0,,1012.0,,2.0,4.0,29.0,37.0,0.0,73.0,73.0,6.0,0.0,2.0,,,2.0,5.0,4.0,1.0,3.0,33.0,127.0,Urban_Institute_CCD_Historical_API,Regular Public District,Rural / Peripheral,False,False,False,False,False,Pre_MO_Reclassification,6.0,1.0,6.0,0.0,5.928853754940711,0.0,0.9881422924901185,5.928853754940711,1.976284584980237,,72.13438735177866,8.21917808219178,0.0,1.36986301369863,8.21917808219178,4.724409448818897,4.724409448818897,57.48031496062992,1.0,1.2,202.4,1012.0,14.6
2010-2011,2000018,SCHOOL FOR BLIND,SCHOOL FOR BLIND,KS,Wyandotte County,2.0,2.0,41.0,,41.0,,0.0,0.0,6.0,7.0,2.0,15.0,15.0,0.0,0.0,0.0,,,0.0,0.0,0.0,0.0,0.0,0.0,15.0,Urban_Institute_CCD_Historical_API,Specialized State Agency,Specialized State Agency,False,False,False,False,False,Pre_MO_Reclassification,0.0,0.0,0.0,0.0,0.0,0.0,0.0,0.0,0.0,,365.8536585365854,0.0,0.0,0.0,0.0,0.0,0.0,100.0,0.0,0.0,,,
2010-2011,2000019,SCHOOL FOR DEAF,SCHOOL FOR DEAF,KS,Johnson County,2.0,2.0,123.0,,123.0,,3.0,1.0,10.0,16.0,0.0,31.0,31.0,0.0,5.0,1.0,,,1.0,3.0,0.0,1.0,0.0,0.0,41.0,Urban_Institute_CCD_Historical_API,Specialized State Agency,Specialized State Agency,False,False,False,False,False,Pre_MO_Reclassification,4.0,6.0,9.0,5.0,32.520325203252035,40.65040650406504,48.78048780487805,73.17073170731707,8.130081300813009,,252.03252032520322,12.903225806451612,16.129032258064516,19.35483870967742,29.03225806451613,9.75609756097561,21.951219512195124,75.60975609756098,1.5,4.5,41.0,123.0,10.333333333333334
2010-2011,2011640,SHAWNEE MISSION PUB SCH,SHAWNEE MISSION PUB SCH,KS,Johnson County,48.0,48.0,27822.0,,27822.0,,16.0,101.0,863.0,808.0,2.0,1792.0,1792.0,478.0,28.0,37.0,,,44.0,72.0,77.0,6.0,71.0,498.0,3059.0,Urban_Institute_CCD_Historical_API,Regular Public District,Major Suburban Unified,True,False,False,False,False,Pre_MO_Reclassification,78.0,34.0,106.0,28.0,2.803536769463015,1.006397814679031,1.222054489253109,3.809934584142046,1.329882826540148,,64.40946013945799,4.352678571428571,1.5625,1.8973214285714284,5.915178571428571,2.549852893102321,3.465184700882641,58.58123569794051,1.5,2.2083333333333335,386.4166666666667,4637.0,24.88888888888889
2010-2011,2011850,SPRING HILL,SPRING HILL,KS,Johnson County,6.0,6.0,3616.0,,3616.0,,3.0,8.0,54.0,97.0,1.0,164.0,164.0,37.0,1.0,6.0,,,5.0,9.0,9.0,4.0,8.0,41.0,279.0,Urban_Institute_CCD_Historical_API,Regular Public District,Independent Town / Exurban,True,False,False,False,False,Pre_MO_Reclassification,13.0,5.0,14.0,1.0,3.5951327433628317,0.27654867256637167,1.3827433628318584,3.8716814159292037,1.6592920353982301,,45.35398230088496,7.926829268292683,0.6097560975609756,3.048780487804878,8.536585365853659,4.659498207885305,5.017921146953405,58.78136200716846,1.5,2.3333333333333335,401.77777777777777,904.0,18.22222222222222
2010-2011,2012210,TONGANOXIE,TONGANOXIE,KS,Leavenworth County,3.0,3.0,1921.0,,1921.0,,1.0,6.0,46.0,70.0,7.0,130.0,130.0,12.0,0.0,4.0,,,2.0,7.0,8.0,2.0,3.0,48.0,214.0,Urban_Institute_CCD_Historical_API,Regular Public District,Independent Town / Exurban,True,False,False,False,False,Pre_MO_Reclassification,9.0,2.0,9.0,0.0,4.685059864653826,0.0,1.041124414367517,4.685059864653826,2.082248828735034,,67.6730869338886,6.923076923076923,0.0,1.5384615384615385,6.923076923076923,4.205607476635514,4.205607476635514,60.747663551401864,2.3333333333333335,3.0,274.42857142857144,960.5,18.571428571428573
2010-2011,2012360,TURNER-KANSAS CITY,TURNER-KANSAS CITY,KS,Wyandotte County,7.0,7.0,4081.0,,4081.0,,7.0,17.0,111.0,103.0,2.0,241.0,241.0,65.0,12.0,8.0,,,5.0,14.0,16.0,5.0,13.0,102.0,476.0,Urban_Institute_CCD_Historical_API,Regular Public District,Independent Town / Exurban,True,False,False,False,False,Pre_MO_Reclassification,19.0,17.0,31.0,12.0,4.655721636853712,2.94045577064445,4.165645675079637,7.596177407498162,1.9603038470963,,59.05415339377604,7.883817427385892,4.979253112033195,7.053941908713693,12.863070539419086,3.9915966386554618,6.512605042016808,50.63025210084034,2.0,4.428571428571429,291.5,816.2,17.214285714285715
2010-2011,2900017,ACADEMIE LAFAYETTE,ACADEMIE LAFAYETTE,MO,Jackson County,1.0,1.0,644.0,,644.0,,0.0,8.0,38.0,0.0,,46.0,46.0,1.0,0.0,1.0,,,2.0,2.0,0.0,0.0,7.0,0.0,57.0,Urban_Institute_CCD_Historical_API,Charter LEA,Charter LEA,False,False,False,False,True,Pre_MO_Reclassification,2.0,0.0,2.0,0.0,3.105590062111801,0.0,0.0,3.105590062111801,1.5527950310559004,,71.42857142857143,4.3478260869565215,0.0,0.0,4.3478260869565215,3.508771929824561,3.508771929824561,80.7017543859649,2.0,2.0,322.0,,23.0
2010-2011,2900025,ALLEN VILLAGE,ALLEN VILLAGE,MO,Jackson County,1.0,1.0,415.0,,415.0,,0.0,1.0,16.0,0.0,,17.0,17.0,7.0,0.0,1.0,,,0.0,1.0,0.0,0.0,4.0,4.0,34.0,Urban_Institute_CCD_Historical_API,Charter LEA,Charter LEA,False,False,False,False,True,Pre_MO_Reclassification,1.0,0.0,1.0,0.0,2.4096385542168677,0.0,0.0,2.4096385542168677,2.4096385542168677,,40.96385542168675,5.88235294117647,0.0,0.0,5.88235294117647,2.941176470588235,2.941176470588235,50.0,1.0,1.0,415.0,,17.0
2010-2011,2900029,ALTA VISTA CHARTER SCH.,ALTA VISTA CHARTER SCH.,MO,Jackson County,2.0,2.0,282.0,,282.0,,0.0,0.0,0.0,27.0,,27.0,27.0,0.0,0.0,3.0,,,0.0,2.0,0.0,0.0,6.0,4.0,42.0,Urban_Institute_CCD_Historical_API,Charter LEA,Charter LEA,False,False,False,False,True,Pre_MO_Reclassification,2.0,0.0,2.0,0.0,7.092198581560283,0.0,0.0,7.092198581560283,10.638297872340425,,95.74468085106383,7.4074074074074066,0.0,0.0,7.4074074074074066,4.761904761904762,4.761904761904762,64.28571428571429,1.0,1.0,141.0,,13.5
2010-2011,2903200,ARCHIE R-V,ARCHIE R-V,MO,Cass County,2.0,2.0,605.0,,605.0,,1.0,2.0,18.0,22.0,,44.0,44.0,5.0,0.0,1.0,,,0.0,2.0,0.0,1.0,11.0,9.0,73.0,Urban_Institute_CCD_Historical_API,Regular Public District,Rural / Peripheral,True,False,False,False,True,Pre_MO_Reclassification,3.0,1.0,3.0,0.0,4.958677685950414,0.0,1.6528925619834711,4.958677685950414,1.6528925619834711,,72.72727272727272,6.8181818181818175,0.0,2.272727272727273,6.8181818181818175,4.10958904109589,4.10958904109589,60.273972602739725,1.0,1.5,302.5,605.0,22.0
2010-2011,2900011,B. BANNEKER ACADEMY,B. BANNEKER ACADEMY,MO,Jackson County,1.0,1.0,355.0,,355.0,,1.0,2.0,24.0,0.0,,27.0,27.0,14.0,0.0,0.0,,,0.0,2.0,0.0,0.0,0.0,0.0,43.0,Urban_Institute_CCD_Historical_API,Charter LEA,Charter LEA,False,False,False,False,True,Pre_MO_Reclassification,2.0,0.0,2.0,0.0,5.633802816901409,0.0,0.0,5.633802816901409,0.0,,76.05633802816901,7.4074074074074066,0.0,0.0,7.4074074074074066,4.651162790697675,4.651162790697675,62.7906976744186,2.0,2.0,177.5,,13.5
2010-2011,2904620,BELTON 124,BELTON 124,MO,Cass County,11.0,11.0,5056.0,,5056.0,,16.0,21.0,151.0,131.0,,320.0,320.0,75.0,7.0,13.0,,,11.0,17.0,0.0,8.0,38.0,64.0,542.0,Urban_Institute_CCD_Historical_API,Regular Public District,Independent Town / Exurban,True,False,False,False,True,Pre_MO_Reclassification,25.0,15.0,32.0,7.0,4.944620253164557,1.384493670886076,2.9667721518987342,6.329113924050633,2.5712025316455693,,63.29113924050633,7.8125,2.1875,4.6875,10.0,4.612546125461255,5.904059040590406,59.040590405904055,1.5454545454545454,2.909090909090909,297.4117647058824,632.0,18.823529411764707
2010-2011,2905310,BLUE SPRINGS R-IV,BLUE SPRINGS R-IV,MO,Jackson County,22.0,22.0,14108.0,,14108.0,,20.0,54.0,331.0,455.0,,862.0,862.0,252.0,18.0,35.0,,,13.0,36.0,9.0,13.0,108.0,255.0,1588.0,Urban_Institute_CCD_Historical_API,Regular Public District,Major Suburban Unified,True,False,False,False,True,Pre_MO_Reclassification,49.0,31.0,67.0,18.0,3.4732066912390134,1.2758718457612703,2.197334845477743,4.749078537000283,2.480861922313581,,61.10008505812306,5.68445475638051,2.088167053364269,3.596287703016241,7.77262180974478,3.0856423173803527,4.2191435768261965,54.28211586901763,1.6363636363636365,3.0454545454545454,391.8888888888889,1085.2307692307693,23.944444444444443
2010-2011,2900024,BROOKSIDE CHARTER SCH.,BROOKSIDE CHARTER SCH.,MO,Jackson County,2.0,2.0,554.0,,554.0,,0.0,3.0,21.0,16.0,,42.0,42.0,0.0,1.0,0.0,,,1.0,5.0,2.0,0.0,4.0,4.0,58.0,Urban_Institute_CCD_Historical_API,Charter LEA,Charter LEA,False,False,False,False,True,Pre_MO_Reclassification,5.0,1.0,6.0,1.0,9.025270758122744,1.8050541516245489,1.8050541516245489,10.830324909747292,0.0,,75.81227436823104,11.904761904761903,2.380952380952381,2.380952380952381,14.285714285714285,8.620689655172415,10.344827586206897,72.41379310344827,2.5,3.0,110.8,,8.4
2010-2011,2908250,CENTER 58,CENTER 58,MO,Jackson County,8.0,8.0,2480.0,,2480.0,,8.0,10.0,81.0,103.0,,203.0,203.0,39.0,6.0,6.0,,,4.0,10.0,0.0,4.0,42.0,53.0,363.0,Urban_Institute_CCD_Historical_API,Regular Public District,Urban Core Unified,True,False,False,False,True,Pre_MO_Reclassification,14.0,10.0,20.0,6.0,5.64516129032258,2.4193548387096775,4.032258064516129,8.064516129032258,2.4193548387096775,,81.85483870967741,6.896551724137931,2.955665024630542,4.926108374384237,9.852216748768473,3.8567493112947657,5.5096418732782375,55.9228650137741,1.25,2.5,248.0,620.0,20.3
2010-2011,2900593,DELASALLE CHARTER SCHOOL,DELASALLE CHARTER SCHOOL,MO,Jackson County,1.0,1.0,169.0,,169.0,,0.0,0.0,0.0,13.0,,13.0,13.0,4.0,2.0,6.0,,,0.0,1.0,0.0,3.0,6.0,2.0,37.0,Urban_Institute_CCD_Historical_API,Charter LEA,Charter LEA,False,False,False,False,True,Pre_MO_Reclassification,4.0,5.0,6.0,2.0,23.668639053254438,11.834319526627219,29.585798816568047,35.50295857988166,35.50295857988166,,76.92307692307693,30.76923076923077,15.384615384615385,38.46153846153847,46.15384615384615,10.81081081081081,16.216216216216218,35.13513513513514,1.0,6.0,169.0,56.333333333333336,13.0
2010-2011,2900013,DELLA LAMB ELEM.,DELLA LAMB ELEM.,MO,Jackson County,1.0,1.0,498.0,,498.0,,0.0,5.0,34.0,0.0,,40.0,40.0,6.0,1.0,0.0,,,0.0,0.0,0.0,1.0,4.0,67.0,119.0,Urban_Institute_CCD_Historical_API,Charter LEA,Charter LEA,False,False,False,False,True,Pre_MO_Reclassification,1.0,2.0,2.0,1.0,2.008032128514056,2.008032128514056,4.016064257028112,4.016064257028112,0.0,,80.32128514056225,2.5,2.5,5.0,5.0,0.8403361344537815,1.680672268907563,33.61344537815126,0.0,2.0,,498.0,
2010-2011,2900009,DIVISION OF YOUTH SERVICES,DIVISION OF YOUTH SERVICES,MO,Unknown,43.0,43.0,873.0,,873.0,,0.0,0.0,0.0,128.0,,128.0,128.0,0.0,5.0,2.0,,,0.0,0.0,0.0,1.0,0.0,0.0,136.0,Urban_Institute_CCD_Historical_API,Specialized State Agency,Specialized State Agency,False,False,False,False,True,Pre_MO_Reclassification,1.0,6.0,6.0,5.0,1.1454753722794961,5.727376861397479,6.8728522336769755,6.8728522336769755,2.2909507445589923,,146.6208476517755,0.78125,3.90625,4.6875,4.6875,0.7352941176470588,4.411764705882353,94.11764705882352,0.0,0.13953488372093023,,873.0,
2010-2011,2911070,DREXEL R-IV,DREXEL R-IV,MO,Cass County,2.0,2.0,313.0,,313.0,,1.0,1.0,8.0,17.0,,28.0,28.0,3.0,0.0,0.0,,,0.0,2.0,0.0,1.0,2.0,8.0,44.0,Urban_Institute_CCD_Historical_API,Regular Public District,Rural / Peripheral,True,False,False,False,True,Pre_MO_Reclassification,3.0,1.0,3.0,0.0,9.584664536741213,0.0,3.1948881789137378,9.584664536741213,0.0,,89.45686900958466,10.714285714285714,0.0,3.571428571428571,10.714285714285714,6.8181818181818175,6.8181818181818175,63.63636363636363,1.0,1.5,156.5,313.0,14.0
2010-2011,2911160,EAST LYNNE 40,EAST LYNNE 40,MO,Cass County,1.0,1.0,199.0,,199.0,,1.0,1.0,13.0,0.0,,15.0,15.0,4.0,0.0,0.0,,,0.0,0.0,0.0,1.0,4.0,4.0,28.0,Urban_Institute_CCD_Historical_API,Regular Public District,Rural / Peripheral,True,False,False,False,True,Pre_MO_Reclassification,1.0,1.0,1.0,0.0,5.025125628140704,0.0,5.025125628140704,5.025125628140704,0.0,,75.37688442211055,6.666666666666667,0.0,6.666666666666667,6.666666666666667,3.571428571428571,3.571428571428571,53.57142857142857,0.0,1.0,,199.0,
2010-2011,2911650,EXCELSIOR SPRINGS 40,EXCELSIOR SPRINGS 40,MO,Clay County,7.0,7.0,3013.0,,3013.0,,4.0,12.0,80.0,99.0,,196.0,196.0,42.0,1.0,7.0,,,3.0,11.0,0.0,5.0,0.0,0.0,262.0,Urban_Institute_CCD_Historical_API,Regular Public District,Independent Town / Exurban,True,False,False,False,True,Pre_MO_Reclassification,16.0,6.0,17.0,1.0,5.310321938267507,0.3318951211417192,1.9913707268503154,5.6422170594092265,2.3232658479920345,,65.05144374377697,8.16326530612245,0.5102040816326531,3.061224489795918,8.673469387755102,6.106870229007633,6.488549618320611,74.80916030534351,1.5714285714285714,2.4285714285714284,273.90909090909093,602.6,17.818181818181817
2010-2011,2912290,FORT OSAGE R-I,FORT OSAGE R-I,MO,Jackson County,12.0,12.0,4849.0,,4849.0,,8.0,23.0,155.0,162.0,,349.0,349.0,89.0,8.0,14.0,,,9.0,13.0,0.0,8.0,43.0,168.0,692.0,Urban_Institute_CCD_Historical_API,Regular Public District,Independent Town / Exurban,True,False,False,False,True,Pre_MO_Reclassification,21.0,16.0,29.0,8.0,4.330789853578057,1.6498247061249742,3.2996494122499485,5.980614559703032,2.887193235718705,,71.973602804702,6.017191977077363,2.292263610315186,4.584527220630372,8.30945558739255,3.0346820809248554,4.190751445086705,50.433526011560694,1.0833333333333333,2.4166666666666665,373.0,606.125,26.846153846153847
2010-2011,2900590,FRONTIER SCHOOL OF INNOVATION,FRONTIER SCHOOL OF INNOVATION,MO,Jackson County,1.0,1.0,407.0,,407.0,,0.0,3.0,19.0,0.0,,23.0,23.0,0.0,0.0,1.0,,,0.0,3.0,0.0,1.0,1.0,0.0,29.0,Urban_Institute_CCD_Historical_API,Charter LEA,Charter LEA,False,False,False,False,True,Pre_MO_Reclassification,4.0,1.0,4.0,0.0,9.828009828009828,0.0,2.457002457002457,9.828009828009828,2.457002457002457,,56.511056511056516,17.391304347826086,0.0,4.3478260869565215,17.391304347826086,13.793103448275861,13.793103448275861,79.3103448275862,3.0,4.0,135.66666666666666,407.0,7.666666666666667
2010-2011,2900016,GENESIS SCHOOL INC.,GENESIS SCHOOL INC.,MO,Jackson County,3.0,3.0,277.0,,277.0,,0.0,0.0,10.0,11.0,,21.0,21.0,5.0,1.0,0.0,,,0.0,2.0,0.0,1.0,3.0,30.0,63.0,Urban_Institute_CCD_Historical_API,Charter LEA,Charter LEA,False,False,False,False,True,Pre_MO_Reclassification,3.0,2.0,4.0,1.0,10.830324909747292,3.6101083032490977,7.220216606498195,14.44043321299639,0.0,,75.81227436823104,14.285714285714285,4.761904761904762,9.523809523809524,19.047619047619047,4.761904761904762,6.349206349206349,33.33333333333333,0.6666666666666666,1.3333333333333333,138.5,277.0,10.5
2010-2011,2900015,GORDON PARKS ELEM.,GORDON PARKS ELEM.,MO,Jackson County,1.0,1.0,216.0,,216.0,,0.0,2.0,18.0,0.0,,20.0,20.0,2.0,0.0,0.0,,,1.0,1.0,0.0,0.0,0.0,0.0,23.0,Urban_Institute_CCD_Historical_API,Charter LEA,Charter LEA,False,False,False,False,True,Pre_MO_Reclassification,1.0,0.0,1.0,0.0,4.62962962962963,0.0,0.0,4.62962962962963,0.0,,92.59259259259258,5.0,0.0,0.0,5.0,4.3478260869565215,4.3478260869565215,86.95652173913044,1.0,1.0,216.0,,20.0
2010-2011,2913080,GRAIN VALLEY R-V,GRAIN VALLEY R-V,MO,Jackson County,8.0,8.0,3675.0,,3675.0,,6.0,18.0,102.0,116.0,,243.0,243.0,65.0,4.0,10.0,,,7.0,9.0,0.0,6.0,29.0,110.0,476.0,Urban_Institute_CCD_Historical_API,Regular Public District,Independent Town / Exurban,True,False,False,False,True,Pre_MO_Reclassification,15.0,10.0,19.0,4.0,4.081632653061225,1.0884353741496597,2.7210884353741496,5.170068027210885,2.7210884353741496,,66.12244897959184,6.172839506172839,1.646090534979424,4.11522633744856,7.818930041152264,3.1512605042016806,3.9915966386554618,51.05042016806722,1.125,2.375,408.3333333333333,612.5,27.0
2010-2011,2913140,GRANDVIEW C-4,GRANDVIEW C-4,MO,Jackson County,9.0,9.0,3807.0,,3807.0,,6.0,18.0,145.0,122.0,,293.0,293.0,33.0,7.0,12.0,,,7.0,17.0,0.0,5.0,68.0,121.0,556.0,Urban_Institute_CCD_Historical_API,Regular Public District,Independent Town / Exurban,True,False,False,False,True,Pre_MO_Reclassification,22.0,12.0,29.0,7.0,5.778828473863935,1.8387181507748882,3.1520882584712373,7.617546624638823,3.1520882584712373,,76.96348831100603,7.508532423208192,2.3890784982935154,4.09556313993174,9.897610921501707,3.9568345323741005,5.215827338129497,52.69784172661871,1.8888888888888888,3.2222222222222223,223.94117647058823,761.4,17.235294117647058
2010-2011,2913680,HARDIN-CENTRAL C-2,HARDIN-CENTRAL C-2,MO,Ray County,2.0,2.0,220.0,,220.0,,1.0,1.0,9.0,12.0,,24.0,24.0,3.0,0.0,0.0,,,0.0,1.0,0.0,1.0,2.0,3.0,34.0,Urban_Institute_CCD_Historical_API,Regular Public District,Rural / Peripheral,True,False,False,False,True,Pre_MO_Reclassification,2.0,1.0,2.0,0.0,9.09090909090909,0.0,4.545454545454545,9.09090909090909,0.0,,109.09090909090908,8.333333333333332,0.0,4.166666666666666,8.333333333333332,5.88235294117647,5.88235294117647,70.58823529411765,0.5,1.0,220.0,220.0,24.0
2010-2011,2913760,HARRISONVILLE R-IX,HARRISONVILLE R-IX,MO,Cass County,7.0,7.0,2725.0,,2725.0,,2.0,9.0,61.0,118.0,,192.0,192.0,27.0,5.0,7.0,,,4.0,8.0,0.0,7.0,25.0,98.0,369.0,Urban_Institute_CCD_Historical_API,Regular Public District,Independent Town / Exurban,True,False,False,False,True,Pre_MO_Reclassification,15.0,12.0,20.0,5.0,5.5045871559633035,1.834862385321101,4.4036697247706424,7.339449541284404,2.568807339449541,,70.45871559633028,7.8125,2.604166666666667,6.25,10.416666666666668,4.0650406504065035,5.420054200542006,52.03252032520326,1.1428571428571428,2.857142857142857,340.625,389.2857142857143,24.0
2010-2011,2914340,HICKMAN MILLS C-1,HICKMAN MILLS C-1,MO,Jackson County,21.0,21.0,6344.0,,6344.0,,13.0,31.0,213.0,266.0,,524.0,524.0,79.0,4.0,16.0,,,12.0,25.0,0.0,8.0,0.0,0.0,656.0,Urban_Institute_CCD_Historical_API,Regular Public District,Rural / Peripheral,True,False,False,False,True,Pre_MO_Reclassification,33.0,12.0,37.0,4.0,5.201765447667087,0.6305170239596469,1.8915510718789408,5.832282471626733,2.5220680958385877,,82.59773013871374,6.297709923664121,0.7633587786259541,2.2900763358778624,7.061068702290077,5.0304878048780495,5.640243902439025,79.8780487804878,1.1904761904761905,1.7619047619047619,253.76,793.0,20.96
2010-2011,2900014,HOGAN PREPARATORY ACADEMY,HOGAN PREPARATORY ACADEMY,MO,Jackson County,1.0,1.0,334.0,,334.0,,0.0,0.0,0.0,29.0,,29.0,29.0,1.0,2.0,1.0,,,2.0,1.0,0.0,0.0,5.0,0.0,39.0,Urban_Institute_CCD_Historical_API,Charter LEA,Charter LEA,False,False,False,False,True,Pre_MO_Reclassification,1.0,2.0,3.0,2.0,2.9940119760479043,5.9880239520958085,5.9880239520958085,8.982035928143713,2.9940119760479043,,86.82634730538922,3.4482758620689653,6.896551724137931,6.896551724137931,10.344827586206897,2.564102564102564,7.6923076923076925,74.35897435897436,1.0,3.0,334.0,,29.0
2010-2011,2915480,INDEPENDENCE 30,INDEPENDENCE 30,MO,Jackson County,28.0,28.0,14545.0,,14545.0,,27.0,59.0,353.0,413.0,,853.0,853.0,115.0,15.0,29.0,,,22.0,47.0,19.0,9.0,152.0,947.0,2186.0,Urban_Institute_CCD_Historical_API,Regular Public District,Major Suburban Unified,True,False,False,False,True,Pre_MO_Reclassification,56.0,24.0,71.0,15.0,3.850120316259883,1.0312822275696114,1.6500515641113784,4.881402543829495,1.9938123066345825,,58.64558267445857,6.565064478311841,1.7584994138335288,2.813599062133646,8.32356389214537,2.5617566331198534,3.2479414455626716,39.021043000914915,1.6785714285714286,2.5357142857142856,309.468085106383,1616.111111111111,18.148936170212767
2010-2011,2916400,KANSAS CITY 33,KANSAS CITY 33,MO,Jackson County,58.0,58.0,17326.0,,17326.0,,60.0,100.0,531.0,455.0,,1147.0,1147.0,243.0,19.0,51.0,,,34.0,73.0,0.0,22.0,54.0,634.0,2243.0,Urban_Institute_CCD_Historical_API,Regular Public District,Urban Core Unified,True,False,False,False,True,Pre_MO_Reclassification,95.0,41.0,114.0,19.0,5.483088999191966,1.0966177998383932,2.3663857785986377,6.579706799030359,2.9435530416714766,,66.20108507445457,8.282476024411508,1.6564952048823016,3.5745422842197034,9.93897122929381,4.235399019170753,5.082478823004903,51.13687026304057,1.2586206896551724,1.9655172413793103,237.34246575342465,787.5454545454545,15.712328767123287
2010-2011,2916450,KEARNEY R-I,KEARNEY R-I,MO,Clay County,7.0,7.0,3690.0,,3690.0,,2.0,14.0,90.0,116.0,,223.0,223.0,42.0,0.0,7.0,,,6.0,10.0,0.0,4.0,22.0,116.0,424.0,Urban_Institute_CCD_Historical_API,Regular Public District,Independent Town / Exurban,True,False,False,False,True,Pre_MO_Reclassification,14.0,4.0,14.0,0.0,3.794037940379404,0.0,1.084010840108401,3.794037940379404,1.897018970189702,,60.43360433604336,6.278026905829597,0.0,1.7937219730941705,6.278026905829597,3.30188679245283,3.30188679245283,52.594339622641506,1.4285714285714286,2.0,369.0,922.5,22.3
2010-2011,2900031,KIPP: ENDEAVOR ACADEMY,KIPP: ENDEAVOR ACADEMY,MO,Jackson County,1.0,1.0,244.0,,244.0,,0.0,0.0,0.0,16.0,,16.0,16.0,0.0,0.0,0.0,,,0.0,1.0,0.0,0.0,4.0,0.0,21.0,Urban_Institute_CCD_Historical_API,Charter LEA,Charter LEA,False,False,False,False,True,Pre_MO_Reclassification,1.0,0.0,1.0,0.0,4.0983606557377055,0.0,0.0,4.0983606557377055,0.0,,65.57377049180329,6.25,0.0,0.0,6.25,4.761904761904762,4.761904761904762,76.19047619047619,1.0,1.0,244.0,,16.0
2010-2011,2918220,LAWSON R-XIV,LAWSON R-XIV,MO,Ray County,3.0,3.0,1244.0,,1244.0,,1.0,5.0,27.0,52.0,,87.0,87.0,9.0,0.0,3.0,,,3.0,5.0,0.0,3.0,8.0,13.0,128.0,Urban_Institute_CCD_Historical_API,Regular Public District,Rural / Peripheral,True,False,False,False,True,Pre_MO_Reclassification,8.0,3.0,8.0,0.0,6.430868167202572,0.0,2.411575562700965,6.430868167202572,2.411575562700965,,69.93569131832797,9.195402298850574,0.0,3.4482758620689653,9.195402298850574,6.25,6.25,67.96875,1.6666666666666667,2.6666666666666665,248.8,414.6666666666667,17.4
2010-2011,2900028,LEE A. TOLBERT COM. ACADEMY,LEE A. TOLBERT COM. ACADEMY,MO,Jackson County,2.0,2.0,636.0,,636.0,,0.0,4.0,32.0,19.0,,56.0,56.0,10.0,1.0,0.0,,,0.0,2.0,0.0,2.0,6.0,6.0,83.0,Urban_Institute_CCD_Historical_API,Charter LEA,Charter LEA,False,False,False,False,True,Pre_MO_Reclassification,4.0,3.0,5.0,1.0,6.289308176100629,1.5723270440251573,4.716981132075471,7.861635220125786,0.0,,88.0503144654088,7.142857142857142,1.7857142857142856,5.357142857142857,8.928571428571429,4.819277108433735,6.024096385542169,67.46987951807229,1.0,2.5,318.0,318.0,28.0
2010-2011,2918300,LEE'S SUMMIT R-VII,LEE'S SUMMIT R-VII,MO,Jackson County,27.0,27.0,17803.0,,17803.0,,24.0,65.0,459.0,577.0,,1125.0,1125.0,212.0,23.0,42.0,,,20.0,52.0,0.0,17.0,141.0,679.0,2291.0,Urban_Institute_CCD_Historical_API,Regular Public District,Major Suburban Unified,True,False,False,False,True,Pre_MO_Reclassification,69.0,40.0,92.0,23.0,3.8757512778745156,1.2919170926248384,2.2468123349997193,5.167668370499354,2.359152951749705,,63.1915969218671,6.133333333333333,2.0444444444444447,3.5555555555555554,8.177777777777779,3.0117852466171975,4.015713662156264,49.105194238323875,1.9259259259259258,3.4074074074074074,342.36538461538464,1047.235294117647,21.634615384615383
2010-2011,2918540,LIBERTY 53,LIBERTY 53,MO,Clay County,19.0,19.0,10936.0,,10936.0,,18.0,54.0,290.0,360.0,,723.0,723.0,184.0,8.0,25.0,,,9.0,36.0,11.0,8.0,71.0,521.0,1587.0,Urban_Institute_CCD_Historical_API,Regular Public District,Major Suburban Unified,True,False,False,False,True,Pre_MO_Reclassification,44.0,16.0,52.0,8.0,4.023408924652524,0.731528895391368,1.463057790782736,4.754937820043892,2.286027798098025,,66.11192392099488,6.085753803596127,1.1065006915629323,2.2130013831258646,7.192254495159059,2.7725267800882167,3.276622558286074,45.55765595463138,1.894736842105263,2.736842105263158,303.77777777777777,1367.0,20.083333333333332
2010-2011,2919230,LONE JACK C-6,LONE JACK C-6,MO,Jackson County,3.0,3.0,607.0,,607.0,,1.0,3.0,18.0,20.0,,44.0,44.0,11.0,0.0,2.0,,,1.0,2.0,0.0,1.0,7.0,12.0,79.0,Urban_Institute_CCD_Historical_API,Regular Public District,Rural / Peripheral,True,False,False,False,True,Pre_MO_Reclassification,3.0,1.0,3.0,0.0,4.942339373970346,0.0,1.6474464579901154,4.942339373970346,3.2948929159802307,,72.48764415156506,6.8181818181818175,0.0,2.272727272727273,6.8181818181818175,3.79746835443038,3.79746835443038,55.69620253164557,0.6666666666666666,1.0,303.5,607.0,22.0
2010-2011,2931800,MIDWAY R-I,MIDWAY R-I,MO,Cass County,2.0,2.0,510.0,,510.0,,0.0,2.0,18.0,21.0,,42.0,42.0,7.0,0.0,2.0,,,1.0,2.0,0.0,2.0,5.0,11.0,71.0,Urban_Institute_CCD_Historical_API,Regular Public District,Rural / Peripheral,True,False,False,False,True,Pre_MO_Reclassification,4.0,2.0,4.0,0.0,7.8431372549019605,0.0,3.9215686274509802,7.8431372549019605,3.9215686274509802,,82.3529411764706,9.523809523809524,0.0,4.761904761904762,9.523809523809524,5.633802816901409,5.633802816901409,59.154929577464785,1.0,2.0,255.0,255.0,21.0
2010-2011,2921060,MISSOURI CITY 56,MISSOURI CITY 56,MO,Clay County,1.0,1.0,18.0,,18.0,,0.0,0.0,3.0,0.0,,4.0,4.0,0.0,0.0,0.0,,,0.0,0.0,1.0,0.0,2.0,1.0,8.0,Urban_Institute_CCD_Historical_API,Regular Public District,Rural / Peripheral,True,False,False,False,True,Pre_MO_Reclassification,0.0,0.0,0.0,0.0,0.0,0.0,0.0,0.0,0.0,,222.2222222222222,0.0,0.0,0.0,0.0,0.0,0.0,50.0,0.0,0.0,,,
2010-2011,2900022,MO SCHLS FOR THE SEV DISABLED,MO SCHLS FOR THE SEV DISABLED,MO,Unknown,35.0,35.0,932.0,,932.0,,0.0,0.0,167.0,0.0,,167.0,167.0,296.0,1.0,0.0,,,0.0,22.0,0.0,2.0,75.0,48.0,611.0,Urban_Institute_CCD_Historical_API,Specialized State Agency,Specialized State Agency,False,False,False,False,True,Pre_MO_Reclassification,24.0,3.0,25.0,1.0,25.751072961373392,1.0729613733905579,3.218884120171674,26.82403433476395,0.0,,179.1845493562232,14.37125748502994,0.5988023952095809,1.7964071856287425,14.97005988023952,3.927986906710311,4.091653027823241,27.33224222585925,0.6285714285714286,0.7142857142857143,42.36363636363637,466.0,7.590909090909091
2010-2011,2922800,NORTH KANSAS CITY 74,NORTH KANSAS CITY 74,MO,Clay County,32.0,32.0,18764.0,,18764.0,,26.0,76.0,520.0,663.0,,1286.0,1286.0,262.0,10.0,46.0,,,27.0,59.0,0.0,17.0,194.0,1003.0,2877.0,Urban_Institute_CCD_Historical_API,Regular Public District,Major Suburban Unified,True,False,False,False,True,Pre_MO_Reclassification,76.0,27.0,86.0,10.0,4.050309102536772,0.5329354082285227,1.4389256022170112,4.583244510765295,2.4515028778512042,,68.53549349818802,5.909797822706065,0.7776049766718507,2.0995334370139966,6.6874027993779155,2.6416405978449773,2.9892248870351064,44.69933958985054,1.84375,2.6875,318.03389830508473,1103.764705882353,21.796610169491526
2010-2011,2922830,NORTH PLATTE CO. R-I,NORTH PLATTE CO. R-I,MO,Platte County,5.0,5.0,638.0,,638.0,,1.0,3.0,26.0,28.0,,59.0,59.0,6.0,0.0,2.0,,,1.0,3.0,0.0,1.0,8.0,15.0,94.0,Urban_Institute_CCD_Historical_API,Regular Public District,Independent Town / Exurban,True,False,False,False,True,Pre_MO_Reclassification,4.0,1.0,4.0,0.0,6.269592476489028,0.0,1.567398119122257,6.269592476489028,3.134796238244514,,92.47648902821317,6.779661016949152,0.0,1.694915254237288,6.779661016949152,4.25531914893617,4.25531914893617,62.76595744680851,0.6,0.8,212.66666666666666,638.0,19.666666666666668
2010-2011,2923010,OAK GROVE R-VI,OAK GROVE R-VI,MO,Jackson County,4.0,4.0,2061.0,,2061.0,,3.0,2.0,49.0,75.0,,131.0,131.0,25.0,1.0,7.0,,,4.0,6.0,2.0,3.0,14.0,35.0,224.0,Urban_Institute_CCD_Historical_API,Regular Public District,Rural / Peripheral,True,False,False,False,True,Pre_MO_Reclassification,9.0,4.0,10.0,1.0,4.366812227074235,0.485201358563804,1.940805434255216,4.85201358563804,3.396409509946628,,63.56137797185832,6.870229007633588,0.7633587786259541,3.0534351145038165,7.633587786259542,4.017857142857143,4.464285714285714,58.48214285714286,1.5,2.5,343.5,687.0,21.833333333333332
2010-2011,2923220,ORRICK R-XI,ORRICK R-XI,MO,Ray County,2.0,2.0,395.0,,395.0,,1.0,1.0,15.0,14.0,,31.0,31.0,8.0,0.0,0.0,,,1.0,2.0,0.0,1.0,3.0,9.0,54.0,Urban_Institute_CCD_Historical_API,Regular Public District,Rural / Peripheral,True,False,False,False,True,Pre_MO_Reclassification,3.0,1.0,3.0,0.0,7.594936708860759,0.0,2.5316455696202533,7.594936708860759,0.0,,78.48101265822785,9.67741935483871,0.0,3.225806451612903,9.67741935483871,5.555555555555555,5.555555555555555,57.407407407407405,1.0,1.5,197.5,395.0,15.5
2010-2011,2923550,PARK HILL,PARK HILL,MO,Platte County,16.0,16.0,10307.0,,10307.0,,12.0,44.0,264.0,380.0,,701.0,701.0,146.0,3.0,23.0,,,7.0,31.0,1.0,12.0,93.0,307.0,1317.0,Urban_Institute_CCD_Historical_API,Regular Public District,Major Suburban Unified,True,False,False,False,True,Pre_MO_Reclassification,43.0,15.0,46.0,3.0,4.171921994760842,0.29106432521587267,1.4553216260793636,4.462986319976714,2.231493159988357,,68.01203065877559,6.134094151212553,0.42796005706134094,2.1398002853067046,6.562054208273895,3.264996203492786,3.492786636294609,53.22703113135915,1.9375,2.875,332.48387096774195,858.9166666666666,22.612903225806452
2010-2011,2900587,PATHWAY ACADEMY,PATHWAY ACADEMY,MO,Jackson County,2.0,2.0,476.0,,476.0,,0.0,3.0,21.0,0.0,,24.0,24.0,5.0,0.0,1.0,,,0.0,2.0,0.0,0.0,3.0,2.0,37.0,Urban_Institute_CCD_Historical_API,Charter LEA,Charter LEA,False,False,False,False,True,Pre_MO_Reclassification,2.0,0.0,2.0,0.0,4.201680672268908,0.0,0.0,4.201680672268908,2.100840336134454,,50.42016806722689,8.333333333333332,0.0,0.0,8.333333333333332,5.405405405405405,5.405405405405405,64.86486486486487,1.0,1.0,238.0,,12.0
2010-2011,2925230,PLATTE CO. R-III,PLATTE CO. R-III,MO,Platte County,8.0,8.0,3611.0,,3611.0,,5.0,15.0,109.0,113.0,,243.0,243.0,41.0,7.0,11.0,,,5.0,10.0,0.0,6.0,30.0,72.0,420.0,Urban_Institute_CCD_Historical_API,Regular Public District,Independent Town / Exurban,True,False,False,False,True,Pre_MO_Reclassification,16.0,13.0,23.0,7.0,4.430905566325118,1.938521185267239,3.600110772639158,6.369426751592357,3.0462475768485184,,67.29437828856273,6.584362139917696,2.880658436213992,5.349794238683128,9.465020576131687,3.8095238095238098,5.476190476190476,57.85714285714286,1.25,2.875,361.1,601.8333333333334,24.3
2010-2011,2925330,PLEASANT HILL R-III,PLEASANT HILL R-III,MO,Cass County,5.0,5.0,2192.0,,2192.0,,3.0,8.0,64.0,62.0,,138.0,138.0,25.0,1.0,6.0,,,4.0,6.0,1.0,4.0,17.0,24.0,222.0,Urban_Institute_CCD_Historical_API,Regular Public District,Independent Town / Exurban,True,False,False,False,True,Pre_MO_Reclassification,10.0,5.0,11.0,1.0,4.562043795620437,0.4562043795620438,2.2810218978102186,5.018248175182482,2.737226277372263,,62.95620437956205,7.246376811594203,0.7246376811594203,3.6231884057971016,7.971014492753622,4.504504504504505,4.954954954954955,62.16216216216216,1.2,2.2,365.3333333333333,548.0,23.0
2010-2011,2923730,RAYMORE-PECULIAR R-II,RAYMORE-PECULIAR R-II,MO,Cass County,11.0,11.0,6003.0,,6003.0,,3.0,24.0,180.0,162.0,,371.0,371.0,45.0,8.0,14.0,,,10.0,17.0,6.0,10.0,26.0,157.0,654.0,Urban_Institute_CCD_Historical_API,Regular Public District,Major Suburban Unified,True,False,False,False,True,Pre_MO_Reclassification,27.0,18.0,35.0,8.0,4.497751124437781,1.3326669998334166,2.998500749625187,5.830418124271198,2.3321672497084793,,61.80243211727469,7.277628032345014,2.15633423180593,4.8517520215633425,9.433962264150944,4.128440366972478,5.351681957186544,56.727828746177366,1.5454545454545454,3.1818181818181817,353.11764705882354,600.3,21.823529411764707
2010-2011,2926070,RAYTOWN C-2,RAYTOWN C-2,MO,Jackson County,19.0,19.0,8700.0,,8700.0,,9.0,36.0,234.0,305.0,,585.0,585.0,183.0,37.0,26.0,,,11.0,28.0,23.0,12.0,63.0,248.0,1205.0,Urban_Institute_CCD_Historical_API,Regular Public District,Major Suburban Unified,True,False,False,False,True,Pre_MO_Reclassification,40.0,49.0,77.0,37.0,4.597701149425287,4.252873563218391,5.632183908045977,8.85057471264368,2.988505747126437,,67.24137931034483,6.837606837606838,6.3247863247863245,8.376068376068375,13.162393162393164,3.319502074688797,6.390041493775933,48.54771784232365,1.4736842105263157,4.052631578947368,310.7142857142857,725.0,20.892857142857142
2010-2011,2926480,RICHMOND R-XVI,RICHMOND R-XVI,MO,Ray County,4.0,4.0,1646.0,,1646.0,,3.0,6.0,48.0,55.0,,113.0,113.0,4.0,2.0,4.0,,,3.0,5.0,16.0,2.0,12.0,22.0,180.0,Urban_Institute_CCD_Historical_API,Regular Public District,Rural / Peripheral,True,False,False,False,True,Pre_MO_Reclassification,7.0,4.0,9.0,2.0,4.25273390036452,1.215066828675577,2.430133657351154,5.467800729040097,2.430133657351154,,68.65127582017011,6.1946902654867255,1.7699115044247788,3.5398230088495577,7.964601769911504,3.888888888888889,5.0,62.77777777777778,1.25,2.25,329.2,823.0,22.6
2010-2011,2900019,SCUOLA VITA NUOVA,SCUOLA VITA NUOVA,MO,Jackson County,1.0,1.0,202.0,,202.0,,1.0,2.0,14.0,0.0,,18.0,18.0,3.0,0.0,0.0,,,1.0,1.0,0.0,0.0,3.0,4.0,29.0,Urban_Institute_CCD_Historical_API,Charter LEA,Charter LEA,False,False,False,False,True,Pre_MO_Reclassification,1.0,0.0,1.0,0.0,4.9504950495049505,0.0,0.0,4.9504950495049505,0.0,,89.10891089108911,5.555555555555555,0.0,0.0,5.555555555555555,3.4482758620689653,3.4482758620689653,62.06896551724138,1.0,1.0,202.0,,18.0
2010-2011,2910320,SHERWOOD CASS R-VIII,SHERWOOD CASS R-VIII,MO,Cass County,3.0,3.0,901.0,,901.0,,2.0,4.0,21.0,34.0,,62.0,62.0,15.0,0.0,3.0,,,2.0,3.0,0.0,2.0,6.0,30.0,121.0,Urban_Institute_CCD_Historical_API,Regular Public District,Rural / Peripheral,True,False,False,False,True,Pre_MO_Reclassification,5.0,2.0,5.0,0.0,5.549389567147614,0.0,2.2197558268590454,5.549389567147614,3.329633740288568,,68.81243063263041,8.064516129032258,0.0,3.225806451612903,8.064516129032258,4.132231404958678,4.132231404958678,51.2396694214876,1.0,1.6666666666666667,300.3333333333333,450.5,20.666666666666668
2010-2011,2928410,SMITHVILLE R-II,SMITHVILLE R-II,MO,Clay County,4.0,4.0,2392.0,,2392.0,,2.0,9.0,54.0,78.0,,144.0,144.0,28.0,3.0,5.0,,,4.0,7.0,0.0,4.0,14.0,20.0,225.0,Urban_Institute_CCD_Historical_API,Regular Public District,Independent Town / Exurban,True,False,False,False,True,Pre_MO_Reclassification,11.0,7.0,14.0,3.0,4.59866220735786,1.254180602006689,2.926421404682274,5.852842809364548,2.0903010033444813,,60.20066889632107,7.638888888888889,2.083333333333333,4.861111111111112,9.722222222222223,4.888888888888889,6.222222222222222,64.0,1.75,3.5,341.7142857142857,598.0,20.571428571428573
2010-2011,2929670,STRASBURG C-3,STRASBURG C-3,MO,Cass County,1.0,1.0,104.0,,104.0,,0.0,1.0,10.0,0.0,,12.0,12.0,0.0,0.0,0.0,,,0.0,1.0,0.0,0.0,3.0,16.0,32.0,Urban_Institute_CCD_Historical_API,Regular Public District,Rural / Peripheral,True,False,False,False,True,Pre_MO_Reclassification,1.0,0.0,1.0,0.0,9.615384615384617,0.0,0.0,9.615384615384617,0.0,,115.38461538461539,8.333333333333332,0.0,0.0,8.333333333333332,3.125,3.125,37.5,1.0,1.0,104.0,,12.0
2010-2011,2900027,UNIVERSITY ACADEMY,UNIVERSITY ACADEMY,MO,Jackson County,3.0,3.0,1009.0,,1009.0,,0.0,7.0,26.0,36.0,,71.0,71.0,10.0,0.0,3.0,,,1.0,3.0,0.0,5.0,14.0,27.0,133.0,Urban_Institute_CCD_Historical_API,Charter LEA,Charter LEA,False,False,False,False,True,Pre_MO_Reclassification,8.0,5.0,8.0,0.0,7.928642220019821,0.0,4.955401387512389,7.928642220019821,2.973240832507433,,70.36669970267592,11.267605633802818,0.0,7.042253521126761,11.267605633802818,6.015037593984962,6.015037593984962,53.383458646616546,1.0,2.6666666666666665,336.3333333333333,201.8,23.666666666666668
2010-2011,2931110,WASHINGTON,WASHINGTON,MO,Unknown,12.0,12.0,4309.0,,4309.0,,10.0,15.0,129.0,138.0,,293.0,293.0,62.0,3.0,10.0,,,8.0,13.0,0.0,5.0,45.0,108.0,539.0,Urban_Institute_CCD_Historical_API,Regular Public District,Rural / Peripheral,False,False,False,False,True,Pre_MO_Reclassification,18.0,8.0,21.0,3.0,4.177303318635414,0.696217219772569,1.8565792527268508,4.873520538407983,2.3207240659085633,,67.99721513112091,6.143344709897611,1.023890784982935,2.7303754266211606,7.167235494880546,3.339517625231911,3.896103896103896,54.35992578849722,1.0833333333333333,1.75,331.46153846153845,861.8,22.53846153846154
2010-2011,2931710,WEST PLATTE CO. R-II,WEST PLATTE CO. R-II,MO,Platte County,2.0,2.0,641.0,,641.0,,1.0,3.0,24.0,28.0,,57.0,57.0,3.0,0.0,2.0,,,1.0,2.0,0.0,2.0,5.0,12.0,83.0,Urban_Institute_CCD_Historical_API,Regular Public District,Independent Town / Exurban,True,False,False,False,True,Pre_MO_Reclassification,4.0,2.0,4.0,0.0,6.240249609984399,0.0,3.1201248049921997,6.240249609984399,3.1201248049921997,,88.92355694227768,7.017543859649122,0.0,3.508771929824561,7.017543859649122,4.819277108433735,4.819277108433735,68.67469879518072,1.0,2.0,320.5,320.5,28.5
2011-2012,2003780,BASEHOR-LINWOOD,BASEHOR-LINWOOD,KS,Leavenworth County,5.0,5.0,2210.0,,2210.0,,1.0,30.0,37.0,67.0,0.0,136.0,136.0,0.0,0.0,5.0,,,1.0,10.0,6.0,3.0,3.0,31.0,194.0,Urban_Institute_CCD_Historical_API,Regular Public District,Independent Town / Exurban,True,False,False,False,False,Pre_MO_Reclassification,13.0,3.0,13.0,0.0,5.88235294117647,0.0,1.3574660633484161,5.88235294117647,2.2624434389140275,,61.53846153846154,9.558823529411764,0.0,2.2058823529411766,9.558823529411764,6.701030927835052,6.701030927835052,70.10309278350515,2.0,2.6,221.0,736.6666666666666,13.6
2011-2012,2012000,BLUE VALLEY,BLUE VALLEY,KS,Johnson County,34.0,34.0,21925.0,,21925.0,,23.0,490.0,347.0,790.0,0.0,1651.0,1651.0,361.0,36.0,58.0,,,39.0,61.0,86.0,6.0,69.0,358.0,2686.0,Urban_Institute_CCD_Historical_API,Regular Public District,Major Suburban Unified,True,False,False,False,False,Pre_MO_Reclassification,67.0,42.0,103.0,36.0,3.055872291904219,1.6419612314709235,1.9156214367160775,4.6978335233751425,2.6453819840364883,,75.30216647662485,4.058146577831617,2.1804966686856453,2.543912780133253,6.238643246517262,2.494415487714073,3.83469843633656,61.4668652271035,1.7941176470588236,3.0294117647058822,359.42622950819674,3654.1666666666665,27.065573770491802
2011-2012,2004050,BONNER SPRINGS,BONNER SPRINGS,KS,Wyandotte County,5.0,5.0,2546.0,,2546.0,,4.0,52.0,46.0,70.0,1.0,173.0,173.0,13.0,6.0,6.0,,,2.0,8.0,11.0,1.0,8.0,52.0,278.0,Urban_Institute_CCD_Historical_API,Regular Public District,Independent Town / Exurban,True,False,False,False,False,Pre_MO_Reclassification,9.0,7.0,15.0,6.0,3.534956794972506,2.356637863315004,2.7494108405341713,5.891594658287509,2.356637863315004,,67.94972505891594,5.202312138728324,3.4682080924855487,4.046242774566474,8.670520231213873,3.237410071942446,5.39568345323741,62.23021582733813,1.6,3.0,318.25,2546.0,21.625
2011-2012,2005490,DE SOTO,DE SOTO,KS,Johnson County,12.0,12.0,6887.0,,6887.0,,5.0,62.0,160.0,239.0,2.0,470.0,470.0,76.0,9.0,15.0,,,10.0,29.0,20.0,2.0,11.0,109.0,741.0,Urban_Institute_CCD_Historical_API,Regular Public District,Independent Town / Exurban,True,False,False,False,False,Pre_MO_Reclassification,31.0,11.0,40.0,9.0,4.501234209379992,1.3068099317554813,1.597212138812255,5.808044141135472,2.1780165529258024,,68.2445186583418,6.595744680851063,1.9148936170212765,2.3404255319148937,8.51063829787234,4.183535762483131,5.398110661268556,63.42780026990553,2.4166666666666665,3.3333333333333335,237.48275862068965,3443.5,16.20689655172414
2011-2012,2005640,EASTON,EASTON,KS,Leavenworth County,4.0,4.0,693.0,,693.0,,0.0,8.0,14.0,33.0,1.0,57.0,57.0,0.0,2.0,2.0,,,1.0,5.0,3.0,2.0,1.0,15.0,87.0,Urban_Institute_CCD_Historical_API,Regular Public District,Rural / Peripheral,True,False,False,False,False,Pre_MO_Reclassification,7.0,4.0,9.0,2.0,10.101010101010102,2.886002886002886,5.772005772005772,12.987012987012989,2.886002886002886,,82.25108225108225,12.280701754385964,3.508771929824561,7.017543859649122,15.789473684210526,8.045977011494253,10.344827586206897,65.51724137931035,1.25,2.25,138.6,346.5,11.4
2011-2012,2006330,FT LEAVENWORTH,FT LEAVENWORTH,KS,Leavenworth County,4.0,4.0,1924.0,,1924.0,,2.0,47.0,66.0,25.0,0.0,140.0,140.0,19.0,4.0,4.0,,,4.0,5.0,3.0,2.0,5.0,39.0,221.0,Urban_Institute_CCD_Historical_API,Regular Public District,Independent Town / Exurban,True,False,False,False,False,Pre_MO_Reclassification,7.0,6.0,11.0,4.0,3.6382536382536386,2.079002079002079,3.118503118503119,5.717255717255718,2.079002079002079,,72.76507276507277,5.0,2.857142857142857,4.285714285714286,7.857142857142857,3.167420814479638,4.97737556561086,63.348416289592755,1.25,2.75,384.8,962.0,28.0
2011-2012,2006420,GARDNER EDGERTON,GARDNER EDGERTON,KS,Johnson County,9.0,9.0,5314.0,,5314.0,,9.0,96.0,92.0,169.0,0.0,366.0,366.0,99.0,2.0,13.0,,,8.0,15.0,21.0,4.0,10.0,98.0,628.0,Urban_Institute_CCD_Historical_API,Regular Public District,Independent Town / Exurban,True,False,False,False,False,Pre_MO_Reclassification,19.0,6.0,21.0,2.0,3.5754610462928116,0.3763643206624012,1.1290929619872037,3.951825366955213,2.4463680843056075,,68.87467068121943,5.191256830601093,0.546448087431694,1.639344262295082,5.737704918032787,3.0254777070063694,3.343949044585987,58.28025477707006,1.6666666666666667,2.3333333333333335,354.26666666666665,1328.5,24.4
2011-2012,2007950,KANSAS CITY,KANSAS CITY,KS,Wyandotte County,44.0,44.0,20499.0,,20499.0,,40.0,210.0,404.0,464.0,277.0,1396.0,1396.0,277.0,74.0,20.0,,,19.0,75.0,84.0,4.0,43.0,525.0,2498.0,Urban_Institute_CCD_Historical_API,Regular Public District,Urban Core Unified,True,False,False,False,False,Pre_MO_Reclassification,79.0,78.0,153.0,74.0,3.8538465290989805,3.609932191814235,3.805063661642031,7.463778720913215,0.9756573491389824,,68.10088296990097,5.659025787965616,5.300859598853868,5.587392550143266,10.959885386819485,3.1625300240192153,6.124899919935949,55.88470776621297,1.7045454545454546,3.477272727272727,273.32,5124.75,18.613333333333333
2011-2012,2000025,KS. STATE PENITENTIARY,KS. STATE PENITENTIARY,KS,Leavenworth County,1.0,1.0,0.0,,0.0,,0.0,0.0,0.0,0.0,0.0,0.0,0.0,0.0,0.0,,,,0.0,0.0,0.0,0.0,0.0,0.0,,Urban_Institute_CCD_Historical_API,Specialized State Agency,Specialized State Agency,False,False,False,False,False,Pre_MO_Reclassification,0.0,0.0,0.0,0.0,,,,,,,,,,,,,,,0.0,0.0,,,
2011-2012,2008340,LANSING,LANSING,KS,Leavenworth County,3.0,3.0,2627.0,,2627.0,,2.0,32.0,39.0,81.0,1.0,157.0,157.0,6.0,1.0,4.0,,,2.0,7.0,4.0,2.0,4.0,11.0,196.0,Urban_Institute_CCD_Historical_API,Regular Public District,Independent Town / Exurban,True,False,False,False,False,Pre_MO_Reclassification,9.0,3.0,10.0,1.0,3.425961172440046,0.3806623524933384,1.1419870574800153,3.806623524933384,1.5226494099733536,,59.763989341454135,5.7324840764331215,0.6369426751592357,1.910828025477707,6.369426751592357,4.591836734693878,5.1020408163265305,80.10204081632652,2.3333333333333335,3.3333333333333335,375.2857142857143,1313.5,22.428571428571427
2011-2012,2008430,LEAVENWORTH,LEAVENWORTH,KS,Leavenworth County,8.0,8.0,3734.0,,3734.0,,19.0,70.0,66.0,122.0,3.0,281.0,281.0,312.0,13.0,6.0,,,6.0,15.0,7.0,5.0,10.0,120.0,769.0,Urban_Institute_CCD_Historical_API,Regular Public District,Independent Town / Exurban,True,False,False,False,False,Pre_MO_Reclassification,20.0,18.0,33.0,13.0,5.356186395286556,3.481521156936261,4.8205677557579,8.837707552222819,1.6068559185859668,,75.25441885377612,7.11743772241993,4.6263345195729535,6.405693950177936,11.743772241992882,2.600780234070221,4.291287386215865,36.54096228868661,1.875,4.125,248.93333333333334,746.8,18.733333333333334
2011-2012,2008970,LOUISBURG,LOUISBURG,KS,Miami County,5.0,5.0,1805.0,,1805.0,,2.0,14.0,29.0,57.0,3.0,106.0,106.0,26.0,0.0,1.0,,,2.0,5.0,11.0,2.0,3.0,31.0,185.0,Urban_Institute_CCD_Historical_API,Regular Public District,Independent Town / Exurban,True,False,False,False,False,Pre_MO_Reclassification,7.0,2.0,7.0,0.0,3.878116343490305,0.0,1.10803324099723,3.878116343490305,0.554016620498615,,58.72576177285318,6.60377358490566,0.0,1.8867924528301887,6.60377358490566,3.783783783783784,3.783783783783784,57.2972972972973,1.0,1.4,361.0,902.5,21.2
2011-2012,2010140,OLATHE,OLATHE,KS,Johnson County,47.0,47.0,28182.0,,28182.0,,32.0,447.0,526.0,966.0,1.0,1974.0,1974.0,623.0,43.0,62.0,,,42.0,83.0,81.0,18.0,38.0,457.0,3379.0,Urban_Institute_CCD_Historical_API,Regular Public District,Major Suburban Unified,True,False,False,False,False,Pre_MO_Reclassification,101.0,61.0,144.0,43.0,3.583847846142928,1.525796607763821,2.1645021645021645,5.109644453906749,2.1999858065431837,,70.04470938897168,5.116514690982776,2.178318135764944,3.090172239108409,7.29483282674772,2.9890500147972774,4.261615862681267,58.419650784255694,1.7659574468085106,3.0638297872340425,339.5421686746988,1565.6666666666667,23.783132530120483
2011-2012,2010260,OSAWATOMIE,OSAWATOMIE,KS,Miami County,4.0,4.0,1192.0,,1192.0,,2.0,14.0,25.0,42.0,3.0,86.0,86.0,2.0,1.0,3.0,,,3.0,7.0,5.0,1.0,3.0,49.0,157.0,Urban_Institute_CCD_Historical_API,Regular Public District,Independent Town / Exurban,True,False,False,False,False,Pre_MO_Reclassification,8.0,2.0,9.0,1.0,6.7114093959731544,0.8389261744966443,1.6778523489932886,7.550335570469799,2.5167785234899327,,72.14765100671141,9.30232558139535,1.1627906976744187,2.3255813953488373,10.465116279069768,5.095541401273886,5.7324840764331215,54.77707006369427,1.75,2.25,170.28571428571428,1192.0,12.285714285714286
2011-2012,2010500,PAOLA,PAOLA,KS,Miami County,5.0,5.0,2074.0,,2074.0,,2.0,35.0,43.0,74.0,0.0,154.0,154.0,237.0,1.0,2.0,,,2.0,7.0,11.0,3.0,7.0,36.0,458.0,Urban_Institute_CCD_Historical_API,Regular Public District,Independent Town / Exurban,True,False,False,False,False,Pre_MO_Reclassification,10.0,4.0,11.0,1.0,4.821600771456123,0.4821600771456124,1.9286403085824495,5.303760848601736,0.9643201542912248,,74.25265188042431,6.493506493506493,0.6493506493506493,2.5974025974025974,7.142857142857142,2.1834061135371177,2.4017467248908297,33.624454148471614,1.4,2.2,296.2857142857143,691.3333333333334,22.0
2011-2012,2010680,PIPER-KANSAS CITY,PIPER-KANSAS CITY,KS,Wyandotte County,4.0,4.0,1841.0,,1841.0,,2.0,15.0,33.0,54.0,0.0,106.0,106.0,4.0,0.0,3.0,,,3.0,6.0,7.0,1.0,3.0,32.0,162.0,Urban_Institute_CCD_Historical_API,Regular Public District,Independent Town / Exurban,True,False,False,False,False,Pre_MO_Reclassification,7.0,1.0,7.0,0.0,3.802281368821293,0.0,0.5431830526887561,3.802281368821293,1.6295491580662682,,57.57740358500814,6.60377358490566,0.0,0.9433962264150944,6.60377358490566,4.320987654320987,4.320987654320987,65.4320987654321,1.5,1.75,306.8333333333333,1841.0,17.666666666666668
2011-2012,2008250,PRAIRIE VIEW,PRAIRIE VIEW,KS,Unknown,5.0,5.0,1007.0,,1007.0,,1.0,16.0,20.0,41.0,0.0,80.0,80.0,7.0,0.0,2.0,,,2.0,5.0,4.0,1.0,3.0,30.0,132.0,Urban_Institute_CCD_Historical_API,Regular Public District,Rural / Peripheral,False,False,False,False,False,Pre_MO_Reclassification,6.0,1.0,6.0,0.0,5.958291956305859,0.0,0.9930486593843098,5.958291956305859,1.9860973187686195,,79.4438927507448,7.5,0.0,1.25,7.5,4.545454545454546,4.545454545454546,60.60606060606061,1.0,1.2,201.4,1007.0,16.0
2011-2012,2000018,SCHOOL FOR BLIND,SCHOOL FOR BLIND,KS,Wyandotte County,2.0,2.0,36.0,,36.0,,0.0,4.0,2.0,4.0,0.0,11.0,11.0,0.0,1.0,,,,0.0,0.0,0.0,0.0,0.0,0.0,12.0,Urban_Institute_CCD_Historical_API,Specialized State Agency,Specialized State Agency,False,False,False,False,False,Pre_MO_Reclassification,0.0,1.0,1.0,1.0,0.0,27.777777777777775,27.777777777777775,27.777777777777775,,,305.5555555555556,0.0,9.090909090909092,9.090909090909092,9.090909090909092,0.0,8.333333333333332,91.66666666666666,0.0,0.5,,,
2011-2012,2000019,SCHOOL FOR DEAF,SCHOOL FOR DEAF,KS,Johnson County,2.0,2.0,119.0,,119.0,,3.0,7.0,9.0,16.0,1.0,37.0,37.0,0.0,2.0,1.0,,,1.0,2.0,0.0,3.0,0.0,0.0,45.0,Urban_Institute_CCD_Historical_API,Specialized State Agency,Specialized State Agency,False,False,False,False,False,Pre_MO_Reclassification,5.0,5.0,7.0,2.0,42.016806722689076,16.80672268907563,42.016806722689076,58.8235294117647,8.403361344537815,,310.92436974789916,13.513513513513514,5.405405405405405,13.513513513513514,18.91891891891892,11.11111111111111,15.555555555555555,82.22222222222221,1.0,3.5,59.5,39.666666666666664,18.5
2011-2012,2011640,SHAWNEE MISSION PUB SCH,SHAWNEE MISSION PUB SCH,KS,Johnson County,47.0,47.0,27760.0,,27760.0,,18.0,442.0,573.0,758.0,2.0,1794.0,1794.0,479.0,19.0,35.0,,,5.0,64.0,71.0,4.0,65.0,470.0,3001.0,Urban_Institute_CCD_Historical_API,Regular Public District,Major Suburban Unified,True,False,False,False,False,Pre_MO_Reclassification,68.0,23.0,87.0,19.0,2.4495677233429394,0.6844380403458213,0.8285302593659942,3.134005763688761,1.260806916426513,,64.62536023054754,3.79041248606466,1.0590858416945375,1.282051282051282,4.849498327759197,2.26591136287904,2.899033655448184,59.78007330889703,1.3617021276595744,1.851063829787234,433.75,6940.0,28.03125
2011-2012,2011850,SPRING HILL,SPRING HILL,KS,Miami County,6.0,6.0,2995.0,,2995.0,,3.0,34.0,42.0,96.0,1.0,177.0,177.0,42.0,3.0,6.0,,,5.0,10.0,9.0,3.0,8.0,43.0,301.0,Urban_Institute_CCD_Historical_API,Regular Public District,Independent Town / Exurban,True,False,False,False,False,Pre_MO_Reclassification,13.0,6.0,16.0,3.0,4.3405676126878125,1.001669449081803,2.003338898163606,5.342237061769616,2.003338898163606,,59.09849749582638,7.344632768361582,1.694915254237288,3.389830508474576,9.03954802259887,4.318936877076411,5.3156146179401995,58.80398671096345,1.6666666666666667,2.6666666666666665,299.5,998.3333333333334,17.7
2011-2012,2012210,TONGANOXIE,TONGANOXIE,KS,Leavenworth County,3.0,3.0,1886.0,,1886.0,,1.0,23.0,43.0,83.0,5.0,157.0,157.0,8.0,0.0,4.0,,,2.0,6.0,8.0,3.0,4.0,49.0,239.0,Urban_Institute_CCD_Historical_API,Regular Public District,Independent Town / Exurban,True,False,False,False,False,Pre_MO_Reclassification,9.0,3.0,9.0,0.0,4.7720042417815485,0.0,1.5906680805938496,4.7720042417815485,2.1208907741251326,,83.24496288441145,5.7324840764331215,0.0,1.910828025477707,5.7324840764331215,3.765690376569038,3.765690376569038,65.69037656903765,2.0,3.0,314.3333333333333,628.6666666666666,26.166666666666668
2011-2012,2012360,TURNER-KANSAS CITY,TURNER-KANSAS CITY,KS,Wyandotte County,7.0,7.0,4204.0,,4204.0,,6.0,34.0,90.0,109.0,2.0,242.0,242.0,65.0,11.0,9.0,,,3.0,12.0,16.0,5.0,12.0,100.0,472.0,Urban_Institute_CCD_Historical_API,Regular Public District,Independent Town / Exurban,True,False,False,False,False,Pre_MO_Reclassification,17.0,16.0,28.0,11.0,4.043767840152237,2.616555661274976,3.805899143672693,6.660323501427213,2.1408182683158894,,57.56422454804948,7.024793388429752,4.545454545454546,6.6115702479338845,11.570247933884298,3.6016949152542375,5.932203389830509,51.271186440677965,1.7142857142857142,4.0,350.3333333333333,840.8,20.166666666666668
2011-2012,2900017,ACADEMIE LAFAYETTE,ACADEMIE LAFAYETTE,MO,Jackson County,1.0,1.0,737.0,,737.0,,0.0,8.0,46.0,0.0,,55.0,55.0,1.0,0.0,0.0,,,1.0,2.0,0.0,0.0,7.0,1.0,66.0,Urban_Institute_CCD_Historical_API,Charter LEA,Charter LEA,False,False,False,False,True,Pre_MO_Reclassification,2.0,0.0,2.0,0.0,2.7137042062415193,0.0,0.0,2.7137042062415193,0.0,,74.62686567164178,3.6363636363636362,0.0,0.0,3.6363636363636362,3.0303030303030303,3.0303030303030303,83.33333333333334,2.0,2.0,368.5,,27.5
2011-2012,2900025,ALLEN VILLAGE,ALLEN VILLAGE,MO,Jackson County,1.0,1.0,446.0,,446.0,,0.0,1.0,17.0,0.0,,18.0,18.0,9.0,0.0,1.0,,,0.0,1.0,0.0,0.0,4.0,2.0,35.0,Urban_Institute_CCD_Historical_API,Charter LEA,Charter LEA,False,False,False,False,True,Pre_MO_Reclassification,1.0,0.0,1.0,0.0,2.242152466367713,0.0,0.0,2.242152466367713,2.242152466367713,,40.35874439461883,5.555555555555555,0.0,0.0,5.555555555555555,2.857142857142857,2.857142857142857,51.42857142857142,1.0,1.0,446.0,,18.0
2011-2012,2900029,ALTA VISTA CHARTER SCH.,ALTA VISTA CHARTER SCH.,MO,Jackson County,2.0,2.0,360.0,,360.0,,0.0,0.0,0.0,33.0,,33.0,33.0,1.0,0.0,3.0,,,0.0,2.0,0.0,0.0,4.0,0.0,43.0,Urban_Institute_CCD_Historical_API,Charter LEA,Charter LEA,False,False,False,False,True,Pre_MO_Reclassification,2.0,0.0,2.0,0.0,5.555555555555555,0.0,0.0,5.555555555555555,8.333333333333334,,91.66666666666666,6.0606060606060606,0.0,0.0,6.0606060606060606,4.651162790697675,4.651162790697675,76.74418604651163,1.0,1.0,180.0,,16.5
2011-2012,2903200,ARCHIE R-V,ARCHIE R-V,MO,Cass County,2.0,2.0,577.0,,577.0,,0.0,2.0,16.0,25.0,,44.0,44.0,3.0,1.0,0.0,,,0.0,2.0,0.0,1.0,5.0,6.0,62.0,Urban_Institute_CCD_Historical_API,Regular Public District,Rural / Peripheral,True,False,False,False,True,Pre_MO_Reclassification,3.0,2.0,4.0,1.0,5.199306759098787,1.7331022530329288,3.4662045060658575,6.932409012131715,0.0,,76.25649913344887,6.8181818181818175,2.272727272727273,4.545454545454546,9.090909090909092,4.838709677419355,6.451612903225806,70.96774193548387,1.0,2.0,288.5,577.0,22.0
2011-2012,2900011,B. BANNEKER ACADEMY,B. BANNEKER ACADEMY,MO,Jackson County,1.0,1.0,363.0,,363.0,,1.0,2.0,26.0,0.0,,29.0,29.0,17.0,1.0,0.0,,,0.0,2.0,0.0,0.0,7.0,2.0,58.0,Urban_Institute_CCD_Historical_API,Charter LEA,Charter LEA,False,False,False,False,True,Pre_MO_Reclassification,2.0,1.0,3.0,1.0,5.5096418732782375,2.7548209366391188,2.7548209366391188,8.264462809917356,0.0,,79.88980716253444,6.896551724137931,3.4482758620689653,3.4482758620689653,10.344827586206897,3.4482758620689653,5.172413793103448,50.0,2.0,3.0,181.5,,14.5
2011-2012,2904620,BELTON 124,BELTON 124,MO,Cass County,11.0,11.0,5081.0,,5081.0,,13.0,22.0,148.0,125.0,,308.0,308.0,80.0,7.0,14.0,,,10.0,15.0,2.0,7.0,31.0,53.0,517.0,Urban_Institute_CCD_Historical_API,Regular Public District,Independent Town / Exurban,True,False,False,False,True,Pre_MO_Reclassification,22.0,14.0,29.0,7.0,4.329856327494588,1.3776815587482778,2.7553631174965556,5.707537886242866,2.7553631174965556,,60.61798858492423,7.142857142857142,2.272727272727273,4.545454545454546,9.415584415584416,4.25531914893617,5.609284332688588,59.57446808510638,1.3636363636363635,2.6363636363636362,338.73333333333335,725.8571428571429,20.533333333333335
2011-2012,2905310,BLUE SPRINGS R-IV,BLUE SPRINGS R-IV,MO,Jackson County,22.0,22.0,14131.0,,14131.0,,20.0,55.0,344.0,452.0,,873.0,873.0,257.0,12.0,35.0,,,12.0,39.0,1.0,15.0,0.0,0.0,1232.0,Urban_Institute_CCD_Historical_API,Regular Public District,Major Suburban Unified,True,False,False,False,True,Pre_MO_Reclassification,54.0,27.0,66.0,12.0,3.821385606114217,0.8491968013587149,1.9106928030571084,4.670582407472931,2.4768240039629186,,61.77906729884651,6.185567010309279,1.3745704467353952,3.0927835051546393,7.560137457044673,4.383116883116883,5.357142857142857,70.8603896103896,1.7727272727272727,3.0,362.3333333333333,942.0666666666667,22.384615384615383
2011-2012,2900024,BROOKSIDE CHARTER SCH.,BROOKSIDE CHARTER SCH.,MO,Jackson County,3.0,3.0,379.0,,379.0,,0.0,3.0,18.0,6.0,,28.0,28.0,1.0,1.0,0.0,,,1.0,2.0,1.0,1.0,4.0,2.0,40.0,Urban_Institute_CCD_Historical_API,Charter LEA,Charter LEA,False,False,False,False,True,Pre_MO_Reclassification,3.0,2.0,4.0,1.0,7.9155672823219,2.638522427440633,5.277044854881266,10.554089709762533,0.0,,73.87862796833774,10.714285714285714,3.571428571428571,7.142857142857142,14.285714285714285,7.5,10.0,70.0,0.6666666666666666,1.3333333333333333,189.5,379.0,14.0
2011-2012,2908250,CENTER 58,CENTER 58,MO,Jackson County,8.0,8.0,2471.0,,2471.0,,9.0,9.0,82.0,105.0,,206.0,206.0,32.0,6.0,6.0,,,4.0,10.0,0.0,4.0,32.0,72.0,368.0,Urban_Institute_CCD_Historical_API,Regular Public District,Urban Core Unified,True,False,False,False,True,Pre_MO_Reclassification,14.0,10.0,20.0,6.0,5.6657223796034,2.4281667341157425,4.046944556859571,8.093889113719142,2.4281667341157425,,83.36705787130715,6.796116504854369,2.912621359223301,4.854368932038835,9.70873786407767,3.804347826086957,5.434782608695652,55.97826086956522,1.25,2.5,247.1,617.75,20.6
2011-2012,2900603,CROSSROADS ACADEMY OF KANSAS CITY,CROSSROADS ACADEMY OF KANSAS CITY,MO,Jackson County,,,,,,,,,,,,,,,,,,,,,,,,,,Urban_Institute_CCD_Historical_API,Charter LEA,Charter LEA,False,False,False,True,True,Pre_MO_Reclassification,,,,,,,,,,,,,,,,,,,,,,,
2011-2012,2900593,DELASALLE CHARTER SCHOOL,DELASALLE CHARTER SCHOOL,MO,Jackson County,1.0,1.0,196.0,,196.0,,0.0,0.0,0.0,13.0,,13.0,13.0,1.0,2.0,6.0,,,1.0,1.0,0.0,3.0,6.0,2.0,34.0,Urban_Institute_CCD_Historical_API,Charter LEA,Charter LEA,False,False,False,False,True,Pre_MO_Reclassification,4.0,5.0,6.0,2.0,20.408163265306122,10.204081632653061,25.510204081632654,30.612244897959183,30.612244897959183,,66.32653061224491,30.76923076923077,15.384615384615385,38.46153846153847,46.15384615384615,11.76470588235294,17.647058823529413,38.23529411764706,1.0,6.0,196.0,65.33333333333333,13.0
2011-2012,2900013,DELLA LAMB ELEM.,DELLA LAMB ELEM.,MO,Jackson County,1.0,1.0,551.0,,551.0,,0.0,7.0,39.0,0.0,,46.0,46.0,1.0,1.0,0.0,,,0.0,1.0,0.0,1.0,3.0,27.0,80.0,Urban_Institute_CCD_Historical_API,Charter LEA,Charter LEA,False,False,False,False,True,Pre_MO_Reclassification,2.0,2.0,3.0,1.0,3.629764065335753,1.8148820326678765,3.629764065335753,5.44464609800363,0.0,,83.48457350272233,4.3478260869565215,2.1739130434782608,4.3478260869565215,6.521739130434782,2.5,3.75,57.49999999999999,1.0,3.0,551.0,551.0,46.0
2011-2012,2900009,DIVISION OF YOUTH SERVICES,DIVISION OF YOUTH SERVICES,MO,Unknown,42.0,42.0,855.0,,855.0,,0.0,0.0,0.0,122.0,,122.0,122.0,0.0,4.0,2.0,,,0.0,0.0,0.0,1.0,0.0,0.0,129.0,Urban_Institute_CCD_Historical_API,Specialized State Agency,Specialized State Agency,False,False,False,False,True,Pre_MO_Reclassification,1.0,5.0,5.0,4.0,1.1695906432748537,4.678362573099415,5.847953216374268,5.847953216374268,2.3391812865497075,,142.69005847953218,0.819672131147541,3.278688524590164,4.098360655737705,4.098360655737705,0.7751937984496124,3.875968992248062,94.57364341085271,0.0,0.11904761904761904,,855.0,
2011-2012,2911070,DREXEL R-IV,DREXEL R-IV,MO,Cass County,2.0,2.0,325.0,,325.0,,1.0,1.0,8.0,18.0,,28.0,28.0,3.0,0.0,1.0,,,0.0,2.0,0.0,1.0,3.0,7.0,45.0,Urban_Institute_CCD_Historical_API,Regular Public District,Rural / Peripheral,True,False,False,False,True,Pre_MO_Reclassification,3.0,1.0,3.0,0.0,9.230769230769232,0.0,3.076923076923077,9.230769230769232,3.076923076923077,,86.15384615384615,10.714285714285714,0.0,3.571428571428571,10.714285714285714,6.666666666666667,6.666666666666667,62.22222222222222,1.0,1.5,162.5,325.0,14.0
2011-2012,2911160,EAST LYNNE 40,EAST LYNNE 40,MO,Cass County,1.0,1.0,171.0,,171.0,,1.0,1.0,12.0,0.0,,14.0,14.0,3.0,0.0,0.0,,,0.0,0.0,0.0,1.0,3.0,4.0,25.0,Urban_Institute_CCD_Historical_API,Regular Public District,Rural / Peripheral,True,False,False,False,True,Pre_MO_Reclassification,1.0,1.0,1.0,0.0,5.847953216374268,0.0,5.847953216374268,5.847953216374268,0.0,,81.87134502923976,7.142857142857142,0.0,7.142857142857142,7.142857142857142,4.0,4.0,56.00000000000001,0.0,1.0,,171.0,
2011-2012,2900597,EWING MARION KAUFFMAN SCHOOL,EWING MARION KAUFFMAN SCHOOL,MO,Jackson County,1.0,1.0,103.0,,103.0,,0.0,0.0,0.0,7.0,,7.0,7.0,0.0,0.0,0.0,,,0.0,0.0,0.0,0.0,5.0,0.0,12.0,Urban_Institute_CCD_Historical_API,Charter LEA,Charter LEA,False,False,False,False,True,Pre_MO_Reclassification,0.0,0.0,0.0,0.0,0.0,0.0,0.0,0.0,0.0,,67.96116504854369,0.0,0.0,0.0,0.0,0.0,0.0,58.333333333333336,0.0,0.0,,,
2011-2012,2911650,EXCELSIOR SPRINGS 40,EXCELSIOR SPRINGS 40,MO,Clay County,7.0,7.0,3038.0,,3038.0,,4.0,12.0,75.0,121.0,,213.0,213.0,40.0,3.0,8.0,,,3.0,11.0,0.0,5.0,0.0,0.0,280.0,Urban_Institute_CCD_Historical_API,Regular Public District,Independent Town / Exurban,True,False,False,False,True,Pre_MO_Reclassification,16.0,8.0,19.0,3.0,5.266622778143515,0.9874917709019092,2.6333113890717574,6.254114549045425,2.6333113890717574,,70.11191573403555,7.511737089201878,1.4084507042253522,3.755868544600939,8.92018779342723,5.714285714285714,6.785714285714286,76.07142857142857,1.5714285714285714,2.7142857142857144,276.1818181818182,607.6,19.363636363636363
2011-2012,2912290,FORT OSAGE R-I,FORT OSAGE R-I,MO,Jackson County,12.0,12.0,4932.0,,4932.0,,8.0,24.0,150.0,158.0,,341.0,341.0,99.0,8.0,14.0,,,9.0,13.0,0.0,8.0,42.0,203.0,728.0,Urban_Institute_CCD_Historical_API,Regular Public District,Independent Town / Exurban,True,False,False,False,True,Pre_MO_Reclassification,21.0,16.0,29.0,8.0,4.257907542579075,1.6220600162206003,3.2441200324412005,5.879967558799676,2.83860502838605,,69.14030819140308,6.158357771260997,2.346041055718475,4.69208211143695,8.504398826979472,2.8846153846153846,3.983516483516483,46.84065934065934,1.0833333333333333,2.4166666666666665,379.38461538461536,616.5,26.23076923076923
2011-2012,2900590,FRONTIER SCHOOL OF INNOVATION,FRONTIER SCHOOL OF INNOVATION,MO,Jackson County,4.0,4.0,780.0,,780.0,,0.0,3.0,20.0,33.0,,57.0,57.0,2.0,1.0,0.0,,,1.0,8.0,0.0,1.0,1.0,1.0,71.0,Urban_Institute_CCD_Historical_API,Charter LEA,Charter LEA,False,False,False,False,True,Pre_MO_Reclassification,9.0,2.0,10.0,1.0,11.538461538461538,1.2820512820512822,2.5641025641025643,12.82051282051282,0.0,,73.07692307692308,15.789473684210526,1.7543859649122806,3.508771929824561,17.543859649122805,12.676056338028168,14.084507042253522,80.28169014084507,2.0,2.5,97.5,780.0,7.125
2011-2012,2900016,GENESIS SCHOOL INC.,GENESIS SCHOOL INC.,MO,Jackson County,3.0,3.0,226.0,,226.0,,0.0,1.0,6.0,6.0,,14.0,14.0,4.0,0.0,0.0,,,0.0,1.0,0.0,1.0,5.0,2.0,27.0,Urban_Institute_CCD_Historical_API,Charter LEA,Charter LEA,False,False,False,False,True,Pre_MO_Reclassification,2.0,1.0,2.0,0.0,8.849557522123893,0.0,4.424778761061947,8.849557522123893,0.0,,61.94690265486726,14.285714285714285,0.0,7.142857142857142,14.285714285714285,7.4074074074074066,7.4074074074074066,51.85185185185185,0.3333333333333333,0.6666666666666666,226.0,226.0,14.0
2011-2012,2900015,GORDON PARKS ELEM.,GORDON PARKS ELEM.,MO,Jackson County,1.0,1.0,224.0,,224.0,,0.0,3.0,19.0,0.0,,22.0,22.0,3.0,0.0,0.0,,,1.0,1.0,0.0,0.0,5.0,2.0,33.0,Urban_Institute_CCD_Historical_API,Charter LEA,Charter LEA,False,False,False,False,True,Pre_MO_Reclassification,1.0,0.0,1.0,0.0,4.464285714285714,0.0,0.0,4.464285714285714,0.0,,98.21428571428571,4.545454545454546,0.0,0.0,4.545454545454546,3.0303030303030303,3.0303030303030303,66.66666666666666,1.0,1.0,224.0,,22.0
2011-2012,2913080,GRAIN VALLEY R-V,GRAIN VALLEY R-V,MO,Jackson County,8.0,8.0,3785.0,,3785.0,,6.0,20.0,101.0,120.0,,248.0,248.0,50.0,4.0,10.0,,,8.0,11.0,0.0,6.0,34.0,125.0,488.0,Urban_Institute_CCD_Historical_API,Regular Public District,Independent Town / Exurban,True,False,False,False,True,Pre_MO_Reclassification,17.0,10.0,21.0,4.0,4.491413474240423,1.056803170409511,2.642007926023778,5.548216644649934,2.642007926023778,,65.5217965653897,6.854838709677419,1.6129032258064515,4.032258064516129,8.46774193548387,3.483606557377049,4.30327868852459,50.81967213114754,1.375,2.625,344.09090909090907,630.8333333333334,22.545454545454547
2011-2012,2913140,GRANDVIEW C-4,GRANDVIEW C-4,MO,Jackson County,9.0,9.0,3889.0,,3889.0,,5.0,18.0,143.0,117.0,,285.0,285.0,25.0,6.0,12.0,,,7.0,17.0,0.0,5.0,70.0,122.0,542.0,Urban_Institute_CCD_Historical_API,Regular Public District,Independent Town / Exurban,True,False,False,False,True,Pre_MO_Reclassification,22.0,11.0,28.0,6.0,5.65698122910774,1.5428130624839291,2.82849061455387,7.199794291591669,3.0856261249678583,,73.28362046798662,7.719298245614035,2.1052631578947367,3.8596491228070176,9.824561403508772,4.059040590405904,5.166051660516605,52.5830258302583,1.8888888888888888,3.111111111111111,228.76470588235293,777.8,16.764705882352942
2011-2012,2913680,HARDIN-CENTRAL C-2,HARDIN-CENTRAL C-2,MO,Ray County,2.0,2.0,216.0,,216.0,,1.0,1.0,9.0,11.0,,23.0,23.0,4.0,0.0,0.0,,,0.0,1.0,0.0,1.0,2.0,3.0,34.0,Urban_Institute_CCD_Historical_API,Regular Public District,Rural / Peripheral,True,False,False,False,True,Pre_MO_Reclassification,2.0,1.0,2.0,0.0,9.25925925925926,0.0,4.62962962962963,9.25925925925926,0.0,,106.48148148148148,8.695652173913043,0.0,4.3478260869565215,8.695652173913043,5.88235294117647,5.88235294117647,67.64705882352942,0.5,1.0,216.0,216.0,23.0
2011-2012,2913760,HARRISONVILLE R-IX,HARRISONVILLE R-IX,MO,Cass County,7.0,7.0,2693.0,,2693.0,,3.0,10.0,64.0,119.0,,197.0,197.0,25.0,5.0,7.0,,,5.0,8.0,0.0,8.0,25.0,60.0,335.0,Urban_Institute_CCD_Historical_API,Regular Public District,Independent Town / Exurban,True,False,False,False,True,Pre_MO_Reclassification,16.0,13.0,21.0,5.0,5.941329372447085,1.856665428889714,4.827330115113257,7.797994801336799,2.5993316004455997,,73.15261789825473,8.121827411167512,2.5380710659898478,6.598984771573605,10.65989847715736,4.776119402985075,6.26865671641791,58.805970149253724,1.1428571428571428,3.0,336.625,336.625,24.625
2011-2012,2914340,HICKMAN MILLS C-1,HICKMAN MILLS C-1,MO,Jackson County,15.0,15.0,6052.0,,6052.0,,17.0,30.0,200.0,245.0,,494.0,494.0,74.0,3.0,15.0,,,10.0,22.0,0.0,9.0,0.0,0.0,617.0,Urban_Institute_CCD_Historical_API,Regular Public District,Rural / Peripheral,True,False,False,False,True,Pre_MO_Reclassification,31.0,12.0,34.0,3.0,5.122273628552544,0.49570389953734306,1.9828155981493722,5.617977528089887,2.478519497686715,,81.62590879048248,6.275303643724696,0.6072874493927125,2.42914979757085,6.882591093117409,5.024311183144246,5.510534846029174,80.06482982171799,1.4666666666666666,2.2666666666666666,275.09090909090907,672.4444444444445,22.454545454545453
2011-2012,2900014,HOGAN PREPARATORY ACADEMY,HOGAN PREPARATORY ACADEMY,MO,Jackson County,2.0,2.0,687.0,,687.0,,0.0,0.0,0.0,52.0,,52.0,52.0,2.0,1.0,1.0,,,3.0,4.0,0.0,0.0,8.0,0.0,68.0,Urban_Institute_CCD_Historical_API,Charter LEA,Charter LEA,False,False,False,False,True,Pre_MO_Reclassification,4.0,1.0,5.0,1.0,5.822416302765648,1.455604075691412,1.455604075691412,7.278020378457059,1.455604075691412,,75.69141193595343,7.6923076923076925,1.9230769230769231,1.9230769230769231,9.615384615384617,5.88235294117647,7.352941176470589,76.47058823529412,2.0,2.5,171.75,,13.0
2011-2012,2900601,HOPE LEADERSHIP ACADEMY,HOPE LEADERSHIP ACADEMY,MO,Jackson County,1.0,1.0,58.0,,58.0,,0.0,1.0,3.0,0.0,,4.0,4.0,0.0,0.0,0.0,,,0.0,1.0,0.0,0.0,2.0,0.0,7.0,Urban_Institute_CCD_Historical_API,Charter LEA,Charter LEA,False,False,False,False,True,Pre_MO_Reclassification,1.0,0.0,1.0,0.0,17.241379310344826,0.0,0.0,17.241379310344826,0.0,,68.9655172413793,25.0,0.0,0.0,25.0,14.285714285714285,14.285714285714285,57.14285714285714,1.0,1.0,58.0,,4.0
2011-2012,2915480,INDEPENDENCE 30,INDEPENDENCE 30,MO,Jackson County,28.0,28.0,14764.0,,14764.0,,15.0,57.0,362.0,406.0,,841.0,841.0,7.0,14.0,29.0,,,22.0,49.0,0.0,10.0,127.0,886.0,1963.0,Urban_Institute_CCD_Historical_API,Regular Public District,Major Suburban Unified,True,False,False,False,True,Pre_MO_Reclassification,59.0,24.0,73.0,14.0,3.9962069899756165,0.948252506095909,1.625575724735844,4.944459496071525,1.9642373340558115,,56.96288268761853,7.015457788347206,1.6646848989298455,2.853745541022592,8.680142687277051,3.0056036678553237,3.718797758532858,42.84258787570046,1.75,2.607142857142857,301.3061224489796,1476.4,17.163265306122447
2011-2012,2916400,KANSAS CITY 33,KANSAS CITY 33,MO,Jackson County,36.0,36.0,16610.0,,16610.0,,63.0,107.0,505.0,417.0,,1094.0,1094.0,205.0,9.0,44.0,,,25.0,62.0,0.0,26.0,44.0,604.0,2088.0,Urban_Institute_CCD_Historical_API,Regular Public District,Urban Core Unified,True,False,False,False,True,Pre_MO_Reclassification,88.0,35.0,97.0,9.0,5.298013245033113,0.5418422636965683,2.107164358819988,5.8398555087296815,2.6490066225165565,,65.8639373871162,8.043875685557587,0.8226691042047531,3.19926873857404,8.86654478976234,4.21455938697318,4.645593869731801,52.394636015325666,1.7222222222222223,2.6944444444444446,267.9032258064516,638.8461538461538,17.64516129032258
2011-2012,2916450,KEARNEY R-I,KEARNEY R-I,MO,Clay County,7.0,7.0,3713.0,,3713.0,,0.0,16.0,93.0,118.0,,228.0,228.0,33.0,1.0,9.0,,,6.0,11.0,1.0,4.0,22.0,116.0,425.0,Urban_Institute_CCD_Historical_API,Regular Public District,Independent Town / Exurban,True,False,False,False,True,Pre_MO_Reclassification,15.0,5.0,16.0,1.0,4.039859951521681,0.26932399676811203,1.3466199838405601,4.3091839482897925,2.4239159709130083,,61.40587126312955,6.578947368421052,0.43859649122807015,2.1929824561403506,7.017543859649122,3.5294117647058822,3.7647058823529407,53.64705882352941,1.5714285714285714,2.2857142857142856,337.54545454545456,928.25,20.727272727272727
2011-2012,2900031,KIPP: ENDEAVOR ACADEMY,KIPP: ENDEAVOR ACADEMY,MO,Jackson County,1.0,1.0,180.0,,180.0,,0.0,0.0,0.0,11.0,,11.0,11.0,0.0,0.0,0.0,,,0.0,0.0,0.0,0.0,5.0,0.0,16.0,Urban_Institute_CCD_Historical_API,Charter LEA,Charter LEA,False,False,False,False,True,Pre_MO_Reclassification,0.0,0.0,0.0,0.0,0.0,0.0,0.0,0.0,0.0,,61.11111111111111,0.0,0.0,0.0,0.0,0.0,0.0,68.75,0.0,0.0,,,
2011-2012,2918220,LAWSON R-XIV,LAWSON R-XIV,MO,Ray County,3.0,3.0,1200.0,,1200.0,,1.0,5.0,25.0,53.0,,86.0,86.0,9.0,0.0,3.0,,,3.0,5.0,0.0,2.0,8.0,13.0,126.0,Urban_Institute_CCD_Historical_API,Regular Public District,Rural / Peripheral,True,False,False,False,True,Pre_MO_Reclassification,7.0,2.0,7.0,0.0,5.833333333333334,0.0,1.6666666666666667,5.833333333333334,2.5,,71.66666666666667,8.13953488372093,0.0,2.3255813953488373,8.13953488372093,5.555555555555555,5.555555555555555,68.25396825396825,1.6666666666666667,2.3333333333333335,240.0,600.0,17.2
2011-2012,2900028,LEE A. TOLBERT COM. ACADEMY,LEE A. TOLBERT COM. ACADEMY,MO,Jackson County,2.0,2.0,523.0,,523.0,,0.0,5.0,33.0,0.0,,39.0,39.0,9.0,1.0,0.0,,,0.0,2.0,0.0,1.0,7.0,6.0,65.0,Urban_Institute_CCD_Historical_API,Charter LEA,Charter LEA,False,False,False,False,True,Pre_MO_Reclassification,3.0,2.0,4.0,1.0,5.736137667304016,1.9120458891013383,3.8240917782026767,7.648183556405353,0.0,,74.5697896749522,7.6923076923076925,2.564102564102564,5.128205128205128,10.256410256410255,4.615384615384616,6.153846153846154,60.0,1.0,2.0,261.5,523.0,19.5
2011-2012,2918300,LEE'S SUMMIT R-VII,LEE'S SUMMIT R-VII,MO,Jackson County,27.0,27.0,17825.0,,17825.0,,23.0,63.0,441.0,562.0,,1090.0,1090.0,289.0,22.0,39.0,,,16.0,51.0,0.0,16.0,131.0,659.0,2297.0,Urban_Institute_CCD_Historical_API,Regular Public District,Major Suburban Unified,True,False,False,False,True,Pre_MO_Reclassification,67.0,38.0,89.0,22.0,3.758765778401122,1.2342215988779803,2.131837307152875,4.992987377279102,2.1879382889200563,,61.15007012622721,6.146788990825688,2.0183486238532113,3.486238532110092,8.1651376146789,2.9168480626904656,3.8746190683500217,47.45319982585981,1.8888888888888888,3.2962962962962963,349.5098039215686,1114.0625,21.372549019607842
2011-2012,2918540,LIBERTY 53,LIBERTY 53,MO,Clay County,19.0,19.0,11327.0,,11327.0,,19.0,53.0,306.0,394.0,,774.0,774.0,178.0,9.0,28.0,,,14.0,37.0,0.0,4.0,74.0,560.0,1664.0,Urban_Institute_CCD_Historical_API,Regular Public District,Major Suburban Unified,True,False,False,False,True,Pre_MO_Reclassification,41.0,13.0,50.0,9.0,3.6196698154851243,0.7945616668138077,1.1477001853977222,4.414231482298932,2.4719696300874014,,68.33230334598746,5.297157622739018,1.1627906976744187,1.6795865633074936,6.459948320413436,2.4639423076923075,3.0048076923076925,46.51442307692308,1.9473684210526316,2.6315789473684212,306.13513513513516,2831.75,20.91891891891892
2011-2012,2919230,LONE JACK C-6,LONE JACK C-6,MO,Jackson County,3.0,3.0,590.0,,590.0,,1.0,2.0,18.0,19.0,,41.0,41.0,12.0,0.0,2.0,,,1.0,2.0,0.0,1.0,7.0,12.0,77.0,Urban_Institute_CCD_Historical_API,Regular Public District,Rural / Peripheral,True,False,False,False,True,Pre_MO_Reclassification,3.0,1.0,3.0,0.0,5.084745762711864,0.0,1.694915254237288,5.084745762711864,3.389830508474576,,69.49152542372882,7.317073170731707,0.0,2.4390243902439024,7.317073170731707,3.896103896103896,3.896103896103896,53.246753246753244,0.6666666666666666,1.0,295.0,590.0,20.5
2011-2012,2931800,MIDWAY R-I,MIDWAY R-I,MO,Cass County,2.0,2.0,498.0,,498.0,,0.0,2.0,19.0,20.0,,42.0,42.0,8.0,0.0,2.0,,,2.0,2.0,0.0,2.0,4.0,11.0,71.0,Urban_Institute_CCD_Historical_API,Regular Public District,Rural / Peripheral,True,False,False,False,True,Pre_MO_Reclassification,4.0,2.0,4.0,0.0,8.032128514056224,0.0,4.016064257028112,8.032128514056224,4.016064257028112,,84.33734939759036,9.523809523809524,0.0,4.761904761904762,9.523809523809524,5.633802816901409,5.633802816901409,59.154929577464785,1.0,2.0,249.0,249.0,21.0
2011-2012,2921060,MISSOURI CITY 56,MISSOURI CITY 56,MO,Clay County,1.0,1.0,24.0,,24.0,,0.0,0.0,3.0,0.0,,3.0,3.0,0.0,0.0,0.0,,,0.0,0.0,1.0,0.0,2.0,0.0,6.0,Urban_Institute_CCD_Historical_API,Regular Public District,Rural / Peripheral,True,False,False,False,True,Pre_MO_Reclassification,0.0,0.0,0.0,0.0,0.0,0.0,0.0,0.0,0.0,,125.0,0.0,0.0,0.0,0.0,0.0,0.0,50.0,0.0,0.0,,,
2011-2012,2900022,MO SCHLS FOR THE SEV DISABLED,MO SCHLS FOR THE SEV DISABLED,MO,Unknown,35.0,35.0,910.0,,910.0,,0.0,0.0,167.0,0.0,,167.0,167.0,279.0,1.0,0.0,,,0.0,22.0,0.0,2.0,74.0,52.0,597.0,Urban_Institute_CCD_Historical_API,Specialized State Agency,Specialized State Agency,False,False,False,False,True,Pre_MO_Reclassification,24.0,3.0,25.0,1.0,26.373626373626372,1.098901098901099,3.2967032967032965,27.47252747252747,0.0,,183.5164835164835,14.37125748502994,0.5988023952095809,1.7964071856287425,14.97005988023952,4.0201005025125625,4.1876046901172534,27.97319932998325,0.6285714285714286,0.7142857142857143,41.36363636363637,455.0,7.590909090909091
2011-2012,2922800,NORTH KANSAS CITY 74,NORTH KANSAS CITY 74,MO,Clay County,32.0,32.0,19133.0,,19133.0,,24.0,79.0,523.0,665.0,,1292.0,1292.0,224.0,8.0,47.0,,,27.0,59.0,0.0,16.0,207.0,1163.0,3016.0,Urban_Institute_CCD_Historical_API,Regular Public District,Major Suburban Unified,True,False,False,False,True,Pre_MO_Reclassification,75.0,24.0,83.0,8.0,3.919928918622276,0.4181257513197094,1.254377253959128,4.338054669941985,2.4564887890032927,,67.52730883813307,5.8049535603715166,0.6191950464396285,1.8575851393188854,6.424148606811146,2.486737400530504,2.7519893899204244,42.83819628647215,1.84375,2.59375,324.2881355932203,1195.8125,21.89830508474576
2011-2012,2922830,NORTH PLATTE CO. R-I,NORTH PLATTE CO. R-I,MO,Platte County,5.0,5.0,611.0,,611.0,,2.0,3.0,21.0,27.0,,55.0,55.0,6.0,0.0,2.0,,,1.0,2.0,0.0,1.0,0.0,0.0,66.0,Urban_Institute_CCD_Historical_API,Regular Public District,Independent Town / Exurban,True,False,False,False,True,Pre_MO_Reclassification,3.0,1.0,3.0,0.0,4.909983633387888,0.0,1.6366612111292964,4.909983633387888,3.273322422258593,,90.0163666121113,5.454545454545454,0.0,1.8181818181818181,5.454545454545454,4.545454545454546,4.545454545454546,83.33333333333334,0.4,0.6,305.5,611.0,27.5
2011-2012,2923010,OAK GROVE R-VI,OAK GROVE R-VI,MO,Jackson County,4.0,4.0,2036.0,,2036.0,,3.0,7.0,55.0,74.0,,141.0,141.0,22.0,1.0,6.0,,,4.0,6.0,2.0,3.0,14.0,34.0,229.0,Urban_Institute_CCD_Historical_API,Regular Public District,Rural / Peripheral,True,False,False,False,True,Pre_MO_Reclassification,9.0,4.0,10.0,1.0,4.4204322200392925,0.49115913555992136,1.9646365422396854,4.911591355599214,2.9469548133595285,,69.25343811394892,6.382978723404255,0.7092198581560284,2.8368794326241136,7.092198581560284,3.9301310043668125,4.366812227074235,61.572052401746724,1.5,2.5,339.3333333333333,678.6666666666666,23.5
2011-2012,2923220,ORRICK R-XI,ORRICK R-XI,MO,Ray County,2.0,2.0,370.0,,370.0,,1.0,1.0,12.0,12.0,,26.0,26.0,11.0,0.0,0.0,,,0.0,2.0,0.0,1.0,3.0,7.0,50.0,Urban_Institute_CCD_Historical_API,Regular Public District,Rural / Peripheral,True,False,False,False,True,Pre_MO_Reclassification,3.0,1.0,3.0,0.0,8.108108108108109,0.0,2.7027027027027026,8.108108108108109,0.0,,70.27027027027027,11.538461538461538,0.0,3.8461538461538463,11.538461538461538,6.0,6.0,52.0,1.0,1.5,185.0,370.0,13.0
2011-2012,2923550,PARK HILL,PARK HILL,MO,Platte County,16.0,16.0,10419.0,,10419.0,,12.0,40.0,255.0,375.0,,682.0,682.0,134.0,2.0,23.0,,,15.0,31.0,0.0,12.0,94.0,312.0,1290.0,Urban_Institute_CCD_Historical_API,Regular Public District,Major Suburban Unified,True,False,False,False,True,Pre_MO_Reclassification,43.0,14.0,45.0,2.0,4.127075535080142,0.1919570016316345,1.3436990114214415,4.319032536711776,2.207505518763797,,65.45733755638737,6.3049853372434015,0.2932551319648094,2.0527859237536656,6.598240469208211,3.3333333333333335,3.488372093023256,52.86821705426357,1.9375,2.8125,336.0967741935484,868.25,22.0
2011-2012,2900587,PATHWAY ACADEMY,PATHWAY ACADEMY,MO,Jackson County,2.0,2.0,476.0,,476.0,,0.0,3.0,24.0,0.0,,27.0,27.0,6.0,0.0,1.0,,,0.0,1.0,0.0,0.0,3.0,2.0,40.0,Urban_Institute_CCD_Historical_API,Charter LEA,Charter LEA,False,False,False,False,True,Pre_MO_Reclassification,1.0,0.0,1.0,0.0,2.100840336134454,0.0,0.0,2.100840336134454,2.100840336134454,,56.72268907563025,3.7037037037037033,0.0,0.0,3.7037037037037033,2.5,2.5,67.5,0.5,0.5,476.0,,27.0
2011-2012,2925230,PLATTE CO. R-III,PLATTE CO. R-III,MO,Platte County,8.0,8.0,3718.0,,3718.0,,4.0,17.0,116.0,114.0,,253.0,253.0,50.0,7.0,11.0,,,6.0,11.0,0.0,6.0,54.0,44.0,436.0,Urban_Institute_CCD_Historical_API,Regular Public District,Independent Town / Exurban,True,False,False,False,True,Pre_MO_Reclassification,17.0,13.0,24.0,7.0,4.57235072619688,1.882732651963421,3.4965034965034967,6.455083378160301,2.9585798816568047,,68.04733727810651,6.719367588932807,2.766798418972332,5.138339920948617,9.486166007905137,3.89908256880734,5.5045871559633035,58.02752293577982,1.375,3.0,338.0,619.6666666666666,23.0
2011-2012,2925330,PLEASANT HILL R-III,PLEASANT HILL R-III,MO,Cass County,5.0,5.0,2189.0,,2189.0,,2.0,8.0,63.0,61.0,,135.0,135.0,24.0,2.0,5.0,,,4.0,6.0,1.0,4.0,17.0,22.0,216.0,Urban_Institute_CCD_Historical_API,Regular Public District,Independent Town / Exurban,True,False,False,False,True,Pre_MO_Reclassification,10.0,6.0,12.0,2.0,4.568296025582457,0.9136592051164916,2.740977615349475,5.48195523069895,2.2841480127912286,,61.67199634536318,7.4074074074074066,1.4814814814814816,4.444444444444445,8.88888888888889,4.62962962962963,5.555555555555555,62.5,1.2,2.4,364.8333333333333,547.25,22.5
2011-2012,2923730,RAYMORE-PECULIAR R-II,RAYMORE-PECULIAR R-II,MO,Cass County,10.0,10.0,6015.0,,6015.0,,2.0,25.0,177.0,163.0,,369.0,369.0,67.0,8.0,14.0,,,10.0,17.0,7.0,10.0,23.0,141.0,656.0,Urban_Institute_CCD_Historical_API,Regular Public District,Major Suburban Unified,True,False,False,False,True,Pre_MO_Reclassification,27.0,18.0,35.0,8.0,4.488778054862843,1.3300083125519535,2.9925187032418954,5.818786367414797,2.3275145469659186,,61.34663341645885,7.317073170731707,2.168021680216802,4.878048780487805,9.48509485094851,4.115853658536586,5.335365853658536,56.25,1.7,3.5,353.8235294117647,601.5,21.705882352941178
2011-2012,2926070,RAYTOWN C-2,RAYTOWN C-2,MO,Jackson County,19.0,19.0,8560.0,,8560.0,,13.0,34.0,233.0,307.0,,589.0,589.0,205.0,34.0,25.0,,,11.0,30.0,14.0,14.0,81.0,249.0,1241.0,Urban_Institute_CCD_Historical_API,Regular Public District,Major Suburban Unified,True,False,False,False,True,Pre_MO_Reclassification,44.0,48.0,78.0,34.0,5.140186915887851,3.97196261682243,5.607476635514018,9.11214953271028,2.920560747663551,,68.80841121495328,7.470288624787775,5.772495755517826,8.149405772495756,13.242784380305602,3.5455278001611608,6.285253827558421,47.46172441579372,1.5789473684210527,4.105263157894737,285.3333333333333,611.4285714285714,19.633333333333333
2011-2012,2926480,RICHMOND R-XVI,RICHMOND R-XVI,MO,Ray County,4.0,4.0,1587.0,,1587.0,,2.0,6.0,46.0,52.0,,107.0,107.0,4.0,1.0,4.0,,,2.0,5.0,14.0,2.0,7.0,22.0,166.0,Urban_Institute_CCD_Historical_API,Regular Public District,Rural / Peripheral,True,False,False,False,True,Pre_MO_Reclassification,7.0,3.0,8.0,1.0,4.410838059231254,0.630119722747322,1.890359168241966,5.040957781978576,2.520478890989288,,67.42281033396345,6.5420560747663545,0.9345794392523363,2.803738317757009,7.476635514018691,4.216867469879518,4.819277108433735,64.45783132530121,1.25,2.0,317.4,793.5,21.4
2011-2012,2900019,SCUOLA VITA NUOVA,SCUOLA VITA NUOVA,MO,Jackson County,1.0,1.0,167.0,,167.0,,0.0,1.0,18.0,0.0,,19.0,19.0,3.0,0.0,0.0,,,0.0,2.0,0.0,0.0,3.0,5.0,32.0,Urban_Institute_CCD_Historical_API,Charter LEA,Charter LEA,False,False,False,False,True,Pre_MO_Reclassification,2.0,0.0,2.0,0.0,11.976047904191617,0.0,0.0,11.976047904191617,0.0,,113.77245508982035,10.526315789473683,0.0,0.0,10.526315789473683,6.25,6.25,59.375,2.0,2.0,83.5,,9.5
2011-2012,2910320,SHERWOOD CASS R-VIII,SHERWOOD CASS R-VIII,MO,Cass County,3.0,3.0,897.0,,897.0,,2.0,4.0,22.0,33.0,,63.0,63.0,15.0,0.0,3.0,,,1.0,3.0,0.0,2.0,6.0,34.0,126.0,Urban_Institute_CCD_Historical_API,Regular Public District,Rural / Peripheral,True,False,False,False,True,Pre_MO_Reclassification,5.0,2.0,5.0,0.0,5.574136008918618,0.0,2.229654403567447,5.574136008918618,3.3444816053511706,,70.23411371237458,7.936507936507936,0.0,3.1746031746031744,7.936507936507936,3.968253968253968,3.968253968253968,50.0,1.0,1.6666666666666667,299.0,448.5,21.0
2011-2012,2928410,SMITHVILLE R-II,SMITHVILLE R-II,MO,Clay County,4.0,4.0,2448.0,,2448.0,,4.0,10.0,53.0,82.0,,150.0,150.0,30.0,4.0,4.0,,,4.0,7.0,0.0,4.0,14.0,20.0,233.0,Urban_Institute_CCD_Historical_API,Regular Public District,Independent Town / Exurban,True,False,False,False,True,Pre_MO_Reclassification,11.0,8.0,15.0,4.0,4.493464052287582,1.6339869281045751,3.2679738562091503,6.127450980392156,1.6339869281045751,,61.27450980392157,7.333333333333333,2.666666666666667,5.333333333333334,10.0,4.721030042918455,6.437768240343347,64.37768240343348,1.75,3.75,349.7142857142857,612.0,21.428571428571427
2011-2012,2929670,STRASBURG C-3,STRASBURG C-3,MO,Cass County,1.0,1.0,104.0,,104.0,,0.0,0.0,10.0,0.0,,11.0,11.0,0.0,0.0,0.0,,,0.0,1.0,0.0,0.0,3.0,4.0,19.0,Urban_Institute_CCD_Historical_API,Regular Public District,Rural / Peripheral,True,False,False,False,True,Pre_MO_Reclassification,1.0,0.0,1.0,0.0,9.615384615384617,0.0,0.0,9.615384615384617,0.0,,105.76923076923077,9.090909090909092,0.0,0.0,9.090909090909092,5.263157894736842,5.263157894736842,57.89473684210527,1.0,1.0,104.0,,11.0
2011-2012,2900027,UNIVERSITY ACADEMY,UNIVERSITY ACADEMY,MO,Jackson County,3.0,3.0,1000.0,,1000.0,,0.0,5.0,26.0,32.0,,65.0,65.0,8.0,0.0,3.0,,,1.0,2.0,0.0,2.0,14.0,27.0,121.0,Urban_Institute_CCD_Historical_API,Charter LEA,Charter LEA,False,False,False,False,True,Pre_MO_Reclassification,4.0,2.0,4.0,0.0,4.0,0.0,2.0,4.0,3.0,,65.0,6.153846153846154,0.0,3.076923076923077,6.153846153846154,3.3057851239669422,3.3057851239669422,53.71900826446281,0.6666666666666666,1.3333333333333333,500.0,500.0,32.5
2011-2012,2931110,WASHINGTON,WASHINGTON,MO,Unknown,12.0,12.0,4209.0,,4209.0,,12.0,17.0,138.0,144.0,,313.0,313.0,62.0,5.0,12.0,,,6.0,11.0,0.0,5.0,43.0,96.0,547.0,Urban_Institute_CCD_Historical_API,Regular Public District,Rural / Peripheral,False,False,False,False,True,Pre_MO_Reclassification,16.0,10.0,21.0,5.0,3.801377999524828,1.1879306248515087,2.3758612497030174,4.989308624376337,2.851033499643621,,74.36445711570444,5.111821086261981,1.5974440894568689,3.1948881789137378,6.7092651757188495,2.9250457038391224,3.8391224862888484,57.22120658135283,0.9166666666666666,1.75,382.6363636363636,841.8,28.454545454545453
2011-2012,2931710,WEST PLATTE CO. R-II,WEST PLATTE CO. R-II,MO,Platte County,2.0,2.0,612.0,,612.0,,1.0,4.0,22.0,29.0,,56.0,56.0,3.0,0.0,2.0,,,2.0,2.0,0.0,2.0,5.0,12.0,82.0,Urban_Institute_CCD_Historical_API,Regular Public District,Independent Town / Exurban,True,False,False,False,True,Pre_MO_Reclassification,4.0,2.0,4.0,0.0,6.5359477124183005,0.0,3.2679738562091503,6.5359477124183005,3.2679738562091503,,91.5032679738562,7.142857142857142,0.0,3.571428571428571,7.142857142857142,4.878048780487805,4.878048780487805,68.29268292682927,1.0,2.0,306.0,306.0,28.0
2012-2013,2003780,BASEHOR-LINWOOD,BASEHOR-LINWOOD,KS,Leavenworth County,5.0,5.0,2192.0,,2192.0,,1.0,21.0,53.0,69.0,0.0,145.0,145.0,0.0,0.0,5.0,,,0.0,11.0,6.0,2.0,3.0,31.0,203.0,Urban_Institute_CCD_Historical_API,Regular Public District,Independent Town / Exurban,True,False,False,False,False,Pre_MO_Reclassification,13.0,2.0,13.0,0.0,5.930656934306569,0.0,0.9124087591240876,5.930656934306569,2.2810218978102186,,66.14963503649635,8.96551724137931,0.0,1.3793103448275863,8.96551724137931,6.403940886699508,6.403940886699508,71.42857142857143,2.2,2.6,199.27272727272728,1096.0,13.181818181818182
2012-2013,2012000,BLUE VALLEY,BLUE VALLEY,KS,Johnson County,34.0,34.0,22162.0,,22162.0,,24.0,279.0,361.0,762.0,0.0,1428.0,1428.0,361.0,33.0,58.0,,,39.0,64.0,86.0,6.0,69.0,358.0,2463.0,Urban_Institute_CCD_Historical_API,Regular Public District,Major Suburban Unified,True,False,False,False,False,Pre_MO_Reclassification,70.0,39.0,103.0,33.0,3.158559696778269,1.4890352856240412,1.7597689739193214,4.64759498240231,2.6170923201877083,,64.43461781427669,4.901960784313726,2.3109243697478994,2.73109243697479,7.212885154061624,2.8420625253755585,4.1818920016240355,57.97807551766139,1.8823529411764706,3.0294117647058822,346.28125,3693.6666666666665,22.3125
2012-2013,2004050,BONNER SPRINGS,BONNER SPRINGS,KS,Wyandotte County,5.0,5.0,2540.0,,2540.0,,5.0,49.0,47.0,82.0,0.0,184.0,184.0,13.0,5.0,6.0,,,2.0,7.0,11.0,1.0,8.0,52.0,287.0,Urban_Institute_CCD_Historical_API,Regular Public District,Independent Town / Exurban,True,False,False,False,False,Pre_MO_Reclassification,8.0,6.0,13.0,5.0,3.149606299212598,1.968503937007874,2.3622047244094486,5.118110236220472,2.3622047244094486,,72.44094488188976,4.3478260869565215,2.717391304347826,3.260869565217391,7.065217391304348,2.7874564459930316,4.529616724738676,64.11149825783971,1.4,2.6,362.85714285714283,2540.0,26.285714285714285
2012-2013,2005490,DE SOTO,DE SOTO,KS,Johnson County,12.0,12.0,6980.0,,6980.0,,,,,,,,,76.0,24.0,29.0,,,4.0,,,3.0,11.0,109.0,252.0,Urban_Institute_CCD_Historical_API,Regular Public District,Independent Town / Exurban,True,False,False,True,False,Pre_MO_Reclassification,,27.0,,24.0,,3.438395415472779,3.8681948424068766,,4.154727793696275,,,,,,,,,,,,,2326.6666666666665,
2012-2013,2005640,EASTON,EASTON,KS,Leavenworth County,4.0,4.0,671.0,,671.0,,0.0,9.0,13.0,33.0,1.0,57.0,57.0,0.0,2.0,2.0,,,1.0,4.0,3.0,1.0,1.0,15.0,85.0,Urban_Institute_CCD_Historical_API,Regular Public District,Rural / Peripheral,True,False,False,False,False,Pre_MO_Reclassification,5.0,3.0,7.0,2.0,7.451564828614009,2.9806259314456036,4.470938897168406,10.432190760059614,2.9806259314456036,,84.9478390461997,8.771929824561402,3.508771929824561,5.263157894736842,12.280701754385964,5.88235294117647,8.235294117647058,67.05882352941175,1.0,1.75,167.75,671.0,14.25
2012-2013,2006330,FT LEAVENWORTH,FT LEAVENWORTH,KS,Leavenworth County,4.0,4.0,1894.0,,1894.0,,3.0,52.0,64.0,28.0,0.0,147.0,147.0,19.0,3.0,4.0,,,4.0,5.0,3.0,3.0,5.0,39.0,228.0,Urban_Institute_CCD_Historical_API,Regular Public District,Independent Town / Exurban,True,False,False,False,False,Pre_MO_Reclassification,8.0,6.0,11.0,3.0,4.223864836325237,1.5839493136219642,3.1678986272439285,5.807814149947202,2.1119324181626187,,77.61351636747624,5.442176870748299,2.0408163265306123,4.081632653061225,7.482993197278912,3.508771929824561,4.824561403508771,64.47368421052632,1.25,2.75,378.8,631.3333333333334,29.4
2012-2013,2006420,GARDNER EDGERTON,GARDNER EDGERTON,KS,Johnson County,9.0,9.0,5444.0,,5444.0,,9.0,86.0,83.0,174.0,0.0,353.0,353.0,99.0,2.0,11.0,,,9.0,16.0,21.0,3.0,10.0,98.0,613.0,Urban_Institute_CCD_Historical_API,Regular Public District,Independent Town / Exurban,True,False,False,False,False,Pre_MO_Reclassification,19.0,5.0,21.0,2.0,3.49008082292432,0.3673769287288758,0.9184423218221895,3.8574577516531963,2.020573108008817,,64.84202792064659,5.382436260623229,0.56657223796034,1.41643059490085,5.94900849858357,3.0995106035889073,3.4257748776508974,57.58564437194127,1.7777777777777777,2.3333333333333335,340.25,1814.6666666666667,22.0625
2012-2013,2007950,KANSAS CITY,KANSAS CITY,KS,Wyandotte County,43.0,43.0,20914.0,,20914.0,,52.0,223.0,419.0,524.0,293.0,1512.0,1512.0,277.0,75.0,22.0,,,17.0,73.0,84.0,5.0,43.0,525.0,2616.0,Urban_Institute_CCD_Historical_API,Regular Public District,Urban Core Unified,True,False,False,False,False,Pre_MO_Reclassification,78.0,80.0,153.0,75.0,3.7295591469828824,3.5861145644066172,3.8251888687003923,7.3156737113895005,1.0519269388926078,,72.29606961843741,5.158730158730158,4.9603174603174605,5.291005291005291,10.119047619047619,2.981651376146789,5.848623853211009,57.798165137614674,1.697674418604651,3.558139534883721,286.4931506849315,4182.8,20.71232876712329
2012-2013,2000025,KS. STATE PENITENTIARY,KS. STATE PENITENTIARY,KS,Leavenworth County,1.0,1.0,0.0,,0.0,,0.0,0.0,0.0,0.0,0.0,0.0,0.0,0.0,0.0,,,,0.0,0.0,0.0,0.0,0.0,0.0,,Urban_Institute_CCD_Historical_API,Specialized State Agency,Specialized State Agency,False,False,False,False,False,Pre_MO_Reclassification,0.0,0.0,0.0,0.0,,,,,,,,,,,,,,,0.0,0.0,,,
2012-2013,2008340,LANSING,LANSING,KS,Leavenworth County,3.0,3.0,2667.0,,2667.0,,2.0,28.0,41.0,85.0,1.0,158.0,158.0,6.0,0.0,4.0,,,2.0,7.0,4.0,2.0,4.0,11.0,196.0,Urban_Institute_CCD_Historical_API,Regular Public District,Independent Town / Exurban,True,False,False,False,False,Pre_MO_Reclassification,9.0,2.0,9.0,0.0,3.374578177727784,0.0,0.7499062617172854,3.374578177727784,1.4998125234345707,,59.24259467566554,5.69620253164557,0.0,1.2658227848101267,5.69620253164557,4.591836734693878,4.591836734693878,80.61224489795919,2.3333333333333335,3.0,381.0,1333.5,22.571428571428573
2012-2013,2008430,LEAVENWORTH,LEAVENWORTH,KS,Leavenworth County,8.0,8.0,3849.0,,3849.0,,12.0,81.0,67.0,124.0,5.0,291.0,291.0,312.0,28.0,6.0,,,6.0,18.0,7.0,5.0,10.0,120.0,797.0,Urban_Institute_CCD_Historical_API,Regular Public District,Independent Town / Exurban,True,False,False,False,False,Pre_MO_Reclassification,23.0,33.0,51.0,28.0,5.975578072226552,7.274616783580151,8.57365549493375,13.250194855806702,1.558846453624318,,75.60405300077942,7.903780068728522,9.621993127147768,11.34020618556701,17.525773195876287,2.8858218318695106,6.398996235884567,36.51191969887076,2.25,6.375,213.83333333333334,769.8,16.166666666666668
2012-2013,2008970,LOUISBURG,LOUISBURG,KS,Miami County,5.0,5.0,1839.0,,1839.0,,,,,,,,,26.0,0.0,4.0,,,4.0,10.0,11.0,4.0,3.0,31.0,89.0,Urban_Institute_CCD_Historical_API,Regular Public District,Independent Town / Exurban,True,False,False,True,False,Pre_MO_Reclassification,14.0,4.0,14.0,0.0,7.612833061446438,0.0,2.175095160413268,7.612833061446438,2.175095160413268,,,,,,,15.730337078651685,15.730337078651685,,2.0,2.8,183.9,459.75,
2012-2013,2010140,OLATHE,OLATHE,KS,Johnson County,47.0,47.0,28745.0,,28745.0,,34.0,474.0,549.0,991.0,1.0,2050.0,2050.0,623.0,50.0,64.0,,,42.0,84.0,81.0,15.0,38.0,457.0,3462.0,Urban_Institute_CCD_Historical_API,Regular Public District,Major Suburban Unified,True,False,False,False,False,Pre_MO_Reclassification,99.0,65.0,149.0,50.0,3.4440772308227516,1.7394329448599757,2.2612628283179683,5.183510175682728,2.2264741694207686,,71.31675073925899,4.829268292682927,2.4390243902439024,3.1707317073170733,7.268292682926829,2.859618717504333,4.303870595031774,59.214326978625074,1.7872340425531914,3.1702127659574466,342.20238095238096,1916.3333333333333,24.404761904761905
2012-2013,2010260,OSAWATOMIE,OSAWATOMIE,KS,Miami County,4.0,4.0,1212.0,,1212.0,,5.0,16.0,22.0,42.0,3.0,88.0,88.0,2.0,5.0,3.0,,,2.0,6.0,5.0,1.0,3.0,49.0,162.0,Urban_Institute_CCD_Historical_API,Regular Public District,Independent Town / Exurban,True,False,False,False,False,Pre_MO_Reclassification,7.0,6.0,12.0,5.0,5.775577557755775,4.125412541254125,4.9504950495049505,9.900990099009901,2.4752475247524752,,72.60726072607261,7.954545454545454,5.681818181818182,6.8181818181818175,13.636363636363635,4.320987654320987,7.4074074074074066,54.32098765432099,1.5,3.0,202.0,1212.0,14.666666666666666
2012-2013,2010500,PAOLA,PAOLA,KS,Miami County,4.0,4.0,2035.0,,2035.0,,2.0,37.0,42.0,74.0,0.0,155.0,155.0,237.0,0.0,2.0,,,2.0,8.0,11.0,4.0,7.0,36.0,460.0,Urban_Institute_CCD_Historical_API,Regular Public District,Independent Town / Exurban,True,False,False,False,False,Pre_MO_Reclassification,12.0,4.0,12.0,0.0,5.896805896805897,0.0,1.9656019656019657,5.896805896805897,0.9828009828009828,,76.16707616707617,7.741935483870968,0.0,2.5806451612903225,7.741935483870968,2.608695652173913,2.608695652173913,33.69565217391305,2.0,3.0,254.375,508.75,19.375
2012-2013,2010680,PIPER-KANSAS CITY,PIPER-KANSAS CITY,KS,Wyandotte County,4.0,4.0,1857.0,,1857.0,,2.0,17.0,37.0,63.0,0.0,120.0,120.0,4.0,0.0,3.0,,,2.0,7.0,7.0,1.0,3.0,32.0,177.0,Urban_Institute_CCD_Historical_API,Regular Public District,Independent Town / Exurban,True,False,False,False,False,Pre_MO_Reclassification,8.0,1.0,8.0,0.0,4.308023694130318,0.0,0.5385029617662898,4.308023694130318,1.6155088852988693,,64.62035541195476,6.666666666666667,0.0,0.8333333333333334,6.666666666666667,4.519774011299435,4.519774011299435,67.79661016949152,1.75,2.0,265.2857142857143,1857.0,17.142857142857142
2012-2013,2008250,PRAIRIE VIEW,PRAIRIE VIEW,KS,Unknown,5.0,5.0,989.0,,989.0,,1.0,13.0,23.0,43.0,0.0,81.0,81.0,7.0,0.0,2.0,,,1.0,5.0,4.0,1.0,3.0,30.0,133.0,Urban_Institute_CCD_Historical_API,Regular Public District,Rural / Peripheral,False,False,False,False,False,Pre_MO_Reclassification,6.0,1.0,6.0,0.0,6.066734074823054,0.0,1.0111223458038423,6.066734074823054,2.0222446916076846,,81.90091001011122,7.4074074074074066,0.0,1.2345679012345678,7.4074074074074066,4.511278195488721,4.511278195488721,60.902255639097746,1.0,1.2,197.8,989.0,16.2
2012-2013,2000018,SCHOOL FOR BLIND,SCHOOL FOR BLIND,KS,Wyandotte County,2.0,2.0,37.0,,37.0,,0.0,4.0,2.0,4.0,0.0,11.0,11.0,0.0,1.0,,,,0.0,0.0,0.0,0.0,0.0,0.0,12.0,Urban_Institute_CCD_Historical_API,Specialized State Agency,Specialized State Agency,False,False,False,False,False,Pre_MO_Reclassification,0.0,1.0,1.0,1.0,0.0,27.027027027027028,27.027027027027028,27.027027027027028,,,297.2972972972973,0.0,9.090909090909092,9.090909090909092,9.090909090909092,0.0,8.333333333333332,91.66666666666666,0.0,0.5,,,
2012-2013,2000019,SCHOOL FOR DEAF,SCHOOL FOR DEAF,KS,Johnson County,2.0,2.0,87.0,,87.0,,3.0,6.0,11.0,18.0,0.0,39.0,39.0,0.0,2.0,1.0,,,1.0,2.0,0.0,3.0,0.0,0.0,47.0,Urban_Institute_CCD_Historical_API,Specialized State Agency,Specialized State Agency,False,False,False,False,False,Pre_MO_Reclassification,5.0,5.0,7.0,2.0,57.47126436781609,22.988505747126435,57.47126436781609,80.45977011494253,11.494252873563218,,448.2758620689655,12.82051282051282,5.128205128205128,12.82051282051282,17.94871794871795,10.638297872340425,14.893617021276595,82.97872340425532,1.0,3.5,43.5,29.0,19.5
2012-2013,2011640,SHAWNEE MISSION PUB SCH,SHAWNEE MISSION PUB SCH,KS,Johnson County,44.0,44.0,27435.0,,27435.0,,17.0,423.0,584.0,740.0,16.0,1781.0,1781.0,479.0,26.0,36.0,,,8.0,63.0,71.0,6.0,65.0,470.0,2997.0,Urban_Institute_CCD_Historical_API,Regular Public District,Major Suburban Unified,True,False,False,False,False,Pre_MO_Reclassification,69.0,32.0,95.0,26.0,2.5150355385456535,0.9476945507563331,1.1663932932385639,3.462730089301987,1.3121924548933845,,64.91707672680883,3.874227961819203,1.4598540145985401,1.7967434025828188,5.3340819764177425,2.3023023023023024,3.1698365031698366,59.4260927594261,1.4318181818181819,2.159090909090909,435.4761904761905,4572.5,28.26984126984127
2012-2013,2011850,SPRING HILL,SPRING HILL,KS,Johnson County,6.0,6.0,2927.0,,2927.0,,4.0,33.0,44.0,90.0,0.0,172.0,172.0,42.0,3.0,6.0,,,5.0,8.0,9.0,3.0,8.0,43.0,294.0,Urban_Institute_CCD_Historical_API,Regular Public District,Independent Town / Exurban,True,False,False,False,False,Pre_MO_Reclassification,11.0,6.0,14.0,3.0,3.7581141100102493,1.0249402118209772,2.0498804236419543,4.7830543218312265,2.0498804236419543,,58.76323881106935,6.395348837209303,1.744186046511628,3.488372093023256,8.13953488372093,3.741496598639456,4.761904761904762,58.50340136054422,1.3333333333333333,2.3333333333333335,365.875,975.6666666666666,21.5
2012-2013,2012210,TONGANOXIE,TONGANOXIE,KS,Leavenworth County,3.0,3.0,1947.0,,1947.0,,1.0,25.0,44.0,88.0,5.0,165.0,165.0,8.0,0.0,4.0,,,2.0,6.0,8.0,2.0,4.0,49.0,246.0,Urban_Institute_CCD_Historical_API,Regular Public District,Independent Town / Exurban,True,False,False,False,False,Pre_MO_Reclassification,8.0,2.0,8.0,0.0,4.108885464817669,0.0,1.0272213662044172,4.108885464817669,2.0544427324088343,,84.7457627118644,4.848484848484849,0.0,1.2121212121212122,4.848484848484849,3.2520325203252036,3.2520325203252036,67.07317073170732,2.0,2.6666666666666665,324.5,973.5,27.5
2012-2013,2012360,TURNER-KANSAS CITY,TURNER-KANSAS CITY,KS,Wyandotte County,7.0,7.0,4174.0,,4174.0,,5.0,41.0,76.0,127.0,1.0,251.0,251.0,65.0,10.0,9.0,,,3.0,14.0,16.0,5.0,12.0,100.0,482.0,Urban_Institute_CCD_Historical_API,Regular Public District,Independent Town / Exurban,True,False,False,False,False,Pre_MO_Reclassification,19.0,15.0,29.0,10.0,4.551988500239578,2.3957834211787254,3.593675131768088,6.947771921418304,2.156205079060853,,60.13416387158601,7.569721115537849,3.9840637450199203,5.9760956175298805,11.553784860557768,3.941908713692946,6.016597510373444,52.074688796680505,2.0,4.142857142857143,298.14285714285717,834.8,17.928571428571427
2012-2013,2900017,ACADEMIE LAFAYETTE,ACADEMIE LAFAYETTE,MO,Jackson County,1.0,1.0,776.0,,776.0,,0.0,7.0,50.0,0.0,,58.0,58.0,1.0,1.0,0.0,,,1.0,2.0,0.0,1.0,12.0,1.0,76.0,Urban_Institute_CCD_Historical_API,Charter LEA,Charter LEA,False,False,False,False,True,Pre_MO_Reclassification,3.0,2.0,4.0,1.0,3.865979381443299,1.288659793814433,2.577319587628866,5.154639175257732,0.0,,74.74226804123711,5.172413793103448,1.7241379310344827,3.4482758620689653,6.896551724137931,3.9473684210526314,5.263157894736842,76.31578947368422,2.0,4.0,388.0,776.0,29.0
2012-2013,2900604,ACADEMY FOR INTEGRATED ARTS,ACADEMY FOR INTEGRATED ARTS,MO,Jackson County,1.0,1.0,82.0,,82.0,,0.0,2.0,3.0,0.0,,6.0,6.0,0.0,0.0,0.0,,,0.0,1.0,0.0,0.0,1.0,0.0,8.0,Urban_Institute_CCD_Historical_API,Charter LEA,Charter LEA,False,False,False,False,True,Pre_MO_Reclassification,1.0,0.0,1.0,0.0,12.195121951219512,0.0,0.0,12.195121951219512,0.0,,73.17073170731707,16.666666666666664,0.0,0.0,16.666666666666664,12.5,12.5,75.0,1.0,1.0,82.0,,6.0
2012-2013,2900025,ALLEN VILLAGE,ALLEN VILLAGE,MO,Jackson County,1.0,1.0,423.0,,423.0,,0.0,1.0,18.0,0.0,,19.0,19.0,6.0,0.0,1.0,,,0.0,1.0,0.0,0.0,0.0,0.0,27.0,Urban_Institute_CCD_Historical_API,Charter LEA,Charter LEA,False,False,False,False,True,Pre_MO_Reclassification,1.0,0.0,1.0,0.0,2.3640661938534278,0.0,0.0,2.3640661938534278,2.3640661938534278,,44.917257683215134,5.263157894736842,0.0,0.0,5.263157894736842,3.7037037037037033,3.7037037037037033,70.37037037037037,1.0,1.0,423.0,,19.0
2012-2013,2900029,ALTA VISTA CHARTER SCH.,ALTA VISTA CHARTER SCH.,MO,Jackson County,3.0,3.0,443.0,,443.0,,0.0,5.0,0.0,35.0,,40.0,40.0,3.0,1.0,3.0,,,0.0,3.0,0.0,0.0,4.0,0.0,54.0,Urban_Institute_CCD_Historical_API,Charter LEA,Charter LEA,False,False,False,False,True,Pre_MO_Reclassification,3.0,1.0,4.0,1.0,6.772009029345372,2.257336343115124,2.257336343115124,9.029345372460496,6.772009029345372,,90.29345372460497,7.5,2.5,2.5,10.0,5.555555555555555,7.4074074074074066,74.07407407407408,1.0,1.3333333333333333,147.66666666666666,,13.333333333333334
2012-2013,2903200,ARCHIE R-V,ARCHIE R-V,MO,Cass County,2.0,2.0,592.0,,592.0,,1.0,3.0,15.0,23.0,,44.0,44.0,7.0,1.0,0.0,,,0.0,2.0,0.0,2.0,9.0,6.0,71.0,Urban_Institute_CCD_Historical_API,Regular Public District,Rural / Peripheral,True,False,False,False,True,Pre_MO_Reclassification,4.0,3.0,5.0,1.0,6.756756756756757,1.6891891891891893,5.0675675675675675,8.445945945945946,0.0,,74.32432432432432,9.090909090909092,2.272727272727273,6.8181818181818175,11.363636363636363,5.633802816901409,7.042253521126761,61.97183098591549,1.0,2.5,296.0,296.0,22.0
2012-2013,2900011,B. BANNEKER ACADEMY,B. BANNEKER ACADEMY,MO,Jackson County,1.0,1.0,370.0,,370.0,,2.0,2.0,31.0,0.0,,36.0,36.0,15.0,0.0,0.0,,,0.0,2.0,0.0,1.0,8.0,5.0,67.0,Urban_Institute_CCD_Historical_API,Charter LEA,Charter LEA,False,False,False,False,True,Pre_MO_Reclassification,3.0,1.0,3.0,0.0,8.108108108108109,0.0,2.7027027027027026,8.108108108108109,0.0,,97.2972972972973,8.333333333333332,0.0,2.7777777777777777,8.333333333333332,4.477611940298507,4.477611940298507,53.73134328358209,2.0,3.0,185.0,370.0,18.0
2012-2013,2904620,BELTON 124,BELTON 124,MO,Cass County,11.0,11.0,5053.0,,5053.0,,14.0,23.0,157.0,128.0,,323.0,323.0,88.0,10.0,14.0,,,9.0,15.0,0.0,7.0,41.0,59.0,557.0,Urban_Institute_CCD_Historical_API,Regular Public District,Independent Town / Exurban,True,False,False,False,True,Pre_MO_Reclassification,22.0,17.0,32.0,10.0,4.353849198495943,1.9790223629527013,3.3643380170195925,6.332871561448644,2.770631308133782,,63.92242232337225,6.811145510835913,3.0959752321981426,5.263157894736842,9.907120743034056,3.949730700179533,5.745062836624776,57.989228007181325,1.3636363636363635,2.909090909090909,336.8666666666667,721.8571428571429,21.533333333333335
2012-2013,2905310,BLUE SPRINGS R-IV,BLUE SPRINGS R-IV,MO,Jackson County,22.0,22.0,14203.0,,14203.0,,21.0,61.0,344.0,465.0,,892.0,892.0,259.0,16.0,36.0,,,12.0,42.0,6.0,,,0.0,1251.0,Urban_Institute_CCD_Historical_API,Regular Public District,Major Suburban Unified,True,False,False,True,True,Pre_MO_Reclassification,,,,16.0,,1.1265225656551432,,,2.5346757727240723,,62.80363303527424,,1.7937219730941705,,,,,71.30295763389289,1.9090909090909092,,338.1666666666667,,21.238095238095237
2012-2013,2900024,BROOKSIDE CHARTER SCH.,BROOKSIDE CHARTER SCH.,MO,Jackson County,2.0,2.0,441.0,,441.0,,0.0,3.0,16.0,7.0,,27.0,27.0,7.0,0.0,0.0,,,0.0,2.0,0.0,1.0,4.0,2.0,43.0,Urban_Institute_CCD_Historical_API,Charter LEA,Charter LEA,False,False,False,False,True,Pre_MO_Reclassification,3.0,1.0,3.0,0.0,6.802721088435374,0.0,2.2675736961451247,6.802721088435374,0.0,,61.224489795918366,11.11111111111111,0.0,3.7037037037037033,11.11111111111111,6.976744186046512,6.976744186046512,62.7906976744186,1.0,1.5,220.5,441.0,13.5
2012-2013,2908250,CENTER 58,CENTER 58,MO,Jackson County,8.0,8.0,2530.0,,2530.0,,9.0,11.0,83.0,107.0,,210.0,210.0,45.0,6.0,6.0,,,4.0,10.0,0.0,4.0,36.0,66.0,383.0,Urban_Institute_CCD_Historical_API,Regular Public District,Urban Core Unified,True,False,False,False,True,Pre_MO_Reclassification,14.0,10.0,20.0,6.0,5.533596837944664,2.3715415019762847,3.952569169960474,7.905138339920948,2.3715415019762847,,83.00395256916997,6.666666666666667,2.857142857142857,4.761904761904762,9.523809523809524,3.6553524804177546,5.221932114882506,54.83028720626631,1.25,2.5,253.0,632.5,21.0
2012-2013,2900603,CROSSROADS ACAD OF KANSAS CITY,CROSSROADS ACAD OF KANSAS CITY,MO,Jackson County,1.0,1.0,186.0,,186.0,,0.0,4.0,13.0,0.0,,17.0,17.0,5.0,0.0,0.0,,,0.0,1.0,0.0,0.0,1.0,5.0,29.0,Urban_Institute_CCD_Historical_API,Charter LEA,Charter LEA,False,False,False,False,True,Pre_MO_Reclassification,1.0,0.0,1.0,0.0,5.376344086021506,0.0,0.0,5.376344086021506,0.0,,91.3978494623656,5.88235294117647,0.0,0.0,5.88235294117647,3.4482758620689653,3.4482758620689653,58.620689655172406,1.0,1.0,186.0,,17.0
2012-2013,2900593,DELASALLE CHARTER SCHOOL,DELASALLE CHARTER SCHOOL,MO,Jackson County,1.0,1.0,216.0,,216.0,,0.0,0.0,0.0,15.0,,15.0,15.0,0.0,3.0,5.0,,,1.0,1.0,0.0,3.0,2.0,2.0,31.0,Urban_Institute_CCD_Historical_API,Charter LEA,Charter LEA,False,False,False,False,True,Pre_MO_Reclassification,4.0,6.0,7.0,3.0,18.51851851851852,13.888888888888888,27.777777777777775,32.407407407407405,23.148148148148145,,69.44444444444444,26.666666666666668,20.0,40.0,46.666666666666664,12.903225806451612,22.58064516129032,48.38709677419355,1.0,7.0,216.0,72.0,15.0
2012-2013,2900013,DELLA LAMB ELEM.,DELLA LAMB ELEM.,MO,Jackson County,1.0,1.0,626.0,,626.0,,0.0,10.0,40.0,0.0,,51.0,51.0,5.0,2.0,0.0,,,0.0,1.0,0.0,1.0,6.0,6.0,72.0,Urban_Institute_CCD_Historical_API,Charter LEA,Charter LEA,False,False,False,False,True,Pre_MO_Reclassification,2.0,3.0,4.0,2.0,3.1948881789137378,3.1948881789137378,4.792332268370607,6.3897763578274756,0.0,,81.46964856230032,3.9215686274509802,3.9215686274509802,5.88235294117647,7.8431372549019605,2.7777777777777777,5.555555555555555,70.83333333333334,1.0,4.0,626.0,626.0,51.0
2012-2013,2900009,DIVISION OF YOUTH SERVICES,DIVISION OF YOUTH SERVICES,MO,Unknown,42.0,42.0,789.0,,789.0,,0.0,0.0,0.0,122.0,,122.0,122.0,0.0,7.0,2.0,,,0.0,0.0,0.0,1.0,0.0,0.0,132.0,Urban_Institute_CCD_Historical_API,Specialized State Agency,Specialized State Agency,False,False,False,False,True,Pre_MO_Reclassification,1.0,8.0,8.0,7.0,1.2674271229404308,8.871989860583017,10.139416983523446,10.139416983523446,2.5348542458808616,,154.62610899873258,0.819672131147541,5.737704918032787,6.557377049180328,6.557377049180328,0.7575757575757576,6.0606060606060606,92.42424242424242,0.0,0.19047619047619047,,789.0,
2012-2013,2911070,DREXEL R-IV,DREXEL R-IV,MO,Cass County,2.0,2.0,346.0,,346.0,,1.0,1.0,8.0,17.0,,27.0,27.0,3.0,0.0,0.0,,,0.0,1.0,0.0,1.0,3.0,7.0,42.0,Urban_Institute_CCD_Historical_API,Regular Public District,Rural / Peripheral,True,False,False,False,True,Pre_MO_Reclassification,2.0,1.0,2.0,0.0,5.780346820809248,0.0,2.890173410404624,5.780346820809248,0.0,,78.03468208092485,7.4074074074074066,0.0,3.7037037037037033,7.4074074074074066,4.761904761904762,4.761904761904762,64.28571428571429,0.5,1.0,346.0,346.0,27.0
2012-2013,2911160,EAST LYNNE 40,EAST LYNNE 40,MO,Cass County,1.0,1.0,204.0,,204.0,,1.0,1.0,12.0,0.0,,14.0,14.0,3.0,0.0,0.0,,,0.0,0.0,0.0,1.0,2.0,4.0,24.0,Urban_Institute_CCD_Historical_API,Regular Public District,Rural / Peripheral,True,False,False,False,True,Pre_MO_Reclassification,1.0,1.0,1.0,0.0,4.901960784313726,0.0,4.901960784313726,4.901960784313726,0.0,,68.62745098039217,7.142857142857142,0.0,7.142857142857142,7.142857142857142,4.166666666666666,4.166666666666666,58.333333333333336,0.0,1.0,,204.0,
2012-2013,2900597,EWING MARION KAUFFMAN SCHOOL,EWING MARION KAUFFMAN SCHOOL,MO,Jackson County,1.0,1.0,182.0,,182.0,,0.0,0.0,0.0,20.0,,20.0,20.0,0.0,4.0,0.0,,,0.0,2.0,0.0,0.0,2.0,0.0,28.0,Urban_Institute_CCD_Historical_API,Charter LEA,Charter LEA,False,False,False,False,True,Pre_MO_Reclassification,2.0,4.0,6.0,4.0,10.989010989010989,21.978021978021978,21.978021978021978,32.96703296703297,0.0,,109.89010989010988,10.0,20.0,20.0,30.0,7.142857142857142,21.428571428571427,71.42857142857143,2.0,6.0,91.0,,10.0
2012-2013,2911650,EXCELSIOR SPRINGS 40,EXCELSIOR SPRINGS 40,MO,Clay County,7.0,7.0,2949.0,,2949.0,,4.0,11.0,76.0,125.0,,217.0,217.0,38.0,2.0,7.0,,,3.0,11.0,0.0,5.0,31.0,51.0,362.0,Urban_Institute_CCD_Historical_API,Regular Public District,Independent Town / Exurban,True,False,False,False,True,Pre_MO_Reclassification,16.0,7.0,18.0,2.0,5.425567989148864,0.678195998643608,2.373685995252628,6.103763987792472,2.373685995252628,,73.58426585283146,7.373271889400922,0.9216589861751152,3.225806451612903,8.294930875576037,4.41988950276243,4.972375690607735,59.94475138121547,1.5714285714285714,2.5714285714285716,268.09090909090907,589.8,19.727272727272727
2012-2013,2912290,FORT OSAGE R-I,FORT OSAGE R-I,MO,Jackson County,12.0,12.0,4950.0,,4950.0,,7.0,23.0,151.0,162.0,,345.0,345.0,102.0,8.0,14.0,,,9.0,13.0,0.0,8.0,41.0,155.0,686.0,Urban_Institute_CCD_Historical_API,Regular Public District,Independent Town / Exurban,True,False,False,False,True,Pre_MO_Reclassification,21.0,16.0,29.0,8.0,4.242424242424243,1.6161616161616161,3.2323232323232323,5.858585858585859,2.8282828282828283,,69.6969696969697,6.086956521739131,2.318840579710145,4.63768115942029,8.405797101449275,3.061224489795918,4.227405247813411,50.29154518950437,1.0833333333333333,2.4166666666666665,380.7692307692308,618.75,26.53846153846154
2012-2013,2900590,FRONTIER SCHOOL OF INNOVATION,FRONTIER SCHOOL OF INNOVATION,MO,Jackson County,4.0,4.0,901.0,,901.0,,0.0,4.0,24.0,33.0,,62.0,62.0,0.0,0.0,1.0,,,0.0,9.0,0.0,1.0,3.0,1.0,77.0,Urban_Institute_CCD_Historical_API,Charter LEA,Charter LEA,False,False,False,False,True,Pre_MO_Reclassification,10.0,1.0,10.0,0.0,11.098779134295228,0.0,1.1098779134295227,11.098779134295228,1.1098779134295227,,68.81243063263041,16.129032258064516,0.0,1.6129032258064515,16.129032258064516,12.987012987012985,12.987012987012985,80.51948051948052,2.25,2.5,100.11111111111111,901.0,6.888888888888889
2012-2013,2900016,GENESIS SCHOOL INC.,GENESIS SCHOOL INC.,MO,Jackson County,3.0,3.0,211.0,,211.0,,0.0,2.0,0.0,12.0,,14.0,14.0,6.0,2.0,0.0,,,0.0,1.0,0.0,1.0,6.0,2.0,32.0,Urban_Institute_CCD_Historical_API,Charter LEA,Charter LEA,False,False,False,False,True,Pre_MO_Reclassification,2.0,3.0,4.0,2.0,9.47867298578199,9.47867298578199,14.218009478672984,18.95734597156398,0.0,,66.35071090047394,14.285714285714285,14.285714285714285,21.428571428571427,28.57142857142857,6.25,12.5,43.75,0.3333333333333333,1.3333333333333333,211.0,211.0,14.0
2012-2013,2900015,GORDON PARKS ELEM.,GORDON PARKS ELEM.,MO,Jackson County,1.0,1.0,240.0,,240.0,,0.0,5.0,19.0,0.0,,25.0,25.0,2.0,0.0,0.0,,,0.0,1.0,0.0,0.0,8.0,3.0,39.0,Urban_Institute_CCD_Historical_API,Charter LEA,Charter LEA,False,False,False,False,True,Pre_MO_Reclassification,1.0,0.0,1.0,0.0,4.166666666666667,0.0,0.0,4.166666666666667,0.0,,104.16666666666667,4.0,0.0,0.0,4.0,2.564102564102564,2.564102564102564,64.1025641025641,1.0,1.0,240.0,,25.0
2012-2013,2913080,GRAIN VALLEY R-V,GRAIN VALLEY R-V,MO,Jackson County,8.0,8.0,3846.0,,3846.0,,7.0,18.0,104.0,124.0,,254.0,254.0,56.0,4.0,10.0,,,8.0,13.0,0.0,7.0,33.0,107.0,484.0,Urban_Institute_CCD_Historical_API,Regular Public District,Independent Town / Exurban,True,False,False,False,True,Pre_MO_Reclassification,20.0,11.0,24.0,4.0,5.200208008320333,1.0400416016640666,2.860114404576183,6.240249609984399,2.6001040041601664,,66.04264170566823,7.874015748031496,1.574803149606299,4.330708661417323,9.448818897637794,4.132231404958678,4.958677685950414,52.47933884297521,1.625,3.0,295.84615384615387,549.4285714285714,19.53846153846154
2012-2013,2913140,GRANDVIEW C-4,GRANDVIEW C-4,MO,Jackson County,9.0,9.0,3918.0,,3918.0,,5.0,18.0,131.0,116.0,,272.0,272.0,5.0,6.0,12.0,,,7.0,16.0,0.0,5.0,63.0,131.0,510.0,Urban_Institute_CCD_Historical_API,Regular Public District,Independent Town / Exurban,True,False,False,False,True,Pre_MO_Reclassification,21.0,11.0,27.0,6.0,5.359877488514548,1.5313935681470139,2.807554874936192,6.891271056661561,3.0627871362940278,,69.4231750893313,7.720588235294118,2.2058823529411766,4.044117647058823,9.926470588235293,4.117647058823529,5.294117647058823,53.333333333333336,1.7777777777777777,3.0,244.875,783.6,17.0
2012-2013,2913680,HARDIN-CENTRAL C-2,HARDIN-CENTRAL C-2,MO,Ray County,2.0,2.0,263.0,,263.0,,1.0,1.0,9.0,11.0,,23.0,23.0,4.0,0.0,0.0,,,0.0,1.0,0.0,1.0,2.0,3.0,34.0,Urban_Institute_CCD_Historical_API,Regular Public District,Rural / Peripheral,True,False,False,False,True,Pre_MO_Reclassification,2.0,1.0,2.0,0.0,7.604562737642586,0.0,3.802281368821293,7.604562737642586,0.0,,87.45247148288973,8.695652173913043,0.0,4.3478260869565215,8.695652173913043,5.88235294117647,5.88235294117647,67.64705882352942,0.5,1.0,263.0,263.0,23.0
2012-2013,2913760,HARRISONVILLE R-IX,HARRISONVILLE R-IX,MO,Cass County,7.0,7.0,2662.0,,2662.0,,2.0,10.0,63.0,115.0,,191.0,191.0,27.0,5.0,7.0,,,4.0,8.0,0.0,9.0,27.0,103.0,377.0,Urban_Institute_CCD_Historical_API,Regular Public District,Independent Town / Exurban,True,False,False,False,True,Pre_MO_Reclassification,17.0,14.0,22.0,5.0,6.386175807663411,1.8782870022539444,5.259203606311044,8.264462809917356,2.629601803155522,,71.75056348610067,8.900523560209423,2.6178010471204187,7.329842931937172,11.518324607329843,4.509283819628647,5.835543766578249,50.663129973474796,1.1428571428571428,3.142857142857143,332.75,295.77777777777777,23.875
2012-2013,2914340,HICKMAN MILLS C-1,HICKMAN MILLS C-1,MO,Jackson County,15.0,15.0,6570.0,,6570.0,,9.0,31.0,177.0,202.0,,420.0,420.0,66.0,10.0,13.0,,,11.0,19.0,0.0,6.0,64.0,203.0,801.0,Urban_Institute_CCD_Historical_API,Regular Public District,Rural / Peripheral,True,False,False,False,True,Pre_MO_Reclassification,25.0,16.0,35.0,10.0,3.8051750380517504,1.5220700152207,2.4353120243531206,5.32724505327245,1.9786910197869103,,63.926940639269404,5.952380952380952,2.380952380952381,3.8095238095238098,8.333333333333332,3.1210986267166043,4.369538077403246,52.43445692883895,1.2666666666666666,2.3333333333333335,345.7894736842105,1095.0,22.105263157894736
2012-2013,2900014,HOGAN PREPARATORY ACADEMY,HOGAN PREPARATORY ACADEMY,MO,Jackson County,3.0,3.0,699.0,,699.0,,0.0,0.0,0.0,55.0,,55.0,55.0,6.0,3.0,1.0,,,3.0,3.0,0.0,1.0,11.0,1.0,81.0,Urban_Institute_CCD_Historical_API,Charter LEA,Charter LEA,False,False,False,False,True,Pre_MO_Reclassification,4.0,4.0,7.0,3.0,5.7224606580829755,4.291845493562231,5.7224606580829755,10.014306151645208,1.4306151645207439,,78.68383404864092,7.2727272727272725,5.454545454545454,7.2727272727272725,12.727272727272727,4.938271604938271,8.641975308641975,67.90123456790124,1.0,2.3333333333333335,233.0,699.0,18.333333333333332
2012-2013,2900601,HOPE LEADERSHIP ACADEMY,HOPE LEADERSHIP ACADEMY,MO,Jackson County,1.0,1.0,82.0,,82.0,,0.0,1.0,6.0,0.0,,7.0,7.0,0.0,0.0,0.0,,,0.0,1.0,0.0,0.0,2.0,0.0,10.0,Urban_Institute_CCD_Historical_API,Charter LEA,Charter LEA,False,False,False,False,True,Pre_MO_Reclassification,1.0,0.0,1.0,0.0,12.195121951219512,0.0,0.0,12.195121951219512,0.0,,85.3658536585366,14.285714285714285,0.0,0.0,14.285714285714285,10.0,10.0,70.0,1.0,1.0,82.0,,7.0
2012-2013,2915480,INDEPENDENCE 30,INDEPENDENCE 30,MO,Jackson County,30.0,30.0,14755.0,,14755.0,,14.0,62.0,365.0,420.0,,862.0,862.0,131.0,17.0,30.0,,,23.0,50.0,0.0,12.0,127.0,790.0,2019.0,Urban_Institute_CCD_Historical_API,Regular Public District,Major Suburban Unified,True,False,False,False,True,Pre_MO_Reclassification,62.0,29.0,79.0,17.0,4.201965435445612,1.1521518129447645,1.9654354456116572,5.354117248390376,2.0332090816672315,,58.42087427990512,7.192575406032482,1.9721577726218096,3.3642691415313224,9.164733178654293,3.0708271421495787,3.9128281327389796,42.69440316988608,1.6666666666666667,2.6333333333333333,295.1,1229.5833333333333,17.24
2012-2013,2916400,KANSAS CITY 33,KANSAS CITY 33,MO,Jackson County,35.0,35.0,16832.0,,16832.0,,60.0,96.0,525.0,418.0,,1100.0,1100.0,256.0,18.0,49.0,,,25.0,65.0,0.0,20.0,47.0,625.0,2180.0,Urban_Institute_CCD_Historical_API,Regular Public District,Urban Core Unified,True,False,False,False,True,Pre_MO_Reclassification,85.0,38.0,103.0,18.0,5.049904942965779,1.0693916349809887,2.2576045627376424,6.119296577946768,2.9111216730038025,,65.35171102661596,7.727272727272727,1.6363636363636365,3.4545454545454546,9.363636363636365,3.89908256880734,4.724770642201835,50.45871559633027,1.8571428571428572,2.942857142857143,258.95384615384614,841.6,16.923076923076923
2012-2013,2916450,KEARNEY R-I,KEARNEY R-I,MO,Clay County,7.0,7.0,3587.0,,3587.0,,3.0,15.0,93.0,119.0,,232.0,232.0,64.0,3.0,8.0,,,7.0,10.0,1.0,5.0,22.0,116.0,461.0,Urban_Institute_CCD_Historical_API,Regular Public District,Independent Town / Exurban,True,False,False,False,True,Pre_MO_Reclassification,15.0,8.0,18.0,3.0,4.181767493727349,0.8363534987454698,2.230275996654586,5.018120992472818,2.230275996654586,,64.678003902983,6.4655172413793105,1.293103448275862,3.4482758620689653,7.758620689655173,3.2537960954446854,3.9045553145336225,50.32537960954448,1.4285714285714286,2.5714285714285716,358.7,717.4,23.2
2012-2013,2900031,KIPP: ENDEAVOR ACADEMY,KIPP: ENDEAVOR ACADEMY,MO,Jackson County,1.0,1.0,234.0,,234.0,,0.0,0.0,0.0,19.0,,19.0,19.0,3.0,1.0,0.0,,,0.0,1.0,0.0,0.0,4.0,0.0,28.0,Urban_Institute_CCD_Historical_API,Charter LEA,Charter LEA,False,False,False,False,True,Pre_MO_Reclassification,1.0,1.0,2.0,1.0,4.273504273504274,4.273504273504274,4.273504273504274,8.547008547008549,0.0,,81.1965811965812,5.263157894736842,5.263157894736842,5.263157894736842,10.526315789473683,3.571428571428571,7.142857142857142,67.85714285714286,1.0,2.0,234.0,,19.0
2012-2013,2918220,LAWSON R-XIV,LAWSON R-XIV,MO,Ray County,3.0,3.0,1217.0,,1217.0,,1.0,5.0,24.0,52.0,,83.0,83.0,8.0,0.0,3.0,,,3.0,5.0,0.0,2.0,7.0,13.0,121.0,Urban_Institute_CCD_Historical_API,Regular Public District,Rural / Peripheral,True,False,False,False,True,Pre_MO_Reclassification,7.0,2.0,7.0,0.0,5.7518488085456045,0.0,1.6433853738701725,5.7518488085456045,2.4650780608052587,,68.20049301561217,8.433734939759036,0.0,2.4096385542168677,8.433734939759036,5.785123966942149,5.785123966942149,68.59504132231406,1.6666666666666667,2.3333333333333335,243.4,608.5,16.6
2012-2013,2900028,LEE A. TOLBERT COM. ACADEMY,LEE A. TOLBERT COM. ACADEMY,MO,Jackson County,1.0,1.0,525.0,,525.0,,0.0,5.0,31.0,0.0,,36.0,36.0,10.0,1.0,0.0,,,0.0,2.0,0.0,1.0,8.0,6.0,64.0,Urban_Institute_CCD_Historical_API,Charter LEA,Charter LEA,False,False,False,False,True,Pre_MO_Reclassification,3.0,2.0,4.0,1.0,5.714285714285714,1.9047619047619047,3.8095238095238093,7.619047619047619,0.0,,68.57142857142857,8.333333333333332,2.7777777777777777,5.555555555555555,11.11111111111111,4.6875,6.25,56.25,2.0,4.0,262.5,525.0,18.0
2012-2013,2918300,LEE'S SUMMIT R-VII,LEE'S SUMMIT R-VII,MO,Jackson County,27.0,27.0,17783.0,,17783.0,,21.0,60.0,462.0,560.0,,1105.0,1105.0,304.0,22.0,40.0,,,18.0,50.0,0.0,16.0,130.0,608.0,2275.0,Urban_Institute_CCD_Historical_API,Regular Public District,Major Suburban Unified,True,False,False,False,True,Pre_MO_Reclassification,66.0,38.0,88.0,22.0,3.71140977337907,1.2371365911263565,2.136872293763707,4.948546364505426,2.249339256593376,,62.137996963392006,5.972850678733032,1.9909502262443437,3.4389140271493215,7.963800904977375,2.9010989010989015,3.868131868131868,48.57142857142857,1.8518518518518519,3.259259259259259,355.66,1111.4375,22.1
2012-2013,2918540,LIBERTY 53,LIBERTY 53,MO,Clay County,19.0,19.0,11549.0,,11549.0,,21.0,52.0,306.0,402.0,,783.0,783.0,177.0,9.0,30.0,,,13.0,37.0,0.0,4.0,79.0,566.0,1685.0,Urban_Institute_CCD_Historical_API,Regular Public District,Major Suburban Unified,True,False,False,False,True,Pre_MO_Reclassification,41.0,13.0,50.0,9.0,3.5500909169625077,0.7792882500649407,1.1256385834271365,4.329379167027449,2.597627500216469,,67.79807775564984,5.236270753512133,1.1494252873563218,1.6602809706257982,6.385696040868455,2.433234421364985,2.967359050445104,46.468842729970326,1.9473684210526316,2.6315789473684212,312.13513513513516,2887.25,21.16216216216216
2012-2013,2919230,LONE JACK C-6,LONE JACK C-6,MO,Jackson County,3.0,3.0,549.0,,549.0,,1.0,3.0,19.0,20.0,,44.0,44.0,12.0,0.0,2.0,,,0.0,2.0,0.0,1.0,6.0,12.0,79.0,Urban_Institute_CCD_Historical_API,Regular Public District,Rural / Peripheral,True,False,False,False,True,Pre_MO_Reclassification,3.0,1.0,3.0,0.0,5.46448087431694,0.0,1.8214936247723132,5.46448087431694,3.6429872495446265,,80.14571948998179,6.8181818181818175,0.0,2.272727272727273,6.8181818181818175,3.79746835443038,3.79746835443038,55.69620253164557,0.6666666666666666,1.0,274.5,549.0,22.0
2012-2013,2931800,MIDWAY R-I,MIDWAY R-I,MO,Cass County,2.0,2.0,493.0,,493.0,,0.0,2.0,18.0,19.0,,40.0,40.0,7.0,0.0,2.0,,,1.0,2.0,0.0,2.0,4.0,10.0,67.0,Urban_Institute_CCD_Historical_API,Regular Public District,Rural / Peripheral,True,False,False,False,True,Pre_MO_Reclassification,4.0,2.0,4.0,0.0,8.113590263691684,0.0,4.056795131845842,8.113590263691684,4.056795131845842,,81.13590263691684,10.0,0.0,5.0,10.0,5.970149253731343,5.970149253731343,59.70149253731343,1.0,2.0,246.5,246.5,20.0
2012-2013,2921060,MISSOURI CITY 56,MISSOURI CITY 56,MO,Clay County,1.0,1.0,31.0,,31.0,,0.0,0.0,3.0,0.0,,4.0,4.0,0.0,0.0,0.0,,,0.0,0.0,0.0,0.0,2.0,1.0,7.0,Urban_Institute_CCD_Historical_API,Regular Public District,Rural / Peripheral,True,False,False,False,True,Pre_MO_Reclassification,0.0,0.0,0.0,0.0,0.0,0.0,0.0,0.0,0.0,,129.03225806451613,0.0,0.0,0.0,0.0,0.0,0.0,57.14285714285714,0.0,0.0,,,
2012-2013,2900022,MO SCHLS FOR THE SEV DISABLED,MO SCHLS FOR THE SEV DISABLED,MO,Unknown,35.0,35.0,917.0,,917.0,,0.0,1.0,164.0,0.0,,165.0,165.0,278.0,0.0,0.0,,,0.0,23.0,0.0,2.0,74.0,49.0,591.0,Urban_Institute_CCD_Historical_API,Specialized State Agency,Specialized State Agency,False,False,False,False,True,Pre_MO_Reclassification,25.0,2.0,25.0,0.0,27.262813522355508,0.0,2.1810250817884405,27.262813522355508,0.0,,179.93456924754634,15.151515151515152,0.0,1.2121212121212122,15.151515151515152,4.230118443316413,4.230118443316413,27.918781725888326,0.6571428571428571,0.7142857142857143,39.869565217391305,458.5,7.173913043478261
2012-2013,2922800,NORTH KANSAS CITY 74,NORTH KANSAS CITY 74,MO,Clay County,32.0,32.0,19443.0,,19443.0,,30.0,81.0,508.0,666.0,,1287.0,1287.0,189.0,10.0,42.0,,,24.0,61.0,2.0,17.0,211.0,1114.0,2933.0,Urban_Institute_CCD_Historical_API,Regular Public District,Major Suburban Unified,True,False,False,False,True,Pre_MO_Reclassification,78.0,27.0,88.0,10.0,4.011726585403487,0.5143239212055752,1.3886745872550532,4.526050506609062,2.160160469063416,,66.19348865915754,6.0606060606060606,0.777000777000777,2.097902097902098,6.837606837606838,2.6593931128537336,3.000340947834981,43.8799863620866,1.90625,2.75,318.73770491803276,1143.7058823529412,21.098360655737704
2012-2013,2922830,NORTH PLATTE CO. R-I,NORTH PLATTE CO. R-I,MO,Platte County,5.0,5.0,602.0,,602.0,,1.0,3.0,21.0,27.0,,53.0,53.0,9.0,0.0,2.0,,,1.0,2.0,0.0,1.0,6.0,14.0,87.0,Urban_Institute_CCD_Historical_API,Regular Public District,Independent Town / Exurban,True,False,False,False,True,Pre_MO_Reclassification,3.0,1.0,3.0,0.0,4.983388704318936,0.0,1.6611295681063123,4.983388704318936,3.3222591362126246,,88.03986710963454,5.660377358490567,0.0,1.8867924528301887,5.660377358490567,3.4482758620689653,3.4482758620689653,60.91954022988506,0.4,0.6,301.0,602.0,26.5
2012-2013,2923010,OAK GROVE R-VI,OAK GROVE R-VI,MO,Jackson County,4.0,4.0,2035.0,,2035.0,,3.0,10.0,52.0,75.0,,140.0,140.0,24.0,1.0,5.0,,,4.0,6.0,4.0,,,,180.0,Urban_Institute_CCD_Historical_API,Regular Public District,Rural / Peripheral,True,False,False,True,True,Pre_MO_Reclassification,,,,1.0,,0.4914004914004914,,,2.457002457002457,,68.7960687960688,,0.7142857142857143,,,,,77.77777777777779,1.5,,339.1666666666667,,23.333333333333332
2012-2013,2923220,ORRICK R-XI,ORRICK R-XI,MO,Ray County,2.0,2.0,369.0,,369.0,,1.0,2.0,10.0,12.0,,25.0,25.0,8.0,0.0,0.0,,,0.0,2.0,0.0,1.0,3.0,7.0,46.0,Urban_Institute_CCD_Historical_API,Regular Public District,Rural / Peripheral,True,False,False,False,True,Pre_MO_Reclassification,3.0,1.0,3.0,0.0,8.130081300813009,0.0,2.710027100271003,8.130081300813009,0.0,,67.75067750677506,12.0,0.0,4.0,12.0,6.521739130434782,6.521739130434782,54.347826086956516,1.0,1.5,184.5,369.0,12.5
2012-2013,2923550,PARK HILL,PARK HILL,MO,Platte County,17.0,17.0,10579.0,,10579.0,,11.0,44.0,270.0,376.0,,702.0,702.0,137.0,3.0,24.0,,,16.0,34.0,0.0,12.0,98.0,322.0,1332.0,Urban_Institute_CCD_Historical_API,Regular Public District,Major Suburban Unified,True,False,False,False,True,Pre_MO_Reclassification,46.0,15.0,49.0,3.0,4.348237073447396,0.28358067870309106,1.417903393515455,4.631817752150487,2.2686454296247285,,66.3578788165233,6.552706552706552,0.4273504273504274,2.1367521367521367,6.98005698005698,3.453453453453453,3.6786786786786783,52.702702702702695,2.0,2.8823529411764706,311.1470588235294,881.5833333333334,20.647058823529413
2012-2013,2900587,PATHWAY ACADEMY,PATHWAY ACADEMY,MO,Jackson County,1.0,1.0,460.0,,460.0,,0.0,4.0,23.0,0.0,,28.0,28.0,3.0,0.0,1.0,,,0.0,1.0,0.0,0.0,3.0,2.0,38.0,Urban_Institute_CCD_Historical_API,Charter LEA,Charter LEA,False,False,False,False,True,Pre_MO_Reclassification,1.0,0.0,1.0,0.0,2.1739130434782608,0.0,0.0,2.1739130434782608,2.1739130434782608,,60.869565217391305,3.571428571428571,0.0,0.0,3.571428571428571,2.631578947368421,2.631578947368421,73.68421052631578,1.0,1.0,460.0,,28.0
2012-2013,2925230,PLATTE CO. R-III,PLATTE CO. R-III,MO,Platte County,8.0,8.0,3773.0,,3773.0,,5.0,16.0,120.0,118.0,,259.0,259.0,45.0,8.0,12.0,,,4.0,10.0,0.0,6.0,54.0,44.0,438.0,Urban_Institute_CCD_Historical_API,Regular Public District,Independent Town / Exurban,True,False,False,False,True,Pre_MO_Reclassification,16.0,14.0,24.0,8.0,4.240657301881791,2.1203286509408956,3.7105751391465676,6.360985952822688,3.180492976411344,,68.6456400742115,6.177606177606178,3.088803088803089,5.405405405405405,9.266409266409266,3.65296803652968,5.47945205479452,59.1324200913242,1.25,3.0,377.3,628.8333333333334,25.9
2012-2013,2925330,PLEASANT HILL R-III,PLEASANT HILL R-III,MO,Cass County,5.0,5.0,2112.0,,2112.0,,2.0,9.0,61.0,61.0,,135.0,135.0,27.0,2.0,5.0,,,4.0,6.0,1.0,4.0,17.0,24.0,221.0,Urban_Institute_CCD_Historical_API,Regular Public District,Independent Town / Exurban,True,False,False,False,True,Pre_MO_Reclassification,10.0,6.0,12.0,2.0,4.734848484848485,0.946969696969697,2.840909090909091,5.681818181818182,2.3674242424242427,,63.92045454545455,7.4074074074074066,1.4814814814814816,4.444444444444445,8.88888888888889,4.524886877828054,5.429864253393665,61.085972850678736,1.2,2.4,352.0,528.0,22.5
2012-2013,2923730,RAYMORE-PECULIAR R-II,RAYMORE-PECULIAR R-II,MO,Cass County,10.0,10.0,6112.0,,6112.0,,4.0,25.0,188.0,166.0,,384.0,384.0,78.0,9.0,15.0,,,10.0,17.0,7.0,11.0,53.0,155.0,729.0,Urban_Institute_CCD_Historical_API,Regular Public District,Major Suburban Unified,True,False,False,False,True,Pre_MO_Reclassification,28.0,20.0,37.0,9.0,4.5811518324607325,1.4725130890052356,3.2722513089005236,6.053664921465969,2.4541884816753927,,62.82722513089005,7.291666666666667,2.34375,5.208333333333334,9.635416666666668,3.840877914951989,5.075445816186557,52.674897119341566,1.7,3.7,359.52941176470586,555.6363636363636,22.58823529411765
2012-2013,2926070,RAYTOWN C-2,RAYTOWN C-2,MO,Jackson County,19.0,19.0,8735.0,,8735.0,,14.0,34.0,220.0,312.0,,580.0,580.0,189.0,25.0,25.0,,,11.0,35.0,12.0,15.0,86.0,467.0,1434.0,Urban_Institute_CCD_Historical_API,Regular Public District,Major Suburban Unified,True,False,False,False,True,Pre_MO_Reclassification,50.0,40.0,75.0,25.0,5.724098454493417,2.8620492272467084,4.579278763594734,8.586147681740126,2.8620492272467084,,66.39954207212365,8.620689655172415,4.310344827586207,6.896551724137931,12.931034482758621,3.486750348675035,5.230125523012552,40.4463040446304,1.8421052631578947,3.9473684210526314,249.57142857142858,582.3333333333334,16.571428571428573
2012-2013,2926480,RICHMOND R-XVI,RICHMOND R-XVI,MO,Ray County,4.0,4.0,1593.0,,1593.0,,2.0,6.0,46.0,52.0,,107.0,107.0,2.0,2.0,4.0,,,3.0,6.0,14.0,3.0,10.0,22.0,170.0,Urban_Institute_CCD_Historical_API,Regular Public District,Rural / Peripheral,True,False,False,False,True,Pre_MO_Reclassification,9.0,5.0,11.0,2.0,5.649717514124294,1.2554927809165097,3.138731952291274,6.905210295040804,2.5109855618330195,,67.16886377903326,8.411214953271028,1.8691588785046727,4.672897196261682,10.2803738317757,5.294117647058823,6.470588235294119,62.94117647058823,1.5,2.75,265.5,531.0,17.833333333333332
2012-2013,2900019,SCUOLA VITA NUOVA,SCUOLA VITA NUOVA,MO,Jackson County,1.0,1.0,172.0,,172.0,,0.0,1.0,15.0,0.0,,17.0,17.0,3.0,0.0,0.0,,,0.0,1.0,0.0,0.0,4.0,4.0,29.0,Urban_Institute_CCD_Historical_API,Charter LEA,Charter LEA,False,False,False,False,True,Pre_MO_Reclassification,1.0,0.0,1.0,0.0,5.813953488372093,0.0,0.0,5.813953488372093,0.0,,98.83720930232558,5.88235294117647,0.0,0.0,5.88235294117647,3.4482758620689653,3.4482758620689653,58.620689655172406,1.0,1.0,172.0,,17.0
2012-2013,2910320,SHERWOOD CASS R-VIII,SHERWOOD CASS R-VIII,MO,Cass County,3.0,3.0,888.0,,888.0,,2.0,0.0,27.0,34.0,,64.0,64.0,14.0,0.0,3.0,,,1.0,3.0,0.0,1.0,7.0,34.0,126.0,Urban_Institute_CCD_Historical_API,Regular Public District,Rural / Peripheral,True,False,False,False,True,Pre_MO_Reclassification,4.0,1.0,4.0,0.0,4.504504504504505,0.0,1.1261261261261262,4.504504504504505,3.3783783783783785,,72.07207207207207,6.25,0.0,1.5625,6.25,3.1746031746031744,3.1746031746031744,50.79365079365079,1.0,1.3333333333333333,296.0,888.0,21.333333333333332
2012-2013,2928410,SMITHVILLE R-II,SMITHVILLE R-II,MO,Clay County,4.0,4.0,2487.0,,2487.0,,4.0,10.0,54.0,84.0,,153.0,153.0,31.0,5.0,4.0,,,4.0,7.0,0.0,4.0,15.0,20.0,239.0,Urban_Institute_CCD_Historical_API,Regular Public District,Independent Town / Exurban,True,False,False,False,True,Pre_MO_Reclassification,11.0,9.0,16.0,5.0,4.4229995979091274,2.010454362685967,3.6188178528347406,6.433453960595094,1.6083634901487736,,61.519903498190594,7.18954248366013,3.2679738562091507,5.88235294117647,10.457516339869281,4.602510460251046,6.694560669456067,64.01673640167364,1.75,4.0,355.2857142857143,621.75,21.857142857142858
2012-2013,2929670,STRASBURG C-3,STRASBURG C-3,MO,Cass County,1.0,1.0,149.0,,149.0,,2.0,0.0,8.0,0.0,,11.0,11.0,0.0,0.0,0.0,,,0.0,0.0,0.0,0.0,3.0,4.0,18.0,Urban_Institute_CCD_Historical_API,Regular Public District,Rural / Peripheral,True,False,False,False,True,Pre_MO_Reclassification,0.0,0.0,0.0,0.0,0.0,0.0,0.0,0.0,0.0,,73.8255033557047,0.0,0.0,0.0,0.0,0.0,0.0,61.111111111111114,0.0,0.0,,,
2012-2013,2900027,UNIVERSITY ACADEMY,UNIVERSITY ACADEMY,MO,Jackson County,3.0,3.0,999.0,,999.0,,0.0,7.0,27.0,35.0,,71.0,71.0,0.0,0.0,3.0,,,2.0,3.0,0.0,3.0,17.0,22.0,119.0,Urban_Institute_CCD_Historical_API,Charter LEA,Charter LEA,False,False,False,False,True,Pre_MO_Reclassification,6.0,3.0,6.0,0.0,6.006006006006006,0.0,3.003003003003003,6.006006006006006,3.003003003003003,,71.07107107107106,8.450704225352112,0.0,4.225352112676056,8.450704225352112,5.042016806722689,5.042016806722689,59.66386554621849,1.0,2.0,333.0,333.0,23.666666666666668
2012-2013,2931110,WASHINGTON,WASHINGTON,MO,Unknown,12.0,12.0,4267.0,,4267.0,,14.0,16.0,140.0,145.0,,316.0,316.0,64.0,4.0,11.0,,,6.0,15.0,0.0,5.0,45.0,119.0,579.0,Urban_Institute_CCD_Historical_API,Regular Public District,Rural / Peripheral,False,False,False,False,True,Pre_MO_Reclassification,20.0,9.0,24.0,4.0,4.687133817670494,0.9374267635340989,2.1092102179517225,5.624560581204594,2.5779235997187717,,74.05671431919382,6.329113924050633,1.2658227848101267,2.848101265822785,7.59493670886076,3.454231433506045,4.145077720207254,54.57685664939551,1.25,2.0,284.46666666666664,853.4,21.066666666666666
2012-2013,2931710,WEST PLATTE CO. R-II,WEST PLATTE CO. R-II,MO,Platte County,2.0,2.0,626.0,,626.0,,1.0,4.0,22.0,27.0,,55.0,55.0,5.0,0.0,2.0,,,2.0,2.0,0.0,3.0,5.0,11.0,83.0,Urban_Institute_CCD_Historical_API,Regular Public District,Independent Town / Exurban,True,False,False,False,True,Pre_MO_Reclassification,5.0,3.0,5.0,0.0,7.987220447284344,0.0,4.792332268370607,7.987220447284344,3.1948881789137378,,87.8594249201278,9.090909090909092,0.0,5.454545454545454,9.090909090909092,6.024096385542169,6.024096385542169,66.26506024096386,1.0,2.5,313.0,208.66666666666666,27.5
2013-2014,2003780,BASEHOR-LINWOOD,BASEHOR-LINWOOD,KS,Leavenworth County,5.0,5.0,2345.0,,2345.0,,1.0,22.0,53.0,75.0,0.0,152.0,152.0,0.0,0.0,5.0,,,0.0,10.0,6.0,2.0,3.0,38.0,216.0,Urban_Institute_CCD_Historical_API,Regular Public District,Independent Town / Exurban,True,False,False,False,False,Pre_MO_Reclassification,12.0,2.0,12.0,0.0,5.11727078891258,0.0,0.8528784648187633,5.11727078891258,2.1321961620469083,,64.818763326226,7.894736842105263,0.0,1.3157894736842104,7.894736842105263,5.555555555555555,5.555555555555555,70.37037037037037,2.0,2.4,234.5,1172.5,15.2
2013-2014,2012000,BLUE VALLEY,BLUE VALLEY,KS,Johnson County,34.0,34.0,22400.0,,22400.0,,25.0,280.0,362.0,786.0,0.0,1455.0,1455.0,394.0,30.0,59.0,,,39.0,65.0,88.0,6.0,69.0,355.0,2521.0,Urban_Institute_CCD_Historical_API,Regular Public District,Major Suburban Unified,True,False,False,False,False,Pre_MO_Reclassification,71.0,36.0,101.0,30.0,3.1696428571428568,1.3392857142857142,1.6071428571428572,4.508928571428572,2.633928571428571,,64.95535714285715,4.879725085910653,2.0618556701030926,2.4742268041237114,6.941580756013746,2.816342721142404,4.006346687822293,57.71519238397461,1.911764705882353,2.9705882352941178,344.61538461538464,3733.3333333333335,22.384615384615383
2013-2014,2004050,BONNER SPRINGS,BONNER SPRINGS,KS,Wyandotte County,5.0,5.0,2565.0,,2565.0,,3.0,41.0,49.0,95.0,0.0,189.0,189.0,13.0,5.0,4.0,,,2.0,6.0,10.0,1.0,9.0,55.0,292.0,Urban_Institute_CCD_Historical_API,Regular Public District,Independent Town / Exurban,True,False,False,False,False,Pre_MO_Reclassification,7.0,6.0,12.0,5.0,2.7290448343079925,1.949317738791423,2.3391812865497075,4.678362573099415,1.5594541910331383,,73.68421052631578,3.7037037037037033,2.6455026455026456,3.1746031746031744,6.349206349206349,2.3972602739726026,4.10958904109589,64.72602739726028,1.2,2.4,427.5,2565.0,31.5
2013-2014,2005490,DE SOTO,DE SOTO,KS,Johnson County,12.0,12.0,7063.0,,7063.0,,5.0,91.0,140.0,256.0,2.0,495.0,495.0,79.0,10.0,15.0,,,10.0,25.0,21.0,1.0,10.0,103.0,759.0,Urban_Institute_CCD_Historical_API,Regular Public District,Independent Town / Exurban,True,False,False,False,False,Pre_MO_Reclassification,26.0,11.0,36.0,10.0,3.681155316437774,1.4158289678606826,1.5574118646467507,5.096984284298457,2.123743451791024,,70.08353390910378,5.252525252525253,2.0202020202020203,2.2222222222222223,7.2727272727272725,3.4255599472990776,4.743083003952568,65.21739130434783,2.0833333333333335,3.0,282.52,7063.0,19.8
2013-2014,2005640,EASTON,EASTON,KS,Leavenworth County,4.0,4.0,672.0,,672.0,,0.0,13.0,11.0,33.0,0.0,58.0,58.0,0.0,1.0,2.0,,,1.0,4.0,3.0,1.0,1.0,15.0,85.0,Urban_Institute_CCD_Historical_API,Regular Public District,Rural / Peripheral,True,False,False,False,False,Pre_MO_Reclassification,5.0,2.0,6.0,1.0,7.44047619047619,1.488095238095238,2.976190476190476,8.928571428571429,2.976190476190476,,86.30952380952381,8.620689655172415,1.7241379310344827,3.4482758620689653,10.344827586206897,5.88235294117647,7.0588235294117645,68.23529411764706,1.0,1.5,168.0,672.0,14.5
2013-2014,2006330,FT LEAVENWORTH,FT LEAVENWORTH,KS,Leavenworth County,4.0,4.0,1866.0,,1866.0,,2.0,40.0,63.0,28.0,0.0,134.0,134.0,21.0,7.0,4.0,,,4.0,5.0,5.0,2.0,6.0,39.0,223.0,Urban_Institute_CCD_Historical_API,Regular Public District,Independent Town / Exurban,True,False,False,False,False,Pre_MO_Reclassification,7.0,9.0,14.0,7.0,3.7513397642015005,3.7513397642015005,4.82315112540193,7.502679528403001,2.1436227224008575,,71.81136120042872,5.223880597014925,5.223880597014925,6.7164179104477615,10.44776119402985,3.1390134529147984,6.278026905829597,60.0896860986547,1.25,3.5,373.2,933.0,26.8
2013-2014,2006420,GARDNER EDGERTON,GARDNER EDGERTON,KS,Johnson County,10.0,10.0,5527.0,,5527.0,,9.0,70.0,87.0,183.0,0.0,350.0,350.0,89.0,2.0,9.0,,,10.0,18.0,17.0,3.0,10.0,82.0,580.0,Urban_Institute_CCD_Historical_API,Regular Public District,Independent Town / Exurban,True,False,False,False,False,Pre_MO_Reclassification,21.0,5.0,23.0,2.0,3.799529582051746,0.3618599601954044,0.9046499004885109,4.161389542247151,1.6283698208793198,,63.325493034195766,6.0,0.5714285714285714,1.4285714285714286,6.571428571428571,3.620689655172414,3.9655172413793105,60.3448275862069,1.8,2.3,307.05555555555554,1842.3333333333333,19.444444444444443
2013-2014,2007950,KANSAS CITY,KANSAS CITY,KS,Wyandotte County,43.0,43.0,21677.0,,21677.0,,53.0,238.0,430.0,651.0,166.0,1539.0,1539.0,286.0,84.0,34.0,,,23.0,87.0,84.0,4.0,43.0,730.0,2891.0,Urban_Institute_CCD_Historical_API,Regular Public District,Urban Core Unified,True,False,False,False,False,Pre_MO_Reclassification,91.0,88.0,175.0,84.0,4.197997877935139,3.87507496424782,4.059602343497716,8.07307284218296,1.568482723624118,,70.99690916639756,5.912930474333983,5.458089668615984,5.7179987004548405,11.371020142949966,3.14769975786925,6.053268765133172,53.23417502594258,2.0232558139534884,4.069767441860465,249.16091954022988,5419.25,17.689655172413794
2013-2014,2000025,KS. STATE PENITENTIARY,KS. STATE PENITENTIARY,KS,Leavenworth County,1.0,1.0,0.0,,0.0,,0.0,0.0,0.0,0.0,0.0,0.0,0.0,0.0,0.0,,,,0.0,0.0,0.0,0.0,0.0,0.0,,Urban_Institute_CCD_Historical_API,Specialized State Agency,Specialized State Agency,False,False,False,False,False,Pre_MO_Reclassification,0.0,0.0,0.0,0.0,,,,,,,,,,,,,,,0.0,0.0,,,
2013-2014,2008340,LANSING,LANSING,KS,Leavenworth County,3.0,3.0,2566.0,,2566.0,,2.0,28.0,42.0,98.0,1.0,172.0,172.0,6.0,0.0,4.0,,,3.0,8.0,4.0,3.0,4.0,13.0,214.0,Urban_Institute_CCD_Historical_API,Regular Public District,Independent Town / Exurban,True,False,False,False,False,Pre_MO_Reclassification,11.0,3.0,11.0,0.0,4.286827747466875,0.0,1.1691348402182387,4.286827747466875,1.558846453624318,,67.03039750584567,6.395348837209303,0.0,1.744186046511628,6.395348837209303,5.14018691588785,5.14018691588785,80.37383177570094,2.6666666666666665,3.6666666666666665,320.75,855.3333333333334,21.5
2013-2014,2008430,LEAVENWORTH,LEAVENWORTH,KS,Leavenworth County,8.0,8.0,3867.0,,3867.0,,10.0,74.0,84.0,143.0,7.0,320.0,320.0,282.0,1.0,6.0,,,5.0,21.0,7.0,5.0,12.0,121.0,775.0,Urban_Institute_CCD_Historical_API,Regular Public District,Independent Town / Exurban,True,False,False,False,False,Pre_MO_Reclassification,26.0,6.0,27.0,1.0,6.723558313938454,0.2585983966899405,1.5515903801396431,6.982156710628394,1.5515903801396431,,82.75148694078096,8.125,0.3125,1.875,8.4375,3.354838709677419,3.483870967741935,41.29032258064516,2.625,3.375,184.14285714285714,773.4,15.238095238095237
2013-2014,2008970,LOUISBURG,LOUISBURG,KS,Miami County,5.0,5.0,1824.0,,1824.0,,2.0,17.0,34.0,60.0,2.0,116.0,116.0,23.0,0.0,2.0,,,2.0,5.0,10.0,2.0,3.0,40.0,201.0,Urban_Institute_CCD_Historical_API,Regular Public District,Independent Town / Exurban,True,False,False,False,False,Pre_MO_Reclassification,7.0,2.0,7.0,0.0,3.837719298245614,0.0,1.0964912280701753,3.837719298245614,1.0964912280701753,,63.59649122807018,6.0344827586206895,0.0,1.7241379310344827,6.0344827586206895,3.482587064676617,3.482587064676617,57.711442786069654,1.0,1.4,364.8,912.0,23.2
2013-2014,2010140,OLATHE,OLATHE,KS,Johnson County,47.0,47.0,29080.0,,29080.0,,32.0,498.0,557.0,1011.0,1.0,2101.0,2101.0,661.0,44.0,66.0,,,43.0,88.0,81.0,7.0,33.0,477.0,3558.0,Urban_Institute_CCD_Historical_API,Regular Public District,Major Suburban Unified,True,False,False,False,False,Pre_MO_Reclassification,95.0,51.0,139.0,44.0,3.266850068775791,1.513067400275103,1.7537826685006876,4.779917469050894,2.269601100412655,,72.24896836313617,4.521656354117088,2.094240837696335,2.4274155164207523,6.6158971918134215,2.6700393479482853,3.9066891512085444,59.05002810567734,1.872340425531915,2.9574468085106385,330.45454545454544,4154.285714285715,23.875
2013-2014,2010260,OSAWATOMIE,OSAWATOMIE,KS,Miami County,4.0,4.0,1252.0,,1252.0,,5.0,11.0,22.0,46.0,2.0,86.0,86.0,5.0,4.0,2.0,,,2.0,6.0,6.0,1.0,3.0,42.0,155.0,Urban_Institute_CCD_Historical_API,Regular Public District,Independent Town / Exurban,True,False,False,False,False,Pre_MO_Reclassification,7.0,5.0,11.0,4.0,5.5910543130990416,3.1948881789137378,3.993610223642172,8.78594249201278,1.5974440894568689,,68.69009584664538,8.13953488372093,4.651162790697675,5.813953488372093,12.790697674418606,4.516129032258064,7.096774193548387,55.483870967741936,1.5,2.75,208.66666666666666,1252.0,14.333333333333334
2013-2014,2010500,PAOLA,PAOLA,KS,Miami County,4.0,4.0,1960.0,,1960.0,,1.0,35.0,43.0,88.0,0.0,168.0,168.0,255.0,0.0,2.0,,,2.0,8.0,11.0,4.0,7.0,39.0,494.0,Urban_Institute_CCD_Historical_API,Regular Public District,Independent Town / Exurban,True,False,False,False,False,Pre_MO_Reclassification,12.0,4.0,12.0,0.0,6.122448979591836,0.0,2.0408163265306123,6.122448979591836,1.0204081632653061,,85.71428571428571,7.142857142857142,0.0,2.380952380952381,7.142857142857142,2.42914979757085,2.42914979757085,34.0080971659919,2.0,3.0,245.0,490.0,21.0
2013-2014,2010680,PIPER-KANSAS CITY,PIPER-KANSAS CITY,KS,Wyandotte County,4.0,4.0,1933.0,,1933.0,,4.0,16.0,36.0,62.0,0.0,119.0,119.0,7.0,1.0,4.0,,,2.0,7.0,7.0,1.0,3.0,30.0,179.0,Urban_Institute_CCD_Historical_API,Regular Public District,Independent Town / Exurban,True,False,False,False,False,Pre_MO_Reclassification,8.0,2.0,9.0,1.0,4.138644593895499,0.5173305742369374,1.0346611484738748,4.655975168132437,2.0693222969477496,,61.56233833419555,6.722689075630252,0.8403361344537815,1.680672268907563,7.563025210084033,4.4692737430167595,5.027932960893855,66.4804469273743,1.75,2.25,276.14285714285717,1933.0,17.0
2013-2014,2008250,PRAIRIE VIEW,PRAIRIE VIEW,KS,Unknown,5.0,5.0,986.0,,986.0,,1.0,13.0,25.0,42.0,0.0,83.0,83.0,7.0,0.0,2.0,,,1.0,5.0,4.0,1.0,3.0,28.0,133.0,Urban_Institute_CCD_Historical_API,Regular Public District,Rural / Peripheral,False,False,False,False,False,Pre_MO_Reclassification,6.0,1.0,6.0,0.0,6.085192697768763,0.0,1.0141987829614605,6.085192697768763,2.028397565922921,,84.17849898580123,7.228915662650602,0.0,1.2048192771084338,7.228915662650602,4.511278195488721,4.511278195488721,62.40601503759399,1.0,1.2,197.2,986.0,16.6
2013-2014,2000018,SCHOOL FOR BLIND,SCHOOL FOR BLIND,KS,Wyandotte County,2.0,2.0,39.0,,39.0,,1.0,6.0,1.0,9.0,0.0,17.0,17.0,0.0,2.0,,,,0.0,0.0,0.0,0.0,0.0,0.0,19.0,Urban_Institute_CCD_Historical_API,Specialized State Agency,Specialized State Agency,False,False,False,False,False,Pre_MO_Reclassification,0.0,2.0,2.0,2.0,0.0,51.28205128205128,51.28205128205128,51.28205128205128,,,435.8974358974359,0.0,11.76470588235294,11.76470588235294,11.76470588235294,0.0,10.526315789473683,89.47368421052632,0.0,1.0,,,
2013-2014,2000019,SCHOOL FOR DEAF,SCHOOL FOR DEAF,KS,Johnson County,2.0,2.0,83.0,,83.0,,3.0,5.0,10.0,14.0,0.0,32.0,32.0,0.0,2.0,1.0,,,1.0,2.0,0.0,3.0,0.0,0.0,40.0,Urban_Institute_CCD_Historical_API,Specialized State Agency,Specialized State Agency,False,False,False,False,False,Pre_MO_Reclassification,5.0,5.0,7.0,2.0,60.24096385542169,24.096385542168676,60.24096385542169,84.33734939759036,12.048192771084338,,385.5421686746988,15.625,6.25,15.625,21.875,12.5,17.5,80.0,1.0,3.5,41.5,27.666666666666668,16.0
2013-2014,2011640,SHAWNEE MISSION PUB SCH,SHAWNEE MISSION PUB SCH,KS,Johnson County,43.0,43.0,27404.0,,27404.0,,20.0,452.0,572.0,697.0,3.0,1745.0,1745.0,456.0,24.0,32.0,,,10.0,66.0,70.0,7.0,67.0,445.0,2912.0,Urban_Institute_CCD_Historical_API,Regular Public District,Major Suburban Unified,True,False,False,False,False,Pre_MO_Reclassification,73.0,31.0,97.0,24.0,2.663844694205226,0.8757845569989783,1.1312217194570138,3.5396292512042034,1.1677127426653042,,63.676835498467376,4.183381088825215,1.3753581661891117,1.7765042979942696,5.558739255014326,2.506868131868132,3.331043956043956,59.92445054945055,1.5348837209302326,2.255813953488372,415.2121212121212,3914.8571428571427,26.439393939393938
2013-2014,2011850,SPRING HILL,SPRING HILL,KS,Johnson County,8.0,8.0,3093.0,,3093.0,,5.0,39.0,55.0,102.0,0.0,201.0,201.0,70.0,3.0,7.0,,,3.0,10.0,13.0,4.0,8.0,60.0,376.0,Urban_Institute_CCD_Historical_API,Regular Public District,Independent Town / Exurban,True,False,False,False,False,Pre_MO_Reclassification,14.0,7.0,17.0,3.0,4.526349822179115,0.9699321047526673,2.2631749110895574,5.496281926931782,2.2631749110895574,,64.98545101842872,6.965174129353234,1.4925373134328357,3.482587064676617,8.45771144278607,3.723404255319149,4.521276595744681,53.45744680851063,1.25,2.125,309.3,773.25,20.1
2013-2014,2012210,TONGANOXIE,TONGANOXIE,KS,Leavenworth County,3.0,3.0,1944.0,,1944.0,,1.0,27.0,46.0,84.0,5.0,165.0,165.0,9.0,0.0,4.0,,,2.0,6.0,8.0,2.0,3.0,45.0,242.0,Urban_Institute_CCD_Historical_API,Regular Public District,Independent Town / Exurban,True,False,False,False,False,Pre_MO_Reclassification,8.0,2.0,8.0,0.0,4.11522633744856,0.0,1.02880658436214,4.11522633744856,2.05761316872428,,84.87654320987654,4.848484848484849,0.0,1.2121212121212122,4.848484848484849,3.3057851239669422,3.3057851239669422,68.18181818181817,2.0,2.6666666666666665,324.0,972.0,27.5
2013-2014,2012360,TURNER-KANSAS CITY,TURNER-KANSAS CITY,KS,Wyandotte County,7.0,7.0,4191.0,,4191.0,,5.0,36.0,84.0,125.0,2.0,252.0,252.0,69.0,12.0,9.0,,,4.0,15.0,15.0,5.0,12.0,105.0,494.0,Urban_Institute_CCD_Historical_API,Regular Public District,Independent Town / Exurban,True,False,False,False,False,Pre_MO_Reclassification,20.0,17.0,32.0,12.0,4.772130756382725,2.863278453829635,4.056311142925317,7.63540921021236,2.1474588403722263,,60.12884753042233,7.936507936507936,4.761904761904762,6.746031746031746,12.698412698412698,4.048582995951417,6.477732793522267,51.012145748987855,2.142857142857143,4.571428571428571,279.4,838.2,16.8
2013-2014,2900017,ACADEMIE LAFAYETTE,ACADEMIE LAFAYETTE,MO,Jackson County,1.0,1.0,830.0,,830.0,,0.0,6.0,50.0,0.0,,57.0,57.0,1.0,1.0,0.0,,,2.0,2.0,0.0,1.0,11.0,2.0,75.0,Urban_Institute_CCD_Historical_API,Charter LEA,Charter LEA,False,False,False,False,True,Pre_MO_Reclassification,3.0,2.0,4.0,1.0,3.6144578313253013,1.2048192771084338,2.4096385542168677,4.819277108433735,0.0,,68.67469879518072,5.263157894736842,1.7543859649122806,3.508771929824561,7.017543859649122,4.0,5.333333333333334,76.0,2.0,4.0,415.0,830.0,28.5
2013-2014,2900604,ACADEMY FOR INTEGRATED ARTS,ACADEMY FOR INTEGRATED ARTS,MO,Jackson County,1.0,1.0,101.0,,101.0,,0.0,1.0,6.0,0.0,,7.0,7.0,3.0,1.0,0.0,,,0.0,1.0,0.0,0.0,1.0,1.0,14.0,Urban_Institute_CCD_Historical_API,Charter LEA,Charter LEA,False,False,False,False,True,Pre_MO_Reclassification,1.0,1.0,2.0,1.0,9.900990099009901,9.900990099009901,9.900990099009901,19.801980198019802,0.0,,69.30693069306932,14.285714285714285,14.285714285714285,14.285714285714285,28.57142857142857,7.142857142857142,14.285714285714285,50.0,1.0,2.0,101.0,,7.0
2013-2014,2900025,ALLEN VILLAGE,ALLEN VILLAGE,MO,Jackson County,2.0,2.0,603.0,,603.0,,0.0,2.0,26.0,6.0,,34.0,34.0,7.0,0.0,2.0,,,0.0,1.0,0.0,1.0,7.0,5.0,57.0,Urban_Institute_CCD_Historical_API,Charter LEA,Charter LEA,False,False,False,False,True,Pre_MO_Reclassification,2.0,1.0,2.0,0.0,3.316749585406302,0.0,1.658374792703151,3.316749585406302,3.316749585406302,,56.38474295190713,5.88235294117647,0.0,2.941176470588235,5.88235294117647,3.508771929824561,3.508771929824561,59.64912280701754,0.5,1.0,603.0,603.0,34.0
2013-2014,2900029,ALTA VISTA CHARTER SCH.,ALTA VISTA CHARTER SCH.,MO,Jackson County,3.0,3.0,586.0,,586.0,,0.0,4.0,7.0,44.0,,56.0,56.0,2.0,0.0,3.0,,,0.0,3.0,0.0,2.0,4.0,0.0,70.0,Urban_Institute_CCD_Historical_API,Charter LEA,Charter LEA,False,False,False,False,True,Pre_MO_Reclassification,5.0,2.0,5.0,0.0,8.532423208191126,0.0,3.4129692832764507,8.532423208191126,5.1194539249146755,,95.56313993174062,8.928571428571429,0.0,3.571428571428571,8.928571428571429,7.142857142857142,7.142857142857142,80.0,1.0,1.6666666666666667,195.33333333333334,293.0,18.666666666666668
2013-2014,2903200,ARCHIE R-V,ARCHIE R-V,MO,Cass County,2.0,2.0,567.0,,567.0,,2.0,2.0,17.0,23.0,,45.0,45.0,7.0,0.0,0.0,,,0.0,2.0,0.0,2.0,10.0,6.0,72.0,Urban_Institute_CCD_Historical_API,Regular Public District,Rural / Peripheral,True,False,False,False,True,Pre_MO_Reclassification,4.0,2.0,4.0,0.0,7.054673721340388,0.0,3.527336860670194,7.054673721340388,0.0,,79.36507936507937,8.88888888888889,0.0,4.444444444444445,8.88888888888889,5.555555555555555,5.555555555555555,62.5,1.0,2.0,283.5,283.5,22.5
2013-2014,2900011,B. BANNEKER ACADEMY,B. BANNEKER ACADEMY,MO,Jackson County,1.0,1.0,398.0,,398.0,,2.0,3.0,28.0,0.0,,33.0,33.0,12.0,0.0,0.0,,,0.0,2.0,0.0,0.0,5.0,4.0,56.0,Urban_Institute_CCD_Historical_API,Charter LEA,Charter LEA,False,False,False,False,True,Pre_MO_Reclassification,2.0,0.0,2.0,0.0,5.025125628140704,0.0,0.0,5.025125628140704,0.0,,82.91457286432161,6.0606060606060606,0.0,0.0,6.0606060606060606,3.571428571428571,3.571428571428571,58.92857142857143,2.0,2.0,199.0,,16.5
2013-2014,2904620,BELTON 124,BELTON 124,MO,Cass County,11.0,11.0,5022.0,,5022.0,,13.0,22.0,149.0,121.0,,305.0,305.0,84.0,11.0,13.0,,,7.0,16.0,0.0,6.0,41.0,59.0,535.0,Urban_Institute_CCD_Historical_API,Regular Public District,Independent Town / Exurban,True,False,False,False,True,Pre_MO_Reclassification,22.0,17.0,33.0,11.0,4.380724810832338,2.190362405416169,3.38510553564317,6.571087216248507,2.588610115491836,,60.73277578653923,7.213114754098362,3.606557377049181,5.573770491803279,10.819672131147541,4.112149532710281,6.16822429906542,57.009345794392516,1.4545454545454546,3.0,313.875,837.0,19.0625
2013-2014,2905310,BLUE SPRINGS R-IV,BLUE SPRINGS R-IV,MO,Jackson County,22.0,22.0,14382.0,,14382.0,,23.0,60.0,353.0,461.0,,898.0,898.0,266.0,14.0,37.0,,,13.0,42.0,8.0,17.0,0.0,0.0,1282.0,Urban_Institute_CCD_Historical_API,Regular Public District,Major Suburban Unified,True,False,False,False,True,Pre_MO_Reclassification,59.0,31.0,73.0,14.0,4.102350159922126,0.9734390209984704,2.1554721179251843,5.075789180920595,2.5726602697816716,,62.4391600611876,6.570155902004454,1.55902004454343,3.4521158129175946,8.129175946547884,4.6021840873634945,5.694227769110764,70.04680187207488,1.9090909090909092,3.3181818181818183,342.42857142857144,846.0,21.38095238095238
2013-2014,2900024,BROOKSIDE CHARTER SCH.,BROOKSIDE CHARTER SCH.,MO,Jackson County,2.0,2.0,561.0,,561.0,,0.0,4.0,23.0,13.0,,40.0,40.0,3.0,0.0,0.0,,,1.0,2.0,0.0,1.0,5.0,5.0,56.0,Urban_Institute_CCD_Historical_API,Charter LEA,Charter LEA,False,False,False,False,True,Pre_MO_Reclassification,3.0,1.0,3.0,0.0,5.347593582887701,0.0,1.7825311942959001,5.347593582887701,0.0,,71.301247771836,7.5,0.0,2.5,7.5,5.357142857142857,5.357142857142857,71.42857142857143,1.0,1.5,280.5,561.0,20.0
2013-2014,2908250,CENTER 58,CENTER 58,MO,Jackson County,8.0,8.0,2565.0,,2565.0,,9.0,11.0,87.0,111.0,,218.0,218.0,50.0,6.0,6.0,,,4.0,10.0,0.0,4.0,49.0,51.0,394.0,Urban_Institute_CCD_Historical_API,Regular Public District,Urban Core Unified,True,False,False,False,True,Pre_MO_Reclassification,14.0,10.0,20.0,6.0,5.458089668615985,2.3391812865497075,3.898635477582846,7.797270955165692,2.3391812865497075,,84.99025341130604,6.422018348623854,2.7522935779816518,4.587155963302752,9.174311926605505,3.5532994923857872,5.0761421319796955,55.32994923857868,1.25,2.5,256.5,641.25,21.8
2013-2014,2900603,CROSSROADS ACAD OF KANSAS CITY,CROSSROADS ACAD OF KANSAS CITY,MO,Jackson County,1.0,1.0,231.0,,231.0,,0.0,4.0,17.0,0.0,,21.0,21.0,4.0,0.0,0.0,,,0.0,0.0,0.0,0.0,1.0,4.0,30.0,Urban_Institute_CCD_Historical_API,Charter LEA,Charter LEA,False,False,False,False,True,Pre_MO_Reclassification,0.0,0.0,0.0,0.0,0.0,0.0,0.0,0.0,0.0,,90.9090909090909,0.0,0.0,0.0,0.0,0.0,0.0,70.0,0.0,0.0,,,
2013-2014,2900593,DELASALLE CHARTER SCHOOL,DELASALLE CHARTER SCHOOL,MO,Jackson County,1.0,1.0,255.0,,255.0,,0.0,0.0,0.0,22.0,,22.0,22.0,1.0,2.0,4.0,,,0.0,0.0,0.0,1.0,3.0,2.0,35.0,Urban_Institute_CCD_Historical_API,Charter LEA,Charter LEA,False,False,False,False,True,Pre_MO_Reclassification,1.0,3.0,3.0,2.0,3.9215686274509802,7.8431372549019605,11.76470588235294,11.76470588235294,15.686274509803921,,86.27450980392156,4.545454545454546,9.090909090909092,13.636363636363635,13.636363636363635,2.857142857142857,8.571428571428571,62.857142857142854,0.0,3.0,,255.0,
2013-2014,2900013,DELLA LAMB ELEM.,DELLA LAMB ELEM.,MO,Jackson County,1.0,1.0,589.0,,589.0,,0.0,10.0,43.0,0.0,,54.0,54.0,6.0,1.0,0.0,,,0.0,1.0,0.0,1.0,3.0,9.0,75.0,Urban_Institute_CCD_Historical_API,Charter LEA,Charter LEA,False,False,False,False,True,Pre_MO_Reclassification,2.0,2.0,3.0,1.0,3.395585738539898,1.697792869269949,3.395585738539898,5.093378607809847,0.0,,91.68081494057725,3.7037037037037033,1.8518518518518516,3.7037037037037033,5.555555555555555,2.666666666666667,4.0,72.0,1.0,3.0,589.0,589.0,54.0
2013-2014,2900009,DIVISION OF YOUTH SERVICE,DIVISION OF YOUTH SERVICE,MO,Unknown,42.0,42.0,875.0,,875.0,,0.0,0.0,0.0,121.0,,121.0,121.0,0.0,7.0,2.0,,,0.0,0.0,0.0,1.0,0.0,0.0,131.0,Urban_Institute_CCD_Historical_API,Specialized State Agency,Specialized State Agency,False,False,False,False,True,Pre_MO_Reclassification,1.0,8.0,8.0,7.0,1.142857142857143,8.0,9.142857142857144,9.142857142857144,2.285714285714286,,138.28571428571428,0.8264462809917356,5.785123966942149,6.6115702479338845,6.6115702479338845,0.7633587786259541,6.106870229007633,92.36641221374046,0.0,0.19047619047619047,,875.0,
2013-2014,2911070,DREXEL R-IV,DREXEL R-IV,MO,Cass County,2.0,2.0,322.0,,322.0,,1.0,1.0,9.0,16.0,,28.0,28.0,4.0,0.0,0.0,,,1.0,2.0,0.0,1.0,0.0,0.0,35.0,Urban_Institute_CCD_Historical_API,Regular Public District,Rural / Peripheral,True,False,False,False,True,Pre_MO_Reclassification,3.0,1.0,3.0,0.0,9.316770186335404,0.0,3.105590062111801,9.316770186335404,0.0,,86.95652173913044,10.714285714285714,0.0,3.571428571428571,10.714285714285714,8.571428571428571,8.571428571428571,80.0,1.0,1.5,161.0,322.0,14.0
2013-2014,2911160,EAST LYNNE 40,EAST LYNNE 40,MO,Cass County,1.0,1.0,140.0,,140.0,,1.0,1.0,14.0,0.0,,16.0,16.0,4.0,0.0,0.0,,,0.0,0.0,0.0,1.0,2.0,3.0,26.0,Urban_Institute_CCD_Historical_API,Regular Public District,Rural / Peripheral,True,False,False,False,True,Pre_MO_Reclassification,1.0,1.0,1.0,0.0,7.142857142857142,0.0,7.142857142857142,7.142857142857142,0.0,,114.28571428571428,6.25,0.0,6.25,6.25,3.8461538461538463,3.8461538461538463,61.53846153846154,0.0,1.0,,140.0,
2013-2014,2900597,EWING MARION KAUFFMAN SCHOOL,EWING MARION KAUFFMAN SCHOOL,MO,Jackson County,1.0,1.0,369.0,,369.0,,0.0,0.0,0.0,32.0,,32.0,32.0,1.0,4.0,0.0,,,0.0,1.0,0.0,0.0,5.0,0.0,43.0,Urban_Institute_CCD_Historical_API,Charter LEA,Charter LEA,False,False,False,False,True,Pre_MO_Reclassification,1.0,4.0,5.0,4.0,2.710027100271003,10.840108401084011,10.840108401084011,13.550135501355014,0.0,,86.72086720867209,3.125,12.5,12.5,15.625,2.3255813953488373,11.627906976744185,74.4186046511628,1.0,5.0,369.0,,32.0
2013-2014,2911650,EXCELSIOR SPRINGS 40,EXCELSIOR SPRINGS 40,MO,Clay County,7.0,7.0,2904.0,,2904.0,,6.0,11.0,76.0,126.0,,219.0,219.0,43.0,3.0,7.0,,,3.0,10.0,0.0,5.0,23.0,46.0,356.0,Urban_Institute_CCD_Historical_API,Regular Public District,Independent Town / Exurban,True,False,False,False,True,Pre_MO_Reclassification,15.0,8.0,18.0,3.0,5.1652892561983474,1.0330578512396695,2.7548209366391188,6.198347107438017,2.4104683195592287,,75.41322314049587,6.8493150684931505,1.36986301369863,3.65296803652968,8.21917808219178,4.213483146067416,5.056179775280898,61.51685393258427,1.4285714285714286,2.5714285714285716,290.4,580.8,21.9
2013-2014,2912290,FORT OSAGE R-I,FORT OSAGE R-I,MO,Jackson County,12.0,12.0,4906.0,,4906.0,,8.0,23.0,153.0,152.0,,337.0,337.0,96.0,8.0,14.0,,,12.0,12.0,0.0,8.0,41.0,178.0,694.0,Urban_Institute_CCD_Historical_API,Regular Public District,Independent Town / Exurban,True,False,False,False,True,Pre_MO_Reclassification,20.0,16.0,28.0,8.0,4.076640847941296,1.6306563391765185,3.261312678353037,5.707297187117815,2.8536485935589075,,68.69139828781084,5.934718100890208,2.3738872403560833,4.747774480712167,8.30860534124629,2.881844380403458,4.034582132564841,48.559077809798275,1.0,2.3333333333333335,408.8333333333333,613.25,28.083333333333332
2013-2014,2900590,FRONTIER SCHOOL OF INNOVATION,FRONTIER SCHOOL OF INNOVATION,MO,Jackson County,5.0,5.0,1059.0,,1059.0,,0.0,6.0,32.0,37.0,,76.0,76.0,0.0,1.0,0.0,,,0.0,11.0,0.0,1.0,5.0,1.0,95.0,Urban_Institute_CCD_Historical_API,Charter LEA,Charter LEA,False,False,False,False,True,Pre_MO_Reclassification,12.0,2.0,13.0,1.0,11.3314447592068,0.9442870632672333,1.8885741265344667,12.27573182247403,0.0,,71.76581680830972,15.789473684210526,1.3157894736842104,2.631578947368421,17.105263157894736,12.631578947368421,13.684210526315791,80.0,2.2,2.6,96.27272727272727,1059.0,6.909090909090909
2013-2014,2900016,GENESIS SCHOOL INC.,GENESIS SCHOOL INC.,MO,Jackson County,1.0,1.0,252.0,,252.0,,0.0,1.0,0.0,13.0,,14.0,14.0,7.0,3.0,0.0,,,0.0,1.0,0.0,0.0,6.0,2.0,33.0,Urban_Institute_CCD_Historical_API,Charter LEA,Charter LEA,False,False,False,False,True,Pre_MO_Reclassification,1.0,3.0,4.0,3.0,3.968253968253968,11.904761904761903,11.904761904761903,15.873015873015872,0.0,,55.55555555555555,7.142857142857142,21.428571428571427,21.428571428571427,28.57142857142857,3.0303030303030303,12.121212121212121,42.42424242424242,1.0,4.0,252.0,,14.0
2013-2014,2900015,GORDON PARKS ELEM.,GORDON PARKS ELEM.,MO,Jackson County,1.0,1.0,80.0,,80.0,,0.0,3.0,5.0,0.0,,8.0,8.0,3.0,0.0,0.0,,,0.0,1.0,0.0,0.0,4.0,2.0,18.0,Urban_Institute_CCD_Historical_API,Charter LEA,Charter LEA,False,False,False,False,True,Pre_MO_Reclassification,1.0,0.0,1.0,0.0,12.5,0.0,0.0,12.5,0.0,,100.0,12.5,0.0,0.0,12.5,5.555555555555555,5.555555555555555,44.44444444444444,1.0,1.0,80.0,,8.0
2013-2014,2913080,GRAIN VALLEY R-V,GRAIN VALLEY R-V,MO,Jackson County,8.0,8.0,3952.0,,3952.0,,7.0,18.0,108.0,132.0,,267.0,267.0,58.0,4.0,10.0,,,7.0,14.0,0.0,5.0,36.0,123.0,517.0,Urban_Institute_CCD_Historical_API,Regular Public District,Independent Town / Exurban,True,False,False,False,True,Pre_MO_Reclassification,19.0,9.0,23.0,4.0,4.807692307692308,1.0121457489878543,2.277327935222672,5.819838056680163,2.5303643724696356,,67.56072874493928,7.116104868913857,1.4981273408239701,3.3707865168539324,8.614232209737828,3.67504835589942,4.448742746615087,51.64410058027079,1.75,2.875,282.2857142857143,790.4,19.071428571428573
2013-2014,2913140,GRANDVIEW C-4,GRANDVIEW C-4,MO,Jackson County,9.0,9.0,4108.0,,4108.0,,4.0,21.0,142.0,114.0,,284.0,284.0,37.0,7.0,13.0,,,6.0,16.0,0.0,7.0,49.0,129.0,542.0,Urban_Institute_CCD_Historical_API,Regular Public District,Independent Town / Exurban,True,False,False,False,True,Pre_MO_Reclassification,23.0,14.0,30.0,7.0,5.598831548198637,1.7039922103213243,3.4079844206426486,7.302823758519962,3.1645569620253164,,69.1333982473223,8.098591549295776,2.464788732394366,4.929577464788732,10.56338028169014,4.243542435424354,5.535055350553505,52.398523985239855,1.7777777777777777,3.3333333333333335,256.75,586.8571428571429,17.75
2013-2014,2913680,HARDIN-CENTRAL C-2,HARDIN-CENTRAL C-2,MO,Ray County,2.0,2.0,251.0,,251.0,,0.0,1.0,10.0,11.0,,23.0,23.0,5.0,0.0,0.0,,,0.0,1.0,0.0,0.0,2.0,4.0,35.0,Urban_Institute_CCD_Historical_API,Regular Public District,Rural / Peripheral,True,False,False,False,True,Pre_MO_Reclassification,1.0,0.0,1.0,0.0,3.9840637450199203,0.0,0.0,3.9840637450199203,0.0,,91.63346613545816,4.3478260869565215,0.0,0.0,4.3478260869565215,2.857142857142857,2.857142857142857,65.71428571428571,0.5,0.5,251.0,,23.0
2013-2014,2913760,HARRISONVILLE R-IX,HARRISONVILLE R-IX,MO,Cass County,7.0,7.0,2713.0,,2713.0,,3.0,9.0,64.0,112.0,,189.0,189.0,32.0,4.0,8.0,,,3.0,8.0,0.0,6.0,27.0,102.0,376.0,Urban_Institute_CCD_Historical_API,Regular Public District,Independent Town / Exurban,True,False,False,False,True,Pre_MO_Reclassification,14.0,10.0,18.0,4.0,5.160339107998526,1.474382602285293,3.6859565057132326,6.634721710283818,2.948765204570586,,69.66457795798009,7.4074074074074066,2.1164021164021163,5.291005291005291,9.523809523809524,3.723404255319149,4.787234042553192,50.26595744680851,1.1428571428571428,2.5714285714285716,339.125,452.1666666666667,23.625
2013-2014,2914340,HICKMAN MILLS C-1,HICKMAN MILLS C-1,MO,Jackson County,14.0,14.0,6491.0,,6491.0,,17.0,46.0,199.0,223.0,,487.0,487.0,65.0,12.0,15.0,,,13.0,22.0,0.0,6.0,0.0,0.0,607.0,Urban_Institute_CCD_Historical_API,Regular Public District,Rural / Peripheral,True,False,False,False,True,Pre_MO_Reclassification,28.0,18.0,40.0,12.0,4.313665074718842,1.8487136034509322,2.773070405176398,6.162378678169773,2.310892004313665,,75.026960406717,5.749486652977413,2.4640657084188913,3.696098562628337,8.213552361396303,4.612850082372323,6.589785831960461,80.23064250411862,1.5714285714285714,2.857142857142857,295.04545454545456,1081.8333333333333,22.136363636363637
2013-2014,2900014,HOGAN PREPARATORY ACADEMY,HOGAN PREPARATORY ACADEMY,MO,Jackson County,3.0,3.0,1079.0,,1079.0,,0.0,2.0,19.0,54.0,,77.0,77.0,12.0,1.0,1.0,,,2.0,5.0,0.0,2.0,13.0,5.0,116.0,Urban_Institute_CCD_Historical_API,Charter LEA,Charter LEA,False,False,False,False,True,Pre_MO_Reclassification,7.0,3.0,8.0,1.0,6.487488415199258,0.9267840593141798,2.7803521779425395,7.414272474513439,0.9267840593141798,,71.36237256719184,9.090909090909092,1.2987012987012987,3.896103896103896,10.38961038961039,6.0344827586206895,6.896551724137931,66.37931034482759,1.6666666666666667,2.6666666666666665,215.8,539.5,15.4
2013-2014,2900601,HOPE LEADERSHIP ACADEMY,HOPE LEADERSHIP ACADEMY,MO,Jackson County,1.0,1.0,105.0,,105.0,,0.0,1.0,9.0,0.0,,10.0,10.0,1.0,0.0,0.0,,,0.0,2.0,0.0,0.0,4.0,1.0,18.0,Urban_Institute_CCD_Historical_API,Charter LEA,Charter LEA,False,False,False,False,True,Pre_MO_Reclassification,2.0,0.0,2.0,0.0,19.04761904761905,0.0,0.0,19.04761904761905,0.0,,95.23809523809523,20.0,0.0,0.0,20.0,11.11111111111111,11.11111111111111,55.55555555555556,2.0,2.0,52.5,,5.0
2013-2014,2915480,INDEPENDENCE 30,INDEPENDENCE 30,MO,Jackson County,30.0,30.0,14856.0,,14856.0,,16.0,63.0,368.0,425.0,,873.0,873.0,145.0,19.0,31.0,,,23.0,50.0,0.0,9.0,144.0,,1271.0,Urban_Institute_CCD_Historical_API,Regular Public District,Major Suburban Unified,True,False,False,False,True,Pre_MO_Reclassification,59.0,28.0,78.0,19.0,3.9714593430263867,1.278944534194938,1.884760366182014,5.250403877221325,2.086698976844372,,58.764135702746366,6.758304696449026,2.176403207331042,3.2073310423825885,8.934707903780069,4.642014162077104,6.136900078678206,68.68607395751377,1.6666666666666667,2.6,297.12,1650.6666666666667,17.46
2013-2014,2916400,KANSAS CITY 33,KANSAS CITY 33,MO,Jackson County,34.0,34.0,15230.0,,15230.0,,63.0,93.0,546.0,434.0,,1136.0,1136.0,248.0,20.0,51.0,,,28.0,67.0,0.0,18.0,49.0,646.0,2235.0,Urban_Institute_CCD_Historical_API,Regular Public District,Urban Core Unified,True,False,False,False,True,Pre_MO_Reclassification,85.0,38.0,105.0,20.0,5.581089954038083,1.3131976362442546,2.495075508864084,6.894287590282338,3.34865397242285,,74.58962573867367,7.482394366197183,1.7605633802816902,3.345070422535211,9.242957746478874,3.803131991051454,4.697986577181208,50.82774049217002,1.9705882352941178,3.088235294117647,227.3134328358209,846.1111111111111,16.955223880597014
2013-2014,2916450,KEARNEY R-I,KEARNEY R-I,MO,Clay County,7.0,7.0,3558.0,,3558.0,,3.0,13.0,92.0,123.0,,231.0,231.0,62.0,2.0,8.0,,,7.0,11.0,0.0,4.0,22.0,119.0,459.0,Urban_Institute_CCD_Historical_API,Regular Public District,Independent Town / Exurban,True,False,False,False,True,Pre_MO_Reclassification,15.0,6.0,17.0,2.0,4.2158516020236085,0.5621135469364812,1.6863406408094435,4.7779651489600905,2.2484541877459248,,64.92411467116358,6.493506493506493,0.8658008658008658,2.5974025974025974,7.35930735930736,3.2679738562091507,3.7037037037037033,50.326797385620914,1.5714285714285714,2.4285714285714284,323.45454545454544,889.5,21.0
2013-2014,2900031,KIPP: ENDEAVOR ACADEMY,KIPP: ENDEAVOR ACADEMY,MO,Jackson County,1.0,1.0,261.0,,261.0,,0.0,0.0,0.0,25.0,,25.0,25.0,1.0,0.0,0.0,,,0.0,1.0,0.0,0.0,6.0,0.0,33.0,Urban_Institute_CCD_Historical_API,Charter LEA,Charter LEA,False,False,False,False,True,Pre_MO_Reclassification,1.0,0.0,1.0,0.0,3.8314176245210727,0.0,0.0,3.8314176245210727,0.0,,95.78544061302682,4.0,0.0,0.0,4.0,3.0303030303030303,3.0303030303030303,75.75757575757575,1.0,1.0,261.0,,25.0
2013-2014,2918220,LAWSON R-XIV,LAWSON R-XIV,MO,Ray County,3.0,3.0,1172.0,,1172.0,,0.0,6.0,25.0,51.0,,83.0,83.0,7.0,0.0,3.0,,,3.0,5.0,0.0,2.0,7.0,13.0,120.0,Urban_Institute_CCD_Historical_API,Regular Public District,Rural / Peripheral,True,False,False,False,True,Pre_MO_Reclassification,7.0,2.0,7.0,0.0,5.972696245733789,0.0,1.7064846416382253,5.972696245733789,2.5597269624573378,,70.81911262798634,8.433734939759036,0.0,2.4096385542168677,8.433734939759036,5.833333333333333,5.833333333333333,69.16666666666667,1.6666666666666667,2.3333333333333335,234.4,586.0,16.6
2013-2014,2900028,LEE A. TOLBERT COM. ACADEMY,LEE A. TOLBERT COM. ACADEMY,MO,Jackson County,1.0,1.0,536.0,,536.0,,0.0,5.0,31.0,0.0,,37.0,37.0,10.0,1.0,0.0,,,0.0,1.0,0.0,1.0,8.0,6.0,64.0,Urban_Institute_CCD_Historical_API,Charter LEA,Charter LEA,False,False,False,False,True,Pre_MO_Reclassification,2.0,2.0,3.0,1.0,3.7313432835820897,1.8656716417910448,3.7313432835820897,5.597014925373134,0.0,,69.02985074626866,5.405405405405405,2.7027027027027026,5.405405405405405,8.108108108108109,3.125,4.6875,57.8125,1.0,3.0,536.0,536.0,37.0
2013-2014,2918300,LEE'S SUMMIT R-VII,LEE'S SUMMIT R-VII,MO,Jackson County,27.0,27.0,17844.0,,17844.0,,24.0,62.0,485.0,574.0,,1146.0,1146.0,295.0,20.0,40.0,,,18.0,52.0,0.0,16.0,126.0,611.0,2306.0,Urban_Institute_CCD_Historical_API,Regular Public District,Major Suburban Unified,True,False,False,False,True,Pre_MO_Reclassification,68.0,36.0,88.0,20.0,3.8108047522976913,1.1208249271463797,2.017484868863484,4.931629679444071,2.2416498542927594,,64.22326832548755,5.93368237347295,1.7452006980802792,3.1413612565445024,7.678883071553229,2.9488291413703385,3.8161318300086733,49.69644405897659,1.9259259259259258,3.259259259259259,343.15384615384613,1115.25,22.03846153846154
2013-2014,2918540,LIBERTY 53,LIBERTY 53,MO,Clay County,21.0,21.0,11821.0,,11821.0,,21.0,49.0,305.0,379.0,,756.0,756.0,177.0,10.0,29.0,,,13.0,35.0,0.0,10.0,78.0,571.0,1666.0,Urban_Institute_CCD_Historical_API,Regular Public District,Major Suburban Unified,True,False,False,False,True,Pre_MO_Reclassification,45.0,20.0,55.0,10.0,3.806784535995263,0.8459521191100584,1.6919042382201168,4.652736655105321,2.4532611454191695,,63.953980204720416,5.952380952380952,1.3227513227513228,2.6455026455026456,7.2751322751322745,2.701080432172869,3.3013205282112845,45.378151260504204,1.6666666666666667,2.619047619047619,337.74285714285713,1182.1,21.6
2013-2014,2919230,LONE JACK C-6,LONE JACK C-6,MO,Jackson County,3.0,3.0,604.0,,604.0,,1.0,2.0,18.0,22.0,,44.0,44.0,11.0,1.0,2.0,,,0.0,2.0,0.0,1.0,7.0,10.0,78.0,Urban_Institute_CCD_Historical_API,Regular Public District,Rural / Peripheral,True,False,False,False,True,Pre_MO_Reclassification,3.0,2.0,4.0,1.0,4.966887417218543,1.6556291390728477,3.3112582781456954,6.622516556291391,3.3112582781456954,,72.8476821192053,6.8181818181818175,2.272727272727273,4.545454545454546,9.090909090909092,3.8461538461538463,5.128205128205128,56.41025641025641,0.6666666666666666,1.3333333333333333,302.0,604.0,22.0
2013-2014,2931800,MIDWAY R-I,MIDWAY R-I,MO,Cass County,2.0,2.0,449.0,,449.0,,0.0,2.0,17.0,19.0,,39.0,39.0,7.0,0.0,2.0,,,2.0,2.0,0.0,2.0,4.0,9.0,65.0,Urban_Institute_CCD_Historical_API,Regular Public District,Rural / Peripheral,True,False,False,False,True,Pre_MO_Reclassification,4.0,2.0,4.0,0.0,8.908685968819599,0.0,4.4543429844097995,8.908685968819599,4.4543429844097995,,86.85968819599108,10.256410256410255,0.0,5.128205128205128,10.256410256410255,6.153846153846154,6.153846153846154,60.0,1.0,2.0,224.5,224.5,19.5
2013-2014,2921060,MISSOURI CITY 56,MISSOURI CITY 56,MO,Clay County,1.0,1.0,21.0,,21.0,,0.0,0.0,3.0,0.0,,4.0,4.0,0.0,0.0,0.0,,,0.0,0.0,0.0,0.0,1.0,1.0,6.0,Urban_Institute_CCD_Historical_API,Regular Public District,Rural / Peripheral,True,False,False,False,True,Pre_MO_Reclassification,0.0,0.0,0.0,0.0,0.0,0.0,0.0,0.0,0.0,,190.47619047619045,0.0,0.0,0.0,0.0,0.0,0.0,66.66666666666666,0.0,0.0,,,
2013-2014,2900022,MO SCHLS FOR THE SEV DISABLED,MO SCHLS FOR THE SEV DISABLED,MO,Unknown,35.0,35.0,892.0,,892.0,,0.0,2.0,161.0,0.0,,163.0,163.0,286.0,0.0,0.0,,,0.0,23.0,0.0,2.0,0.0,0.0,474.0,Urban_Institute_CCD_Historical_API,Specialized State Agency,Specialized State Agency,False,False,False,False,True,Pre_MO_Reclassification,25.0,2.0,25.0,0.0,28.026905829596412,0.0,2.242152466367713,28.026905829596412,0.0,,182.7354260089686,15.337423312883436,0.0,1.2269938650306749,15.337423312883436,5.274261603375527,5.274261603375527,34.38818565400844,0.6571428571428571,0.7142857142857143,38.78260869565217,446.0,7.086956521739131
2013-2014,2922800,NORTH KANSAS CITY 74,NORTH KANSAS CITY 74,MO,Clay County,32.0,32.0,19726.0,,19726.0,,24.0,89.0,442.0,664.0,,1221.0,1221.0,169.0,8.0,46.0,,,26.0,63.0,0.0,18.0,216.0,861.0,2602.0,Urban_Institute_CCD_Historical_API,Regular Public District,Major Suburban Unified,True,False,False,False,True,Pre_MO_Reclassification,81.0,26.0,89.0,8.0,4.106255703132922,0.40555611882794285,1.3180573861908143,4.5118118219608645,2.331947683260671,,61.898002636114775,6.6339066339066335,0.6552006552006553,2.1294021294021293,7.28910728910729,3.112990007686395,3.420445810914681,46.92544196771714,1.96875,2.78125,313.1111111111111,1095.888888888889,19.38095238095238
2013-2014,2922830,NORTH PLATTE CO. R-I,NORTH PLATTE CO. R-I,MO,Platte County,5.0,5.0,624.0,,624.0,,1.0,3.0,22.0,27.0,,54.0,54.0,8.0,0.0,2.0,,,2.0,2.0,0.0,1.0,6.0,9.0,82.0,Urban_Institute_CCD_Historical_API,Regular Public District,Independent Town / Exurban,True,False,False,False,True,Pre_MO_Reclassification,3.0,1.0,3.0,0.0,4.807692307692308,0.0,1.6025641025641024,4.807692307692308,3.205128205128205,,86.53846153846153,5.555555555555555,0.0,1.8518518518518516,5.555555555555555,3.6585365853658534,3.6585365853658534,65.85365853658537,0.4,0.6,312.0,624.0,27.0
2013-2014,2923010,OAK GROVE R-VI,OAK GROVE R-VI,MO,Jackson County,4.0,4.0,1994.0,,1994.0,,3.0,7.0,54.0,75.0,,139.0,139.0,22.0,1.0,5.0,,,4.0,6.0,3.0,3.0,0.0,0.0,179.0,Urban_Institute_CCD_Historical_API,Regular Public District,Rural / Peripheral,True,False,False,False,True,Pre_MO_Reclassification,9.0,4.0,10.0,1.0,4.513540621865597,0.5015045135406219,2.0060180541624875,5.015045135406218,2.507522567703109,,69.70912738214643,6.474820143884892,0.7194244604316548,2.877697841726619,7.194244604316546,5.027932960893855,5.58659217877095,77.6536312849162,1.5,2.5,332.3333333333333,664.6666666666666,23.166666666666668
2013-2014,2923220,ORRICK R-XI,ORRICK R-XI,MO,Ray County,2.0,2.0,369.0,,369.0,,1.0,2.0,11.0,12.0,,28.0,28.0,6.0,0.0,0.0,,,0.0,2.0,0.0,1.0,3.0,7.0,47.0,Urban_Institute_CCD_Historical_API,Regular Public District,Rural / Peripheral,True,False,False,False,True,Pre_MO_Reclassification,3.0,1.0,3.0,0.0,8.130081300813009,0.0,2.710027100271003,8.130081300813009,0.0,,75.88075880758807,10.714285714285714,0.0,3.571428571428571,10.714285714285714,6.382978723404255,6.382978723404255,59.57446808510638,1.0,1.5,184.5,369.0,14.0
2013-2014,2923550,PARK HILL,PARK HILL,MO,Platte County,17.0,17.0,10631.0,,10631.0,,14.0,41.0,275.0,392.0,,723.0,723.0,140.0,2.0,26.0,,,16.0,34.0,0.0,12.0,81.0,346.0,1364.0,Urban_Institute_CCD_Historical_API,Regular Public District,Major Suburban Unified,True,False,False,False,True,Pre_MO_Reclassification,46.0,14.0,48.0,2.0,4.3269683002539745,0.18812905653278147,1.3169033957294705,4.515097356786756,2.4456777349261594,,68.00865393660051,6.36237897648686,0.2766251728907331,1.9363762102351314,6.639004149377594,3.3724340175953076,3.519061583577713,53.00586510263929,2.0,2.823529411764706,312.6764705882353,885.9166666666666,21.264705882352942
2013-2014,2900587,PATHWAY ACADEMY,PATHWAY ACADEMY,MO,Jackson County,1.0,1.0,458.0,,458.0,,0.0,3.0,25.0,0.0,,28.0,28.0,4.0,0.0,1.0,,,0.0,1.0,0.0,0.0,3.0,2.0,39.0,Urban_Institute_CCD_Historical_API,Charter LEA,Charter LEA,False,False,False,False,True,Pre_MO_Reclassification,1.0,0.0,1.0,0.0,2.1834061135371177,0.0,0.0,2.1834061135371177,2.1834061135371177,,61.135371179039296,3.571428571428571,0.0,0.0,3.571428571428571,2.564102564102564,2.564102564102564,71.7948717948718,1.0,1.0,458.0,,28.0
2013-2014,2925230,PLATTE CO. R-III,PLATTE CO. R-III,MO,Platte County,8.0,8.0,3836.0,,3836.0,,5.0,15.0,124.0,119.0,,265.0,265.0,43.0,7.0,11.0,,,4.0,11.0,0.0,6.0,0.0,,343.0,Urban_Institute_CCD_Historical_API,Regular Public District,Independent Town / Exurban,True,False,False,False,True,Pre_MO_Reclassification,17.0,13.0,24.0,7.0,4.43169968717414,1.8248175182481752,3.388946819603754,6.256517205422315,2.867570385818561,,69.08237747653806,6.415094339622642,2.6415094339622645,4.905660377358491,9.056603773584905,4.956268221574344,6.997084548104956,77.25947521865889,1.375,3.0,348.72727272727275,639.3333333333334,24.09090909090909
2013-2014,2925330,PLEASANT HILL R-III,PLEASANT HILL R-III,MO,Cass County,5.0,5.0,2121.0,,2121.0,,2.0,7.0,66.0,62.0,,139.0,139.0,23.0,2.0,6.0,,,4.0,6.0,1.0,4.0,17.0,23.0,221.0,Urban_Institute_CCD_Historical_API,Regular Public District,Independent Town / Exurban,True,False,False,False,True,Pre_MO_Reclassification,10.0,6.0,12.0,2.0,4.714757190004715,0.9429514380009429,2.828854314002829,5.657708628005658,2.828854314002829,,65.53512494106553,7.194244604316546,1.4388489208633095,4.316546762589928,8.633093525179856,4.524886877828054,5.429864253393665,62.89592760180995,1.2,2.4,353.5,530.25,23.166666666666668
2013-2014,2923730,RAYMORE-PECULIAR R-II,RAYMORE-PECULIAR R-II,MO,Cass County,10.0,10.0,6145.0,,6145.0,,6.0,27.0,188.0,167.0,,389.0,389.0,75.0,7.0,15.0,,,10.0,19.0,7.0,10.0,46.0,160.0,728.0,Urban_Institute_CCD_Historical_API,Regular Public District,Major Suburban Unified,True,False,False,False,True,Pre_MO_Reclassification,29.0,17.0,36.0,7.0,4.719283970707893,1.1391375101708705,2.7664768104149715,5.858421480878763,2.441008950366151,,63.30349877949552,7.455012853470437,1.7994858611825193,4.370179948586118,9.254498714652955,3.983516483516483,4.945054945054945,53.434065934065934,1.9,3.6,323.42105263157896,614.5,20.473684210526315
2013-2014,2926070,RAYTOWN C-2,RAYTOWN C-2,MO,Jackson County,19.0,19.0,8873.0,,8873.0,,17.0,31.0,252.0,313.0,,615.0,615.0,229.0,23.0,24.0,,,9.0,29.0,3.0,16.0,0.0,,939.0,Urban_Institute_CCD_Historical_API,Regular Public District,Major Suburban Unified,True,False,False,False,True,Pre_MO_Reclassification,45.0,39.0,68.0,23.0,5.0715654231939595,2.5921334385213566,4.3953567001014315,7.663698861715316,2.7048348923701115,,69.31139411698412,7.317073170731707,3.7398373983739837,6.341463414634147,11.05691056910569,4.792332268370607,7.24174653887114,65.49520766773162,1.5263157894736843,3.5789473684210527,305.9655172413793,554.5625,21.20689655172414
2013-2014,2926480,RICHMOND R-XVI,RICHMOND R-XVI,MO,Ray County,4.0,4.0,1634.0,,1634.0,,2.0,6.0,47.0,51.0,,107.0,107.0,0.0,2.0,4.0,,,3.0,6.0,16.0,3.0,11.0,21.0,170.0,Urban_Institute_CCD_Historical_API,Regular Public District,Rural / Peripheral,True,False,False,False,True,Pre_MO_Reclassification,9.0,5.0,11.0,2.0,5.507955936352509,1.2239902080783354,3.0599755201958385,6.731946144430845,2.4479804161566707,,65.48347613219094,8.411214953271028,1.8691588785046727,4.672897196261682,10.2803738317757,5.294117647058823,6.470588235294119,62.94117647058823,1.5,2.75,272.3333333333333,544.6666666666666,17.833333333333332
2013-2014,2900019,SCUOLA VITA NUOVA,SCUOLA VITA NUOVA,MO,Jackson County,1.0,1.0,171.0,,171.0,,0.0,1.0,14.0,0.0,,16.0,16.0,1.0,0.0,0.0,,,0.0,2.0,0.0,0.0,4.0,2.0,25.0,Urban_Institute_CCD_Historical_API,Charter LEA,Charter LEA,False,False,False,False,True,Pre_MO_Reclassification,2.0,0.0,2.0,0.0,11.695906432748536,0.0,0.0,11.695906432748536,0.0,,93.56725146198829,12.5,0.0,0.0,12.5,8.0,8.0,64.0,2.0,2.0,85.5,,8.0
2013-2014,2910320,SHERWOOD CASS R-VIII,SHERWOOD CASS R-VIII,MO,Cass County,3.0,3.0,865.0,,865.0,,2.0,4.0,23.0,35.0,,64.0,64.0,16.0,0.0,3.0,,,1.0,3.0,0.0,1.0,7.0,25.0,119.0,Urban_Institute_CCD_Historical_API,Regular Public District,Rural / Peripheral,True,False,False,False,True,Pre_MO_Reclassification,4.0,1.0,4.0,0.0,4.624277456647399,0.0,1.1560693641618498,4.624277456647399,3.468208092485549,,73.98843930635839,6.25,0.0,1.5625,6.25,3.361344537815126,3.361344537815126,53.78151260504202,1.0,1.3333333333333333,288.3333333333333,865.0,21.333333333333332
2013-2014,2928410,SMITHVILLE R-II,SMITHVILLE R-II,MO,Clay County,4.0,4.0,2524.0,,2524.0,,4.0,10.0,54.0,85.0,,154.0,154.0,32.0,6.0,4.0,,,4.0,7.0,0.0,3.0,15.0,20.0,241.0,Urban_Institute_CCD_Historical_API,Regular Public District,Independent Town / Exurban,True,False,False,False,True,Pre_MO_Reclassification,10.0,9.0,16.0,6.0,3.9619651347068148,2.3771790808240887,3.5657686212361335,6.3391442155309035,1.5847860538827259,,61.014263074484944,6.493506493506493,3.896103896103896,5.844155844155844,10.38961038961039,4.149377593360995,6.639004149377594,63.90041493775933,1.75,4.0,360.57142857142856,841.3333333333334,22.0
2013-2014,2929670,STRASBURG C-3,STRASBURG C-3,MO,Cass County,1.0,1.0,104.0,,104.0,,0.0,1.0,10.0,0.0,,11.0,11.0,0.0,0.0,0.0,,,0.0,0.0,0.0,0.0,2.0,3.0,16.0,Urban_Institute_CCD_Historical_API,Regular Public District,Rural / Peripheral,True,False,False,False,True,Pre_MO_Reclassification,0.0,0.0,0.0,0.0,0.0,0.0,0.0,0.0,0.0,,105.76923076923077,0.0,0.0,0.0,0.0,0.0,0.0,68.75,0.0,0.0,,,
2013-2014,2900027,UNIVERSITY ACADEMY,UNIVERSITY ACADEMY,MO,Jackson County,3.0,3.0,1050.0,,1050.0,,0.0,8.0,31.0,35.0,,74.0,74.0,7.0,0.0,4.0,,,2.0,5.0,0.0,2.0,17.0,19.0,128.0,Urban_Institute_CCD_Historical_API,Charter LEA,Charter LEA,False,False,False,False,True,Pre_MO_Reclassification,7.0,2.0,7.0,0.0,6.666666666666667,0.0,1.9047619047619047,6.666666666666667,3.8095238095238093,,70.47619047619047,9.45945945945946,0.0,2.7027027027027026,9.45945945945946,5.46875,5.46875,57.8125,1.6666666666666667,2.3333333333333335,210.0,525.0,14.8
2013-2014,2931110,WASHINGTON,WASHINGTON,MO,Unknown,12.0,12.0,4227.0,,4227.0,,13.0,17.0,143.0,147.0,,321.0,321.0,69.0,2.0,11.0,,,7.0,15.0,0.0,5.0,49.0,111.0,583.0,Urban_Institute_CCD_Historical_API,Regular Public District,Rural / Peripheral,False,False,False,False,True,Pre_MO_Reclassification,20.0,7.0,22.0,2.0,4.731488052992667,0.4731488052992666,1.6560208185474332,5.2046368582919325,2.6023184291459662,,75.94038325053229,6.230529595015576,0.6230529595015576,2.1806853582554515,6.853582554517133,3.430531732418525,3.7735849056603774,55.06003430531733,1.25,1.8333333333333333,281.8,845.4,21.4
2013-2014,2931710,WEST PLATTE CO. R-II,WEST PLATTE CO. R-II,MO,Platte County,2.0,2.0,607.0,,607.0,,2.0,4.0,20.0,27.0,,55.0,55.0,5.0,0.0,1.0,,,2.0,2.0,0.0,3.0,5.0,11.0,82.0,Urban_Institute_CCD_Historical_API,Regular Public District,Independent Town / Exurban,True,False,False,False,True,Pre_MO_Reclassification,5.0,3.0,5.0,0.0,8.237232289950576,0.0,4.942339373970346,8.237232289950576,1.6474464579901154,,90.60955518945634,9.090909090909092,0.0,5.454545454545454,9.090909090909092,6.097560975609756,6.097560975609756,67.07317073170732,1.0,2.5,303.5,202.33333333333334,27.5
2014-2015,2003780,Basehor-Linwood,Basehor-Linwood,KS,Leavenworth County,5.0,5.0,2414.0,21.0,2393.0,176.0,2.0,26.0,56.0,79.1,,163.1,161.1,30.6,0.0,5.0,,13.4,0.0,9.9,,3.0,,52.2,277.2,NCES_CCD_LEA_Official_Releases,Regular Public District,Independent Town / Exurban,True,False,False,False,False,Modern_Harmonized_CCD,12.9,3.0,12.9,0.0,5.343827671913836,0.0,1.2427506213753108,5.343827671913836,2.071251035625518,5.550952775476388,66.73570836785419,8.007448789571695,0.0,1.86219739292365,8.007448789571695,4.653679653679655,4.653679653679655,58.11688311688312,1.98,2.58,243.83838383838383,804.6666666666666,16.27272727272727
2014-2015,2012000,Blue Valley,Blue Valley,KS,Johnson County,34.0,34.0,22398.0,516.0,21882.0,1380.0,26.8,284.2,355.8,786.5,,1453.3,1426.5,401.8,35.8,59.5,,214.4,39.0,66.0,,6.0,,354.4,2630.2,NCES_CCD_LEA_Official_Releases,Regular Public District,Major Suburban Unified,True,False,False,False,False,Modern_Harmonized_CCD,72.0,41.8,107.8,35.8,3.2145727297080096,1.5983569961603714,1.8662380569693722,4.812929725868381,2.6564871863559247,9.572283239574961,63.68872220733994,5.047318611987381,2.509638976515948,2.9302488608482298,7.556957588503329,2.737434415633792,4.098547638962817,54.235419359744505,1.9411764705882353,3.1705882352941175,339.3636363636364,3733.0,21.613636363636363
2014-2015,2004050,Bonner Springs,Bonner Springs,KS,Wyandotte County,5.0,5.0,2660.0,62.0,2598.0,205.0,3.0,51.2,49.0,94.6,,197.8,194.8,24.8,6.7,7.0,,18.5,2.0,10.3,,1.0,,52.0,320.1,NCES_CCD_LEA_Official_Releases,Regular Public District,Independent Town / Exurban,True,False,False,False,False,Modern_Harmonized_CCD,11.3,7.7,18.0,6.7,4.24812030075188,2.518796992481203,2.8947368421052633,6.7669172932330826,2.631578947368421,6.954887218045113,73.23308270676692,5.800821355236139,3.4394250513347018,3.9527720739219707,9.240246406570842,3.530146829115901,5.623242736644798,60.85598250546704,2.06,3.6,258.252427184466,2660.0,18.9126213592233
2014-2015,2005490,De Soto,De Soto,KS,Johnson County,12.0,12.0,7089.0,145.0,6944.0,480.0,6.0,103.0,134.5,256.3,,499.8,493.8,84.2,8.0,17.4,,55.5,5.0,26.0,,2.0,,103.9,801.8,NCES_CCD_LEA_Official_Releases,Regular Public District,Independent Town / Exurban,True,False,False,False,False,Modern_Harmonized_CCD,28.0,10.0,36.0,8.0,3.949781351389477,1.1285089575398504,1.4106361969248131,5.078290308929327,2.4545069826491748,7.829030892932713,69.65721540414727,5.6703118671526935,1.6200891049007695,2.025111381125962,7.290400972053463,3.4921426789723125,4.489897730107259,61.58643053130457,2.1666666666666665,3.0,272.65384615384613,3544.5,18.992307692307694
2014-2015,2005640,Easton,Easton,KS,Leavenworth County,3.0,3.0,639.0,10.0,629.0,37.0,0.1,13.4,10.4,35.9,,59.8,59.7,0.8,1.0,2.0,,6.5,0.0,4.1,,1.0,,16.0,91.2,NCES_CCD_LEA_Official_Releases,Regular Public District,Rural / Peripheral,True,False,False,False,False,Modern_Harmonized_CCD,5.1,2.0,6.1,1.0,7.981220657276994,1.5649452269170578,3.1298904538341157,9.546165884194052,3.1298904538341157,10.172143974960875,93.42723004694837,8.542713567839195,1.675041876046901,3.350083752093802,10.217755443886096,5.592105263157894,6.68859649122807,65.46052631578948,1.3666666666666665,2.033333333333333,155.85365853658539,639.0,14.560975609756099
2014-2015,2006330,Ft Leavenworth,Ft Leavenworth,KS,Leavenworth County,4.0,4.0,1769.0,25.0,1744.0,229.0,2.0,35.8,65.0,24.5,,127.3,125.3,28.7,4.0,4.0,,19.6,4.0,6.0,,3.7,,41.8,239.1,NCES_CCD_LEA_Official_Releases,Regular Public District,Independent Town / Exurban,True,False,False,False,False,Modern_Harmonized_CCD,9.7,7.7,13.7,4.0,5.483323911814584,2.261164499717354,4.352741661955907,7.744488411531939,2.261164499717354,11.079706048615037,70.83097795364613,7.741420590582601,3.192338387869114,6.145251396648045,10.933758978451715,4.056879966541196,5.729820158929319,52.40485152655793,1.5,3.425,294.8333333333333,478.10810810810807,20.883333333333333
2014-2015,2006420,Gardner Edgerton,Gardner Edgerton,KS,Johnson County,11.0,11.0,5730.0,214.0,5516.0,467.0,9.6,91.4,93.5,186.1,,380.6,371.0,95.2,3.8,12.5,,41.8,10.6,22.0,,2.0,,84.8,653.3,NCES_CCD_LEA_Official_Releases,Regular Public District,Independent Town / Exurban,True,False,False,False,False,Modern_Harmonized_CCD,24.0,5.8,27.8,3.8,4.188481675392671,0.6631762652705061,1.012216404886562,4.851657940663176,2.181500872600349,7.294938917975567,64.74694589877836,6.46900269541779,1.0242587601078168,1.5633423180592994,7.493261455525607,3.673656819225471,4.255319148936171,56.7886116638604,2.0,2.5272727272727273,260.45454545454544,2865.0,16.863636363636363
2014-2015,2000025,KS. State Penitentiary,KS. State Penitentiary,KS,Leavenworth County,1.0,1.0,0.0,0.0,0.0,0.0,0.0,,,0.0,,0.0,0.0,0.0,0.0,0.0,,0.0,0.0,0.0,,0.0,,0.0,0.0,NCES_CCD_LEA_Official_Releases,Specialized State Agency,Specialized State Agency,False,False,False,False,False,Modern_Harmonized_CCD,0.0,0.0,0.0,0.0,,,,,,,,,,,,,,,0.0,0.0,,,
2014-2015,2007950,Kansas City,Kansas City,KS,Wyandotte County,43.0,43.0,22129.0,971.0,21158.0,1875.0,86.5,222.6,483.3,685.7,,1478.1,1391.6,292.0,106.9,52.6,,210.9,28.0,93.7,,4.0,,764.0,3030.2,NCES_CCD_LEA_Official_Releases,Regular Public District,Urban Core Unified,True,False,False,False,False,Modern_Harmonized_CCD,97.7,110.9,204.60000000000002,106.9,4.415021013150165,4.830765059424285,5.011523340413033,9.24578607257445,2.3769713950020335,9.530480365131728,62.88580595598535,7.020695602184536,7.681805116412763,7.969244035642427,14.7025007185973,3.224209623127187,6.752029569005346,45.92436142828856,2.1790697674418604,4.758139534883721,236.16862326574173,5532.25,14.851654215581641
2014-2015,2008340,Lansing,Lansing,KS,Leavenworth County,3.0,3.0,2503.0,0.0,2503.0,164.0,3.0,32.5,47.0,111.1,,193.6,190.6,66.0,0.0,4.0,,21.4,3.0,8.0,,3.0,,44.3,343.3,NCES_CCD_LEA_Official_Releases,Regular Public District,Independent Town / Exurban,True,False,False,False,False,Modern_Harmonized_CCD,11.0,3.0,11.0,0.0,4.394726328405913,0.0,1.1985617259288852,4.394726328405913,1.5980823012385137,8.549740311626048,76.14862165401517,5.771248688352571,0.0,1.5739769150052467,5.771248688352571,3.204194581998252,3.204194581998252,55.51995339353335,2.6666666666666665,3.6666666666666665,312.875,834.3333333333334,23.825
2014-2015,2008430,Leavenworth,Leavenworth,KS,Leavenworth County,7.0,7.0,3905.0,183.0,3722.0,281.0,10.0,53.1,77.7,132.1,,272.9,262.9,91.0,5.0,8.0,,62.0,5.0,19.0,,3.0,,110.0,575.9,NCES_CCD_LEA_Official_Releases,Regular Public District,Independent Town / Exurban,True,False,False,False,False,Modern_Harmonized_CCD,22.0,8.0,27.0,5.0,5.633802816901409,1.2804097311139564,2.0486555697823303,6.9142125480153656,2.0486555697823303,15.87708066581306,67.32394366197182,8.368200836820085,1.9018638265500192,3.0429821224800304,10.270064663370103,3.8201076575794413,4.68831394339295,45.650286508074316,2.7142857142857144,3.857142857142857,205.52631578947367,1301.6666666666667,13.836842105263157
2014-2015,2008970,Louisburg,Louisburg,KS,Miami County,5.0,5.0,1786.0,88.0,1698.0,117.0,2.0,18.1,34.5,62.3,,116.9,114.9,15.9,1.0,2.0,,9.0,2.0,5.0,,2.0,,34.6,188.4,NCES_CCD_LEA_Official_Releases,Regular Public District,Independent Town / Exurban,True,False,False,False,False,Modern_Harmonized_CCD,7.0,3.0,8.0,1.0,3.9193729003359463,0.5599104143337066,1.6797312430011198,4.479283314669653,1.1198208286674132,5.039193729003359,64.33370660694288,6.092254134029591,0.8703220191470844,2.610966057441253,6.962576153176675,3.715498938428875,4.246284501061571,60.98726114649682,1.0,1.6,357.2,893.0,22.98
2014-2015,2010140,Olathe,Olathe,KS,Johnson County,48.0,48.0,29296.0,857.0,28439.0,2115.0,81.0,374.2,564.9,1000.9,,2021.0,1940.0,650.7,31.9,56.0,,293.5,36.1,90.0,,9.0,,484.7,3672.9,NCES_CCD_LEA_Official_Releases,Regular Public District,Major Suburban Unified,True,False,False,False,False,Modern_Harmonized_CCD,99.0,40.9,130.9,31.9,3.3793009284543967,1.0888858547241944,1.3960950300382304,4.4681867831785915,1.9115237575095578,10.018432550518842,66.2206444565811,5.103092783505154,1.6443298969072164,2.1082474226804124,6.747422680412371,2.6954177897574123,3.563941299790357,52.81929810231697,1.875,2.7270833333333333,325.5111111111111,3255.1111111111113,21.555555555555557
2014-2015,2010260,Osawatomie,Osawatomie,KS,Miami County,4.0,4.0,1281.0,110.0,1171.0,93.0,4.0,11.0,21.5,45.0,,81.5,77.5,2.0,4.8,2.0,,8.5,2.6,6.0,,1.0,,53.0,161.4,NCES_CCD_LEA_Official_Releases,Regular Public District,Independent Town / Exurban,True,False,False,False,False,Modern_Harmonized_CCD,7.0,5.8,11.8,4.8,5.46448087431694,3.747072599531616,4.527712724434036,9.211553473848557,1.56128024980484,6.63544106167057,60.49960967993755,9.032258064516128,6.193548387096774,7.483870967741934,15.225806451612906,4.337050805452292,7.311028500619579,48.01734820322181,1.5,2.95,213.5,1281.0,12.916666666666666
2014-2015,2010500,Paola,Paola,KS,Miami County,4.0,4.0,2025.0,49.0,1976.0,160.0,1.0,36.5,41.0,83.6,,162.1,161.1,248.0,0.0,2.0,,16.0,2.9,8.0,,4.0,,38.0,481.0,NCES_CCD_LEA_Official_Releases,Regular Public District,Independent Town / Exurban,True,False,False,False,False,Modern_Harmonized_CCD,12.0,4.0,12.0,0.0,5.925925925925926,0.0,1.9753086419753088,5.925925925925926,0.9876543209876544,7.901234567901235,79.55555555555554,7.4487895716946,0.0,2.4829298572315333,7.4487895716946,2.494802494802495,2.494802494802495,33.49272349272349,2.0,3.0,253.125,506.25,20.1375
2014-2015,2010680,Piper-Kansas City,Piper-Kansas City,KS,Wyandotte County,4.0,4.0,2052.0,87.0,1965.0,166.0,4.1,18.4,35.3,61.0,,118.8,114.7,9.5,1.0,4.0,,8.5,2.0,7.0,,1.0,,35.2,187.0,NCES_CCD_LEA_Official_Releases,Regular Public District,Independent Town / Exurban,True,False,False,False,False,Modern_Harmonized_CCD,8.0,2.0,9.0,1.0,3.898635477582846,0.4873294346978557,0.9746588693957114,4.385964912280701,1.949317738791423,4.1423001949317735,55.89668615984406,6.9747166521360064,0.8718395815170008,1.7436791630340016,7.846556233653007,4.27807486631016,4.81283422459893,61.33689839572193,1.75,2.25,293.14285714285717,2052.0,16.385714285714286
2014-2015,2008250,Prairie View,Prairie View,KS,Miami County,0.0,0.0,934.0,54.0,880.0,56.0,1.0,13.6,25.4,42.8,,82.8,81.8,10.2,1.0,2.0,,8.7,1.0,5.0,,1.0,,28.9,140.6,NCES_CCD_LEA_Official_Releases,Regular Public District,Rural / Peripheral,False,False,False,False,False,Modern_Harmonized_CCD,6.0,2.0,7.0,1.0,6.423982869379015,1.0706638115631693,2.1413276231263385,7.494646680942185,2.1413276231263385,9.31477516059957,87.58029978586723,7.334963325183375,1.2224938875305624,2.444987775061125,8.557457212713937,4.2674253200568995,4.978662873399715,58.179231863442396,,,186.8,934.0,16.36
2014-2015,2000018,School for Blind,School for Blind,KS,Wyandotte County,2.0,0.0,32.0,0.0,32.0,2.0,1.0,3.1,1.0,11.7,,16.8,15.8,0.0,1.0,0.0,,0.0,0.0,0.0,,0.4,,0.0,18.2,NCES_CCD_LEA_Official_Releases,Specialized State Agency,Specialized State Agency,False,False,False,False,False,Modern_Harmonized_CCD,0.4,1.4,1.4,1.0,12.5,31.25,43.75,43.75,0.0,0.0,493.75,2.5316455696202533,6.329113924050632,8.860759493670885,8.860759493670885,2.197802197802198,7.6923076923076925,86.81318681318682,0.0,0.7,,80.0,
2014-2015,2000019,School for Deaf,School for Deaf,KS,Johnson County,2.0,0.0,96.0,10.0,86.0,4.0,3.0,4.0,8.0,14.2,,29.2,26.2,0.0,5.0,0.0,,1.0,1.0,2.0,,1.6,,0.0,39.8,NCES_CCD_LEA_Official_Releases,Specialized State Agency,Specialized State Agency,False,False,False,False,False,Modern_Harmonized_CCD,3.6,6.6,8.6,5.0,37.5,52.083333333333336,68.74999999999999,89.58333333333333,0.0,10.416666666666666,272.91666666666663,13.740458015267176,19.083969465648856,25.190839694656486,32.82442748091603,9.045226130653267,21.60804020100503,65.82914572864323,1.0,4.3,48.0,60.0,13.1
2014-2015,2011640,Shawnee Mission Pub Sch,Shawnee Mission Pub Sch,KS,Johnson County,43.0,43.0,27470.0,372.0,27098.0,2113.0,25.5,400.4,580.0,737.6,,1743.5,1718.0,360.5,27.6,35.5,,208.0,37.5,68.0,,5.0,,443.5,2929.1,NCES_CCD_LEA_Official_Releases,Regular Public District,Major Suburban Unified,True,False,False,False,False,Modern_Harmonized_CCD,73.0,32.6,100.6,27.6,2.65744448489261,1.0047324353840554,1.186749180924645,3.662176920276665,1.292318893338187,7.571896614488533,62.54095376774663,4.2491268917345755,1.6065192083818396,1.8975552968568103,5.855646100116414,2.492233109146154,3.434502065480864,58.652828513877985,1.5813953488372092,2.33953488372093,403.97058823529414,5494.0,25.264705882352942
2014-2015,2011850,Spring Hill,Spring Hill,KS,Johnson County,7.0,7.0,3349.0,92.0,3257.0,223.0,5.0,37.3,54.7,108.2,,205.2,200.2,76.2,4.0,7.0,,25.3,4.0,10.0,,4.0,,55.2,390.9,NCES_CCD_LEA_Official_Releases,Regular Public District,Independent Town / Exurban,True,False,False,False,False,Modern_Harmonized_CCD,14.0,8.0,18.0,4.0,4.180352343983278,1.1943863839952225,2.388772767990445,5.374738727978501,2.090176171991639,7.554493878769782,59.77903851896088,6.993006993006993,1.998001998001998,3.996003996003996,8.991008991008991,3.5814786390381173,4.604758250191865,51.21514453824507,1.4285714285714286,2.5714285714285716,334.9,837.25,20.02
2014-2015,2012210,Tonganoxie,Tonganoxie,KS,Leavenworth County,3.0,3.0,1985.0,26.0,1959.0,126.0,1.5,24.9,48.5,85.0,,159.9,158.4,46.0,0.0,4.0,,9.8,2.0,6.5,,2.5,,74.0,304.7,NCES_CCD_LEA_Official_Releases,Regular Public District,Independent Town / Exurban,True,False,False,False,False,Modern_Harmonized_CCD,9.0,2.5,9.0,0.0,4.534005037783375,0.0,1.2594458438287153,4.534005037783375,2.0151133501259446,4.937027707808564,79.79848866498742,5.681818181818182,0.0,1.5782828282828283,5.681818181818182,2.9537249753856254,2.9537249753856254,51.98555956678701,2.1666666666666665,3.0,305.38461538461536,794.0,24.36923076923077
2014-2015,2012360,Turner-Kansas City,Turner-Kansas City,KS,Wyandotte County,7.0,7.0,4222.0,187.0,4035.0,319.0,4.0,44.0,82.4,130.9,,261.3,257.3,67.7,11.0,10.0,,36.6,3.0,16.0,,5.0,,106.9,517.5,NCES_CCD_LEA_Official_Releases,Regular Public District,Independent Town / Exurban,True,False,False,False,False,Modern_Harmonized_CCD,21.0,16.0,32.0,11.0,4.973945997157744,2.6054002842254853,3.7896731406916153,7.579346281383231,2.3685457129322596,8.668877309332071,60.94268119374704,8.161678973960356,4.275165176836378,6.218422075398367,12.436844150796734,4.057971014492753,6.183574879227053,49.71980676328502,2.2857142857142856,4.571428571428571,263.875,844.4,16.08125
2014-2015,2900017,ACADEMIE LAFAYETTE,ACADEMIE LAFAYETTE,MO,Jackson County,2.0,2.0,871.0,0.0,871.0,120.0,0.0,6.9,54.8,,,61.7,61.7,3.9,2.0,0.0,,3.8,1.8,2.0,,0.2,,1.0,76.4,NCES_CCD_LEA_Official_Releases,Charter LEA,Charter LEA,False,False,False,False,False,Modern_Harmonized_CCD,2.2,2.2,4.2,2.0,2.5258323765786455,2.2962112514351323,2.5258323765786455,4.822043628013777,0.0,4.3628013777267505,70.83811710677384,3.565640194489465,3.2414910858995136,3.565640194489465,6.807131280388978,2.8795811518324608,5.497382198952879,80.75916230366492,1.0,2.1,435.5,4355.0,30.85
2014-2015,2900604,ACADEMY FOR INTEGRATED ARTS,ACADEMY FOR INTEGRATED ARTS,MO,Jackson County,1.0,1.0,88.0,0.0,88.0,17.0,0.0,1.0,5.0,,,6.0,6.0,2.55,0.0,0.7,,0.0,0.0,1.0,,0.0,,1.0,11.25,NCES_CCD_LEA_Official_Releases,Charter LEA,Charter LEA,False,False,False,False,False,Modern_Harmonized_CCD,1.0,0.0,1.0,0.0,11.363636363636363,0.0,0.0,11.363636363636363,7.954545454545454,0.0,68.18181818181817,16.666666666666664,0.0,0.0,16.666666666666664,8.88888888888889,8.88888888888889,53.333333333333336,1.0,1.0,88.0,,6.0
2014-2015,2900025,ALLEN VILLAGE,ALLEN VILLAGE,MO,Jackson County,2.0,2.0,639.0,0.0,639.0,35.0,0.0,2.21,28.42,10.1,,40.73,40.73,12.0,2.5,1.25,,1.0,0.0,2.25,,0.0,,7.0,66.73,NCES_CCD_LEA_Official_Releases,Charter LEA,Charter LEA,False,False,False,False,False,Modern_Harmonized_CCD,2.25,2.5,4.75,2.5,3.5211267605633805,3.912363067292645,3.912363067292645,7.433489827856024,1.9561815336463224,1.5649452269170578,63.74021909233177,5.524183648416401,6.1379818315737795,6.1379818315737795,11.66216547999018,3.371796793046605,7.1182376742095,61.03701483590588,1.125,2.375,284.0,,18.10222222222222
2014-2015,2900029,ALTA VISTA CHARTER SCH.,ALTA VISTA CHARTER SCH.,MO,Jackson County,3.0,3.0,711.0,0.0,711.0,75.0,0.0,4.0,14.0,47.0,,65.0,65.0,0.0,2.0,3.0,,10.0,0.0,4.0,,1.0,,0.0,85.0,NCES_CCD_LEA_Official_Releases,Charter LEA,Charter LEA,False,False,False,False,False,Modern_Harmonized_CCD,5.0,3.0,7.0,2.0,7.032348804500703,2.8129395218002813,4.219409282700422,9.845288326300984,4.219409282700422,14.064697609001406,91.42053445850914,7.6923076923076925,3.076923076923077,4.615384615384616,10.76923076923077,5.88235294117647,8.235294117647058,76.47058823529412,1.3333333333333333,2.3333333333333335,177.75,711.0,16.25
2014-2015,2903200,ARCHIE R-V,ARCHIE R-V,MO,Cass County,2.0,2.0,544.0,5.0,539.0,41.0,1.23,2.16,15.43,27.16,,45.98,44.75,7.74,0.25,0.83,,2.14,0.56,2.0,,1.0,,7.0,67.5,NCES_CCD_LEA_Official_Releases,Regular Public District,Rural / Peripheral,True,False,False,False,False,Modern_Harmonized_CCD,3.0,1.25,3.25,0.25,5.514705882352941,0.45955882352941174,2.297794117647059,5.974264705882352,1.525735294117647,3.933823529411765,82.26102941176471,6.70391061452514,0.5586592178770949,2.793296089385475,7.262569832402235,4.444444444444445,4.814814814814815,66.2962962962963,1.0,1.625,272.0,544.0,22.375
2014-2015,2900011,B. BANNEKER ACADEMY,B. BANNEKER ACADEMY,MO,Jackson County,1.0,1.0,349.0,20.0,329.0,42.0,1.0,2.28,20.72,,,24.0,23.0,6.5,0.0,0.0,,2.0,0.0,2.0,,0.0,,8.0,42.5,NCES_CCD_LEA_Official_Releases,Charter LEA,Charter LEA,False,False,False,False,False,Modern_Harmonized_CCD,2.0,0.0,2.0,0.0,5.730659025787966,0.0,0.0,5.730659025787966,0.0,5.730659025787966,65.9025787965616,8.695652173913043,0.0,0.0,8.695652173913043,4.705882352941177,4.705882352941177,54.11764705882353,2.0,2.0,174.5,,11.5
2014-2015,2904620,BELTON 124,BELTON 124,MO,Cass County,9.0,8.0,4971.0,282.0,4689.0,358.0,13.67,20.91,153.59,123.68,,311.85,298.18,67.0,8.73,13.0,,23.93,6.94,14.1,,5.0,,81.11,531.66,NCES_CCD_LEA_Official_Releases,Regular Public District,Independent Town / Exurban,True,False,False,False,False,Modern_Harmonized_CCD,19.1,13.73,27.830000000000002,8.73,3.8422852544759607,1.7561858780929391,2.762019714343191,5.5984711325689,2.615167974250654,4.813920740293703,59.98390665861999,6.405526862968677,2.9277617546448456,4.604601247568583,9.333288617613523,3.5925215363202048,5.234548395591168,56.08471579580936,1.5666666666666667,3.0922222222222224,352.5531914893617,994.2,21.147517730496453
2014-2015,2905310,BLUE SPRINGS R-IV,BLUE SPRINGS R-IV,MO,Jackson County,22.0,21.0,14466.0,181.0,14285.0,1005.0,19.72,59.61,354.69,464.18,,898.2,878.48,147.5,17.5,36.0,,59.3,11.72,48.0,,6.0,,155.0,1379.22,NCES_CCD_LEA_Official_Releases,Regular Public District,Major Suburban Unified,True,False,False,False,False,Modern_Harmonized_CCD,54.0,23.5,71.5,17.5,3.7328909166321025,1.2097331674270704,1.6244988248306373,4.942624084059173,2.4885939444214022,4.099267247338586,60.72722245264759,6.146981149257809,1.992077224296512,2.675075129769602,8.139058373554322,3.915256449297429,5.184089557866041,63.693971955163065,2.1818181818181817,3.25,301.375,2411.0,18.301666666666666
2014-2015,2900024,BROOKSIDE CHARTER SCH.,BROOKSIDE CHARTER SCH.,MO,Jackson County,2.0,2.0,568.0,0.0,568.0,68.0,0.0,4.14,23.38,15.48,,43.0,43.0,0.0,0.1,0.0,,4.5,1.0,3.9,,2.0,,0.0,54.5,NCES_CCD_LEA_Official_Releases,Charter LEA,Charter LEA,False,False,False,False,False,Modern_Harmonized_CCD,5.9,2.1,6.0,0.1,10.387323943661972,0.17605633802816903,3.6971830985915495,10.56338028169014,0.0,7.922535211267605,75.70422535211267,13.72093023255814,0.23255813953488372,4.883720930232558,13.953488372093023,10.825688073394495,11.009174311926607,78.89908256880734,1.95,3.0,145.64102564102564,284.0,11.025641025641026
2014-2015,2908250,CENTER 58,CENTER 58,MO,Jackson County,8.0,6.0,2637.0,205.0,2432.0,242.0,9.47,11.0,86.14,114.5,,221.11,211.64,42.0,9.08,6.84,,28.15,4.0,10.8,,1.0,,81.2,404.18,NCES_CCD_LEA_Official_Releases,Regular Public District,Urban Core Unified,True,False,False,False,False,Modern_Harmonized_CCD,11.8,10.08,20.880000000000003,9.08,4.47478194918468,3.4433067880166854,3.8225255972696246,7.918088737201366,2.5938566552901023,10.67500948047023,80.257868790292,5.575505575505576,4.290304290304291,4.762804762804763,9.865809865809867,2.9194913157504083,5.166015141768519,52.36280864961156,1.35,2.6100000000000003,244.16666666666666,2637.0,19.596296296296295
2014-2015,2900603,CROSSROADS ACAD OF KANSAS CITY,CROSSROADS ACAD OF KANSAS CITY,MO,Jackson County,1.0,1.0,280.0,0.0,280.0,48.0,0.0,5.21,16.39,,,21.6,21.6,0.0,0.0,0.0,,0.0,0.0,0.0,,0.0,,0.0,21.6,NCES_CCD_LEA_Official_Releases,Charter LEA,Charter LEA,False,False,False,False,False,Modern_Harmonized_CCD,0.0,0.0,0.0,0.0,0.0,0.0,0.0,0.0,0.0,0.0,77.14285714285715,0.0,0.0,0.0,0.0,0.0,0.0,100.0,0.0,0.0,,,
2014-2015,2900593,DELASALLE CHARTER SCHOOL,DELASALLE CHARTER SCHOOL,MO,Jackson County,1.0,1.0,299.0,0.0,299.0,0.0,0.0,,,20.0,,20.0,20.0,1.0,4.0,6.0,,5.5,0.0,0.0,,1.0,,2.0,39.5,NCES_CCD_LEA_Official_Releases,Charter LEA,Charter LEA,False,False,False,False,False,Modern_Harmonized_CCD,1.0,5.0,5.0,4.0,3.3444816053511706,13.377926421404682,16.72240802675585,16.72240802675585,20.066889632107024,18.39464882943144,66.8896321070234,5.0,20.0,25.0,25.0,2.5316455696202533,12.658227848101266,50.63291139240506,0.0,5.0,,299.0,
2014-2015,2900013,DELLA LAMB ELEM.,DELLA LAMB ELEM.,MO,Jackson County,1.0,1.0,604.0,0.0,604.0,71.0,0.0,9.11,47.89,,,57.0,57.0,2.0,1.0,0.0,,20.5,0.0,1.0,,1.0,,11.0,93.5,NCES_CCD_LEA_Official_Releases,Charter LEA,Charter LEA,False,False,False,False,False,Modern_Harmonized_CCD,2.0,2.0,3.0,1.0,3.3112582781456954,1.6556291390728477,3.3112582781456954,4.966887417218543,0.0,33.94039735099338,94.37086092715231,3.508771929824561,1.7543859649122806,3.508771929824561,5.263157894736842,2.13903743315508,3.2085561497326207,60.962566844919785,1.0,3.0,604.0,604.0,57.0
2014-2015,2900009,DIVISION OF YOUTH SERVICE,DIVISION OF YOUTH SERVICE,MO,Clay County,5.0,4.0,748.0,0.0,748.0,0.0,0.0,,0.0,118.5,,118.5,118.5,0.0,6.0,0.0,,0.0,0.0,0.0,,1.0,,0.0,125.5,NCES_CCD_LEA_Official_Releases,Specialized State Agency,Specialized State Agency,False,True,False,False,False,Modern_Harmonized_CCD,1.0,7.0,7.0,6.0,1.3368983957219251,8.02139037433155,9.358288770053475,9.358288770053475,0.0,0.0,158.4224598930481,0.8438818565400843,5.063291139240507,5.9071729957805905,5.9071729957805905,0.796812749003984,5.577689243027888,94.42231075697211,0.0,1.4,,748.0,
2014-2015,2911070,DREXEL R-IV,DREXEL R-IV,MO,Cass County,2.0,2.0,336.0,10.0,326.0,21.0,1.0,1.0,9.0,18.18,,29.18,28.18,4.0,0.0,0.85,,2.25,1.0,2.0,,1.0,,0.0,40.28,NCES_CCD_LEA_Official_Releases,Regular Public District,Rural / Peripheral,True,False,False,False,False,Modern_Harmonized_CCD,3.0,1.0,3.0,0.0,8.928571428571429,0.0,2.976190476190476,8.928571428571429,2.529761904761905,6.696428571428571,83.86904761904762,10.645848119233499,0.0,3.5486160397444997,10.645848119233499,7.447864945382324,7.447864945382324,69.96027805362462,1.0,1.5,168.0,336.0,14.09
2014-2015,2911160,EAST LYNNE 40,EAST LYNNE 40,MO,Cass County,1.0,1.0,206.0,21.0,185.0,13.0,1.0,1.25,12.35,0.0,,14.6,13.6,4.0,0.0,0.0,,0.0,0.0,0.0,,1.0,,3.0,22.6,NCES_CCD_LEA_Official_Releases,Regular Public District,Rural / Peripheral,True,False,False,False,False,Modern_Harmonized_CCD,1.0,1.0,1.0,0.0,4.854368932038835,0.0,4.854368932038835,4.854368932038835,0.0,0.0,66.01941747572815,7.352941176470589,0.0,7.352941176470589,7.352941176470589,4.424778761061947,4.424778761061947,60.17699115044247,0.0,1.0,,206.0,
2014-2015,2900597,EWING MARION KAUFFMAN SCHOOL,EWING MARION KAUFFMAN SCHOOL,MO,Jackson County,1.0,1.0,532.0,0.0,532.0,0.0,0.0,,0.0,45.25,,45.25,45.25,3.0,4.75,0.0,,2.0,0.0,3.0,,0.0,,0.0,58.0,NCES_CCD_LEA_Official_Releases,Charter LEA,Charter LEA,False,False,False,False,False,Modern_Harmonized_CCD,3.0,4.75,7.75,4.75,5.639097744360902,8.928571428571429,8.928571428571429,14.56766917293233,0.0,3.7593984962406015,85.05639097744361,6.629834254143646,10.497237569060774,10.497237569060774,17.12707182320442,5.172413793103448,13.36206896551724,78.01724137931035,3.0,7.75,177.33333333333334,,15.083333333333334
2014-2015,2911650,EXCELSIOR SPRINGS 40,EXCELSIOR SPRINGS 40,MO,Clay County,7.0,5.0,2872.0,97.0,2775.0,190.0,6.0,11.32,75.93,130.94,,224.19,218.19,33.04,12.0,7.0,,17.23,4.0,10.0,,4.0,,48.5,359.96,NCES_CCD_LEA_Official_Releases,Regular Public District,Independent Town / Exurban,True,False,False,False,False,Modern_Harmonized_CCD,14.0,16.0,26.0,12.0,4.874651810584958,4.178272980501393,5.571030640668524,9.052924791086351,2.437325905292479,5.999303621169917,75.97144846796658,6.416426050689767,5.499793757734086,7.333058343645446,11.916219808423852,3.8893210356706303,7.22302478053117,60.61506834092677,1.4285714285714286,3.7142857142857144,287.2,718.0,21.819
2014-2015,2912290,FORT OSAGE R-I,FORT OSAGE R-I,MO,Jackson County,12.0,8.0,5092.0,112.0,4980.0,414.0,8.2,25.36,154.54,150.9,,339.0,330.8,94.18,9.1,14.0,,20.45,13.0,13.9,,6.75,,200.18,710.56,NCES_CCD_LEA_Official_Releases,Regular Public District,Independent Town / Exurban,True,False,False,False,False,Modern_Harmonized_CCD,20.65,15.85,29.75,9.1,4.055380989787903,1.7871170463472112,3.1127258444619006,5.8424980361351135,2.7494108405341713,4.016103692065986,64.96465043205028,6.2424425634824665,2.750906892382104,4.791414752116082,8.99334945586457,2.906158522855213,4.186838549876154,46.554829993244766,1.1583333333333334,2.4791666666666665,366.33093525179856,754.3703703703703,23.798561151079138
2014-2015,2900590,FRONTIER SCHOOL OF INNOVATION,FRONTIER SCHOOL OF INNOVATION,MO,Jackson County,5.0,5.0,1262.0,0.0,1262.0,115.0,0.0,5.85,33.45,51.4,,90.7,90.7,0.0,1.9,0.0,,5.0,0.0,13.4,,1.0,,4.0,116.0,NCES_CCD_LEA_Official_Releases,Charter LEA,Charter LEA,False,False,False,False,False,Modern_Harmonized_CCD,14.4,2.9,16.3,1.9,11.410459587955627,1.5055467511885894,2.2979397781299524,12.916006339144216,0.0,3.9619651347068148,71.87004754358162,15.87651598676957,2.0948180815876514,3.197353914002205,17.971334068357223,12.413793103448276,14.051724137931036,78.1896551724138,2.68,3.2600000000000002,94.17910447761194,1262.0,6.768656716417911
2014-2015,2900016,GENESIS SCHOOL INC.,GENESIS SCHOOL INC.,MO,Jackson County,1.0,1.0,271.0,0.0,271.0,38.0,0.0,1.0,0.0,18.0,,19.0,19.0,7.0,1.0,0.0,,11.0,1.0,1.0,,1.0,,2.0,43.0,NCES_CCD_LEA_Official_Releases,Charter LEA,Charter LEA,False,False,False,False,False,Modern_Harmonized_CCD,2.0,2.0,3.0,1.0,7.380073800738007,3.6900369003690034,7.380073800738007,11.07011070110701,0.0,40.59040590405904,70.11070110701107,10.526315789473683,5.263157894736842,10.526315789473683,15.789473684210526,4.651162790697675,6.976744186046512,44.18604651162791,1.0,3.0,271.0,271.0,19.0
2014-2015,2900015,GORDON PARKS ELEM.,GORDON PARKS ELEM.,MO,Jackson County,1.0,1.0,126.0,0.0,126.0,49.0,0.0,4.62,13.13,,,17.75,17.75,2.0,1.35,0.0,,2.0,0.9,1.0,,0.0,,3.0,28.0,NCES_CCD_LEA_Official_Releases,Charter LEA,Charter LEA,False,False,False,False,False,Modern_Harmonized_CCD,1.0,1.35,2.35,1.35,7.936507936507936,10.714285714285714,10.714285714285714,18.650793650793652,0.0,15.873015873015872,140.87301587301587,5.633802816901409,7.605633802816902,7.605633802816902,13.239436619718312,3.571428571428571,8.392857142857144,63.39285714285714,1.0,2.35,126.0,,17.75
2014-2015,2913080,GRAIN VALLEY R-V,GRAIN VALLEY R-V,MO,Jackson County,8.0,7.0,4023.0,68.0,3955.0,318.0,6.94,18.8,109.68,134.58,,270.0,263.06,69.28,5.0,10.0,,20.8,7.0,11.0,,3.0,,135.0,531.08,NCES_CCD_LEA_Official_Releases,Regular Public District,Independent Town / Exurban,True,False,False,False,False,Modern_Harmonized_CCD,14.0,8.0,19.0,5.0,3.4799900571712654,1.2428535918468804,1.9885657469550087,4.722843649018146,2.4857071836937608,5.170270942083023,65.38901317424806,5.321979776476849,1.9007070630274463,3.0411313008439143,7.222686839504296,2.6361376817052045,3.5776154251713486,49.53302703924079,1.375,2.375,365.72727272727275,1341.0,23.914545454545454
2014-2015,2913140,GRANDVIEW C-4,GRANDVIEW C-4,MO,Jackson County,9.0,8.0,4363.0,131.0,4232.0,371.0,5.0,20.83,139.97,116.71,,282.51,277.51,41.24,8.0,12.98,,12.06,7.99,16.0,,4.0,,0.0,384.78,NCES_CCD_LEA_Official_Releases,Regular Public District,Independent Town / Exurban,True,False,False,False,False,Modern_Harmonized_CCD,20.0,12.0,28.0,8.0,4.584001833600733,1.8336007334402935,2.75040110016044,6.417602567041027,2.9750171900068763,2.7641531056612423,63.60531744212697,7.206947497387482,2.8827789989549926,4.324168498432488,10.089726496342474,5.19777535214928,7.276885493008993,72.12173189874734,1.7777777777777777,3.111111111111111,272.6875,1090.75,17.344375
2014-2015,2913680,HARDIN-CENTRAL C-2,HARDIN-CENTRAL C-2,MO,Ray County,2.0,2.0,236.0,19.0,217.0,22.0,0.24,1.18,10.71,11.2,,23.33,23.09,4.81,0.0,0.47,,1.19,1.0,1.83,,0.87,,4.0,37.5,NCES_CCD_LEA_Official_Releases,Regular Public District,Rural / Peripheral,True,False,False,False,False,Modern_Harmonized_CCD,2.7,0.87,2.7,0.0,11.440677966101696,0.0,3.6864406779661016,11.440677966101696,1.9915254237288134,5.042372881355932,97.83898305084746,11.69337375487224,0.0,3.7678648765699436,11.69337375487224,7.200000000000001,7.200000000000001,61.57333333333334,0.915,1.35,128.96174863387978,271.264367816092,12.617486338797814
2014-2015,2913760,HARRISONVILLE R-IX,HARRISONVILLE R-IX,MO,Cass County,7.0,5.0,2609.0,152.0,2457.0,166.0,2.85,9.75,63.8,111.11,,187.51,184.66,26.4,5.5,8.52,,11.4,3.86,8.5,,5.0,,116.0,372.69,NCES_CCD_LEA_Official_Releases,Regular Public District,Independent Town / Exurban,True,False,False,False,False,Modern_Harmonized_CCD,13.5,10.5,19.0,5.5,5.174396320429283,2.1080873898045227,4.024530471444998,7.282483710233806,3.26561901111537,4.369490226140284,70.77807589114603,7.31073323946713,2.97844687533846,5.686125852918878,10.289180114805589,3.6223134508572805,5.098070782688025,49.547881617430036,1.2142857142857142,2.7142857142857144,306.94117647058823,521.8,21.72470588235294
2014-2015,2914340,HICKMAN MILLS C-1,HICKMAN MILLS C-1,MO,Jackson County,15.0,14.0,6739.0,495.0,6244.0,571.0,40.5,38.06,229.23,191.84,,499.63,459.13,102.79,7.1,15.0,,38.5,14.0,23.64,,3.5,,230.0,934.16,NCES_CCD_LEA_Official_Releases,Regular Public District,Rural / Peripheral,True,False,False,False,False,Modern_Harmonized_CCD,27.14,10.6,34.24,7.1,4.027303754266211,1.0535687787505563,1.5729336696839293,5.080872533016768,2.225849532571598,5.713013800267102,68.13028639263986,5.911179840132425,1.546402979548276,2.308714307494609,7.4575828196807015,2.9052838914104653,3.6653249978590394,49.14896805686392,1.576,2.2826666666666666,285.0676818950931,1925.4285714285713,19.421742808798644
2014-2015,2900014,HOGAN PREPARATORY ACADEMY,HOGAN PREPARATORY ACADEMY,MO,Jackson County,3.0,3.0,1034.0,0.0,1034.0,38.0,0.0,2.33,20.27,63.56,,86.16,86.16,6.0,3.05,1.99,,6.57,2.93,5.99,,1.0,,5.24,118.93,NCES_CCD_LEA_Official_Releases,Charter LEA,Charter LEA,False,False,False,False,False,Modern_Harmonized_CCD,6.99,4.05,10.04,3.05,6.7601547388781436,2.949709864603481,3.9168278529980656,9.709864603481625,1.9245647969052224,6.353965183752418,83.32688588007736,8.112813370473539,3.5399257195914577,4.7005571030640665,11.652739090064996,5.877406877995459,8.4419406373497,72.4459766249054,1.9966666666666668,3.3466666666666662,172.62103505843072,1034.0,14.38397328881469
2014-2015,2900601,HOPE LEADERSHIP ACADEMY,HOPE LEADERSHIP ACADEMY,MO,Jackson County,1.0,1.0,138.0,0.0,138.0,25.0,0.0,1.0,8.7,,,9.7,9.7,1.5,0.0,1.0,,0.0,0.0,1.0,,0.0,,1.0,14.2,NCES_CCD_LEA_Official_Releases,Charter LEA,Charter LEA,False,False,False,False,False,Modern_Harmonized_CCD,1.0,0.0,1.0,0.0,7.246376811594203,0.0,0.0,7.246376811594203,7.246376811594203,0.0,70.28985507246377,10.309278350515465,0.0,0.0,10.309278350515465,7.042253521126761,7.042253521126761,68.30985915492957,1.0,1.0,138.0,,9.7
2014-2015,2915480,INDEPENDENCE 30,INDEPENDENCE 30,MO,Jackson County,30.0,27.0,15065.0,759.0,14306.0,1221.0,17.0,63.13,371.87,430.33,,882.33,865.33,117.47,25.0,33.1,,103.39,20.0,50.0,,7.0,,916.0,2154.29,NCES_CCD_LEA_Official_Releases,Regular Public District,Major Suburban Unified,True,False,False,False,False,Modern_Harmonized_CCD,57.0,32.0,82.0,25.0,3.783604381015599,1.659475605708596,2.124128775307003,5.443079986724196,2.1971457019581813,6.86292731496847,57.43976103551278,6.5870823847549484,2.8890712213837495,3.6980111633711994,9.476153606138698,2.645883330470828,3.806358475414174,40.16775828695302,1.6666666666666667,2.7333333333333334,301.3,2152.1428571428573,17.3066
2014-2015,2916400,KANSAS CITY 33,KANSAS CITY 33,MO,Jackson County,37.0,35.0,15386.0,1038.0,14348.0,1468.0,63.0,85.48,548.94,398.63,,1096.05,1033.05,249.05,21.0,49.0,,137.65,24.0,67.5,,6.0,,651.0,2301.25,NCES_CCD_LEA_Official_Releases,Regular Public District,Urban Core Unified,True,False,False,False,False,Modern_Harmonized_CCD,73.5,27.0,94.5,21.0,4.777070063694267,1.364877161055505,1.7548420642142206,6.141947224749773,3.1847133757961785,8.946444819966203,67.14220720135188,7.114854072890954,2.0328154493974155,2.6136198635109626,9.14766952228837,3.193916349809886,4.106463878326997,44.89082020640956,1.8243243243243243,2.554054054054054,227.94074074074075,2564.3333333333335,15.304444444444444
2014-2015,2916450,KEARNEY R-I,KEARNEY R-I,MO,Clay County,7.0,7.0,3501.0,0.0,3501.0,234.0,3.0,13.0,97.25,123.61,,236.86,233.86,44.73,2.5,8.0,,15.28,7.0,11.0,,4.0,,121.67,451.04,NCES_CCD_LEA_Official_Releases,Regular Public District,Independent Town / Exurban,True,False,False,False,False,Modern_Harmonized_CCD,15.0,6.5,17.5,2.5,4.284490145672665,0.7140816909454442,1.856612396458155,4.998571836618109,2.2850614110254215,4.364467295058554,66.79805769780063,6.414093902334731,1.0690156503891217,2.7794406910117164,7.483109552723851,3.3256473926924444,3.8799219581411846,51.84905995033699,1.5714285714285714,2.5,318.27272727272725,875.25,21.26
2014-2015,2900031,KIPP: ENDEAVOR ACADEMY,KIPP: ENDEAVOR ACADEMY,MO,Jackson County,1.0,1.0,282.0,0.0,282.0,0.0,0.0,,0.0,24.62,,24.62,24.62,0.0,2.88,0.5,,0.0,0.0,1.0,,0.0,,0.0,29.0,NCES_CCD_LEA_Official_Releases,Charter LEA,Charter LEA,False,False,False,False,False,Modern_Harmonized_CCD,1.0,2.88,3.88,2.88,3.5460992907801416,10.212765957446807,10.212765957446807,13.75886524822695,1.7730496453900708,0.0,87.3049645390071,4.061738424045491,11.697806661251015,11.697806661251015,15.759545085296505,3.4482758620689653,13.379310344827585,84.89655172413794,1.0,3.88,282.0,,24.62
2014-2015,2918220,LAWSON R-XIV,LAWSON R-XIV,MO,Ray County,3.0,3.0,1148.0,0.0,1148.0,77.0,0.94,5.97,25.36,49.45,,81.72,80.78,6.44,0.5,3.0,,4.0,3.5,5.5,,1.0,,13.5,119.16,NCES_CCD_LEA_Official_Releases,Regular Public District,Rural / Peripheral,True,False,False,False,False,Modern_Harmonized_CCD,6.5,1.5,7.0,0.5,5.662020905923345,0.4355400696864111,1.3066202090592336,6.097560975609756,2.613240418118467,3.484320557491289,70.3658536585366,8.046546174795742,0.6189650903689032,1.8568952711067097,8.665511265164644,5.4548506210137635,5.874454514937899,67.79120510238336,1.8333333333333333,2.3333333333333335,208.72727272727272,1148.0,14.687272727272727
2014-2015,2900028,LEE A. TOLBERT COM. ACADEMY,LEE A. TOLBERT COM. ACADEMY,MO,Jackson County,1.0,1.0,514.0,0.0,514.0,77.0,0.0,5.51,32.1,,,37.61,37.61,9.0,2.28,0.0,,2.0,0.0,3.0,,0.0,,5.0,58.89,NCES_CCD_LEA_Official_Releases,Charter LEA,Charter LEA,False,False,False,False,False,Modern_Harmonized_CCD,3.0,2.28,5.279999999999999,2.28,5.836575875486381,4.435797665369649,4.435797665369649,10.27237354085603,0.0,3.8910505836575875,73.17120622568093,7.97660196756182,6.062217495346982,6.062217495346982,14.0388194629088,5.094243504839531,8.965868568517573,63.86483273900492,3.0,5.279999999999999,171.33333333333334,,12.536666666666667
2014-2015,2918300,LEE'S SUMMIT R-VII,LEE'S SUMMIT R-VII,MO,Jackson County,27.0,25.0,17848.0,259.0,17589.0,1237.0,25.2,60.74,508.09,583.3,,1177.33,1152.13,205.6,21.5,39.0,,129.41,18.5,53.5,,6.0,,783.98,2434.82,NCES_CCD_LEA_Official_Releases,Regular Public District,Major Suburban Unified,True,False,False,False,False,Modern_Harmonized_CCD,59.5,27.5,81.0,21.5,3.3337068579112503,1.204616763783057,1.540788883908561,4.538323621694308,2.1851187808157775,7.25067234424025,64.55233079336621,5.164347773254754,1.8661088592433144,2.3868834246135417,7.030456632498068,2.4437124715584724,3.326734625146828,47.318898316918705,1.9814814814814814,3.0,333.60747663551405,2974.6666666666665,21.53514018691589
2014-2015,2918540,LIBERTY 53,LIBERTY 53,MO,Clay County,20.0,17.0,12009.0,253.0,11756.0,873.0,21.4,47.32,316.76,378.01,,763.49,742.09,125.62,12.2,29.6,,54.81,13.7,34.1,,3.5,,643.23,1680.25,NCES_CCD_LEA_Official_Releases,Regular Public District,Major Suburban Unified,True,False,False,False,False,Modern_Harmonized_CCD,37.6,15.7,49.8,12.2,3.1309850945124493,1.0159047381130817,1.3073528187192938,4.146889832625531,2.464818053126822,4.56407694229328,61.79448746773254,5.066770876847822,1.6440054440836016,2.1156463501731593,6.710776320931424,2.237762237762238,2.963844665972325,44.165451569706896,1.705,2.4899999999999998,352.17008797653955,3431.1428571428573,21.76217008797654
2014-2015,2919230,LONE JACK C-6,LONE JACK C-6,MO,Jackson County,2.0,2.0,604.0,40.0,564.0,42.0,1.06,2.19,19.19,22.29,,44.73,43.67,12.27,1.0,2.0,,2.3,1.0,2.0,,1.0,,11.0,77.3,NCES_CCD_LEA_Official_Releases,Regular Public District,Rural / Peripheral,True,False,False,False,False,Modern_Harmonized_CCD,3.0,2.0,4.0,1.0,4.966887417218543,1.6556291390728477,3.3112582781456954,6.622516556291391,3.3112582781456954,3.8079470198675494,72.30132450331126,6.869704602702084,2.289901534234028,4.579803068468056,9.159606136936112,3.8809831824062098,5.17464424320828,56.49417852522639,1.0,2.0,302.0,604.0,21.835
2014-2015,2931800,MIDWAY R-I,MIDWAY R-I,MO,Cass County,2.0,2.0,437.0,0.0,437.0,23.0,0.09,2.25,17.66,19.57,,39.57,39.48,7.0,0.0,2.0,,3.5,1.8,2.0,,1.0,,9.0,65.87,NCES_CCD_LEA_Official_Releases,Regular Public District,Rural / Peripheral,True,False,False,False,False,Modern_Harmonized_CCD,3.0,1.0,3.0,0.0,6.864988558352402,0.0,2.288329519450801,6.864988558352402,4.576659038901602,8.009153318077804,90.34324942791761,7.598784194528877,0.0,2.5329280648429586,7.598784194528877,4.554425383330803,4.554425383330803,59.93623804463336,1.0,1.5,218.5,437.0,19.74
2014-2015,2921060,MISSOURI CITY 56,MISSOURI CITY 56,MO,Clay County,1.0,1.0,39.0,0.0,39.0,5.0,0.0,0.37,3.38,0.0,,3.75,3.75,0.0,0.0,0.2,,0.0,0.2,0.45,,0.0,,1.1,5.7,NCES_CCD_LEA_Official_Releases,Regular Public District,Rural / Peripheral,True,False,False,False,False,Modern_Harmonized_CCD,0.45,0.0,0.45,0.0,11.538461538461538,0.0,0.0,11.538461538461538,5.128205128205129,0.0,96.15384615384616,12.000000000000002,0.0,0.0,12.000000000000002,7.894736842105263,7.894736842105263,65.78947368421052,0.45,0.45,86.66666666666667,,8.333333333333334
2014-2015,2900022,MO SCHLS FOR THE SEV DISABLED,MO SCHLS FOR THE SEV DISABLED,MO,Jackson County,5.0,0.0,865.0,0.0,865.0,21.0,0.0,1.0,176.0,0.0,,177.0,177.0,306.6,0.0,0.0,,0.0,0.0,22.4,,2.0,,0.0,508.0,NCES_CCD_LEA_Official_Releases,Specialized State Agency,Specialized State Agency,False,True,False,False,False,Modern_Harmonized_CCD,24.4,2.0,24.4,0.0,28.208092485549134,0.0,2.3121387283236996,28.208092485549134,0.0,0.0,204.6242774566474,13.785310734463277,0.0,1.1299435028248588,13.785310734463277,4.803149606299213,4.803149606299213,34.84251968503937,4.4799999999999995,4.88,38.61607142857143,432.5,7.901785714285714
2014-2015,2922800,NORTH KANSAS CITY 74,NORTH KANSAS CITY 74,MO,Clay County,32.0,30.0,19862.0,600.0,19262.0,1494.0,33.5,69.42,487.24,674.25,,1264.41,1230.91,133.0,15.0,49.5,,74.67,27.93,53.35,,6.5,,1069.54,2693.9,NCES_CCD_LEA_Official_Releases,Regular Public District,Major Suburban Unified,True,False,False,False,False,Modern_Harmonized_CCD,59.85,21.5,74.85,15.0,3.0132917128184475,0.7552109555935957,1.0824690363508207,3.768502668412043,2.4921961534588664,3.75944013694492,61.97311448998087,4.8622563794266025,1.2186106214101762,1.7466752240212526,6.080867000836778,2.2216860314042837,2.7784995731096176,45.69249044136753,1.6671875,2.3390625,372.2961574507966,3055.6923076923076,23.072352389878166
2014-2015,2922830,NORTH PLATTE CO. R-I,NORTH PLATTE CO. R-I,MO,Platte County,5.0,4.0,607.0,5.0,602.0,42.0,1.0,3.41,22.95,27.26,,54.62,53.62,7.9,1.59,2.0,,1.53,2.0,2.59,,1.0,,9.0,82.23,NCES_CCD_LEA_Official_Releases,Regular Public District,Independent Town / Exurban,True,False,False,False,False,Modern_Harmonized_CCD,3.59,2.59,5.18,1.59,5.914332784184514,2.6194398682042834,4.266886326194399,8.533772652388798,3.2948929159802307,2.520593080724877,88.33607907742997,6.695262961581499,2.965311450951138,4.830287206266318,9.660574412532636,4.365803234829137,6.299404110421987,65.20734525112488,0.518,1.036,234.36293436293437,607.0,20.7027027027027
2014-2015,2923010,OAK GROVE R-VI,OAK GROVE R-VI,MO,Jackson County,4.0,4.0,2003.0,34.0,1969.0,135.0,3.7,7.0,51.0,78.73,,140.43,136.73,22.0,2.29,5.0,,11.57,4.0,6.0,,2.0,,0.68,193.97,NCES_CCD_LEA_Official_Releases,Regular Public District,Rural / Peripheral,True,False,False,False,False,Modern_Harmonized_CCD,8.0,4.29,10.29,2.29,3.99400898652022,1.143285072391413,2.141787319021468,5.137294058911632,2.4962556165751373,5.776335496754868,68.2626060908637,5.850947122065385,1.6748336136912165,3.1375703942075623,7.5257807357566,4.124349126153529,5.304944063514976,70.4902820023715,1.5,2.5725,333.8333333333333,1001.5,22.78833333333333
2014-2015,2923220,ORRICK R-XI,ORRICK R-XI,MO,Ray County,2.0,2.0,349.0,20.0,329.0,21.0,1.0,2.06,13.16,12.92,,29.14,28.14,6.0,0.43,1.43,,0.65,0.0,2.0,,1.0,,0.0,40.65,NCES_CCD_LEA_Official_Releases,Regular Public District,Rural / Peripheral,True,False,False,False,False,Modern_Harmonized_CCD,3.0,1.43,3.43,0.43,8.595988538681949,1.2320916905444126,4.097421203438395,9.82808022922636,4.097421203438395,1.8624641833810889,80.63037249283668,10.660980810234541,1.5280739161336174,5.081734186211798,12.189054726368159,7.380073800738007,8.437884378843789,69.22509225092251,1.0,1.715,174.5,349.0,14.07
2014-2015,2923550,PARK HILL,PARK HILL,MO,Platte County,17.0,16.0,10924.0,208.0,10716.0,822.0,16.7,44.79,271.81,389.6,,722.9,706.2,138.84,2.5,26.0,,39.15,16.0,34.0,,5.0,,379.49,1363.88,NCES_CCD_LEA_Official_Releases,Regular Public District,Major Suburban Unified,True,False,False,False,False,Modern_Harmonized_CCD,39.0,7.5,41.5,2.5,3.570120834859026,0.2288538996704504,0.6865616990113511,3.798974734529476,2.380080556572684,3.5838520688392532,64.64664957890882,5.52251486830926,0.35400736335315774,1.0620220900594732,5.876522231662419,2.8594891046133086,3.042789688242367,51.778748863536386,2.0,2.4411764705882355,321.29411764705884,2184.8,20.77058823529412
2014-2015,2900587,PATHWAY ACADEMY,PATHWAY ACADEMY,MO,Jackson County,1.0,1.0,434.0,0.0,434.0,64.0,0.0,2.99,24.51,,,27.5,27.5,4.0,0.5,1.0,,2.0,0.0,1.0,,0.0,,1.5,37.5,NCES_CCD_LEA_Official_Releases,Charter LEA,Charter LEA,False,False,False,False,False,Modern_Harmonized_CCD,1.0,0.5,1.5,0.5,2.304147465437788,1.152073732718894,1.152073732718894,3.4562211981566824,2.304147465437788,4.608294930875576,63.364055299539174,3.6363636363636362,1.8181818181818181,1.8181818181818181,5.454545454545454,2.666666666666667,4.0,73.33333333333333,1.0,1.5,434.0,,27.5
2014-2015,2925230,PLATTE CO. R-III,PLATTE CO. R-III,MO,Platte County,8.0,7.0,3964.0,71.0,3893.0,291.0,4.2,18.16,133.82,125.92,,282.1,277.9,37.0,11.25,12.1,,17.75,3.46,13.0,,4.0,,44.0,424.66,NCES_CCD_LEA_Official_Releases,Regular Public District,Independent Town / Exurban,True,False,False,False,False,Modern_Harmonized_CCD,17.0,15.25,28.25,11.25,4.288597376387487,2.838042381432896,3.8471241170534816,7.126639757820383,3.0524722502522703,4.477800201816347,70.10595358224016,6.1173083843109035,4.048218783735156,5.487585462396546,10.165527168046061,4.00320256204964,6.6523807281119005,65.44058776432911,1.625,3.53125,304.9230769230769,991.0,21.376923076923074
2014-2015,2925330,PLEASANT HILL R-III,PLEASANT HILL R-III,MO,Cass County,5.0,5.0,2210.0,169.0,2041.0,158.0,2.86,9.46,62.65,61.9,,136.87,134.01,21.17,3.0,6.85,,9.18,5.5,6.44,,3.0,,25.0,217.01,NCES_CCD_LEA_Official_Releases,Regular Public District,Independent Town / Exurban,True,False,False,False,False,Modern_Harmonized_CCD,9.440000000000001,6.0,12.440000000000001,3.0,4.271493212669683,1.3574660633484161,2.7149321266968323,5.6289592760181,3.0995475113122173,4.153846153846154,60.63800904977376,7.044250429072458,2.238638907544213,4.477277815088426,9.282889336616671,4.350029952536751,5.732454725588684,61.752914612229844,1.288,2.4880000000000004,343.167701863354,736.6666666666666,20.809006211180122
2014-2015,2923730,RAYMORE-PECULIAR R-II,RAYMORE-PECULIAR R-II,MO,Cass County,10.0,10.0,6036.0,37.0,5999.0,400.0,6.03,26.72,189.81,168.96,,391.52,385.49,67.4,8.02,15.08,,36.77,9.95,20.12,,4.0,,81.0,633.86,NCES_CCD_LEA_Official_Releases,Regular Public District,Major Suburban Unified,True,False,False,False,False,Modern_Harmonized_CCD,24.12,12.02,32.14,8.02,3.9960238568588475,1.3286944996686545,1.9913850231941683,5.324718356527502,2.498343273691186,6.091782637508285,63.86514247846256,6.256971646475915,2.080469013463384,3.1181094191807825,8.337440659939297,3.8052566812860884,5.070520304168113,60.81626857665731,2.012,3.214,300.0,1509.0,19.15954274353877
2014-2015,2926070,RAYTOWN C-2,RAYTOWN C-2,MO,Jackson County,19.0,16.0,9113.0,257.0,8856.0,682.0,18.37,35.23,254.94,320.31,,628.85,610.48,203.93,23.25,25.0,,51.27,9.81,28.95,,9.0,,520.0,1500.06,NCES_CCD_LEA_Official_Releases,Regular Public District,Major Suburban Unified,True,False,False,False,False,Modern_Harmonized_CCD,37.95,32.25,61.2,23.25,4.164380555250741,2.5513003401733787,3.5389004718533963,6.71568089542412,2.74333369911116,5.626028750137166,66.99001426533525,6.216419866334688,3.8084785742366662,5.282728344908924,10.024898440571354,2.5298988040478383,4.079836806527739,40.69703878511526,1.5236842105263158,3.2210526315789476,314.7841105354059,1012.5555555555555,21.087392055267703
2014-2015,2926480,RICHMOND R-XVI,RICHMOND R-XVI,MO,Ray County,4.0,4.0,1586.0,33.0,1553.0,121.0,2.5,6.0,46.94,52.4,,107.84,105.34,12.33,2.17,4.5,,5.27,2.79,6.0,,2.0,,22.18,165.08,NCES_CCD_LEA_Official_Releases,Regular Public District,Rural / Peripheral,True,False,False,False,False,Modern_Harmonized_CCD,8.0,4.17,10.17,2.17,5.044136191677175,1.3682219419924337,2.629255989911728,6.412358133669609,2.837326607818411,3.322824716267339,66.41866330390921,7.594456047085628,2.0599962027719765,3.958610214543383,9.654452249857604,4.84613520717228,6.16064938211776,63.811485340440996,1.5,2.5425,264.3333333333333,793.0,17.55666666666667
2014-2015,2900019,SCUOLA VITA NUOVA,SCUOLA VITA NUOVA,MO,Jackson County,1.0,1.0,200.0,0.0,200.0,23.0,0.0,2.74,16.66,,,19.4,19.4,0.0,0.0,1.0,,0.6,0.0,2.0,,0.0,,2.0,25.0,NCES_CCD_LEA_Official_Releases,Charter LEA,Charter LEA,False,False,False,False,False,Modern_Harmonized_CCD,2.0,0.0,2.0,0.0,10.0,0.0,0.0,10.0,5.0,3.0,96.99999999999999,10.309278350515465,0.0,0.0,10.309278350515465,8.0,8.0,77.6,2.0,2.0,100.0,,9.7
2014-2015,2910320,SHERWOOD CASS R-VIII,SHERWOOD CASS R-VIII,MO,Cass County,3.0,3.0,819.0,30.0,789.0,49.0,2.72,0.5,26.5,35.18,,64.9,62.18,14.0,2.0,3.0,,3.28,1.75,3.0,,1.0,,23.0,115.93,NCES_CCD_LEA_Official_Releases,Regular Public District,Rural / Peripheral,True,False,False,False,False,Modern_Harmonized_CCD,4.0,3.0,6.0,2.0,4.884004884004884,2.442002442002442,3.663003663003663,7.326007326007326,3.663003663003663,4.004884004884005,75.92185592185592,6.43293663557414,3.21646831778707,4.824702476680605,9.64940495336121,3.4503579746398687,5.175536961959803,53.63581471577676,1.0,2.0,273.0,819.0,20.726666666666667
2014-2015,2928410,SMITHVILLE R-II,SMITHVILLE R-II,MO,Clay County,4.0,4.0,2564.0,39.0,2525.0,185.0,4.5,11.12,57.78,87.75,,161.15,156.65,35.39,7.8,5.9,,6.8,4.9,7.5,,3.0,,22.0,254.44,NCES_CCD_LEA_Official_Releases,Regular Public District,Independent Town / Exurban,True,False,False,False,False,Modern_Harmonized_CCD,10.5,10.8,18.3,7.8,4.095163806552263,3.0421216848673946,4.212168486739469,7.137285491419657,2.3010920436817472,2.6521060842433695,61.09594383775351,6.7028407277369935,4.979253112033195,6.8943504628151935,11.682093839770188,4.126709636849553,7.1922653670806485,61.56657758214118,1.875,4.575,341.8666666666667,854.6666666666666,20.886666666666667
2014-2015,2929670,STRASBURG C-3,STRASBURG C-3,MO,Cass County,1.0,1.0,146.0,0.0,146.0,9.0,0.0,1.39,10.36,0.0,,11.75,11.75,0.0,0.25,0.0,,0.0,0.0,0.0,,0.0,,4.0,16.0,NCES_CCD_LEA_Official_Releases,Regular Public District,Rural / Peripheral,True,False,False,False,False,Modern_Harmonized_CCD,0.0,0.25,0.25,0.25,0.0,1.7123287671232876,1.7123287671232876,1.7123287671232876,0.0,0.0,80.47945205479452,0.0,2.127659574468085,2.127659574468085,2.127659574468085,0.0,1.5625,73.4375,0.0,0.25,,,
2014-2015,2900027,UNIVERSITY ACADEMY,UNIVERSITY ACADEMY,MO,Jackson County,3.0,3.0,1001.0,0.0,1001.0,135.0,0.0,8.28,32.97,33.25,,74.5,74.5,6.0,0.0,4.0,,4.0,2.0,7.0,,1.0,,130.0,228.5,NCES_CCD_LEA_Official_Releases,Charter LEA,Charter LEA,False,False,False,False,False,Modern_Harmonized_CCD,8.0,1.0,8.0,0.0,7.992007992007992,0.0,0.999000999000999,7.992007992007992,3.996003996003996,3.996003996003996,74.42557442557442,10.738255033557047,0.0,1.342281879194631,10.738255033557047,3.50109409190372,3.50109409190372,32.60393873085339,2.3333333333333335,2.6666666666666665,143.0,1001.0,10.642857142857142
2014-2015,2931110,WASHINGTON,WASHINGTON,MO,Clay County,2.0,1.0,4201.0,161.0,4040.0,286.0,13.18,15.28,144.56,147.5,,320.52,307.34,79.97,3.8,13.38,,33.84,7.38,14.5,,3.5,,2.89,479.78,NCES_CCD_LEA_Official_Releases,Regular Public District,Rural / Peripheral,False,False,False,False,False,Modern_Harmonized_CCD,18.0,7.3,21.8,3.8,4.284694120447512,0.9045465365389193,1.7376815044037133,5.189240656986431,3.1849559628659847,8.055224946441324,73.1587717210188,5.85670592828789,1.236415695971888,2.375219626472311,7.093121624259778,3.7517195381216393,4.543749218391763,64.0585268247947,7.25,10.9,289.7241379310345,1200.2857142857142,21.195862068965514
2014-2015,2931710,WEST PLATTE CO. R-II,WEST PLATTE CO. R-II,MO,Platte County,2.0,2.0,595.0,39.0,556.0,40.0,2.0,4.73,24.14,27.96,,58.83,56.83,4.94,3.29,1.68,,2.29,1.96,2.87,,0.43,,11.93,88.22,NCES_CCD_LEA_Official_Releases,Regular Public District,Independent Town / Exurban,True,False,False,False,False,Modern_Harmonized_CCD,3.3000000000000003,3.72,6.59,3.29,5.546218487394958,5.529411764705882,6.252100840336135,11.07563025210084,2.8235294117647056,3.8487394957983194,95.5126050420168,5.806792187225058,5.78919584726377,6.545838465599156,11.595988034488826,3.7406483790523692,7.469961459986398,64.41849920652913,1.435,3.295,207.3170731707317,1383.7209302325582,19.801393728222994
2015-2016,2003780,Basehor-Linwood,Basehor-Linwood,KS,Leavenworth County,5.0,5.0,2454.0,25.0,2429.0,145.0,1.5,20.5,52.1,76.3,,150.4,148.9,36.7,0.5,4.0,,14.1,2.0,11.3,,2.5,,47.6,269.1,NCES_CCD_LEA_Official_Releases,Regular Public District,Independent Town / Exurban,True,False,False,False,False,Modern_Harmonized_CCD,13.8,3.0,14.3,0.5,5.623471882640587,0.20374898125509372,1.2224938875305624,5.827220863895681,1.6299918500407498,5.745721271393643,60.67644661776691,9.267965077233043,0.33579583613163194,2.0147750167897915,9.603760913364674,5.128205128205128,5.314009661835748,55.33259011519881,2.2600000000000002,2.8600000000000003,217.16814159292034,981.6,13.176991150442477
2015-2016,2012000,Blue Valley,Blue Valley,KS,Johnson County,34.0,34.0,22614.0,509.0,22105.0,1424.0,26.8,294.4,358.6,807.8,,1487.6,1460.8,375.9,33.0,60.4,,209.4,39.0,66.0,,8.0,,343.1,2622.4,NCES_CCD_LEA_Official_Releases,Regular Public District,Major Suburban Unified,True,False,False,False,False,Modern_Harmonized_CCD,74.0,41.0,107.0,33.0,3.272309188997966,1.4592730167153092,1.8130361722826567,4.731582205713275,2.6709118245334746,9.259750596975326,64.59715220659767,5.065717415115006,2.2590361445783134,2.8066812705366924,7.324753559693319,2.821842586943258,4.080231848688225,55.70469798657718,1.9411764705882353,3.1470588235294117,342.6363636363636,2826.75,22.133333333333333
2015-2016,2004050,Bonner Springs,Bonner Springs,KS,Wyandotte County,5.0,5.0,2768.0,80.0,2688.0,201.0,3.0,50.5,52.0,84.8,,190.3,187.3,31.0,4.0,8.0,,20.0,3.0,11.3,,1.0,,60.0,328.6,NCES_CCD_LEA_Official_Releases,Regular Public District,Independent Town / Exurban,True,False,False,False,False,Modern_Harmonized_CCD,12.3,5.0,16.3,4.0,4.44364161849711,1.445086705202312,1.80635838150289,5.888728323699422,2.890173410404624,7.22543352601156,67.66618497109828,6.5670048051254675,2.135611318739989,2.6695141484249865,8.702616123865456,3.7431527693244067,4.960438222763238,56.999391357273275,2.2600000000000002,3.2600000000000002,244.95575221238937,2768.0,16.575221238938052
2015-2016,2005490,De Soto,De Soto,KS,Johnson County,12.0,12.0,7054.0,145.0,6909.0,457.0,6.0,99.0,127.3,249.9,,482.2,476.2,81.4,10.5,13.4,,54.5,3.0,22.0,,2.0,,101.8,770.8,NCES_CCD_LEA_Official_Releases,Regular Public District,Independent Town / Exurban,True,False,False,False,False,Modern_Harmonized_CCD,24.0,12.5,34.5,10.5,3.4023249220300538,1.4885171533881485,1.7720442302239863,4.8908420754182025,1.8996314148001134,7.726112843776581,67.50779699461299,5.03989920201596,2.2049559008819823,2.624947501049979,7.244855102897942,3.1136481577581736,4.475869226777374,61.77996886351842,1.8333333333333333,2.875,320.6363636363636,3527.0,21.645454545454545
2015-2016,2005640,Easton,Easton,KS,Leavenworth County,3.0,3.0,621.0,5.0,616.0,41.0,0.5,11.1,11.1,33.2,,55.9,55.4,0.8,1.0,1.0,,6.3,0.0,4.1,,1.0,,18.3,88.4,NCES_CCD_LEA_Official_Releases,Regular Public District,Rural / Peripheral,True,False,False,False,False,Modern_Harmonized_CCD,5.1,2.0,6.1,1.0,8.21256038647343,1.6103059581320451,3.2206119162640903,9.822866344605474,1.6103059581320451,10.144927536231883,89.2109500805153,9.205776173285198,1.8050541516245486,3.6101083032490973,11.010830324909747,5.769230769230768,6.900452488687782,62.66968325791855,1.3666666666666665,2.033333333333333,151.46341463414635,621.0,13.51219512195122
2015-2016,2006330,Ft Leavenworth,Ft Leavenworth,KS,Leavenworth County,4.0,4.0,1863.0,176.0,1687.0,238.0,6.0,38.5,62.0,22.5,,129.0,123.0,40.4,4.0,4.0,,23.5,3.0,5.0,,1.7,,44.4,255.0,NCES_CCD_LEA_Official_Releases,Regular Public District,Independent Town / Exurban,True,False,False,False,False,Modern_Harmonized_CCD,6.7,5.7,10.7,4.0,3.5963499731615673,2.147074610842727,3.059581320450886,5.743424584004294,2.147074610842727,12.61406333870102,66.02254428341385,5.4471544715447155,3.2520325203252036,4.634146341463414,8.699186991869919,2.627450980392157,4.196078431372548,48.23529411764706,1.25,2.675,372.6,1095.8823529411766,24.6
2015-2016,2006420,Gardner Edgerton,Gardner Edgerton,KS,Johnson County,11.0,11.0,5860.0,249.0,5611.0,460.0,,,,,,,,,,,,,,,,,,,,NCES_CCD_LEA_Official_Releases,Regular Public District,Independent Town / Exurban,True,False,False,True,False,Modern_Harmonized_CCD,,,,,,,,,,,,,,,,,,,,,,,
2015-2016,2000025,KS. State Penitentiary,KS. State Penitentiary,KS,Leavenworth County,1.0,1.0,0.0,0.0,0.0,0.0,0.0,0.0,0.0,0.0,,0.0,0.0,0.0,0.0,0.0,,0.0,0.0,0.0,,0.0,,0.0,0.0,NCES_CCD_LEA_Official_Releases,Specialized State Agency,Specialized State Agency,False,False,False,False,False,Modern_Harmonized_CCD,0.0,0.0,0.0,0.0,,,,,,,,,,,,,,,0.0,0.0,,,
2015-2016,2007950,Kansas City,Kansas City,KS,Wyandotte County,43.0,43.0,22052.0,805.0,21247.0,1765.0,64.5,210.2,523.5,704.8,,1503.0,1438.5,293.0,119.5,47.0,,188.0,21.0,93.0,,15.0,,771.0,3050.5,NCES_CCD_LEA_Official_Releases,Regular Public District,Urban Core Unified,True,False,False,False,False,Modern_Harmonized_CCD,108.0,134.5,227.5,119.5,4.8975149646290586,5.419009613640486,6.099220025394522,10.316524578269544,2.1313259568293126,8.52530382731725,65.23217848721205,7.5078206465067785,8.307264511644073,9.35001737921446,15.815085158150852,3.5404032125881004,7.457793804294378,47.15620390099984,2.1627906976744184,5.290697674418604,237.11827956989248,1470.1333333333334,15.46774193548387
2015-2016,2008340,Lansing,Lansing,KS,Leavenworth County,3.0,3.0,2640.0,35.0,2605.0,184.0,2.9,36.5,47.0,112.1,,198.5,195.6,58.4,0.0,3.0,,21.4,3.0,7.0,,3.0,,42.3,336.6,NCES_CCD_LEA_Official_Releases,Regular Public District,Independent Town / Exurban,True,False,False,False,False,Modern_Harmonized_CCD,10.0,3.0,10.0,0.0,3.787878787878788,0.0,1.1363636363636362,3.787878787878788,1.1363636363636362,8.106060606060606,74.09090909090908,5.112474437627812,0.0,1.5337423312883436,5.112474437627812,2.9708853238265003,2.9708853238265003,58.110516934046345,2.3333333333333335,3.3333333333333335,377.14285714285717,880.0,27.942857142857143
2015-2016,2008430,Leavenworth,Leavenworth,KS,Leavenworth County,7.0,7.0,3836.0,151.0,3685.0,287.0,9.0,56.1,75.2,126.3,,266.6,257.6,92.0,5.0,8.0,,51.0,3.5,18.0,,2.0,,100.0,546.1,NCES_CCD_LEA_Official_Releases,Regular Public District,Independent Town / Exurban,True,False,False,False,False,Modern_Harmonized_CCD,20.0,7.0,25.0,5.0,5.213764337851929,1.3034410844629822,1.8248175182481752,6.517205422314912,2.0855057351407718,13.295099061522418,67.15328467153284,7.763975155279502,1.9409937888198756,2.717391304347826,9.704968944099377,3.662332906061161,4.577916132576451,47.17084783006776,2.5714285714285716,3.5714285714285716,213.11111111111111,1918.0,14.311111111111112
2015-2016,2008970,Louisburg,Louisburg,KS,Miami County,4.0,4.0,1795.0,82.0,1713.0,114.0,2.7,14.8,32.1,58.8,,108.4,105.7,19.0,1.0,2.0,,7.0,2.0,5.5,,1.5,,36.5,182.9,NCES_CCD_LEA_Official_Releases,Regular Public District,Independent Town / Exurban,True,False,False,False,False,Modern_Harmonized_CCD,7.0,2.5,8.0,1.0,3.8997214484679663,0.5571030640668524,1.392757660167131,4.456824512534819,1.1142061281337048,3.8997214484679663,58.8857938718663,6.622516556291391,0.9460737937559129,2.3651844843897827,7.5685903500473035,3.827227993439038,4.373974849644615,57.79114270092946,1.375,2.0,326.3636363636364,1196.6666666666667,19.21818181818182
2015-2016,2010140,Olathe,Olathe,KS,Johnson County,48.0,48.0,29430.0,863.0,28567.0,2123.0,,,,,,,,,,,,,,,,,,,,NCES_CCD_LEA_Official_Releases,Regular Public District,Major Suburban Unified,True,False,False,True,False,Modern_Harmonized_CCD,,,,,,,,,,,,,,,,,,,,,,,
2015-2016,2010260,Osawatomie,Osawatomie,KS,Miami County,4.0,4.0,1185.0,60.0,1125.0,81.0,4.0,11.0,23.5,48.0,,86.5,82.5,2.0,4.0,2.0,,11.5,1.6,5.0,,1.0,,48.0,161.6,NCES_CCD_LEA_Official_Releases,Regular Public District,Independent Town / Exurban,True,False,False,False,False,Modern_Harmonized_CCD,6.0,5.0,10.0,4.0,5.063291139240507,3.3755274261603376,4.219409282700422,8.438818565400844,1.6877637130801688,9.704641350210972,69.62025316455696,7.2727272727272725,4.848484848484849,6.0606060606060606,12.121212121212121,3.7128712871287126,6.188118811881188,51.051980198019805,1.25,2.5,237.0,1185.0,16.5
2015-2016,2010500,Paola,Paola,KS,Miami County,4.0,4.0,2018.0,38.0,1980.0,142.0,1.0,23.5,40.8,69.8,,135.1,134.1,227.0,0.0,2.0,,20.0,2.9,6.0,,4.0,,36.0,433.0,NCES_CCD_LEA_Official_Releases,Regular Public District,Independent Town / Exurban,True,False,False,False,False,Modern_Harmonized_CCD,10.0,4.0,10.0,0.0,4.955401387512389,0.0,1.9821605550049552,4.955401387512389,0.9910802775024776,9.910802775024777,66.45193260654113,7.457121551081284,0.0,2.982848620432513,7.457121551081284,2.3094688221709005,2.3094688221709005,30.969976905311775,1.5,2.5,336.3333333333333,504.5,22.349999999999998
2015-2016,2010680,Piper-Kansas City,Piper-Kansas City,KS,Wyandotte County,4.0,4.0,2128.0,110.0,2018.0,146.0,4.5,15.6,37.0,65.0,,122.1,117.6,13.5,1.0,4.0,,8.0,3.0,6.0,,1.0,,36.9,195.5,NCES_CCD_LEA_Official_Releases,Regular Public District,Independent Town / Exurban,True,False,False,False,False,Modern_Harmonized_CCD,7.0,2.0,8.0,1.0,3.289473684210526,0.4699248120300752,0.9398496240601504,3.7593984962406015,1.8796992481203008,3.7593984962406015,55.26315789473684,5.9523809523809526,0.8503401360544218,1.7006802721088436,6.802721088435375,3.580562659846547,4.092071611253197,60.153452685421996,1.5,2.0,354.6666666666667,2128.0,19.599999999999998
2015-2016,2000018,School for Blind,School for Blind,KS,Wyandotte County,2.0,0.0,38.0,1.0,37.0,1.0,1.0,0.6,1.0,9.2,,11.8,10.8,0.0,1.0,0.0,,0.0,0.0,0.0,,0.0,,0.0,12.8,NCES_CCD_LEA_Official_Releases,Specialized State Agency,Specialized State Agency,False,False,False,False,False,Modern_Harmonized_CCD,0.0,1.0,1.0,1.0,0.0,26.31578947368421,26.31578947368421,26.31578947368421,0.0,0.0,284.2105263157895,0.0,9.25925925925926,9.25925925925926,9.25925925925926,0.0,7.8125,84.375,0.0,0.5,,,
2015-2016,2000019,School for Deaf,School for Deaf,KS,Johnson County,2.0,0.0,110.0,13.0,97.0,6.0,3.0,4.0,8.0,15.7,,30.7,27.7,0.0,2.0,0.0,,1.0,1.0,2.0,,1.6,,0.0,38.3,NCES_CCD_LEA_Official_Releases,Specialized State Agency,Specialized State Agency,False,False,False,False,False,Modern_Harmonized_CCD,3.6,3.6,5.6,2.0,32.72727272727273,18.18181818181818,32.72727272727273,50.90909090909091,0.0,9.09090909090909,251.81818181818184,12.996389891696753,7.2202166064981945,12.996389891696753,20.216606498194945,9.399477806788513,14.621409921671018,72.32375979112273,1.0,2.8,55.0,68.75,13.85
2015-2016,2011640,Shawnee Mission Pub Sch,Shawnee Mission Pub Sch,KS,Johnson County,43.0,43.0,27643.0,368.0,27275.0,2091.0,15.0,405.8,603.0,723.0,,1746.8,1731.8,328.9,43.6,26.5,,195.1,5.0,67.8,,8.0,,422.3,2844.0,NCES_CCD_LEA_Official_Releases,Regular Public District,Major Suburban Unified,True,False,False,False,False,Modern_Harmonized_CCD,75.8,51.6,119.4,43.6,2.742104691965416,1.5772528307347249,1.8666570198603625,4.319357522700141,0.9586513764786746,7.057844662301487,62.648771840972394,4.376948839357894,2.517611733456519,2.9795588405127615,6.894560572814414,2.6652601969057663,4.198312236286919,60.89310829817158,1.5767441860465115,2.776744186046512,407.71386430678467,3455.375,25.542772861356934
2015-2016,2011850,Spring Hill,Spring Hill,KS,Johnson County,7.0,7.0,3649.0,83.0,3566.0,257.0,5.0,38.0,53.1,114.9,,211.0,206.0,80.9,2.0,7.0,,25.6,0.0,10.0,,2.0,,54.9,393.4,NCES_CCD_LEA_Official_Releases,Regular Public District,Independent Town / Exurban,True,False,False,False,False,Modern_Harmonized_CCD,12.0,4.0,14.0,2.0,3.288572211564812,0.5480953685941354,1.0961907371882709,3.8366675801589474,1.9183337900794737,7.015620718004934,56.45382296519595,5.825242718446602,0.9708737864077669,1.9417475728155338,6.796116504854369,3.0503304524656842,3.558718861209965,52.36400610066091,1.4285714285714286,2.0,364.9,1824.5,20.6
2015-2016,2012210,Tonganoxie,Tonganoxie,KS,Leavenworth County,3.0,3.0,1966.0,19.0,1947.0,130.0,2.1,28.2,44.2,79.5,,154.0,151.9,44.0,1.5,4.0,,9.5,1.0,5.5,,2.5,,77.0,299.0,NCES_CCD_LEA_Official_Releases,Regular Public District,Independent Town / Exurban,True,False,False,False,False,Modern_Harmonized_CCD,8.0,4.0,9.5,1.5,4.0691759918616475,0.762970498474059,2.0345879959308237,4.832146490335707,2.0345879959308237,4.832146490335707,77.26347914547304,5.266622778143516,0.9874917709019091,2.633311389071758,6.254114549045424,2.6755852842809364,3.177257525083612,50.802675585284284,1.8333333333333333,3.1666666666666665,357.45454545454544,786.4,27.61818181818182
2015-2016,2012360,Turner-Kansas City,Turner-Kansas City,KS,Wyandotte County,7.0,7.0,4249.0,212.0,4037.0,338.0,6.0,46.8,77.9,131.9,,262.6,256.6,73.0,13.0,10.0,,38.1,1.0,15.0,,5.0,,105.2,522.9,NCES_CCD_LEA_Official_Releases,Regular Public District,Independent Town / Exurban,True,False,False,False,False,Modern_Harmonized_CCD,20.0,18.0,33.0,13.0,4.706989879971758,3.0595434219816426,4.236290891974582,7.766533301953401,2.353494939985879,8.9668157213462,60.39068016003766,7.79423226812159,5.066250974279033,7.01480904130943,12.860483242400623,3.8248231019315355,6.310958118187034,49.07248039778161,2.142857142857143,4.714285714285714,283.26666666666665,849.8,17.10666666666667
2015-2016,2900017,ACADEMIE LAFAYETTE,ACADEMIE LAFAYETTE,MO,Jackson County,2.0,2.0,907.0,0.0,907.0,120.0,,7.14,56.96,,,64.1,64.1,3.9,0.0,0.0,,5.9,1.5,5.0,,0.1,,1.0,81.5,NCES_CCD_LEA_Official_Releases,Charter LEA,Charter LEA,False,False,False,False,False,Modern_Harmonized_CCD,5.1,0.1,5.1,0.0,5.622932745314222,0.0,0.11025358324145536,5.622932745314222,0.0,6.504961411245866,70.67254685777287,7.956318252730108,0.0,0.15600624024961002,7.956318252730108,6.257668711656442,6.257668711656442,78.65030674846625,2.5,2.55,181.4,9070.0,12.819999999999999
2015-2016,2900604,ACADEMY FOR INTEGRATED ARTS,ACADEMY FOR INTEGRATED ARTS,MO,Jackson County,1.0,1.0,120.0,0.0,120.0,22.0,,1.0,7.0,,,8.0,8.0,2.5,0.0,0.6,,0.0,0.0,2.0,,0.0,,1.0,14.1,NCES_CCD_LEA_Official_Releases,Charter LEA,Charter LEA,False,False,False,False,False,Modern_Harmonized_CCD,2.0,0.0,2.0,0.0,16.666666666666668,0.0,0.0,16.666666666666668,5.0,0.0,66.66666666666667,25.0,0.0,0.0,25.0,14.184397163120568,14.184397163120568,56.73758865248227,2.0,2.0,60.0,,4.0
2015-2016,2900025,ALLEN VILLAGE,ALLEN VILLAGE,MO,Jackson County,2.0,2.0,672.0,0.0,672.0,34.0,,2.42,29.71,12.1,,44.23,44.23,12.0,2.25,1.5,,1.0,0.0,2.25,,0.25,,0.0,63.48,NCES_CCD_LEA_Official_Releases,Charter LEA,Charter LEA,False,False,False,False,False,Modern_Harmonized_CCD,2.5,2.5,4.75,2.25,3.720238095238095,3.3482142857142856,3.720238095238095,7.068452380952381,2.232142857142857,1.488095238095238,65.81845238095238,5.652272213429799,5.0870449920868195,5.652272213429799,10.739317205516619,3.938248267170762,7.482671707624449,69.67548834278513,1.125,2.375,298.6666666666667,2688.0,19.657777777777778
2015-2016,2900029,ALTA VISTA CHARTER SCH.,ALTA VISTA CHARTER SCH.,MO,Jackson County,3.0,3.0,849.0,0.0,849.0,76.0,,4.0,20.0,48.63,,72.63,72.63,4.0,1.98,4.0,,8.96,0.0,6.0,,0.99,,0.0,98.56,NCES_CCD_LEA_Official_Releases,Charter LEA,Charter LEA,False,False,False,False,False,Modern_Harmonized_CCD,6.99,2.9699999999999998,8.97,1.98,8.23321554770318,2.332155477031802,3.4982332155477027,10.565371024734983,4.7114252061248525,10.553592461719672,85.54770318021201,9.62412226352747,2.7261462205700124,4.089219330855019,12.350268484097482,7.092126623376624,9.101055194805195,73.69115259740259,2.0,2.99,141.5,857.5757575757576,12.104999999999999
2015-2016,2903200,ARCHIE R-V,ARCHIE R-V,MO,Cass County,2.0,2.0,546.0,8.0,538.0,37.0,1.26,2.19,14.55,26.05,,44.05,42.79,7.75,0.21,0.7,,2.15,0.52,2.0,,1.0,,8.15,66.53,NCES_CCD_LEA_Official_Releases,Regular Public District,Rural / Peripheral,True,False,False,False,False,Modern_Harmonized_CCD,3.0,1.21,3.21,0.21,5.4945054945054945,0.38461538461538464,2.2161172161172162,5.8791208791208796,1.2820512820512822,3.9377289377289375,78.36996336996337,7.0109838747370885,0.4907688712315962,2.827763496143959,7.501752745968685,4.5092439500977,4.824891026604539,64.31684954156019,1.0,1.605,273.0,546.0,21.395
2015-2016,2900011,B. BANNEKER ACADEMY,B. BANNEKER ACADEMY,MO,Jackson County,1.0,1.0,369.0,12.0,357.0,45.0,1.0,2.0,20.2,,,23.2,22.2,4.35,0.0,0.0,,3.0,0.0,2.0,,0.0,,6.0,38.55,NCES_CCD_LEA_Official_Releases,Charter LEA,Charter LEA,False,False,False,False,False,Modern_Harmonized_CCD,2.0,0.0,2.0,0.0,5.420054200542006,0.0,0.0,5.420054200542006,0.0,8.130081300813009,60.162601626016254,9.00900900900901,0.0,0.0,9.00900900900901,5.188067444876784,5.188067444876784,57.587548638132304,2.0,2.0,184.5,,11.1
2015-2016,2904620,BELTON 124,BELTON 124,MO,Cass County,9.0,8.0,4924.0,263.0,4661.0,350.0,15.03,19.17,152.21,124.2,,310.61,295.58,83.0,11.7,12.0,,24.5,7.95,15.9,,6.0,,81.25,552.91,NCES_CCD_LEA_Official_Releases,Regular Public District,Independent Town / Exurban,True,False,False,False,False,Modern_Harmonized_CCD,21.9,17.7,33.599999999999994,11.7,4.447603574329812,2.3761169780666123,3.5946385052802596,6.823720552396424,2.437043054427295,4.975629569455727,60.028432168968315,7.409161648284729,3.958319236754855,5.98822653765478,11.367480885039583,3.960861623048959,6.076938380568266,53.4589716228681,1.7666666666666666,3.7333333333333325,309.68553459119494,820.6666666666666,18.58993710691824
2015-2016,2905310,BLUE SPRINGS R-IV,BLUE SPRINGS R-IV,MO,Jackson County,22.0,21.0,14317.0,176.0,14141.0,933.0,18.74,58.14,357.67,463.87,,898.42,879.68,158.5,17.5,36.0,,55.28,12.72,47.0,,6.0,,143.5,1374.92,NCES_CCD_LEA_Official_Releases,Regular Public District,Major Suburban Unified,True,False,False,False,False,Modern_Harmonized_CCD,53.0,23.5,70.5,17.5,3.70189285464832,1.2223231123838794,1.6414053223440666,4.924215967032199,2.514493259761123,3.8611440944331914,61.4430397429629,6.024918152055293,1.9893597671880685,2.6714259730811207,8.014277919243362,3.8547697320571372,5.127571058679777,63.98044977162307,2.1363636363636362,3.2045454545454546,304.6170212765957,2386.1666666666665,18.71659574468085
2015-2016,2900024,BROOKSIDE CHARTER SCH.,BROOKSIDE CHARTER SCH.,MO,Jackson County,2.0,2.0,534.0,0.0,534.0,49.0,,4.19,24.62,15.19,,44.0,44.0,0.0,0.1,0.0,,2.0,1.0,4.8,,1.0,,0.0,52.9,NCES_CCD_LEA_Official_Releases,Charter LEA,Charter LEA,False,False,False,False,False,Modern_Harmonized_CCD,5.8,1.1,5.8999999999999995,0.1,10.861423220973784,0.18726591760299627,2.059925093632959,11.048689138576778,0.0,3.745318352059925,82.39700374531834,13.18181818181818,0.2272727272727273,2.5,13.409090909090907,10.964083175803403,11.153119092627598,83.17580340264651,2.4,2.9499999999999997,111.25,534.0,9.166666666666668
2015-2016,2908250,CENTER 58,CENTER 58,MO,Jackson County,8.0,6.0,2679.0,177.0,2502.0,214.0,10.18,11.0,85.62,110.35,,217.15,206.97,49.0,10.42,6.4,,34.4,3.0,10.8,,1.0,,80.2,412.37,NCES_CCD_LEA_Official_Releases,Regular Public District,Urban Core Unified,True,False,False,False,False,Modern_Harmonized_CCD,11.8,11.42,22.22,10.42,4.404628592758493,3.889511011571482,4.262784621127286,8.294139604329974,2.3889511011571485,12.840612168719671,77.25643896976483,5.701309368507514,5.034546069478668,5.5177078803691355,10.735855437986181,2.8615078691466405,5.388364818003249,50.19036302349832,1.35,2.7775,248.05555555555554,2679.0,19.163888888888888
2015-2016,2900612,CITIZENS OF THE WORLD CHARTER,CITIZENS OF THE WORLD CHARTER,MO,Jackson County,0.0,0.0,0.0,0.0,0.0,0.0,,,,,,,,,,,,,,,,,,,,NCES_CCD_LEA_Official_Releases,Charter LEA,Charter LEA,False,False,False,True,False,Modern_Harmonized_CCD,,,,,,,,,,,,,,,,,,,,,,,
2015-2016,2900603,CROSSROADS ACAD OF KANSAS CITY,CROSSROADS ACAD OF KANSAS CITY,MO,Jackson County,1.0,1.0,349.0,0.0,349.0,55.0,,3.9,22.7,,,26.6,26.6,0.0,0.0,0.31,,1.0,0.0,0.0,,0.0,,0.0,27.91,NCES_CCD_LEA_Official_Releases,Charter LEA,Charter LEA,False,False,False,False,False,Modern_Harmonized_CCD,0.0,0.0,0.0,0.0,0.0,0.0,0.0,0.0,0.8882521489971347,2.865329512893983,76.21776504297995,0.0,0.0,0.0,0.0,0.0,0.0,95.30634181297026,0.0,0.0,,,
2015-2016,2900593,DELASALLE CHARTER SCHOOL,DELASALLE CHARTER SCHOOL,MO,Jackson County,1.0,1.0,227.0,0.0,227.0,0.0,,,,20.0,,20.0,20.0,0.0,0.0,0.0,,0.0,0.0,0.0,,0.0,,2.0,22.0,NCES_CCD_LEA_Official_Releases,Charter LEA,Charter LEA,False,False,False,False,False,Modern_Harmonized_CCD,0.0,0.0,0.0,0.0,0.0,0.0,0.0,0.0,0.0,0.0,88.1057268722467,0.0,0.0,0.0,0.0,0.0,0.0,90.9090909090909,0.0,0.0,,,
2015-2016,2900013,DELLA LAMB ELEM.,DELLA LAMB ELEM.,MO,Jackson County,2.0,2.0,548.0,0.0,548.0,72.0,,7.08,46.92,,,54.0,54.0,1.79,3.0,0.0,,41.96,0.0,1.0,,1.0,,8.0,110.75,NCES_CCD_LEA_Official_Releases,Charter LEA,Charter LEA,False,False,False,False,False,Modern_Harmonized_CCD,2.0,4.0,5.0,3.0,3.6496350364963503,5.474452554744526,7.299270072992701,9.124087591240874,0.0,76.56934306569343,98.54014598540147,3.7037037037037033,5.555555555555555,7.4074074074074066,9.25925925925926,1.805869074492099,4.514672686230249,48.75846501128668,0.5,2.5,548.0,548.0,54.0
2015-2016,2900009,DIVISION OF YOUTH SERVICE,DIVISION OF YOUTH SERVICE,MO,Clay County,5.0,4.0,748.0,0.0,748.0,0.0,,,,113.46,,113.46,113.46,0.0,7.0,1.0,,0.0,0.0,0.0,,1.0,,0.0,122.46,NCES_CCD_LEA_Official_Releases,Specialized State Agency,Specialized State Agency,False,True,False,False,False,Modern_Harmonized_CCD,1.0,8.0,8.0,7.0,1.3368983957219251,9.358288770053475,10.695187165775401,10.695187165775401,1.3368983957219251,0.0,151.68449197860963,0.8813678829543451,6.169575180680416,7.050943063634761,7.050943063634761,0.8165931732810714,6.532745386248571,92.65066144047036,0.0,1.6,,748.0,
2015-2016,2911070,DREXEL R-IV,DREXEL R-IV,MO,Cass County,2.0,2.0,333.0,20.0,313.0,17.0,1.0,1.0,10.2,18.05,,30.25,29.25,5.0,0.0,1.0,,1.66,1.0,1.79,,1.6,,0.0,42.3,NCES_CCD_LEA_Official_Releases,Regular Public District,Rural / Peripheral,True,False,False,False,False,Modern_Harmonized_CCD,3.39,1.6,3.39,0.0,10.18018018018018,0.0,4.804804804804806,10.18018018018018,3.003003003003003,4.984984984984985,87.83783783783784,11.58974358974359,0.0,5.47008547008547,11.58974358974359,8.01418439716312,8.01418439716312,69.14893617021278,0.895,1.695,186.0335195530726,208.125,16.34078212290503
2015-2016,2911160,EAST LYNNE 40,EAST LYNNE 40,MO,Cass County,1.0,1.0,194.0,18.0,176.0,16.0,1.0,1.23,11.62,0.0,,13.85,12.85,3.75,0.4,0.0,,0.0,0.35,0.0,,1.0,,2.2,21.55,NCES_CCD_LEA_Official_Releases,Regular Public District,Rural / Peripheral,True,False,False,False,False,Modern_Harmonized_CCD,1.0,1.4,1.4,0.4,5.154639175257732,2.061855670103093,7.216494845360824,7.216494845360824,0.0,0.0,66.23711340206185,7.782101167315175,3.1128404669260705,10.894941634241246,10.894941634241246,4.640371229698376,6.496519721577726,59.62877030162412,0.0,1.4,,194.0,
2015-2016,2900597,EWING MARION KAUFFMAN SCHOOL,EWING MARION KAUFFMAN SCHOOL,MO,Jackson County,2.0,2.0,690.0,0.0,690.0,0.0,,,0.0,63.72,,63.72,63.72,4.0,6.28,0.0,,3.0,0.0,3.5,,0.5,,0.0,81.0,NCES_CCD_LEA_Official_Releases,Charter LEA,Charter LEA,False,False,False,False,False,Modern_Harmonized_CCD,4.0,6.78,10.280000000000001,6.28,5.797101449275362,9.101449275362318,9.82608695652174,14.898550724637683,0.0,4.3478260869565215,92.34782608695652,6.277463904582549,9.855618330194602,10.64030131826742,16.133082234777152,4.938271604938271,12.69135802469136,78.66666666666666,1.75,5.140000000000001,197.14285714285714,1380.0,18.205714285714286
2015-2016,2911650,EXCELSIOR SPRINGS 40,EXCELSIOR SPRINGS 40,MO,Clay County,7.0,5.0,2946.0,144.0,2802.0,183.0,6.0,11.33,76.94,125.86,,220.13,214.13,29.96,12.0,7.0,,17.11,4.87,10.0,,4.0,,48.58,353.65,NCES_CCD_LEA_Official_Releases,Regular Public District,Independent Town / Exurban,True,False,False,False,False,Modern_Harmonized_CCD,14.0,16.0,26.0,12.0,4.752206381534283,4.0733197556008145,5.431093007467752,8.825526137135098,2.3761031907671417,5.807875084860828,72.68499660556687,6.538084341288003,5.604072292532574,7.472096390043431,12.142156633820576,3.9587162448748763,7.35190159762477,60.54856496536124,1.4285714285714286,3.7142857142857144,294.6,736.5,21.413
2015-2016,2912290,FORT OSAGE R-I,FORT OSAGE R-I,MO,Jackson County,11.0,8.0,5084.0,106.0,4978.0,371.0,8.2,23.16,155.74,152.9,,340.0,331.8,94.78,9.6,14.0,,22.45,13.0,13.9,,6.75,,92.25,606.73,NCES_CCD_LEA_Official_Releases,Regular Public District,Independent Town / Exurban,True,False,False,False,False,Modern_Harmonized_CCD,20.65,16.35,30.25,9.6,4.061762391817466,1.8882769472856018,3.215971675845791,5.950039339103069,2.753737214791503,4.415814319433516,65.26357199055862,6.223628691983122,2.8933092224231465,4.9276672694394215,9.116937914406268,3.4034908443624015,4.985743246584148,54.6865986517891,1.2636363636363637,2.75,365.75539568345323,753.1851851851852,23.8705035971223
2015-2016,2900590,FRONTIER SCHOOL OF INNOVATION,FRONTIER SCHOOL OF INNOVATION,MO,Jackson County,5.0,5.0,1487.0,0.0,1487.0,115.0,,6.18,37.72,60.2,,104.1,104.1,2.0,1.9,0.0,,4.0,2.0,16.6,,1.0,,0.0,131.6,NCES_CCD_LEA_Official_Releases,Charter LEA,Charter LEA,False,False,False,False,False,Modern_Harmonized_CCD,17.6,2.9,19.5,1.9,11.83591123066577,1.277740416946873,1.9502353732347009,13.113651647612643,0.0,2.6899798251513114,70.00672494956288,16.906820365033624,1.8251681075888568,2.785782901056676,18.73198847262248,13.373860182370823,14.817629179331307,79.1033434650456,3.3200000000000003,3.9,89.57831325301204,1487.0,6.2710843373493965
2015-2016,2900016,GENESIS SCHOOL INC.,GENESIS SCHOOL INC.,MO,Jackson County,1.0,1.0,285.0,0.0,285.0,42.0,,1.0,0.0,18.0,,19.0,19.0,6.0,1.0,0.0,,13.0,1.0,1.0,,1.0,,3.0,45.0,NCES_CCD_LEA_Official_Releases,Charter LEA,Charter LEA,False,False,False,False,False,Modern_Harmonized_CCD,2.0,2.0,3.0,1.0,7.017543859649123,3.5087719298245617,7.017543859649123,10.526315789473683,0.0,45.6140350877193,66.66666666666667,10.526315789473683,5.263157894736842,10.526315789473683,15.789473684210526,4.444444444444445,6.666666666666667,42.22222222222222,1.0,3.0,285.0,285.0,19.0
2015-2016,2900015,GORDON PARKS ELEM.,GORDON PARKS ELEM.,MO,Jackson County,1.0,1.0,173.0,0.0,173.0,55.0,,3.47,18.53,,,22.0,22.0,3.0,0.25,0.8,,2.0,0.0,1.0,,0.0,,3.0,32.05,NCES_CCD_LEA_Official_Releases,Charter LEA,Charter LEA,False,False,False,False,False,Modern_Harmonized_CCD,1.0,0.25,1.25,0.25,5.780346820809248,1.445086705202312,1.445086705202312,7.22543352601156,4.624277456647399,11.560693641618496,127.16763005780346,4.545454545454546,1.1363636363636365,1.1363636363636365,5.681818181818182,3.1201248049921997,3.9001560062402496,68.6427457098284,1.0,1.25,173.0,,22.0
2015-2016,2913080,GRAIN VALLEY R-V,GRAIN VALLEY R-V,MO,Jackson County,8.0,7.0,4121.0,84.0,4037.0,301.0,7.0,17.69,113.49,147.82,,286.0,279.0,63.0,5.0,10.0,,22.0,7.0,11.0,,3.0,,3.0,410.0,NCES_CCD_LEA_Official_Releases,Regular Public District,Independent Town / Exurban,True,False,False,False,False,Modern_Harmonized_CCD,14.0,8.0,19.0,5.0,3.397233681145353,1.2132977432661975,1.9412763892259162,4.61053142441155,2.426595486532395,5.338510070371269,67.70201407425381,5.017921146953405,1.7921146953405016,2.867383512544803,6.810035842293908,3.414634146341464,4.634146341463414,68.04878048780488,1.375,2.375,374.6363636363636,1373.6666666666667,25.363636363636363
2015-2016,2913140,GRANDVIEW C-4,GRANDVIEW C-4,MO,Jackson County,9.0,8.0,4414.0,129.0,4285.0,369.0,5.85,20.69,138.26,117.54,,282.34,276.49,41.85,6.0,13.0,,13.87,7.96,15.0,,4.0,,89.8,473.82,NCES_CCD_LEA_Official_Releases,Regular Public District,Independent Town / Exurban,True,False,False,False,False,Modern_Harmonized_CCD,19.0,10.0,25.0,6.0,4.304485727231536,1.359311282283643,2.2655188038060716,5.6637970095151795,2.9451744449478934,3.1422745808790213,62.63932940643407,6.871857933379146,2.170060400014467,3.616767333357445,9.041918333393612,4.009961588788992,5.276265248406568,58.353383141277284,1.6666666666666667,2.7777777777777777,294.26666666666665,1103.5,18.432666666666666
2015-2016,2913680,HARDIN-CENTRAL C-2,HARDIN-CENTRAL C-2,MO,Ray County,2.0,2.0,227.0,20.0,207.0,15.0,1.13,1.17,8.94,10.63,,21.87,20.74,5.0,0.0,0.47,,2.24,0.8,2.0,,1.0,,4.0,37.38,NCES_CCD_LEA_Official_Releases,Regular Public District,Rural / Peripheral,True,False,False,False,False,Modern_Harmonized_CCD,3.0,1.0,3.0,0.0,13.215859030837004,0.0,4.405286343612335,13.215859030837004,2.0704845814977975,9.86784140969163,91.36563876651982,14.464802314368372,0.0,4.821600771456123,14.464802314368372,8.025682182985554,8.025682182985554,55.48421615837346,1.0,1.5,113.5,227.0,10.37
2015-2016,2913760,HARRISONVILLE R-IX,HARRISONVILLE R-IX,MO,Cass County,7.0,5.0,2539.0,135.0,2404.0,178.0,2.69,9.91,62.8,113.11,,188.51,185.82,31.72,5.5,8.5,,11.73,3.86,8.5,,4.0,,112.0,374.32,NCES_CCD_LEA_Official_Releases,Regular Public District,Independent Town / Exurban,True,False,False,False,False,Modern_Harmonized_CCD,12.5,9.5,18.0,5.5,4.923198109491926,2.1662071681764474,3.741630563213864,7.089405277668374,3.34777471445451,4.619929105947223,73.18629381646318,6.7269400495102785,2.959853621784523,5.112474437627812,9.686793671294803,3.339388758281684,4.808719811925625,49.6420175251122,1.2142857142857142,2.5714285714285716,298.70588235294116,634.75,21.861176470588234
2015-2016,2914340,HICKMAN MILLS C-1,HICKMAN MILLS C-1,MO,Jackson County,15.0,14.0,6341.0,502.0,5839.0,515.0,38.0,38.0,217.9,181.71,,475.61,437.61,100.41,13.5,14.96,,38.8,13.0,20.0,,4.5,,790.0,1470.78,NCES_CCD_LEA_Official_Releases,Regular Public District,Rural / Peripheral,True,False,False,False,False,Modern_Harmonized_CCD,24.5,18.0,38.0,13.5,3.863743888976502,2.1290017347421544,2.8386689796562057,5.9927456237186565,2.3592493297587134,6.118908689481154,69.01277401040845,5.5985923539224425,3.0849386439980804,4.1132515253307735,8.683530997920522,1.665782781925237,2.5836630903330207,29.753600130542978,1.3333333333333333,2.533333333333333,317.05,1409.111111111111,21.8805
2015-2016,2900014,HOGAN PREPARATORY ACADEMY,HOGAN PREPARATORY ACADEMY,MO,Jackson County,3.0,3.0,1003.0,0.0,1003.0,43.0,,3.8,20.8,61.8,,86.4,86.4,7.0,3.06,2.0,,6.57,5.0,7.99,,1.0,,3.23,122.25,NCES_CCD_LEA_Official_Releases,Charter LEA,Charter LEA,False,False,False,False,False,Modern_Harmonized_CCD,8.99,4.0600000000000005,12.05,3.06,8.963110667996013,3.0508474576271185,4.047856430707877,12.013958125623132,1.9940179461615153,6.5503489531405785,86.14157527417747,10.405092592592592,3.5416666666666665,4.699074074074074,13.94675925925926,7.353783231083845,9.856850715746422,70.67484662576688,2.6633333333333336,4.016666666666667,125.53191489361701,1003.0,10.81351689612015
2015-2016,2900601,HOPE LEADERSHIP ACADEMY,HOPE LEADERSHIP ACADEMY,MO,Jackson County,1.0,1.0,120.0,0.0,120.0,44.0,,2.0,9.0,,,11.0,11.0,1.0,0.0,1.0,,0.0,0.0,2.0,,0.0,,0.0,15.0,NCES_CCD_LEA_Official_Releases,Charter LEA,Charter LEA,False,False,False,False,False,Modern_Harmonized_CCD,2.0,0.0,2.0,0.0,16.666666666666668,0.0,0.0,16.666666666666668,8.333333333333334,0.0,91.66666666666666,18.181818181818183,0.0,0.0,18.181818181818183,13.333333333333334,13.333333333333334,73.33333333333333,2.0,2.0,60.0,,5.5
2015-2016,2915480,INDEPENDENCE 30,INDEPENDENCE 30,MO,Jackson County,30.0,27.0,15083.0,839.0,14244.0,1112.0,21.46,74.85,387.0,436.46,,919.77,898.31,177.19,42.0,34.0,,106.79,18.0,51.0,,9.0,,905.0,2262.75,NCES_CCD_LEA_Official_Releases,Regular Public District,Major Suburban Unified,True,False,False,False,False,Modern_Harmonized_CCD,60.0,51.0,102.0,42.0,3.977988463833455,2.784591924683418,3.3812901942584364,6.762580388516873,2.254193462838958,7.080156467546245,59.55778028243718,6.679208736405028,4.675446115483519,5.677327425944274,11.354654851888547,2.6516407026847864,4.507789194564136,39.6999226604795,1.7,3.4,295.7450980392157,1675.888888888889,17.61392156862745
2015-2016,2916400,KANSAS CITY 33,KANSAS CITY 33,MO,Jackson County,37.0,35.0,15724.0,1001.0,14723.0,1404.0,72.0,80.79,531.03,407.1,,1090.92,1018.92,229.2,21.5,47.0,,130.4,24.62,65.0,,6.0,,731.0,2345.64,NCES_CCD_LEA_Official_Releases,Regular Public District,Urban Core Unified,True,False,False,False,False,Modern_Harmonized_CCD,71.0,27.5,92.5,21.5,4.515390485881455,1.367336555583821,1.7489188501653523,5.882727041465276,2.9890613075553296,8.293055202238618,64.80030526583566,6.968162367997488,2.1100773367879717,2.698936128449731,9.07823970478546,3.02689244726386,3.9434866390409438,43.43889087839566,1.7567567567567568,2.5,241.90769230769232,2620.6666666666665,15.675692307692307
2015-2016,2916450,KEARNEY R-I,KEARNEY R-I,MO,Clay County,7.0,7.0,3477.0,52.0,3425.0,184.0,4.0,11.0,97.25,124.43,,236.68,232.68,53.64,2.2,8.0,,22.6,7.0,10.93,,3.7,,144.81,489.56,NCES_CCD_LEA_Official_Releases,Regular Public District,Independent Town / Exurban,True,False,False,False,False,Modern_Harmonized_CCD,14.629999999999999,5.9,16.83,2.2,4.2076502732240435,0.6327293643945932,1.6968651136036814,4.8403796376186365,2.3008340523439745,6.499856197871728,66.91975841242451,6.287605294825512,0.945504555612859,2.5356713082344853,7.23310985043837,2.9883977449138,3.4377808644497097,47.5283928425525,1.5614285714285714,2.404285714285714,318.1152790484904,939.7297297297297,21.288197621225986
2015-2016,2900031,KIPP: ENDEAVOR ACADEMY,KIPP: ENDEAVOR ACADEMY,MO,Jackson County,1.0,1.0,289.0,0.0,289.0,0.0,,,0.0,23.65,,23.65,23.65,1.0,1.0,2.75,,0.0,0.0,1.2,,1.0,,0.0,30.6,NCES_CCD_LEA_Official_Releases,Charter LEA,Charter LEA,False,False,False,False,False,Modern_Harmonized_CCD,2.2,2.0,3.2,1.0,7.612456747404845,3.4602076124567476,6.920415224913495,11.072664359861593,9.515570934256056,0.0,81.83391003460207,9.30232558139535,4.2283298097251585,8.456659619450317,13.530655391120508,7.189542483660132,10.457516339869281,77.28758169934639,1.2,3.2,240.83333333333334,289.0,19.708333333333332
2015-2016,2918220,LAWSON R-XIV,LAWSON R-XIV,MO,Ray County,3.0,3.0,1135.0,8.0,1127.0,76.0,1.47,6.04,23.92,49.09,,80.52,79.05,5.44,1.5,3.0,,5.65,2.5,5.5,,1.0,,13.5,118.61,NCES_CCD_LEA_Official_Releases,Regular Public District,Rural / Peripheral,True,False,False,False,False,Modern_Harmonized_CCD,6.5,2.5,8.0,1.5,5.726872246696035,1.3215859030837005,2.2026431718061676,7.048458149779736,2.643171806167401,4.977973568281939,69.64757709251101,8.222643896268185,1.8975332068311195,3.1625553447185326,10.120177103099305,5.4801450130680385,6.744793862237586,66.64699435123514,1.8333333333333333,2.6666666666666665,206.36363636363637,1135.0,14.372727272727273
2015-2016,2900028,LEE A. TOLBERT COM. ACADEMY,LEE A. TOLBERT COM. ACADEMY,MO,Jackson County,1.0,1.0,541.0,0.0,541.0,70.0,,5.71,31.8,,,37.51,37.51,9.0,2.29,0.0,,2.0,1.0,3.0,,0.0,,5.0,59.8,NCES_CCD_LEA_Official_Releases,Charter LEA,Charter LEA,False,False,False,False,False,Modern_Harmonized_CCD,3.0,2.29,5.29,2.29,5.545286506469501,4.232902033271719,4.232902033271719,9.77818853974122,0.0,3.6968576709796674,69.33456561922365,7.997867235403892,6.105038656358305,6.105038656358305,14.102905891762196,5.016722408026756,8.846153846153847,62.7257525083612,3.0,5.29,180.33333333333334,,12.503333333333332
2015-2016,2918300,LEE'S SUMMIT R-VII,LEE'S SUMMIT R-VII,MO,Jackson County,27.0,25.0,18084.0,334.0,17750.0,1253.0,29.45,65.22,508.14,591.25,,1194.06,1164.61,193.58,16.61,39.0,,125.26,19.0,54.5,,6.0,,821.0,2469.01,NCES_CCD_LEA_Official_Releases,Regular Public District,Major Suburban Unified,True,False,False,False,False,Modern_Harmonized_CCD,60.5,22.61,77.11,16.61,3.3454987834549876,0.9184914841849148,1.2502764875027648,4.263990267639903,2.1566025215660254,6.926564919265649,64.40002211900021,5.194872103107478,1.426228522853144,1.9414224504340512,6.621100625960623,2.450374846598434,3.1231141226645494,47.16910826606615,2.0185185185185186,2.8559259259259258,331.8165137614679,3014.0,21.368990825688073
2015-2016,2918540,LIBERTY 53,LIBERTY 53,MO,Clay County,20.0,17.0,12257.0,253.0,12004.0,896.0,23.75,48.74,312.36,392.24,,777.09,753.34,128.36,10.3,32.7,,58.88,12.95,38.99,,6.0,,635.38,1700.65,NCES_CCD_LEA_Official_Releases,Regular Public District,Major Suburban Unified,True,False,False,False,False,Modern_Harmonized_CCD,44.99,16.3,55.290000000000006,10.3,3.6705556008811295,0.8403361344537815,1.3298523292812272,4.510891735334911,2.667863261809578,4.803785591906665,61.46202170188464,5.972071043619083,1.3672445376589588,2.163697666392333,7.339315581278043,2.6454590891717875,3.251109869755682,44.29718048981272,1.9495,2.7645000000000004,314.3626570915619,2042.8333333333333,19.321364452423698
2015-2016,2919230,LONE JACK C-6,LONE JACK C-6,MO,Jackson County,2.0,2.0,599.0,42.0,557.0,39.0,1.11,2.0,19.12,24.51,,46.74,45.63,11.1,1.32,1.0,,2.8,1.58,2.0,,1.0,,11.5,79.04,NCES_CCD_LEA_Official_Releases,Regular Public District,Rural / Peripheral,True,False,False,False,False,Modern_Harmonized_CCD,3.0,2.3200000000000003,4.32,1.32,5.0083472454090145,2.2036727879799667,3.873121869782972,7.212020033388982,1.669449081803005,4.674457429048414,76.17696160267113,6.574621959237343,2.8928336620644313,5.084374315143546,9.467455621301776,3.7955465587044532,5.465587044534413,57.73026315789473,1.0,2.16,299.5,599.0,22.815
2015-2016,2931800,MIDWAY R-I,MIDWAY R-I,MO,Cass County,2.0,2.0,424.0,0.0,424.0,35.0,0.21,2.25,17.54,19.47,,39.47,39.26,8.0,0.0,2.0,,3.5,1.9,2.0,,1.0,,9.0,66.87,NCES_CCD_LEA_Official_Releases,Regular Public District,Rural / Peripheral,True,False,False,False,False,Modern_Harmonized_CCD,3.0,1.0,3.0,0.0,7.0754716981132075,0.0,2.3584905660377355,7.0754716981132075,4.716981132075471,8.254716981132075,92.5943396226415,7.641365257259297,0.0,2.547121752419766,7.641365257259297,4.486316733961417,4.486316733961417,58.710931658441744,1.0,1.5,212.0,424.0,19.63
2015-2016,2921060,MISSOURI CITY 56,MISSOURI CITY 56,MO,Clay County,1.0,1.0,34.0,0.0,34.0,7.0,,0.36,3.43,0.0,,3.79,3.79,0.5,0.0,0.2,,0.0,0.2,0.45,,0.0,,0.0,5.14,NCES_CCD_LEA_Official_Releases,Regular Public District,Rural / Peripheral,True,False,False,False,False,Modern_Harmonized_CCD,0.45,0.0,0.45,0.0,13.235294117647058,0.0,0.0,13.235294117647058,5.88235294117647,0.0,111.47058823529412,11.87335092348285,0.0,0.0,11.87335092348285,8.754863813229573,8.754863813229573,73.73540856031128,0.45,0.45,75.55555555555556,,8.422222222222222
2015-2016,2900022,MO SCHLS FOR THE SEV DISABLED,MO SCHLS FOR THE SEV DISABLED,MO,Jackson County,5.0,0.0,845.0,0.0,845.0,23.0,,2.0,173.85,0.0,,175.85,175.85,309.75,0.0,0.0,,0.0,0.0,25.4,,2.0,,0.0,513.0,NCES_CCD_LEA_Official_Releases,Specialized State Agency,Specialized State Agency,False,True,False,False,False,Modern_Harmonized_CCD,27.4,2.0,27.4,0.0,32.42603550295858,0.0,2.366863905325444,32.42603550295858,0.0,0.0,208.10650887573965,15.581461472846176,0.0,1.1373329542223487,15.581461472846176,5.341130604288499,5.341130604288499,34.27875243664717,5.08,5.4799999999999995,33.267716535433074,422.5,6.9232283464566935
2015-2016,2922800,NORTH KANSAS CITY 74,NORTH KANSAS CITY 74,MO,Clay County,32.0,30.0,19997.0,602.0,19395.0,1503.0,33.86,88.66,465.21,679.33,,1267.06,1233.2,108.68,13.13,48.31,,53.58,27.0,60.87,,6.0,,910.03,2494.66,NCES_CCD_LEA_Official_Releases,Regular Public District,Major Suburban Unified,True,False,False,False,False,Modern_Harmonized_CCD,66.87,19.130000000000003,80.0,13.13,3.3440016002400363,0.656598489773466,0.9566434965244789,4.000600090013502,2.4158623793569034,2.679401910286543,61.66925038755814,5.4224781057411615,1.0647096983457671,1.5512487836522868,6.487187804086927,2.6805256026873407,3.206849831239528,49.43359014855732,1.9021875,2.5,328.5197962871694,3332.8333333333335,20.25956957450304
2015-2016,2922830,NORTH PLATTE CO. R-I,NORTH PLATTE CO. R-I,MO,Platte County,5.0,4.0,623.0,8.0,615.0,53.0,1.0,3.94,20.14,26.12,,51.2,50.2,7.45,1.69,2.0,,2.41,2.0,2.75,,1.0,,0.0,70.5,NCES_CCD_LEA_Official_Releases,Regular Public District,Independent Town / Exurban,True,False,False,False,False,Modern_Harmonized_CCD,3.75,2.69,5.4399999999999995,1.69,6.019261637239166,2.7126805778491168,4.317817014446228,8.731942215088282,3.2102728731942216,3.8683788121990372,80.57784911717498,7.470119521912349,3.366533864541833,5.3585657370517925,10.83665338645418,5.319148936170213,7.716312056737588,71.20567375886525,0.55,1.0879999999999999,226.54545454545453,623.0,18.254545454545454
2015-2016,2923010,OAK GROVE R-VI,OAK GROVE R-VI,MO,Jackson County,4.0,4.0,2038.0,53.0,1985.0,145.0,3.7,10.0,49.0,78.3,,141.0,137.3,26.0,4.43,5.0,,7.57,4.0,6.0,,2.0,,0.29,196.29,NCES_CCD_LEA_Official_Releases,Regular Public District,Rural / Peripheral,True,False,False,False,False,Modern_Harmonized_CCD,8.0,6.43,12.43,4.43,3.9254170755642783,2.173699705593719,3.155053974484789,6.099116781157997,2.4533856722276743,3.714425907752699,67.36997055937194,5.82665695557174,3.226511289147851,4.683175528040786,9.053168244719592,4.075602424983443,6.332467267818025,69.94752661877834,1.5,3.1075,339.6666666666667,1019.0,22.883333333333336
2015-2016,2923220,ORRICK R-XI,ORRICK R-XI,MO,Ray County,2.0,2.0,330.0,23.0,307.0,9.0,0.0,1.15,10.01,12.11,,23.27,23.27,8.0,0.25,1.43,,1.32,0.0,2.05,,1.0,,0.0,37.32,NCES_CCD_LEA_Official_Releases,Regular Public District,Rural / Peripheral,True,False,False,False,False,Modern_Harmonized_CCD,3.05,1.25,3.3,0.25,9.24242424242424,0.7575757575757576,3.787878787878788,10.0,4.333333333333333,4.0,70.51515151515152,13.10700472711646,1.0743446497636442,5.3717232488182205,14.181349376880103,8.172561629153268,8.842443729903536,62.35262593783494,1.025,1.65,160.97560975609758,330.0,11.351219512195122
2015-2016,2923550,PARK HILL,PARK HILL,MO,Platte County,17.0,16.0,11537.0,422.0,11115.0,852.0,17.2,47.27,284.03,392.43,,740.93,723.73,130.05,2.5,26.5,,40.5,16.0,32.2,,4.0,,390.31,1382.99,NCES_CCD_LEA_Official_Releases,Regular Public District,Major Suburban Unified,True,False,False,False,False,Modern_Harmonized_CCD,36.2,6.5,38.7,2.5,3.137730779232036,0.21669411458784782,0.5634046979284043,3.3544248938198837,2.2969576146311868,3.5104446563231346,62.73121262026524,5.001865336520526,0.34543268898622415,0.8981249913641828,5.34729802550675,2.6175171187065707,2.798284875523323,52.330819456395204,1.8941176470588237,2.2764705882352945,358.29192546583846,2884.25,22.476086956521737
2015-2016,2900587,PATHWAY ACADEMY,PATHWAY ACADEMY,MO,Jackson County,1.0,1.0,369.0,0.0,369.0,65.0,,2.62,21.88,,,24.5,24.5,4.0,0.0,1.0,,3.0,0.0,1.0,,0.0,,1.5,35.0,NCES_CCD_LEA_Official_Releases,Charter LEA,Charter LEA,False,False,False,False,False,Modern_Harmonized_CCD,1.0,0.0,1.0,0.0,2.710027100271003,0.0,0.0,2.710027100271003,2.710027100271003,8.130081300813009,66.39566395663957,4.081632653061225,0.0,0.0,4.081632653061225,2.857142857142857,2.857142857142857,70.0,1.0,1.0,369.0,,24.5
2015-2016,2925230,PLATTE CO. R-III,PLATTE CO. R-III,MO,Platte County,8.0,7.0,4030.0,69.0,3961.0,339.0,5.26,19.87,139.1,129.78,,294.01,288.75,48.0,10.0,12.6,,19.47,2.66,13.0,,4.0,,0.0,403.74,NCES_CCD_LEA_Official_Releases,Regular Public District,Independent Town / Exurban,True,False,False,False,False,Modern_Harmonized_CCD,17.0,14.0,27.0,10.0,4.218362282878412,2.4813895781637716,3.4739454094292803,6.699751861042184,3.1265508684863526,4.831265508684863,71.6501240694789,5.887445887445888,3.463203463203463,4.848484848484849,9.35064935064935,4.210630603853965,6.687472135532769,71.51879922722544,1.625,3.375,310.0,1007.5,22.21153846153846
2015-2016,2925330,PLEASANT HILL R-III,PLEASANT HILL R-III,MO,Cass County,5.0,5.0,2083.0,40.0,2043.0,177.0,2.91,9.59,63.37,63.43,,139.3,136.39,23.3,3.0,7.0,,8.43,5.5,6.38,,3.0,,27.0,222.91,NCES_CCD_LEA_Official_Releases,Regular Public District,Independent Town / Exurban,True,False,False,False,False,Modern_Harmonized_CCD,9.379999999999999,6.0,12.379999999999999,3.0,4.503120499279884,1.4402304368698993,2.8804608737397985,5.943350936149783,3.360537686029765,4.047047527604416,65.4776764282285,6.877337048170687,2.1995747488818833,4.399149497763767,9.07691179705257,4.207976313310304,5.553810955093984,61.18612893095868,1.276,2.476,326.48902821316614,694.3333333333334,21.377742946708462
2015-2016,2923730,RAYMORE-PECULIAR R-II,RAYMORE-PECULIAR R-II,MO,Cass County,10.0,10.0,6092.0,160.0,5932.0,408.0,5.88,25.07,193.16,171.75,,395.86,389.98,68.74,7.95,15.02,,33.8,9.8,19.97,,4.0,,161.0,716.14,NCES_CCD_LEA_Official_Releases,Regular Public District,Major Suburban Unified,True,False,False,False,False,Modern_Harmonized_CCD,23.97,11.95,31.919999999999998,7.95,3.934668417596848,1.3049901510177282,1.9615889691398554,5.239658568614576,2.465528562048588,5.5482600131319755,64.01510177281682,6.146469049694855,2.038566080311811,3.064259705625929,8.185035130006666,3.3471109001033317,4.4572290334292175,54.45583265841874,1.9969999999999999,3.1919999999999997,305.0575863795694,1523.0,19.52829243865799
2015-2016,2926070,RAYTOWN C-2,RAYTOWN C-2,MO,Jackson County,19.0,16.0,9498.0,497.0,9001.0,684.0,17.8,35.12,261.79,325.59,,640.3,622.5,184.5,22.8,26.0,,46.76,9.81,29.0,,8.0,,577.5,1544.67,NCES_CCD_LEA_Official_Releases,Regular Public District,Major Suburban Unified,True,False,False,False,False,Modern_Harmonized_CCD,37.0,30.8,59.8,22.8,3.895556959359865,2.400505369551485,3.2427879553590233,6.29606232891135,2.7374184038745,4.9231417140450615,65.54011370814908,5.943775100401607,3.662650602409639,4.947791164658635,9.606425702811244,2.3953336311315683,3.8713770578829134,40.29986987511896,1.5263157894736843,3.1473684210526316,327.51724137931035,1187.25,21.46551724137931
2015-2016,2926480,RICHMOND R-XVI,RICHMOND R-XVI,MO,Ray County,4.0,4.0,1596.0,43.0,1553.0,122.0,2.5,6.0,45.82,52.48,,106.8,104.3,13.33,2.17,5.0,,5.27,2.79,6.0,,2.0,,21.79,165.15,NCES_CCD_LEA_Official_Releases,Regular Public District,Rural / Peripheral,True,False,False,False,False,Modern_Harmonized_CCD,8.0,4.17,10.17,2.17,5.012531328320802,1.3596491228070176,2.612781954887218,6.37218045112782,3.132832080200501,3.3020050125313283,65.35087719298245,7.6701821668264625,2.0805369127516777,3.9980824544582934,9.75071907957814,4.844081138359067,6.1580381471389645,63.15470784135634,1.5,2.5425,266.0,798.0,17.383333333333333
2015-2016,2900019,SCUOLA VITA NUOVA,SCUOLA VITA NUOVA,MO,Jackson County,1.0,1.0,202.0,0.0,202.0,23.0,,1.14,18.76,,,19.9,19.9,2.0,0.0,1.0,,0.3,0.0,2.0,,0.0,,2.0,27.2,NCES_CCD_LEA_Official_Releases,Charter LEA,Charter LEA,False,False,False,False,False,Modern_Harmonized_CCD,2.0,0.0,2.0,0.0,9.900990099009901,0.0,0.0,9.900990099009901,4.9504950495049505,1.4851485148514851,98.51485148514851,10.050251256281408,0.0,0.0,10.050251256281408,7.352941176470589,7.352941176470589,73.16176470588235,2.0,2.0,101.0,,9.95
2015-2016,2910320,SHERWOOD CASS R-VIII,SHERWOOD CASS R-VIII,MO,Cass County,3.0,3.0,849.0,40.0,809.0,66.0,2.0,1.69,25.31,33.29,,62.29,60.29,20.0,1.0,3.0,,5.0,1.75,3.0,,1.0,,23.0,120.04,NCES_CCD_LEA_Official_Releases,Regular Public District,Rural / Peripheral,True,False,False,False,False,Modern_Harmonized_CCD,4.0,2.0,5.0,1.0,4.7114252061248525,1.1778563015312131,2.3557126030624262,5.889281507656066,3.5335689045936394,5.889281507656066,71.01295641931685,6.634599436059048,1.658649859014762,3.317299718029524,8.29324929507381,3.3322225924691766,4.165278240586471,50.22492502499166,1.0,1.6666666666666667,283.0,849.0,20.096666666666668
2015-2016,2928410,SMITHVILLE R-II,SMITHVILLE R-II,MO,Clay County,4.0,4.0,2623.0,36.0,2587.0,176.0,5.0,10.04,59.06,91.04,,165.14,160.14,42.89,8.3,5.8,,7.5,4.9,8.8,,3.0,,20.0,266.33,NCES_CCD_LEA_Official_Releases,Regular Public District,Independent Town / Exurban,True,False,False,False,False,Modern_Harmonized_CCD,11.8,11.3,20.1,8.3,4.4986656500190625,3.164315669081205,4.308044224170797,7.662981319100267,2.2112085398398778,2.8593213877239805,61.05223027068242,7.3685525165480215,5.1829649057075065,7.056325714999377,12.551517422255529,4.43059362445087,7.547028123005295,60.128412120301874,2.2,5.025,298.0681818181818,874.3333333333334,18.19772727272727
2015-2016,2929670,STRASBURG C-3,STRASBURG C-3,MO,Cass County,1.0,1.0,156.0,0.0,156.0,11.0,,1.39,10.61,0.0,,12.0,12.0,0.0,0.0,0.0,,0.0,0.0,0.0,,0.0,,4.1,16.1,NCES_CCD_LEA_Official_Releases,Regular Public District,Rural / Peripheral,True,False,False,False,False,Modern_Harmonized_CCD,0.0,0.0,0.0,0.0,0.0,0.0,0.0,0.0,0.0,0.0,76.92307692307693,0.0,0.0,0.0,0.0,0.0,0.0,74.53416149068323,0.0,0.0,,,
2015-2016,2900027,UNIVERSITY ACADEMY,UNIVERSITY ACADEMY,MO,Jackson County,3.0,3.0,1003.0,0.0,1003.0,124.0,,8.08,32.47,32.45,,73.0,73.0,6.0,0.0,3.0,,5.0,2.0,7.0,,2.0,,0.0,98.0,NCES_CCD_LEA_Official_Releases,Charter LEA,Charter LEA,False,False,False,False,False,Modern_Harmonized_CCD,9.0,2.0,9.0,0.0,8.97308075772682,0.0,1.9940179461615153,8.97308075772682,2.991026919242273,4.985044865403789,72.78165503489531,12.32876712328767,0.0,2.73972602739726,12.32876712328767,9.183673469387756,9.183673469387756,74.48979591836735,2.3333333333333335,3.0,143.28571428571428,501.5,10.428571428571429
2015-2016,2931710,WEST PLATTE CO. R-II,WEST PLATTE CO. R-II,MO,Platte County,2.0,2.0,582.0,37.0,545.0,38.0,2.0,3.67,27.33,28.53,,61.53,59.53,4.92,4.0,1.78,,2.2,1.96,2.87,,1.0,,12.43,92.69,NCES_CCD_LEA_Official_Releases,Regular Public District,Independent Town / Exurban,True,False,False,False,False,Modern_Harmonized_CCD,3.87,5.0,7.87,4.0,6.649484536082475,6.8728522336769755,8.591065292096221,13.52233676975945,3.0584192439862545,3.780068728522337,102.2852233676976,6.500923903913993,6.719301192675961,8.399126490844951,13.220225096589955,4.175207681519042,8.490667817456037,64.22483547308232,1.435,3.935,202.78745644599303,582.0,20.742160278745644
2016-2017,2003780,Basehor-Linwood,Basehor-Linwood,KS,Leavenworth County,5.0,5.0,2537.0,19.0,2518.0,164.0,1.8,22.1,58.0,79.5,0.0,161.4,159.6,50.1,0.1,5.0,0.0,0.0,2.0,9.0,8.6,3.5,4.0,47.0,290.7,NCES_CCD_LEA_Official_Releases,Regular Public District,Independent Town / Exurban,True,True,False,False,False,Modern_Harmonized_CCD,12.5,3.6,12.6,0.1,4.927079227433977,0.039416633819471816,1.4189988175009853,4.966495861253449,1.970831690973591,0.0,62.90894757587702,7.832080200501254,0.06265664160401004,2.255639097744361,7.894736842105263,4.299965600275198,4.3343653250774,54.90196078431373,1.8,2.52,281.8888888888889,724.8571428571429,17.733333333333334
2016-2017,2012000,Blue Valley,Blue Valley,KS,Johnson County,34.0,34.0,22676.0,520.0,22156.0,1439.0,26.8,215.5,436.39,819.21,0.0,1497.9,1471.1,385.1,37.0,62.5,0.0,0.0,39.0,70.0,91.1,5.0,71.2,343.6,2602.4,NCES_CCD_LEA_Official_Releases,Regular Public District,Major Suburban Unified,True,True,False,False,False,Modern_Harmonized_CCD,75.0,42.0,112.0,37.0,3.307461633445052,1.631681072499559,1.8521785147292291,4.939142705944612,2.7562180278708768,0.0,64.87475745281354,5.098225817415539,2.5151247365916665,2.8550064577527023,7.613350554007206,2.8819551183522902,4.303719643406087,56.528588994774054,2.0588235294117645,3.2941176470588234,323.9428571428571,4535.2,21.015714285714285
2016-2017,2004050,Bonner Springs,Bonner Springs,KS,Wyandotte County,5.0,5.0,2722.0,54.0,2668.0,213.0,2.0,51.5,51.0,83.1,0.0,187.6,185.6,48.0,5.0,8.0,0.0,0.0,3.0,11.6,15.0,1.0,8.0,55.0,342.2,NCES_CCD_LEA_Official_Releases,Regular Public District,Independent Town / Exurban,True,True,False,False,False,Modern_Harmonized_CCD,12.6,6.0,17.6,5.0,4.628949301983835,1.836884643644379,2.204261572373255,6.465833945628216,2.9390154298310063,0.0,68.18515797207935,6.788793103448276,2.6939655172413794,3.2327586206896552,9.482758620689657,3.6820572764465225,5.143191116306254,54.23728813559322,2.32,3.5200000000000005,234.6551724137931,2722.0,16.0
2016-2017,2005490,De Soto,De Soto,KS,Johnson County,12.0,12.0,7189.0,131.0,7058.0,473.0,6.0,90.6,125.3,257.8,0.0,479.7,473.7,84.7,8.0,16.0,0.0,0.0,8.0,23.0,21.7,4.0,9.0,104.7,758.8,NCES_CCD_LEA_Official_Releases,Regular Public District,Independent Town / Exurban,True,True,False,False,False,Modern_Harmonized_CCD,27.0,12.0,35.0,8.0,3.7557379329531226,1.112811239393518,1.669216859090277,4.868549172346641,2.225622478787036,0.0,65.89233551258867,5.699810006333123,1.6888325944690734,2.53324889170361,7.388642600802196,3.558249868212968,4.612546125461255,62.42751713231418,1.9166666666666667,2.9166666666666665,312.5652173913044,1797.25,20.59565217391304
2016-2017,2005640,Easton,Easton,KS,Leavenworth County,3.0,3.0,609.0,8.0,601.0,29.0,0.4,13.0,10.1,32.0,0.0,55.5,55.1,0.6,1.0,1.0,0.0,0.0,0.0,4.1,3.9,1.0,2.0,16.4,85.5,NCES_CCD_LEA_Official_Releases,Regular Public District,Rural / Peripheral,True,True,False,False,False,Modern_Harmonized_CCD,5.1,2.0,6.1,1.0,8.374384236453201,1.6420361247947455,3.284072249589491,10.016420361247945,1.6420361247947455,0.0,90.47619047619047,9.25589836660617,1.8148820326678767,3.6297640653357535,11.070780399274046,5.964912280701754,7.134502923976608,64.44444444444444,1.3666666666666665,2.033333333333333,148.53658536585368,609.0,13.439024390243905
2016-2017,2006330,Ft Leavenworth,Ft Leavenworth,KS,Leavenworth County,4.0,4.0,1818.0,165.0,1653.0,238.0,9.0,38.5,59.5,22.0,0.0,129.0,120.0,42.6,6.0,4.0,0.0,0.0,4.0,5.0,3.2,3.0,7.0,46.8,250.6,NCES_CCD_LEA_Official_Releases,Regular Public District,Independent Town / Exurban,True,True,False,False,False,Modern_Harmonized_CCD,8.0,9.0,14.0,6.0,4.4004400440044,3.3003300330033003,4.9504950495049505,7.700770077007701,2.2002200220022,0.0,66.006600660066,6.666666666666667,5.0,7.5,11.666666666666666,3.192338387869114,5.5865921787709505,47.88507581803672,1.25,3.5,363.6,606.0,24.0
2016-2017,2006420,Gardner Edgerton,Gardner Edgerton,KS,Johnson County,11.0,11.0,6036.0,281.0,5755.0,453.0,11.5,85.3,96.0,218.7,0.0,411.5,400.0,107.1,4.0,12.6,0.0,0.0,11.0,22.0,18.9,2.0,13.9,87.3,690.3,NCES_CCD_LEA_Official_Releases,Regular Public District,Independent Town / Exurban,True,True,False,False,False,Modern_Harmonized_CCD,24.0,6.0,28.0,4.0,3.976143141153081,0.6626905235255136,0.9940357852882703,4.638833664678596,2.087475149105368,0.0,66.26905235255136,6.0,1.0,1.5,7.000000000000001,3.476749239461104,4.056207446037955,57.94582065768507,2.0,2.5454545454545454,274.3636363636364,3018.0,18.181818181818183
2016-2017,2000025,KS. State Penitentiary,KS. State Penitentiary,KS,Leavenworth County,1.0,1.0,0.0,0.0,0.0,0.0,0.0,0.0,0.0,0.0,0.0,0.0,0.0,0.0,0.0,0.0,0.0,0.0,0.0,0.0,0.0,0.0,0.0,0.0,0.0,NCES_CCD_LEA_Official_Releases,Specialized State Agency,Specialized State Agency,False,False,False,False,False,Modern_Harmonized_CCD,0.0,0.0,0.0,0.0,,,,,,,,,,,,,,,0.0,0.0,,,
2016-2017,2007950,Kansas City,Kansas City,KS,Wyandotte County,43.0,43.0,22044.0,908.0,21136.0,1678.0,81.0,335.2,504.3,673.8,0.0,1594.3,1513.3,297.0,93.4,49.0,0.0,0.0,23.0,97.0,128.0,7.0,43.0,764.0,3095.7,NCES_CCD_LEA_Official_Releases,Regular Public District,Urban Core Unified,True,True,False,False,False,Modern_Harmonized_CCD,104.0,100.4,197.4,93.4,4.717837053166395,4.236980584285973,4.554527309018328,8.954817637452368,2.2228270731264743,0.0,68.64906550535294,6.87239807044208,6.171942113262407,6.634507368003701,13.044340183704486,3.3594986594308236,6.376586878573506,48.88393578189101,2.255813953488372,4.590697674418605,227.2577319587629,3149.1428571428573,15.601030927835051
2016-2017,2008340,Lansing,Lansing,KS,Leavenworth County,3.0,3.0,2676.0,26.0,2650.0,147.0,3.9,35.7,48.0,109.1,0.0,196.7,192.8,55.9,0.0,3.0,0.0,0.0,3.0,7.0,6.5,2.0,5.0,42.3,321.4,NCES_CCD_LEA_Official_Releases,Regular Public District,Independent Town / Exurban,True,True,False,False,False,Modern_Harmonized_CCD,9.0,2.0,9.0,0.0,3.36322869955157,0.0,0.7473841554559043,3.36322869955157,1.1210762331838564,0.0,72.04783258594918,4.668049792531121,0.0,1.0373443983402488,4.668049792531121,2.8002489110143127,2.8002489110143127,59.98755444928439,2.3333333333333335,3.0,382.2857142857143,1338.0,27.542857142857144
2016-2017,2008430,Leavenworth,Leavenworth,KS,Leavenworth County,7.0,6.0,3870.0,151.0,3719.0,285.0,8.0,58.6,73.0,121.9,0.0,261.5,253.5,112.0,6.0,10.0,0.0,0.0,4.0,18.0,19.0,2.0,8.0,99.0,539.5,NCES_CCD_LEA_Official_Releases,Regular Public District,Independent Town / Exurban,True,True,False,False,False,Modern_Harmonized_CCD,20.0,8.0,26.0,6.0,5.167958656330749,1.550387596899225,2.0671834625322996,6.718346253229974,2.5839793281653747,0.0,65.50387596899225,7.889546351084813,2.366863905325444,3.155818540433925,10.256410256410255,3.707136237256719,4.819277108433735,46.98795180722892,2.5714285714285716,3.7142857142857144,215.0,1935.0,14.083333333333334
2016-2017,2008970,Louisburg,Louisburg,KS,Miami County,4.0,4.0,1790.0,94.0,1696.0,121.0,2.7,15.3,31.1,56.9,0.0,106.0,103.3,17.5,0.0,2.0,0.0,0.0,2.0,4.8,8.0,1.2,3.0,40.0,184.5,NCES_CCD_LEA_Official_Releases,Regular Public District,Independent Town / Exurban,True,True,False,False,False,Modern_Harmonized_CCD,6.0,1.2,6.0,0.0,3.35195530726257,0.0,0.6703910614525139,3.35195530726257,1.1173184357541899,0.0,57.70949720670391,5.808325266214908,0.0,1.1616650532429817,5.808325266214908,3.2520325203252036,3.2520325203252036,55.989159891598916,1.2,1.5,372.9166666666667,1491.6666666666667,21.520833333333332
2016-2017,2010140,Olathe,Olathe,KS,Johnson County,48.0,48.0,29411.0,792.0,28619.0,2031.0,58.0,405.7,567.8,1010.3,0.0,2041.8,1983.8,605.8,37.75,58.2,0.0,0.0,37.7,51.0,88.6,5.0,33.0,485.9,3444.75,NCES_CCD_LEA_Official_Releases,Regular Public District,Major Suburban Unified,True,True,False,False,False,Modern_Harmonized_CCD,56.0,42.75,93.75,37.75,1.9040495052871376,1.2835333718676685,1.4535377919825914,3.187582877154806,1.978851450137704,0.0,67.45095372479685,2.8228652081863093,1.9029136001613065,2.154955136606513,4.7257788083476155,1.625662239640032,2.7215327672545175,57.58908483924813,1.0625,1.953125,576.6862745098039,5882.2,38.898039215686275
2016-2017,2010260,Osawatomie,Osawatomie,KS,Miami County,4.0,4.0,1158.0,62.0,1096.0,71.0,4.0,12.0,23.0,45.6,0.0,84.6,80.6,2.0,2.0,2.0,0.0,0.0,2.6,5.1,5.0,0.9,3.0,49.0,156.2,NCES_CCD_LEA_Official_Releases,Regular Public District,Independent Town / Exurban,True,True,False,False,False,Modern_Harmonized_CCD,6.0,2.9,8.0,2.0,5.181347150259067,1.7271157167530224,2.5043177892918824,6.90846286701209,1.7271157167530224,0.0,69.6027633851468,7.444168734491316,2.481389578163772,3.598014888337469,9.925558312655088,3.84122919334187,5.1216389244558265,51.60051216389244,1.275,2.0,227.05882352941177,1286.6666666666667,15.803921568627452
2016-2017,2010500,Paola,Paola,KS,Miami County,4.0,4.0,2029.0,34.0,1995.0,142.0,1.0,21.1,40.5,69.8,0.0,132.4,131.4,220.0,0.0,2.0,0.0,0.0,2.9,6.0,13.0,4.0,6.0,35.0,421.3,NCES_CCD_LEA_Official_Releases,Regular Public District,Independent Town / Exurban,True,True,False,False,False,Modern_Harmonized_CCD,10.0,4.0,10.0,0.0,4.928536224741252,0.0,1.971414489896501,4.928536224741252,0.9857072449482505,0.0,64.76096599310004,7.610350076103501,0.0,3.0441400304414,7.610350076103501,2.373605506764776,2.373605506764776,31.189176358889153,1.5,2.5,338.1666666666667,507.25,21.900000000000002
2016-2017,2010680,Piper-Kansas City,Piper-Kansas City,KS,Wyandotte County,4.0,4.0,2270.0,116.0,2154.0,189.0,5.0,25.0,39.0,65.0,0.0,134.0,129.0,19.8,1.0,4.0,0.0,0.0,2.0,7.0,8.0,1.0,3.0,36.9,216.7,NCES_CCD_LEA_Official_Releases,Regular Public District,Independent Town / Exurban,True,True,False,False,False,Modern_Harmonized_CCD,8.0,2.0,9.0,1.0,3.524229074889868,0.4405286343612335,0.881057268722467,3.9647577092511015,1.762114537444934,0.0,56.82819383259912,6.2015503875969,0.7751937984496124,1.550387596899225,6.976744186046512,3.6917397323488697,4.153207198892479,59.529303184125524,1.75,2.25,324.2857142857143,2270.0,18.428571428571427
2016-2017,2000018,School for Blind,School for Blind,KS,Wyandotte County,2.0,0.0,28.0,0.0,28.0,0.0,0.0,2.9,1.6,4.0,0.0,8.5,8.5,0.0,2.1,0.0,0.0,0.0,0.0,2.0,0.0,0.4,0.0,5.0,18.0,NCES_CCD_LEA_Official_Releases,Specialized State Agency,Specialized State Agency,False,False,False,False,False,Modern_Harmonized_CCD,2.4,2.5,4.5,2.1,85.71428571428571,75.0,89.28571428571429,160.71428571428572,0.0,0.0,303.57142857142856,28.235294117647058,24.705882352941178,29.411764705882355,52.94117647058824,13.333333333333334,25.0,47.22222222222222,1.0,2.25,14.0,70.0,4.25
2016-2017,2000019,School for Deaf,School for Deaf,KS,Johnson County,2.0,0.0,104.0,12.0,92.0,6.0,3.0,6.0,7.0,12.7,0.0,28.7,25.7,0.0,2.0,0.0,0.0,0.0,0.5,1.0,0.0,1.6,0.0,0.0,33.8,NCES_CCD_LEA_Official_Releases,Specialized State Agency,Specialized State Agency,False,False,False,False,False,Modern_Harmonized_CCD,2.6,3.6,4.6,2.0,25.0,19.230769230769234,34.61538461538462,44.230769230769226,0.0,0.0,247.11538461538458,10.116731517509727,7.782101167315175,14.007782101167315,17.898832684824903,7.6923076923076925,13.609467455621301,76.03550295857988,0.5,2.3,104.0,65.0,25.7
2016-2017,2011640,Shawnee Mission Pub Sch,Shawnee Mission Pub Sch,KS,Johnson County,43.0,43.0,27512.0,582.0,26930.0,2115.0,13.0,402.7,616.0,715.7,0.0,1747.4,1734.4,320.0,53.4,28.5,0.0,0.0,5.0,77.0,72.7,10.0,36.0,411.0,2761.0,NCES_CCD_LEA_Official_Releases,Regular Public District,Major Suburban Unified,True,True,False,False,False,Modern_Harmonized_CCD,87.0,63.4,140.4,53.4,3.162256469904042,1.9409712125617913,2.304448967723175,5.103227682465833,1.0359116022099446,0.0,63.04158185519046,5.016143911439115,3.078874538745387,3.655442804428044,8.095018450184503,3.151032234697573,5.085114089098153,62.817819630568636,1.7906976744186047,3.2651162790697676,357.2987012987013,2751.2,22.524675324675325
2016-2017,2011850,Spring Hill,Spring Hill,KS,Johnson County,7.0,5.0,3919.0,92.0,3827.0,261.0,5.0,42.1,57.1,108.7,0.0,212.9,207.9,85.9,8.0,1.5,0.0,0.0,0.0,10.0,12.0,3.0,7.4,54.8,395.5,NCES_CCD_LEA_Official_Releases,Regular Public District,Independent Town / Exurban,True,True,False,False,False,Modern_Harmonized_CCD,13.0,11.0,21.0,8.0,3.317172748150038,2.041337075784639,2.8068384792038787,5.358509823934678,0.3827507017096198,0.0,53.04924725695331,6.253006253006253,3.8480038480038483,5.291005291005291,10.1010101010101,3.286978508217446,5.3097345132743365,52.56637168141594,1.4285714285714286,3.0,391.9,1306.3333333333333,20.79
2016-2017,2012210,Tonganoxie,Tonganoxie,KS,Leavenworth County,3.0,3.0,1963.0,27.0,1936.0,110.0,1.0,27.3,40.1,77.2,0.0,145.6,144.6,41.5,1.0,4.0,0.0,0.0,1.0,6.0,9.0,2.0,3.5,54.5,268.1,NCES_CCD_LEA_Official_Releases,Regular Public District,Independent Town / Exurban,True,True,False,False,False,Modern_Harmonized_CCD,8.0,3.0,9.0,1.0,4.0753948038716254,0.5094243504839532,1.5282730514518594,4.5848191543555785,2.0376974019358127,0.0,73.66276107997962,5.532503457814662,0.6915629322268327,2.0746887966804977,6.224066390041494,2.9839612085042893,3.356956359567325,53.935098843715025,2.0,3.0,327.1666666666667,981.5,24.099999999999998
2016-2017,2012360,Turner-Kansas City,Turner-Kansas City,KS,Wyandotte County,7.0,7.0,4102.0,201.0,3901.0,317.0,6.0,48.7,76.6,125.1,0.0,256.4,250.4,61.2,10.0,10.0,0.0,0.0,2.0,18.0,16.0,4.0,9.0,103.0,489.6,NCES_CCD_LEA_Official_Releases,Regular Public District,Independent Town / Exurban,True,True,False,False,False,Modern_Harmonized_CCD,22.0,14.0,32.0,10.0,5.363237445148708,2.4378352023403216,3.4129692832764507,7.801072647489029,2.4378352023403216,0.0,61.043393466601664,8.78594249201278,3.993610223642172,5.5910543130990416,12.779552715654951,4.493464052287582,6.535947712418301,51.143790849673195,2.5714285714285716,4.571428571428571,227.88888888888889,1025.5,13.911111111111111
2016-2017,2900017,ACADEMIE LAFAYETTE,ACADEMIE LAFAYETTE,MO,Jackson County,2.0,2.0,936.0,0.0,936.0,119.0,0.0,7.28,58.32,0.0,0.0,65.6,65.6,2.4,3.0,0.0,0.0,0.0,0.5,3.0,0.0,0.0,10.0,1.0,85.5,NCES_CCD_LEA_Official_Releases,Charter LEA,Charter LEA,False,True,False,False,False,Modern_Harmonized_CCD,3.0,3.0,6.0,3.0,3.205128205128205,3.205128205128205,3.205128205128205,6.41025641025641,0.0,0.0,70.08547008547009,4.573170731707318,4.573170731707318,4.573170731707318,9.146341463414636,3.508771929824561,7.017543859649122,76.7251461988304,1.5,3.0,312.0,,21.866666666666664
2016-2017,2900604,ACADEMY FOR INTEGRATED ARTS,ACADEMY FOR INTEGRATED ARTS,MO,Jackson County,1.0,1.0,177.0,5.0,172.0,34.0,0.0,2.0,9.0,0.0,0.0,11.0,11.0,4.75,0.0,0.0,0.0,0.0,0.0,1.0,0.0,1.0,1.0,0.0,18.75,NCES_CCD_LEA_Official_Releases,Charter LEA,Charter LEA,False,False,False,False,False,Modern_Harmonized_CCD,2.0,1.0,2.0,0.0,11.299435028248588,0.0,5.649717514124294,11.299435028248588,0.0,0.0,62.14689265536723,18.181818181818183,0.0,9.090909090909092,18.181818181818183,10.666666666666668,10.666666666666668,58.666666666666664,1.0,2.0,177.0,177.0,11.0
2016-2017,2900025,ALLEN VILLAGE,ALLEN VILLAGE,MO,Jackson County,2.0,2.0,613.0,0.0,613.0,37.0,0.0,2.63,22.95,11.5,0.0,37.08,37.08,16.5,2.5,1.0,0.0,0.0,0.0,1.25,0.0,1.5,3.0,4.0,66.83,NCES_CCD_LEA_Official_Releases,Charter LEA,Charter LEA,False,True,False,False,False,Modern_Harmonized_CCD,2.75,4.0,5.25,2.5,4.486133768352365,4.078303425774878,6.525285481239805,8.564437194127244,1.6313213703099512,0.0,60.48939641109298,7.416396979503776,6.742179072276159,10.787486515641856,14.158576051779937,4.114918449797995,7.855753404159809,55.48406404309441,0.625,2.625,490.4,408.6666666666667,29.663999999999998
2016-2017,2900029,ALTA VISTA CHARTER SCH.,ALTA VISTA CHARTER SCH.,MO,Jackson County,3.0,3.0,923.0,0.0,923.0,78.0,0.0,4.0,23.0,51.0,0.0,78.0,78.0,4.0,2.0,3.0,0.0,0.0,0.0,6.0,0.0,2.0,0.0,0.0,95.0,NCES_CCD_LEA_Official_Releases,Charter LEA,Charter LEA,False,True,False,False,False,Modern_Harmonized_CCD,8.0,4.0,10.0,2.0,8.66738894907909,2.1668472372697725,4.333694474539545,10.834236186348862,3.2502708559046587,0.0,84.50704225352112,10.256410256410255,2.564102564102564,5.128205128205128,12.82051282051282,8.421052631578947,10.526315789473683,82.10526315789474,2.0,3.3333333333333335,153.83333333333334,461.5,13.0
2016-2017,2903200,ARCHIE R-V,ARCHIE R-V,MO,Cass County,2.0,2.0,547.0,5.0,542.0,43.0,1.13,2.22,14.39,26.8,0.0,44.54,43.41,7.38,0.22,0.7,0.0,0.0,0.43,2.0,0.0,1.0,4.62,6.0,66.89,NCES_CCD_LEA_Official_Releases,Regular Public District,Rural / Peripheral,True,True,False,False,False,Modern_Harmonized_CCD,3.0,1.22,3.22,0.22,5.484460694698354,0.4021937842778794,2.2303473491773307,5.886654478976235,1.2797074954296161,0.0,79.36014625228519,6.91085003455425,0.506795669200645,2.810412347385395,7.417645703754896,4.4849753326356705,4.81387352369562,64.89759306323815,1.0,1.61,273.5,547.0,21.705
2016-2017,2900011,B. BANNEKER ACADEMY,B. BANNEKER ACADEMY,MO,Jackson County,1.0,1.0,356.0,11.0,345.0,36.0,1.0,2.0,19.5,0.0,0.0,22.5,21.5,1.0,2.0,0.0,0.0,0.0,0.0,1.0,0.0,1.0,5.0,6.0,38.5,NCES_CCD_LEA_Official_Releases,Charter LEA,Charter LEA,False,False,False,False,False,Modern_Harmonized_CCD,2.0,3.0,4.0,2.0,5.617977528089887,5.617977528089887,8.426966292134832,11.235955056179774,0.0,0.0,60.39325842696629,9.30232558139535,9.30232558139535,13.953488372093023,18.6046511627907,5.194805194805195,10.38961038961039,55.84415584415584,1.0,4.0,356.0,356.0,21.5
2016-2017,2904620,BELTON 124,BELTON 124,MO,Cass County,9.0,8.0,4969.0,332.0,4637.0,333.0,15.53,18.29,152.09,126.17,0.0,312.08,296.55,85.0,12.2,13.0,0.0,0.0,7.95,15.0,0.0,5.0,41.5,76.75,568.48,NCES_CCD_LEA_Official_Releases,Regular Public District,Independent Town / Exurban,True,True,False,False,False,Modern_Harmonized_CCD,20.0,17.2,32.2,12.2,4.024954719259408,2.455222378748239,3.4614610585630907,6.4801770980076485,2.6162205675186154,0.0,59.68001609981888,6.7442252571235874,4.113977406845389,5.800033721126285,10.858202663968978,3.518153672952434,5.66422741345342,52.16542358570222,1.6666666666666667,3.577777777777778,331.26666666666665,993.8,19.77
2016-2017,2905310,BLUE SPRINGS R-IV,BLUE SPRINGS R-IV,MO,Jackson County,22.0,21.0,14318.0,158.0,14160.0,916.0,18.62,56.57,332.39,455.71,0.0,863.29,844.67,142.65,19.5,35.0,0.0,0.0,11.86,48.0,11.0,6.0,0.0,158.6,1295.9,NCES_CCD_LEA_Official_Releases,Regular Public District,Major Suburban Unified,True,True,False,False,False,Modern_Harmonized_CCD,54.0,25.5,73.5,19.5,3.771476463193183,1.361922056153094,1.780974996507892,5.133398519346278,2.444475485402989,0.0,58.99357452158122,6.393029230350315,2.3085938887376134,3.0189304698876485,8.701623119087929,4.166988193533451,5.671733930087198,65.1801836561463,2.1818181818181817,3.340909090909091,298.2916666666667,2386.3333333333335,17.597291666666667
2016-2017,2900024,BROOKSIDE CHARTER SCH.,BROOKSIDE CHARTER SCH.,MO,Jackson County,2.0,2.0,545.0,0.0,545.0,60.0,0.0,3.28,24.07,20.15,0.0,47.5,47.5,0.0,1.1,2.0,0.0,0.0,1.0,5.9,0.0,1.0,0.0,0.0,58.5,NCES_CCD_LEA_Official_Releases,Charter LEA,Charter LEA,False,True,False,False,False,Modern_Harmonized_CCD,6.9,2.1,8.0,1.1,12.660550458715596,2.0183486238532113,3.853211009174312,14.678899082568808,3.669724770642202,0.0,87.1559633027523,14.526315789473685,2.3157894736842106,4.421052631578948,16.842105263157894,11.794871794871796,13.675213675213676,81.19658119658119,2.95,4.0,92.3728813559322,545.0,8.050847457627118
2016-2017,2908250,CENTER 58,CENTER 58,MO,Jackson County,8.0,6.0,2645.0,151.0,2494.0,209.0,10.0,11.0,87.3,108.12,0.0,216.42,206.42,44.5,10.42,6.42,0.0,0.0,3.0,11.8,0.0,1.0,29.0,96.04,418.6,NCES_CCD_LEA_Official_Releases,Regular Public District,Urban Core Unified,True,True,False,False,False,Modern_Harmonized_CCD,12.8,11.42,23.22,10.42,4.839319470699433,3.9395085066162574,4.317580340264651,8.77882797731569,2.427221172022684,0.0,78.04158790170132,6.200949520395311,5.047960468946807,5.532409650227691,11.248909989342119,3.0578117534639273,5.547061634018155,49.311992355470615,1.475,2.9025,224.15254237288136,2645.0,17.49322033898305
2016-2017,2900612,CITIZENS OF THE WORLD CHARTER,CITIZENS OF THE WORLD CHARTER,MO,Jackson County,1.0,1.0,130.0,0.0,130.0,91.0,0.0,7.14,5.46,0.0,0.0,12.6,12.6,3.0,1.0,0.0,0.0,0.0,0.0,1.0,0.0,1.0,0.0,0.0,18.6,NCES_CCD_LEA_Official_Releases,Charter LEA,Charter LEA,False,False,False,False,False,Modern_Harmonized_CCD,2.0,2.0,3.0,1.0,15.384615384615385,7.6923076923076925,15.384615384615385,23.076923076923077,0.0,0.0,96.92307692307692,15.873015873015872,7.936507936507936,15.873015873015872,23.80952380952381,10.75268817204301,16.129032258064516,67.74193548387096,1.0,3.0,130.0,130.0,12.6
2016-2017,2900603,CROSSROADS ACAD OF KANSAS CITY,CROSSROADS ACAD OF KANSAS CITY,MO,Jackson County,2.0,2.0,561.0,0.0,561.0,105.0,0.0,7.9,41.3,0.0,0.0,49.2,49.2,5.0,0.8,1.0,0.0,0.0,0.0,3.0,0.0,1.0,2.0,4.0,66.0,NCES_CCD_LEA_Official_Releases,Charter LEA,Charter LEA,False,True,False,False,False,Modern_Harmonized_CCD,4.0,1.8,4.8,0.8,7.1301247771836005,1.4260249554367204,3.2085561497326203,8.556149732620321,1.7825311942959001,0.0,87.70053475935829,8.130081300813007,1.6260162601626014,3.6585365853658534,9.75609756097561,6.0606060606060606,7.2727272727272725,74.54545454545455,1.5,2.4,187.0,561.0,16.400000000000002
2016-2017,2900593,DELASALLE CHARTER SCHOOL,DELASALLE CHARTER SCHOOL,MO,Jackson County,1.0,1.0,222.0,0.0,222.0,0.0,0.0,0.0,0.0,15.5,0.0,15.5,15.5,0.0,0.0,0.0,0.0,0.0,0.0,0.0,0.0,0.0,0.0,0.0,15.5,NCES_CCD_LEA_Official_Releases,Charter LEA,Charter LEA,False,False,False,False,False,Modern_Harmonized_CCD,0.0,0.0,0.0,0.0,0.0,0.0,0.0,0.0,0.0,0.0,69.81981981981981,0.0,0.0,0.0,0.0,0.0,0.0,100.0,0.0,0.0,,,
2016-2017,2900013,DELLA LAMB ELEM.,DELLA LAMB ELEM.,MO,Jackson County,2.0,2.0,557.0,0.0,557.0,59.0,0.0,4.89,48.11,0.0,0.0,53.0,53.0,2.0,0.0,0.0,0.0,0.0,0.0,1.0,0.0,2.0,0.0,0.0,58.0,NCES_CCD_LEA_Official_Releases,Charter LEA,Charter LEA,False,True,False,False,False,Modern_Harmonized_CCD,3.0,2.0,3.0,0.0,5.3859964093357275,0.0,3.5906642728904847,5.3859964093357275,0.0,0.0,95.15260323159784,5.660377358490567,0.0,3.7735849056603774,5.660377358490567,5.172413793103448,5.172413793103448,91.37931034482759,0.5,1.5,557.0,278.5,53.0
2016-2017,2900009,DIVISION OF YOUTH SERVICE,DIVISION OF YOUTH SERVICE,MO,Clay County,5.0,4.0,649.0,0.0,649.0,0.0,0.0,0.0,0.0,111.5,0.0,111.5,111.5,0.0,6.0,0.0,0.0,0.0,0.0,0.0,0.0,1.0,0.0,0.0,118.5,NCES_CCD_LEA_Official_Releases,Specialized State Agency,Specialized State Agency,False,True,False,False,False,Modern_Harmonized_CCD,1.0,7.0,7.0,6.0,1.5408320493066257,9.244992295839754,10.785824345146379,10.785824345146379,0.0,0.0,171.80277349768875,0.8968609865470852,5.381165919282512,6.278026905829597,6.278026905829597,0.8438818565400843,5.9071729957805905,94.09282700421942,0.0,1.4,,649.0,
2016-2017,2911070,DREXEL R-IV,DREXEL R-IV,MO,Cass County,2.0,2.0,313.0,4.0,309.0,25.0,1.0,2.22,11.69,16.79,0.0,31.7,30.7,7.0,0.0,0.85,0.0,0.0,0.85,2.0,0.0,1.0,0.0,0.0,43.4,NCES_CCD_LEA_Official_Releases,Regular Public District,Rural / Peripheral,True,False,False,False,False,Modern_Harmonized_CCD,3.0,1.0,3.0,0.0,9.584664536741213,0.0,3.1948881789137378,9.584664536741213,2.7156549520766773,0.0,98.08306709265176,9.77198697068404,0.0,3.257328990228013,9.77198697068404,6.912442396313365,6.912442396313365,70.73732718894009,1.0,1.5,156.5,313.0,15.35
2016-2017,2911160,EAST LYNNE 40,EAST LYNNE 40,MO,Cass County,1.0,1.0,197.0,17.0,180.0,12.0,1.0,1.23,12.62,0.0,0.0,14.85,13.85,3.75,0.4,0.0,0.0,0.0,0.35,0.0,0.0,1.0,2.0,2.2,24.55,NCES_CCD_LEA_Official_Releases,Regular Public District,Rural / Peripheral,True,False,False,False,False,Modern_Harmonized_CCD,1.0,1.4,1.4,0.4,5.076142131979695,2.0304568527918785,7.106598984771573,7.106598984771573,0.0,0.0,70.30456852791878,7.2202166064981945,2.888086642599278,10.108303249097473,10.108303249097473,4.0733197556008145,5.7026476578411405,56.41547861507128,0.0,1.4,,197.0,
2016-2017,2900597,EWING MARION KAUFFMAN SCHOOL,EWING MARION KAUFFMAN SCHOOL,MO,Jackson County,2.0,2.0,839.0,0.0,839.0,0.0,0.0,0.0,0.0,75.38,0.0,75.38,75.38,4.0,5.6,0.0,0.0,0.0,0.0,3.0,0.0,0.99,10.0,0.0,98.97,NCES_CCD_LEA_Official_Releases,Charter LEA,Charter LEA,False,True,False,False,False,Modern_Harmonized_CCD,3.99,6.59,9.59,5.6,4.755661501787842,6.6746126340881995,7.8545887961859355,11.430274135876042,0.0,0.0,89.84505363528008,5.29318121517644,7.429026266914302,8.74237198195808,12.722207482090742,4.0315247044558955,9.68980499141154,76.16449429119935,1.5,4.795,279.6666666666667,847.4747474747475,25.126666666666665
2016-2017,2911650,EXCELSIOR SPRINGS 40,EXCELSIOR SPRINGS 40,MO,Clay County,7.0,5.0,2938.0,136.0,2802.0,193.0,6.0,11.28,73.22,126.92,0.0,217.42,211.42,35.04,18.82,7.0,0.0,0.0,4.0,10.0,0.0,4.0,25.0,46.45,367.73,NCES_CCD_LEA_Official_Releases,Regular Public District,Independent Town / Exurban,True,True,False,False,False,Modern_Harmonized_CCD,14.0,22.82,32.82,18.82,4.765146358066712,6.405718175629681,7.767188563648741,11.170864533696392,2.382573179033356,0.0,71.96051735874744,6.621890076624728,8.901712231576957,10.793680824898308,15.523602308201683,3.807141108965817,8.925026514018437,57.49326951839664,1.4285714285714286,4.688571428571429,293.8,734.5,21.142
2016-2017,2912290,FORT OSAGE R-I,FORT OSAGE R-I,MO,Jackson County,11.0,8.0,4835.0,0.0,4835.0,364.0,11.12,22.1,159.77,150.68,0.0,343.67,332.55,82.78,9.6,15.0,0.0,0.0,13.0,13.9,1.0,6.75,94.33,77.92,657.95,NCES_CCD_LEA_Official_Releases,Regular Public District,Independent Town / Exurban,True,True,False,False,False,Modern_Harmonized_CCD,20.65,16.35,30.25,9.6,4.270941054808686,1.985522233712513,3.381592554291624,6.256463288521199,3.102378490175801,0.0,68.77973112719752,6.209592542474815,2.8867839422643207,4.916553901668922,9.096376484739137,3.138536362945512,4.5976138004407625,50.543354358233906,1.2636363636363637,2.75,347.841726618705,716.2962962962963,23.924460431654676
2016-2017,2900590,FRONTIER SCHOOL OF INNOVATION,FRONTIER SCHOOL OF INNOVATION,MO,Jackson County,5.0,5.0,1613.0,0.0,1613.0,122.0,0.0,6.42,43.62,77.82,0.0,127.86,127.86,4.14,3.0,0.0,0.0,0.0,2.0,15.0,0.0,1.0,0.0,0.0,153.0,NCES_CCD_LEA_Official_Releases,Charter LEA,Charter LEA,False,True,False,False,False,Modern_Harmonized_CCD,16.0,4.0,19.0,3.0,9.919404835709857,1.8598884066955983,2.4798512089274642,11.779293242405457,0.0,0.0,79.2684438933664,12.513686844986704,2.346316283435007,3.128421711246676,14.860003128421711,10.457516339869281,12.418300653594772,83.56862745098039,3.0,3.8,107.53333333333333,1613.0,8.524
2016-2017,2900016,GENESIS SCHOOL INC.,GENESIS SCHOOL INC.,MO,Jackson County,1.0,1.0,288.0,0.0,288.0,33.0,0.0,0.0,0.0,20.0,0.0,20.0,20.0,8.0,1.0,0.0,0.0,0.0,1.0,1.0,0.0,1.0,2.0,3.0,37.0,NCES_CCD_LEA_Official_Releases,Charter LEA,Charter LEA,False,False,False,False,False,Modern_Harmonized_CCD,2.0,2.0,3.0,1.0,6.944444444444444,3.472222222222222,6.944444444444444,10.416666666666666,0.0,0.0,69.44444444444444,10.0,5.0,10.0,15.0,5.405405405405405,8.108108108108109,54.054054054054056,1.0,3.0,288.0,288.0,20.0
2016-2017,2900015,GORDON PARKS ELEM.,GORDON PARKS ELEM.,MO,Jackson County,1.0,1.0,169.0,0.0,169.0,38.0,0.0,2.42,20.58,0.0,0.0,23.0,23.0,2.0,0.2,1.8,0.0,0.0,0.0,1.0,0.0,0.0,1.0,3.0,32.0,NCES_CCD_LEA_Official_Releases,Charter LEA,Charter LEA,False,False,False,False,False,Modern_Harmonized_CCD,1.0,0.2,1.2,0.2,5.9171597633136095,1.183431952662722,1.183431952662722,7.100591715976331,10.650887573964496,0.0,136.09467455621302,4.3478260869565215,0.8695652173913043,0.8695652173913043,5.217391304347826,3.125,3.75,71.875,1.0,1.2,169.0,,23.0
2016-2017,2913080,GRAIN VALLEY R-V,GRAIN VALLEY R-V,MO,Jackson County,8.0,7.0,4257.0,79.0,4178.0,321.0,8.0,19.91,130.19,150.9,0.0,309.0,301.0,66.2,5.0,10.0,0.0,0.0,7.0,12.0,0.0,4.0,0.0,5.0,418.2,NCES_CCD_LEA_Official_Releases,Regular Public District,Independent Town / Exurban,True,True,False,False,False,Modern_Harmonized_CCD,16.0,9.0,21.0,5.0,3.7585153864223635,1.1745360582569886,2.1141649048625792,4.933051444679352,2.349072116513977,0.0,70.7070707070707,5.3156146179401995,1.6611295681063125,2.990033222591362,6.976744186046512,3.825920612147298,5.0215208034433285,71.97513151602104,1.5,2.625,354.75,1064.25,25.083333333333332
2016-2017,2913140,GRANDVIEW C-4,GRANDVIEW C-4,MO,Jackson County,9.0,7.0,4446.0,136.0,4310.0,314.0,5.0,19.7,135.17,106.19,0.0,266.06,261.06,41.55,8.0,13.98,0.0,0.0,8.0,15.0,0.0,4.0,0.0,30.0,386.59,NCES_CCD_LEA_Official_Releases,Regular Public District,Independent Town / Exurban,True,True,False,False,False,Modern_Harmonized_CCD,19.0,12.0,27.0,8.0,4.273504273504274,1.799370220422852,2.6990553306342777,6.0728744939271255,3.144399460188934,0.0,58.71794871794872,7.278020378457059,3.064429633034551,4.596644449551827,10.34245001149161,4.914767583227709,6.984143407744639,67.52890659354873,1.6666666666666667,3.0,296.4,1111.5,17.404
2016-2017,2913680,HARDIN-CENTRAL C-2,HARDIN-CENTRAL C-2,MO,Ray County,2.0,2.0,241.0,19.0,222.0,20.0,0.36,1.23,9.73,9.9,0.0,21.22,20.86,5.0,0.0,0.47,0.0,0.0,0.8,2.0,0.0,1.0,2.0,4.0,36.49,NCES_CCD_LEA_Official_Releases,Regular Public District,Rural / Peripheral,True,False,False,False,False,Modern_Harmonized_CCD,3.0,1.0,3.0,0.0,12.448132780082986,0.0,4.149377593360996,12.448132780082986,1.950207468879668,0.0,86.55601659751038,14.381591562799617,0.0,4.793863854266539,14.381591562799617,8.22143052891203,8.22143052891203,57.16634694436832,1.0,1.5,120.5,241.0,10.43
2016-2017,2913760,HARRISONVILLE R-IX,HARRISONVILLE R-IX,MO,Cass County,7.0,5.0,2459.0,139.0,2320.0,170.0,3.19,11.08,63.03,114.91,0.0,192.21,189.02,27.8,5.8,8.5,0.0,0.0,3.86,8.5,0.0,4.0,30.0,115.0,395.67,NCES_CCD_LEA_Official_Releases,Regular Public District,Independent Town / Exurban,True,True,False,False,False,Modern_Harmonized_CCD,12.5,9.8,18.3,5.8,5.08336722244815,2.3586823912159414,3.98535990239935,7.442049613664091,3.4566897112647417,0.0,76.86864579097194,6.613056819384192,3.068458364194265,5.184636546397207,9.681515183578457,3.159198321833851,4.625066343164758,47.77213334344277,1.2142857142857142,2.6142857142857143,289.29411764705884,614.75,22.23764705882353
2016-2017,2914340,HICKMAN MILLS C-1,HICKMAN MILLS C-1,MO,Jackson County,15.0,14.0,6328.0,508.0,5820.0,499.0,40.0,35.0,215.17,180.23,0.0,470.4,430.4,87.41,13.05,15.4,0.0,0.0,13.0,21.0,0.0,5.0,59.0,857.0,1541.26,NCES_CCD_LEA_Official_Releases,Regular Public District,Rural / Peripheral,True,True,False,False,False,Modern_Harmonized_CCD,26.0,18.05,39.05,13.05,4.108723135271807,2.0622629582806575,2.8524020227560047,6.170986093552465,2.433628318584071,0.0,68.01517067003793,6.04089219330855,3.0320631970260226,4.193773234200744,9.072955390334572,1.686931471653063,2.533641306463543,27.925204053826093,1.4,2.603333333333333,301.3333333333333,1265.6,20.495238095238093
2016-2017,2900014,HOGAN PREPARATORY ACADEMY,HOGAN PREPARATORY ACADEMY,MO,Jackson County,3.0,3.0,968.0,0.0,968.0,39.0,0.0,2.31,19.29,65.76,0.0,87.36,87.36,10.0,3.0,1.0,0.0,0.0,3.99,7.49,0.0,2.0,12.0,3.6,130.44,NCES_CCD_LEA_Official_Releases,Charter LEA,Charter LEA,False,True,False,False,False,Modern_Harmonized_CCD,9.49,5.0,12.49,3.0,9.803719008264462,3.0991735537190084,5.1652892561983474,12.902892561983471,1.0330578512396695,0.0,90.24793388429752,10.863095238095239,3.4340659340659343,5.7234432234432235,14.297161172161172,7.275375651640601,9.575283655320455,66.97332106715731,2.4966666666666666,4.163333333333333,129.23898531375167,484.0,11.663551401869158
2016-2017,2900601,HOPE LEADERSHIP ACADEMY,HOPE LEADERSHIP ACADEMY,MO,Jackson County,1.0,1.0,135.0,0.0,135.0,44.0,0.0,2.0,8.5,0.0,0.0,10.5,10.5,2.5,0.0,0.0,0.0,0.0,0.0,2.0,0.0,0.0,0.0,0.0,15.0,NCES_CCD_LEA_Official_Releases,Charter LEA,Charter LEA,False,False,False,False,False,Modern_Harmonized_CCD,2.0,0.0,2.0,0.0,14.814814814814815,0.0,0.0,14.814814814814815,0.0,0.0,77.77777777777779,19.047619047619047,0.0,0.0,19.047619047619047,13.333333333333334,13.333333333333334,70.0,2.0,2.0,67.5,,5.25
2016-2017,2915480,INDEPENDENCE 30,INDEPENDENCE 30,MO,Jackson County,30.0,27.0,15095.0,846.0,14249.0,1106.0,23.0,73.39,392.72,458.49,0.0,947.6,924.6,234.58,21.0,35.0,0.0,0.0,20.0,52.0,0.0,9.0,139.0,876.0,2334.18,NCES_CCD_LEA_Official_Releases,Regular Public District,Major Suburban Unified,True,True,False,False,False,Modern_Harmonized_CCD,61.0,30.0,82.0,21.0,4.041073203047366,1.391189135475323,1.987413050679033,5.43226233852269,2.3186485591255384,0.0,61.252070221927795,6.597447544884274,2.2712524334847504,3.244646333549643,8.868699978369024,2.6133374461266916,3.513010993153913,39.61134102768425,1.7333333333333334,2.7333333333333334,290.28846153846155,1677.2222222222222,17.78076923076923
2016-2017,2916400,KANSAS CITY 33,KANSAS CITY 33,MO,Jackson County,35.0,33.0,15418.0,1101.0,14317.0,1222.0,58.0,89.98,521.56,394.91,0.0,1064.45,1006.45,198.66,23.0,45.0,0.0,0.0,28.0,66.0,0.0,6.0,70.0,651.0,2152.11,NCES_CCD_LEA_Official_Releases,Regular Public District,Urban Core Unified,True,True,False,False,False,Modern_Harmonized_CCD,72.0,29.0,95.0,23.0,4.669866389933844,1.4917628745622,1.8809184070566871,6.161629264496043,2.9186664937086526,0.0,65.27759761317941,7.153857618361567,2.2852600725321675,2.881414874062298,9.439117690893735,3.3455538982672817,4.414272504658219,46.76573223487647,1.8857142857142857,2.7142857142857144,233.6060606060606,2569.6666666666665,15.249242424242425
2016-2017,2916450,KEARNEY R-I,KEARNEY R-I,MO,Clay County,7.0,7.0,3456.0,15.0,3441.0,222.0,4.0,12.0,94.3,126.7,0.0,237.0,233.0,59.41,1.7,8.0,0.0,0.0,7.0,11.5,0.0,3.7,24.0,144.25,496.56,NCES_CCD_LEA_Official_Releases,Regular Public District,Independent Town / Exurban,True,True,False,False,False,Modern_Harmonized_CCD,15.2,5.4,16.9,1.7,4.398148148148148,0.4918981481481481,1.5625,4.890046296296296,2.314814814814815,0.0,67.41898148148148,6.523605150214593,0.7296137339055794,2.3175965665236054,7.253218884120171,3.061060093442887,3.4034154986305785,46.922829063960044,1.6428571428571428,2.414285714285714,300.5217391304348,934.0540540540541,20.26086956521739
2016-2017,2900031,KIPP: ENDEAVOR ACADEMY,KIPP: ENDEAVOR ACADEMY,MO,Jackson County,1.0,1.0,420.0,0.0,420.0,39.0,0.0,2.29,0.0,29.71,0.0,32.0,32.0,1.0,0.0,0.0,0.0,0.0,0.0,0.0,0.0,0.0,0.0,0.0,33.0,NCES_CCD_LEA_Official_Releases,Charter LEA,Charter LEA,False,False,False,False,False,Modern_Harmonized_CCD,0.0,0.0,0.0,0.0,0.0,0.0,0.0,0.0,0.0,0.0,76.1904761904762,0.0,0.0,0.0,0.0,0.0,0.0,96.96969696969697,0.0,0.0,,,
2016-2017,2918220,LAWSON R-XIV,LAWSON R-XIV,MO,Ray County,3.0,3.0,1146.0,18.0,1128.0,87.0,1.26,5.88,22.42,46.8,0.0,76.36,75.1,7.97,1.5,3.0,0.0,0.0,1.6,5.5,0.47,1.0,7.5,13.5,118.4,NCES_CCD_LEA_Official_Releases,Regular Public District,Rural / Peripheral,True,True,False,False,False,Modern_Harmonized_CCD,6.5,2.5,8.0,1.5,5.671902268760907,1.3089005235602096,2.181500872600349,6.980802792321117,2.617801047120419,0.0,65.53228621291449,8.655126498002662,1.997336884154461,3.3288948069241013,10.652463382157125,5.489864864864864,6.756756756756756,63.42905405405405,1.8333333333333333,2.6666666666666665,208.36363636363637,1146.0,13.654545454545454
2016-2017,2900028,LEE A. TOLBERT COM. ACADEMY,LEE A. TOLBERT COM. ACADEMY,MO,Jackson County,1.0,1.0,518.0,0.0,518.0,66.0,0.0,5.25,33.29,0.0,0.0,38.54,38.54,10.0,1.2,0.0,0.0,0.0,1.0,1.0,0.0,0.0,6.0,4.0,61.74,NCES_CCD_LEA_Official_Releases,Charter LEA,Charter LEA,False,True,False,False,False,Modern_Harmonized_CCD,1.0,1.2,2.2,1.2,1.9305019305019306,2.3166023166023164,2.3166023166023164,4.2471042471042475,0.0,0.0,74.4015444015444,2.5947067981318113,3.113648157758173,3.113648157758173,5.708354955889985,1.6196954972465178,3.5633300939423393,62.423064463880785,1.0,2.2,518.0,,38.54
2016-2017,2918300,LEE'S SUMMIT R-VII,LEE'S SUMMIT R-VII,MO,Jackson County,27.0,25.0,18261.0,346.0,17915.0,1194.0,30.06,67.1,512.4,605.0,0.0,1214.56,1184.5,201.0,8.03,42.0,0.0,0.0,18.54,56.0,0.0,6.0,151.0,769.6,2466.73,NCES_CCD_LEA_Official_Releases,Regular Public District,Major Suburban Unified,True,True,False,False,False,Modern_Harmonized_CCD,62.0,14.03,70.03,8.03,3.39521384371064,0.4397349542741361,0.7683040359235529,3.8349487979847763,2.299983571545918,0.0,64.8650128689557,5.23427606585057,0.6779231743351625,1.1844660194174756,5.912199240185732,2.513448979012701,2.8389811612945075,48.019037349041035,2.074074074074074,2.593703703703704,326.0892857142857,3043.5,21.151785714285715
2016-2017,2918540,LIBERTY 53,LIBERTY 53,MO,Clay County,20.0,17.0,12427.0,276.0,12151.0,840.0,23.6,48.65,317.01,400.66,0.0,789.92,766.32,113.51,12.5,30.15,0.0,0.0,14.93,37.8,0.0,5.0,79.0,632.09,1714.9,NCES_CCD_LEA_Official_Releases,Regular Public District,Major Suburban Unified,True,True,False,False,False,Modern_Harmonized_CCD,42.8,17.5,55.3,12.5,3.4441136235615994,1.0058743059467288,1.4082240283254204,4.449987929508329,2.42616882594351,0.0,61.665727850647784,5.585134147614572,1.6311723561958449,2.283641298674183,7.216306503810417,2.49577234824188,3.2246778237798117,44.68598752113826,1.89,2.7649999999999997,328.7566137566138,2485.4,20.273015873015876
2016-2017,2919230,LONE JACK C-6,LONE JACK C-6,MO,Jackson County,2.0,2.0,631.0,60.0,571.0,36.0,1.59,2.07,18.6,25.24,0.0,47.5,45.91,12.48,0.79,1.0,0.0,0.0,1.47,4.0,0.0,1.0,7.0,8.0,83.24,NCES_CCD_LEA_Official_Releases,Regular Public District,Rural / Peripheral,True,True,False,False,False,Modern_Harmonized_CCD,5.0,1.79,5.79,0.79,7.9239302694136295,1.2519809825673534,2.836767036450079,9.175911251980983,1.5847860538827259,0.0,72.75752773375594,10.890873448050534,1.7207580047919846,3.8989326944020917,12.61163145284252,6.00672753483902,6.955790485343585,55.153772224891874,2.0,2.895,157.75,631.0,11.4775
2016-2017,2931800,MIDWAY R-I,MIDWAY R-I,MO,Cass County,2.0,2.0,426.0,0.0,426.0,25.0,0.05,2.25,17.1,19.44,0.0,38.84,38.79,7.0,0.0,2.0,0.0,0.0,1.9,2.0,0.0,1.0,4.0,9.0,65.74,NCES_CCD_LEA_Official_Releases,Regular Public District,Rural / Peripheral,True,False,False,False,False,Modern_Harmonized_CCD,3.0,1.0,3.0,0.0,7.042253521126761,0.0,2.347417840375587,7.042253521126761,4.694835680751174,0.0,91.05633802816901,7.733952049497293,0.0,2.577984016499098,7.733952049497293,4.563431700638881,4.563431700638881,59.00517188926073,1.0,1.5,213.0,426.0,19.395
2016-2017,2921060,MISSOURI CITY 56,MISSOURI CITY 56,MO,Clay County,1.0,1.0,34.0,0.0,34.0,0.0,0.0,0.03,3.76,0.0,0.0,3.79,3.79,0.6,0.0,0.2,0.0,0.0,0.2,0.45,0.15,0.0,1.5,1.11,8.0,NCES_CCD_LEA_Official_Releases,Regular Public District,Rural / Peripheral,True,False,False,False,False,Modern_Harmonized_CCD,0.45,0.0,0.45,0.0,13.235294117647058,0.0,0.0,13.235294117647058,5.88235294117647,0.0,111.47058823529412,11.87335092348285,0.0,0.0,11.87335092348285,5.625,5.625,47.375,0.45,0.45,75.55555555555556,,8.422222222222222
2016-2017,2900022,MO SCHLS FOR THE SEV DISABLED,MO SCHLS FOR THE SEV DISABLED,MO,Jackson County,5.0,0.0,825.0,0.0,825.0,26.0,0.0,0.0,130.0,0.0,0.0,130.0,130.0,0.0,0.0,0.0,0.0,0.0,0.0,0.0,0.0,0.0,0.0,0.0,130.0,NCES_CCD_LEA_Official_Releases,Specialized State Agency,Specialized State Agency,False,True,False,False,False,Modern_Harmonized_CCD,0.0,0.0,0.0,0.0,0.0,0.0,0.0,0.0,0.0,0.0,157.57575757575756,0.0,0.0,0.0,0.0,0.0,0.0,100.0,0.0,0.0,,,
2016-2017,2922800,NORTH KANSAS CITY 74,NORTH KANSAS CITY 74,MO,Clay County,32.0,30.0,20188.0,597.0,19591.0,1503.0,12.0,91.61,454.41,699.7,0.0,1257.72,1245.72,147.0,18.73,49.02,0.0,0.0,27.0,69.64,2.0,4.0,0.0,6.0,1581.11,NCES_CCD_LEA_Official_Releases,Regular Public District,Major Suburban Unified,True,True,False,False,False,Modern_Harmonized_CCD,73.64,22.73,92.37,18.73,3.647711511789182,0.927778878541708,1.1259163859718646,4.57549039033089,2.4281751535565683,0.0,61.70596393897365,5.911440773207462,1.5035481488617024,1.8246475933596635,7.414988922069165,4.657487461340451,5.842098272732448,78.78768713119265,2.17625,2.8865625,289.89086731763354,5047.0,17.88799540493969
2016-2017,2922830,NORTH PLATTE CO. R-I,NORTH PLATTE CO. R-I,MO,Platte County,5.0,4.0,615.0,0.0,615.0,49.0,1.0,3.41,18.5,27.24,0.0,50.15,49.15,10.0,1.69,2.0,0.0,0.0,1.0,2.65,0.0,1.0,0.0,0.0,68.49,NCES_CCD_LEA_Official_Releases,Regular Public District,Independent Town / Exurban,True,True,False,False,False,Modern_Harmonized_CCD,3.65,2.69,5.34,1.69,5.934959349593496,2.747967479674797,4.373983739837398,8.682926829268292,3.252032520325203,0.0,79.91869918699186,7.426246185147507,3.438453713123093,5.473041709053916,10.864699898270601,5.3292451452766825,7.796758650897942,71.76230106584903,0.53,1.068,232.0754716981132,615.0,18.547169811320753
2016-2017,2923010,OAK GROVE R-VI,OAK GROVE R-VI,MO,Jackson County,4.0,4.0,2023.0,44.0,1979.0,140.0,3.7,10.0,49.0,78.15,0.0,140.85,137.15,26.0,4.43,5.0,0.0,0.0,4.0,6.0,3.0,2.0,0.14,0.29,191.71,NCES_CCD_LEA_Official_Releases,Regular Public District,Rural / Peripheral,True,True,False,False,False,Modern_Harmonized_CCD,8.0,6.43,12.43,4.43,3.9545229856648536,2.189817103311913,3.1784478497281263,6.144340088976767,2.471576866040534,0.0,67.79535343549183,5.833029529711994,3.230040102078016,4.688297484506014,9.063069631790011,4.172969589484117,6.483751499660946,71.54034739971833,1.5,3.1075,337.1666666666667,1011.5,22.858333333333334
2016-2017,2923220,ORRICK R-XI,ORRICK R-XI,MO,Ray County,2.0,2.0,310.0,17.0,293.0,18.0,0.0,1.15,11.07,15.05,0.0,27.27,27.27,8.0,0.25,1.93,0.0,0.0,0.0,2.05,0.0,1.0,3.0,6.63,50.13,NCES_CCD_LEA_Official_Releases,Regular Public District,Rural / Peripheral,True,False,False,False,False,Modern_Harmonized_CCD,3.05,1.25,3.3,0.25,9.838709677419354,0.8064516129032258,4.032258064516129,10.64516129032258,6.225806451612903,0.0,87.96774193548387,11.184451778511184,0.9167583425009168,4.583791712504584,12.1012101210121,6.084181129064432,6.582884500299222,54.39856373429084,1.025,1.65,151.21951219512195,310.0,13.302439024390244
2016-2017,2923550,PARK HILL,PARK HILL,MO,Platte County,17.0,16.0,11659.0,384.0,11275.0,793.0,20.2,44.2,290.85,409.45,0.0,764.7,744.5,131.21,3.38,26.4,0.0,0.0,17.0,34.0,0.0,6.0,87.28,400.44,1470.41,NCES_CCD_LEA_Official_Releases,Regular Public District,Major Suburban Unified,True,True,False,False,False,Modern_Harmonized_CCD,40.0,9.379999999999999,43.38,3.38,3.4308259713526033,0.28990479457929497,0.8045286902821853,3.7207307659318984,2.264345141092718,0.0,63.856248391800335,5.372733378106111,0.4539959704499664,1.259905977165883,5.8267293485560785,2.72032970396012,2.95019756394475,50.63213661495774,2.0,2.551764705882353,342.9117647058824,1943.1666666666667,21.897058823529413
2016-2017,2900587,PATHWAY ACADEMY,PATHWAY ACADEMY,MO,Jackson County,1.0,1.0,367.0,0.0,367.0,58.0,0.0,4.69,21.81,0.0,0.0,26.5,26.5,4.0,0.0,1.0,0.0,0.0,0.0,2.0,0.0,0.0,2.5,1.5,37.5,NCES_CCD_LEA_Official_Releases,Charter LEA,Charter LEA,False,False,False,False,False,Modern_Harmonized_CCD,2.0,0.0,2.0,0.0,5.449591280653951,0.0,0.0,5.449591280653951,2.7247956403269753,0.0,72.20708446866485,7.547169811320755,0.0,0.0,7.547169811320755,5.333333333333334,5.333333333333334,70.66666666666667,2.0,2.0,183.5,,13.25
2016-2017,2925230,PLATTE CO. R-III,PLATTE CO. R-III,MO,Platte County,7.0,6.0,4079.0,79.0,4000.0,300.0,5.5,19.69,141.91,132.48,0.0,299.58,294.08,50.0,6.0,11.54,0.0,0.0,3.07,13.0,0.0,5.0,0.0,0.0,388.19,NCES_CCD_LEA_Official_Releases,Regular Public District,Independent Town / Exurban,True,True,False,False,False,Modern_Harmonized_CCD,18.0,11.0,24.0,6.0,4.412846285854377,1.4709487619514587,2.6967393969110076,5.883795047805835,2.8291247854866386,0.0,72.09610198578083,6.120783460282916,2.0402611534276387,3.7404787812840046,8.161044613710555,4.63690460856797,6.182539478090625,75.75671707153712,1.8571428571428572,3.4285714285714284,313.7692307692308,815.8,22.62153846153846
2016-2017,2925330,PLEASANT HILL R-III,PLEASANT HILL R-III,MO,Cass County,5.0,5.0,2326.0,216.0,2110.0,161.0,2.82,9.6,63.38,62.06,0.0,137.86,135.04,22.17,3.0,6.96,0.0,0.0,5.5,6.38,0.0,3.0,18.0,26.0,228.87,NCES_CCD_LEA_Official_Releases,Regular Public District,Independent Town / Exurban,True,True,False,False,False,Modern_Harmonized_CCD,9.379999999999999,6.0,12.379999999999999,3.0,4.032674118658641,1.2897678417884781,2.5795356835769563,5.32244196044712,2.992261392949269,0.0,58.05674978503869,6.946090047393365,2.221563981042654,4.443127962085308,9.167654028436019,4.098396469611569,5.409184253069427,59.00292742604972,1.276,2.476,364.576802507837,775.3333333333334,21.16614420062696
2016-2017,2923730,RAYMORE-PECULIAR R-II,RAYMORE-PECULIAR R-II,MO,Cass County,10.0,10.0,6226.0,180.0,6046.0,407.0,6.52,25.83,195.06,171.3,0.0,398.71,392.19,69.75,9.0,15.17,0.0,0.0,8.78,19.92,7.5,4.0,23.33,169.5,725.66,NCES_CCD_LEA_Official_Releases,Regular Public District,Major Suburban Unified,True,True,False,False,False,Modern_Harmonized_CCD,23.92,13.0,32.92,9.0,3.84195309990363,1.44555091551558,2.0880179890780597,5.28750401541921,2.4365563764857048,0.0,62.99229039511725,6.099084627348989,2.294806088885489,3.314719906167929,8.393890716234479,3.2963095664636337,4.536559821403964,54.04597194278312,1.9920000000000002,3.2920000000000003,312.5502008032128,1556.5,19.68825301204819
2016-2017,2926070,RAYTOWN C-2,RAYTOWN C-2,MO,Jackson County,19.0,16.0,9432.0,548.0,8884.0,592.0,16.8,34.58,268.0,329.59,0.0,648.97,632.17,192.0,23.05,26.0,0.0,0.0,10.0,29.0,0.0,8.0,82.14,346.85,1366.01,NCES_CCD_LEA_Official_Releases,Regular Public District,Major Suburban Unified,True,True,False,False,False,Modern_Harmonized_CCD,37.0,31.05,60.05,23.05,3.9228159457167093,2.443808312128923,3.2919847328244276,6.366624257845632,2.75657336726039,0.0,67.02396098388465,5.852856035560055,3.6461711248556563,4.911653510922695,9.49902716041571,2.708618531343109,4.396014670463613,46.27857775565332,1.5263157894736843,3.1605263157894736,325.2413793103448,1179.0,21.798965517241378
2016-2017,2926480,RICHMOND R-XVI,RICHMOND R-XVI,MO,Ray County,4.0,4.0,1583.0,43.0,1540.0,100.0,2.5,6.0,45.09,52.65,0.0,106.24,103.74,14.83,2.17,5.0,0.0,0.0,2.62,6.0,4.0,2.0,14.0,21.49,178.35,NCES_CCD_LEA_Official_Releases,Regular Public District,Rural / Peripheral,True,True,False,False,False,Modern_Harmonized_CCD,8.0,4.17,10.17,2.17,5.05369551484523,1.3708149084017687,2.6342387871130764,6.424510423247,3.158559696778269,0.0,65.53379658875552,7.71158665895508,2.0917678812415654,4.019664545980336,9.803354540196645,4.4855620970002805,5.702270815811607,58.16652649285113,1.5,2.5425,263.8333333333333,791.5,17.29
2016-2017,2900019,SCUOLA VITA NUOVA,SCUOLA VITA NUOVA,MO,Jackson County,1.0,1.0,207.0,0.0,207.0,23.0,0.0,1.24,18.56,0.0,0.0,19.8,19.8,2.0,0.0,0.0,0.0,0.0,0.0,2.0,1.0,0.0,5.0,2.0,31.8,NCES_CCD_LEA_Official_Releases,Charter LEA,Charter LEA,False,False,False,False,False,Modern_Harmonized_CCD,2.0,0.0,2.0,0.0,9.66183574879227,0.0,0.0,9.66183574879227,0.0,0.0,95.65217391304348,10.1010101010101,0.0,0.0,10.1010101010101,6.289308176100629,6.289308176100629,62.264150943396224,2.0,2.0,103.5,,9.9
2016-2017,2910320,SHERWOOD CASS R-VIII,SHERWOOD CASS R-VIII,MO,Cass County,3.0,3.0,823.0,40.0,783.0,54.0,2.2,0.62,27.04,32.68,0.0,62.54,60.34,18.0,3.0,3.0,0.0,0.0,1.75,3.0,0.0,1.0,7.0,23.0,122.29,NCES_CCD_LEA_Official_Releases,Regular Public District,Rural / Peripheral,True,True,False,False,False,Modern_Harmonized_CCD,4.0,4.0,7.0,3.0,4.860267314702308,3.6452004860267313,4.860267314702308,8.50546780072904,3.6452004860267313,0.0,73.31713244228433,6.629101756711965,4.971826317533974,6.629101756711965,11.600928074245939,3.270913402567667,5.724098454493417,49.34172867773326,1.0,2.3333333333333335,274.3333333333333,823.0,20.113333333333333
2016-2017,2928410,SMITHVILLE R-II,SMITHVILLE R-II,MO,Clay County,4.0,4.0,2623.0,36.0,2587.0,163.0,6.5,10.03,59.57,91.08,0.0,167.18,160.68,41.89,7.1,5.85,0.0,0.0,3.9,8.8,1.0,3.0,16.8,20.0,275.52,NCES_CCD_LEA_Official_Releases,Regular Public District,Independent Town / Exurban,True,True,False,False,False,Modern_Harmonized_CCD,11.8,10.1,18.9,7.1,4.4986656500190625,2.706824247045368,3.8505528021349598,7.20548989706443,2.2302706824247043,0.0,61.25810141059855,7.343788897186955,4.418720438137914,6.2857854119990035,11.762509335324868,4.28281068524971,6.859756097560976,58.318815331010455,2.2,4.725,298.0681818181818,874.3333333333334,18.259090909090908
2016-2017,2929670,STRASBURG C-3,STRASBURG C-3,MO,Cass County,1.0,1.0,162.0,0.0,162.0,19.0,0.0,1.28,10.62,0.0,0.0,11.9,11.9,0.0,0.0,0.0,0.0,0.0,0.0,0.0,0.0,0.0,3.0,4.1,19.0,NCES_CCD_LEA_Official_Releases,Regular Public District,Rural / Peripheral,True,False,False,False,False,Modern_Harmonized_CCD,0.0,0.0,0.0,0.0,0.0,0.0,0.0,0.0,0.0,0.0,73.4567901234568,0.0,0.0,0.0,0.0,0.0,0.0,62.631578947368425,0.0,0.0,,,
2016-2017,2900027,UNIVERSITY ACADEMY,UNIVERSITY ACADEMY,MO,Jackson County,3.0,3.0,1066.0,0.0,1066.0,135.0,0.0,7.86,31.94,34.2,0.0,74.0,74.0,6.0,0.0,2.0,0.0,0.0,2.0,7.0,0.0,2.0,0.0,0.0,93.0,NCES_CCD_LEA_Official_Releases,Charter LEA,Charter LEA,False,True,False,False,False,Modern_Harmonized_CCD,9.0,2.0,9.0,0.0,8.442776735459663,0.0,1.876172607879925,8.442776735459663,1.876172607879925,0.0,69.41838649155723,12.162162162162163,0.0,2.7027027027027026,12.162162162162163,9.67741935483871,9.67741935483871,79.56989247311827,2.3333333333333335,3.0,152.28571428571428,533.0,10.571428571428571
2016-2017,2931710,WEST PLATTE CO. R-II,WEST PLATTE CO. R-II,MO,Platte County,2.0,2.0,632.0,46.0,586.0,43.0,2.0,3.68,27.46,29.88,0.0,63.02,61.02,5.0,4.0,1.06,0.0,0.0,1.96,2.14,0.0,1.43,5.0,10.42,94.03,NCES_CCD_LEA_Official_Releases,Regular Public District,Independent Town / Exurban,True,True,False,False,False,Modern_Harmonized_CCD,3.5700000000000003,5.43,7.57,4.0,5.64873417721519,6.329113924050633,8.591772151898734,11.977848101265824,1.677215189873418,0.0,96.5506329113924,5.850540806293019,6.555227794165846,8.898721730580137,12.405768600458867,3.7966606402212064,8.050622141869617,64.8941827076465,1.07,3.785,295.3271028037383,441.958041958042,28.514018691588785
2017-2018,2003780,Basehor-Linwood,Basehor-Linwood,KS,Leavenworth County,5.0,5.0,2641.0,48.0,2593.0,173.0,2.0,22.4,57.9,76.6,0.0,158.9,156.9,50.1,0.6,5.0,0.0,0.0,2.0,9.0,9.3,3.5,5.0,42.7,286.1,NCES_CCD_LEA_Official_Releases,Regular Public District,Independent Town / Exurban,True,True,False,False,False,Modern_Harmonized_CCD,12.5,4.1,13.1,0.6,4.73305566073457,0.22718667171525936,1.552442256720939,4.9602423324498295,1.8932222642938281,0.0,59.40931465354033,7.966857871255577,0.3824091778202677,2.613129381771829,8.349267049075843,4.369101712687871,4.578818594896888,54.84096469765816,1.8,2.62,293.44444444444446,754.5714285714286,17.433333333333334
2017-2018,2012000,Blue Valley,Blue Valley,KS,Johnson County,35.0,35.0,22717.0,467.0,22250.0,1457.0,28.8,324.8,446.65,833.68,0.0,1633.93,1605.13,354.7,42.0,63.0,0.0,0.0,40.0,69.0,91.3,6.0,68.1,352.3,2720.33,NCES_CCD_LEA_Official_Releases,Regular Public District,Major Suburban Unified,True,True,False,False,False,Modern_Harmonized_CCD,75.0,48.0,117.0,42.0,3.3014922745080777,1.8488356737245235,2.1129550556851697,5.150327948232602,2.7732535105867853,0.0,70.65765726108202,4.672518736800134,2.6166104926080753,2.990411991552086,7.289129229408209,2.7570184499674673,4.3009487819492485,59.00497366128374,1.9714285714285715,3.342857142857143,329.231884057971,3786.1666666666665,23.262753623188406
2017-2018,2004050,Bonner Springs,Bonner Springs,KS,Wyandotte County,5.0,5.0,2744.0,78.0,2666.0,179.0,3.0,53.5,52.0,83.0,0.0,191.5,188.5,47.0,6.0,8.0,0.0,0.0,3.0,11.6,13.0,1.0,9.0,44.8,334.9,NCES_CCD_LEA_Official_Releases,Regular Public District,Independent Town / Exurban,True,True,False,False,False,Modern_Harmonized_CCD,12.6,7.0,18.6,6.0,4.591836734693877,2.186588921282799,2.5510204081632653,6.778425655976677,2.9154518950437316,0.0,68.69533527696792,6.684350132625995,3.183023872679045,3.7135278514588856,9.867374005305042,3.7623171095849504,5.553896685577786,56.28545834577486,2.32,3.72,236.55172413793105,2744.0,16.25
2017-2018,2005490,De Soto,De Soto,KS,Johnson County,12.0,12.0,7464.0,277.0,7187.0,520.0,6.0,92.2,124.5,257.0,0.0,479.7,473.7,86.7,9.0,18.6,0.0,0.0,12.0,26.0,21.7,4.0,9.0,106.3,773.0,NCES_CCD_LEA_Official_Releases,Regular Public District,Independent Town / Exurban,True,True,False,False,False,Modern_Harmonized_CCD,30.0,13.0,39.0,9.0,4.019292604501607,1.2057877813504825,1.7416934619506967,5.22508038585209,2.491961414790997,0.0,63.46463022508038,6.3331222292590255,1.8999366687777075,2.744352966012244,8.233058898036733,3.8809831824062093,5.045278137128072,61.28072445019404,2.1666666666666665,3.25,287.0769230769231,1866.0,18.21923076923077
2017-2018,2005640,Easton,Easton,KS,Leavenworth County,3.0,3.0,628.0,6.0,622.0,54.0,0.5,13.4,10.1,32.6,0.0,56.6,56.1,0.0,1.0,1.0,0.0,0.0,0.0,3.0,0.0,1.0,3.0,19.4,85.0,NCES_CCD_LEA_Official_Releases,Regular Public District,Rural / Peripheral,True,True,False,False,False,Modern_Harmonized_CCD,4.0,2.0,5.0,1.0,6.369426751592357,1.5923566878980893,3.1847133757961785,7.961783439490445,1.5923566878980893,0.0,89.33121019108282,7.130124777183601,1.7825311942959003,3.5650623885918007,8.9126559714795,4.705882352941177,5.88235294117647,66.0,1.0,1.6666666666666667,209.33333333333334,628.0,18.7
2017-2018,2006330,Ft Leavenworth,Ft Leavenworth,KS,Leavenworth County,4.0,4.0,1913.0,179.0,1734.0,252.0,9.0,38.0,62.5,22.5,0.0,132.0,123.0,39.4,8.0,4.0,0.0,0.0,4.0,5.0,3.2,3.0,8.0,43.1,249.7,NCES_CCD_LEA_Official_Releases,Regular Public District,Independent Town / Exurban,True,True,False,False,False,Modern_Harmonized_CCD,8.0,11.0,16.0,8.0,4.181913225300574,4.181913225300574,5.7501306847882905,8.363826450601149,2.090956612650287,0.0,64.29691583899634,6.504065040650407,6.504065040650407,8.94308943089431,13.008130081300814,3.2038446135362433,6.407689227072487,49.25911093311975,1.25,4.0,382.6,637.6666666666666,24.6
2017-2018,2006420,Gardner Edgerton,Gardner Edgerton,KS,Johnson County,11.0,11.0,6113.0,273.0,5840.0,480.0,11.5,86.0,96.0,243.0,0.0,436.5,425.0,114.5,3.0,13.6,0.0,0.0,10.0,25.0,16.6,2.0,14.0,93.6,728.8,NCES_CCD_LEA_Official_Releases,Regular Public District,Independent Town / Exurban,True,True,False,False,False,Modern_Harmonized_CCD,27.0,5.0,30.0,3.0,4.4168166203173564,0.49075740225748404,0.8179290037624735,4.907574022574841,2.2247668902339277,0.0,69.52396531981024,6.352941176470588,0.7058823529411765,1.1764705882352942,7.0588235294117645,3.7047200878155877,4.116355653128431,58.31503841931943,2.272727272727273,2.727272727272727,244.52,3056.5,17.0
2017-2018,2007950,Kansas City,Kansas City,KS,Wyandotte County,47.0,47.0,22902.0,1165.0,21737.0,1829.0,90.0,382.3,496.3,747.9,0.0,1716.5,1626.5,184.0,99.6,60.5,0.0,0.0,22.0,92.5,106.0,7.0,46.0,708.0,3042.1,NCES_CCD_LEA_Official_Releases,Regular Public District,Urban Core Unified,True,True,False,False,False,Modern_Harmonized_CCD,99.5,106.6,199.1,99.6,4.344598725002183,4.348965155881582,4.654615317439524,8.693563880883765,2.6416906820365034,0.0,71.01999825342766,6.117430064555795,6.123578235474946,6.553950199815555,12.24100830003074,3.270766904441011,6.544821011801058,53.46635547812366,1.9680851063829787,4.236170212765957,247.5891891891892,3271.714285714286,17.583783783783783
2017-2018,2008340,Lansing,Lansing,KS,Leavenworth County,3.0,3.0,2641.0,8.0,2633.0,184.0,3.1,35.7,43.0,97.7,0.0,179.5,176.4,56.0,0.0,3.0,0.0,0.0,2.0,10.0,6.5,4.0,4.0,41.3,306.3,NCES_CCD_LEA_Official_Releases,Regular Public District,Independent Town / Exurban,True,True,False,False,False,Modern_Harmonized_CCD,14.0,4.0,14.0,0.0,5.301022340022719,0.0,1.5145778114350623,5.301022340022719,1.135933358576297,0.0,66.79288148428627,7.936507936507936,0.0,2.2675736961451247,7.936507936507936,4.570682337577538,4.570682337577538,57.59059745347699,3.3333333333333335,4.666666666666667,264.1,660.25,17.64
2017-2018,2000025,Lansing Correctional Facility,Lansing Correctional Facility,KS,Leavenworth County,1.0,1.0,0.0,0.0,0.0,0.0,0.0,0.0,0.0,0.0,0.0,0.0,0.0,0.0,0.0,0.0,0.0,0.0,0.0,0.0,0.0,0.0,0.0,0.0,0.0,NCES_CCD_LEA_Official_Releases,Regular Public District,Independent Town / Exurban,False,False,False,False,False,Modern_Harmonized_CCD,0.0,0.0,0.0,0.0,,,,,,,,,,,,,,,0.0,0.0,,,
2017-2018,2008430,Leavenworth,Leavenworth,KS,Leavenworth County,7.0,6.0,3827.0,139.0,3688.0,282.0,7.0,65.2,76.0,115.0,0.0,263.2,256.2,106.0,6.0,10.0,0.0,0.0,3.0,19.0,16.0,2.0,9.0,98.0,532.2,NCES_CCD_LEA_Official_Releases,Regular Public District,Independent Town / Exurban,True,True,False,False,False,Modern_Harmonized_CCD,21.0,8.0,27.0,6.0,5.487326887901751,1.567807682257643,2.0904102430101905,7.055134570159394,2.6130128037627385,0.0,66.94538803240135,8.196721311475411,2.3419203747072603,3.12256049960968,10.53864168618267,3.945885005636978,5.073280721533258,48.13979706877113,2.7142857142857144,3.857142857142857,201.42105263157896,1913.5,13.484210526315788
2017-2018,2008970,Louisburg,Louisburg,KS,Miami County,4.0,4.0,1729.0,34.0,1695.0,115.0,3.7,15.8,30.6,55.7,0.0,105.8,102.1,17.0,0.0,2.0,0.0,0.0,1.0,3.8,8.0,1.2,3.0,41.5,183.3,NCES_CCD_LEA_Official_Releases,Regular Public District,Independent Town / Exurban,True,True,False,False,False,Modern_Harmonized_CCD,5.0,1.2,5.0,0.0,2.891844997108155,0.0,0.6940427993059572,2.891844997108155,1.156737998843262,0.0,59.05147484094852,4.897159647404506,0.0,1.1753183153770812,4.897159647404506,2.7277686852154934,2.7277686852154934,55.70103655210038,0.95,1.25,455.0,1440.8333333333335,26.86842105263158
2017-2018,2010140,Olathe,Olathe,KS,Johnson County,49.0,49.0,29939.0,1031.0,28908.0,1991.0,63.7,415.5,546.1,1068.2,0.0,2093.5,2029.8,630.1,33.85,60.0,0.0,0.0,43.5,51.0,97.9,5.0,33.0,505.5,3553.35,NCES_CCD_LEA_Official_Releases,Regular Public District,Major Suburban Unified,True,True,False,False,False,Modern_Harmonized_CCD,56.0,38.85,89.85,33.85,1.8704699555763387,1.1306322856474833,1.2976385316810848,3.0011022412238217,2.00407495240322,0.0,67.79785563980093,2.7588925017243078,1.6676519854172827,1.9139816730712387,4.42654448714159,1.5759775986041342,2.528599772046097,57.12355945797628,1.0408163265306123,1.833673469387755,587.0392156862745,5987.8,39.8
2017-2018,2010260,Osawatomie,Osawatomie,KS,Miami County,4.0,4.0,1156.0,73.0,1083.0,94.0,4.0,12.0,23.0,41.6,0.0,80.6,76.6,2.0,2.0,2.0,0.0,0.0,1.0,5.1,5.0,0.9,3.0,49.0,150.6,NCES_CCD_LEA_Official_Releases,Regular Public District,Independent Town / Exurban,True,True,False,False,False,Modern_Harmonized_CCD,6.0,2.9,8.0,2.0,5.190311418685121,1.7301038062283738,2.508650519031142,6.920415224913495,1.7301038062283738,0.0,66.2629757785467,7.83289817232376,2.6109660574412534,3.7859007832898173,10.443864229765014,3.9840637450199203,5.3120849933598935,50.863213811420984,1.275,2.0,226.66666666666669,1284.4444444444443,15.019607843137255
2017-2018,2010500,Paola,Paola,KS,Miami County,4.0,4.0,2059.0,38.0,2021.0,158.0,1.0,22.5,41.0,71.6,0.0,136.1,135.1,232.0,0.0,2.0,0.0,0.0,2.9,6.0,13.0,4.0,6.0,36.0,438.0,NCES_CCD_LEA_Official_Releases,Regular Public District,Independent Town / Exurban,True,True,False,False,False,Modern_Harmonized_CCD,10.0,4.0,10.0,0.0,4.856726566294317,0.0,1.942690626517727,4.856726566294317,0.9713453132588635,0.0,65.61437591063623,7.401924500370097,0.0,2.9607698001480385,7.401924500370097,2.28310502283105,2.28310502283105,30.844748858447485,1.5,2.5,343.1666666666667,514.75,22.516666666666666
2017-2018,2010680,Piper-Kansas City,Piper-Kansas City,KS,Wyandotte County,4.0,4.0,2375.0,120.0,2255.0,175.0,6.0,24.0,42.0,70.0,0.0,142.0,136.0,27.0,1.0,5.0,0.0,0.0,2.0,8.0,8.0,1.0,3.0,38.0,235.0,NCES_CCD_LEA_Official_Releases,Regular Public District,Independent Town / Exurban,True,True,False,False,False,Modern_Harmonized_CCD,9.0,2.0,10.0,1.0,3.789473684210526,0.4210526315789474,0.8421052631578948,4.2105263157894735,2.1052631578947367,0.0,57.26315789473684,6.61764705882353,0.7352941176470588,1.4705882352941175,7.352941176470589,3.829787234042553,4.25531914893617,57.87234042553191,2.0,2.5,296.875,2375.0,17.0
2017-2018,2000018,School for Blind,School for Blind,KS,Wyandotte County,2.0,0.0,20.0,0.0,20.0,0.0,0.0,0.9,0.0,6.1,0.0,7.0,7.0,0.0,7.5,0.0,0.0,0.0,0.0,0.0,0.0,2.0,0.0,1.0,17.5,NCES_CCD_LEA_Official_Releases,Specialized State Agency,Specialized State Agency,False,False,False,False,False,Modern_Harmonized_CCD,2.0,9.5,9.5,7.5,100.0,375.0,475.0,475.0,0.0,0.0,350.0,28.57142857142857,107.14285714285714,135.71428571428572,135.71428571428572,11.428571428571429,54.285714285714285,40.0,0.0,4.75,,10.0,
2017-2018,2000019,School for Deaf,School for Deaf,KS,Johnson County,2.0,0.0,105.0,10.0,95.0,7.0,4.0,5.0,8.0,13.7,0.0,30.7,26.7,0.0,1.0,0.0,0.0,0.0,0.0,2.0,0.0,1.0,0.0,0.0,34.7,NCES_CCD_LEA_Official_Releases,Specialized State Agency,Specialized State Agency,False,False,False,False,False,Modern_Harmonized_CCD,3.0,2.0,4.0,1.0,28.57142857142857,9.523809523809526,19.04761904761905,38.0952380952381,0.0,0.0,254.28571428571428,11.235955056179774,3.7453183520599254,7.490636704119851,14.981273408239701,8.645533141210374,11.527377521613833,76.94524495677233,1.0,2.0,52.5,105.0,13.35
2017-2018,2011640,Shawnee Mission Pub Sch,Shawnee Mission Pub Sch,KS,Johnson County,43.0,43.0,27584.0,689.0,26895.0,2136.0,33.0,392.0,608.5,732.7,0.0,1766.2,1733.2,329.7,57.5,22.0,0.0,0.0,0.0,82.8,73.7,9.0,39.1,408.2,2788.2,NCES_CCD_LEA_Official_Releases,Regular Public District,Major Suburban Unified,True,True,False,False,False,Modern_Harmonized_CCD,91.8,66.5,149.3,57.5,3.328016241299304,2.084541763341067,2.4108178654292343,5.412558004640372,0.7975638051044083,0.0,62.83352668213457,5.296561273944149,3.3175628894530345,3.836833602584814,8.614124163397186,3.29244673983215,5.354709131339216,62.161968294957326,1.9255813953488372,3.4720930232558143,333.1400966183575,3064.8888888888887,20.932367149758456
2017-2018,2011850,Spring Hill,Spring Hill,KS,Johnson County,7.0,5.0,4018.0,108.0,3910.0,269.0,4.0,49.75,63.25,116.85,0.0,233.85,229.85,66.3,6.0,2.0,0.0,0.0,0.0,9.0,13.0,3.0,7.4,50.2,390.75,NCES_CCD_LEA_Official_Releases,Regular Public District,Independent Town / Exurban,True,True,False,False,False,Modern_Harmonized_CCD,12.0,9.0,18.0,6.0,2.9865604778496766,1.4932802389248383,2.2399203583872573,4.479840716774515,0.49776007964161273,0.0,57.20507715281234,5.220796171416141,2.6103980857080704,3.915597128562106,7.831194257124212,3.071017274472169,4.606525911708253,58.82277671145233,1.2857142857142858,2.5714285714285716,446.44444444444446,1339.3333333333333,25.538888888888888
2017-2018,2012210,Tonganoxie,Tonganoxie,KS,Leavenworth County,3.0,3.0,1976.0,25.0,1951.0,136.0,0.9,22.0,41.1,74.3,0.0,138.3,137.4,41.8,1.7,5.0,0.0,0.0,0.0,7.0,9.0,1.0,3.5,55.5,262.8,NCES_CCD_LEA_Official_Releases,Regular Public District,Independent Town / Exurban,True,True,False,False,False,Modern_Harmonized_CCD,8.0,2.7,9.7,1.7,4.048582995951417,0.8603238866396762,1.3663967611336034,4.908906882591093,2.5303643724696356,0.0,69.53441295546558,5.822416302765648,1.2372634643377,1.9650655021834063,7.059679767103347,3.0441400304414,3.6910197869101977,52.28310502283106,2.3333333333333335,3.233333333333333,282.2857142857143,1976.0,19.62857142857143
2017-2018,2012360,Turner-Kansas City,Turner-Kansas City,KS,Wyandotte County,7.0,7.0,4187.0,201.0,3986.0,283.0,6.0,57.6,80.1,125.5,0.0,269.2,263.2,57.5,8.0,10.0,0.0,0.0,0.0,20.0,16.0,4.0,9.0,98.0,491.7,NCES_CCD_LEA_Official_Releases,Regular Public District,Independent Town / Exurban,True,True,False,False,False,Modern_Harmonized_CCD,24.0,12.0,32.0,8.0,5.732027704800574,1.910675901600191,2.866013852400287,7.642703606400764,2.3883448770002387,0.0,62.86123716264628,9.118541033434651,3.0395136778115504,4.5592705167173255,12.158054711246201,4.881025015253203,6.508033353670937,53.52857433394346,2.857142857142857,4.571428571428571,209.35,1046.75,13.16
2017-2018,2900017,ACADEMIE LAFAYETTE,ACADEMIE LAFAYETTE,MO,Jackson County,2.0,2.0,969.0,0.0,969.0,132.0,0.0,9.5,57.1,0.0,0.0,66.6,66.6,1.65,2.0,0.0,0.0,0.0,0.5,3.0,0.0,0.0,10.0,1.0,84.75,NCES_CCD_LEA_Official_Releases,Charter LEA,Charter LEA,False,True,False,False,False,Modern_Harmonized_CCD,3.0,2.0,5.0,2.0,3.0959752321981426,2.0639834881320946,2.0639834881320946,5.159958720330238,0.0,0.0,68.73065015479877,4.504504504504505,3.0030030030030033,3.0030030030030033,7.5075075075075075,3.5398230088495577,5.899705014749262,78.58407079646017,1.5,2.5,323.0,,22.2
2017-2018,2900604,ACADEMY FOR INTEGRATED ARTS,ACADEMY FOR INTEGRATED ARTS,MO,Jackson County,1.0,1.0,207.0,17.0,190.0,44.0,0.0,4.0,9.75,0.0,0.0,13.75,13.75,5.65,0.25,0.0,0.0,0.0,0.0,1.0,0.0,1.0,2.0,0.0,23.65,NCES_CCD_LEA_Official_Releases,Charter LEA,Charter LEA,False,False,False,False,False,Modern_Harmonized_CCD,2.0,1.25,2.25,0.25,9.66183574879227,1.2077294685990339,6.038647342995169,10.869565217391305,0.0,0.0,66.42512077294687,14.545454545454545,1.8181818181818181,9.090909090909092,16.363636363636363,8.456659619450317,9.513742071881607,58.139534883720934,1.0,2.25,207.0,207.0,13.75
2017-2018,2900025,ALLEN VILLAGE,ALLEN VILLAGE,MO,Jackson County,2.0,2.0,605.0,0.0,605.0,28.0,0.0,1.21,21.04,12.35,0.0,34.6,34.6,12.0,2.5,2.0,0.0,0.0,0.0,0.75,0.0,1.5,3.0,5.0,61.35,NCES_CCD_LEA_Official_Releases,Charter LEA,Charter LEA,False,True,False,False,False,Modern_Harmonized_CCD,2.25,4.0,4.75,2.5,3.71900826446281,4.132231404958678,6.6115702479338845,7.8512396694214885,3.3057851239669422,0.0,57.190082644628106,6.502890173410404,7.22543352601156,11.560693641618498,13.728323699421965,3.6674816625916873,7.742461287693561,56.39771801140995,0.375,2.375,806.6666666666666,403.3333333333333,46.13333333333333
2017-2018,2903200,ARCHIE R-V,ARCHIE R-V,MO,Cass County,2.0,2.0,537.0,6.0,531.0,34.0,1.05,2.24,14.83,24.73,0.0,42.85,41.8,6.38,0.22,0.81,0.0,0.0,0.51,3.0,0.0,1.0,4.62,6.0,65.39,NCES_CCD_LEA_Official_Releases,Regular Public District,Rural / Peripheral,True,True,False,False,False,Modern_Harmonized_CCD,4.0,1.22,4.22,0.22,7.4487895716946,0.409683426443203,2.271880819366853,7.858472998137802,1.5083798882681565,0.0,77.83985102420857,9.569377990430622,0.5263157894736843,2.91866028708134,10.095693779904307,6.1171432940816635,6.453586175256156,63.924147423153386,1.5,2.11,179.0,537.0,13.933333333333332
2017-2018,2900011,B. BANNEKER ACADEMY,B. BANNEKER ACADEMY,MO,Jackson County,1.0,1.0,357.0,27.0,330.0,34.0,2.0,2.85,17.1,0.0,0.0,21.95,19.95,4.0,1.0,0.0,0.0,0.0,0.0,2.0,0.0,1.0,4.0,2.0,35.95,NCES_CCD_LEA_Official_Releases,Charter LEA,Charter LEA,False,False,False,False,False,Modern_Harmonized_CCD,3.0,2.0,4.0,1.0,8.403361344537815,2.8011204481792715,5.602240896358543,11.204481792717086,0.0,0.0,55.882352941176464,15.037593984962406,5.012531328320803,10.025062656641605,20.05012531328321,8.344923504867872,11.126564673157162,55.493741307371344,2.0,4.0,178.5,357.0,9.975
2017-2018,2904620,BELTON 124,BELTON 124,MO,Cass County,9.0,8.0,4868.0,306.0,4562.0,355.0,14.93,18.89,148.56,129.37,0.0,311.75,296.82,67.95,13.5,13.0,0.0,0.0,7.93,15.0,0.0,5.0,41.5,83.33,558.96,NCES_CCD_LEA_Official_Releases,Regular Public District,Independent Town / Exurban,True,True,False,False,False,Modern_Harmonized_CCD,20.0,18.5,33.5,13.5,4.108463434675432,2.773212818405916,3.8003286770747744,6.881676253081348,2.6705012325390305,0.0,60.97370583401807,6.738090425173506,4.548211036992116,6.232733643285493,11.286301462165623,3.5780735651925,5.993273221697438,53.10218978102189,1.6666666666666667,3.7222222222222223,324.53333333333336,973.6,19.788
2017-2018,2905310,BLUE SPRINGS R-IV,BLUE SPRINGS R-IV,MO,Jackson County,22.0,21.0,14489.0,161.0,14328.0,998.0,19.31,57.38,348.84,459.74,0.0,885.27,865.96,145.63,19.0,34.72,0.0,0.0,12.86,46.0,14.0,6.0,0.0,157.37,1320.85,NCES_CCD_LEA_Official_Releases,Regular Public District,Major Suburban Unified,True,True,False,False,False,Modern_Harmonized_CCD,52.0,25.0,71.0,19.0,3.588929532748982,1.3113396369659742,1.725446890744703,4.9002691697149565,2.3963006418662434,0.0,59.766719580371316,6.004896300060049,2.194096725021941,2.8869693750288694,8.19899302508199,3.936858840897907,5.375326494302912,65.5608131127683,2.090909090909091,3.227272727272727,314.9782608695652,2414.8333333333335,18.82521739130435
2017-2018,2900024,BROOKSIDE CHARTER SCH.,BROOKSIDE CHARTER SCH.,MO,Jackson County,2.0,2.0,630.0,20.0,610.0,71.0,2.0,7.13,31.12,19.25,0.0,59.5,57.5,3.0,1.1,2.0,0.0,0.0,0.0,3.9,0.0,1.0,0.0,0.0,70.5,NCES_CCD_LEA_Official_Releases,Charter LEA,Charter LEA,False,True,False,False,False,Modern_Harmonized_CCD,4.9,2.1,6.0,1.1,7.777777777777779,1.7460317460317463,3.3333333333333335,9.523809523809526,3.1746031746031744,0.0,91.26984126984127,8.521739130434783,1.9130434782608698,3.6521739130434785,10.434782608695652,6.950354609929079,8.51063829787234,81.56028368794325,1.95,3.0,161.53846153846155,630.0,14.743589743589745
2017-2018,2908250,CENTER 58,CENTER 58,MO,Jackson County,8.0,6.0,2625.0,162.0,2463.0,219.0,9.25,11.0,89.4,111.4,0.0,221.05,211.8,45.0,9.42,6.75,0.0,0.0,2.8,11.8,0.0,2.0,27.0,98.2,424.02,NCES_CCD_LEA_Official_Releases,Regular Public District,Urban Core Unified,True,True,False,False,False,Modern_Harmonized_CCD,13.8,11.42,23.22,9.42,5.257142857142858,3.5885714285714285,4.35047619047619,8.845714285714285,2.571428571428571,0.0,80.6857142857143,6.515580736543909,4.447592067988668,5.391879131255902,10.963172804532578,3.2545634639875485,5.4761567850573085,49.950474034243676,1.475,2.9025,222.45762711864404,1312.5,17.949152542372882
2017-2018,2900612,CITIZENS OF THE WORLD CHARTER,CITIZENS OF THE WORLD CHARTER,MO,Jackson County,1.0,1.0,221.0,0.0,221.0,93.0,0.0,6.41,11.99,0.0,0.0,18.4,18.4,0.0,1.0,0.0,0.0,0.0,0.0,1.0,8.0,1.0,0.0,0.0,29.4,NCES_CCD_LEA_Official_Releases,Charter LEA,Charter LEA,False,False,False,False,False,Modern_Harmonized_CCD,2.0,2.0,3.0,1.0,9.04977375565611,4.524886877828055,9.04977375565611,13.574660633484163,0.0,0.0,83.2579185520362,10.869565217391305,5.434782608695652,10.869565217391305,16.304347826086957,6.802721088435375,10.204081632653061,62.585034013605444,1.0,3.0,221.0,221.0,18.4
2017-2018,2900603,CROSSROADS CHARTER SCHOOLS,CROSSROADS CHARTER SCHOOLS,MO,Jackson County,2.0,2.0,683.0,0.0,683.0,106.0,0.0,8.53,49.47,4.1,0.0,62.1,62.1,7.0,1.0,2.0,0.0,0.0,0.0,3.5,0.0,1.0,9.5,0.0,86.1,NCES_CCD_LEA_Official_Releases,Charter LEA,Charter LEA,False,True,False,False,False,Modern_Harmonized_CCD,4.5,2.0,5.5,1.0,6.588579795021962,1.4641288433382138,2.9282576866764276,8.052708638360176,2.9282576866764276,0.0,90.92240117130308,7.246376811594203,1.610305958132045,3.22061191626409,8.856682769726248,5.2264808362369335,6.3879210220673635,72.12543554006969,1.75,2.75,195.14285714285714,683.0,17.742857142857144
2017-2018,2900593,DELASALLE CHARTER SCHOOL,DELASALLE CHARTER SCHOOL,MO,Jackson County,1.0,1.0,196.0,0.0,196.0,0.0,0.0,0.0,0.0,9.38,0.0,9.38,9.38,4.0,2.89,0.0,0.0,0.0,0.45,0.0,0.0,1.0,11.0,3.0,31.72,NCES_CCD_LEA_Official_Releases,Charter LEA,Charter LEA,False,False,False,False,False,Modern_Harmonized_CCD,1.0,3.89,3.89,2.89,5.1020408163265305,14.744897959183673,19.846938775510207,19.846938775510207,0.0,0.0,47.85714285714286,10.660980810234541,30.810234541577824,41.47121535181236,41.47121535181236,3.1525851197982346,12.263556116015133,29.57124842370744,0.0,3.89,,196.0,
2017-2018,2900009,DIVISION OF YOUTH SERVICE,DIVISION OF YOUTH SERVICE,MO,Clay County,5.0,4.0,619.0,0.0,619.0,0.0,0.0,0.0,0.0,114.5,0.0,114.5,114.5,0.0,4.0,0.0,0.0,0.0,0.0,0.0,0.0,1.0,0.0,0.0,119.5,NCES_CCD_LEA_Official_Releases,Specialized State Agency,Specialized State Agency,False,True,False,False,False,Modern_Harmonized_CCD,1.0,5.0,5.0,4.0,1.6155088852988693,6.462035541195477,8.077544426494345,8.077544426494345,0.0,0.0,184.97576736672053,0.8733624454148471,3.4934497816593884,4.366812227074235,4.366812227074235,0.8368200836820083,4.184100418410042,95.81589958158996,0.0,1.0,,619.0,
2017-2018,2911070,DREXEL R-IV,DREXEL R-IV,MO,Cass County,2.0,2.0,342.0,30.0,312.0,17.0,1.0,0.41,12.31,16.78,0.0,30.5,29.5,7.0,0.5,1.0,0.0,0.0,0.8,2.0,0.0,1.0,4.0,8.58,55.38,NCES_CCD_LEA_Official_Releases,Regular Public District,Rural / Peripheral,True,False,False,False,False,Modern_Harmonized_CCD,3.0,1.5,3.5,0.5,8.771929824561402,1.461988304093567,4.385964912280701,10.23391812865497,2.923976608187134,0.0,86.25730994152046,10.16949152542373,1.694915254237288,5.084745762711865,11.864406779661017,5.417118093174431,6.319971108703502,53.26832791621524,1.0,1.75,171.0,342.0,14.75
2017-2018,2911160,EAST LYNNE 40,EAST LYNNE 40,MO,Cass County,1.0,1.0,125.0,10.0,115.0,16.0,0.0,1.23,12.22,0.0,0.0,13.45,13.45,3.75,0.0,0.0,0.0,0.0,0.35,0.8,0.0,0.5,2.0,2.2,23.05,NCES_CCD_LEA_Official_Releases,Regular Public District,Rural / Peripheral,True,False,False,False,False,Modern_Harmonized_CCD,1.3,0.5,1.3,0.0,10.4,0.0,4.0,10.4,0.0,0.0,107.6,9.66542750929368,0.0,3.717472118959108,9.66542750929368,5.639913232104121,5.639913232104121,58.35140997830802,0.8,1.3,156.25,250.0,16.812499999999996
2017-2018,2900597,EWING MARION KAUFFMAN SCHOOL,EWING MARION KAUFFMAN SCHOOL,MO,Jackson County,2.0,2.0,962.0,0.0,962.0,0.0,0.0,0.0,0.0,90.4,0.0,90.4,90.4,5.0,6.6,0.0,0.0,0.0,0.0,3.0,0.0,1.0,0.0,0.0,106.0,NCES_CCD_LEA_Official_Releases,Charter LEA,Charter LEA,False,True,False,False,False,Modern_Harmonized_CCD,4.0,7.6,10.6,6.6,4.158004158004158,6.86070686070686,7.900207900207901,11.018711018711018,0.0,0.0,93.97089397089398,4.424778761061947,7.3008849557522115,8.407079646017698,11.725663716814157,3.7735849056603774,10.0,85.28301886792453,1.5,5.3,320.6666666666667,962.0,30.133333333333336
2017-2018,2911650,EXCELSIOR SPRINGS 40,EXCELSIOR SPRINGS 40,MO,Clay County,7.0,5.0,2841.0,76.0,2765.0,216.0,7.0,12.2,76.66,130.21,0.0,226.07,219.07,32.5,19.3,7.0,0.0,0.0,4.0,10.0,0.0,4.0,24.0,41.0,367.87,NCES_CCD_LEA_Official_Releases,Regular Public District,Independent Town / Exurban,True,True,False,False,False,Modern_Harmonized_CCD,14.0,23.3,33.3,19.3,4.9278423090461105,6.7933826117564236,8.201337557198169,11.721224920802534,2.4639211545230553,0.0,77.11017247448082,6.390651389966677,8.809969416168348,10.635869813301685,15.200620806135024,3.8056922282327994,9.052110800010873,59.55092831706853,1.4285714285714286,4.757142857142857,284.1,710.25,21.907
2017-2018,2912290,FORT OSAGE R-I,FORT OSAGE R-I,MO,Jackson County,11.0,8.0,5069.0,119.0,4950.0,360.0,10.4,22.12,157.73,151.95,0.0,342.2,331.8,87.58,9.6,15.0,0.0,0.0,13.0,13.9,1.0,6.75,90.0,85.42,664.45,NCES_CCD_LEA_Official_Releases,Regular Public District,Independent Town / Exurban,True,True,False,False,False,Modern_Harmonized_CCD,20.65,16.35,30.25,9.6,4.073781811008089,1.8938646675872952,3.2254882619846126,5.967646478595384,2.959163543105149,0.0,65.4566975734859,6.223628691983122,2.8933092224231465,4.9276672694394215,9.116937914406268,3.1078335465422526,4.552637519753179,49.93603732410264,1.2636363636363637,2.75,364.67625899280574,750.9629629629629,23.8705035971223
2017-2018,2900590,FRONTIER SCHOOLS,FRONTIER SCHOOLS,MO,Jackson County,5.0,5.0,1632.0,0.0,1632.0,113.0,0.0,6.26,44.34,86.02,0.0,136.62,136.62,7.0,3.0,3.0,0.0,0.0,2.8,10.08,0.0,1.0,0.0,0.0,163.5,NCES_CCD_LEA_Official_Releases,Charter LEA,Charter LEA,False,True,False,False,False,Modern_Harmonized_CCD,11.08,4.0,14.08,3.0,6.78921568627451,1.838235294117647,2.450980392156863,8.627450980392156,1.838235294117647,0.0,83.71323529411764,8.110086370955937,2.1958717610891525,2.9278290147855364,10.305958132045088,6.776758409785932,8.611620795107033,83.55963302752293,2.016,2.816,161.9047619047619,1632.0,13.553571428571429
2017-2018,2900016,GENESIS SCHOOL INC.,GENESIS SCHOOL INC.,MO,Jackson County,1.0,1.0,278.0,0.0,278.0,26.0,0.0,0.0,0.0,20.13,0.0,20.13,20.13,7.5,1.0,0.0,0.0,0.0,1.0,1.0,0.0,1.0,4.0,1.5,37.13,NCES_CCD_LEA_Official_Releases,Charter LEA,Charter LEA,False,False,False,False,False,Modern_Harmonized_CCD,2.0,2.0,3.0,1.0,7.194244604316547,3.5971223021582737,7.194244604316547,10.79136690647482,0.0,0.0,72.41007194244604,9.935419771485346,4.967709885742673,9.935419771485346,14.903129657228018,5.386479935362241,8.07971990304336,54.21492054942094,1.0,3.0,278.0,278.0,20.13
2017-2018,2900015,GORDON PARKS ELEM.,GORDON PARKS ELEM.,MO,Jackson County,1.0,1.0,180.0,0.0,180.0,40.0,0.0,2.41,20.19,0.0,0.0,22.6,22.6,3.0,0.2,0.6,0.0,0.0,0.0,1.0,0.0,0.0,1.0,3.75,32.15,NCES_CCD_LEA_Official_Releases,Charter LEA,Charter LEA,False,False,False,False,False,Modern_Harmonized_CCD,1.0,0.2,1.2,0.2,5.555555555555555,1.1111111111111112,1.1111111111111112,6.666666666666666,3.333333333333333,0.0,125.55555555555556,4.424778761061947,0.8849557522123894,0.8849557522123894,5.309734513274336,3.1104199066874028,3.7325038880248838,70.2954898911353,1.0,1.2,180.0,,22.6
2017-2018,2913080,GRAIN VALLEY R-V,GRAIN VALLEY R-V,MO,Jackson County,8.0,7.0,4433.0,109.0,4324.0,320.0,9.4,18.8,142.87,156.73,0.0,327.8,318.4,72.0,6.0,10.0,0.0,0.0,7.0,18.0,0.0,3.0,0.0,0.0,443.8,NCES_CCD_LEA_Official_Releases,Regular Public District,Independent Town / Exurban,True,True,False,False,False,Modern_Harmonized_CCD,21.0,9.0,27.0,6.0,4.737198285585382,1.3534852244529665,2.0302278366794497,6.090683510038349,2.2558087074216107,0.0,71.82494924430408,6.595477386934674,1.884422110552764,2.8266331658291457,8.479899497487438,4.73186119873817,6.08382154123479,71.74402884182062,2.25,3.375,246.27777777777777,1477.6666666666667,17.688888888888886
2017-2018,2913140,GRANDVIEW C-4,GRANDVIEW C-4,MO,Jackson County,9.0,7.0,4301.0,141.0,4160.0,320.0,5.8,18.4,148.05,121.25,0.0,293.5,287.7,47.63,8.0,14.0,0.0,0.0,7.0,15.0,0.0,5.0,0.0,0.0,390.13,NCES_CCD_LEA_Official_Releases,Regular Public District,Independent Town / Exurban,True,True,False,False,False,Modern_Harmonized_CCD,20.0,13.0,28.0,8.0,4.650081376424088,1.860032550569635,3.022552894675657,6.510113926993723,3.2550569634968616,0.0,66.8914205998605,6.951685783802572,2.780674313521029,4.518595759471672,9.732360097323602,5.126496296106426,7.177094814548997,73.74464921949094,1.6666666666666667,3.111111111111111,286.73333333333335,860.2,19.18
2017-2018,2900029,GUADALUPE CENTERS SCHOOLS,GUADALUPE CENTERS SCHOOLS,MO,Jackson County,3.0,3.0,1112.0,60.0,1052.0,91.0,4.0,5.0,32.0,51.0,0.0,92.0,88.0,7.0,2.0,3.34,0.0,0.0,0.0,6.0,0.0,1.5,0.0,0.0,111.84,NCES_CCD_LEA_Official_Releases,Charter LEA,Charter LEA,False,True,False,False,False,Modern_Harmonized_CCD,7.5,3.5,9.5,2.0,6.744604316546762,1.7985611510791368,3.147482014388489,8.5431654676259,3.0035971223021583,0.0,79.13669064748201,8.522727272727272,2.272727272727273,3.977272727272727,10.795454545454545,6.706008583690987,8.494277539341917,78.6838340486409,2.0,3.1666666666666665,185.33333333333334,741.3333333333334,14.666666666666666
2017-2018,2913680,HARDIN-CENTRAL C-2,HARDIN-CENTRAL C-2,MO,Ray County,2.0,2.0,84.0,0.0,84.0,5.0,0.96,1.17,9.13,10.19,0.0,21.45,20.49,3.0,0.0,0.47,0.0,0.0,0.8,1.0,0.0,1.0,2.0,4.0,33.72,NCES_CCD_LEA_Official_Releases,Regular Public District,Rural / Peripheral,True,False,False,False,False,Modern_Harmonized_CCD,2.0,1.0,2.0,0.0,23.809523809523807,0.0,11.904761904761903,23.809523809523807,5.595238095238095,0.0,243.92857142857142,9.760858955588091,0.0,4.880429477794046,9.760858955588091,5.931198102016608,5.931198102016608,60.76512455516014,0.5,1.0,84.0,84.0,20.49
2017-2018,2913760,HARRISONVILLE R-IX,HARRISONVILLE R-IX,MO,Cass County,7.0,5.0,2537.0,140.0,2397.0,167.0,4.44,11.38,62.78,114.92,0.0,193.52,189.08,26.4,4.6,10.0,0.0,0.0,3.98,8.5,0.0,5.0,26.0,112.0,390.0,NCES_CCD_LEA_Official_Releases,Regular Public District,Independent Town / Exurban,True,True,False,False,False,Modern_Harmonized_CCD,13.5,9.6,18.1,4.6,5.321245565628695,1.8131651556957036,3.783996846669294,7.134410721324399,3.941663381947182,0.0,74.52897122585732,7.139834990480219,2.4328326634228894,5.077215993230378,9.572667653903109,3.4615384615384617,4.641025641025641,48.48205128205129,1.2142857142857142,2.585714285714286,298.47058823529414,507.4,22.244705882352942
2017-2018,2914340,HICKMAN MILLS C-1,HICKMAN MILLS C-1,MO,Jackson County,15.0,14.0,6019.0,469.0,5550.0,504.0,33.96,35.54,207.5,162.93,0.0,439.93,405.97,85.0,14.24,15.4,0.0,0.0,11.0,18.0,0.0,6.66,0.0,1.0,591.23,NCES_CCD_LEA_Official_Releases,Regular Public District,Rural / Peripheral,True,True,False,False,False,Modern_Harmonized_CCD,24.66,20.9,38.9,14.24,4.097026084067121,2.3658415019106163,3.472337597607576,6.462867585977737,2.5585645456055826,0.0,67.4480810765908,6.074340468507525,3.5076483484001284,5.148163657413109,9.581988816907652,4.170965614058826,6.579503746426941,68.66532483128394,1.2,2.5933333333333333,334.3888888888889,903.7537537537537,22.553888888888892
2017-2018,2900014,HOGAN PREPARATORY ACADEMY,HOGAN PREPARATORY ACADEMY,MO,Jackson County,3.0,3.0,1088.0,0.0,1088.0,65.0,0.0,3.0,26.33,66.43,0.0,95.76,95.76,10.0,2.0,1.0,0.0,0.0,1.0,7.0,0.0,2.0,10.0,2.0,130.76,NCES_CCD_LEA_Official_Releases,Charter LEA,Charter LEA,False,True,False,False,False,Modern_Harmonized_CCD,9.0,4.0,11.0,2.0,8.272058823529411,1.838235294117647,3.676470588235294,10.11029411764706,0.9191176470588235,0.0,88.01470588235294,9.398496240601503,2.0885547201336676,4.177109440267335,11.487050960735171,6.882838788620374,8.4123585194249,73.23340471092078,2.3333333333333335,3.6666666666666665,155.42857142857142,544.0,13.680000000000001
2017-2018,2900601,HOPE LEADERSHIP ACADEMY,HOPE LEADERSHIP ACADEMY,MO,Jackson County,1.0,1.0,113.0,0.0,113.0,36.0,0.0,2.0,6.2,0.0,0.0,8.2,8.2,3.8,0.0,0.0,0.0,0.0,0.0,2.0,0.0,0.0,1.5,1.0,16.5,NCES_CCD_LEA_Official_Releases,Charter LEA,Charter LEA,False,False,False,False,False,Modern_Harmonized_CCD,2.0,0.0,2.0,0.0,17.699115044247787,0.0,0.0,17.699115044247787,0.0,0.0,72.56637168141593,24.39024390243903,0.0,0.0,24.39024390243903,12.121212121212121,12.121212121212121,49.696969696969695,2.0,2.0,56.5,,4.1
2017-2018,2915480,INDEPENDENCE 30,INDEPENDENCE 30,MO,Jackson County,30.0,27.0,15143.0,851.0,14292.0,1122.0,25.0,70.8,404.97,443.85,0.0,944.62,919.62,228.46,21.0,35.0,0.0,0.0,21.0,52.0,0.0,9.0,135.6,417.68,1864.36,NCES_CCD_LEA_Official_Releases,Regular Public District,Major Suburban Unified,True,True,False,False,False,Modern_Harmonized_CCD,61.0,30.0,82.0,21.0,4.028263884302977,1.3867793700059432,1.9811133857227763,5.415043254308921,2.3112989500099057,0.0,60.729049725945984,6.63317457210587,2.2835519018725123,3.2622170026750177,8.916726473978382,3.271900276770581,4.398292175330945,49.326310369241995,1.7333333333333334,2.7333333333333334,291.21153846153845,1682.5555555555557,17.685
2017-2018,2916400,KANSAS CITY 33,KANSAS CITY 33,MO,Jackson County,35.0,33.0,15370.0,1162.0,14208.0,1239.0,59.0,79.8,518.62,406.78,0.0,1064.2,1005.2,223.12,22.5,43.0,0.0,0.0,27.97,65.7,0.0,8.5,73.0,581.0,2108.99,NCES_CCD_LEA_Official_Releases,Regular Public District,Urban Core Unified,True,True,False,False,False,Modern_Harmonized_CCD,74.2,31.0,96.7,22.5,4.827586206896552,1.4638906961613531,2.0169160702667535,6.291476903057905,2.7976577748861415,0.0,65.40013012361743,7.381615598885793,2.2383605252686034,3.0839633903700756,9.619976124154398,3.5182717793825486,4.585133168009333,47.66262523767302,1.8771428571428572,2.762857142857143,233.9421613394216,1808.235294117647,15.299847792998477
2017-2018,2900013,KC INTERNATIONAL ACADEMY,KC INTERNATIONAL ACADEMY,MO,Jackson County,1.0,1.0,602.0,0.0,602.0,64.0,0.0,7.28,49.42,0.0,0.0,56.7,56.7,2.0,1.0,2.0,0.0,0.0,0.0,1.0,0.0,2.0,0.0,0.0,64.7,NCES_CCD_LEA_Official_Releases,Charter LEA,Charter LEA,False,True,False,False,False,Modern_Harmonized_CCD,3.0,3.0,4.0,1.0,4.983388704318936,1.6611295681063123,4.983388704318936,6.644518272425249,3.3222591362126246,0.0,94.18604651162792,5.291005291005291,1.763668430335097,5.291005291005291,7.054673721340388,4.63678516228748,6.182380216383308,87.63523956723338,1.0,4.0,602.0,301.0,56.7
2017-2018,2916450,KEARNEY R-I,KEARNEY R-I,MO,Clay County,7.0,7.0,3507.0,50.0,3457.0,252.0,4.0,12.0,93.44,125.5,0.0,234.94,230.94,57.12,2.7,8.0,0.0,0.0,7.0,11.5,0.0,3.7,0.0,14.14,339.1,NCES_CCD_LEA_Official_Releases,Regular Public District,Independent Town / Exurban,True,True,False,False,False,Modern_Harmonized_CCD,15.2,6.4,17.9,2.7,4.3341887653264894,0.7698887938408897,1.8249215854006275,5.104077559167379,2.281151981750784,0.0,65.85115483319076,6.581796137524898,1.1691348402182384,2.77128258422101,7.7509309777431366,4.482453553524033,5.27867885579475,68.10380418755528,1.6428571428571428,2.557142857142857,304.95652173913044,947.8378378378378,20.081739130434784
2017-2018,2900031,KIPP: ENDEAVOR ACADEMY,KIPP: ENDEAVOR ACADEMY,MO,Jackson County,1.0,1.0,548.0,0.0,548.0,56.0,0.0,3.0,0.0,40.25,0.0,43.25,43.25,4.0,0.0,0.0,0.0,0.0,0.0,0.0,0.0,0.0,0.0,0.0,47.25,NCES_CCD_LEA_Official_Releases,Charter LEA,Charter LEA,False,True,False,False,False,Modern_Harmonized_CCD,0.0,0.0,0.0,0.0,0.0,0.0,0.0,0.0,0.0,0.0,78.92335766423356,0.0,0.0,0.0,0.0,0.0,0.0,91.53439153439153,0.0,0.0,,,
2017-2018,2918220,LAWSON R-XIV,LAWSON R-XIV,MO,Ray County,3.0,3.0,1159.0,16.0,1143.0,72.0,1.24,4.76,24.47,46.62,0.0,77.09,75.85,9.12,1.5,2.0,0.0,0.0,1.6,5.5,0.32,1.0,7.5,13.5,119.13,NCES_CCD_LEA_Official_Releases,Regular Public District,Rural / Peripheral,True,True,False,False,False,Modern_Harmonized_CCD,6.5,2.5,8.0,1.5,5.608283002588439,1.2942191544434856,2.1570319240724762,6.9025021570319245,1.7256255392579811,0.0,65.44434857635892,8.56954515491101,1.977587343441002,3.2959789057350037,10.547132498352012,5.45622429278939,6.715352975740788,63.66994040124234,1.8333333333333333,2.6666666666666665,210.72727272727272,1159.0,13.79090909090909
2017-2018,2900028,LEE A. TOLBERT COM. ACADEMY,LEE A. TOLBERT COM. ACADEMY,MO,Jackson County,1.0,1.0,485.0,0.0,485.0,58.0,0.0,6.86,31.18,0.0,0.0,38.04,38.04,10.0,1.2,0.0,0.0,0.0,1.0,1.0,0.0,0.0,6.0,3.0,60.24,NCES_CCD_LEA_Official_Releases,Charter LEA,Charter LEA,False,False,False,False,False,Modern_Harmonized_CCD,1.0,1.2,2.2,1.2,2.061855670103093,2.474226804123711,2.474226804123711,4.536082474226805,0.0,0.0,78.43298969072164,2.6288117770767614,3.1545741324921135,3.1545741324921135,5.783385909568875,1.6600265604249667,3.6520584329349273,63.147410358565736,1.0,2.2,485.0,,38.04
2017-2018,2918300,LEE'S SUMMIT R-VII,LEE'S SUMMIT R-VII,MO,Jackson County,27.0,25.0,18287.0,359.0,17928.0,1216.0,29.7,69.33,511.88,610.23,0.0,1221.14,1191.44,207.0,8.0,42.54,0.0,0.0,19.0,56.0,0.0,6.0,161.0,792.1,2512.78,NCES_CCD_LEA_Official_Releases,Regular Public District,Major Suburban Unified,True,True,False,False,False,Modern_Harmonized_CCD,62.0,14.0,70.0,8.0,3.390386613441242,0.4374692404440313,0.7655711707770547,3.8278558538852736,2.3262426860611365,0.0,65.15229397932957,5.203787014033439,0.6714563889075404,1.1750486805881957,5.875243402940979,2.4673867190920014,2.7857591989748403,47.4152134289512,2.074074074074074,2.5925925925925926,326.55357142857144,3047.8333333333335,21.275714285714287
2017-2018,2918540,LIBERTY 53,LIBERTY 53,MO,Clay County,20.0,17.0,12611.0,265.0,12346.0,875.0,25.15,49.85,314.15,417.36,0.0,806.51,781.36,141.95,9.24,31.05,0.0,0.0,14.15,41.33,0.0,6.0,80.0,640.0,1770.23,NCES_CCD_LEA_Official_Releases,Regular Public District,Major Suburban Unified,True,True,False,False,False,Modern_Harmonized_CCD,47.33,15.24,56.57,9.24,3.7530727142970424,0.7326936801205297,1.2084687970819128,4.485766394417572,2.462136230275157,0.0,61.95860756482436,6.0573871198935185,1.1825534964676974,1.9504453772908774,7.239940616361216,2.67366387418584,3.195629946391147,44.13889720544788,2.0665,2.8285,305.1294459230583,2101.8333333333335,18.905395596419066
2017-2018,2919230,LONE JACK C-6,LONE JACK C-6,MO,Jackson County,2.0,2.0,676.0,53.0,623.0,55.0,1.5,3.17,19.57,24.94,0.0,49.18,47.68,9.3,0.5,1.88,0.0,0.0,1.62,3.0,0.0,1.0,7.0,8.0,81.48,NCES_CCD_LEA_Official_Releases,Regular Public District,Rural / Peripheral,True,True,False,False,False,Modern_Harmonized_CCD,4.0,1.5,4.5,0.5,5.9171597633136095,0.7396449704142012,2.2189349112426036,6.656804733727811,2.7810650887573964,0.0,70.53254437869823,8.389261744966444,1.0486577181208054,3.1459731543624163,9.437919463087248,4.909180166912126,5.522827687776141,58.51742758959253,1.5,2.25,225.33333333333334,676.0,15.893333333333333
2017-2018,2931800,MIDWAY R-I,MIDWAY R-I,MO,Cass County,2.0,2.0,429.0,0.0,429.0,36.0,0.07,2.25,17.18,19.34,0.0,38.84,38.77,9.0,0.5,2.0,0.0,0.0,1.9,2.0,0.0,1.0,4.0,9.0,68.24,NCES_CCD_LEA_Official_Releases,Regular Public District,Rural / Peripheral,True,False,False,False,False,Modern_Harmonized_CCD,3.0,1.5,3.5,0.5,6.993006993006993,1.1655011655011656,3.4965034965034967,8.158508158508159,4.662004662004662,0.0,90.37296037296039,7.7379417075058035,1.2896569512509672,3.8689708537529017,9.027598658756771,4.3962485345838225,5.128956623681126,56.81418522860493,1.0,1.75,214.5,429.0,19.385
2017-2018,2921060,MISSOURI CITY 56,MISSOURI CITY 56,MO,Clay County,1.0,1.0,19.0,0.0,19.0,2.0,0.0,0.56,3.23,0.0,0.0,3.79,3.79,0.8,0.0,0.2,0.0,0.0,0.2,0.45,0.15,0.0,1.5,1.1,8.19,NCES_CCD_LEA_Official_Releases,Regular Public District,Rural / Peripheral,True,False,False,False,False,Modern_Harmonized_CCD,0.45,0.0,0.45,0.0,23.68421052631579,0.0,0.0,23.68421052631579,10.526315789473683,0.0,199.47368421052633,11.87335092348285,0.0,0.0,11.87335092348285,5.494505494505495,5.494505494505495,46.275946275946275,0.45,0.45,42.22222222222222,,8.422222222222222
2017-2018,2900022,MO SCHLS FOR THE SEV DISABLED,MO SCHLS FOR THE SEV DISABLED,MO,Jackson County,5.0,0.0,785.0,0.0,785.0,20.0,0.0,0.0,158.6,0.0,0.0,158.6,158.6,301.67,0.0,0.0,0.0,0.0,0.0,21.4,0.0,2.0,0.0,1.0,484.67,NCES_CCD_LEA_Official_Releases,Specialized State Agency,Specialized State Agency,False,True,False,False,False,Modern_Harmonized_CCD,23.4,2.0,23.4,0.0,29.808917197452228,0.0,2.5477707006369426,29.808917197452228,0.0,0.0,202.03821656050954,14.754098360655737,0.0,1.2610340479192939,14.754098360655737,4.828027317556275,4.828027317556275,32.72329626343697,4.279999999999999,4.68,36.68224299065421,392.5,7.4112149532710285
2017-2018,2922800,NORTH KANSAS CITY 74,NORTH KANSAS CITY 74,MO,Clay County,32.0,30.0,20309.0,628.0,19681.0,1502.0,41.41,90.83,540.81,721.49,0.0,1394.54,1353.13,244.0,20.52,48.49,0.0,0.0,27.0,69.18,0.0,5.0,201.05,861.18,2870.96,NCES_CCD_LEA_Official_Releases,Regular Public District,Major Suburban Unified,True,True,False,False,False,Modern_Harmonized_CCD,74.18,25.52,94.7,20.52,3.652567827071742,1.0103894824954454,1.2565857501600275,4.662957309567187,2.387611403811118,0.0,66.62711113299522,5.48210445411749,1.5164840037542584,1.8859976498932105,6.998588457871749,2.58380472037228,3.2985482208041907,47.13162147852984,2.161875,2.959375,293.56750505926567,4061.8,19.55955478461983
2017-2018,2922830,NORTH PLATTE CO. R-I,NORTH PLATTE CO. R-I,MO,Platte County,5.0,4.0,602.0,0.0,602.0,50.0,1.0,3.41,20.64,27.24,0.0,52.29,51.29,9.0,1.69,2.0,0.0,0.0,1.0,2.65,0.0,1.0,0.0,0.0,69.63,NCES_CCD_LEA_Official_Releases,Regular Public District,Independent Town / Exurban,True,True,False,False,False,Modern_Harmonized_CCD,3.65,2.69,5.34,1.69,6.06312292358804,2.8073089700996676,4.46843853820598,8.870431893687707,3.3222591362126246,0.0,85.19933554817275,7.116396958471436,3.294989276662117,5.244687073503607,10.411386235133554,5.241993393652162,7.669108143041793,73.6607784001149,0.53,1.068,227.16981132075472,602.0,19.354716981132075
2017-2018,2923010,OAK GROVE R-VI,OAK GROVE R-VI,MO,Jackson County,4.0,4.0,1980.0,34.0,1946.0,152.0,3.7,10.0,49.0,78.15,0.0,140.85,137.15,24.0,4.43,5.0,0.0,0.0,4.0,6.0,3.0,2.0,0.12,0.28,189.68,NCES_CCD_LEA_Official_Releases,Regular Public District,Rural / Peripheral,True,True,False,False,False,Modern_Harmonized_CCD,8.0,6.43,12.43,4.43,4.040404040404041,2.237373737373737,3.2474747474747474,6.277777777777778,2.5252525252525255,0.0,69.26767676767678,5.833029529711994,3.230040102078016,4.688297484506014,9.063069631790011,4.217629692113032,6.553142134120623,72.30598903416279,1.5,3.1075,330.0,990.0,22.858333333333334
2017-2018,2923220,ORRICK R-XI,ORRICK R-XI,MO,Ray County,2.0,2.0,306.0,18.0,288.0,16.0,1.03,1.12,12.42,14.5,0.0,29.07,28.04,8.0,0.5,0.93,0.0,0.0,0.0,2.0,0.0,1.0,3.5,6.63,51.63,NCES_CCD_LEA_Official_Releases,Regular Public District,Rural / Peripheral,True,False,False,False,False,Modern_Harmonized_CCD,3.0,1.5,3.5,0.5,9.803921568627452,1.6339869281045751,4.901960784313726,11.437908496732025,3.03921568627451,0.0,91.63398692810456,10.699001426533524,1.783166904422254,5.349500713266762,12.482168330955778,5.810575246949448,6.7790044547743555,54.309509974820834,1.0,1.75,153.0,306.0,14.02
2017-2018,2923550,PARK HILL,PARK HILL,MO,Platte County,17.0,16.0,11878.0,441.0,11437.0,831.0,20.8,45.27,299.61,416.67,0.0,782.35,761.55,132.98,4.5,29.0,0.0,0.0,17.0,34.75,0.0,6.0,91.1,392.32,1490.0,NCES_CCD_LEA_Official_Releases,Regular Public District,Major Suburban Unified,True,True,False,False,False,Modern_Harmonized_CCD,40.75,10.5,45.25,4.5,3.4307122411180333,0.37885165852837177,0.8839872032328675,3.809563899646405,2.4414884660717293,0.0,64.11432901161811,5.350929026327885,0.5909001378766989,1.3787669883789642,5.9418291642045835,2.7348993288590604,3.036912751677852,51.11073825503355,2.0441176470588234,2.661764705882353,341.8129496402878,1979.6666666666667,21.915107913669065
2017-2018,2900587,PATHWAY ACADEMY,PATHWAY ACADEMY,MO,Jackson County,1.0,1.0,210.0,10.0,200.0,49.0,1.09,4.81,15.09,0.0,0.0,20.99,19.9,3.0,3.0,1.0,0.0,0.0,0.0,1.0,0.0,0.0,2.5,1.5,32.99,NCES_CCD_LEA_Official_Releases,Charter LEA,Charter LEA,False,False,False,False,False,Modern_Harmonized_CCD,1.0,3.0,4.0,3.0,4.761904761904763,14.285714285714285,14.285714285714285,19.04761904761905,4.761904761904763,0.0,94.76190476190476,5.025125628140704,15.075376884422113,15.075376884422113,20.100502512562816,3.031221582297666,12.124886329190664,60.32130948772354,1.0,4.0,210.0,,19.9
2017-2018,2925230,PLATTE CO. R-III,PLATTE CO. R-III,MO,Platte County,7.0,6.0,4164.0,85.0,4079.0,298.0,5.1,18.37,138.93,128.59,0.0,290.99,285.89,50.0,7.0,11.6,0.0,0.0,1.52,13.0,0.0,5.0,0.0,0.0,379.11,NCES_CCD_LEA_Official_Releases,Regular Public District,Independent Town / Exurban,True,True,False,False,False,Modern_Harmonized_CCD,18.0,12.0,25.0,7.0,4.322766570605188,1.6810758885686838,2.881844380403458,6.003842459173871,2.785782901056676,0.0,68.65754082612872,6.296127881352969,2.44849417608171,4.197418587568646,8.744622057434679,4.747962332832159,6.5943921289335545,75.41083062963256,1.8571428571428572,3.5714285714285716,320.3076923076923,832.8,21.99153846153846
2017-2018,2925330,PLEASANT HILL R-III,PLEASANT HILL R-III,MO,Cass County,5.0,5.0,2200.0,44.0,2156.0,163.0,3.03,9.55,64.5,62.63,0.0,139.71,136.68,22.67,3.75,6.96,0.0,0.0,5.75,6.41,0.0,3.0,17.75,24.0,230.0,NCES_CCD_LEA_Official_Releases,Regular Public District,Independent Town / Exurban,True,True,False,False,False,Modern_Harmonized_CCD,9.41,6.75,13.16,3.75,4.277272727272727,1.7045454545454544,3.068181818181818,5.9818181818181815,3.1636363636363636,0.0,62.12727272727273,6.884694176177934,2.7436347673397714,4.938542581211589,9.628328943517705,4.091304347826087,5.721739130434782,59.42608695652174,1.282,2.632,343.21372854914193,733.3333333333334,21.32293291731669
2017-2018,2923730,RAYMORE-PECULIAR R-II,RAYMORE-PECULIAR R-II,MO,Cass County,9.0,9.0,6251.0,171.0,6080.0,402.0,6.59,25.26,166.55,205.65,0.0,404.05,397.46,70.0,9.49,15.86,0.0,0.0,9.27,20.41,10.0,4.0,14.37,154.0,711.45,NCES_CCD_LEA_Official_Releases,Regular Public District,Major Suburban Unified,True,True,False,False,False,Modern_Harmonized_CCD,24.41,13.49,33.9,9.49,3.9049752039673655,1.5181570948648218,2.158054711246201,5.423132298832186,2.5371940489521676,0.0,63.58342665173572,6.141498515573895,2.387661651486942,3.3940522316711115,8.529160167060837,3.4310211539813054,4.764916719375922,55.86618876941457,2.267777777777778,3.7666666666666666,306.27143557079864,1562.75,19.473787359137678
2017-2018,2926070,RAYTOWN C-2,RAYTOWN C-2,MO,Jackson County,19.0,16.0,9424.0,719.0,8705.0,599.0,19.0,35.57,262.56,330.63,0.0,647.76,628.76,177.3,21.8,27.0,0.0,0.0,10.0,30.0,0.0,8.2,92.0,338.73,1352.79,NCES_CCD_LEA_Official_Releases,Regular Public District,Major Suburban Unified,True,True,False,False,False,Modern_Harmonized_CCD,38.2,30.0,60.0,21.8,4.0534804753820035,2.3132427843803054,3.1833616298811545,6.366723259762309,2.865025466893039,0.0,66.71901528013582,6.075450092245054,3.4671416756791147,4.771295883962084,9.542591767924169,2.8237937891320906,4.435278202825272,46.47875871347364,1.5789473684210527,3.1578947368421053,314.1333333333333,1149.268292682927,20.958666666666666
2017-2018,2926480,RICHMOND R-XVI,RICHMOND R-XVI,MO,Ray County,4.0,4.0,1456.0,0.0,1456.0,105.0,2.5,5.0,46.7,52.65,0.0,106.85,104.35,15.0,1.6,5.0,0.0,0.0,2.0,6.0,2.0,2.0,8.0,22.42,170.87,NCES_CCD_LEA_Official_Releases,Regular Public District,Rural / Peripheral,True,True,False,False,False,Modern_Harmonized_CCD,8.0,3.6,9.6,1.6,5.4945054945054945,1.098901098901099,2.4725274725274726,6.593406593406593,3.434065934065934,0.0,71.66895604395604,7.666506947771921,1.5333013895543846,3.4499281264973645,9.199808337326305,4.681921928951835,5.618306314742201,61.06981916076549,1.5,2.4,242.66666666666666,728.0,17.391666666666666
2017-2018,2900019,SCUOLA VITA NUOVA,SCUOLA VITA NUOVA,MO,Jackson County,1.0,1.0,253.0,0.0,253.0,43.0,0.0,2.41,21.59,0.0,0.0,24.0,24.0,2.0,0.0,0.8,0.0,0.0,0.0,2.8,1.0,0.0,1.0,2.0,33.6,NCES_CCD_LEA_Official_Releases,Charter LEA,Charter LEA,False,False,False,False,False,Modern_Harmonized_CCD,2.8,0.0,2.8,0.0,11.067193675889326,0.0,0.0,11.067193675889326,3.1620553359683794,0.0,94.86166007905138,11.666666666666666,0.0,0.0,11.666666666666666,8.333333333333332,8.333333333333332,71.42857142857143,2.8,2.8,90.35714285714286,,8.571428571428571
2017-2018,2910320,SHERWOOD CASS R-VIII,SHERWOOD CASS R-VIII,MO,Cass County,3.0,3.0,835.0,45.0,790.0,67.0,2.13,4.91,23.64,31.89,0.0,62.57,60.44,17.71,3.2,3.0,0.0,0.0,0.66,3.0,0.0,1.0,7.0,20.0,118.14,NCES_CCD_LEA_Official_Releases,Regular Public District,Rural / Peripheral,True,True,False,False,False,Modern_Harmonized_CCD,4.0,4.2,7.2,3.2,4.790419161676646,3.832335329341318,5.02994011976048,8.622754491017965,3.592814371257485,0.0,72.38323353293413,6.618133686300463,5.294506949040371,6.949040370615486,11.912640635340836,3.385813441679363,6.094464195022854,51.15964110377518,1.0,2.4,278.3333333333333,835.0,20.146666666666665
2017-2018,2928410,SMITHVILLE R-II,SMITHVILLE R-II,MO,Clay County,4.0,4.0,2631.0,40.0,2591.0,160.0,6.0,10.07,58.81,91.71,0.0,166.59,160.59,43.5,5.1,5.9,0.0,0.0,3.9,9.8,0.9,3.0,17.5,20.5,276.69,NCES_CCD_LEA_Official_Releases,Regular Public District,Independent Town / Exurban,True,True,False,False,False,Modern_Harmonized_CCD,12.8,8.1,17.9,5.1,4.865070315469403,1.9384264538198404,3.0786773090079818,6.803496769289244,2.2424933485366783,0.0,61.037628278221206,7.970608381592877,3.1757892770409115,5.0439006164767415,11.146397658633788,4.6261158697459255,6.469333911597816,58.039683400195166,2.45,4.475,268.46938775510205,877.0,16.38673469387755
2017-2018,2929670,STRASBURG C-3,STRASBURG C-3,MO,Cass County,1.0,1.0,118.0,0.0,118.0,7.0,0.0,1.23,11.77,0.0,0.0,13.0,13.0,0.0,0.0,0.0,0.0,0.0,0.0,0.0,0.0,1.0,3.0,4.1,21.1,NCES_CCD_LEA_Official_Releases,Regular Public District,Rural / Peripheral,True,False,False,False,False,Modern_Harmonized_CCD,1.0,1.0,1.0,0.0,8.474576271186441,0.0,8.474576271186441,8.474576271186441,0.0,0.0,110.16949152542372,7.6923076923076925,0.0,7.6923076923076925,7.6923076923076925,4.739336492890995,4.739336492890995,61.61137440758293,0.0,1.0,,118.0,
2017-2018,2900027,UNIVERSITY ACADEMY,UNIVERSITY ACADEMY,MO,Jackson County,3.0,3.0,1100.0,0.0,1100.0,134.0,0.0,8.13,33.87,34.0,0.0,76.0,76.0,6.0,0.0,2.0,0.0,0.0,2.0,8.0,0.0,2.0,0.0,0.0,96.0,NCES_CCD_LEA_Official_Releases,Charter LEA,Charter LEA,False,True,False,False,False,Modern_Harmonized_CCD,10.0,2.0,10.0,0.0,9.09090909090909,0.0,1.8181818181818181,9.09090909090909,1.8181818181818181,0.0,69.0909090909091,13.157894736842104,0.0,2.631578947368421,13.157894736842104,10.416666666666668,10.416666666666668,79.16666666666666,2.6666666666666665,3.3333333333333335,137.5,550.0,9.5
2017-2018,2931710,WEST PLATTE CO. R-II,WEST PLATTE CO. R-II,MO,Platte County,2.0,2.0,657.0,53.0,604.0,47.0,2.43,4.59,26.91,28.08,0.0,62.01,59.58,7.43,4.0,1.8,0.0,0.0,1.95,2.86,0.0,1.0,5.0,11.42,97.47,NCES_CCD_LEA_Official_Releases,Regular Public District,Independent Town / Exurban,True,True,False,False,False,Modern_Harmonized_CCD,3.86,5.0,7.859999999999999,4.0,5.8751902587519025,6.0882800608828,7.610350076103501,11.963470319634702,2.73972602739726,0.0,90.68493150684931,6.478684122188653,6.713662302786171,8.392077878482713,13.192346424974824,3.96019287986047,8.064019698368728,61.12650046168051,1.43,3.9299999999999997,229.72027972027973,657.0,20.832167832167833
2018-2019,2003780,Basehor-Linwood,Basehor-Linwood,KS,Leavenworth County,5.0,5.0,2730.0,42.0,2688.0,202.0,2.0,30.7,50.6,85.2,0.0,168.5,166.5,42.4,0.5,5.9,0.0,0.0,2.0,9.0,9.3,5.0,4.0,44.2,290.8,NCES_CCD_LEA_Official_Releases,Regular Public District,Independent Town / Exurban,True,True,False,False,False,Modern_Harmonized_CCD,14.0,5.5,14.5,0.5,5.128205128205129,0.18315018315018314,2.014652014652015,5.311355311355311,2.1611721611721615,0.0,60.989010989010985,8.408408408408409,0.3003003003003003,3.303303303303303,8.708708708708707,4.814305364511692,4.98624484181568,57.25584594222833,1.8,2.9,303.3333333333333,546.0,18.5
2018-2019,2012000,Blue Valley,Blue Valley,KS,Johnson County,35.0,35.0,22783.0,477.0,22306.0,1550.0,26.8,257.2,453.07,857.16,0.0,1594.23,1567.43,393.8,44.9,63.5,0.0,0.0,40.0,69.0,88.5,6.0,70.0,352.8,2722.73,NCES_CCD_LEA_Official_Releases,Regular Public District,Major Suburban Unified,True,True,False,False,False,Modern_Harmonized_CCD,75.0,50.9,119.9,44.9,3.291928192073037,1.9707676776543914,2.2341219330202344,5.262695869727429,2.7871658692885046,0.0,68.79822674801387,4.784902675079588,2.8645617348143135,3.247353948820681,7.649464409893902,2.754588225788088,4.40366837695989,57.56832296996029,1.9714285714285715,3.4257142857142857,330.18840579710144,3797.1666666666665,22.716376811594206
2018-2019,2004050,Bonner Springs,Bonner Springs,KS,Wyandotte County,5.0,5.0,2739.0,68.0,2671.0,194.0,3.0,52.95,56.0,83.5,0.0,195.45,192.45,51.0,6.33,8.0,0.0,0.0,2.0,11.6,13.0,1.0,9.0,54.0,351.38,NCES_CCD_LEA_Official_Releases,Regular Public District,Independent Town / Exurban,True,True,False,False,False,Modern_Harmonized_CCD,12.6,7.33,18.93,6.33,4.600219058050383,2.311062431544359,2.6761591821832784,6.911281489594742,2.9207740051113547,0.0,70.26286966046001,6.547155105222135,3.289166017147311,3.8087815016887507,9.836321122369448,3.585861460527065,5.387329956172804,54.76976492685981,2.32,3.786,236.1206896551724,2739.0,16.59051724137931
2018-2019,2005490,De Soto,De Soto,KS,Johnson County,12.0,12.0,7422.0,196.0,7226.0,482.0,7.0,98.0,128.5,260.3,0.0,493.8,486.8,95.3,9.0,17.8,0.0,0.0,12.0,26.0,21.8,4.0,10.0,106.9,796.6,NCES_CCD_LEA_Official_Releases,Regular Public District,Independent Town / Exurban,True,True,False,False,False,Modern_Harmonized_CCD,30.0,13.0,39.0,9.0,4.042037186742118,1.2126111560226356,1.7515494475882512,5.254648342764754,2.39827539746699,0.0,65.58879008353544,6.162695152013147,1.848808545603944,2.67050123253903,8.01150369761709,3.766005523474768,4.895807180517197,61.10971629425056,2.1666666666666665,3.25,285.46153846153845,1855.5,18.723076923076924
2018-2019,2005640,Easton,Easton,KS,Leavenworth County,3.0,3.0,657.0,8.0,649.0,49.0,1.0,13.65,11.2,32.15,0.0,58.0,57.0,0.0,1.0,2.0,0.0,0.0,0.0,3.05,0.0,1.0,2.7,18.4,86.15,NCES_CCD_LEA_Official_Releases,Regular Public District,Rural / Peripheral,True,True,False,False,False,Modern_Harmonized_CCD,4.05,2.0,5.05,1.0,6.164383561643835,1.5220700152207,3.0441400304414,7.686453576864536,3.0441400304414,0.0,86.7579908675799,7.105263157894736,1.7543859649122806,3.508771929824561,8.859649122807017,4.701102727800348,5.861868833430063,66.16366802089378,1.0166666666666666,1.6833333333333333,215.40983606557378,657.0,18.688524590163937
2018-2019,2006330,Ft Leavenworth,Ft Leavenworth,KS,Leavenworth County,4.0,4.0,1840.0,160.0,1680.0,239.0,9.0,37.0,61.5,22.5,0.0,130.0,121.0,36.9,8.0,4.0,0.0,0.0,4.0,5.0,3.2,3.0,7.0,42.7,243.8,NCES_CCD_LEA_Official_Releases,Regular Public District,Independent Town / Exurban,True,True,False,False,False,Modern_Harmonized_CCD,8.0,11.0,16.0,8.0,4.3478260869565215,4.3478260869565215,5.978260869565218,8.695652173913043,2.1739130434782608,0.0,65.76086956521739,6.6115702479338845,6.6115702479338845,9.090909090909092,13.223140495867769,3.281378178835111,6.562756357670222,49.63084495488105,1.25,4.0,368.0,613.3333333333334,24.2
2018-2019,2006420,Gardner Edgerton,Gardner Edgerton,KS,Johnson County,11.0,11.0,6120.0,300.0,5820.0,430.0,16.0,93.6,97.5,244.0,0.0,451.1,435.1,128.8,0.0,14.0,0.0,0.0,11.0,28.0,16.6,2.0,15.0,94.6,761.1,NCES_CCD_LEA_Official_Releases,Regular Public District,Independent Town / Exurban,True,True,False,False,False,Modern_Harmonized_CCD,30.0,2.0,30.0,0.0,4.901960784313726,0.0,0.32679738562091504,4.901960784313726,2.2875816993464055,0.0,71.09477124183007,6.8949666743277405,0.0,0.45966444495518266,6.8949666743277405,3.9416633819471816,3.9416633819471816,57.167257916173966,2.5454545454545454,2.727272727272727,218.57142857142858,3060.0,15.539285714285715
2018-2019,2007950,Kansas City,Kansas City,KS,Wyandotte County,47.0,47.0,23292.0,1459.0,21833.0,1703.0,84.0,400.25,464.83,699.98,0.0,1649.06,1565.06,277.0,99.61,54.0,0.0,0.0,24.5,100.0,113.0,1.0,58.0,841.0,3217.17,NCES_CCD_LEA_Official_Releases,Regular Public District,Urban Core Unified,True,True,False,False,False,Modern_Harmonized_CCD,101.0,100.61,200.61,99.61,4.336252790657737,4.276575648291258,4.3195088442383645,8.612828438948997,2.31839258114374,0.0,67.19302764897819,6.4534267056854056,6.364612219339834,6.428507533257512,12.81803892502524,3.139405129352816,6.235604584153154,48.647102888563545,2.127659574468085,4.268297872340426,232.92,23292.0,15.650599999999999
2018-2019,2008340,Lansing,Lansing,KS,Leavenworth County,4.0,4.0,2563.0,54.0,2509.0,116.0,8.0,38.02,42.98,96.7,0.0,185.7,177.7,39.7,0.0,3.0,0.0,0.0,1.0,10.0,6.8,4.0,4.0,48.1,302.3,NCES_CCD_LEA_Official_Releases,Regular Public District,Independent Town / Exurban,True,True,False,False,False,Modern_Harmonized_CCD,14.0,4.0,14.0,0.0,5.462348809988295,0.0,1.5606710885680843,5.462348809988295,1.1705033164260632,0.0,69.33281310963714,7.878446820483963,0.0,2.2509848058525606,7.878446820483963,4.631161098246774,4.631161098246774,58.7826662256037,2.5,3.5,256.3,640.75,17.77
2018-2019,2000025,Lansing Correctional Facility,Lansing Correctional Facility,KS,Leavenworth County,0.0,0.0,0.0,0.0,0.0,0.0,0.0,0.0,0.0,0.0,0.0,0.0,0.0,0.0,0.0,0.0,0.0,0.0,0.0,0.0,0.0,0.0,0.0,0.0,0.0,NCES_CCD_LEA_Official_Releases,Regular Public District,Independent Town / Exurban,False,False,False,False,False,Modern_Harmonized_CCD,0.0,0.0,0.0,0.0,,,,,,,,,,,,,,,,,,,
2018-2019,2008430,Leavenworth,Leavenworth,KS,Leavenworth County,7.0,6.0,3871.0,155.0,3716.0,269.0,7.0,76.9,76.0,107.0,0.0,266.9,259.9,106.0,6.0,10.0,0.0,0.0,2.0,20.0,16.0,2.0,9.0,101.0,538.9,NCES_CCD_LEA_Official_Releases,Regular Public District,Independent Town / Exurban,True,True,False,False,False,Modern_Harmonized_CCD,22.0,8.0,28.0,6.0,5.683285972616895,1.5499870834409715,2.066649444587962,7.2332730560578655,2.5833118057349522,0.0,67.1402738310514,8.464794151596768,2.308580223162755,3.0781069642170067,10.773374374759523,4.082390053813324,5.195769159398775,48.227871590276486,2.857142857142857,4.0,193.55,1935.5,12.995
2018-2019,2008970,Louisburg,Louisburg,KS,Miami County,4.0,4.0,1778.0,94.0,1684.0,112.0,4.0,14.5,31.6,59.7,0.0,109.8,105.8,15.0,0.0,1.0,0.0,0.0,2.0,6.0,8.0,1.1,4.0,66.0,212.9,NCES_CCD_LEA_Official_Releases,Regular Public District,Independent Town / Exurban,True,True,False,False,False,Modern_Harmonized_CCD,7.1,1.1,7.1,0.0,3.993250843644544,0.0,0.6186726659167604,3.993250843644544,0.562429696287964,0.0,59.50506186726659,6.71077504725898,0.0,1.0396975425330812,6.71077504725898,3.3348990136214183,3.3348990136214183,49.69469234382339,1.5,1.775,296.3333333333333,1616.3636363636363,17.633333333333333
2018-2019,2010140,Olathe,Olathe,KS,Johnson County,50.0,50.0,30022.0,989.0,29033.0,2112.0,69.7,434.6,552.7,1132.75,0.0,2189.75,2120.05,668.7,39.3,84.0,0.0,0.0,51.7,94.9,106.7,10.0,34.9,530.7,3810.65,NCES_CCD_LEA_Official_Releases,Regular Public District,Major Suburban Unified,True,True,False,False,False,Modern_Harmonized_CCD,104.9,49.3,144.2,39.3,3.4941043234961033,1.3090400373059756,1.6421291053227633,4.803144360802078,2.797948171341017,0.0,70.61654786489909,4.947996509516285,1.8537298648616776,2.3254168533760993,6.801726374377962,2.7528112001889444,3.7841313161796544,55.63486544290345,1.8980000000000001,2.884,316.35405690200207,3002.2,22.339831401475237
2018-2019,2010260,Osawatomie,Osawatomie,KS,Miami County,4.0,4.0,1164.0,95.0,1069.0,77.0,3.0,10.0,25.0,40.6,0.0,78.6,75.6,2.0,2.0,2.0,0.0,0.0,1.0,5.1,5.0,0.9,3.0,49.0,148.6,NCES_CCD_LEA_Official_Releases,Regular Public District,Independent Town / Exurban,True,True,False,False,False,Modern_Harmonized_CCD,6.0,2.9,8.0,2.0,5.154639175257732,1.7182130584192439,2.491408934707904,6.8728522336769755,1.7182130584192439,0.0,64.94845360824742,7.936507936507938,2.6455026455026456,3.8359788359788363,10.582010582010582,4.037685060565276,5.383580080753701,50.87483176312247,1.275,2.0,228.23529411764707,1293.3333333333333,14.823529411764707
2018-2019,2010500,Paola,Paola,KS,Miami County,4.0,4.0,1963.0,42.0,1921.0,128.0,1.0,20.5,43.0,72.1,0.0,136.6,135.6,242.0,0.0,3.0,0.0,0.0,2.9,7.0,13.0,3.0,6.0,36.0,449.5,NCES_CCD_LEA_Official_Releases,Regular Public District,Independent Town / Exurban,True,True,False,False,False,Modern_Harmonized_CCD,10.0,3.0,10.0,0.0,5.094243504839532,0.0,1.5282730514518594,5.094243504839532,1.5282730514518594,0.0,69.07794192562405,7.374631268436578,0.0,2.2123893805309733,7.374631268436578,2.2246941045606228,2.2246941045606228,30.166852057842046,1.75,2.5,280.42857142857144,654.3333333333334,19.37142857142857
2018-2019,2010680,Piper-Kansas City,Piper-Kansas City,KS,Wyandotte County,4.0,4.0,2430.0,120.0,2310.0,170.0,7.0,29.0,44.0,72.3,0.0,152.3,145.3,32.0,2.8,6.0,0.0,0.0,2.0,9.0,6.0,1.0,4.0,37.7,252.8,NCES_CCD_LEA_Official_Releases,Regular Public District,Independent Town / Exurban,True,True,False,False,False,Modern_Harmonized_CCD,10.0,3.8,12.8,2.8,4.11522633744856,1.1522633744855966,1.5637860082304524,5.267489711934156,2.4691358024691357,0.0,59.794238683127574,6.882312456985547,1.927047487955953,2.615278733654508,8.8093599449415,3.9556962025316453,5.063291139240507,57.47626582278481,2.25,3.2,270.0,2430.0,16.144444444444446
2018-2019,2000018,School for Blind,School for Blind,KS,Wyandotte County,2.0,0.0,28.0,0.0,28.0,0.0,0.0,1.3,2.0,6.2,0.0,9.5,9.5,0.0,1.5,0.0,0.0,0.0,0.0,1.0,0.0,1.0,0.0,8.0,21.0,NCES_CCD_LEA_Official_Releases,Specialized State Agency,Specialized State Agency,False,False,False,False,False,Modern_Harmonized_CCD,2.0,2.5,3.5,1.5,71.42857142857143,53.57142857142857,89.28571428571429,125.0,0.0,0.0,339.2857142857143,21.052631578947366,15.789473684210526,26.31578947368421,36.84210526315789,9.523809523809524,16.666666666666664,45.23809523809524,0.5,1.75,28.0,28.0,9.5
2018-2019,2000019,School for Deaf,School for Deaf,KS,Johnson County,2.0,0.0,114.0,14.0,100.0,2.0,3.0,5.0,7.0,15.2,0.0,30.2,27.2,0.0,1.0,0.0,0.0,0.0,1.0,2.0,0.0,1.0,0.0,0.0,35.2,NCES_CCD_LEA_Official_Releases,Specialized State Agency,Specialized State Agency,False,False,False,False,False,Modern_Harmonized_CCD,3.0,2.0,4.0,1.0,26.31578947368421,8.771929824561402,17.543859649122805,35.08771929824561,0.0,0.0,238.59649122807016,11.029411764705882,3.6764705882352944,7.352941176470589,14.705882352941178,8.522727272727272,11.363636363636363,77.27272727272727,1.0,2.0,57.0,114.0,13.6
2018-2019,2011640,Shawnee Mission Pub Sch,Shawnee Mission Pub Sch,KS,Johnson County,44.0,44.0,27590.0,783.0,26807.0,2023.0,34.0,415.9,602.9,727.19,0.0,1779.99,1745.99,521.0,46.5,30.5,0.0,0.0,34.0,87.7,83.0,9.4,52.5,510.4,3154.99,NCES_CCD_LEA_Official_Releases,Regular Public District,Major Suburban Unified,True,True,False,False,False,Modern_Harmonized_CCD,97.10000000000001,55.9,143.60000000000002,46.5,3.519391083725988,1.6853932584269664,2.026096411743385,5.204784342152955,1.1054729974628488,0.0,63.283436027546216,5.561314784162567,2.663245493960446,3.201622002416967,8.224560278123015,3.0776642715190863,4.551519973121945,55.34058745035642,1.9931818181818182,3.263636363636364,314.5952109464082,2935.106382978723,19.90866590649943
2018-2019,2011850,Spring Hill,Spring Hill,KS,Johnson County,8.0,6.0,4311.0,105.0,4206.0,317.0,2.0,50.9,70.0,131.6,0.0,254.5,252.5,72.4,7.0,2.0,0.0,0.0,1.0,12.0,15.0,3.0,8.4,56.4,431.7,NCES_CCD_LEA_Official_Releases,Regular Public District,Independent Town / Exurban,True,True,False,False,False,Modern_Harmonized_CCD,15.0,10.0,22.0,7.0,3.4794711203897006,1.6237531895151935,2.3196474135931338,5.103224309904895,0.4639294827186268,0.0,58.571097193226635,5.9405940594059405,2.7722772277227725,3.9603960396039604,8.712871287128712,3.4746351633078527,5.096131572851517,58.48969191568219,1.5,2.75,359.25,1437.0,21.041666666666668
2018-2019,2012210,Tonganoxie,Tonganoxie,KS,Leavenworth County,3.0,3.0,1945.0,22.0,1923.0,129.0,1.0,25.8,43.1,75.4,0.0,145.3,144.3,56.6,1.7,5.0,0.0,0.0,0.0,8.0,8.0,2.0,3.5,56.5,286.6,NCES_CCD_LEA_Official_Releases,Regular Public District,Independent Town / Exurban,True,True,False,False,False,Modern_Harmonized_CCD,10.0,3.7,11.7,1.7,5.141388174807197,0.8740359897172236,1.9023136246786634,6.015424164524421,2.5706940874035986,0.0,74.19023136246787,6.93000693000693,1.178101178101178,2.564102564102564,8.108108108108107,3.4891835310537336,4.082344731332867,50.348918353105375,2.6666666666666665,3.9,243.125,972.5,18.0375
2018-2019,2012360,Turner-Kansas City,Turner-Kansas City,KS,Wyandotte County,7.0,7.0,4087.0,179.0,3908.0,314.0,6.0,54.5,82.6,124.9,0.0,268.0,262.0,58.0,8.0,9.0,0.0,0.0,0.0,20.0,16.5,4.0,9.0,94.0,486.5,NCES_CCD_LEA_Official_Releases,Regular Public District,Independent Town / Exurban,True,True,False,False,False,Modern_Harmonized_CCD,24.0,12.0,32.0,8.0,5.872277954489846,1.9574259848299485,2.936138977244923,7.829703939319794,2.202104232933692,0.0,64.10570100318081,9.16030534351145,3.0534351145038165,4.580152671755725,12.213740458015266,4.933196300102774,6.5775950668037,53.8540596094553,2.857142857142857,4.571428571428571,204.35,1021.75,13.1
2018-2019,2900017,ACADEMIE LAFAYETTE,ACADEMIE LAFAYETTE,MO,Jackson County,2.0,2.0,1069.0,0.0,1069.0,187.0,0.0,10.98,41.27,21.25,0.0,73.5,73.5,1.0,1.5,0.0,0.0,0.0,0.0,3.0,0.0,0.0,9.0,1.0,89.0,NCES_CCD_LEA_Official_Releases,Charter LEA,Charter LEA,False,True,False,False,False,Modern_Harmonized_CCD,3.0,1.5,4.5,1.5,2.806361085126286,1.403180542563143,1.403180542563143,4.20954162768943,0.0,0.0,68.75584658559401,4.081632653061225,2.0408163265306123,2.0408163265306123,6.122448979591836,3.3707865168539324,5.056179775280898,82.58426966292134,1.5,2.25,356.3333333333333,,24.5
2018-2019,2900604,ACADEMY FOR INTEGRATED ARTS,ACADEMY FOR INTEGRATED ARTS,MO,Jackson County,1.0,1.0,230.0,11.0,219.0,55.0,0.0,3.0,10.78,0.0,0.0,13.78,13.78,4.37,0.25,0.0,0.0,0.0,0.0,1.0,0.0,1.0,2.0,0.0,22.4,NCES_CCD_LEA_Official_Releases,Charter LEA,Charter LEA,False,False,False,False,False,Modern_Harmonized_CCD,2.0,1.25,2.25,0.25,8.695652173913043,1.0869565217391304,5.434782608695652,9.782608695652174,0.0,0.0,59.91304347826087,14.513788098693759,1.8142235123367199,9.0711175616836,16.32801161103048,8.928571428571429,10.044642857142858,61.517857142857146,1.0,2.25,230.0,230.0,13.78
2018-2019,2900025,ALLEN VILLAGE,ALLEN VILLAGE,MO,Jackson County,2.0,2.0,574.0,0.0,574.0,38.0,0.0,2.17,12.48,16.76,0.0,31.41,31.41,11.0,1.5,2.0,0.0,0.0,0.0,1.5,0.0,1.5,3.0,4.0,55.91,NCES_CCD_LEA_Official_Releases,Charter LEA,Charter LEA,False,True,False,False,False,Modern_Harmonized_CCD,3.0,3.0,4.5,1.5,5.226480836236934,2.613240418118467,5.226480836236934,7.839721254355401,3.484320557491289,0.0,54.721254355400696,9.551098376313275,4.775549188156638,9.551098376313275,14.326647564469914,5.365766410302272,8.048649615453407,56.17957431586479,0.75,2.25,382.6666666666667,382.6666666666667,20.94
2018-2019,2903200,ARCHIE R-V,ARCHIE R-V,MO,Cass County,2.0,2.0,514.0,8.0,506.0,31.0,1.19,2.21,14.34,25.49,0.0,43.23,42.04,7.3,0.09,0.88,0.0,0.0,0.31,2.88,0.0,1.0,5.0,5.5,66.19,NCES_CCD_LEA_Official_Releases,Regular Public District,Rural / Peripheral,True,True,False,False,False,Modern_Harmonized_CCD,3.88,1.09,3.9699999999999998,0.09,7.54863813229572,0.17509727626459143,2.1206225680933852,7.7237354085603105,1.7120622568093384,0.0,81.7898832684825,9.229305423406279,0.21408182683158894,2.592768791627022,9.443387250237869,5.8619126756307605,5.997884876869618,63.51412600090648,1.44,1.9849999999999999,178.47222222222223,514.0,14.597222222222223
2018-2019,2900011,B. BANNEKER ACADEMY,B. BANNEKER ACADEMY,MO,Jackson County,0.0,0.0,0.0,0.0,0.0,0.0,0.0,0.0,0.0,0.0,0.0,0.0,0.0,0.0,0.0,0.0,0.0,0.0,0.0,0.0,0.0,0.0,0.0,0.0,0.0,NCES_CCD_LEA_Official_Releases,Charter LEA,Charter LEA,False,False,False,False,False,Modern_Harmonized_CCD,0.0,0.0,0.0,0.0,,,,,,,,,,,,,,,,,,,
2018-2019,2904620,BELTON 124,BELTON 124,MO,Cass County,9.0,8.0,4712.0,298.0,4414.0,282.0,14.93,18.01,138.81,128.46,0.0,300.21,285.28,56.05,5.5,14.0,0.0,0.0,7.0,16.0,0.0,7.0,41.5,77.33,524.59,NCES_CCD_LEA_Official_Releases,Regular Public District,Independent Town / Exurban,True,True,False,False,False,Modern_Harmonized_CCD,23.0,12.5,28.5,5.5,4.881154499151104,1.16723259762309,2.6528013582342953,6.048387096774193,2.9711375212224107,0.0,60.54329371816638,8.062254627033091,1.9279304542905218,4.381660123387549,9.990185081323613,4.384376370117615,5.432814197754436,54.38151699422406,1.7777777777777777,3.1666666666666665,294.5,673.1428571428571,17.83
2018-2019,2905310,BLUE SPRINGS R-IV,BLUE SPRINGS R-IV,MO,Jackson County,22.0,21.0,14533.0,175.0,14358.0,1039.0,18.88,63.23,354.65,470.59,0.0,907.35,888.47,141.29,18.98,35.0,0.0,0.0,11.86,44.0,9.0,5.0,0.0,168.0,1340.48,NCES_CCD_LEA_Official_Releases,Regular Public District,Major Suburban Unified,True,True,False,False,False,Modern_Harmonized_CCD,49.0,23.98,67.98,18.98,3.371636964150554,1.3059932567260717,1.6500378449046995,4.677630220876625,2.4083121172503956,0.0,61.13465905181312,5.515098990399226,2.1362567109750468,2.6990219140770084,7.651355701374272,3.655407018381475,5.071317736930055,66.27998925757937,2.0,3.0900000000000003,330.29545454545456,2906.6,20.1925
2018-2019,2900024,BROOKSIDE CHARTER SCH.,BROOKSIDE CHARTER SCH.,MO,Jackson County,2.0,2.0,699.0,30.0,669.0,72.0,1.0,5.23,31.07,17.5,0.0,54.8,53.8,13.0,2.5,2.0,0.0,0.0,0.0,4.9,0.0,1.0,0.0,0.0,78.2,NCES_CCD_LEA_Official_Releases,Charter LEA,Charter LEA,False,True,False,False,False,Modern_Harmonized_CCD,5.9,3.5,8.4,2.5,8.44062947067239,3.57653791130186,5.007153075822604,12.01716738197425,2.8612303290414878,0.0,76.96709585121602,10.966542750929369,4.646840148698885,6.5055762081784385,15.613382899628252,7.544757033248082,10.741687979539643,68.79795396419436,2.45,4.2,142.6530612244898,699.0,10.979591836734693
2018-2019,2908250,CENTER 58,CENTER 58,MO,Jackson County,8.0,6.0,2639.0,114.0,2525.0,226.0,8.0,12.0,92.45,110.6,0.0,223.05,215.05,47.0,7.42,7.0,0.0,0.0,2.5,11.8,0.0,2.0,17.0,43.2,360.97,NCES_CCD_LEA_Official_Releases,Regular Public District,Urban Core Unified,True,True,False,False,False,Modern_Harmonized_CCD,13.8,9.42,21.22,7.42,5.229253505115574,2.8116710875331563,3.5695339143615006,8.04092459264873,2.6525198938992043,0.0,81.4892004547177,6.417112299465241,3.4503603813066728,4.38037665659149,9.867472680771911,3.8230323849627394,5.87860487021082,59.575587999002686,1.475,2.6525,223.64406779661016,1319.5,18.22457627118644
2018-2019,2900612,CITIZENS OF THE WORLD CHARTER,CITIZENS OF THE WORLD CHARTER,MO,Jackson County,1.0,1.0,290.0,0.0,290.0,78.0,0.0,5.14,17.2,0.0,0.0,22.34,22.34,6.0,1.66,0.0,0.0,0.0,0.0,0.5,0.0,0.5,0.0,0.0,31.0,NCES_CCD_LEA_Official_Releases,Charter LEA,Charter LEA,False,False,False,False,False,Modern_Harmonized_CCD,1.0,2.16,2.66,1.66,3.4482758620689653,5.724137931034483,7.448275862068966,9.172413793103448,0.0,0.0,77.0344827586207,4.476275738585497,7.430617726051924,9.668755595344674,11.906893464637422,3.225806451612903,8.580645161290324,72.06451612903226,0.5,2.66,580.0,580.0,44.68
2018-2019,2900603,CROSSROADS CHARTER SCHOOLS,CROSSROADS CHARTER SCHOOLS,MO,Jackson County,3.0,3.0,780.0,0.0,780.0,95.0,0.0,7.98,45.27,16.25,0.0,69.5,69.5,5.0,1.0,1.0,0.0,0.0,0.0,4.5,0.0,2.0,11.0,0.0,94.0,NCES_CCD_LEA_Official_Releases,Charter LEA,Charter LEA,False,True,False,False,False,Modern_Harmonized_CCD,6.5,3.0,7.5,1.0,8.333333333333334,1.2820512820512822,3.8461538461538463,9.615384615384617,1.2820512820512822,0.0,89.1025641025641,9.352517985611511,1.4388489208633095,4.316546762589928,10.79136690647482,6.914893617021277,7.9787234042553195,73.93617021276596,1.5,2.5,173.33333333333334,390.0,15.444444444444445
2018-2019,2900593,DELASALLE CHARTER SCHOOL,DELASALLE CHARTER SCHOOL,MO,Jackson County,1.0,1.0,113.0,0.0,113.0,0.0,0.0,0.0,0.0,8.5,0.0,8.5,8.5,0.5,0.0,2.0,0.0,0.0,0.0,0.0,0.0,0.0,6.0,11.0,28.0,NCES_CCD_LEA_Official_Releases,Charter LEA,Charter LEA,False,False,False,False,False,Modern_Harmonized_CCD,0.0,0.0,0.0,0.0,0.0,0.0,0.0,0.0,17.699115044247787,0.0,75.2212389380531,0.0,0.0,0.0,0.0,0.0,0.0,30.357142857142854,0.0,0.0,,,
2018-2019,2900009,DIVISION OF YOUTH SERVICE,DIVISION OF YOUTH SERVICE,MO,Clay County,5.0,4.0,620.0,0.0,620.0,0.0,0.0,0.0,0.0,115.5,0.0,115.5,115.5,0.0,0.0,0.0,0.0,0.0,0.0,1.0,0.0,0.0,0.0,0.0,116.5,NCES_CCD_LEA_Official_Releases,Specialized State Agency,Specialized State Agency,False,True,False,False,False,Modern_Harmonized_CCD,1.0,0.0,1.0,0.0,1.6129032258064515,0.0,0.0,1.6129032258064515,0.0,0.0,186.29032258064515,0.8658008658008658,0.0,0.0,0.8658008658008658,0.8583690987124464,0.8583690987124464,99.14163090128756,0.2,0.2,620.0,,115.5
2018-2019,2911070,DREXEL R-IV,DREXEL R-IV,MO,Cass County,2.0,2.0,312.0,10.0,302.0,20.0,0.0,1.2,10.77,14.03,0.0,26.0,26.0,8.5,0.0,0.0,0.0,0.0,0.0,0.0,0.0,0.0,4.0,6.15,44.65,NCES_CCD_LEA_Official_Releases,Regular Public District,Rural / Peripheral,True,False,False,False,False,Modern_Harmonized_CCD,0.0,0.0,0.0,0.0,0.0,0.0,0.0,0.0,0.0,0.0,83.33333333333333,0.0,0.0,0.0,0.0,0.0,0.0,58.23068309070549,0.0,0.0,,,
2018-2019,2911160,EAST LYNNE 40,EAST LYNNE 40,MO,Cass County,1.0,1.0,117.0,13.0,104.0,12.0,0.0,1.25,10.15,0.0,0.0,11.4,11.4,4.0,0.0,0.0,0.0,0.0,0.2,1.0,0.0,1.0,2.0,2.2,21.8,NCES_CCD_LEA_Official_Releases,Regular Public District,Rural / Peripheral,True,False,False,False,False,Modern_Harmonized_CCD,2.0,1.0,2.0,0.0,17.094017094017097,0.0,8.547008547008549,17.094017094017097,0.0,0.0,97.43589743589743,17.543859649122805,0.0,8.771929824561402,17.543859649122805,9.174311926605503,9.174311926605503,52.293577981651374,1.0,2.0,117.0,117.0,11.4
2018-2019,2900597,EWING MARION KAUFFMAN SCHOOL,EWING MARION KAUFFMAN SCHOOL,MO,Jackson County,2.0,2.0,1078.0,0.0,1078.0,0.0,0.0,0.0,0.0,92.9,0.0,92.9,92.9,6.0,9.1,0.0,0.0,0.0,0.0,4.0,0.0,1.0,0.0,0.0,113.0,NCES_CCD_LEA_Official_Releases,Charter LEA,Charter LEA,False,True,False,False,False,Modern_Harmonized_CCD,5.0,10.1,14.1,9.1,4.63821892393321,8.44155844155844,9.369202226345083,13.079777365491651,0.0,0.0,86.17810760667905,5.382131324004305,9.795479009687835,10.871905274488697,15.17761033369214,4.424778761061947,12.477876106194689,82.21238938053098,2.0,7.05,269.5,1078.0,23.225
2018-2019,2911650,EXCELSIOR SPRINGS 40,EXCELSIOR SPRINGS 40,MO,Clay County,7.0,5.0,2886.0,90.0,2796.0,181.0,5.0,11.22,79.44,127.98,0.0,223.64,218.64,28.42,11.0,7.0,0.0,0.0,4.0,10.0,0.0,4.0,23.0,51.88,362.94,NCES_CCD_LEA_Official_Releases,Regular Public District,Independent Town / Exurban,True,True,False,False,False,Modern_Harmonized_CCD,14.0,15.0,25.0,11.0,4.851004851004851,3.811503811503812,5.197505197505198,8.662508662508662,2.4255024255024256,0.0,75.75883575883576,6.4032199048664475,5.0311013538236375,6.860592755214051,11.434321258690085,3.8573868959056594,6.88819088554582,60.241362208629525,1.4285714285714286,3.5714285714285716,288.6,721.5,21.863999999999997
2018-2019,2912290,FORT OSAGE R-I,FORT OSAGE R-I,MO,Jackson County,11.0,8.0,5019.0,129.0,4890.0,339.0,9.96,24.46,154.83,147.65,0.0,336.9,326.94,84.58,8.3,15.0,0.0,0.0,13.0,14.9,1.0,7.0,56.0,212.58,749.26,NCES_CCD_LEA_Official_Releases,Regular Public District,Independent Town / Exurban,True,True,False,False,False,Modern_Harmonized_CCD,21.9,15.3,30.2,8.3,4.363419007770472,1.6537158796573024,3.0484160191273166,6.017134887427774,2.988643156007173,0.0,65.14046622833233,6.698476784731143,2.5386921147611186,4.679757753716278,9.23716889949226,2.9228839121266317,4.030643568320743,43.63505325254251,1.3545454545454545,2.7454545454545456,336.8456375838926,717.0,21.94228187919463
2018-2019,2900590,FRONTIER SCHOOLS,FRONTIER SCHOOLS,MO,Jackson County,5.0,5.0,1626.0,20.0,1606.0,102.0,1.0,5.33,51.97,96.62,0.0,154.92,153.92,9.0,2.0,4.0,0.0,0.0,4.0,10.08,0.0,1.0,0.0,0.0,185.0,NCES_CCD_LEA_Official_Releases,Charter LEA,Charter LEA,False,True,False,False,False,Modern_Harmonized_CCD,11.08,3.0,13.08,2.0,6.814268142681427,1.2300123001230012,1.8450184501845017,8.044280442804428,2.4600246002460024,0.0,94.66174661746616,7.1985446985446995,1.2993762993762994,1.949064449064449,8.497920997921,5.989189189189189,7.070270270270271,83.2,2.016,2.616,161.3095238095238,1626.0,15.269841269841269
2018-2019,2900016,GENESIS SCHOOL INC.,GENESIS SCHOOL INC.,MO,Jackson County,1.0,1.0,268.0,0.0,268.0,35.0,0.0,2.0,0.0,20.5,0.0,22.5,22.5,4.0,1.0,0.0,0.0,0.0,1.0,3.0,0.0,1.0,0.0,1.0,33.5,NCES_CCD_LEA_Official_Releases,Charter LEA,Charter LEA,False,False,False,False,False,Modern_Harmonized_CCD,4.0,2.0,5.0,1.0,14.925373134328359,3.7313432835820897,7.462686567164179,18.656716417910445,0.0,0.0,83.95522388059702,17.77777777777778,4.444444444444445,8.88888888888889,22.22222222222222,11.940298507462686,14.925373134328357,67.16417910447761,3.0,5.0,89.33333333333333,268.0,7.5
2018-2019,2900015,GORDON PARKS ELEM.,GORDON PARKS ELEM.,MO,Jackson County,1.0,1.0,151.0,0.0,151.0,31.0,0.0,2.46,17.59,0.0,0.0,20.05,20.05,2.75,1.2,1.0,0.0,0.0,0.65,1.0,0.0,0.0,1.0,1.0,28.65,NCES_CCD_LEA_Official_Releases,Charter LEA,Charter LEA,False,False,False,False,False,Modern_Harmonized_CCD,1.0,1.2,2.2,1.2,6.622516556291391,7.947019867549669,7.947019867549669,14.569536423841061,6.622516556291391,0.0,132.7814569536424,4.987531172069825,5.985037406483791,5.985037406483791,10.972568578553616,3.4904013961605584,7.67888307155323,69.98254799301921,1.0,2.2,151.0,,20.05
2018-2019,2913080,GRAIN VALLEY R-V,GRAIN VALLEY R-V,MO,Jackson County,8.0,7.0,4471.0,123.0,4348.0,310.0,10.2,18.76,141.26,156.78,0.0,327.0,316.8,75.2,8.0,10.0,0.0,0.0,7.0,18.0,0.0,3.0,0.0,0.0,448.2,NCES_CCD_LEA_Official_Releases,Regular Public District,Independent Town / Exurban,True,True,False,False,False,Modern_Harmonized_CCD,21.0,11.0,29.0,8.0,4.69693580854395,1.7893088794453142,2.460299709237307,6.486244687989264,2.2366360993066428,0.0,70.85663162603446,6.628787878787879,2.525252525252525,3.4722222222222223,9.154040404040403,4.685408299866131,6.470325747434182,70.68273092369478,2.25,3.625,248.38888888888889,1490.3333333333333,17.6
2018-2019,2913140,GRANDVIEW C-4,GRANDVIEW C-4,MO,Jackson County,9.0,7.0,4280.0,151.0,4129.0,292.0,5.0,18.42,143.08,117.05,0.0,283.55,278.55,44.38,8.0,14.0,0.0,0.0,7.0,16.0,0.0,5.0,0.0,0.0,377.93,NCES_CCD_LEA_Official_Releases,Regular Public District,Independent Town / Exurban,True,True,False,False,False,Modern_Harmonized_CCD,21.0,13.0,29.0,8.0,4.906542056074766,1.8691588785046729,3.0373831775700935,6.775700934579439,3.2710280373831777,0.0,65.08177570093459,7.539041464728055,2.8720157960868784,4.667025668641178,10.411057260814934,5.556584552694943,7.673378668007302,73.70412510253222,1.7777777777777777,3.2222222222222223,267.5,856.0,17.409375
2018-2019,2900029,GUADALUPE CENTERS SCHOOLS,GUADALUPE CENTERS SCHOOLS,MO,Jackson County,3.0,3.0,1286.0,86.0,1200.0,98.0,1.0,5.77,27.23,58.0,0.0,92.0,91.0,2.0,2.0,4.0,0.0,0.0,0.0,6.0,0.0,3.0,0.0,0.0,109.0,NCES_CCD_LEA_Official_Releases,Charter LEA,Charter LEA,False,True,False,False,False,Modern_Harmonized_CCD,9.0,5.0,11.0,2.0,6.998444790046656,1.5552099533437014,3.888024883359254,8.553654743390357,3.1104199066874028,0.0,70.76205287713842,9.89010989010989,2.197802197802198,5.4945054945054945,12.087912087912088,8.256880733944955,10.091743119266056,83.4862385321101,2.0,3.6666666666666665,214.33333333333334,428.6666666666667,15.166666666666666
2018-2019,2913680,HARDIN-CENTRAL C-2,HARDIN-CENTRAL C-2,MO,Ray County,2.0,2.0,239.0,18.0,221.0,18.0,1.46,1.13,8.57,10.09,0.0,21.25,19.79,4.0,0.0,0.47,0.0,0.0,1.0,2.0,0.0,1.0,0.0,0.0,29.72,NCES_CCD_LEA_Official_Releases,Regular Public District,Rural / Peripheral,True,False,False,False,False,Modern_Harmonized_CCD,3.0,1.0,3.0,0.0,12.552301255230125,0.0,4.184100418410042,12.552301255230125,1.9665271966527198,0.0,82.80334728033473,15.159171298635677,0.0,5.053057099545225,15.159171298635677,10.094212651413189,10.094212651413189,66.58815612382234,1.0,1.5,119.5,239.0,9.895
2018-2019,2913760,HARRISONVILLE R-IX,HARRISONVILLE R-IX,MO,Cass County,7.0,5.0,2505.0,133.0,2372.0,159.0,3.5,11.07,62.43,114.02,0.0,191.02,187.52,30.4,4.5,9.0,0.0,0.0,3.98,8.5,0.0,5.0,26.0,113.0,391.4,NCES_CCD_LEA_Official_Releases,Regular Public District,Independent Town / Exurban,True,True,False,False,False,Modern_Harmonized_CCD,13.5,9.5,18.0,4.5,5.389221556886228,1.7964071856287425,3.7924151696606785,7.18562874251497,3.592814371257485,0.0,74.85828343313374,7.199232081911262,2.399744027303754,5.0661262798634805,9.598976109215016,3.4491568727644353,4.598875830352581,47.91006642820644,1.2142857142857142,2.5714285714285716,294.70588235294116,501.0,22.061176470588236
2018-2019,2914340,HICKMAN MILLS C-1,HICKMAN MILLS C-1,MO,Jackson County,14.0,13.0,5830.0,487.0,5343.0,464.0,35.0,32.0,215.12,160.51,0.0,442.63,407.63,96.0,12.9,15.34,0.0,0.0,13.0,20.0,0.0,5.5,66.0,166.0,837.37,NCES_CCD_LEA_Official_Releases,Regular Public District,Rural / Peripheral,True,True,False,False,False,Modern_Harmonized_CCD,25.5,18.4,38.4,12.9,4.373927958833619,2.2126929674099487,3.156089193825043,6.586620926243568,2.631217838765009,0.0,69.91938250428817,6.25567303682261,3.164634595098496,4.5138974069621955,9.420307631921105,3.045248814741393,4.585786450434097,48.679795072668,1.4285714285714286,2.742857142857143,291.5,1060.0,20.3815
2018-2019,2900014,HOGAN PREPARATORY ACADEMY,HOGAN PREPARATORY ACADEMY,MO,Jackson County,3.0,3.0,987.0,0.0,987.0,45.0,0.0,2.24,21.76,55.0,0.0,79.0,79.0,10.0,2.75,1.0,0.0,0.0,0.0,7.0,0.0,1.0,11.0,0.0,111.75,NCES_CCD_LEA_Official_Releases,Charter LEA,Charter LEA,False,True,False,False,False,Modern_Harmonized_CCD,8.0,3.75,10.75,2.75,8.105369807497468,2.786220871327254,3.799392097264438,10.891590678824722,1.0131712259371835,0.0,80.04052684903749,10.126582278481013,3.481012658227848,4.746835443037975,13.60759493670886,7.158836689038031,9.619686800894854,70.69351230425056,2.3333333333333335,3.5833333333333335,141.0,987.0,11.285714285714286
2018-2019,2900601,HOPE LEADERSHIP ACADEMY,HOPE LEADERSHIP ACADEMY,MO,Jackson County,1.0,1.0,99.0,0.0,99.0,35.0,0.0,1.0,4.4,0.0,0.0,5.4,5.4,2.6,0.0,0.0,0.0,0.0,0.0,1.0,0.0,0.0,3.0,10.5,22.5,NCES_CCD_LEA_Official_Releases,Charter LEA,Charter LEA,False,False,False,False,False,Modern_Harmonized_CCD,1.0,0.0,1.0,0.0,10.101010101010102,0.0,0.0,10.101010101010102,0.0,0.0,54.54545454545455,18.51851851851852,0.0,0.0,18.51851851851852,4.444444444444445,4.444444444444445,24.000000000000004,1.0,1.0,99.0,,5.4
2018-2019,2915480,INDEPENDENCE 30,INDEPENDENCE 30,MO,Jackson County,30.0,27.0,14644.0,534.0,14110.0,1082.0,21.0,66.88,397.01,455.05,0.0,939.94,918.94,233.47,21.4,36.0,0.0,0.0,20.0,53.0,0.0,10.0,135.0,454.0,1902.81,NCES_CCD_LEA_Official_Releases,Regular Public District,Major Suburban Unified,True,True,False,False,False,Modern_Harmonized_CCD,63.0,31.4,84.4,21.4,4.3021032504780115,1.46134935809888,2.1442228899207865,5.763452608576892,2.458344714558864,0.0,62.751980333242294,6.855725074542407,2.3287701046858333,3.416980433978279,9.184495179228241,3.3108928374351616,4.4355453250718675,48.29383911162965,1.7666666666666666,2.8133333333333335,276.3018867924528,1464.4,17.338490566037738
2018-2019,2916400,KANSAS CITY 33,KANSAS CITY 33,MO,Jackson County,35.0,33.0,15345.0,1099.0,14246.0,1254.0,53.48,88.14,537.06,409.26,0.0,1087.94,1034.46,107.68,20.5,42.8,0.0,0.0,17.31,72.08,0.0,8.0,47.0,749.0,2152.31,NCES_CCD_LEA_Official_Releases,Regular Public District,Urban Core Unified,True,True,False,False,False,Modern_Harmonized_CCD,80.08,28.5,100.58,20.5,5.218637992831541,1.335940045617465,1.8572825024437927,6.554578038449006,2.7891821440208537,0.0,67.41348973607037,7.741236973880092,1.981710264292481,2.7550606113334495,9.722947238172573,3.720653623316344,4.673118649265208,48.062779060637176,2.059428571428571,2.8737142857142857,212.88845726970033,1918.125,14.351553829078803
2018-2019,2900013,KC INTERNATIONAL ACADEMY,KC INTERNATIONAL ACADEMY,MO,Jackson County,1.0,1.0,620.0,0.0,620.0,73.0,0.0,8.45,58.85,0.0,0.0,67.3,67.3,2.0,1.0,1.8,0.0,0.0,0.0,1.0,0.0,2.0,3.0,3.0,81.1,NCES_CCD_LEA_Official_Releases,Charter LEA,Charter LEA,False,True,False,False,False,Modern_Harmonized_CCD,3.0,3.0,4.0,1.0,4.838709677419355,1.6129032258064515,4.838709677419355,6.451612903225806,2.903225806451613,0.0,108.54838709677418,4.457652303120357,1.485884101040119,4.457652303120357,5.943536404160476,3.6991368680641186,4.932182490752158,82.98397040690506,1.0,4.0,620.0,310.0,67.3
2018-2019,2916450,KEARNEY R-I,KEARNEY R-I,MO,Clay County,7.0,7.0,3605.0,71.0,3534.0,259.0,5.0,12.0,97.64,124.8,0.0,239.44,234.44,64.74,4.72,9.0,0.0,0.0,7.0,11.5,0.0,2.72,0.0,14.25,353.37,NCES_CCD_LEA_Official_Releases,Regular Public District,Independent Town / Exurban,True,True,False,False,False,Modern_Harmonized_CCD,14.22,7.4399999999999995,18.94,4.72,3.9445214979195566,1.3092926490984742,2.0638002773925104,5.253814147018031,2.4965325936199725,0.0,65.03190013869626,6.065517829721891,2.013308309162259,3.173519877154069,8.07882613888415,4.024110705492826,5.3598211506353115,66.34405863542463,1.6428571428571428,2.705714285714286,313.4782608695652,1325.3676470588234,20.38608695652174
2018-2019,2900031,KIPP: ENDEAVOR ACADEMY,KIPP: ENDEAVOR ACADEMY,MO,Jackson County,1.0,1.0,674.0,0.0,674.0,57.0,0.0,3.0,0.0,39.5,0.0,42.5,42.5,4.0,0.0,0.0,0.0,0.0,0.0,0.0,0.0,0.0,0.0,0.0,46.5,NCES_CCD_LEA_Official_Releases,Charter LEA,Charter LEA,False,True,False,False,False,Modern_Harmonized_CCD,0.0,0.0,0.0,0.0,0.0,0.0,0.0,0.0,0.0,0.0,63.05637982195846,0.0,0.0,0.0,0.0,0.0,0.0,91.39784946236558,0.0,0.0,,,
2018-2019,2918220,LAWSON R-XIV,LAWSON R-XIV,MO,Ray County,3.0,3.0,1113.0,6.0,1107.0,84.0,0.55,6.28,22.19,46.34,0.0,75.36,74.81,8.2,1.5,3.0,0.0,0.0,1.6,4.5,0.24,1.0,7.5,13.5,116.4,NCES_CCD_LEA_Official_Releases,Regular Public District,Rural / Peripheral,True,True,False,False,False,Modern_Harmonized_CCD,5.5,2.5,7.0,1.5,4.941599281221923,1.3477088948787064,2.2461814914645104,6.289308176100629,2.6954177897574128,0.0,67.21473495058402,7.351958294345676,2.0050795348215478,3.3417992247025796,9.357037829167224,4.725085910652921,6.013745704467353,64.26975945017182,1.5,2.3333333333333335,247.33333333333334,1113.0,16.624444444444446
2018-2019,2900028,LEE A. TOLBERT COM. ACADEMY,LEE A. TOLBERT COM. ACADEMY,MO,Jackson County,1.0,1.0,492.0,0.0,492.0,63.0,0.0,4.61,35.26,0.0,0.0,39.87,39.87,7.0,1.2,0.0,0.0,0.0,1.0,2.0,0.0,0.0,6.0,5.0,62.07,NCES_CCD_LEA_Official_Releases,Charter LEA,Charter LEA,False,False,False,False,False,Modern_Harmonized_CCD,2.0,1.2,3.2,1.2,4.065040650406504,2.4390243902439024,2.4390243902439024,6.504065040650406,0.0,0.0,81.03658536585365,5.0163029847002765,3.0097817908201656,3.0097817908201656,8.026084775520442,3.2221685194135654,5.155469631061705,64.23392943450942,2.0,3.2,246.0,,19.935
2018-2019,2918300,LEE'S SUMMIT R-VII,LEE'S SUMMIT R-VII,MO,Jackson County,27.0,25.0,18410.0,338.0,18072.0,1267.0,27.71,72.25,514.69,605.45,0.0,1220.1,1192.39,207.0,8.0,45.55,0.0,0.0,19.0,61.5,0.0,7.0,162.0,819.5,2549.65,NCES_CCD_LEA_Official_Releases,Regular Public District,Major Suburban Unified,True,True,False,False,False,Modern_Harmonized_CCD,68.5,15.0,76.5,8.0,3.7208039109179794,0.4345464421510049,0.8147745790331341,4.155350353068984,2.474198804997284,0.0,64.7686040195546,5.744764716242169,0.6709214267144138,1.257977675089526,6.415686142956583,2.68664326476183,3.000411821230365,46.766811130939544,2.2777777777777777,2.8333333333333335,299.349593495935,2630.0,19.388455284552848
2018-2019,2918540,LIBERTY 53,LIBERTY 53,MO,Clay County,20.0,17.0,12724.0,249.0,12475.0,891.0,24.75,52.73,322.47,432.46,0.0,832.41,807.66,117.62,10.99,32.0,0.0,0.0,14.1,41.15,0.0,6.0,80.0,614.37,1748.64,NCES_CCD_LEA_Official_Releases,Regular Public District,Major Suburban Unified,True,True,False,False,False,Modern_Harmonized_CCD,47.15,16.990000000000002,58.14,10.99,3.705595724614901,0.8637220999685634,1.3352719270669602,4.5693178245834645,2.514932411191449,0.0,63.47532222571518,5.837852561721517,1.3607210955104871,2.1036079538419634,7.198573657232004,2.696381187665843,3.324869612956354,46.18789459236892,2.0575,2.907,309.2102065613609,2120.6666666666665,19.627217496962334
2018-2019,2919230,LONE JACK C-6,LONE JACK C-6,MO,Jackson County,2.0,2.0,681.0,50.0,631.0,47.0,1.5,3.13,16.78,28.92,0.0,50.33,48.83,8.3,0.97,1.86,0.0,0.0,1.44,3.0,0.0,1.0,6.0,7.0,79.9,NCES_CCD_LEA_Official_Releases,Regular Public District,Rural / Peripheral,True,True,False,False,False,Modern_Harmonized_CCD,4.0,1.97,4.97,0.97,5.873715124816446,1.4243759177679882,2.8928046989721,7.298091042584435,2.731277533039648,0.0,71.70337738619676,8.191685439279132,1.9864837190251894,4.034405078844972,10.178169158304321,5.006257822277847,6.220275344180225,61.11389236545681,1.5,2.485,227.0,681.0,16.276666666666667
2018-2019,2931800,MIDWAY R-I,MIDWAY R-I,MO,Cass County,2.0,2.0,434.0,0.0,434.0,31.0,0.07,2.25,18.18,19.34,0.0,39.84,39.77,9.0,0.45,2.0,0.0,0.0,1.9,2.0,0.0,1.0,4.0,9.0,69.19,NCES_CCD_LEA_Official_Releases,Regular Public District,Rural / Peripheral,True,False,False,False,False,Modern_Harmonized_CCD,3.0,1.45,3.45,0.45,6.912442396313365,1.0368663594470047,3.3410138248847927,7.949308755760369,4.608294930875576,0.0,91.63594470046084,7.543374402816193,1.131506160422429,3.6459642946944935,8.674880563238622,4.335886688827865,4.986269692152046,57.479404538228074,1.0,1.725,217.0,434.0,19.885
2018-2019,2921060,MISSOURI CITY 56,MISSOURI CITY 56,MO,Clay County,1.0,1.0,29.0,0.0,29.0,4.0,0.0,0.36,3.33,0.0,0.0,3.69,3.69,0.0,0.0,0.2,0.0,0.0,0.2,0.45,0.35,0.0,1.5,1.1,7.49,NCES_CCD_LEA_Official_Releases,Regular Public District,Rural / Peripheral,True,False,False,False,False,Modern_Harmonized_CCD,0.45,0.0,0.45,0.0,15.517241379310345,0.0,0.0,15.517241379310345,6.8965517241379315,0.0,127.24137931034483,12.195121951219514,0.0,0.0,12.195121951219514,6.008010680907877,6.008010680907877,49.26568758344459,0.45,0.45,64.44444444444444,,8.2
2018-2019,2900022,MO SCHLS FOR THE SEV DISABLED,MO SCHLS FOR THE SEV DISABLED,MO,Jackson County,5.0,0.0,796.0,0.0,796.0,19.0,0.0,0.0,157.0,0.0,0.0,157.0,157.0,280.27,0.0,0.0,0.0,0.0,0.0,21.4,0.0,1.0,0.0,1.0,460.67,NCES_CCD_LEA_Official_Releases,Specialized State Agency,Specialized State Agency,False,True,False,False,False,Modern_Harmonized_CCD,22.4,1.0,22.4,0.0,28.140703517587937,0.0,1.256281407035176,28.140703517587937,0.0,0.0,197.2361809045226,14.26751592356688,0.0,0.6369426751592357,14.26751592356688,4.862482905333535,4.862482905333535,34.08079536327523,4.279999999999999,4.4799999999999995,37.19626168224299,796.0,7.336448598130842
2018-2019,2922800,NORTH KANSAS CITY 74,NORTH KANSAS CITY 74,MO,Clay County,32.0,30.0,20763.0,711.0,20052.0,1521.0,40.81,88.15,509.25,733.76,0.0,1371.97,1331.16,241.0,21.4,50.44,0.0,0.0,28.0,70.69,14.0,3.0,199.05,806.28,2805.83,NCES_CCD_LEA_Official_Releases,Regular Public District,Major Suburban Unified,True,True,False,False,False,Modern_Harmonized_CCD,73.69,24.4,95.09,21.4,3.5491017675673073,1.0306795742426431,1.1751673650243222,4.579781341809951,2.4293213890092953,0.0,64.11212252564658,5.535773310496108,1.6076204212866971,1.8329877700652062,7.143393731782806,2.626317346382354,3.3890150151648535,47.4426462045099,2.2090625,2.9715625,293.7190550289999,6921.0,18.83095204413637
2018-2019,2922830,NORTH PLATTE CO. R-I,NORTH PLATTE CO. R-I,MO,Platte County,5.0,4.0,641.0,8.0,633.0,43.0,1.0,3.41,20.49,27.59,0.0,52.49,51.49,9.0,1.95,2.0,0.0,0.0,1.0,2.8,0.0,0.9,0.0,0.0,70.14,NCES_CCD_LEA_Official_Releases,Regular Public District,Independent Town / Exurban,True,True,False,False,False,Modern_Harmonized_CCD,3.6999999999999997,2.85,5.6499999999999995,1.95,5.772230889235568,3.0421216848673946,4.446177847113885,8.814352574102964,3.1201248049921997,0.0,80.32761310452419,7.185861332297533,3.78714313458924,5.535055350553505,10.973004466886772,5.2751639577986875,8.055317935557456,73.41032221271743,0.5599999999999999,1.13,228.92857142857144,712.2222222222222,18.389285714285716
2018-2019,2923010,OAK GROVE R-VI,OAK GROVE R-VI,MO,Jackson County,4.0,4.0,2003.0,72.0,1931.0,140.0,3.7,7.0,54.0,77.93,0.0,142.63,138.93,24.0,4.0,5.0,0.0,0.0,3.63,6.0,3.0,2.0,12.0,22.0,224.26,NCES_CCD_LEA_Official_Releases,Regular Public District,Rural / Peripheral,True,True,False,False,False,Modern_Harmonized_CCD,8.0,6.0,12.0,4.0,3.99400898652022,1.99700449326011,2.9955067398901645,5.991013479780329,2.4962556165751373,0.0,69.36095856215677,5.758295544518822,2.879147772259411,4.318721658389117,8.637443316778233,3.5672879693213235,5.350931953981986,61.95041469722644,1.5,3.0,333.8333333333333,1001.5,23.155
2018-2019,2923220,ORRICK R-XI,ORRICK R-XI,MO,Ray County,2.0,2.0,293.0,18.0,275.0,19.0,1.03,1.13,13.29,14.58,0.0,30.03,29.0,7.0,1.0,1.97,0.0,0.0,0.0,2.0,0.0,1.0,3.0,6.63,52.63,NCES_CCD_LEA_Official_Releases,Regular Public District,Rural / Peripheral,True,False,False,False,False,Modern_Harmonized_CCD,3.0,2.0,4.0,1.0,10.238907849829351,3.4129692832764507,6.825938566552901,13.651877133105803,6.723549488054608,0.0,98.97610921501706,10.344827586206897,3.4482758620689653,6.896551724137931,13.793103448275861,5.700171005130153,7.600228006840205,55.101653049591484,1.0,2.0,146.5,293.0,14.5
2018-2019,2923550,PARK HILL,PARK HILL,MO,Platte County,18.0,16.0,12038.0,441.0,11597.0,817.0,21.0,42.65,311.86,429.75,0.0,805.26,784.26,138.97,3.9,30.0,0.0,0.0,17.0,37.75,0.0,6.0,93.23,397.12,1529.23,NCES_CCD_LEA_Official_Releases,Regular Public District,Major Suburban Unified,True,True,False,False,False,Modern_Harmonized_CCD,43.75,9.9,47.65,3.9,3.6343246386442933,0.32397408207343414,0.8223957468017943,3.9582987207177265,2.492108323641801,0.0,65.14869579664396,5.57850712773825,0.49728406395838115,1.2623364700481983,6.075791191696632,2.860916932050771,3.1159472414221536,51.28463344297457,2.0972222222222223,2.647222222222222,318.887417218543,2006.3333333333333,20.775099337748344
2018-2019,2900587,PATHWAY ACADEMY,PATHWAY ACADEMY,MO,Jackson County,1.0,1.0,181.0,8.0,173.0,53.0,1.0,3.82,11.18,0.0,0.0,16.0,15.0,0.0,0.0,0.0,0.0,0.0,0.0,1.0,0.0,0.0,2.0,0.5,19.5,NCES_CCD_LEA_Official_Releases,Charter LEA,Charter LEA,False,False,False,False,False,Modern_Harmonized_CCD,1.0,0.0,1.0,0.0,5.524861878453039,0.0,0.0,5.524861878453039,0.0,0.0,82.87292817679558,6.666666666666667,0.0,0.0,6.666666666666667,5.128205128205128,5.128205128205128,76.92307692307693,1.0,1.0,181.0,,15.0
2018-2019,2925230,PLATTE CO. R-III,PLATTE CO. R-III,MO,Platte County,7.0,6.0,4244.0,68.0,4176.0,335.0,4.1,19.96,136.14,125.69,0.0,285.89,281.79,47.0,5.0,10.0,0.0,0.0,0.52,14.0,0.0,4.0,0.0,0.0,366.41,NCES_CCD_LEA_Official_Releases,Regular Public District,Independent Town / Exurban,True,True,False,False,False,Modern_Harmonized_CCD,18.0,9.0,23.0,5.0,4.241281809613572,1.1781338360037699,2.120640904806786,5.419415645617342,2.3562676720075397,0.0,66.39726672950047,6.387735547748323,1.7743709854856453,3.1938677738741617,8.162106533233967,4.912529679866815,6.277121257607597,76.905652138315,2.0,3.2857142857142856,303.14285714285717,1061.0,20.127857142857145
2018-2019,2925330,PLEASANT HILL R-III,PLEASANT HILL R-III,MO,Cass County,5.0,5.0,2224.0,42.0,2182.0,155.0,2.93,9.55,66.09,62.19,0.0,140.76,137.83,21.03,4.88,6.0,0.0,0.0,5.75,6.38,0.0,2.0,17.75,25.0,229.55,NCES_CCD_LEA_Official_Releases,Regular Public District,Independent Town / Exurban,True,True,False,False,False,Modern_Harmonized_CCD,8.379999999999999,6.88,13.259999999999998,4.88,3.767985611510791,2.1942446043165464,3.093525179856115,5.962230215827337,2.697841726618705,0.0,61.97392086330936,6.0799535659870845,3.5405934847275624,4.991656388304432,9.620547050714647,3.6506207797865384,5.776519276846002,60.043563493792206,1.276,2.6519999999999997,348.58934169278996,1112.0,21.60344827586207
2018-2019,2923730,RAYMORE-PECULIAR R-II,RAYMORE-PECULIAR R-II,MO,Cass County,11.0,10.0,6402.0,164.0,6238.0,451.0,7.01,28.27,167.61,211.45,0.0,414.34,407.33,76.5,9.14,15.6,0.0,0.0,8.91,19.25,6.0,4.0,45.37,152.74,751.85,NCES_CCD_LEA_Official_Releases,Regular Public District,Major Suburban Unified,True,True,False,False,False,Modern_Harmonized_CCD,23.25,13.14,32.39,9.14,3.6316776007497658,1.4276788503592628,2.0524835988753516,5.0593564511090285,2.436738519212746,0.0,63.625429553264595,5.707902683328014,2.243880882822282,3.225885645545381,7.951783566150296,3.0923721486998734,4.308040167586619,54.17702999268471,1.75,2.944545454545455,332.57142857142856,1600.5,21.16
2018-2019,2926070,RAYTOWN C-2,RAYTOWN C-2,MO,Jackson County,20.0,16.0,8854.0,438.0,8416.0,564.0,21.1,34.71,258.53,331.31,0.0,645.65,624.55,176.6,22.8,26.97,0.0,0.0,10.0,31.0,8.0,7.2,93.67,375.27,1397.16,NCES_CCD_LEA_Official_Releases,Regular Public District,Major Suburban Unified,True,True,False,False,False,Modern_Harmonized_CCD,38.2,30.0,61.0,22.8,4.3144341540546645,2.575107296137339,3.38829907386492,6.889541450192003,3.0460808674045627,0.0,70.53873955274452,6.116403810743736,3.65062845248579,4.803458490112882,9.767032263229526,2.734117781785909,4.365999599186922,44.701394256921176,1.55,3.05,285.61290322580646,1229.7222222222222,20.146774193548385
2018-2019,2926480,RICHMOND R-XVI,RICHMOND R-XVI,MO,Ray County,4.0,4.0,1480.0,38.0,1442.0,95.0,2.5,5.0,44.15,51.69,0.0,103.34,100.84,16.25,2.61,5.0,0.0,0.0,1.0,6.0,2.0,2.5,0.0,1.0,139.7,NCES_CCD_LEA_Official_Releases,Regular Public District,Rural / Peripheral,True,True,False,False,False,Modern_Harmonized_CCD,8.5,5.109999999999999,11.11,2.61,5.743243243243244,1.7635135135135134,3.452702702702702,7.506756756756756,3.3783783783783785,0.0,68.13513513513514,8.429194763982546,2.5882586275287585,5.06743355811186,11.017453391511305,6.0844667143879745,7.952755905511812,72.18324982104511,1.5,2.7775,246.66666666666666,592.0,16.80666666666667
2018-2019,2900019,SCUOLA VITA NUOVA,SCUOLA VITA NUOVA,MO,Jackson County,1.0,1.0,279.0,0.0,279.0,43.0,0.0,2.42,20.58,0.0,0.0,23.0,23.0,4.0,0.0,1.0,0.0,0.0,0.0,4.0,0.0,0.0,3.0,4.0,39.0,NCES_CCD_LEA_Official_Releases,Charter LEA,Charter LEA,False,False,False,False,False,Modern_Harmonized_CCD,4.0,0.0,4.0,0.0,14.336917562724015,0.0,0.0,14.336917562724015,3.5842293906810037,0.0,82.43727598566308,17.391304347826086,0.0,0.0,17.391304347826086,10.256410256410255,10.256410256410255,58.97435897435898,4.0,4.0,69.75,,5.75
2018-2019,2910320,SHERWOOD CASS R-VIII,SHERWOOD CASS R-VIII,MO,Cass County,3.0,3.0,805.0,41.0,764.0,57.0,2.13,3.44,25.3,32.76,0.0,63.63,61.5,19.71,3.0,3.0,0.0,0.0,0.8,3.0,0.0,0.8,7.0,20.0,120.94,NCES_CCD_LEA_Official_Releases,Regular Public District,Rural / Peripheral,True,True,False,False,False,Modern_Harmonized_CCD,3.8,3.8,6.8,3.0,4.720496894409938,3.7267080745341614,4.720496894409938,8.447204968944098,3.7267080745341614,0.0,76.3975155279503,6.178861788617886,4.878048780487805,6.178861788617886,11.05691056910569,3.1420539110302625,5.6226227881594175,50.85166198114768,1.0,2.2666666666666666,268.3333333333333,1006.25,20.5
2018-2019,2928410,SMITHVILLE R-II,SMITHVILLE R-II,MO,Clay County,4.0,4.0,2637.0,43.0,2594.0,170.0,5.0,9.73,78.77,84.33,0.0,177.83,172.83,40.0,4.1,6.9,0.0,0.0,4.9,11.8,1.5,3.0,19.6,23.0,292.63,NCES_CCD_LEA_Official_Releases,Regular Public District,Independent Town / Exurban,True,True,False,False,False,Modern_Harmonized_CCD,14.8,7.1,18.9,4.1,5.612438376943496,1.5547971179370497,2.6924535456958667,7.167235494880545,2.616609783845279,0.0,65.54038680318544,8.563328125904066,2.3722733321761265,4.108083087426951,10.935601458080193,5.057581245941975,6.4586679424529265,59.060930184875104,2.95,4.725,223.47457627118644,879.0,14.646610169491526
2018-2019,2929670,STRASBURG C-3,STRASBURG C-3,MO,Cass County,1.0,1.0,132.0,0.0,132.0,15.0,0.0,1.23,11.77,0.0,0.0,13.0,13.0,0.0,0.0,0.0,0.0,0.0,0.0,0.0,0.0,1.0,2.0,4.1,20.1,NCES_CCD_LEA_Official_Releases,Regular Public District,Rural / Peripheral,True,False,False,False,False,Modern_Harmonized_CCD,1.0,1.0,1.0,0.0,7.575757575757576,0.0,7.575757575757576,7.575757575757576,0.0,0.0,98.48484848484848,7.6923076923076925,0.0,7.6923076923076925,7.6923076923076925,4.975124378109452,4.975124378109452,64.67661691542288,0.0,1.0,,132.0,
2018-2019,2900027,UNIVERSITY ACADEMY,UNIVERSITY ACADEMY,MO,Jackson County,3.0,3.0,1123.0,0.0,1123.0,110.0,0.0,6.97,35.03,36.3,0.0,78.3,78.3,6.0,0.0,2.7,0.0,0.0,2.0,8.0,0.0,2.0,0.0,0.0,99.0,NCES_CCD_LEA_Official_Releases,Charter LEA,Charter LEA,False,True,False,False,False,Modern_Harmonized_CCD,10.0,2.0,10.0,0.0,8.904719501335707,0.0,1.7809439002671414,8.904719501335707,2.404274265360641,0.0,69.72395369545859,12.77139208173691,0.0,2.554278416347382,12.77139208173691,10.1010101010101,10.1010101010101,79.0909090909091,2.6666666666666665,3.3333333333333335,140.375,561.5,9.7875
2018-2019,2931710,WEST PLATTE CO. R-II,WEST PLATTE CO. R-II,MO,Platte County,2.0,2.0,699.0,50.0,649.0,59.0,3.0,3.53,27.61,27.29,0.0,61.43,58.43,8.0,4.0,1.86,0.0,0.0,2.0,2.72,0.0,1.0,5.0,11.57,97.58,NCES_CCD_LEA_Official_Releases,Regular Public District,Independent Town / Exurban,True,True,False,False,False,Modern_Harmonized_CCD,3.72,5.0,7.720000000000001,4.0,5.321888412017168,5.7224606580829755,7.15307582260372,11.044349070100145,2.660944206008584,0.0,83.59084406294706,6.366592503850763,6.845798391237379,8.557247989046722,13.212390895088141,3.812256609961058,7.911457265833163,59.87907358065178,1.36,3.8600000000000003,256.985294117647,699.0,21.481617647058822
2019-2020,2003780,Basehor-Linwood,Basehor-Linwood,KS,Leavenworth County,5.0,5.0,2832.0,92.0,2740.0,192.0,1.9,32.7,52.2,89.4,0.0,176.2,174.3,40.0,1.7,7.0,4.0,20.9,2.0,9.5,9.7,3.5,5.7,42.1,322.3,NCES_CCD_LEA_Official_Releases,Regular Public District,Independent Town / Exurban,True,False,False,False,False,Modern_Harmonized_CCD,13.0,5.2,14.7,1.7,4.590395480225989,0.6002824858757061,1.8361581920903955,5.190677966101695,2.471751412429379,7.379943502824858,61.54661016949153,7.458405048766494,0.9753298909925415,2.9833620195065977,8.433734939759036,4.033509152963078,4.560968042196711,54.080049643189575,1.9,2.94,298.10526315789474,809.1428571428571,18.347368421052632
2019-2020,2012000,Blue Valley,Blue Valley,KS,Johnson County,35.0,35.0,22887.0,512.0,22375.0,1559.0,27.8,305.9,435.93,856.0,0.0,1625.63,1597.83,405.7,48.25,63.1,23.8,208.5,40.0,71.0,89.3,5.0,67.4,360.1,3007.78,NCES_CCD_LEA_Official_Releases,Regular Public District,Major Suburban Unified,True,False,False,False,False,Modern_Harmonized_CCD,76.0,53.25,124.25,48.25,3.3206623847599075,2.108183685061389,2.3266483156376982,5.4288460698212955,2.7570236378730284,9.109975095032114,69.81386813474897,4.756450936582741,3.019720495922595,3.332644899645144,7.776171432505335,2.5267805491093096,4.130953726668839,53.12323374714906,2.0285714285714285,3.55,322.3521126760563,4577.4,22.504647887323944
2019-2020,2004050,Bonner Springs,Bonner Springs,KS,Wyandotte County,5.0,5.0,2764.0,96.0,2668.0,168.0,4.0,66.45,46.0,85.2,0.0,201.65,197.65,50.0,7.33,8.0,0.0,21.0,2.0,12.2,7.0,1.0,10.0,56.0,376.18,NCES_CCD_LEA_Official_Releases,Regular Public District,Independent Town / Exurban,True,False,False,False,False,Modern_Harmonized_CCD,13.2,8.33,20.53,7.33,4.775687409551375,2.651953690303907,3.0137481910274966,7.427641099855283,2.894356005788712,7.597684515195369,71.50868306801738,6.678472046546926,3.708575765241589,4.214520617252719,10.387047811788515,3.508958477324685,5.45749375299059,52.54133659418364,2.44,4.106,226.55737704918033,2764.0,16.20081967213115
2019-2020,2005490,De Soto,De Soto,KS,Johnson County,12.0,12.0,7467.0,194.0,7273.0,531.0,7.0,95.8,129.0,258.3,0.0,490.1,483.1,108.9,8.0,18.0,3.0,52.2,10.0,27.5,22.6,2.0,10.0,106.4,858.7,NCES_CCD_LEA_Official_Releases,Regular Public District,Independent Town / Exurban,True,False,False,False,False,Modern_Harmonized_CCD,29.5,10.0,37.5,8.0,3.9507164858711663,1.0713807419311638,1.3392259274139549,5.02209722780233,2.4106066693451185,6.990759341100844,64.69800455336816,6.106396191264748,1.6559718484785757,2.06996481059822,7.762368039743324,3.4354256434144634,4.367066495865844,56.25946197740771,2.2916666666666665,3.125,271.5272727272727,3733.5,17.567272727272726
2019-2020,2005640,Easton,Easton,KS,Leavenworth County,3.0,3.0,655.0,32.0,623.0,45.0,1.0,9.0,11.0,25.35,0.0,46.35,45.35,16.0,1.0,2.0,0.0,5.1,0.0,3.0,3.0,1.0,3.0,16.9,97.35,NCES_CCD_LEA_Official_Releases,Regular Public District,Rural / Peripheral,True,False,False,False,False,Modern_Harmonized_CCD,4.0,2.0,5.0,1.0,6.106870229007633,1.5267175572519083,3.0534351145038165,7.633587786259541,3.0534351145038165,7.786259541984733,69.23664122137404,8.820286659316427,2.2050716648291067,4.410143329658213,11.025358324145534,4.108885464817669,5.136106831022086,46.58448895737032,1.0,1.6666666666666667,218.33333333333334,655.0,15.116666666666667
2019-2020,2006330,Ft Leavenworth,Ft Leavenworth,KS,Leavenworth County,4.0,4.0,1817.0,185.0,1632.0,228.0,10.0,38.0,59.0,23.0,0.0,130.0,120.0,38.3,7.0,4.0,2.0,24.0,4.0,5.0,3.3,3.0,8.0,39.5,268.1,NCES_CCD_LEA_Official_Releases,Regular Public District,Independent Town / Exurban,True,False,False,False,False,Modern_Harmonized_CCD,8.0,10.0,15.0,7.0,4.402861860209136,3.852504127682994,5.50357732526142,8.25536598789213,2.201430930104568,13.208585580627407,66.04292790313704,6.666666666666667,5.833333333333333,8.333333333333332,12.5,2.9839612085042893,5.594927265945542,44.75941812756434,1.25,3.75,363.4,605.6666666666666,24.0
2019-2020,2006420,Gardner Edgerton,Gardner Edgerton,KS,Johnson County,11.0,11.0,6173.0,271.0,5902.0,443.0,13.5,98.6,93.0,254.34,0.0,459.44,445.94,122.2,0.5,14.1,5.6,38.1,9.5,31.0,16.6,1.0,16.0,98.0,812.04,NCES_CCD_LEA_Official_Releases,Regular Public District,Independent Town / Exurban,True,False,False,False,False,Modern_Harmonized_CCD,32.0,1.5,32.5,0.5,5.183865219504293,0.08099789405475458,0.24299368216426373,5.264863113559048,2.2841406123440793,6.1720395269722985,72.24040174955451,7.17585325380096,0.11212270709064,0.33636812127191995,7.2879759608916,3.940692576720359,4.002265898231614,54.91601398945865,2.8181818181818183,2.9545454545454546,199.1290322580645,6173.0,14.38516129032258
2019-2020,2007950,Kansas City,Kansas City,KS,Wyandotte County,44.0,44.0,23690.0,1413.0,22277.0,1768.0,77.0,358.7,481.12,724.85,0.0,1641.67,1564.67,252.0,107.61,59.0,21.0,216.0,27.5,98.0,132.0,8.0,67.0,769.0,3398.78,NCES_CCD_LEA_Official_Releases,Regular Public District,Urban Core Unified,True,False,False,False,False,Modern_Harmonized_CCD,106.0,115.61,213.61,107.61,4.474461798227099,4.542422963275644,4.880118193330519,9.016884761502745,2.4905023216547066,9.117771211481639,66.04769945124525,6.774591447397854,6.877488543910217,7.388778464468546,13.652079991308073,3.1187661454992672,6.284902229623571,46.0362247630032,2.227272727272727,4.854772727272728,241.73469387755102,2961.25,15.966020408163265
2019-2020,2008340,Lansing,Lansing,KS,Leavenworth County,4.0,4.0,2654.0,90.0,2564.0,189.0,9.0,48.02,41.98,87.0,0.0,186.0,177.0,56.0,0.0,4.0,3.0,22.8,1.0,10.0,6.5,3.0,4.0,41.3,337.6,NCES_CCD_LEA_Official_Releases,Regular Public District,Independent Town / Exurban,True,False,False,False,False,Modern_Harmonized_CCD,13.0,3.0,13.0,0.0,4.898266767143934,0.0,1.1303692539562924,4.898266767143934,1.5071590052750565,8.590806330067823,66.69178598342125,7.344632768361582,0.0,1.694915254237288,7.344632768361582,3.850710900473933,3.850710900473933,52.42890995260663,2.5,3.25,265.4,884.6666666666666,17.7
2019-2020,2008430,Leavenworth,Leavenworth,KS,Leavenworth County,7.0,6.0,3814.0,177.0,3637.0,235.0,7.0,77.5,75.0,111.5,0.0,271.0,264.0,121.0,7.0,10.0,5.0,43.0,2.0,19.0,17.0,4.0,10.0,103.0,612.0,NCES_CCD_LEA_Official_Releases,Regular Public District,Independent Town / Exurban,True,False,False,False,False,Modern_Harmonized_CCD,23.0,11.0,30.0,7.0,6.030414263240692,1.8353434714210803,2.8841111693759833,7.865757734661772,2.6219192448872577,11.274252753015208,69.21866806502359,8.712121212121213,2.6515151515151514,4.166666666666666,11.363636363636363,3.758169934640523,4.901960784313726,43.13725490196079,2.7142857142857144,4.285714285714286,200.73684210526315,953.5,13.894736842105264
2019-2020,2008970,Louisburg,Louisburg,KS,Miami County,4.0,4.0,1804.0,101.0,1703.0,130.0,4.3,11.5,27.75,60.25,0.0,103.8,99.5,16.0,0.0,1.0,2.0,8.0,2.0,6.0,9.0,1.1,4.0,65.0,217.9,NCES_CCD_LEA_Official_Releases,Regular Public District,Independent Town / Exurban,True,False,False,False,False,Modern_Harmonized_CCD,7.1,1.1,7.1,0.0,3.93569844789357,0.0,0.6097560975609756,3.93569844789357,0.5543237250554324,4.434589800443459,55.15521064301552,7.135678391959798,0.0,1.105527638190955,7.135678391959798,3.2583754015603485,3.2583754015603485,45.663148233134464,1.5,1.775,300.6666666666667,1639.9999999999998,16.583333333333332
2019-2020,2010140,Olathe,Olathe,KS,Johnson County,51.0,51.0,30164.0,941.0,29223.0,2127.0,44.7,439.7,554.2,1166.05,0.0,2204.65,2159.95,680.6,42.7,82.0,35.5,245.7,52.7,95.0,106.9,10.0,32.0,563.3,4151.05,NCES_CCD_LEA_Official_Releases,Regular Public District,Major Suburban Unified,True,False,False,False,False,Modern_Harmonized_CCD,105.0,52.7,147.7,42.7,3.4809706935419706,1.4155947487070681,1.747115767139637,4.896565442249038,2.7184723511470628,8.14547142288821,71.60688237634265,4.861223639436099,1.9768976133706804,2.4398712933169753,6.838121252806778,2.5294804928873416,3.5581358933281937,52.03382276773346,1.8627450980392157,2.896078431372549,317.5157894736842,3016.4,22.736315789473682
2019-2020,2010260,Osawatomie,Osawatomie,KS,Miami County,4.0,4.0,1156.0,74.0,1082.0,94.0,3.0,11.0,28.0,45.0,0.0,87.0,84.0,14.0,2.0,2.0,1.0,8.0,1.0,5.0,5.7,1.0,2.0,31.5,160.2,NCES_CCD_LEA_Official_Releases,Regular Public District,Independent Town / Exurban,True,False,False,False,False,Modern_Harmonized_CCD,6.0,3.0,8.0,2.0,5.190311418685121,1.7301038062283738,2.5951557093425603,6.920415224913495,1.7301038062283738,6.920415224913495,72.66435986159169,7.142857142857142,2.380952380952381,3.571428571428571,9.523809523809524,3.7453183520599254,4.993757802746567,52.434456928838955,1.25,2.0,231.2,1156.0,16.8
2019-2020,2010500,Paola,Paola,KS,Miami County,4.0,4.0,1941.0,40.0,1901.0,155.0,3.0,21.0,40.5,72.5,0.0,137.0,134.0,258.0,1.0,4.0,2.0,43.0,2.0,5.0,16.0,4.0,6.0,36.0,514.0,NCES_CCD_LEA_Official_Releases,Regular Public District,Independent Town / Exurban,True,False,False,False,False,Modern_Harmonized_CCD,9.0,5.0,10.0,1.0,4.63678516228748,0.5151983513652757,2.575991756826378,5.151983513652756,2.060793405461103,22.153529108706852,69.03657908294693,6.7164179104477615,0.7462686567164178,3.731343283582089,7.462686567164178,1.7509727626459144,1.9455252918287937,26.07003891050584,1.25,2.5,388.2,485.25,26.8
2019-2020,2010680,Piper-Kansas City,Piper-Kansas City,KS,Wyandotte County,4.0,4.0,2560.0,115.0,2445.0,189.0,7.0,35.0,47.0,76.8,0.0,165.8,158.8,21.5,3.0,6.0,1.5,7.8,2.0,10.0,4.7,1.0,4.0,29.6,256.9,NCES_CCD_LEA_Official_Releases,Regular Public District,Independent Town / Exurban,True,False,False,False,False,Modern_Harmonized_CCD,11.0,4.0,14.0,3.0,4.296875,1.171875,1.5625,5.46875,2.34375,3.046875,62.03125,6.926952141057933,1.889168765743073,2.5188916876574305,8.816120906801007,4.281821720513819,5.4495912806539515,61.813935383417686,2.5,3.5,256.0,2560.0,15.88
2019-2020,2000018,School for Blind,School for Blind,KS,Wyandotte County,2.0,0.0,8.0,1.0,7.0,0.0,0.0,1.3,2.5,6.5,0.0,10.3,10.3,0.0,2.0,0.0,0.0,0.0,0.0,1.0,0.0,2.0,0.0,7.0,22.3,NCES_CCD_LEA_Official_Releases,Specialized State Agency,Specialized State Agency,False,False,False,False,False,Modern_Harmonized_CCD,3.0,4.0,5.0,2.0,375.0,250.0,500.0,625.0,0.0,0.0,1287.5,29.126213592233007,19.41747572815534,38.83495145631068,48.543689320388346,13.452914798206278,22.42152466367713,46.18834080717489,0.5,2.5,8.0,4.0,10.3
2019-2020,2000019,School for Deaf,School for Deaf,KS,Johnson County,2.0,0.0,113.0,15.0,98.0,7.0,3.0,4.0,7.0,15.2,0.0,29.2,26.2,0.0,1.0,0.0,1.0,0.0,0.0,2.0,0.0,1.0,0.0,0.0,34.2,NCES_CCD_LEA_Official_Releases,Specialized State Agency,Specialized State Agency,False,False,False,False,False,Modern_Harmonized_CCD,3.0,2.0,4.0,1.0,26.548672566371682,8.849557522123893,17.699115044247787,35.39823008849557,0.0,0.0,231.858407079646,11.450381679389313,3.816793893129771,7.633587786259542,15.267175572519085,8.771929824561402,11.695906432748536,76.60818713450291,1.0,2.0,56.5,113.0,13.1
2019-2020,2011640,Shawnee Mission Pub Sch,Shawnee Mission Pub Sch,KS,Johnson County,44.0,44.0,27587.0,846.0,26741.0,2051.0,34.0,464.85,602.5,728.75,0.0,1830.1,1796.1,540.6,78.0,31.4,21.0,205.4,33.9,89.0,83.0,12.0,51.5,516.5,3492.4,NCES_CCD_LEA_Official_Releases,Regular Public District,Major Suburban Unified,True,False,False,False,False,Modern_Harmonized_CCD,101.0,90.0,179.0,78.0,3.661144742088665,2.8274187117120384,3.262406205821583,6.488563453800703,1.1382172762533078,7.445535940841701,65.10675318084606,5.623294916764101,4.3427426089861365,5.010856856522466,9.966037525750238,2.891994044210285,5.125415187263773,51.42881685946627,2.022727272727273,4.068181818181818,309.96629213483146,2298.9166666666665,20.180898876404495
2019-2020,2011850,Spring Hill,Spring Hill,KS,Johnson County,9.0,7.0,4457.0,83.0,4374.0,311.0,3.0,77.0,74.0,137.75,0.0,291.75,288.75,77.9,12.5,12.0,5.0,29.0,7.0,14.5,15.5,4.0,9.4,62.8,541.35,NCES_CCD_LEA_Official_Releases,Regular Public District,Independent Town / Exurban,True,False,False,False,False,Modern_Harmonized_CCD,18.5,16.5,31.0,12.5,4.150774063271259,2.8045770697778774,3.7020417321067987,6.955351133049136,2.692393986986762,6.506618801884676,64.78573031186897,6.406926406926407,4.329004329004329,5.714285714285714,10.735930735930737,3.417382469751547,5.726424679043133,53.338875034635635,1.6111111111111112,3.4444444444444446,307.37931034482756,1114.25,19.913793103448278
2019-2020,2012210,Tonganoxie,Tonganoxie,KS,Leavenworth County,3.0,3.0,1969.0,53.0,1916.0,122.0,2.0,27.5,42.7,78.43,0.0,150.63,148.63,54.0,2.7,5.0,0.0,11.5,0.0,8.0,9.0,2.0,3.8,56.9,303.53,NCES_CCD_LEA_Official_Releases,Regular Public District,Independent Town / Exurban,True,False,False,False,False,Modern_Harmonized_CCD,10.0,4.7,12.7,2.7,5.078720162519045,1.3712544438801422,2.3869984763839516,6.449974606399187,2.5393600812595225,5.8405281868969015,75.48501777552056,6.72811680010765,1.8165915360290656,3.1622148960505956,8.544708336136715,3.2945672585905847,4.184100418410042,48.967153164431856,2.6666666666666665,4.233333333333333,246.125,984.5,18.57875
2019-2020,2012360,Turner-Kansas City,Turner-Kansas City,KS,Wyandotte County,7.0,7.0,3986.0,192.0,3794.0,262.0,6.0,52.6,84.8,123.2,0.0,266.6,260.6,56.1,8.0,9.0,4.0,44.1,1.0,19.0,14.4,4.0,10.0,88.8,525.0,NCES_CCD_LEA_Official_Releases,Regular Public District,Independent Town / Exurban,True,False,False,False,False,Modern_Harmonized_CCD,23.0,12.0,31.0,8.0,5.77019568489714,2.007024586051179,3.010536879076769,7.777220270948319,2.2579026593075766,11.063723030607125,65.37882589061716,8.825786646201074,3.069838833461243,4.604758250191864,11.895625479662316,4.380952380952381,5.904761904761905,49.63809523809524,2.7142857142857144,4.428571428571429,209.78947368421052,996.5,13.715789473684211
2019-2020,2900017,ACADEMIE LAFAYETTE,ACADEMIE LAFAYETTE,MO,Jackson County,3.0,3.0,1117.0,0.0,1117.0,189.0,0.0,10.96,44.94,20.85,0.0,76.75,76.75,2.0,1.25,1.0,0.0,3.0,0.0,4.0,0.0,0.0,11.0,1.0,100.0,NCES_CCD_LEA_Official_Releases,Charter LEA,Charter LEA,False,False,False,False,False,Modern_Harmonized_CCD,4.0,1.25,5.25,1.25,3.5810205908683974,1.1190689346463742,1.1190689346463742,4.700089525514771,0.8952551477170994,2.6857654431512983,68.71083258728737,5.211726384364821,1.6286644951140066,1.6286644951140066,6.840390879478828,4.0,5.25,76.75,1.3333333333333333,1.75,279.25,,19.1875
2019-2020,2900604,ACADEMY FOR INTEGRATED ARTS,ACADEMY FOR INTEGRATED ARTS,MO,Jackson County,1.0,1.0,258.0,10.0,248.0,57.0,0.0,3.15,14.95,0.0,0.0,18.1,18.1,5.0,0.65,0.0,0.0,1.1,0.0,1.0,0.0,1.35,2.5,1.0,30.7,NCES_CCD_LEA_Official_Releases,Charter LEA,Charter LEA,False,False,False,False,False,Modern_Harmonized_CCD,2.35,2.0,3.0,0.65,9.108527131782946,2.5193798449612403,7.751937984496124,11.627906976744185,0.0,4.263565891472868,70.15503875968993,12.98342541436464,3.591160220994475,11.049723756906078,16.574585635359114,7.654723127035831,9.77198697068404,58.95765472312704,1.0,3.0,258.0,191.1111111111111,18.1
2019-2020,2900025,ALLEN VILLAGE,ALLEN VILLAGE,MO,Jackson County,4.0,4.0,548.0,0.0,548.0,25.0,0.0,1.06,14.56,22.31,0.0,37.93,37.93,3.0,2.2,2.0,0.0,1.0,0.0,2.17,0.0,0.4,3.0,4.0,55.7,NCES_CCD_LEA_Official_Releases,Charter LEA,Charter LEA,False,False,False,False,False,Modern_Harmonized_CCD,2.57,2.6,4.77,2.2,4.68978102189781,4.014598540145985,4.744525547445255,8.704379562043796,3.6496350364963503,1.8248175182481752,69.21532846715328,6.775639335618244,5.800158186132349,6.854732401792776,12.575797521750593,4.6140035906642725,8.563734290843804,68.09694793536804,0.5425,1.1925,252.53456221198158,1370.0,17.47926267281106
2019-2020,2903200,ARCHIE R-V,ARCHIE R-V,MO,Cass County,2.0,2.0,505.0,7.0,498.0,42.0,1.36,2.22,14.41,24.32,0.0,42.31,40.95,7.3,0.37,0.73,0.0,2.29,0.4,2.0,0.0,1.0,3.4,6.0,65.8,NCES_CCD_LEA_Official_Releases,Regular Public District,Rural / Peripheral,True,False,False,False,False,Modern_Harmonized_CCD,3.0,1.37,3.37,0.37,5.9405940594059405,0.7326732673267327,2.712871287128713,6.673267326732673,1.4455445544554455,4.534653465346534,81.08910891089108,7.326007326007325,0.9035409035409034,3.3455433455433456,8.229548229548229,4.5592705167173255,5.121580547112462,62.23404255319149,1.0,1.685,252.5,505.0,20.475
2019-2020,2904620,BELTON 124,BELTON 124,MO,Cass County,8.0,7.0,4680.0,303.0,4377.0,294.0,15.07,15.21,133.26,134.89,0.0,298.43,283.36,71.28,6.5,12.0,1.0,23.53,7.0,17.0,0.0,6.0,41.5,76.31,560.55,NCES_CCD_LEA_Official_Releases,Regular Public District,Independent Town / Exurban,True,False,False,False,False,Modern_Harmonized_CCD,23.0,12.5,29.5,6.5,4.914529914529915,1.3888888888888888,2.6709401709401708,6.303418803418803,2.5641025641025643,5.027777777777778,60.54700854700855,8.116883116883116,2.2939017504234895,4.411349520045172,10.410784867306607,4.103113014004103,5.262688431005262,50.55035233253056,2.125,3.6875,275.29411764705884,780.0,16.668235294117647
2019-2020,2905310,BLUE SPRINGS R-IV,BLUE SPRINGS R-IV,MO,Jackson County,22.0,21.0,14669.0,192.0,14477.0,1126.0,19.19,63.56,358.8,476.01,0.0,917.56,898.37,144.0,23.1,36.0,2.0,59.28,10.91,47.0,15.0,5.0,0.0,176.0,1435.85,NCES_CCD_LEA_Official_Releases,Regular Public District,Major Suburban Unified,True,False,False,False,False,Modern_Harmonized_CCD,52.0,28.1,75.1,23.1,3.5448905855886563,1.5747494716749608,1.9156043356738701,5.1196400572636165,2.4541550207921468,4.041175267571068,61.242756834140025,5.788260961519196,2.5713236194441045,3.127887173436335,8.3595845809633,3.621548211860571,5.230351359821708,62.567120520945785,2.1363636363636362,3.4136363636363636,312.1063829787234,2933.8,19.114255319148935
2019-2020,2900024,BROOKSIDE CHARTER SCH.,BROOKSIDE CHARTER SCH.,MO,Jackson County,2.0,2.0,744.0,30.0,714.0,80.0,1.0,5.98,35.02,21.3,0.0,63.3,62.3,11.0,3.1,3.0,0.0,5.3,0.0,4.8,0.0,2.0,0.0,0.0,92.5,NCES_CCD_LEA_Official_Releases,Charter LEA,Charter LEA,False,False,False,False,False,Modern_Harmonized_CCD,6.8,5.1,9.9,3.1,9.13978494623656,4.166666666666667,6.854838709677419,13.306451612903226,4.032258064516129,7.123655913978494,83.73655913978493,10.914927768860354,4.975922953451044,8.186195826645266,15.890850722311397,7.351351351351351,10.702702702702704,67.35135135135135,2.4,4.95,155.0,372.0,12.979166666666666
2019-2020,2908250,CENTER 58,CENTER 58,MO,Jackson County,8.0,6.0,2644.0,128.0,2516.0,209.0,8.21,12.0,94.69,104.1,0.0,219.0,210.79,52.0,7.42,7.0,2.0,26.0,2.4,11.8,0.0,1.0,36.0,73.2,437.82,NCES_CCD_LEA_Official_Releases,Regular Public District,Urban Core Unified,True,False,False,False,False,Modern_Harmonized_CCD,12.8,8.42,20.22,7.42,4.841149773071105,2.8063540090771557,3.184568835098336,7.64750378214826,2.64750378214826,9.833585476550681,79.72390317700453,6.072394326106552,3.5200910859148915,3.994496892641966,9.592485412021443,2.9235758987711846,4.618336302590105,48.145356539217026,1.475,2.5275,224.06779661016947,2644.0,17.863559322033897
2019-2020,2900612,CITIZENS OF THE WORLD CHARTER,CITIZENS OF THE WORLD CHARTER,MO,Jackson County,1.0,1.0,421.0,0.0,421.0,92.0,0.0,5.51,18.96,4.09,0.0,28.56,28.56,7.27,3.6,0.0,0.0,2.0,0.0,1.0,0.0,1.0,0.0,0.0,43.43,NCES_CCD_LEA_Official_Releases,Charter LEA,Charter LEA,False,False,False,False,False,Modern_Harmonized_CCD,2.0,4.6,5.6,3.6,4.750593824228028,8.551068883610453,10.926365795724465,13.30166270783848,0.0,4.750593824228028,67.83847980997625,7.002801120448179,12.605042016806722,16.106442577030812,19.607843137254903,4.605111673958094,12.89431268708266,65.76099470412157,1.0,5.6,421.0,421.0,28.56
2019-2020,2900603,CROSSROADS CHARTER SCHOOLS,CROSSROADS CHARTER SCHOOLS,MO,Jackson County,3.0,3.0,891.0,16.0,875.0,102.0,0.0,8.27,43.13,21.37,0.0,72.77,72.77,7.0,1.0,0.0,0.0,5.99,0.0,6.9,0.0,2.0,0.0,0.0,95.66,NCES_CCD_LEA_Official_Releases,Charter LEA,Charter LEA,False,False,False,False,False,Modern_Harmonized_CCD,8.9,3.0,9.9,1.0,9.988776655443322,1.122334455667789,3.3670033670033668,11.11111111111111,0.0,6.722783389450056,81.67227833894499,12.230314690119556,1.374192661811186,4.122577985433558,13.604507351930742,9.30378423583525,10.349153251097638,76.07150324064395,2.3000000000000003,3.3000000000000003,129.1304347826087,445.5,10.546376811594202
2019-2020,2900593,DELASALLE CHARTER SCHOOL,DELASALLE CHARTER SCHOOL,MO,Jackson County,1.0,1.0,140.0,0.0,140.0,0.0,0.0,0.0,0.0,12.6,0.0,12.6,12.6,0.0,1.0,1.0,0.0,1.0,0.0,0.0,0.0,1.4,1.0,1.0,19.0,NCES_CCD_LEA_Official_Releases,Charter LEA,Charter LEA,False,False,False,False,False,Modern_Harmonized_CCD,1.4,2.4,2.4,1.0,10.0,7.142857142857142,17.142857142857142,17.142857142857142,7.142857142857142,7.142857142857142,90.0,11.11111111111111,7.936507936507936,19.047619047619047,19.047619047619047,7.368421052631578,12.631578947368421,66.3157894736842,0.0,2.4,,100.0,
2019-2020,2900009,DIVISION OF YOUTH SERVICE,DIVISION OF YOUTH SERVICE,MO,Clay County,5.0,4.0,0.0,0.0,0.0,0.0,0.0,0.0,0.0,94.5,0.0,94.5,94.5,0.0,5.0,0.0,0.0,1.0,0.0,1.0,0.0,0.0,0.0,0.0,101.5,NCES_CCD_LEA_Official_Releases,Specialized State Agency,Specialized State Agency,False,False,False,False,False,Modern_Harmonized_CCD,1.0,5.0,6.0,5.0,,,,,,,,1.0582010582010581,5.291005291005291,5.291005291005291,6.349206349206349,0.9852216748768473,5.911330049261084,93.10344827586206,0.2,1.2,,,94.5
2019-2020,2911070,DREXEL R-IV,DREXEL R-IV,MO,Cass County,2.0,2.0,291.0,6.0,285.0,23.0,0.0,1.14,11.83,15.63,0.0,28.6,28.6,5.5,0.0,0.9,0.0,0.5,0.0,2.0,0.0,1.0,0.0,0.0,38.5,NCES_CCD_LEA_Official_Releases,Regular Public District,Rural / Peripheral,True,False,False,False,False,Modern_Harmonized_CCD,3.0,1.0,3.0,0.0,10.309278350515465,0.0,3.4364261168384878,10.309278350515465,3.0927835051546393,1.7182130584192439,98.28178694158076,10.48951048951049,0.0,3.4965034965034962,10.48951048951049,7.792207792207792,7.792207792207792,74.28571428571429,1.0,1.5,145.5,291.0,14.3
2019-2020,2911160,EAST LYNNE 40,EAST LYNNE 40,MO,Cass County,1.0,1.0,103.0,0.0,103.0,16.0,0.0,1.26,10.54,0.0,0.0,11.8,11.8,3.7,0.0,0.25,0.0,0.5,0.2,1.0,0.0,0.0,2.0,3.0,22.45,NCES_CCD_LEA_Official_Releases,Regular Public District,Rural / Peripheral,True,False,False,False,False,Modern_Harmonized_CCD,1.0,0.0,1.0,0.0,9.70873786407767,0.0,0.0,9.70873786407767,2.4271844660194173,4.854368932038835,114.56310679611651,8.47457627118644,0.0,0.0,8.47457627118644,4.4543429844097995,4.4543429844097995,52.561247216035646,1.0,1.0,103.0,,11.8
2019-2020,2900597,EWING MARION KAUFFMAN SCHOOL,EWING MARION KAUFFMAN SCHOOL,MO,Jackson County,2.0,2.0,1137.0,0.0,1137.0,0.0,0.0,0.0,0.0,94.29,0.0,94.29,94.29,5.74,9.1,2.87,0.0,4.0,0.0,4.0,0.0,1.0,0.0,0.0,121.0,NCES_CCD_LEA_Official_Releases,Charter LEA,Charter LEA,False,False,False,False,False,Modern_Harmonized_CCD,5.0,10.1,14.1,9.1,4.397537379067723,8.003518029903255,8.883025505716798,12.401055408970976,2.5241864555848728,3.518029903254178,82.9287598944591,5.302789267154523,9.65107646622123,10.711634319652136,14.953865733375753,4.132231404958678,11.652892561983471,77.92561983471074,2.0,7.05,284.25,1137.0,23.5725
2019-2020,2911650,EXCELSIOR SPRINGS 40,EXCELSIOR SPRINGS 40,MO,Clay County,7.0,5.0,2655.0,129.0,2526.0,179.0,7.0,11.31,76.19,124.46,0.0,218.96,211.96,33.25,13.0,6.8,0.0,17.19,3.5,12.6,0.0,5.0,22.0,54.16,386.46,NCES_CCD_LEA_Official_Releases,Regular Public District,Independent Town / Exurban,True,False,False,False,False,Modern_Harmonized_CCD,17.6,18.0,30.6,13.0,6.629001883239171,4.896421845574388,6.779661016949152,11.52542372881356,2.5612052730696795,6.474576271186441,79.83427495291902,8.303453481789017,6.133232685412342,8.492168333647857,14.43668616720136,4.554158256999432,7.918025151374011,54.84655591781815,1.8,4.371428571428572,210.71428571428572,531.0,16.822222222222223
2019-2020,2912290,FORT OSAGE R-I,FORT OSAGE R-I,MO,Jackson County,11.0,8.0,5042.0,143.0,4899.0,352.0,10.4,22.61,157.63,151.96,0.0,342.6,332.2,80.6,8.1,15.0,0.0,23.46,12.0,14.9,1.0,7.0,12.5,185.36,702.52,NCES_CCD_LEA_Official_Releases,Regular Public District,Independent Town / Exurban,True,False,False,False,False,Modern_Harmonized_CCD,21.9,15.1,30.0,8.1,4.343514478381595,1.60650535501785,2.994843316144387,5.950019833399445,2.9750099166997224,4.652915509718366,65.88655295517651,6.592414208308248,2.4382901866345574,4.545454545454546,9.030704394942806,3.117348972271252,4.270341057905825,47.2869099812105,1.3545454545454545,2.727272727272727,338.38926174496646,720.2857142857143,22.295302013422816
2019-2020,2900590,FRONTIER SCHOOLS,FRONTIER SCHOOLS,MO,Jackson County,5.0,5.0,1564.0,19.0,1545.0,98.0,1.0,6.87,49.03,98.35,0.0,155.25,154.25,10.19,2.0,4.0,0.0,10.81,4.75,13.0,0.0,1.0,0.0,0.0,201.0,NCES_CCD_LEA_Official_Releases,Charter LEA,Charter LEA,False,False,False,False,False,Modern_Harmonized_CCD,14.0,3.0,16.0,2.0,8.951406649616368,1.278772378516624,1.9181585677749362,10.230179028132993,2.557544757033248,6.911764705882353,98.62531969309462,9.076175040518638,1.2965964343598055,1.9448946515397085,10.372771474878444,6.965174129353234,7.960199004975125,76.7412935323383,2.6,3.2,120.3076923076923,1564.0,11.865384615384615
2019-2020,2900016,GENESIS SCHOOL INC.,GENESIS SCHOOL INC.,MO,Jackson County,1.0,1.0,278.0,8.0,270.0,32.0,1.0,1.0,0.0,19.0,0.0,21.0,20.0,5.0,2.0,0.0,0.0,7.0,1.0,3.0,1.0,1.0,3.0,2.5,46.5,NCES_CCD_LEA_Official_Releases,Charter LEA,Charter LEA,False,False,False,False,False,Modern_Harmonized_CCD,4.0,3.0,6.0,2.0,14.388489208633095,7.194244604316547,10.79136690647482,21.58273381294964,0.0,25.179856115107913,71.94244604316546,20.0,10.0,15.0,30.0,8.60215053763441,12.903225806451612,43.01075268817204,3.0,6.0,92.66666666666667,278.0,6.666666666666667
2019-2020,2900015,GORDON PARKS ELEM.,GORDON PARKS ELEM.,MO,Jackson County,1.0,1.0,180.0,0.0,180.0,40.0,0.0,2.46,19.89,0.0,0.0,22.35,22.35,3.0,2.2,1.0,0.0,4.0,0.65,1.0,0.0,0.0,1.0,1.5,36.7,NCES_CCD_LEA_Official_Releases,Charter LEA,Charter LEA,False,False,False,False,False,Modern_Harmonized_CCD,1.0,2.2,3.2,2.2,5.555555555555555,12.222222222222223,12.222222222222223,17.77777777777778,5.555555555555555,22.22222222222222,124.16666666666667,4.474272930648769,9.843400447427292,9.843400447427292,14.317673378076062,2.7247956403269753,8.71934604904632,60.899182561307896,1.0,3.2,180.0,,22.35
2019-2020,2913080,GRAIN VALLEY R-V,GRAIN VALLEY R-V,MO,Jackson County,8.0,7.0,4416.0,44.0,4372.0,313.0,9.4,17.7,136.51,158.31,0.0,321.92,312.52,70.71,8.2,10.0,2.0,23.6,6.88,19.0,0.0,3.0,0.0,2.0,467.31,NCES_CCD_LEA_Official_Releases,Regular Public District,Independent Town / Exurban,True,False,False,False,False,Modern_Harmonized_CCD,22.0,11.2,30.2,8.2,4.981884057971014,1.8568840579710144,2.5362318840579707,6.838768115942029,2.2644927536231885,5.3442028985507255,70.76992753623188,7.039549468833995,2.623832074747216,3.583770638679124,9.663381543581211,4.707795681667416,6.462519526652544,66.87637756521366,2.375,3.775,232.42105263157896,1472.0,16.448421052631577
2019-2020,2913140,GRANDVIEW C-4,GRANDVIEW C-4,MO,Jackson County,9.0,7.0,4256.0,159.0,4097.0,319.0,6.5,18.58,138.57,116.92,0.0,280.57,274.07,48.71,7.0,14.0,4.0,15.56,8.0,16.0,2.0,4.0,36.0,207.0,642.84,NCES_CCD_LEA_Official_Releases,Regular Public District,Independent Town / Exurban,True,False,False,False,False,Modern_Harmonized_CCD,20.0,11.0,27.0,7.0,4.6992481203007515,1.644736842105263,2.584586466165413,6.343984962406014,3.289473684210526,3.6560150375939853,64.39614661654134,7.2974057722479655,2.554092020286788,4.013573174736381,9.851497792534754,3.1111940762864787,4.200112002986746,42.63424802439176,1.7777777777777777,3.0,266.0,1064.0,17.129375
2019-2020,2900029,GUADALUPE CENTERS SCHOOLS,GUADALUPE CENTERS SCHOOLS,MO,Jackson County,3.0,3.0,1380.0,104.0,1276.0,107.0,6.5,7.1,35.9,61.0,0.0,110.5,104.0,16.0,5.33,4.0,0.0,14.17,0.0,6.0,0.0,3.0,7.0,0.0,166.0,NCES_CCD_LEA_Official_Releases,Charter LEA,Charter LEA,False,False,False,False,False,Modern_Harmonized_CCD,9.0,8.33,14.33,5.33,6.521739130434782,3.86231884057971,6.036231884057972,10.384057971014492,2.898550724637681,10.268115942028986,75.36231884057972,8.653846153846153,5.125,8.009615384615385,13.778846153846153,5.421686746987952,8.632530120481928,62.65060240963856,2.0,4.776666666666666,230.0,460.0,17.333333333333332
2019-2020,2913680,HARDIN-CENTRAL C-2,HARDIN-CENTRAL C-2,MO,Ray County,2.0,2.0,230.0,19.0,211.0,9.0,0.9,1.21,9.29,11.67,0.0,23.07,22.17,3.0,0.0,1.0,0.0,0.1,0.0,2.0,0.0,1.0,0.0,0.0,30.17,NCES_CCD_LEA_Official_Releases,Regular Public District,Rural / Peripheral,True,False,False,False,False,Modern_Harmonized_CCD,3.0,1.0,3.0,0.0,13.043478260869565,0.0,4.3478260869565215,13.043478260869565,4.3478260869565215,0.4347826086956522,96.3913043478261,13.531799729364005,0.0,4.510599909788001,13.531799729364005,9.943652635067949,9.943652635067949,73.48359297315213,1.0,1.5,115.0,230.0,11.085
2019-2020,2913760,HARRISONVILLE R-IX,HARRISONVILLE R-IX,MO,Cass County,7.0,5.0,2395.0,88.0,2307.0,143.0,3.5,11.14,60.86,108.02,0.0,183.52,180.02,27.0,5.0,9.0,0.0,14.65,3.98,8.5,0.0,4.0,27.0,62.0,344.65,NCES_CCD_LEA_Official_Releases,Regular Public District,Independent Town / Exurban,True,False,False,False,False,Modern_Harmonized_CCD,12.5,9.0,17.5,5.0,5.219206680584551,2.08768267223382,3.7578288100208765,7.306889352818371,3.7578288100208765,6.116910229645094,75.16492693110648,6.943672925230529,2.777469170092212,4.999444506165982,9.721142095322742,3.626867836936022,5.077614971710432,52.232699840417816,1.2142857142857142,2.5,281.7647058823529,598.75,21.178823529411765
2019-2020,2914340,HICKMAN MILLS C-1,HICKMAN MILLS C-1,MO,Jackson County,11.0,10.0,5543.0,453.0,5090.0,483.0,34.2,27.78,165.72,181.32,0.0,409.02,374.82,94.0,13.3,15.0,5.4,61.74,10.0,19.0,0.0,5.5,60.0,155.0,847.96,NCES_CCD_LEA_Official_Releases,Regular Public District,Rural / Peripheral,True,False,False,False,False,Modern_Harmonized_CCD,24.5,18.8,37.8,13.3,4.4199891755367124,2.3994226952913587,3.3916651632689883,6.8194118708280715,2.7061158217571712,11.138372722352518,67.6204221540682,6.536470839336214,3.548369884211088,5.015740888960035,10.084840723547302,2.889287230529742,4.457757441388744,44.202556724373785,1.7272727272727273,3.436363636363636,291.7368421052632,1007.8181818181819,19.72736842105263
2019-2020,2900014,HOGAN PREPARATORY ACADEMY,HOGAN PREPARATORY ACADEMY,MO,Jackson County,3.0,3.0,1053.0,37.0,1016.0,45.0,0.0,3.0,23.0,60.77,0.0,86.77,86.77,6.0,4.0,1.0,0.0,8.97,0.0,8.0,0.0,1.0,4.0,1.0,120.74,NCES_CCD_LEA_Official_Releases,Charter LEA,Charter LEA,False,False,False,False,False,Modern_Harmonized_CCD,9.0,5.0,13.0,4.0,8.547008547008549,3.7986704653371324,4.748338081671415,12.345679012345679,0.9496676163342831,8.518518518518519,82.40265906932572,10.372248472974531,4.609888210210903,5.762360262763628,14.982136683185434,7.454033460327977,10.766937220473746,71.86516481696206,2.6666666666666665,4.333333333333333,131.625,1053.0,10.84625
2019-2020,2900601,HOPE LEADERSHIP ACADEMY,HOPE LEADERSHIP ACADEMY,MO,Jackson County,1.0,1.0,117.0,0.0,117.0,39.0,0.0,3.0,5.4,0.0,0.0,8.4,8.4,0.6,0.0,0.0,0.0,2.0,0.0,1.0,0.0,0.0,1.0,1.0,14.0,NCES_CCD_LEA_Official_Releases,Charter LEA,Charter LEA,False,False,False,False,False,Modern_Harmonized_CCD,1.0,0.0,1.0,0.0,8.547008547008549,0.0,0.0,8.547008547008549,0.0,17.094017094017097,71.79487179487181,11.904761904761903,0.0,0.0,11.904761904761903,7.142857142857142,7.142857142857142,60.0,1.0,1.0,117.0,,8.4
2019-2020,2915480,INDEPENDENCE 30,INDEPENDENCE 30,MO,Jackson County,30.0,27.0,14711.0,638.0,14073.0,1075.0,26.0,71.35,401.16,468.11,0.0,966.62,940.62,243.57,21.4,37.0,6.0,116.06,21.0,54.0,0.0,9.0,137.0,451.0,2062.65,NCES_CCD_LEA_Official_Releases,Regular Public District,Major Suburban Unified,True,False,False,False,False,Modern_Harmonized_CCD,63.0,30.4,84.4,21.4,4.282509686629053,1.4546937665692339,2.0664808646590984,5.737203453198288,2.515124736591666,7.889334511589966,63.93990891169874,6.6977100210499465,2.275095150007442,3.2319108673002908,8.972805171057388,3.0543233219402226,4.091823624948489,45.60250163624463,1.8,2.8133333333333335,272.4259259259259,1634.5555555555557,17.41888888888889
2019-2020,2916400,KANSAS CITY 33,KANSAS CITY 33,MO,Jackson County,35.0,34.0,15147.0,1072.0,14075.0,1243.0,46.0,93.44,541.08,418.58,0.0,1099.1,1053.1,108.89,29.0,4.0,13.0,108.11,3.4,73.0,0.0,9.0,86.0,647.0,2180.5,NCES_CCD_LEA_Official_Releases,Regular Public District,Urban Core Unified,True,False,False,False,False,Modern_Harmonized_CCD,82.0,38.0,111.0,29.0,5.413613256750512,1.9145705420215224,2.5087476067868226,7.328183798772034,0.26407869545124446,7.1373869413085105,69.52531854492638,7.786534991928592,2.7537745703162098,3.608394264552275,10.540309562244802,3.760605365741802,5.090575556065122,48.29626232515478,2.085714285714286,3.1714285714285713,207.4931506849315,1683.0,14.426027397260272
2019-2020,2900615,KANSAS CITY GIRLS PREP ACADEMY,KANSAS CITY GIRLS PREP ACADEMY,MO,Jackson County,0.0,0.0,76.0,0.0,76.0,0.0,0.0,0.0,0.0,7.6,0.0,7.6,7.6,0.0,1.5,0.0,0.0,1.9,0.0,1.0,0.0,1.0,0.0,0.0,13.0,NCES_CCD_LEA_Official_Releases,Charter LEA,Charter LEA,False,False,False,False,False,Modern_Harmonized_CCD,2.0,2.5,3.5,1.5,26.31578947368421,19.736842105263158,32.89473684210526,46.05263157894736,0.0,24.999999999999996,99.99999999999999,26.31578947368421,19.736842105263158,32.89473684210527,46.05263157894737,15.384615384615385,26.923076923076923,58.46153846153845,,,76.0,76.0,7.6
2019-2020,2900013,KC INTERNATIONAL ACADEMY,KC INTERNATIONAL ACADEMY,MO,Jackson County,1.0,1.0,677.0,0.0,677.0,86.0,0.0,9.25,57.75,0.0,0.0,67.0,67.0,5.0,2.0,1.8,0.0,11.6,0.0,2.0,0.0,2.6,2.0,4.0,98.0,NCES_CCD_LEA_Official_Releases,Charter LEA,Charter LEA,False,False,False,False,False,Modern_Harmonized_CCD,4.6,4.6,6.6,2.0,6.794682422451993,2.9542097488921715,6.794682422451993,9.748892171344165,2.658788774002954,17.134416543574595,98.96602658788774,6.865671641791045,2.9850746268656714,6.865671641791045,9.850746268656716,4.693877551020408,6.73469387755102,68.36734693877551,2.0,6.6,338.5,260.38461538461536,33.5
2019-2020,2916450,KEARNEY R-I,KEARNEY R-I,MO,Clay County,8.0,7.0,3580.0,73.0,3507.0,245.0,5.0,12.0,104.34,124.6,0.0,245.94,240.94,70.42,7.0,9.0,0.0,22.4,7.0,12.5,0.0,2.0,0.0,13.78,390.04,NCES_CCD_LEA_Official_Releases,Regular Public District,Independent Town / Exurban,True,False,False,False,False,Modern_Harmonized_CCD,14.5,9.0,21.5,7.0,4.050279329608939,1.9553072625698324,2.5139664804469275,6.005586592178771,2.5139664804469275,6.256983240223463,67.30167597765363,6.018095791483357,2.9052876234747242,3.7353698016103594,8.92338341495808,3.7175674289816425,5.512255153317608,61.77315147164393,1.5625,2.6875,286.4,1790.0,19.275199999999998
2019-2020,2900031,KIPP: ENDEAVOR ACADEMY,KIPP: ENDEAVOR ACADEMY,MO,Jackson County,1.0,1.0,545.0,0.0,545.0,58.0,0.0,2.0,0.0,12.0,0.0,14.0,14.0,0.0,0.0,0.0,0.0,0.0,0.0,0.0,0.0,0.0,1.0,0.0,15.0,NCES_CCD_LEA_Official_Releases,Charter LEA,Charter LEA,False,True,False,False,False,Modern_Harmonized_CCD,0.0,0.0,0.0,0.0,0.0,0.0,0.0,0.0,0.0,0.0,25.688073394495415,0.0,0.0,0.0,0.0,0.0,0.0,93.33333333333333,0.0,0.0,,,
2019-2020,2918220,LAWSON R-XIV,LAWSON R-XIV,MO,Ray County,3.0,3.0,1126.0,13.0,1113.0,59.0,1.23,4.65,23.08,46.46,0.0,75.42,74.19,8.18,1.5,3.0,0.0,4.33,1.6,4.5,0.24,1.0,7.5,14.0,121.27,NCES_CCD_LEA_Official_Releases,Regular Public District,Rural / Peripheral,True,False,False,False,False,Modern_Harmonized_CCD,5.5,2.5,7.0,1.5,4.8845470692717585,1.3321492007104796,2.2202486678507993,6.216696269982238,2.664298401420959,3.8454706927175843,65.88809946714032,7.413398032079796,2.0218358269308534,3.369726378218089,9.435233859010648,4.535334377834585,5.772243753607652,61.17753772573597,1.5,2.3333333333333335,250.22222222222223,1126.0,16.486666666666665
2019-2020,2900028,LEE A. TOLBERT COM. ACADEMY,LEE A. TOLBERT COM. ACADEMY,MO,Jackson County,1.0,1.0,513.0,0.0,513.0,58.0,0.0,4.32,34.63,0.0,0.0,38.95,38.95,4.0,1.2,0.0,0.0,3.92,1.0,2.0,0.0,0.0,0.0,0.0,51.07,NCES_CCD_LEA_Official_Releases,Charter LEA,Charter LEA,False,False,False,False,False,Modern_Harmonized_CCD,2.0,1.2,3.2,1.2,3.898635477582846,2.3391812865497075,2.3391812865497075,6.237816764132554,0.0,7.641325536062378,75.92592592592594,5.134788189987162,3.0808729139922977,3.0808729139922977,8.21566110397946,3.9161934599569217,6.265909535931076,76.26786763266105,2.0,3.2,256.5,,19.475
2019-2020,2918300,LEE'S SUMMIT R-VII,LEE'S SUMMIT R-VII,MO,Jackson County,27.0,25.0,18220.0,315.0,17905.0,1226.0,30.76,72.29,510.18,605.01,0.0,1218.24,1187.48,218.0,9.92,44.54,1.0,133.78,19.0,61.23,0.0,5.0,160.0,847.85,2718.56,NCES_CCD_LEA_Official_Releases,Regular Public District,Major Suburban Unified,True,False,False,False,False,Modern_Harmonized_CCD,66.22999999999999,14.92,76.14999999999999,9.92,3.635016465422612,0.544456641053787,0.818880351262349,4.179473106476399,2.444566410537871,7.342480790340286,65.17453347969264,5.577357092329975,0.8353824906524742,1.2564422137636002,6.412739582982449,2.4362162321228884,2.8011152963333528,43.68047790006474,2.2677777777777774,2.82037037037037,297.56655234362245,3644.0,19.393761228156134
2019-2020,2918540,LIBERTY 53,LIBERTY 53,MO,Clay County,20.0,17.0,12583.0,41.0,12542.0,840.0,25.0,48.79,325.11,451.08,0.0,849.98,824.98,132.75,8.11,31.8,11.0,57.34,16.0,44.35,0.0,4.0,81.0,545.47,1781.8,NCES_CCD_LEA_Official_Releases,Regular Public District,Major Suburban Unified,True,False,False,False,False,Modern_Harmonized_CCD,48.35,12.11,56.46,8.11,3.8424858936660575,0.6445203846459509,0.9624096002543113,4.487006278312008,2.527219264086466,4.556941905745848,65.5630612731463,5.860748139348833,0.9830541346456882,1.4679143736817861,6.843802273994521,2.7135480974295656,3.1687058031204405,46.30037041194298,2.2175000000000002,2.823,283.7204058624577,3145.75,18.601578354002253
2019-2020,2919230,LONE JACK C-6,LONE JACK C-6,MO,Jackson County,2.0,2.0,730.0,59.0,671.0,59.0,1.8,3.28,17.66,26.27,0.0,49.01,47.21,7.8,1.13,2.36,0.0,3.0,1.5,4.0,0.0,1.0,5.0,6.0,80.8,NCES_CCD_LEA_Official_Releases,Regular Public District,Rural / Peripheral,True,False,False,False,False,Modern_Harmonized_CCD,5.0,2.13,6.13,1.13,6.8493150684931505,1.5479452054794518,2.917808219178082,8.397260273972604,3.232876712328767,4.10958904109589,64.67123287671234,10.590976488032195,2.3935606862952765,4.511755983901716,12.984537174327473,6.188118811881188,7.586633663366336,58.428217821782184,2.0,3.065,182.5,730.0,11.8025
2019-2020,2931800,MIDWAY R-I,MIDWAY R-I,MO,Cass County,2.0,2.0,441.0,0.0,441.0,36.0,0.07,2.28,18.22,19.19,0.0,39.76,39.69,9.5,0.45,2.0,0.0,2.05,1.9,2.0,0.0,1.0,4.0,9.0,71.66,NCES_CCD_LEA_Official_Releases,Regular Public District,Rural / Peripheral,True,False,False,False,False,Modern_Harmonized_CCD,3.0,1.45,3.45,0.45,6.802721088435374,1.0204081632653061,3.2879818594104306,7.823129251700681,4.535147392290249,4.648526077097506,90.0,7.558578987150416,1.1337868480725626,3.6533131771227008,8.69236583522298,4.186435947530003,4.814401339659503,55.38654758582193,1.0,1.725,220.5,441.0,19.845
2019-2020,2921060,MISSOURI CITY 56,MISSOURI CITY 56,MO,Clay County,1.0,1.0,0.0,0.0,0.0,0.0,0.0,0.32,3.37,0.0,0.0,3.69,3.69,0.0,0.0,0.2,0.0,0.7,0.2,0.45,0.0,0.0,3.0,2.0,10.24,NCES_CCD_LEA_Official_Releases,Regular Public District,Rural / Peripheral,True,False,False,False,False,Modern_Harmonized_CCD,0.45,0.0,0.45,0.0,,,,,,,,12.195121951219514,0.0,0.0,12.195121951219514,4.39453125,4.39453125,36.03515625,0.45,0.45,,,8.2
2019-2020,2900022,MO SCHLS FOR THE SEV DISABLED,MO SCHLS FOR THE SEV DISABLED,MO,Jackson County,5.0,0.0,771.0,0.0,771.0,17.0,0.0,0.0,155.7,0.0,0.0,155.7,155.7,240.1,0.0,0.0,0.0,31.0,0.0,19.4,0.0,0.0,0.0,0.0,446.2,NCES_CCD_LEA_Official_Releases,Specialized State Agency,Specialized State Agency,False,False,False,False,False,Modern_Harmonized_CCD,19.4,0.0,19.4,0.0,25.162127107652395,0.0,0.0,25.162127107652395,0.0,40.20752269779508,201.94552529182877,12.45985870263327,0.0,0.0,12.45985870263327,4.3478260869565215,4.3478260869565215,34.894666069027345,3.88,3.88,39.74226804123712,,8.025773195876289
2019-2020,2922800,NORTH KANSAS CITY 74,NORTH KANSAS CITY 74,MO,Clay County,34.0,32.0,20342.0,2.0,20340.0,1620.0,49.44,91.51,547.04,746.54,0.0,1434.53,1385.09,246.5,24.46,50.69,7.0,51.85,27.82,75.0,12.0,6.0,196.19,801.25,2933.29,NCES_CCD_LEA_Official_Releases,Regular Public District,Major Suburban Unified,True,False,False,False,False,Modern_Harmonized_CCD,81.0,30.46,105.46000000000001,24.46,3.9819093501130665,1.2024383049847607,1.497394553141284,5.184347655097827,2.4918887031756953,2.54891357781929,68.0901582931865,5.84799543711961,1.7659502270610576,2.1991350742551026,7.613945664180669,2.761404429838168,3.5952803848238672,47.21967483610553,2.2058823529411766,3.101764705882353,271.2266666666667,3390.3333333333335,18.467866666666666
2019-2020,2922830,NORTH PLATTE CO. R-I,NORTH PLATTE CO. R-I,MO,Platte County,5.0,4.0,588.0,0.0,588.0,39.0,1.91,2.37,19.61,27.84,0.0,51.73,49.82,9.0,1.96,2.0,0.0,2.14,1.0,3.3,0.0,0.9,0.0,0.0,72.03,NCES_CCD_LEA_Official_Releases,Regular Public District,Independent Town / Exurban,True,False,False,False,False,Modern_Harmonized_CCD,4.2,2.86,6.16,1.96,7.142857142857143,3.333333333333333,4.863945578231292,10.476190476190476,3.401360544217687,3.6394557823129254,84.72789115646258,8.430349257326375,3.9341629867523085,5.740666399036531,12.364512244078684,5.830903790087464,8.551992225461614,69.16562543384701,0.6599999999999999,1.232,178.1818181818182,653.3333333333334,15.096969696969698
2019-2020,2923010,OAK GROVE R-VI,OAK GROVE R-VI,MO,Jackson County,4.0,4.0,2022.0,65.0,1957.0,162.0,3.7,10.0,52.0,78.07,0.0,143.77,140.07,24.0,4.0,5.0,0.0,7.0,3.63,6.0,3.0,2.0,10.0,22.0,230.4,NCES_CCD_LEA_Official_Releases,Regular Public District,Rural / Peripheral,True,False,False,False,False,Modern_Harmonized_CCD,8.0,6.0,12.0,4.0,3.956478733926805,1.9782393669634024,2.967359050445104,5.934718100890208,2.472799208704253,3.4619188921859543,69.27299703264094,5.7114299992860715,2.8557149996430358,4.283572499464554,8.567144998929107,3.4722222222222223,5.208333333333333,60.79427083333333,1.5,3.0,337.0,1011.0,23.345
2019-2020,2923220,ORRICK R-XI,ORRICK R-XI,MO,Ray County,2.0,2.0,280.0,14.0,266.0,22.0,1.0,1.14,11.31,14.28,0.0,27.73,26.73,8.25,1.0,1.97,0.0,0.64,0.0,2.0,0.0,1.0,4.0,6.63,53.22,NCES_CCD_LEA_Official_Releases,Regular Public District,Rural / Peripheral,True,False,False,False,False,Modern_Harmonized_CCD,3.0,2.0,4.0,1.0,10.714285714285714,3.571428571428571,7.142857142857142,14.285714285714285,7.035714285714286,2.285714285714286,95.46428571428571,11.22334455667789,3.741114852225963,7.482229704451926,14.964459408903853,5.636978579481398,7.51597143930853,50.22547914317925,1.0,2.0,140.0,280.0,13.365
2019-2020,2923550,PARK HILL,PARK HILL,MO,Platte County,18.0,16.0,12138.0,438.0,11700.0,865.0,21.0,46.34,324.56,459.2,0.0,851.1,830.1,148.09,4.9,32.0,6.0,65.5,19.0,45.0,0.0,5.0,97.5,398.73,1672.82,NCES_CCD_LEA_Official_Releases,Regular Public District,Major Suburban Unified,True,False,False,False,False,Modern_Harmonized_CCD,50.0,9.9,54.9,4.9,4.119294776734223,0.4036908881199539,0.8156203657933763,4.522985664854177,2.636348657109903,5.396276157521832,68.38853188334157,6.023370678231538,0.5902903264666908,1.1926273942898447,6.613661004698229,2.9889647421719014,3.281883286904748,49.622792649537914,2.5,3.05,269.73333333333335,2427.6,18.446666666666665
2019-2020,2900587,PATHWAY ACADEMY,PATHWAY ACADEMY,MO,Jackson County,0.0,0.0,0.0,0.0,0.0,0.0,0.0,0.0,0.0,0.0,0.0,0.0,0.0,0.0,0.0,0.0,0.0,0.0,0.0,0.0,0.0,0.0,0.0,0.0,0.0,NCES_CCD_LEA_Official_Releases,Charter LEA,Charter LEA,False,False,False,False,False,Modern_Harmonized_CCD,0.0,0.0,0.0,0.0,,,,,,,,,,,,,,,,,,,
2019-2020,2925230,PLATTE CO. R-III,PLATTE CO. R-III,MO,Platte County,7.0,6.0,4338.0,85.0,4253.0,305.0,4.0,18.89,135.01,132.19,0.0,290.09,286.09,48.0,5.0,10.0,4.0,31.0,2.32,15.0,0.0,4.0,0.0,0.0,409.41,NCES_CCD_LEA_Official_Releases,Regular Public District,Independent Town / Exurban,True,False,False,False,False,Modern_Harmonized_CCD,19.0,9.0,24.0,5.0,4.3798985707699405,1.1526048870447212,2.074688796680498,5.532503457814661,2.3052097740894424,7.14615029967727,65.94974642692485,6.64126673424447,1.747701772169597,3.145863189905275,8.388968506414066,4.640824601255465,5.862094233164798,69.8786057985882,2.142857142857143,3.4285714285714284,289.2,1084.5,19.072666666666667
2019-2020,2925330,PLEASANT HILL R-III,PLEASANT HILL R-III,MO,Cass County,5.0,5.0,2248.0,44.0,2204.0,151.0,2.48,9.07,65.99,53.6,0.0,131.14,128.66,19.05,4.88,6.0,0.0,10.13,4.75,7.38,0.0,2.0,12.0,24.0,221.33,NCES_CCD_LEA_Official_Releases,Regular Public District,Independent Town / Exurban,True,False,False,False,False,Modern_Harmonized_CCD,9.379999999999999,6.88,14.259999999999998,4.88,4.172597864768683,2.170818505338078,3.0604982206405693,6.343416370106761,2.6690391459074734,4.5062277580071175,57.23309608540925,7.290533188248095,3.7929426395150005,5.347427327840821,11.083475827763095,4.238015632765553,6.442868115483666,58.13039353002304,1.476,2.8519999999999994,304.6070460704607,1124.0,17.43360433604336
2019-2020,2923730,RAYMORE-PECULIAR R-II,RAYMORE-PECULIAR R-II,MO,Cass County,11.0,10.0,6460.0,173.0,6287.0,420.0,9.6,26.54,172.86,219.29,0.0,428.29,418.69,76.0,10.88,15.66,2.0,29.96,9.23,21.25,15.0,5.0,47.0,164.29,824.56,NCES_CCD_LEA_Official_Releases,Regular Public District,Major Suburban Unified,True,False,False,False,False,Modern_Harmonized_CCD,26.25,15.88,37.13,10.88,4.063467492260062,1.6842105263157896,2.458204334365325,5.747678018575852,2.4241486068111455,4.637770897832818,64.812693498452,6.269555040722253,2.5985812892593567,3.7927822493969288,8.86813632998161,3.1835160570486076,4.5030076646938975,50.77738430193073,1.9318181818181819,3.3754545454545455,304.0,1292.0,19.70305882352941
2019-2020,2926070,RAYTOWN C-2,RAYTOWN C-2,MO,Jackson County,20.0,16.0,8552.0,335.0,8217.0,569.0,26.0,35.05,244.57,323.48,0.0,629.1,603.1,140.5,21.51,24.0,3.0,63.29,9.95,30.0,4.0,7.0,112.0,476.83,1521.18,NCES_CCD_LEA_Official_Releases,Regular Public District,Major Suburban Unified,True,False,False,False,False,Modern_Harmonized_CCD,37.0,28.51,58.510000000000005,21.51,4.326473339569691,2.515201122544434,3.3337231057062677,6.841674462114126,2.806361085126286,7.4006080449017775,70.52151543498597,6.134969325153374,3.566572707677002,4.727242580003317,9.701542032830377,2.432322276127743,3.846356118276601,39.64685310088221,1.5,2.9255000000000004,285.06666666666666,1221.7142857142858,20.103333333333335
2019-2020,2926480,RICHMOND R-XVI,RICHMOND R-XVI,MO,Ray County,4.0,4.0,1483.0,46.0,1437.0,119.0,3.5,7.0,44.8,51.91,0.0,107.21,103.71,19.25,1.79,5.0,0.0,5.57,1.0,7.0,1.0,2.0,15.0,23.92,188.74,NCES_CCD_LEA_Official_Releases,Regular Public District,Rural / Peripheral,True,False,False,False,False,Modern_Harmonized_CCD,9.0,3.79,10.79,1.79,6.068779501011463,1.2070128118678354,2.555630478759272,7.2757923128792985,3.3715441672285906,3.75590020229265,69.93256911665542,8.678044547295343,1.7259666377398515,3.654420981583261,10.404011185035195,4.7684645544134785,5.716859171346825,54.948606548691316,1.75,2.6975,211.85714285714286,741.5,14.815714285714284
2019-2020,2900019,SCUOLA VITA NUOVA,SCUOLA VITA NUOVA,MO,Jackson County,1.0,1.0,314.0,0.0,314.0,46.0,0.0,2.56,24.44,0.0,0.0,27.0,27.0,4.0,0.0,0.0,0.0,0.0,0.0,4.0,0.0,0.0,2.0,3.0,40.0,NCES_CCD_LEA_Official_Releases,Charter LEA,Charter LEA,False,False,False,False,False,Modern_Harmonized_CCD,4.0,0.0,4.0,0.0,12.738853503184714,0.0,0.0,12.738853503184714,0.0,0.0,85.9872611464968,14.814814814814813,0.0,0.0,14.814814814814813,10.0,10.0,67.5,4.0,4.0,78.5,,6.75
2019-2020,2910320,SHERWOOD CASS R-VIII,SHERWOOD CASS R-VIII,MO,Cass County,3.0,3.0,815.0,41.0,774.0,63.0,2.13,4.7,24.03,32.77,0.0,63.63,61.5,21.71,4.0,3.0,0.0,3.0,0.8,3.0,0.0,1.0,7.0,20.0,127.14,NCES_CCD_LEA_Official_Releases,Regular Public District,Rural / Peripheral,True,False,False,False,False,Modern_Harmonized_CCD,4.0,5.0,8.0,4.0,4.9079754601226995,4.9079754601226995,6.134969325153374,9.815950920245399,3.6809815950920246,3.6809815950920246,75.4601226993865,6.504065040650407,6.504065040650407,8.130081300813007,13.008130081300814,3.1461381154632684,6.292276230926537,48.37187352524776,1.0,2.6666666666666665,271.6666666666667,815.0,20.5
2019-2020,2928410,SMITHVILLE R-II,SMITHVILLE R-II,MO,Clay County,5.0,5.0,2675.0,30.0,2645.0,177.0,3.0,11.85,76.83,81.37,0.0,173.05,170.05,35.0,3.1,6.9,0.0,10.8,4.9,11.8,0.0,3.0,19.3,27.0,294.85,NCES_CCD_LEA_Official_Releases,Regular Public District,Independent Town / Exurban,True,False,False,False,False,Modern_Harmonized_CCD,14.8,6.1,17.900000000000002,3.1,5.532710280373832,1.158878504672897,2.2803738317757007,6.69158878504673,2.579439252336449,4.037383177570094,63.570093457943926,8.703322552190532,1.822993237283152,3.5871802411055564,10.526315789473685,5.0195014414108865,6.07088350008479,57.673393250805496,2.3600000000000003,3.5800000000000005,226.6949152542373,891.6666666666666,14.411016949152543
2019-2020,2929670,STRASBURG C-3,STRASBURG C-3,MO,Cass County,1.0,1.0,120.0,0.0,120.0,12.0,0.0,1.23,11.52,0.0,0.0,12.75,12.75,0.0,0.0,0.0,0.0,0.35,0.0,0.0,0.0,1.0,3.0,3.0,20.1,NCES_CCD_LEA_Official_Releases,Regular Public District,Rural / Peripheral,True,False,False,False,False,Modern_Harmonized_CCD,1.0,1.0,1.0,0.0,8.333333333333334,0.0,8.333333333333334,8.333333333333334,0.0,2.9166666666666665,106.25,7.8431372549019605,0.0,7.8431372549019605,7.8431372549019605,4.975124378109452,4.975124378109452,63.43283582089552,0.0,1.0,,120.0,
2019-2020,2900027,UNIVERSITY ACADEMY,UNIVERSITY ACADEMY,MO,Jackson County,3.0,3.0,1130.0,12.0,1118.0,99.0,1.0,5.81,36.19,36.3,0.0,79.3,78.3,7.0,0.0,2.7,0.0,6.0,2.0,8.0,0.0,2.0,0.0,0.0,107.0,NCES_CCD_LEA_Official_Releases,Charter LEA,Charter LEA,False,False,False,False,False,Modern_Harmonized_CCD,10.0,2.0,10.0,0.0,8.849557522123893,0.0,1.7699115044247788,8.849557522123893,2.3893805309734515,5.3097345132743365,69.29203539823008,12.77139208173691,0.0,2.554278416347382,12.77139208173691,9.345794392523365,9.345794392523365,73.17757009345794,2.6666666666666665,3.3333333333333335,141.25,565.0,9.7875
2019-2020,2931710,WEST PLATTE CO. R-II,WEST PLATTE CO. R-II,MO,Platte County,2.0,2.0,700.0,38.0,662.0,52.0,2.0,3.49,28.01,26.5,0.0,60.0,58.0,7.0,2.43,1.78,0.0,2.38,2.0,2.72,0.0,1.0,5.0,11.57,95.88,NCES_CCD_LEA_Official_Releases,Regular Public District,Independent Town / Exurban,True,False,False,False,False,Modern_Harmonized_CCD,3.72,3.43,6.15,2.43,5.314285714285715,3.4714285714285715,4.8999999999999995,8.785714285714285,2.5428571428571427,3.4,82.85714285714285,6.413793103448276,4.189655172413794,5.913793103448276,10.60344827586207,3.879849812265332,6.414267834793493,60.492282019190654,1.36,3.075,257.35294117647055,700.0,21.323529411764703
2020-2021,2003780,Basehor-Linwood,Basehor-Linwood,KS,Leavenworth County,5.0,5.0,2905.0,76.0,2829.0,195.0,4.0,29.7,60.6,92.1,0.0,186.4,182.4,28.5,5.9,7.0,4.5,20.8,2.0,10.0,10.0,4.0,5.7,42.7,327.5,NCES_CCD_LEA_Official_Releases,Regular Public District,Independent Town / Exurban,True,False,False,False,False,Modern_Harmonized_CCD,14.0,9.9,19.9,5.9,4.819277108433735,2.0309810671256456,3.4079173838209984,6.85025817555938,2.4096385542168677,7.160068846815835,62.78829604130809,7.675438596491229,3.234649122807018,5.427631578947369,10.910087719298245,4.2748091603053435,6.076335877862595,55.69465648854962,2.0,3.9799999999999995,290.5,726.25,18.240000000000002
2020-2021,2012000,Blue Valley,Blue Valley,KS,Johnson County,35.0,35.0,22148.0,393.0,21755.0,1391.0,28.8,277.1,465.1,802.73,0.0,1573.73,1544.93,343.3,38.5,64.2,23.8,214.1,39.6,70.8,84.7,4.0,65.2,346.7,2868.63,NCES_CCD_LEA_Official_Releases,Regular Public District,Major Suburban Unified,True,False,False,False,False,Modern_Harmonized_CCD,74.8,42.5,113.3,38.5,3.3772801155860575,1.738305941845765,1.9189091565829872,5.115586057431822,2.8986815965324184,9.666787068809823,69.75483113599422,4.841643310700161,2.4920222922721416,2.7509336992614553,7.333665602972303,2.6075164799921913,3.9496205505764075,53.8560218640954,2.0228571428571427,3.237142857142857,312.82485875706215,5537.0,21.821045197740116
2020-2021,2004050,Bonner Springs,Bonner Springs,KS,Wyandotte County,5.0,5.0,2634.0,71.0,2563.0,150.0,6.0,69.45,41.0,85.0,0.0,201.45,195.45,55.0,7.33,8.0,0.0,24.0,2.0,11.0,8.0,1.0,8.0,52.0,377.78,NCES_CCD_LEA_Official_Releases,Regular Public District,Independent Town / Exurban,True,False,False,False,False,Modern_Harmonized_CCD,12.0,8.33,19.33,7.33,4.555808656036446,2.7828397873955963,3.162490508731967,7.338648443432041,3.0372057706909645,9.111617312072893,74.20273348519362,6.139677666922487,3.7503197748784856,4.26195958045536,9.889997441800972,3.1764519032240988,5.116734607443486,51.736460373762505,2.2,3.8659999999999997,239.45454545454547,2634.0,17.768181818181816
2020-2021,2005490,De Soto,De Soto,KS,Johnson County,12.0,12.0,7112.0,129.0,6983.0,458.0,6.0,110.3,128.0,252.0,0.0,496.3,490.3,117.5,5.0,14.0,1.0,55.2,3.0,33.0,22.0,2.0,9.5,106.4,864.9,NCES_CCD_LEA_Official_Releases,Regular Public District,Independent Town / Exurban,True,False,False,False,False,Modern_Harmonized_CCD,35.0,7.0,40.0,5.0,4.921259842519685,0.7030371203599549,0.984251968503937,5.624296962879639,1.968503937007874,7.761529808773903,68.93982002249719,7.138486640832144,1.0197838058331634,1.4276973281664287,8.158270446665307,4.046710602381778,4.624812117007747,56.68863452422246,2.75,3.3333333333333335,215.5151515151515,3556.0,14.857575757575757
2020-2021,2005640,Easton,Easton,KS,Leavenworth County,3.0,3.0,651.0,25.0,626.0,42.0,1.0,8.0,14.0,26.9,0.0,49.9,48.9,2.4,1.0,1.0,0.0,4.9,0.0,3.0,4.8,1.0,2.0,13.0,83.0,NCES_CCD_LEA_Official_Releases,Regular Public District,Rural / Peripheral,True,False,False,False,False,Modern_Harmonized_CCD,4.0,2.0,5.0,1.0,6.1443932411674345,1.5360983102918586,3.0721966205837172,7.680491551459293,1.5360983102918586,7.526881720430108,75.11520737327189,8.1799591002045,2.044989775051125,4.08997955010225,10.224948875255624,4.819277108433735,6.024096385542169,58.91566265060241,1.0,1.6666666666666667,217.0,651.0,16.3
2020-2021,2006330,Ft Leavenworth,Ft Leavenworth,KS,Leavenworth County,4.0,4.0,1534.0,194.0,1340.0,175.0,10.0,32.0,69.0,25.0,0.0,136.0,126.0,34.9,7.0,4.0,2.0,24.0,0.0,4.0,3.3,3.0,8.0,34.2,260.4,NCES_CCD_LEA_Official_Releases,Regular Public District,Independent Town / Exurban,True,False,False,False,False,Modern_Harmonized_CCD,7.0,10.0,14.0,7.0,4.563233376792699,4.563233376792699,6.51890482398957,9.126466753585397,2.607561929595828,15.645371577574968,82.13820078226858,5.555555555555555,5.555555555555555,7.936507936507936,11.11111111111111,2.688172043010753,5.376344086021506,48.38709677419356,1.0,3.5,383.5,511.3333333333333,31.5
2020-2021,2006420,Gardner Edgerton,Gardner Edgerton,KS,Johnson County,11.0,11.0,5831.0,173.0,5658.0,411.0,11.0,108.0,100.0,254.5,0.0,473.5,462.5,112.1,1.5,14.1,6.0,41.7,10.5,28.0,16.6,2.0,15.0,98.0,819.0,NCES_CCD_LEA_Official_Releases,Regular Public District,Independent Town / Exurban,True,False,False,False,False,Modern_Harmonized_CCD,30.0,3.5,31.5,1.5,5.144915108900704,0.25724575544503514,0.6002400960384153,5.402160864345738,2.4181101011833306,7.151432001371978,79.31744126221918,6.486486486486487,0.3243243243243243,0.7567567567567568,6.8108108108108105,3.6630036630036633,3.8461538461538463,56.47130647130647,2.5454545454545454,2.8636363636363638,208.25,2915.5,16.517857142857142
2020-2021,2007950,Kansas City,Kansas City,KS,Wyandotte County,43.0,43.0,22140.0,1039.0,21101.0,1508.0,77.0,391.4,432.44,668.55,0.0,1569.39,1492.39,248.0,98.0,66.0,19.0,218.0,30.0,105.0,128.0,8.0,67.0,766.0,3322.39,NCES_CCD_LEA_Official_Releases,Regular Public District,Urban Core Unified,True,False,False,False,False,Modern_Harmonized_CCD,113.0,106.0,211.0,98.0,5.103884372177055,4.426377597109305,4.787714543812105,9.530261969286359,2.9810298102981028,9.846431797651311,67.40695573622403,7.571747331461615,6.566648128170249,7.102701036592311,14.138395459631864,3.4011660280701546,6.350849840024801,44.919169633908126,2.441860465116279,4.906976744186046,210.85714285714286,2767.5,14.213238095238097
2020-2021,2008340,Lansing,Lansing,KS,Leavenworth County,4.0,4.0,2564.0,74.0,2490.0,157.0,7.9,53.02,42.45,86.97,0.0,190.34,182.44,56.0,0.0,4.0,4.0,25.8,1.0,9.43,6.5,2.4,5.0,53.8,358.27,NCES_CCD_LEA_Official_Releases,Regular Public District,Independent Town / Exurban,True,False,False,False,False,Modern_Harmonized_CCD,11.83,2.4,11.83,0.0,4.613884555382215,0.0,0.9360374414976599,4.613884555382215,1.5600624024960998,10.062402496099844,71.1544461778471,6.48432361324271,0.0,1.3155009866257399,6.48432361324271,3.3019789544198512,3.3019789544198512,50.92248862589667,2.3575,2.9575,271.898197242842,1068.3333333333335,19.34676564156946
2020-2021,2008430,Leavenworth,Leavenworth,KS,Leavenworth County,7.0,6.0,3607.0,103.0,3504.0,260.0,7.0,75.5,71.0,111.5,0.0,265.0,258.0,89.0,2.0,10.0,5.0,46.0,1.0,18.0,15.0,3.0,10.0,95.0,559.0,NCES_CCD_LEA_Official_Releases,Regular Public District,Independent Town / Exurban,True,False,False,False,False,Modern_Harmonized_CCD,21.0,5.0,23.0,2.0,5.822012752980315,0.5544774050457444,1.386193512614361,6.37649015802606,2.772387025228722,12.75298031605212,71.52758525090103,8.13953488372093,0.7751937984496124,1.937984496124031,8.914728682170542,3.7567084078711988,4.114490161001789,46.15384615384615,2.5714285714285716,3.2857142857142856,200.38888888888889,1202.3333333333333,14.333333333333334
2020-2021,2008970,Louisburg,Louisburg,KS,Miami County,4.0,4.0,1687.0,69.0,1618.0,116.0,7.0,11.5,30.75,61.75,0.0,111.0,104.0,16.0,0.0,1.0,2.0,8.0,2.0,6.0,8.0,1.1,4.0,61.0,220.1,NCES_CCD_LEA_Official_Releases,Regular Public District,Independent Town / Exurban,True,False,False,False,False,Modern_Harmonized_CCD,7.1,1.1,7.1,0.0,4.208654416123296,0.0,0.6520450503852994,4.208654416123296,0.5927682276229994,4.742145820983995,61.64789567279194,6.826923076923077,0.0,1.0576923076923077,6.826923076923077,3.225806451612903,3.225806451612903,47.25124943207633,1.5,1.775,281.1666666666667,1533.6363636363635,17.333333333333332
2020-2021,2010140,Olathe,Olathe,KS,Johnson County,51.0,51.0,29128.0,786.0,28342.0,1860.0,46.7,522.95,577.0,1159.65,0.0,2306.3,2259.6,608.8,56.25,89.0,35.8,289.8,53.1,97.0,100.0,11.0,56.5,496.7,4200.25,NCES_CCD_LEA_Official_Releases,Regular Public District,Major Suburban Unified,True,False,False,False,False,Modern_Harmonized_CCD,108.0,67.25,164.25,56.25,3.7077725899478167,1.9311315572644878,2.30877506179621,5.638904147212304,3.0554792639384787,9.949189783026641,77.57484207635265,4.779607010090282,2.489378651088688,2.9761904761904763,7.26898566117897,2.5712755193143266,3.9104815189572046,53.79679780965419,1.9019607843137254,3.2205882352941178,300.2886597938144,2648.0,23.29484536082474
2020-2021,2010260,Osawatomie,Osawatomie,KS,Miami County,4.0,4.0,1090.0,62.0,1028.0,74.0,5.0,21.0,23.0,40.5,0.0,89.5,84.5,11.5,1.0,3.0,1.0,9.5,1.0,5.0,5.7,2.0,3.5,30.0,162.7,NCES_CCD_LEA_Official_Releases,Regular Public District,Independent Town / Exurban,True,False,False,False,False,Modern_Harmonized_CCD,7.0,3.0,8.0,1.0,6.422018348623854,0.9174311926605505,2.7522935779816518,7.339449541284404,2.7522935779816518,8.715596330275229,77.52293577981652,8.284023668639055,1.183431952662722,3.5502958579881656,9.467455621301776,4.30239704978488,4.917025199754149,51.9360786724032,1.25,2.0,218.0,545.0,16.9
2020-2021,2010500,Paola,Paola,KS,Miami County,4.0,4.0,1779.0,37.0,1742.0,102.0,2.0,22.0,47.7,70.7,0.0,142.4,140.4,256.0,0.5,4.0,1.0,46.0,3.0,6.0,16.0,4.0,6.0,36.0,520.9,NCES_CCD_LEA_Official_Releases,Regular Public District,Independent Town / Exurban,True,False,False,False,False,Modern_Harmonized_CCD,10.0,4.5,10.5,0.5,5.621135469364812,0.2810567734682406,2.5295109612141653,5.902192242833052,2.2484541877459248,25.857223159078135,78.92074198988196,7.122507122507122,0.3561253561253561,3.205128205128205,7.478632478632479,1.9197542714532543,2.0157419850259166,26.95334997120369,1.5,2.625,296.5,444.75,23.400000000000002
2020-2021,2010680,Piper-Kansas City,Piper-Kansas City,KS,Wyandotte County,4.0,4.0,2561.0,79.0,2482.0,158.0,7.0,36.2,47.0,81.0,0.0,171.2,164.2,21.5,3.0,6.0,2.0,9.8,2.0,10.0,7.8,1.0,4.0,30.5,268.8,NCES_CCD_LEA_Official_Releases,Regular Public District,Independent Town / Exurban,True,False,False,False,False,Modern_Harmonized_CCD,11.0,4.0,14.0,3.0,4.295197188598204,1.1714174150722374,1.5618898867629833,5.4666146036704415,2.342834830144475,3.826630222569309,64.11557985162047,6.699147381242387,1.8270401948842874,2.43605359317905,8.526187576126675,4.092261904761905,5.208333333333333,61.08630952380951,2.5,3.5,256.1,2561.0,16.419999999999998
2020-2021,2000018,School for Blind,School for Blind,KS,Wyandotte County,2.0,0.0,32.0,0.0,32.0,1.0,0.0,1.6,1.5,8.13,0.0,11.23,11.23,0.0,3.0,0.0,0.0,0.0,0.0,0.0,0.0,2.0,0.0,9.5,25.73,NCES_CCD_LEA_Official_Releases,Specialized State Agency,Specialized State Agency,False,False,False,False,False,Modern_Harmonized_CCD,2.0,5.0,5.0,3.0,62.5,93.75,156.25,156.25,0.0,0.0,350.9375,17.809439002671414,26.714158504007123,44.523597506678534,44.523597506678534,7.773027594247959,19.4325689856199,43.64554994170229,0.0,2.5,,16.0,
2020-2021,2000019,School for Deaf,School for Deaf,KS,Johnson County,2.0,0.0,114.0,18.0,96.0,7.0,3.0,5.5,7.0,16.5,0.0,32.0,29.0,0.0,1.0,0.0,1.0,0.0,1.0,2.0,0.0,1.0,0.0,0.0,38.0,NCES_CCD_LEA_Official_Releases,Specialized State Agency,Specialized State Agency,False,False,False,False,False,Modern_Harmonized_CCD,3.0,2.0,4.0,1.0,26.31578947368421,8.771929824561402,17.543859649122805,35.08771929824561,0.0,0.0,254.3859649122807,10.344827586206897,3.4482758620689653,6.896551724137931,13.793103448275861,7.894736842105263,10.526315789473683,76.31578947368422,1.0,2.0,57.0,114.0,14.5
2020-2021,2011640,Shawnee Mission Pub Sch,Shawnee Mission Pub Sch,KS,Johnson County,44.0,44.0,26117.0,597.0,25520.0,1820.0,36.0,457.15,597.0,738.7,0.0,1828.85,1792.85,537.2,105.0,32.0,21.0,207.9,31.7,92.5,83.0,12.0,50.5,517.5,3519.15,NCES_CCD_LEA_Official_Releases,Regular Public District,Major Suburban Unified,True,False,False,False,False,Modern_Harmonized_CCD,104.5,117.0,209.5,105.0,4.001225255580656,4.02036987402841,4.479840716774515,8.021595129609068,1.2252555806562775,7.960332350576253,68.64685836811273,5.828708480910283,5.856597038235212,6.525922414033522,11.685305519145494,2.9694670588068144,5.953142093971556,50.94554082662006,2.102272727272727,4.761363636363637,282.34594594594597,2176.4166666666665,19.38216216216216
2020-2021,2011850,Spring Hill,Spring Hill,KS,Johnson County,9.0,7.0,5836.0,92.0,5744.0,423.0,5.0,83.0,90.0,151.75,0.0,329.75,324.75,70.7,7.0,13.0,5.0,29.5,7.0,16.0,15.5,3.0,9.2,65.4,571.05,NCES_CCD_LEA_Official_Releases,Regular Public District,Independent Town / Exurban,True,False,False,False,False,Modern_Harmonized_CCD,19.0,10.0,26.0,7.0,3.2556545579163814,1.1994516792323509,1.7135023989033584,4.455106237148732,2.227553118574366,5.0548320767649075,55.645990404386566,5.850654349499615,2.155504234026174,3.079291762894534,8.006158583525789,3.3272042728307505,4.553016373347343,56.868925663251915,1.7777777777777777,2.888888888888889,364.75,1945.3333333333333,20.296875
2020-2021,2012210,Tonganoxie,Tonganoxie,KS,Leavenworth County,3.0,3.0,1897.0,64.0,1833.0,113.0,3.0,27.4,44.0,78.83,0.0,153.23,150.23,43.8,2.9,5.0,0.0,12.5,0.0,7.0,9.0,2.0,3.8,50.3,289.53,NCES_CCD_LEA_Official_Releases,Regular Public District,Independent Town / Exurban,True,False,False,False,False,Modern_Harmonized_CCD,9.0,4.9,11.9,2.9,4.744333157617291,1.5287295730100157,2.5830258302583027,6.273062730627307,2.635740643120717,6.589351607801793,79.19346336320505,5.990814085069561,1.9303734274113027,3.26166544631565,7.921187512480864,3.1084861672365562,4.110109487790558,51.887541878216425,2.3333333333333335,3.966666666666667,271.0,948.5,21.46142857142857
2020-2021,2012360,Turner-Kansas City,Turner-Kansas City,KS,Wyandotte County,7.0,7.0,3856.0,153.0,3703.0,252.0,5.0,51.6,81.7,129.8,0.0,268.1,263.1,53.0,9.0,9.0,4.0,47.7,2.0,19.0,15.2,4.0,11.0,86.4,528.4,NCES_CCD_LEA_Official_Releases,Regular Public District,Independent Town / Exurban,True,False,False,False,False,Modern_Harmonized_CCD,23.0,13.0,32.0,9.0,5.964730290456431,2.3340248962655603,3.371369294605809,8.298755186721992,2.3340248962655603,12.37033195020747,68.23132780082989,8.741923223109083,3.4207525655644235,4.941087039148613,12.162675788673507,4.352763058289176,6.056018168054504,49.791824375473134,2.7142857142857144,4.571428571428571,202.94736842105263,964.0,13.847368421052632
2020-2021,2900017,ACADEMIE LAFAYETTE,ACADEMIE LAFAYETTE,MO,Jackson County,3.0,3.0,1201.0,5.0,1196.0,195.0,0.0,12.92,46.49,25.58,0.0,84.99,84.99,4.0,0.0,1.0,0.0,5.0,0.0,5.0,0.0,0.0,5.0,1.0,105.99,NCES_CCD_LEA_Official_Releases,Charter LEA,Charter LEA,False,False,False,False,False,Modern_Harmonized_CCD,5.0,0.0,5.0,0.0,4.163197335553705,0.0,0.0,4.163197335553705,0.8326394671107411,4.163197335553705,70.76602830974188,5.8830450641251915,0.0,0.0,5.8830450641251915,4.717426172280404,4.717426172280404,80.1868100764223,1.6666666666666667,1.6666666666666667,240.2,,16.997999999999998
2020-2021,2900604,ACADEMY FOR INTEGRATED ARTS,ACADEMY FOR INTEGRATED ARTS,MO,Jackson County,1.0,1.0,255.0,12.0,243.0,46.0,0.0,3.0,14.5,0.0,0.0,17.5,17.5,2.0,0.8,0.0,0.0,5.0,0.0,2.0,0.0,1.0,2.0,1.0,31.3,NCES_CCD_LEA_Official_Releases,Charter LEA,Charter LEA,False,False,False,False,False,Modern_Harmonized_CCD,3.0,1.8,3.8,0.8,11.76470588235294,3.1372549019607847,7.058823529411765,14.901960784313726,0.0,19.607843137254903,68.62745098039217,17.142857142857142,4.571428571428571,10.285714285714285,21.714285714285715,9.584664536741213,12.140575079872203,55.91054313099041,2.0,3.8,127.5,255.0,8.75
2020-2021,2900025,ALLEN VILLAGE,ALLEN VILLAGE,MO,Jackson County,4.0,4.0,500.0,11.0,489.0,29.0,4.0,1.47,15.09,19.47,0.0,40.03,36.03,2.0,2.92,1.0,0.0,1.0,0.0,1.5,0.0,0.3,4.0,0.0,52.75,NCES_CCD_LEA_Official_Releases,Charter LEA,Charter LEA,False,False,False,False,False,Modern_Harmonized_CCD,1.8,3.2199999999999998,4.72,2.92,3.6,5.84,6.4399999999999995,9.44,2.0,2.0,72.06,4.995836802664446,8.104357479877878,8.93699694698862,13.100194282542324,3.4123222748815163,8.947867298578197,68.30331753554503,0.375,1.18,333.3333333333333,1666.6666666666667,24.02
2020-2021,2903200,ARCHIE R-V,ARCHIE R-V,MO,Cass County,2.0,2.0,500.0,5.0,495.0,28.0,1.15,2.23,14.48,20.98,0.0,38.84,37.69,7.32,0.39,0.7,0.0,2.31,0.46,2.0,0.0,1.0,4.0,6.0,63.02,NCES_CCD_LEA_Official_Releases,Regular Public District,Rural / Peripheral,True,False,False,False,False,Modern_Harmonized_CCD,3.0,1.3900000000000001,3.39,0.39,6.0,0.78,2.7800000000000002,6.78,1.4,4.62,75.38,7.959671000265322,1.034757230034492,3.6879808967896,8.994428230299816,4.760393525864805,5.3792446842272295,59.8064106632815,1.0,1.695,250.0,500.0,18.845
2020-2021,2904620,BELTON 124,BELTON 124,MO,Cass County,8.0,7.0,4583.0,249.0,4334.0,324.0,14.79,14.64,120.72,132.85,0.0,283.0,268.21,54.1,9.66,12.0,0.0,22.54,7.0,16.0,0.0,4.0,28.0,66.57,502.87,NCES_CCD_LEA_Official_Releases,Regular Public District,Independent Town / Exurban,True,False,False,False,False,Modern_Harmonized_CCD,20.0,13.66,29.66,9.66,4.363953742090334,2.107789657429631,2.980580405847698,6.471743399519966,2.6183722452542004,4.918175867335806,58.52280165830242,7.456843518138773,3.6016554192610273,5.093024122888782,11.058498937399799,3.9771710382405,5.898144649710661,53.33585220832422,2.0,3.7075,286.4375,1145.75,16.763125
2020-2021,2905310,BLUE SPRINGS R-IV,BLUE SPRINGS R-IV,MO,Jackson County,22.0,21.0,14687.0,166.0,14521.0,1025.0,12.66,63.16,344.28,485.66,0.0,905.76,893.1,117.5,26.72,36.0,1.0,81.68,11.74,47.6,13.0,6.0,123.0,972.0,2342.0,NCES_CCD_LEA_Official_Releases,Regular Public District,Major Suburban Unified,True,False,False,False,False,Modern_Harmonized_CCD,53.6,32.72,80.32,26.72,3.649485939946892,1.8192959760332266,2.2278205215496696,5.468781915980118,2.4511472730986585,5.561380812963846,60.80887860012256,6.001567573619975,2.991826223267271,3.6636434889709997,8.993393796887245,2.2886421861656703,3.429547395388557,38.13407344150299,2.1636363636363636,3.6509090909090904,308.5504201680672,2447.8333333333335,18.762605042016805
2020-2021,2900024,BROOKSIDE CHARTER SCH.,BROOKSIDE CHARTER SCH.,MO,Jackson County,2.0,2.0,718.0,27.0,691.0,65.0,1.0,5.0,36.8,18.7,0.0,61.5,60.5,13.0,3.1,3.0,0.0,6.9,0.0,3.9,0.0,1.0,0.0,0.0,92.4,NCES_CCD_LEA_Official_Releases,Charter LEA,Charter LEA,False,False,False,False,False,Modern_Harmonized_CCD,4.9,4.1,8.0,3.1,6.824512534818942,4.317548746518106,5.710306406685236,11.142061281337048,4.178272980501393,9.610027855153204,84.26183844011142,8.099173553719009,5.12396694214876,6.776859504132231,13.223140495867769,5.303030303030303,8.658008658008658,65.47619047619048,1.95,4.0,184.10256410256412,718.0,15.512820512820513
2020-2021,2908250,CENTER 58,CENTER 58,MO,Jackson County,8.0,6.0,2507.0,91.0,2416.0,156.0,10.81,12.0,94.26,104.8,0.0,221.87,211.06,45.0,8.17,6.25,2.0,25.0,3.0,12.8,0.0,2.0,26.0,97.2,449.29,NCES_CCD_LEA_Official_Releases,Regular Public District,Urban Core Unified,True,False,False,False,False,Modern_Harmonized_CCD,14.8,10.17,22.97,8.17,5.90347028320702,3.2588751495811725,4.056641404068608,9.162345432788193,2.493019545273235,9.97207818109294,84.18827283605904,7.012224012129252,3.8709371742632426,4.818535013740169,10.883161186392494,3.2940862249326712,5.112510850452937,46.97634044826282,1.6,2.87125,195.859375,1253.5,16.4890625
2020-2021,2900612,CITIZENS OF THE WORLD CHARTER,CITIZENS OF THE WORLD CHARTER,MO,Jackson County,2.0,2.0,527.0,10.0,517.0,73.0,0.0,3.59,23.26,6.25,0.0,33.1,33.1,8.0,1.5,0.0,0.0,2.0,0.0,3.0,0.0,1.0,0.0,0.0,48.6,NCES_CCD_LEA_Official_Releases,Charter LEA,Charter LEA,False,False,False,False,False,Modern_Harmonized_CCD,4.0,2.5,5.5,1.5,7.590132827324478,2.846299810246679,4.743833017077798,10.436432637571158,0.0,3.795066413662239,62.808349146110054,12.084592145015105,4.531722054380665,7.552870090634441,16.61631419939577,8.23045267489712,11.316872427983538,68.10699588477367,1.5,2.75,175.66666666666666,527.0,11.033333333333333
2020-2021,2900603,CROSSROADS CHARTER SCHOOLS,CROSSROADS CHARTER SCHOOLS,MO,Jackson County,3.0,3.0,1052.0,19.0,1033.0,99.0,0.0,7.72,47.95,36.33,0.0,92.0,92.0,7.0,0.99,0.0,0.0,12.0,0.0,7.0,0.0,2.0,14.0,0.0,134.99,NCES_CCD_LEA_Official_Releases,Charter LEA,Charter LEA,False,False,False,False,False,Modern_Harmonized_CCD,9.0,2.99,9.99,0.99,8.55513307984791,0.94106463878327,2.8422053231939164,9.496197718631178,0.0,11.406844106463879,87.45247148288973,9.782608695652174,1.076086956521739,3.25,10.858695652173914,6.667160530409659,7.400548188754723,68.15319653307652,2.3333333333333335,3.33,150.28571428571428,526.0,13.142857142857142
2020-2021,2900593,DELASALLE CHARTER SCHOOL,DELASALLE CHARTER SCHOOL,MO,Jackson County,1.0,1.0,162.0,0.0,162.0,0.0,0.0,0.0,0.0,10.39,0.0,10.39,10.39,0.0,1.61,2.0,0.0,1.0,0.0,1.0,0.0,1.0,2.0,1.0,20.0,NCES_CCD_LEA_Official_Releases,Charter LEA,Charter LEA,False,False,False,False,False,Modern_Harmonized_CCD,2.0,2.6100000000000003,3.6100000000000003,1.61,12.345679012345679,9.938271604938272,16.111111111111114,22.283950617283953,12.345679012345679,6.172839506172839,64.13580246913581,19.249278152069298,15.495668912415784,25.120307988450435,34.74494706448508,10.0,18.05,51.95000000000001,1.0,3.6100000000000003,162.0,162.0,10.39
2020-2021,2900009,DIVISION OF YOUTH SERVICE,DIVISION OF YOUTH SERVICE,MO,Clay County,5.0,4.0,384.0,0.0,384.0,0.0,0.0,0.0,0.0,90.0,0.0,90.0,90.0,0.0,4.0,0.0,0.0,1.0,0.0,1.0,0.0,0.0,0.0,0.0,96.0,NCES_CCD_LEA_Official_Releases,Specialized State Agency,Specialized State Agency,False,False,False,False,False,Modern_Harmonized_CCD,1.0,4.0,5.0,4.0,2.6041666666666665,10.416666666666666,10.416666666666666,13.020833333333334,0.0,2.6041666666666665,234.375,1.1111111111111112,4.444444444444445,4.444444444444445,5.555555555555555,1.0416666666666665,5.208333333333334,93.75,0.2,1.0,384.0,,90.0
2020-2021,2911070,DREXEL R-IV,DREXEL R-IV,MO,Cass County,2.0,2.0,275.0,3.0,272.0,19.0,0.0,3.29,9.18,16.13,0.0,28.6,28.6,5.0,0.0,0.9,0.0,0.5,0.0,2.0,0.0,1.0,3.0,7.0,48.0,NCES_CCD_LEA_Official_Releases,Regular Public District,Rural / Peripheral,True,False,False,False,False,Modern_Harmonized_CCD,3.0,1.0,3.0,0.0,10.90909090909091,0.0,3.6363636363636362,10.90909090909091,3.2727272727272725,1.8181818181818181,104.00000000000001,10.48951048951049,0.0,3.4965034965034962,10.48951048951049,6.25,6.25,59.583333333333336,1.0,1.5,137.5,275.0,14.3
2020-2021,2911160,EAST LYNNE 40,EAST LYNNE 40,MO,Cass County,1.0,1.0,138.0,9.0,129.0,16.0,1.0,1.27,11.53,0.0,0.0,13.8,12.8,1.8,0.0,0.25,0.0,0.5,0.2,0.5,0.0,0.0,2.0,2.0,21.05,NCES_CCD_LEA_Official_Releases,Regular Public District,Rural / Peripheral,True,False,False,False,False,Modern_Harmonized_CCD,0.5,0.0,0.5,0.0,3.6231884057971016,0.0,0.0,3.6231884057971016,1.8115942028985508,3.6231884057971016,92.7536231884058,3.90625,0.0,0.0,3.90625,2.375296912114014,2.375296912114014,60.80760095011877,0.5,0.5,276.0,,25.6
2020-2021,2900597,EWING MARION KAUFFMAN SCHOOL,EWING MARION KAUFFMAN SCHOOL,MO,Jackson County,2.0,2.0,1190.0,0.0,1190.0,0.0,0.0,0.0,0.0,101.5,0.0,101.5,101.5,0.0,6.5,0.0,0.0,1.0,0.0,5.0,0.0,1.0,0.0,0.0,115.0,NCES_CCD_LEA_Official_Releases,Charter LEA,Charter LEA,False,False,False,False,False,Modern_Harmonized_CCD,6.0,7.5,12.5,6.5,5.04201680672269,5.462184873949579,6.302521008403361,10.504201680672269,0.0,0.8403361344537815,85.29411764705883,5.911330049261084,6.403940886699508,7.389162561576355,12.31527093596059,5.217391304347826,10.869565217391305,88.26086956521739,2.5,6.25,238.0,1190.0,20.3
2020-2021,2911650,EXCELSIOR SPRINGS 40,EXCELSIOR SPRINGS 40,MO,Clay County,8.0,5.0,2693.0,96.0,2597.0,179.0,8.0,12.19,74.81,128.38,0.0,223.38,215.38,31.0,9.0,6.75,0.0,16.64,3.42,13.9,0.0,5.0,0.0,6.51,315.6,NCES_CCD_LEA_Official_Releases,Regular Public District,Independent Town / Exurban,True,False,False,False,False,Modern_Harmonized_CCD,18.9,14.0,27.9,9.0,7.018195321203119,3.3419977720014855,5.1986632008911995,10.360193093204604,2.506498329001114,6.178982547344968,79.97772001485332,8.775188039743709,4.178660971306528,6.500139288699043,12.953849011050236,5.988593155893535,8.840304182509504,68.2446134347275,1.7375,3.4875,193.7410071942446,538.6,15.494964028776979
2020-2021,2912290,FORT OSAGE R-I,FORT OSAGE R-I,MO,Jackson County,11.0,8.0,4872.0,121.0,4751.0,338.0,12.33,24.0,166.1,151.31,0.0,353.74,341.41,80.52,8.1,15.0,0.0,24.48,6.86,14.9,1.0,7.0,45.0,194.98,751.58,NCES_CCD_LEA_Official_Releases,Regular Public District,Independent Town / Exurban,True,False,False,False,False,Modern_Harmonized_CCD,21.9,15.1,30.0,8.1,4.495073891625616,1.6625615763546797,3.0993431855500817,6.157635467980296,3.078817733990148,5.024630541871921,70.07594417077176,6.414574851351746,2.3725139861163993,4.422834714858967,8.787088837468145,2.9138614651800205,3.991591048191809,45.42563665877219,1.3545454545454545,2.727272727272727,326.97986577181206,696.0,22.913422818791947
2020-2021,2900590,FRONTIER SCHOOLS,FRONTIER SCHOOLS,MO,Jackson County,5.0,5.0,1595.0,42.0,1553.0,84.0,3.0,5.79,49.7,90.01,0.0,148.5,145.5,8.5,1.0,3.0,0.0,10.5,4.0,14.0,0.0,1.0,0.0,0.0,190.5,NCES_CCD_LEA_Official_Releases,Charter LEA,Charter LEA,False,False,False,False,False,Modern_Harmonized_CCD,15.0,2.0,16.0,1.0,9.404388714733543,0.6269592476489029,1.2539184952978057,10.031347962382446,1.8808777429467085,6.58307210031348,91.22257053291537,10.309278350515463,0.6872852233676976,1.3745704467353952,10.996563573883162,7.874015748031496,8.398950131233596,76.37795275590551,2.8,3.2,113.92857142857143,1595.0,10.392857142857142
2020-2021,2900016,GENESIS SCHOOL INC.,GENESIS SCHOOL INC.,MO,Jackson County,1.0,1.0,202.0,7.0,195.0,17.0,1.05,1.05,0.0,16.4,0.0,18.5,17.45,8.0,1.0,0.0,0.0,7.5,1.0,2.0,0.0,1.0,2.0,2.0,43.0,NCES_CCD_LEA_Official_Releases,Charter LEA,Charter LEA,False,False,False,False,False,Modern_Harmonized_CCD,3.0,2.0,4.0,1.0,14.85148514851485,4.9504950495049505,9.900990099009901,19.801980198019802,0.0,37.12871287128713,86.38613861386138,17.191977077363898,5.730659025787966,11.461318051575931,22.922636103151863,6.976744186046512,9.30232558139535,40.581395348837205,2.0,4.0,101.0,202.0,8.725
2020-2021,2900015,GORDON PARKS ELEM.,GORDON PARKS ELEM.,MO,Jackson County,1.0,1.0,134.0,0.0,134.0,31.0,1.0,2.4,14.7,0.0,0.0,18.1,17.1,3.43,1.0,1.0,0.0,2.57,0.65,1.0,0.0,0.0,1.0,1.75,30.5,NCES_CCD_LEA_Official_Releases,Charter LEA,Charter LEA,False,False,False,False,False,Modern_Harmonized_CCD,1.0,1.0,2.0,1.0,7.462686567164179,7.462686567164179,7.462686567164179,14.925373134328359,7.462686567164179,19.17910447761194,127.61194029850748,5.847953216374268,5.847953216374268,5.847953216374268,11.695906432748536,3.278688524590164,6.557377049180328,56.0655737704918,1.0,2.0,134.0,,17.1
2020-2021,2913080,GRAIN VALLEY R-V,GRAIN VALLEY R-V,MO,Jackson County,8.0,7.0,4503.0,86.0,4417.0,281.0,9.0,15.98,134.88,158.65,0.0,318.51,309.51,72.4,8.49,10.0,2.33,22.47,7.0,20.0,0.0,3.0,36.0,177.0,677.2,NCES_CCD_LEA_Official_Releases,Regular Public District,Independent Town / Exurban,True,False,False,False,False,Modern_Harmonized_CCD,23.0,11.49,31.490000000000002,8.49,5.107705973795247,1.8854097268487675,2.5516322451698867,6.993115700644015,2.2207417277370642,4.990006662225182,68.73417721518987,7.431100772188298,2.7430454589512454,3.7123194727149365,10.174146231139543,3.396337861783816,4.650029533372711,45.70437093916125,2.5,3.9362500000000002,225.15,1501.0,15.4755
2020-2021,2913140,GRANDVIEW C-4,GRANDVIEW C-4,MO,Jackson County,9.0,7.0,3750.0,114.0,3636.0,251.0,7.0,13.26,136.24,116.53,0.0,273.03,266.03,54.22,6.4,13.0,2.4,17.15,7.67,16.75,1.0,4.0,39.0,85.0,519.62,NCES_CCD_LEA_Official_Releases,Regular Public District,Independent Town / Exurban,True,False,False,False,False,Modern_Harmonized_CCD,20.75,10.4,27.15,6.4,5.533333333333334,1.7066666666666666,2.7733333333333334,7.24,3.4666666666666663,4.573333333333333,70.94133333333333,7.799872194865241,2.4057437131150627,3.909333533811977,10.205615907980302,3.9933027981986835,5.224972094992494,51.19702859782148,1.8611111111111112,3.0166666666666666,223.88059701492537,937.5,15.88238805970149
2020-2021,2900029,GUADALUPE CENTERS SCHOOLS,GUADALUPE CENTERS SCHOOLS,MO,Jackson County,3.0,3.0,1444.0,79.0,1365.0,114.0,13.0,5.86,35.64,61.5,0.0,116.0,103.0,10.0,4.33,3.0,0.0,11.67,0.0,7.0,0.0,3.0,10.0,10.0,175.0,NCES_CCD_LEA_Official_Releases,Charter LEA,Charter LEA,False,False,False,False,False,Modern_Harmonized_CCD,10.0,7.33,14.33,4.33,6.925207756232687,2.9986149584487536,5.07617728531856,9.92382271468144,2.0775623268698062,8.081717451523547,71.32963988919667,9.70873786407767,4.203883495145631,7.116504854368932,13.912621359223301,5.714285714285714,8.188571428571429,58.857142857142854,2.3333333333333335,4.776666666666666,206.28571428571428,481.3333333333333,14.714285714285714
2020-2021,2913680,HARDIN-CENTRAL C-2,HARDIN-CENTRAL C-2,MO,Ray County,2.0,2.0,237.0,19.0,218.0,17.0,0.9,1.13,3.37,7.67,0.0,13.07,12.17,0.0,0.0,1.0,0.0,0.3,0.0,2.0,0.0,1.0,0.0,0.0,17.37,NCES_CCD_LEA_Official_Releases,Regular Public District,Rural / Peripheral,True,False,False,False,False,Modern_Harmonized_CCD,3.0,1.0,3.0,0.0,12.658227848101266,0.0,4.219409282700422,12.658227848101266,4.219409282700422,1.2658227848101267,51.35021097046413,24.65078060805259,0.0,8.216926869350862,24.65078060805259,17.271157167530223,17.271157167530223,70.06332757628094,1.0,1.5,118.5,237.0,6.085
2020-2021,2913760,HARRISONVILLE R-IX,HARRISONVILLE R-IX,MO,Cass County,7.0,5.0,2277.0,61.0,2216.0,145.0,3.63,11.13,58.45,102.92,0.0,176.13,172.5,27.0,5.0,8.0,0.0,14.98,3.88,8.42,0.0,4.0,25.0,50.0,322.41,NCES_CCD_LEA_Official_Releases,Regular Public District,Independent Town / Exurban,True,False,False,False,False,Modern_Harmonized_CCD,12.42,9.0,17.42,5.0,5.454545454545454,2.1958717610891525,3.952569169960474,7.650417215634608,3.513394817742644,6.578831796223101,75.75757575757576,7.199999999999999,2.898550724637681,5.217391304347826,10.098550724637683,3.8522378338140872,5.4030582177972155,53.503303247417875,1.2028571428571428,2.488571428571429,270.42755344418055,569.25,20.486935866983373
2020-2021,2914340,HICKMAN MILLS C-1,HICKMAN MILLS C-1,MO,Jackson County,12.0,11.0,5007.0,226.0,4781.0,403.0,32.2,26.94,162.6,179.58,0.0,401.32,369.12,46.8,21.3,15.0,4.98,62.75,10.0,19.0,0.0,5.5,62.0,123.4,772.05,NCES_CCD_LEA_Official_Releases,Regular Public District,Rural / Peripheral,True,False,False,False,False,Modern_Harmonized_CCD,24.5,26.8,45.8,21.3,4.893149590573198,4.254044337926903,5.352506490912723,9.1471939285001,2.995805871779509,12.532454563610944,73.72079089275014,6.637407889033377,5.770481144343303,7.260511486779367,12.407889033376678,3.173369600414481,5.932258273427887,47.81037497571401,1.5833333333333333,3.8166666666666664,263.5263157894737,910.3636363636364,19.42736842105263
2020-2021,2900014,HOGAN PREPARATORY ACADEMY,HOGAN PREPARATORY ACADEMY,MO,Jackson County,3.0,3.0,1006.0,37.0,969.0,58.0,0.0,3.0,21.0,50.0,0.0,74.0,74.0,7.0,5.99,2.0,0.0,9.98,0.0,8.0,0.0,1.0,8.0,0.0,115.97,NCES_CCD_LEA_Official_Releases,Charter LEA,Charter LEA,False,False,False,False,False,Modern_Harmonized_CCD,9.0,6.99,14.99,5.99,8.946322067594433,5.954274353876739,6.94831013916501,14.900596421471173,1.9880715705765406,9.920477137176938,73.558648111332,12.162162162162163,8.094594594594595,9.445945945945947,20.256756756756758,7.760627748555661,12.925756661205485,63.80960593256877,2.6666666666666665,4.996666666666667,125.75,1006.0,9.25
2020-2021,2900601,HOPE LEADERSHIP ACADEMY,HOPE LEADERSHIP ACADEMY,MO,Jackson County,1.0,1.0,114.0,0.0,114.0,38.0,0.0,2.0,8.0,0.0,0.0,10.0,10.0,1.0,0.0,1.0,0.0,1.51,0.0,1.0,0.0,0.0,1.0,1.0,16.51,NCES_CCD_LEA_Official_Releases,Charter LEA,Charter LEA,False,False,False,False,False,Modern_Harmonized_CCD,1.0,0.0,1.0,0.0,8.771929824561402,0.0,0.0,8.771929824561402,8.771929824561402,13.245614035087721,87.71929824561403,10.0,0.0,0.0,10.0,6.0569351907934585,6.0569351907934585,60.569351907934575,1.0,1.0,114.0,,10.0
2020-2021,2915480,INDEPENDENCE 30,INDEPENDENCE 30,MO,Jackson County,31.0,28.0,14240.0,527.0,13713.0,1054.0,31.5,24.48,437.4,454.6,0.0,947.98,916.48,149.31,22.9,36.0,5.0,117.16,19.9,53.0,0.0,9.0,135.0,846.0,2341.25,NCES_CCD_LEA_Official_Releases,Regular Public District,Major Suburban Unified,True,False,False,False,False,Modern_Harmonized_CCD,62.0,31.9,84.9,22.9,4.353932584269662,1.6081460674157304,2.2401685393258424,5.962078651685394,2.528089887640449,8.22752808988764,64.35955056179775,6.765013966480447,2.4986906424581004,3.4807087988826813,9.263704608938548,2.648158035237587,3.626268019220502,39.14490122797651,1.7096774193548387,2.738709677419355,268.6792452830189,1582.2222222222222,17.292075471698112
2020-2021,2916400,KANSAS CITY 33,KANSAS CITY 33,MO,Jackson County,35.0,34.0,14113.0,779.0,13334.0,935.0,47.6,86.7,549.78,437.52,0.0,1121.6,1074.0,127.12,34.0,5.0,20.0,95.98,4.4,65.7,0.0,13.0,50.0,742.0,2278.8,NCES_CCD_LEA_Official_Releases,Regular Public District,Urban Core Unified,True,False,False,False,False,Modern_Harmonized_CCD,78.7,47.0,112.7,34.0,5.576418904556084,2.4091263374194005,3.3302628781974066,7.985545241975483,0.35428328491461775,6.800821937221002,76.1000495996599,7.327746741154563,3.165735567970205,4.376163873370578,10.493482309124767,3.45357205546779,4.945585395822363,47.13006845708267,1.8771428571428572,3.22,214.8097412480974,1085.6153846153845,16.347031963470318
2020-2021,2900615,KANSAS CITY GIRLS PREP ACADEMY,KANSAS CITY GIRLS PREP ACADEMY,MO,Jackson County,1.0,1.0,137.0,0.0,137.0,0.0,0.0,0.0,0.0,16.02,0.0,16.02,16.02,1.0,2.58,0.0,0.0,3.0,0.0,1.0,0.0,1.0,0.0,0.0,24.6,NCES_CCD_LEA_Official_Releases,Charter LEA,Charter LEA,False,False,False,False,False,Modern_Harmonized_CCD,2.0,3.58,4.58,2.58,14.598540145985401,18.83211678832117,26.13138686131387,33.430656934306576,0.0,21.897810218978105,116.93430656934306,12.484394506866417,16.10486891385768,22.347066167290887,28.589263420724098,8.130081300813007,18.617886178861788,65.12195121951218,1.0,4.58,137.0,137.0,16.02
2020-2021,2900013,KC INTERNATIONAL ACADEMY,KC INTERNATIONAL ACADEMY,MO,Jackson County,1.0,1.0,655.0,12.0,643.0,78.0,1.0,9.79,61.71,0.0,0.0,72.5,71.5,2.0,1.0,2.8,0.0,12.9,0.0,2.0,0.0,2.0,3.0,5.0,103.2,NCES_CCD_LEA_Official_Releases,Charter LEA,Charter LEA,False,False,False,False,False,Modern_Harmonized_CCD,4.0,3.0,5.0,1.0,6.106870229007633,1.5267175572519083,4.580152671755726,7.633587786259541,4.274809160305343,19.69465648854962,109.16030534351145,5.594405594405594,1.3986013986013985,4.195804195804196,6.993006993006993,3.875968992248062,4.844961240310077,69.28294573643412,2.0,5.0,327.5,327.5,35.75
2020-2021,2916450,KEARNEY R-I,KEARNEY R-I,MO,Clay County,9.0,8.0,3570.0,67.0,3503.0,235.0,5.0,12.0,104.94,124.56,0.0,246.5,241.5,71.18,5.0,11.0,0.0,23.0,5.0,12.5,0.0,2.0,25.0,46.91,448.09,NCES_CCD_LEA_Official_Releases,Regular Public District,Independent Town / Exurban,True,False,False,False,False,Modern_Harmonized_CCD,14.5,7.0,19.5,5.0,4.061624649859945,1.4005602240896358,1.9607843137254901,5.462184873949579,3.0812324929971986,6.442577030812324,67.6470588235294,6.004140786749482,2.070393374741201,2.898550724637681,8.074534161490684,3.235957062197327,4.351804325023991,53.89542279452789,1.3888888888888888,2.1666666666666665,285.6,1785.0,19.32
2020-2021,2900031,KIPP: ENDEAVOR ACADEMY,KIPP: ENDEAVOR ACADEMY,MO,Jackson County,1.0,1.0,675.0,16.0,659.0,58.0,0.0,3.2,0.0,46.8,0.0,50.0,50.0,2.0,1.0,2.0,0.0,8.0,0.0,8.0,0.0,1.0,4.0,0.0,76.0,NCES_CCD_LEA_Official_Releases,Charter LEA,Charter LEA,False,False,False,False,False,Modern_Harmonized_CCD,9.0,2.0,10.0,1.0,13.333333333333334,1.4814814814814814,2.962962962962963,14.814814814814815,2.962962962962963,11.851851851851851,74.07407407407408,18.0,2.0,4.0,20.0,11.842105263157894,13.157894736842104,65.78947368421053,8.0,10.0,84.375,675.0,6.25
2020-2021,2918220,LAWSON R-XIV,LAWSON R-XIV,MO,Ray County,3.0,3.0,1109.0,14.0,1095.0,86.0,1.25,6.08,22.09,46.4,0.0,75.82,74.57,8.14,1.5,3.0,0.0,4.33,1.6,5.5,0.28,1.0,7.5,14.0,122.67,NCES_CCD_LEA_Official_Releases,Regular Public District,Rural / Peripheral,True,False,False,False,False,Modern_Harmonized_CCD,6.5,2.5,8.0,1.5,5.861136158701533,1.352569882777277,2.254283137962128,7.213706041478809,2.705139765554554,3.904418394950406,67.24075743913436,8.716642081265926,2.0115327879844442,3.35255464664074,10.72817486925037,5.298769055188718,6.521561914078422,60.78910899160348,1.8333333333333333,2.6666666666666665,201.63636363636363,1109.0,13.558181818181817
2020-2021,2900028,LEE A. TOLBERT COM. ACADEMY,LEE A. TOLBERT COM. ACADEMY,MO,Jackson County,1.0,1.0,453.0,16.0,437.0,36.0,0.0,2.34,32.46,0.0,0.0,34.8,34.8,6.0,4.05,0.0,0.0,5.0,0.0,2.0,0.0,0.0,3.0,3.0,57.85,NCES_CCD_LEA_Official_Releases,Charter LEA,Charter LEA,False,False,False,False,False,Modern_Harmonized_CCD,2.0,4.05,6.05,4.05,4.415011037527594,8.940397350993377,8.940397350993377,13.35540838852097,0.0,11.037527593818986,76.82119205298014,5.74712643678161,11.63793103448276,11.63793103448276,17.385057471264368,3.4572169403630073,10.458081244598098,60.155574762316334,2.0,6.05,226.5,,17.4
2020-2021,2918300,LEE'S SUMMIT R-VII,LEE'S SUMMIT R-VII,MO,Jackson County,27.0,25.0,17790.0,296.0,17494.0,1120.0,29.24,129.37,459.98,598.42,0.0,1217.01,1187.77,201.0,12.2,45.0,4.0,130.61,19.54,61.23,0.0,6.0,159.0,809.57,2665.16,NCES_CCD_LEA_Official_Releases,Regular Public District,Major Suburban Unified,True,False,False,False,False,Modern_Harmonized_CCD,67.22999999999999,18.2,79.42999999999999,12.2,3.7790893760539626,0.685778527262507,1.0230466554243955,4.4648679033164695,2.5295109612141653,7.341765036537382,66.76616076447442,5.660186736489387,1.027134883016072,1.5322831861387305,6.687321619505459,2.5225502408861002,2.9803088745141,44.566555103633554,2.2677777777777774,2.9418518518518515,290.5438510534052,2965.0,19.398497468561164
2020-2021,2918540,LIBERTY 53,LIBERTY 53,MO,Clay County,20.0,17.0,12632.0,88.0,12544.0,815.0,24.0,50.75,328.3,450.37,0.0,853.42,829.42,128.03,6.44,32.15,11.0,59.99,15.45,43.92,0.0,7.0,80.0,518.35,1755.75,NCES_CCD_LEA_Official_Releases,Regular Public District,Major Suburban Unified,True,False,False,False,False,Modern_Harmonized_CCD,50.92,13.440000000000001,57.36,6.44,4.031032298923369,0.5098163394553514,1.0639645345155162,4.540848638378721,2.5451234958834705,4.749050031665611,65.66022799240025,6.139229823249982,0.7764461913144126,1.6204094427431217,6.915676014564395,2.900185106080023,3.266979923109782,47.24021073615264,2.196,2.868,287.61384335154827,1804.5714285714287,18.88479052823315
2020-2021,2919230,LONE JACK C-6,LONE JACK C-6,MO,Jackson County,2.0,2.0,738.0,53.0,685.0,49.0,1.5,3.2,19.3,27.8,0.0,51.8,50.3,9.0,2.26,2.46,0.0,3.05,1.42,2.95,0.0,1.0,6.5,4.0,84.44,NCES_CCD_LEA_Official_Releases,Regular Public District,Rural / Peripheral,True,False,False,False,False,Modern_Harmonized_CCD,3.95,3.26,6.21,2.26,5.35230352303523,3.0623306233062326,4.417344173441734,8.414634146341465,3.333333333333333,4.132791327913279,68.15718157181571,7.852882703777336,4.493041749502981,6.4811133200795235,12.345924453280318,4.677877783041213,7.354334438654667,59.568924680246326,1.475,3.105,250.16949152542372,738.0,17.050847457627118
2020-2021,2931800,MIDWAY R-I,MIDWAY R-I,MO,Cass County,2.0,2.0,430.0,0.0,430.0,34.0,0.07,2.35,18.65,15.33,0.0,36.4,36.33,7.5,0.45,1.43,0.07,2.05,1.9,1.5,0.0,0.5,5.0,8.0,64.8,NCES_CCD_LEA_Official_Releases,Regular Public District,Rural / Peripheral,True,False,False,False,False,Modern_Harmonized_CCD,2.0,0.95,2.45,0.45,4.651162790697675,1.0465116279069768,2.2093023255813953,5.6976744186046515,3.3255813953488373,4.767441860465116,84.48837209302324,5.505092210294523,1.2386457473162675,2.614918799889898,6.74373795761079,3.08641975308642,3.7808641975308643,56.06481481481481,0.75,1.225,286.6666666666667,860.0,24.22
2020-2021,2921060,MISSOURI CITY 56,MISSOURI CITY 56,MO,Clay County,1.0,1.0,27.0,0.0,27.0,2.0,0.0,0.32,2.88,0.0,0.0,3.2,3.2,0.0,0.0,0.18,0.0,1.52,0.2,0.45,0.0,0.0,2.0,2.0,9.55,NCES_CCD_LEA_Official_Releases,Regular Public District,Rural / Peripheral,True,False,False,False,False,Modern_Harmonized_CCD,0.45,0.0,0.45,0.0,16.666666666666668,0.0,0.0,16.666666666666668,6.666666666666666,56.2962962962963,118.51851851851852,14.0625,0.0,0.0,14.0625,4.712041884816753,4.712041884816753,33.50785340314136,0.45,0.45,60.0,,7.111111111111112
2020-2021,2900022,MO SCHLS FOR THE SEV DISABLED,MO SCHLS FOR THE SEV DISABLED,MO,Jackson County,5.0,0.0,702.0,0.0,702.0,9.0,0.0,0.0,149.1,0.0,0.0,149.1,149.1,279.07,0.0,0.0,0.0,23.6,0.0,17.4,0.0,0.0,0.0,0.0,469.17,NCES_CCD_LEA_Official_Releases,Specialized State Agency,Specialized State Agency,False,False,False,False,False,Modern_Harmonized_CCD,17.4,0.0,17.4,0.0,24.786324786324784,0.0,0.0,24.786324786324784,0.0,33.618233618233624,212.39316239316238,11.670020120724347,0.0,0.0,11.670020120724347,3.708677025385254,3.708677025385254,31.779525545111575,3.4799999999999995,3.4799999999999995,40.3448275862069,,8.568965517241379
2020-2021,2922800,NORTH KANSAS CITY 74,NORTH KANSAS CITY 74,MO,Clay County,34.0,32.0,19673.0,1.0,19672.0,1355.0,40.5,88.14,560.9,772.19,0.0,1461.73,1421.23,261.62,37.2,49.16,7.5,60.34,28.0,74.96,0.0,6.0,195.55,831.14,3013.2,NCES_CCD_LEA_Official_Releases,Regular Public District,Major Suburban Unified,True,False,False,False,False,Modern_Harmonized_CCD,80.96,43.2,118.16,37.2,4.115284908249885,1.8909164845219337,2.195903014283536,6.006201392771819,2.498856300513394,3.067147867635846,72.24266761551365,5.696474180815208,2.617451081105803,3.0396206103164163,8.31392526192101,2.686844550643834,3.921412451878402,47.16679941590336,2.204705882352941,3.4752941176470586,262.4466382070438,3278.8333333333335,18.959845250800427
2020-2021,2922830,NORTH PLATTE CO. R-I,NORTH PLATTE CO. R-I,MO,Platte County,5.0,4.0,580.0,0.0,580.0,40.0,1.0,2.91,18.45,27.34,0.0,49.7,48.7,10.0,1.96,2.0,0.0,2.14,1.0,3.4,0.0,0.8,0.0,0.0,71.0,NCES_CCD_LEA_Official_Releases,Regular Public District,Independent Town / Exurban,True,False,False,False,False,Modern_Harmonized_CCD,4.2,2.76,6.16,1.96,7.241379310344828,3.3793103448275863,4.758620689655173,10.620689655172415,3.4482758620689653,3.689655172413793,83.9655172413793,8.624229979466119,4.024640657084189,5.667351129363449,12.648870636550308,5.915492957746479,8.67605633802817,68.59154929577466,0.6799999999999999,1.232,170.58823529411765,725.0,14.323529411764707
2020-2021,2923010,OAK GROVE R-VI,OAK GROVE R-VI,MO,Jackson County,4.0,4.0,1985.0,42.0,1943.0,145.0,3.7,7.0,54.75,79.37,0.0,144.82,141.12,23.5,5.0,5.0,0.0,7.0,3.58,6.0,3.0,2.0,0.0,0.0,199.9,NCES_CCD_LEA_Official_Releases,Regular Public District,Rural / Peripheral,True,False,False,False,False,Modern_Harmonized_CCD,8.0,7.0,13.0,5.0,4.030226700251889,2.5188916876574305,3.526448362720403,6.54911838790932,2.5188916876574305,3.526448362720403,71.09319899244333,5.668934240362812,3.5430839002267573,4.9603174603174605,9.212018140589569,4.00200100050025,6.503251625812906,70.59529764882441,1.5,3.25,330.8333333333333,992.5,23.52
2020-2021,2923220,ORRICK R-XI,ORRICK R-XI,MO,Ray County,2.0,2.0,254.0,5.0,249.0,19.0,1.19,1.12,10.81,14.37,0.0,27.49,26.3,7.0,1.0,1.91,0.0,2.27,0.0,1.95,0.0,1.0,4.0,6.75,53.37,NCES_CCD_LEA_Official_Releases,Regular Public District,Rural / Peripheral,True,False,False,False,False,Modern_Harmonized_CCD,2.95,2.0,3.95,1.0,11.614173228346457,3.937007874015748,7.874015748031496,15.551181102362206,7.519685039370079,8.937007874015748,103.54330708661418,11.216730038022813,3.802281368821293,7.604562737642586,15.019011406844108,5.527449878208732,7.401161701330336,49.27862094809819,0.975,1.975,130.25641025641025,254.0,13.487179487179487
2020-2021,2923550,PARK HILL,PARK HILL,MO,Platte County,20.0,18.0,11992.0,303.0,11689.0,812.0,22.0,45.68,329.46,475.65,0.0,872.79,850.79,151.06,4.67,32.0,5.0,65.0,19.0,47.0,0.0,4.0,99.66,433.57,1733.75,NCES_CCD_LEA_Official_Releases,Regular Public District,Major Suburban Unified,True,False,False,False,False,Modern_Harmonized_CCD,51.0,8.67,55.67,4.67,4.252835223482321,0.3894262841894596,0.7229819879919946,4.6422615076717815,2.66844563042028,5.420280186791194,70.94646430953969,5.994428707436618,0.5489016090927257,1.0190528802642251,6.543330316529344,2.941600576784427,3.210958904109589,49.072242249459265,2.35,2.7835,255.14893617021278,2998.0,18.10191489361702
2020-2021,2925230,PLATTE CO. R-III,PLATTE CO. R-III,MO,Platte County,7.0,6.0,4269.0,65.0,4204.0,321.0,4.25,21.82,107.28,171.14,0.0,304.49,300.24,49.0,5.0,12.0,4.0,34.0,1.52,15.0,0.0,4.0,0.0,0.0,429.01,NCES_CCD_LEA_Official_Releases,Regular Public District,Independent Town / Exurban,True,False,False,False,False,Modern_Harmonized_CCD,19.0,9.0,24.0,5.0,4.450691028343875,1.1712344811431248,2.1082220660576247,5.621925509486999,2.8109627547434997,7.964394471773248,70.33028812368237,6.328270716759925,1.6653343991473488,2.9976019184652274,7.993605115907274,4.428801193445374,5.594275191720473,69.98438264842312,2.142857142857143,3.4285714285714284,284.6,1067.25,20.016000000000002
2020-2021,2925330,PLEASANT HILL R-III,PLEASANT HILL R-III,MO,Cass County,5.0,5.0,2161.0,44.0,2117.0,148.0,2.16,9.04,65.6,64.57,0.0,141.37,139.21,20.8,2.71,6.0,0.0,12.33,4.0,8.38,0.5,2.0,0.0,0.0,198.09,NCES_CCD_LEA_Official_Releases,Regular Public District,Independent Town / Exurban,True,False,False,False,False,Modern_Harmonized_CCD,10.38,4.71,13.09,2.71,4.803331790837575,1.2540490513651088,2.1795465062471076,6.057380842202684,2.776492364645997,5.705691809347525,64.41925034706155,7.456360893613964,1.9466992313770561,3.383377630917319,9.40306012499102,5.240042404967439,6.608107425917511,70.27613710939472,1.6760000000000002,2.618,257.8758949880668,1080.5,16.61217183770883
2020-2021,2923730,RAYMORE-PECULIAR R-II,RAYMORE-PECULIAR R-II,MO,Cass County,11.0,10.0,6290.0,105.0,6185.0,378.0,10.19,27.68,173.59,227.59,0.0,439.05,428.86,67.43,9.01,15.9,4.0,33.56,9.04,21.45,13.96,5.0,48.0,210.4,876.8,NCES_CCD_LEA_Official_Releases,Regular Public District,Major Suburban Unified,True,False,False,False,False,Modern_Harmonized_CCD,26.45,14.01,35.46,9.01,4.205087440381559,1.4324324324324325,2.2273449920508743,5.637519872813991,2.5278219395866453,5.335453100158983,68.18124006359301,6.167513873991512,2.1009187147320803,3.2668003544280184,8.268432588723593,3.016651459854015,4.044251824817518,48.91195255474453,1.95,3.2236363636363636,293.24009324009324,1258.0,19.993473193473196
2020-2021,2926070,RAYTOWN C-2,RAYTOWN C-2,MO,Jackson County,20.0,16.0,7906.0,74.0,7832.0,539.0,24.0,36.09,250.64,320.74,0.0,631.47,607.47,159.0,21.48,23.85,3.0,74.17,9.0,31.0,4.0,8.0,78.0,401.0,1443.97,NCES_CCD_LEA_Official_Releases,Regular Public District,Major Suburban Unified,True,False,False,False,False,Modern_Harmonized_CCD,39.0,29.48,60.480000000000004,21.48,4.932962307108525,2.7169238552997723,3.728813559322034,7.649886162408298,3.0166961801163676,9.381482418416393,76.83657981280041,6.420070126919848,3.5359770852881627,4.852914547220439,9.956047212208011,2.700887137544409,4.188452668684253,42.069433575489796,1.55,3.024,255.03225806451613,988.25,19.595806451612905
2020-2021,2926480,RICHMOND R-XVI,RICHMOND R-XVI,MO,Ray County,4.0,4.0,1446.0,41.0,1405.0,116.0,3.5,9.0,45.9,51.4,0.0,109.8,106.3,16.9,3.4,4.0,0.0,5.9,1.0,6.0,1.0,2.0,9.0,26.05,185.05,NCES_CCD_LEA_Official_Releases,Regular Public District,Rural / Peripheral,True,False,False,False,False,Modern_Harmonized_CCD,8.0,5.4,11.4,3.4,5.532503457814661,2.351313969571231,3.7344398340248963,7.883817427385892,2.7662517289073305,4.080221300138313,73.51313969571231,7.525870178739417,3.1984948259642523,5.079962370649107,10.72436500470367,4.323155903809781,6.160497162928938,57.44393407187246,1.5,2.85,241.0,723.0,17.716666666666665
2020-2021,2900019,SCUOLA VITA NUOVA,SCUOLA VITA NUOVA,MO,Jackson County,1.0,1.0,335.0,0.0,335.0,45.0,0.0,2.09,23.91,0.0,0.0,26.0,26.0,4.0,0.0,0.0,0.0,0.0,0.0,2.0,0.0,1.0,2.0,5.0,40.0,NCES_CCD_LEA_Official_Releases,Charter LEA,Charter LEA,False,False,False,False,False,Modern_Harmonized_CCD,3.0,1.0,3.0,0.0,8.955223880597016,0.0,2.985074626865672,8.955223880597016,0.0,0.0,77.61194029850746,11.538461538461538,0.0,3.8461538461538463,11.538461538461538,7.5,7.5,65.0,2.0,3.0,167.5,335.0,13.0
2020-2021,2910320,SHERWOOD CASS R-VIII,SHERWOOD CASS R-VIII,MO,Cass County,3.0,3.0,793.0,33.0,760.0,54.0,2.13,3.49,25.24,31.28,0.0,62.14,60.01,21.71,1.95,3.0,0.0,3.05,0.86,3.0,0.0,1.0,7.0,21.0,124.71,NCES_CCD_LEA_Official_Releases,Regular Public District,Rural / Peripheral,True,False,False,False,False,Modern_Harmonized_CCD,4.0,2.95,5.95,1.95,5.044136191677175,2.4590163934426226,3.720050441361917,7.503152585119799,3.7831021437578816,3.846153846153846,75.67465321563682,6.665555740709881,3.2494584235960673,4.915847358773538,9.91501416430595,3.2074412637318583,4.771068879801139,48.1196375591372,1.0,1.9833333333333334,264.3333333333333,793.0,20.003333333333334
2020-2021,2928410,SMITHVILLE R-II,SMITHVILLE R-II,MO,Clay County,5.0,5.0,2643.0,32.0,2611.0,174.0,3.0,11.49,78.27,81.28,0.0,174.04,171.04,37.5,6.72,6.9,0.0,9.3,4.9,9.8,0.0,1.98,23.0,29.46,303.6,NCES_CCD_LEA_Official_Releases,Regular Public District,Independent Town / Exurban,True,False,False,False,False,Modern_Harmonized_CCD,11.780000000000001,8.7,18.5,6.72,4.457056375331064,2.5425652667423377,3.2917139614074915,6.999621642073402,2.6106696935300797,3.518728717366629,64.71433976541809,6.887277829747429,3.9289055191768005,5.086529466791394,10.816183348924229,3.8801054018445322,6.0935441370223975,56.33728590250329,1.9600000000000002,3.7,269.69387755102036,1334.8484848484848,17.453061224489794
2020-2021,2929670,STRASBURG C-3,STRASBURG C-3,MO,Cass County,1.0,1.0,119.0,0.0,119.0,11.0,0.0,1.23,11.52,0.0,0.0,12.75,12.75,0.0,0.0,0.0,0.0,0.1,0.0,0.0,0.0,1.0,3.0,3.0,19.85,NCES_CCD_LEA_Official_Releases,Regular Public District,Rural / Peripheral,True,False,False,False,False,Modern_Harmonized_CCD,1.0,1.0,1.0,0.0,8.403361344537815,0.0,8.403361344537815,8.403361344537815,0.0,0.8403361344537815,107.14285714285714,7.8431372549019605,0.0,7.8431372549019605,7.8431372549019605,5.037783375314861,5.037783375314861,64.23173803526447,0.0,1.0,,119.0,
2020-2021,2900027,UNIVERSITY ACADEMY,UNIVERSITY ACADEMY,MO,Jackson County,3.0,3.0,1102.0,13.0,1089.0,103.0,1.0,5.62,35.23,36.55,0.0,78.4,77.4,2.0,0.0,2.1,0.0,5.8,2.0,8.0,0.0,2.2,0.0,0.0,100.5,NCES_CCD_LEA_Official_Releases,Charter LEA,Charter LEA,False,False,False,False,False,Modern_Harmonized_CCD,10.2,2.2,10.2,0.0,9.25589836660617,0.0,1.9963702359346644,9.25589836660617,1.9056261343012706,5.263157894736842,70.23593466424683,13.17829457364341,0.0,2.842377260981912,13.17829457364341,10.149253731343283,10.149253731343283,77.01492537313433,2.6666666666666665,3.4,137.75,500.9090909090909,9.675
2020-2021,2931710,WEST PLATTE CO. R-II,WEST PLATTE CO. R-II,MO,Platte County,2.0,2.0,666.0,48.0,618.0,32.0,2.5,2.63,30.73,26.21,0.0,62.07,59.57,6.0,2.43,1.86,0.0,2.86,1.94,3.72,0.0,1.0,5.0,11.0,97.88,NCES_CCD_LEA_Official_Releases,Regular Public District,Independent Town / Exurban,True,False,False,False,False,Modern_Harmonized_CCD,4.720000000000001,3.43,7.15,2.43,7.087087087087088,3.6486486486486487,5.15015015015015,10.735735735735735,2.7927927927927927,4.2942942942942945,89.44444444444446,7.923451401712272,4.079234514017123,5.757931844888367,12.002685915729394,4.822231303637108,7.3048630976706175,60.86023702492849,1.86,3.575,179.03225806451613,666.0,16.013440860215052
2021-2022,2003780,Basehor-Linwood,Basehor-Linwood,KS,Leavenworth County,7.0,6.0,2996.0,134.0,2862.0,196.0,6.0,37.5,58.8,93.25,0.0,195.55,189.55,33.2,9.4,7.0,5.5,24.5,2.0,11.0,12.4,3.5,7.0,47.0,358.05,NCES_CCD_LEA_Official_Releases,Regular Public District,Independent Town / Exurban,True,False,False,False,False,Modern_Harmonized_CCD,14.5,12.9,23.9,9.4,4.8397863818424565,3.1375166889185584,4.305740987983979,7.977303070761015,2.336448598130841,8.177570093457943,63.267690253671574,7.649696649960432,4.959113690319177,6.805592192033765,12.608810340279607,4.049713727133082,6.675045384722804,52.93953358469488,1.5714285714285714,3.414285714285714,272.3636363636364,856.0,17.231818181818184
2021-2022,2012000,Blue Valley,Blue Valley,KS,Johnson County,35.0,35.0,22376.0,424.0,21952.0,1575.0,27.8,296.5,457.0,787.73,0.0,1569.03,1541.23,348.8,37.6,64.0,23.6,201.8,39.6,73.0,81.6,4.0,62.9,330.3,2836.23,NCES_CCD_LEA_Official_Releases,Regular Public District,Major Suburban Unified,True,False,False,False,False,Modern_Harmonized_CCD,77.0,41.6,114.6,37.6,3.4411869860564894,1.6803718269574546,1.8591347872720774,5.121558813013944,2.8602073650339648,9.018591347872722,68.87870933142653,4.996009680579797,2.439609921945459,2.699142892365189,7.435619602525255,2.714871501958586,4.040574988629272,54.34079746706014,2.085714285714286,3.274285714285714,306.52054794520546,5594.0,21.112739726027396
2021-2022,2004050,Bonner Springs,Bonner Springs,KS,Wyandotte County,5.0,5.0,2552.0,92.0,2460.0,170.0,6.0,74.45,35.0,85.0,0.0,200.45,194.45,62.0,7.0,8.0,0.0,25.0,2.0,11.0,4.0,2.0,8.0,53.0,382.45,NCES_CCD_LEA_Official_Releases,Regular Public District,Independent Town / Exurban,True,False,False,False,False,Modern_Harmonized_CCD,13.0,9.0,20.0,7.0,5.094043887147335,2.74294670846395,3.5266457680250785,7.836990595611285,3.134796238244514,9.796238244514107,76.19514106583071,6.685523270763692,3.599897145795835,4.628439187451788,10.285420416559528,3.39913714211008,5.22944175709243,50.843247483331155,2.2,4.0,232.0,1276.0,17.677272727272726
2021-2022,2005490,De Soto,De Soto,KS,Johnson County,13.0,12.0,7396.0,178.0,7218.0,498.0,6.0,126.3,136.45,256.2,0.0,524.95,518.95,113.7,6.0,16.0,8.5,58.6,8.5,33.0,22.0,2.0,9.5,106.5,909.25,NCES_CCD_LEA_Official_Releases,Regular Public District,Independent Town / Exurban,True,False,False,False,False,Modern_Harmonized_CCD,35.0,8.0,41.0,6.0,4.732287723093564,0.8112493239588967,1.081665765278529,5.543537047052461,2.163331530557058,7.923201730665224,70.16630611141159,6.744387705944696,1.1561807495905192,1.541574332787359,7.900568455535215,3.84932636788562,4.509210888094584,57.07451196040694,2.5384615384615383,3.1538461538461537,224.12121212121212,3698.0,15.725757575757576
2021-2022,2005640,Easton,Easton,KS,Leavenworth County,3.0,3.0,659.0,38.0,621.0,46.0,1.0,9.0,16.0,25.9,0.0,51.9,50.9,2.4,1.0,1.0,0.0,3.7,0.0,3.0,4.8,1.0,2.0,20.8,91.6,NCES_CCD_LEA_Official_Releases,Regular Public District,Rural / Peripheral,True,False,False,False,False,Modern_Harmonized_CCD,4.0,2.0,5.0,1.0,6.0698027314112295,1.5174506828528074,3.0349013657056148,7.587253414264037,1.5174506828528074,5.614567526555387,77.2382397572079,7.858546168958743,1.9646365422396856,3.9292730844793713,9.82318271119843,4.366812227074236,5.458515283842795,55.567685589519655,1.0,1.6666666666666667,219.66666666666666,659.0,16.966666666666665
2021-2022,2006330,Ft Leavenworth,Ft Leavenworth,KS,Leavenworth County,4.0,4.0,1649.0,219.0,1430.0,202.0,11.0,43.5,57.0,20.5,0.0,132.0,121.0,23.1,12.25,4.0,2.0,22.0,4.0,4.0,3.0,3.0,8.0,30.5,247.85,NCES_CCD_LEA_Official_Releases,Regular Public District,Independent Town / Exurban,True,False,False,False,False,Modern_Harmonized_CCD,7.0,15.25,19.25,12.25,4.244996967859309,7.4287446937537895,9.248029108550638,11.673741661613098,2.4257125530624624,13.34141904184354,73.37780473013949,5.785123966942149,10.12396694214876,12.603305785123966,15.909090909090908,2.824288884405891,7.766794432116199,48.81985071615897,1.0,4.8125,412.25,549.6666666666666,30.25
2021-2022,2006420,Gardner Edgerton,Gardner Edgerton,KS,Johnson County,11.0,11.0,5918.0,253.0,5665.0,398.0,11.5,128.5,95.0,257.88,0.0,492.88,481.38,135.0,3.5,17.5,6.0,43.3,11.0,30.0,16.6,3.0,17.0,99.5,875.28,NCES_CCD_LEA_Official_Releases,Regular Public District,Independent Town / Exurban,True,False,False,False,False,Modern_Harmonized_CCD,33.0,6.5,36.5,3.5,5.5762081784386615,0.5914160189253126,1.0983440351470093,6.167624197363974,2.957080094626563,7.316661034133152,81.34166948293343,6.855291038264988,0.727076322240226,1.350284598446134,7.582367360505214,3.7702221003564573,4.1700941413033545,54.99725802029065,2.727272727272727,3.3181818181818183,197.26666666666668,1972.6666666666667,16.046
2021-2022,2007950,Kansas City,Kansas City,KS,Wyandotte County,43.0,43.0,21593.0,1100.0,20493.0,1614.0,77.0,323.6,464.61,703.28,0.0,1568.49,1491.49,148.4,92.0,53.0,10.0,426.2,8.0,90.0,50.9,5.0,103.6,610.1,3165.69,NCES_CCD_LEA_Official_Releases,Regular Public District,Urban Core Unified,True,False,False,False,False,Modern_Harmonized_CCD,95.0,97.0,187.0,92.0,4.399573935997777,4.260640022229426,4.492196545176678,8.660213958227205,2.454499143240865,19.73787801602371,69.0728476821192,6.369469456717779,6.1683283159793225,6.503563550543416,12.5377977726971,3.000925548616573,5.907085027276834,47.114215226380345,2.0930232558139537,4.348837209302325,239.92222222222222,4318.6,16.572111111111113
2021-2022,2008340,Lansing,Lansing,KS,Leavenworth County,4.0,4.0,2596.0,73.0,2523.0,161.0,6.0,48.02,44.65,89.0,0.0,187.67,181.67,59.7,2.0,5.0,4.0,25.8,1.0,10.0,6.3,2.0,12.0,57.7,373.17,NCES_CCD_LEA_Official_Releases,Regular Public District,Independent Town / Exurban,True,False,False,False,False,Modern_Harmonized_CCD,12.0,4.0,14.0,2.0,4.622496147919877,0.7704160246533128,1.5408320493066257,5.3929121725731894,1.926040061633282,9.938366718027735,69.98073959938367,6.605383387460781,1.1008972312434635,2.201794462486927,7.706280618704245,3.215692579789372,3.7516413430876008,48.6829059141946,2.5,3.5,259.6,1298.0,18.166999999999998
2021-2022,2008430,Leavenworth,Leavenworth,KS,Leavenworth County,8.0,7.0,3695.0,149.0,3546.0,267.0,8.5,60.5,72.5,111.0,0.0,252.5,244.0,106.0,5.0,12.0,6.0,44.0,2.0,21.0,17.0,3.0,12.0,101.0,581.5,NCES_CCD_LEA_Official_Releases,Regular Public District,Independent Town / Exurban,True,False,False,False,False,Modern_Harmonized_CCD,24.0,8.0,29.0,5.0,6.495263870094722,1.3531799729364007,2.165087956698241,7.848443843031123,3.247631935047361,11.907983761840324,66.03518267929635,9.836065573770492,2.0491803278688523,3.278688524590164,11.885245901639344,4.12725709372313,4.987102321582116,41.960447119518484,2.625,3.625,175.95238095238096,1231.6666666666667,11.619047619047619
2021-2022,2008970,Louisburg,Louisburg,KS,Miami County,5.0,4.0,1788.0,107.0,1681.0,134.0,7.0,12.5,31.75,61.75,0.0,113.0,106.0,16.4,0.0,1.0,2.0,8.0,2.0,6.0,8.0,1.1,4.0,63.0,224.5,NCES_CCD_LEA_Official_Releases,Regular Public District,Independent Town / Exurban,True,False,False,False,False,Modern_Harmonized_CCD,7.1,1.1,7.1,0.0,3.9709172259507826,0.0,0.6152125279642059,3.9709172259507826,0.5592841163310962,4.47427293064877,59.2841163310962,6.69811320754717,0.0,1.037735849056604,6.69811320754717,3.1625835189309575,3.1625835189309575,47.216035634743875,1.2,1.42,298.0,1625.4545454545453,17.666666666666668
2021-2022,2010140,Olathe,Olathe,KS,Johnson County,52.0,51.0,29305.0,923.0,28382.0,2024.0,75.0,460.6,596.5,1277.3,0.0,2409.4,2334.4,602.4,81.05,88.0,37.3,334.7,52.7,96.0,100.7,12.0,56.5,490.8,4361.55,NCES_CCD_LEA_Official_Releases,Regular Public District,Major Suburban Unified,True,False,False,False,False,Modern_Harmonized_CCD,108.0,93.05,189.05,81.05,3.6853779218563383,2.765739634874595,3.17522607063641,6.451117556730934,3.0029005289199797,11.421259170789966,79.65876130353182,4.626456477039068,3.47198423577793,3.9860349554489374,8.098440712816998,2.4761839254393507,4.334468250965826,53.52225699579278,1.8461538461538463,3.6355769230769233,305.2604166666667,2442.0833333333335,24.316666666666666
2021-2022,2010260,Osawatomie,Osawatomie,KS,Miami County,5.0,4.0,1083.0,82.0,1001.0,85.0,5.0,25.5,23.0,40.75,0.0,94.25,89.25,10.5,1.0,3.0,1.0,10.0,1.0,5.0,6.0,1.0,3.0,36.7,172.45,NCES_CCD_LEA_Official_Releases,Regular Public District,Independent Town / Exurban,True,False,False,False,False,Modern_Harmonized_CCD,6.0,2.0,7.0,1.0,5.54016620498615,0.9233610341643582,1.8467220683287164,6.463527239150507,2.770083102493075,9.233610341643583,82.40997229916898,6.722689075630252,1.1204481792717087,2.2408963585434174,7.8431372549019605,3.479269353435779,4.059147579008409,51.7541316323572,1.0,1.4,216.6,1083.0,17.85
2021-2022,2010500,Paola,Paola,KS,Miami County,4.0,4.0,1801.0,26.0,1775.0,102.0,2.0,22.5,46.0,70.5,0.0,141.0,139.0,251.0,0.5,4.0,1.0,48.0,3.0,6.0,16.0,4.0,6.0,33.0,513.5,NCES_CCD_LEA_Official_Releases,Regular Public District,Independent Town / Exurban,True,False,False,False,False,Modern_Harmonized_CCD,10.0,4.5,10.5,0.5,5.55247084952804,0.27762354247640203,2.498611882287618,5.830094392004442,2.2209883398112162,26.651860077734593,77.17934480843975,7.194244604316546,0.3597122302158274,3.237410071942446,7.553956834532374,1.9474196689386565,2.044790652385589,27.069133398247324,1.5,2.625,300.1666666666667,450.25,23.166666666666668
2021-2022,2010680,Piper-Kansas City,Piper-Kansas City,KS,Wyandotte County,4.0,4.0,2615.0,112.0,2503.0,162.0,7.0,32.0,46.0,82.5,0.0,167.5,160.5,22.5,3.0,9.0,0.0,9.0,4.0,11.0,6.9,1.0,5.0,33.6,272.5,NCES_CCD_LEA_Official_Releases,Regular Public District,Independent Town / Exurban,True,False,False,False,False,Modern_Harmonized_CCD,12.0,4.0,15.0,3.0,4.588910133843212,1.147227533460803,1.5296367112810707,5.736137667304016,3.4416826003824093,3.4416826003824093,61.376673040152966,7.476635514018691,1.8691588785046727,2.4922118380062304,9.345794392523365,4.4036697247706424,5.5045871559633035,58.89908256880734,2.75,3.75,237.72727272727272,2615.0,14.590909090909092
2021-2022,2000018,School for Blind,School for Blind,KS,Wyandotte County,2.0,0.0,16.0,0.0,16.0,0.0,0.0,0.0,0.0,0.0,0.0,0.0,0.0,0.0,0.0,0.0,0.0,0.0,0.0,0.0,0.0,0.0,0.0,0.0,0.0,NCES_CCD_LEA_Official_Releases,Specialized State Agency,Specialized State Agency,False,False,False,False,False,Modern_Harmonized_CCD,0.0,0.0,0.0,0.0,0.0,0.0,0.0,0.0,0.0,0.0,0.0,,,,,,,,0.0,0.0,,,
2021-2022,2000019,School for Deaf,School for Deaf,KS,Johnson County,2.0,0.0,122.0,16.0,106.0,8.0,3.0,3.5,7.0,14.5,0.0,28.0,25.0,0.0,0.0,0.0,1.0,0.0,1.0,2.0,0.0,1.0,0.0,0.0,33.0,NCES_CCD_LEA_Official_Releases,Specialized State Agency,Specialized State Agency,False,False,False,False,False,Modern_Harmonized_CCD,3.0,1.0,3.0,0.0,24.59016393442623,0.0,8.196721311475411,24.59016393442623,0.0,0.0,204.91803278688525,12.0,0.0,4.0,12.0,9.090909090909092,9.090909090909092,75.75757575757575,1.0,1.5,61.0,122.0,12.5
2021-2022,2011640,Shawnee Mission Pub Sch,Shawnee Mission Pub Sch,KS,Johnson County,45.0,44.0,26462.0,744.0,25718.0,1954.0,35.0,491.3,624.5,766.1,0.0,1916.9,1881.9,547.8,113.0,38.5,21.0,217.4,37.7,93.0,83.0,12.7,50.5,516.0,3647.5,NCES_CCD_LEA_Official_Releases,Regular Public District,Major Suburban Unified,True,False,False,False,False,Modern_Harmonized_CCD,105.7,125.7,218.7,113.0,3.994407074295216,4.270274355679843,4.750207845212002,8.264681429975058,1.4549164840148139,8.215554379865468,71.11707353941502,5.616664009777352,6.004569849620064,6.679419735373824,11.621233859397416,2.8978752570253596,5.995887594242632,51.59424263193969,2.066666666666667,4.859999999999999,284.5376344086022,2083.6220472440946,20.235483870967744
2021-2022,2011850,Spring Hill,Spring Hill,KS,Johnson County,10.0,8.0,5379.0,105.0,5274.0,356.0,6.0,87.5,88.0,162.75,0.0,344.25,338.25,68.9,12.0,13.0,5.0,28.8,8.0,16.0,22.2,3.0,12.7,57.3,591.15,NCES_CCD_LEA_Official_Releases,Regular Public District,Independent Town / Exurban,True,False,False,False,False,Modern_Harmonized_CCD,19.0,15.0,31.0,12.0,3.5322550659973975,2.230897936419409,2.788622420524261,5.763153002416806,2.416806097787693,5.354155047406581,62.88343558282208,5.617147080561715,3.5476718403547673,4.434589800443459,9.164818920916481,3.2140742620316334,5.244015901209507,57.21897995432631,1.6,3.1,336.1875,1793.0,21.140625
2021-2022,2012210,Tonganoxie,Tonganoxie,KS,Leavenworth County,3.0,3.0,1903.0,30.0,1873.0,146.0,3.0,32.8,43.2,78.73,0.0,157.73,154.73,39.2,4.0,6.0,0.0,14.8,0.0,6.0,9.0,2.0,3.8,44.9,287.43,NCES_CCD_LEA_Official_Releases,Regular Public District,Independent Town / Exurban,True,False,False,False,False,Modern_Harmonized_CCD,8.0,6.0,12.0,4.0,4.20388859695218,2.10194429847609,3.152916447714136,6.305832895428272,3.152916447714136,7.777193904361535,81.30846032580136,5.170296645770051,2.5851483228850256,3.8777224843275384,7.755444968655077,2.7832863653759174,4.174929548063877,53.83223741432697,2.0,4.0,317.1666666666667,951.5,25.78833333333333
2021-2022,2012360,Turner-Kansas City,Turner-Kansas City,KS,Wyandotte County,8.0,7.0,3899.0,163.0,3736.0,306.0,4.0,58.6,88.35,128.15,0.0,279.1,275.1,55.0,8.0,10.0,4.0,49.4,5.0,20.0,15.5,4.0,11.0,82.6,543.6,NCES_CCD_LEA_Official_Releases,Regular Public District,Independent Town / Exurban,True,False,False,False,False,Modern_Harmonized_CCD,24.0,12.0,32.0,8.0,6.15542446781226,2.0518081559374197,3.07771223390613,8.207232623749679,2.5647601949217744,12.669915362913567,70.55655296229803,8.72410032715376,2.9080334423845873,4.36205016357688,11.632133769538349,4.415011037527593,5.886681383370125,50.60706401766004,2.5,4.0,194.95,974.75,13.755
2021-2022,2900017,ACADEMIE LAFAYETTE,ACADEMIE LAFAYETTE,MO,Jackson County,3.0,3.0,1246.0,8.0,1238.0,200.0,1.0,12.61,51.05,28.63,0.0,93.29,92.29,4.5,0.0,1.0,0.0,4.0,2.0,6.0,0.0,0.0,5.0,6.0,121.79,NCES_CCD_LEA_Official_Releases,Charter LEA,Charter LEA,False,False,False,False,False,Modern_Harmonized_CCD,6.0,0.0,6.0,0.0,4.815409309791332,0.0,0.0,4.815409309791332,0.8025682182985554,3.2102728731942216,74.06902086677368,6.501246072163831,0.0,0.0,6.501246072163831,4.926512849987684,4.926512849987684,75.77797848756056,2.0,2.0,207.66666666666666,,15.381666666666668
2021-2022,2900604,ACADEMY FOR INTEGRATED ARTS,ACADEMY FOR INTEGRATED ARTS,MO,Jackson County,1.0,1.0,253.0,12.0,241.0,48.0,0.0,3.0,18.85,0.0,0.0,21.85,21.85,2.0,0.25,0.0,0.0,6.0,0.0,2.0,0.0,1.0,2.0,1.0,36.1,NCES_CCD_LEA_Official_Releases,Charter LEA,Charter LEA,False,False,False,False,False,Modern_Harmonized_CCD,3.0,1.25,3.25,0.25,11.857707509881422,0.9881422924901185,4.940711462450593,12.845849802371541,0.0,23.715415019762844,86.36363636363636,13.729977116704806,1.1441647597254003,5.720823798627002,14.874141876430205,8.310249307479225,9.002770083102494,60.526315789473685,2.0,3.25,126.5,253.0,10.925
2021-2022,2900025,ALLEN VILLAGE,ALLEN VILLAGE,MO,Jackson County,5.0,4.0,473.0,11.0,462.0,27.0,0.0,1.35,13.65,20.7,0.0,35.7,35.7,2.5,2.23,2.0,0.0,0.0,0.0,1.5,0.0,1.57,0.0,0.0,45.5,NCES_CCD_LEA_Official_Releases,Charter LEA,Charter LEA,False,False,False,False,False,Modern_Harmonized_CCD,3.0700000000000003,3.8,5.300000000000001,2.23,6.4904862579281195,4.714587737843552,8.033826638477802,11.205073995771672,4.2283298097251585,0.0,75.4756871035941,8.599439775910364,6.246498599439775,10.64425770308123,14.84593837535014,6.747252747252748,11.64835164835165,78.46153846153847,0.3,1.06,315.3333333333333,301.27388535031844,23.8
2021-2022,2903200,ARCHIE R-V,ARCHIE R-V,MO,Cass County,2.0,2.0,496.0,6.0,490.0,32.0,1.34,2.27,14.11,21.78,0.0,39.5,38.16,8.0,0.59,1.05,0.0,1.1,0.46,2.0,0.0,1.0,3.6,7.4,64.7,NCES_CCD_LEA_Official_Releases,Regular Public District,Rural / Peripheral,True,False,False,False,False,Modern_Harmonized_CCD,3.0,1.5899999999999999,3.59,0.59,6.048387096774193,1.189516129032258,3.205645161290322,7.237903225806451,2.116935483870968,2.217741935483871,76.93548387096774,7.8616352201257875,1.5461215932914047,4.166666666666666,9.40775681341719,4.63678516228748,5.548686244204018,58.97990726429675,1.0,1.795,248.0,496.0,19.08
2021-2022,2904620,BELTON 124,BELTON 124,MO,Cass County,8.0,7.0,4476.0,275.0,4201.0,290.0,14.35,17.44,131.44,139.11,0.0,302.34,287.99,60.6,8.78,11.9,0.0,24.01,6.98,17.0,0.0,5.0,28.0,65.0,529.61,NCES_CCD_LEA_Official_Releases,Regular Public District,Independent Town / Exurban,True,False,False,False,False,Modern_Harmonized_CCD,22.0,13.78,30.78,8.78,4.915102770330653,1.9615728328865059,3.07864164432529,6.8766756032171585,2.6586237712243075,5.364164432529044,64.34092940125112,7.639154137296433,3.048716969339213,4.784888364179311,10.687871106635647,4.154000113290913,5.811823794867921,54.37774966484772,2.125,3.8475,263.29411764705884,895.2,16.94058823529412
2021-2022,2905310,BLUE SPRINGS R-IV,BLUE SPRINGS R-IV,MO,Jackson County,22.0,21.0,14767.0,179.0,14588.0,976.0,14.21,59.81,367.13,494.83,0.0,935.98,921.77,123.5,28.1,37.0,2.0,89.68,11.88,49.0,31.0,7.0,0.0,143.0,1458.14,NCES_CCD_LEA_Official_Releases,Regular Public District,Major Suburban Unified,True,False,False,False,False,Modern_Harmonized_CCD,56.0,35.1,84.1,28.1,3.7922394528340218,1.9028915825827861,2.3769215141870386,5.695131035416807,2.5055867813367647,6.073000609467055,62.42093857926458,6.075268233941221,3.048482810245506,3.807891339488159,9.123751044186728,3.840509141783367,5.76762176471395,63.21546627895812,2.227272727272727,3.8227272727272723,301.3673469387755,2109.5714285714284,18.811632653061224
2021-2022,2900024,BROOKSIDE CHARTER SCH.,BROOKSIDE CHARTER SCH.,MO,Jackson County,2.0,2.0,745.0,30.0,715.0,84.0,1.1,7.11,46.69,21.1,0.0,76.0,74.9,6.0,3.0,3.0,0.0,7.0,0.0,4.0,0.0,1.0,0.0,0.0,100.0,NCES_CCD_LEA_Official_Releases,Charter LEA,Charter LEA,False,False,False,False,False,Modern_Harmonized_CCD,5.0,4.0,8.0,3.0,6.7114093959731544,4.026845637583893,5.369127516778523,10.738255033557046,4.026845637583893,9.395973154362416,100.53691275167786,6.675567423230974,4.005340453938584,5.340453938584779,10.680907877169558,5.0,8.0,74.9,2.0,4.0,186.25,745.0,18.725
2021-2022,2908250,CENTER 58,CENTER 58,MO,Jackson County,8.0,6.0,2524.0,120.0,2404.0,178.0,11.0,12.0,95.27,110.09,0.0,228.36,217.36,45.0,7.02,7.25,1.09,24.41,2.8,12.0,0.0,2.0,0.0,6.65,336.58,NCES_CCD_LEA_Official_Releases,Regular Public District,Urban Core Unified,True,False,False,False,False,Modern_Harmonized_CCD,14.0,9.02,21.02,7.02,5.546751188589541,2.781299524564184,3.5736925515055464,8.328050713153724,2.8724247226624406,9.671156893819335,86.11727416798733,6.440927493559072,3.2296650717703344,4.149797570850202,9.670592565329407,4.1594866005110225,6.245172024481549,64.57900053479115,1.5,2.6275,210.33333333333334,1262.0,18.113333333333333
2021-2022,2900612,CITIZENS OF THE WORLD CHARTER,CITIZENS OF THE WORLD CHARTER,MO,Jackson County,2.0,2.0,530.0,11.0,519.0,69.0,0.0,3.71,24.58,13.28,0.0,41.57,41.57,9.63,3.44,0.0,0.0,1.85,0.0,2.0,0.0,2.0,0.0,0.85,61.34,NCES_CCD_LEA_Official_Releases,Charter LEA,Charter LEA,False,False,False,False,False,Modern_Harmonized_CCD,4.0,5.4399999999999995,7.4399999999999995,3.44,7.547169811320755,6.4905660377358485,10.264150943396226,14.037735849056604,0.0,3.4905660377358494,78.43396226415095,9.622323791195573,8.275198460428193,13.086360356025978,17.897522251623766,6.521030322791001,12.12911640039126,67.76980762960547,1.0,3.7199999999999998,265.0,265.0,20.785
2021-2022,2900603,CROSSROADS CHARTER SCHOOLS,CROSSROADS CHARTER SCHOOLS,MO,Jackson County,3.0,3.0,1094.0,20.0,1074.0,104.0,0.0,8.01,52.99,43.3,0.0,104.3,104.3,9.0,2.0,0.8,0.0,14.0,0.0,7.9,0.0,1.0,10.0,0.0,149.0,NCES_CCD_LEA_Official_Releases,Charter LEA,Charter LEA,False,False,False,False,False,Modern_Harmonized_CCD,8.9,3.0,10.9,2.0,8.135283363802559,1.8281535648994516,2.742230347349177,9.963436928702013,0.7312614259597806,12.79707495429616,95.3382084095064,8.53307766059444,1.9175455417066156,2.876318312559923,10.450623202301056,5.973154362416108,7.315436241610739,70.0,2.6333333333333333,3.6333333333333333,138.48101265822785,1094.0,13.20253164556962
2021-2022,2900593,DELASALLE CHARTER SCHOOL,DELASALLE CHARTER SCHOOL,MO,Jackson County,1.0,1.0,186.0,0.0,186.0,0.0,0.0,0.0,0.0,9.95,0.0,9.95,9.95,0.75,0.75,1.0,0.0,0.0,0.0,0.75,0.0,2.55,0.0,0.0,15.75,NCES_CCD_LEA_Official_Releases,Charter LEA,Charter LEA,False,False,False,False,False,Modern_Harmonized_CCD,3.3,3.3,4.05,0.75,17.741935483870968,4.032258064516129,17.741935483870968,21.774193548387096,5.376344086021506,0.0,53.494623655913976,33.165829145728644,7.537688442211056,33.165829145728644,40.7035175879397,20.95238095238095,25.71428571428571,63.17460317460317,0.75,4.05,248.0,72.94117647058825,13.266666666666666
2021-2022,2900009,DIVISION OF YOUTH SERVICE,DIVISION OF YOUTH SERVICE,MO,Clay County,5.0,4.0,415.0,0.0,415.0,0.0,0.0,0.0,0.0,74.0,0.0,74.0,74.0,0.0,0.0,0.0,0.0,5.0,0.0,1.0,0.0,0.0,0.0,0.0,80.0,NCES_CCD_LEA_Official_Releases,Specialized State Agency,Specialized State Agency,False,False,False,False,False,Modern_Harmonized_CCD,1.0,0.0,1.0,0.0,2.4096385542168677,0.0,0.0,2.4096385542168677,0.0,12.048192771084338,178.3132530120482,1.3513513513513513,0.0,0.0,1.3513513513513513,1.25,1.25,92.5,0.2,0.2,415.0,,74.0
2021-2022,2911070,DREXEL R-IV,DREXEL R-IV,MO,Cass County,2.0,2.0,290.0,6.0,284.0,16.0,0.0,1.0,10.85,14.65,0.0,26.5,26.5,6.5,0.0,0.0,0.0,1.6,0.0,1.9,0.0,1.0,3.0,7.0,47.5,NCES_CCD_LEA_Official_Releases,Regular Public District,Rural / Peripheral,True,False,False,False,False,Modern_Harmonized_CCD,2.9,1.0,2.9,0.0,10.0,0.0,3.4482758620689653,10.0,0.0,5.517241379310345,91.37931034482759,10.943396226415095,0.0,3.7735849056603774,10.943396226415095,6.105263157894736,6.105263157894736,55.78947368421052,0.95,1.45,152.63157894736844,290.0,13.947368421052632
2021-2022,2911160,EAST LYNNE 40,EAST LYNNE 40,MO,Cass County,1.0,1.0,149.0,10.0,139.0,9.0,1.0,1.21,12.19,0.0,0.0,14.4,13.4,2.0,0.0,1.0,0.0,0.0,0.2,1.0,0.0,0.0,2.0,2.0,22.6,NCES_CCD_LEA_Official_Releases,Regular Public District,Rural / Peripheral,True,False,False,False,False,Modern_Harmonized_CCD,1.0,0.0,1.0,0.0,6.7114093959731544,0.0,0.0,6.7114093959731544,6.7114093959731544,0.0,89.93288590604027,7.462686567164178,0.0,0.0,7.462686567164178,4.424778761061947,4.424778761061947,59.29203539823009,1.0,1.0,149.0,,13.4
2021-2022,2900597,EWING MARION KAUFFMAN SCHOOL,EWING MARION KAUFFMAN SCHOOL,MO,Jackson County,2.0,2.0,0.0,0.0,0.0,0.0,0.0,0.0,0.0,90.0,0.0,90.0,90.0,0.0,1.0,0.0,0.0,0.0,0.0,4.0,0.0,1.0,0.0,0.0,96.0,NCES_CCD_LEA_Official_Releases,Charter LEA,Charter LEA,False,False,False,False,False,Modern_Harmonized_CCD,5.0,2.0,6.0,1.0,,,,,,,,5.555555555555555,1.1111111111111112,2.2222222222222223,6.666666666666667,5.208333333333334,6.25,93.75,2.0,3.0,,,22.5
2021-2022,2911650,EXCELSIOR SPRINGS 40,EXCELSIOR SPRINGS 40,MO,Clay County,8.0,5.0,2650.0,132.0,2518.0,180.0,9.0,10.65,74.85,121.96,0.0,216.46,207.46,38.8,9.98,7.0,0.0,16.98,2.87,12.9,0.0,5.0,0.0,8.71,318.7,NCES_CCD_LEA_Official_Releases,Regular Public District,Independent Town / Exurban,True,False,False,False,False,Modern_Harmonized_CCD,17.9,14.98,27.88,9.98,6.754716981132075,3.766037735849057,5.652830188679245,10.52075471698113,2.6415094339622645,6.407547169811321,78.2867924528302,8.628169285645425,4.810565892220187,7.22066904463511,13.438735177865613,5.616567304675243,8.748038908064009,65.09570128647631,1.6125,3.485,205.42635658914728,530.0,16.08217054263566
2021-2022,2912290,FORT OSAGE R-I,FORT OSAGE R-I,MO,Jackson County,11.0,8.0,4804.0,117.0,4687.0,327.0,11.33,22.15,161.99,159.0,0.0,354.47,343.14,91.72,8.1,15.0,0.0,23.68,12.0,14.9,0.0,7.0,52.0,188.96,767.83,NCES_CCD_LEA_Official_Releases,Regular Public District,Independent Town / Exurban,True,False,False,False,False,Modern_Harmonized_CCD,21.9,15.1,30.0,8.1,4.558701082431306,1.6860949208992504,3.143213988343047,6.244796003330557,3.1223980016652786,4.9292256452955865,71.42797668609492,6.382234656408463,2.3605525441510755,4.400536224281634,8.742787200559539,2.8521938449917297,3.907114856153054,44.68957972467864,1.3545454545454545,2.727272727272727,322.4161073825503,686.2857142857143,23.02953020134228
2021-2022,2900590,FRONTIER SCHOOLS,FRONTIER SCHOOLS,MO,Jackson County,5.0,5.0,1593.0,35.0,1558.0,95.0,2.0,5.63,45.75,89.92,0.0,143.3,141.3,10.0,2.0,3.5,0.0,9.0,2.7,12.0,0.0,2.0,0.0,0.0,184.5,NCES_CCD_LEA_Official_Releases,Charter LEA,Charter LEA,False,False,False,False,False,Modern_Harmonized_CCD,14.0,4.0,16.0,2.0,8.788449466415567,1.2554927809165097,2.5109855618330195,10.043942247332078,2.197112366603892,5.649717514124294,88.70056497175142,9.907997169143664,1.4154281670205235,2.830856334041047,11.323425336164188,7.588075880758807,8.672086720867208,76.58536585365854,2.4,3.2,132.75,796.5,11.775
2021-2022,2900016,GENESIS SCHOOL INC.,GENESIS SCHOOL INC.,MO,Jackson County,1.0,1.0,214.0,9.0,205.0,16.0,1.0,1.13,0.0,20.87,0.0,23.0,22.0,5.0,2.0,0.0,0.0,8.0,0.5,2.0,0.0,1.0,0.0,0.0,41.5,NCES_CCD_LEA_Official_Releases,Charter LEA,Charter LEA,False,False,False,False,False,Modern_Harmonized_CCD,3.0,3.0,5.0,2.0,14.018691588785046,9.345794392523365,14.018691588785046,23.36448598130841,0.0,37.38317757009346,102.80373831775701,13.636363636363635,9.090909090909092,13.636363636363635,22.727272727272727,7.228915662650602,12.048192771084338,53.01204819277109,2.0,5.0,107.0,214.0,11.0
2021-2022,2900015,GORDON PARKS ELEM.,GORDON PARKS ELEM.,MO,Jackson County,1.0,1.0,137.0,0.0,137.0,34.0,1.0,2.43,11.97,0.0,0.0,15.4,14.4,4.4,1.0,0.0,0.0,3.0,0.6,1.0,0.0,0.0,2.0,24.0,51.4,NCES_CCD_LEA_Official_Releases,Charter LEA,Charter LEA,False,False,False,False,False,Modern_Harmonized_CCD,1.0,1.0,2.0,1.0,7.299270072992701,7.299270072992701,7.299270072992701,14.598540145985401,0.0,21.897810218978105,105.1094890510949,6.944444444444445,6.944444444444445,6.944444444444445,13.88888888888889,1.9455252918287937,3.8910505836575875,28.01556420233463,1.0,2.0,137.0,,14.4
2021-2022,2913080,GRAIN VALLEY R-V,GRAIN VALLEY R-V,MO,Jackson County,8.0,7.0,4553.0,91.0,4462.0,308.0,9.0,16.59,132.28,162.29,0.0,320.16,311.16,73.8,8.5,11.0,2.33,22.87,6.74,20.0,0.0,3.0,50.0,278.0,796.4,NCES_CCD_LEA_Official_Releases,Regular Public District,Independent Town / Exurban,True,False,False,False,False,Modern_Harmonized_CCD,23.0,11.5,31.5,8.5,5.0516143202284205,1.8669009444322424,2.5258071601142102,6.918515264660663,2.415989457500549,5.0230617175488685,68.34175269053372,7.39169559069289,2.731713587864764,3.695847795346445,10.123409178557655,2.887995981918634,3.9552988448016073,39.070818684078354,2.5,3.9375,227.65,1517.6666666666667,15.558000000000002
2021-2022,2913140,GRANDVIEW C-4,GRANDVIEW C-4,MO,Jackson County,9.0,7.0,3734.0,131.0,3603.0,254.0,9.0,17.44,134.88,117.52,0.0,278.84,269.84,53.29,5.67,13.06,4.0,21.18,7.2,15.75,0.0,4.0,39.5,58.35,500.84,NCES_CCD_LEA_Official_Releases,Regular Public District,Independent Town / Exurban,True,False,False,False,False,Modern_Harmonized_CCD,19.75,9.67,25.42,5.67,5.289234065345474,1.5184788430637386,2.58971612212105,6.807712908409213,3.4975897161221208,5.672201392608463,72.2656668452062,7.319152090127484,2.10124518233027,3.583605099318115,9.420397272457755,3.9433751297819666,5.075473205015575,53.87748582381599,1.75,2.8244444444444445,237.0793650793651,933.5,17.13269841269841
2021-2022,2900029,GUADALUPE CENTERS SCHOOLS,GUADALUPE CENTERS SCHOOLS,MO,Jackson County,3.0,3.0,1442.0,54.0,1388.0,118.0,3.75,6.83,41.17,61.0,0.0,112.75,109.0,3.0,3.97,4.0,0.0,23.49,0.0,7.0,0.0,2.97,0.0,0.0,157.18,NCES_CCD_LEA_Official_Releases,Charter LEA,Charter LEA,False,False,False,False,False,Modern_Harmonized_CCD,9.97,6.94,13.940000000000001,3.97,6.914008321775312,2.753120665742025,4.812760055478502,9.667128987517337,2.7739251040221915,16.289875173370316,75.58945908460471,9.146788990825689,3.6422018348623855,6.36697247706422,12.788990825688074,6.343046189082581,8.868812826059296,69.3472451965899,2.3333333333333335,4.646666666666667,206.0,485.5218855218855,15.571428571428571
2021-2022,2913680,HARDIN-CENTRAL C-2,HARDIN-CENTRAL C-2,MO,Ray County,2.0,2.0,236.0,20.0,216.0,20.0,1.03,1.21,9.72,10.75,0.0,22.71,21.68,2.0,0.0,0.0,0.0,1.53,0.0,2.0,0.0,1.0,0.0,0.0,29.24,NCES_CCD_LEA_Official_Releases,Regular Public District,Rural / Peripheral,True,False,False,False,False,Modern_Harmonized_CCD,3.0,1.0,3.0,0.0,12.711864406779663,0.0,4.237288135593221,12.711864406779663,0.0,6.483050847457627,91.86440677966101,13.837638376383765,0.0,4.612546125461255,13.837638376383765,10.259917920656635,10.259917920656635,74.14500683994528,1.0,1.5,118.0,236.0,10.84
2021-2022,2913760,HARRISONVILLE R-IX,HARRISONVILLE R-IX,MO,Cass County,7.0,5.0,2215.0,64.0,2151.0,136.0,3.5,11.0,57.6,98.23,0.0,170.33,166.83,27.5,6.0,8.0,0.0,13.9,3.98,7.3,0.0,4.0,25.0,14.1,280.11,NCES_CCD_LEA_Official_Releases,Regular Public District,Independent Town / Exurban,True,False,False,False,False,Modern_Harmonized_CCD,11.3,10.0,17.3,6.0,5.101580135440181,2.708803611738149,4.514672686230248,7.810383747178331,3.6117381489841986,6.275395033860045,75.31828442437924,6.7733621051369655,3.596475454055026,5.994125756758376,10.369837559191991,4.034129449144979,6.176145085859127,59.55874477883689,1.042857142857143,2.4714285714285715,303.4246575342466,553.75,22.853424657534248
2021-2022,2914340,HICKMAN MILLS C-1,HICKMAN MILLS C-1,MO,Jackson County,12.0,10.0,5177.0,347.0,4830.0,390.0,32.6,28.38,162.59,178.37,0.0,401.94,369.34,77.2,22.3,15.0,5.98,53.9,10.0,18.0,0.0,6.5,62.0,117.47,790.29,NCES_CCD_LEA_Official_Releases,Regular Public District,Rural / Peripheral,True,False,False,False,False,Modern_Harmonized_CCD,24.5,28.8,46.8,22.3,4.732470542785397,4.307514004249565,5.563067413559977,9.039984547034962,2.897430944562488,10.411435194127874,71.34247633764728,6.633454269778524,6.037797151675963,7.797693182433531,12.671251421454485,3.1001278011869062,5.92187677941009,46.73474294246416,1.5,3.9,287.6111111111111,796.4615384615385,20.51888888888889
2021-2022,2900014,HOGAN PREPARATORY ACADEMY,HOGAN PREPARATORY ACADEMY,MO,Jackson County,3.0,3.0,907.0,1.0,906.0,61.0,0.0,3.51,20.99,59.5,0.0,84.0,84.0,5.0,1.1,1.0,0.0,9.0,0.0,7.8,0.0,1.1,0.0,0.0,109.0,NCES_CCD_LEA_Official_Releases,Charter LEA,Charter LEA,False,False,False,False,False,Modern_Harmonized_CCD,8.9,2.2,10.0,1.1,9.812568908489526,1.2127894156560088,2.4255788313120177,11.025358324145534,1.1025358324145536,9.922822491730981,92.6130099228225,10.595238095238095,1.3095238095238095,2.619047619047619,11.904761904761903,8.1651376146789,9.174311926605505,77.06422018348624,2.6,3.3333333333333335,116.28205128205128,824.5454545454545,10.76923076923077
2021-2022,2900601,HOPE LEADERSHIP ACADEMY,HOPE LEADERSHIP ACADEMY,MO,Jackson County,1.0,1.0,118.0,0.0,118.0,35.0,0.0,2.0,9.6,0.0,0.0,11.6,11.6,1.0,0.0,0.0,0.0,3.2,0.0,1.0,0.0,0.0,1.0,1.0,18.8,NCES_CCD_LEA_Official_Releases,Charter LEA,Charter LEA,False,False,False,False,False,Modern_Harmonized_CCD,1.0,0.0,1.0,0.0,8.474576271186441,0.0,0.0,8.474576271186441,0.0,27.118644067796613,98.3050847457627,8.620689655172415,0.0,0.0,8.620689655172415,5.319148936170213,5.319148936170213,61.702127659574465,1.0,1.0,118.0,,11.6
2021-2022,2915480,INDEPENDENCE 30,INDEPENDENCE 30,MO,Jackson County,31.0,28.0,14396.0,722.0,13674.0,1048.0,34.0,69.27,366.68,469.3,0.0,939.25,905.25,135.82,22.9,37.0,6.0,148.9,26.0,56.0,0.0,9.0,0.0,13.0,1393.87,NCES_CCD_LEA_Official_Releases,Regular Public District,Major Suburban Unified,True,False,False,False,False,Modern_Harmonized_CCD,65.0,31.9,87.9,22.9,4.515143095304252,1.5907196443456515,2.215893303695471,6.105862739649903,2.5701583773270356,10.343150875243124,62.88205056960267,7.1803369235017955,2.529687931510632,3.523888428610881,9.710024855012428,4.663275628286713,6.306183503483109,64.94508096163918,1.8064516129032258,2.835483870967742,257.07142857142856,1599.5555555555557,16.165178571428573
2021-2022,2916400,KANSAS CITY 33,KANSAS CITY 33,MO,Jackson County,35.0,34.0,14094.0,826.0,13268.0,1144.0,33.27,64.87,417.31,367.36,0.0,882.81,849.54,15.0,1.0,2.0,0.0,19.0,0.0,0.0,0.0,0.0,53.0,664.0,1636.81,NCES_CCD_LEA_Official_Releases,Regular Public District,Urban Core Unified,True,False,False,False,False,Modern_Harmonized_CCD,0.0,1.0,1.0,1.0,0.0,0.07095217823187172,0.07095217823187172,0.07095217823187172,0.14190435646374344,1.3480913864055628,60.2767134951043,0.0,0.1177107611177814,0.1177107611177814,0.1177107611177814,0.0,0.06109444590392288,51.902175573218635,0.0,0.02857142857142857,,,
2021-2022,2900615,KANSAS CITY GIRLS PREP ACADEMY,KANSAS CITY GIRLS PREP ACADEMY,MO,Jackson County,1.0,1.0,168.0,0.0,168.0,0.0,0.0,0.0,0.0,24.17,0.0,24.17,24.17,2.0,4.5,0.0,0.0,4.0,0.0,1.0,0.0,1.0,0.0,0.0,36.67,NCES_CCD_LEA_Official_Releases,Charter LEA,Charter LEA,False,False,False,False,False,Modern_Harmonized_CCD,2.0,5.5,6.5,4.5,11.904761904761903,26.785714285714285,32.73809523809524,38.69047619047619,0.0,23.809523809523807,143.86904761904762,8.274720728175424,18.6181216383947,22.755482002482413,26.892842366570125,5.45404963185165,17.72566130351786,65.9121898009272,1.0,6.5,168.0,168.0,24.17
2021-2022,2900013,KC INTERNATIONAL ACADEMY,KC INTERNATIONAL ACADEMY,MO,Jackson County,1.0,1.0,672.0,19.0,653.0,84.0,0.0,7.83,73.37,0.0,0.0,81.2,81.2,3.0,2.0,2.8,0.0,13.65,0.0,3.0,0.0,1.0,3.0,5.0,114.65,NCES_CCD_LEA_Official_Releases,Charter LEA,Charter LEA,False,False,False,False,False,Modern_Harmonized_CCD,4.0,3.0,6.0,2.0,5.952380952380952,2.976190476190476,4.464285714285714,8.928571428571429,4.166666666666667,20.3125,120.83333333333333,4.926108374384236,2.463054187192118,3.694581280788177,7.389162561576354,3.488879197557784,5.233318796336676,70.82424771042302,3.0,6.0,224.0,672.0,27.066666666666666
2021-2022,2916450,KEARNEY R-I,KEARNEY R-I,MO,Clay County,9.0,8.0,3557.0,75.0,3482.0,233.0,6.0,12.0,94.98,127.32,0.0,240.3,234.3,77.07,6.0,11.0,0.0,22.5,6.9,13.0,0.0,3.0,28.0,50.35,458.12,NCES_CCD_LEA_Official_Releases,Regular Public District,Independent Town / Exurban,True,False,False,False,False,Modern_Harmonized_CCD,16.0,9.0,22.0,6.0,4.498172617374192,1.686814731515322,2.530222097272983,6.184987348889514,3.092493674444757,6.325555243182457,65.87011526567332,6.828851899274434,2.560819462227913,3.841229193341869,9.389671361502346,3.492534707063651,4.802235222212521,51.14380511656334,1.4444444444444444,2.4444444444444446,273.61538461538464,1185.6666666666667,18.023076923076925
2021-2022,2900031,KIPP: ENDEAVOR ACADEMY,KIPP: ENDEAVOR ACADEMY,MO,Jackson County,1.0,1.0,692.0,17.0,675.0,58.0,1.0,3.97,0.0,57.13,0.0,62.1,61.1,6.4,4.0,7.0,0.0,4.0,0.0,9.5,0.0,1.0,4.0,0.0,98.0,NCES_CCD_LEA_Official_Releases,Charter LEA,Charter LEA,False,False,False,False,False,Modern_Harmonized_CCD,10.5,5.0,14.5,4.0,15.173410404624278,5.780346820809248,7.22543352601156,20.953757225433527,10.115606936416185,5.780346820809248,88.29479768786128,17.18494271685761,6.546644844517186,8.183306055646481,23.731587561374795,10.714285714285714,14.795918367346939,62.34693877551021,9.5,14.5,72.84210526315789,692.0,6.431578947368421
2021-2022,2918220,LAWSON R-XIV,LAWSON R-XIV,MO,Ray County,3.0,3.0,1077.0,13.0,1064.0,66.0,1.25,6.3,21.55,47.16,0.0,76.26,75.01,11.08,1.5,3.0,0.0,4.33,1.6,5.5,0.0,1.0,7.5,13.0,124.77,NCES_CCD_LEA_Official_Releases,Regular Public District,Rural / Peripheral,True,False,False,False,False,Modern_Harmonized_CCD,6.5,2.5,8.0,1.5,6.035283194057568,1.392757660167131,2.321262766945218,7.428040854224698,2.785515320334262,4.020427112349118,69.64716805942433,8.665511265164644,1.9997333688841485,3.332888948140248,10.665244634048793,5.209585637573134,6.41179770778232,60.11861825759398,1.8333333333333333,2.6666666666666665,195.8181818181818,1077.0,13.638181818181819
2021-2022,2900028,LEE A. TOLBERT COM. ACADEMY,LEE A. TOLBERT COM. ACADEMY,MO,Jackson County,1.0,1.0,409.0,18.0,391.0,35.0,0.0,2.97,35.64,0.0,0.0,38.61,38.61,15.0,4.05,0.7,0.0,4.45,0.0,2.0,0.0,0.0,0.0,0.0,64.81,NCES_CCD_LEA_Official_Releases,Charter LEA,Charter LEA,False,False,False,False,False,Modern_Harmonized_CCD,2.0,4.05,6.05,4.05,4.88997555012225,9.902200488997554,9.902200488997554,14.792176039119804,1.7114914425427872,10.880195599022006,94.40097799511003,5.18000518000518,10.48951048951049,10.48951048951049,15.669515669515668,3.0859435272334514,9.33497916988119,59.57413979324178,2.0,6.05,204.5,,19.305
2021-2022,2918300,LEE'S SUMMIT R-VII,LEE'S SUMMIT R-VII,MO,Jackson County,27.0,25.0,17844.0,300.0,17544.0,1191.0,30.04,83.15,501.87,625.41,0.0,1240.47,1210.43,210.0,9.82,47.06,2.0,141.01,20.0,62.0,0.0,7.18,154.0,676.0,2569.54,NCES_CCD_LEA_Official_Releases,Regular Public District,Major Suburban Unified,True,False,False,False,False,Modern_Harmonized_CCD,69.18,17.0,79.0,9.82,3.8769334229993277,0.5503250392288724,0.9527011880744228,4.4272584622282,2.6373010535754315,7.9023761488455495,67.83400582828962,5.715324306238279,0.8112819411283593,1.4044595722181372,6.526606247366638,2.6923106859593546,3.0744802571666523,47.10687516053457,2.2962962962962963,2.925925925925926,287.80645161290323,2485.2367688022287,19.523064516129033
2021-2022,2918540,LIBERTY 53,LIBERTY 53,MO,Clay County,20.0,17.0,12427.0,36.0,12391.0,814.0,25.5,49.47,331.28,444.22,0.0,850.47,824.97,131.72,7.11,33.35,11.0,58.09,15.35,43.2,0.0,6.0,85.0,560.46,1801.75,NCES_CCD_LEA_Official_Releases,Regular Public District,Major Suburban Unified,True,False,False,False,False,Modern_Harmonized_CCD,49.2,13.11,56.31,7.11,3.9591212682063257,0.5721413052224994,1.054960972076929,4.531262573428824,2.6836726482658726,4.674499074595639,66.38529009414984,5.963853231026583,0.8618495218007928,1.5891486963162296,6.825702752827375,2.7306785070070765,3.1252948522270017,45.78715138060219,2.16,2.8155,287.662037037037,2071.1666666666665,19.096527777777776
2021-2022,2919230,LONE JACK C-6,LONE JACK C-6,MO,Jackson County,2.0,2.0,767.0,65.0,702.0,41.0,2.16,3.2,18.58,30.02,0.0,53.96,51.8,8.0,2.39,2.5,0.0,3.01,1.29,2.99,0.0,1.0,7.0,3.0,85.14,NCES_CCD_LEA_Official_Releases,Regular Public District,Rural / Peripheral,True,False,False,False,False,Modern_Harmonized_CCD,3.99,3.39,6.380000000000001,2.39,5.202086049543677,3.1160365058670143,4.4198174706649285,8.318122555410692,3.259452411994785,3.9243807040417207,67.53585397653194,7.7027027027027035,4.613899613899615,6.544401544401544,12.316602316602319,4.686398872445385,7.493540051679587,60.840967817712,1.495,3.1900000000000004,256.52173913043475,767.0,17.32441471571906
2021-2022,2931800,MIDWAY R-I,MIDWAY R-I,MO,Cass County,2.0,2.0,444.0,0.0,444.0,25.0,0.05,2.28,18.74,17.33,0.0,38.4,38.35,10.5,0.45,1.43,0.07,2.18,1.9,1.87,0.0,1.0,4.0,3.0,64.8,NCES_CCD_LEA_Official_Releases,Regular Public District,Rural / Peripheral,True,False,False,False,False,Modern_Harmonized_CCD,2.87,1.45,3.3200000000000003,0.45,6.463963963963963,1.0135135135135136,3.265765765765766,7.477477477477478,3.220720720720721,4.90990990990991,86.37387387387388,7.4837027379400265,1.1734028683181226,3.78096479791395,8.657105606258149,4.429012345679013,5.123456790123457,59.1820987654321,0.935,1.6600000000000001,237.43315508021388,444.0,20.50802139037433
2021-2022,2921060,MISSOURI CITY 56,MISSOURI CITY 56,MO,Clay County,1.0,1.0,22.0,0.0,22.0,2.0,0.0,0.36,3.27,0.0,0.0,3.63,3.63,0.0,0.0,0.2,0.0,0.5,0.2,1.0,0.0,0.0,2.0,2.0,9.53,NCES_CCD_LEA_Official_Releases,Regular Public District,Rural / Peripheral,True,False,False,False,False,Modern_Harmonized_CCD,1.0,0.0,1.0,0.0,45.45454545454545,0.0,0.0,45.45454545454545,9.090909090909092,22.727272727272727,165.0,27.548209366391184,0.0,0.0,27.548209366391184,10.493179433368311,10.493179433368311,38.09024134312697,1.0,1.0,22.0,,3.63
2021-2022,2900022,MO SCHLS FOR THE SEV DISABLED,MO SCHLS FOR THE SEV DISABLED,MO,Jackson County,5.0,0.0,701.0,0.0,701.0,11.0,0.0,0.0,130.6,0.0,0.0,130.6,130.6,231.87,0.0,0.0,0.0,18.6,0.0,14.4,0.0,0.0,0.0,0.0,395.47,NCES_CCD_LEA_Official_Releases,Specialized State Agency,Specialized State Agency,False,False,False,False,False,Modern_Harmonized_CCD,14.4,0.0,14.4,0.0,20.542082738944366,0.0,0.0,20.542082738944366,0.0,26.53352353780314,186.30527817403708,11.026033690658501,0.0,0.0,11.026033690658501,3.6412370091283783,3.6412370091283783,33.023996763344876,2.88,2.88,48.68055555555556,,9.069444444444445
2021-2022,2922800,NORTH KANSAS CITY 74,NORTH KANSAS CITY 74,MO,Clay County,34.0,32.0,19875.0,155.0,19720.0,1465.0,56.0,88.12,584.92,774.72,0.0,1503.76,1447.76,233.5,33.89,50.16,5.0,60.05,28.61,75.0,25.0,8.0,198.05,844.44,3065.46,NCES_CCD_LEA_Official_Releases,Regular Public District,Major Suburban Unified,True,False,False,False,False,Modern_Harmonized_CCD,83.0,41.89,116.89,33.89,4.176100628930818,1.7051572327044024,2.107672955974843,5.88125786163522,2.52377358490566,3.021383647798742,72.84327044025157,5.732994418964469,2.3408576007072996,2.8934353760291764,8.073852019671769,2.7075871157999125,3.8131308188656843,47.22814846711423,2.2058823529411766,3.4379411764705883,265.0,2484.375,19.303466666666665
2021-2022,2922830,NORTH PLATTE CO. R-I,NORTH PLATTE CO. R-I,MO,Platte County,5.0,4.0,570.0,0.0,570.0,38.0,1.0,2.37,19.51,26.52,0.0,49.4,48.4,9.0,1.45,1.9,0.0,1.85,0.8,3.1,0.0,1.0,0.0,0.0,68.5,NCES_CCD_LEA_Official_Releases,Regular Public District,Independent Town / Exurban,True,False,False,False,False,Modern_Harmonized_CCD,4.1,2.45,5.55,1.45,7.19298245614035,2.543859649122807,4.298245614035088,9.736842105263158,3.333333333333333,3.2456140350877196,84.91228070175438,8.47107438016529,2.9958677685950414,5.061983471074381,11.46694214876033,5.985401459854014,8.102189781021897,70.65693430656934,0.62,1.1099999999999999,183.8709677419355,570.0,15.61290322580645
2021-2022,2923010,OAK GROVE R-VI,OAK GROVE R-VI,MO,Jackson County,4.0,4.0,1945.0,55.0,1890.0,147.0,3.7,8.0,54.9,78.22,0.0,144.82,141.12,25.5,6.0,5.0,0.0,6.0,3.58,6.0,3.0,1.0,0.0,0.0,200.9,NCES_CCD_LEA_Official_Releases,Regular Public District,Rural / Peripheral,True,False,False,False,False,Modern_Harmonized_CCD,7.0,7.0,13.0,6.0,3.5989717223650386,3.084832904884319,3.5989717223650386,6.683804627249358,2.5706940874035986,3.084832904884319,72.55526992287918,4.9603174603174605,4.2517006802721085,4.9603174603174605,9.212018140589569,3.484320557491289,6.470881035340965,70.24390243902438,1.5,3.25,324.1666666666667,1945.0,23.52
2021-2022,2923220,ORRICK R-XI,ORRICK R-XI,MO,Ray County,2.0,2.0,276.0,19.0,257.0,17.0,1.0,1.1,10.95,14.61,0.0,27.66,26.66,8.0,1.0,1.79,0.0,1.57,0.0,1.95,0.0,1.0,4.0,6.75,53.72,NCES_CCD_LEA_Official_Releases,Regular Public District,Rural / Peripheral,True,False,False,False,False,Modern_Harmonized_CCD,2.95,2.0,3.95,1.0,10.688405797101451,3.6231884057971016,7.246376811594203,14.31159420289855,6.4855072463768115,5.688405797101449,96.59420289855072,11.065266316579145,3.7509377344336086,7.501875468867217,14.816204051012754,5.491437081161579,7.352941176470589,49.6276991809382,0.975,1.975,141.53846153846155,276.0,13.671794871794873
2021-2022,2923550,PARK HILL,PARK HILL,MO,Platte County,20.0,18.0,11991.0,329.0,11662.0,821.0,19.0,48.06,336.48,478.73,0.0,882.27,863.27,151.64,4.34,33.0,5.0,71.58,19.0,48.0,0.0,6.0,106.13,438.75,1765.71,NCES_CCD_LEA_Official_Releases,Regular Public District,Major Suburban Unified,True,False,False,False,False,Modern_Harmonized_CCD,54.0,10.34,58.34,4.34,4.503377533149862,0.3619381202568593,0.8623134017179551,4.865315653406722,2.7520640480360274,5.969477107830873,71.99316153782003,6.255285136747483,0.5027395832126681,1.1977712650734997,6.758024719960153,3.0582598501452676,3.304053326990276,48.89081445990565,2.4,2.9170000000000003,249.8125,1998.5,17.984791666666666
2021-2022,2925230,PLATTE CO. R-III,PLATTE CO. R-III,MO,Platte County,7.0,6.0,4273.0,60.0,4213.0,291.0,4.23,18.62,112.96,174.52,0.0,310.33,306.1,46.87,5.0,13.0,6.0,28.1,2.32,15.0,0.0,4.0,20.0,119.0,569.62,NCES_CCD_LEA_Official_Releases,Regular Public District,Independent Town / Exurban,True,False,False,False,False,Modern_Harmonized_CCD,19.0,9.0,24.0,5.0,4.44652468991341,1.1701380762930025,2.1062485373274047,5.616662766206412,3.0423589983618067,6.576175988766675,71.63585303065763,6.207121855602744,1.6334531198954587,2.940215615811826,7.840574975498203,3.3355570380253505,4.213335205926758,53.7375794389242,2.142857142857143,3.4285714285714284,284.8666666666667,1068.25,20.40666666666667
2021-2022,2925330,PLEASANT HILL R-III,PLEASANT HILL R-III,MO,Cass County,5.0,5.0,2191.0,33.0,2158.0,148.0,1.65,9.0,68.48,64.93,0.0,144.06,142.41,18.0,2.25,6.0,0.0,10.75,5.0,8.38,1.5,1.0,14.0,18.0,228.94,NCES_CCD_LEA_Official_Releases,Regular Public District,Independent Town / Exurban,True,False,False,False,False,Modern_Harmonized_CCD,9.38,3.25,11.63,2.25,4.28115015974441,1.0269283432222729,1.4833409402099498,5.308078502966682,2.7384755819260613,4.906435417617526,64.99771793701505,6.586616108419354,1.5799452285654096,2.2821431079278143,8.166561336984763,4.097143356337905,5.079933607058618,62.204070935616315,1.6760000000000002,2.326,261.4558472553699,2191.0,16.994033412887827
2021-2022,2923730,RAYMORE-PECULIAR R-II,RAYMORE-PECULIAR R-II,MO,Cass County,11.0,10.0,6432.0,165.0,6267.0,411.0,12.8,27.51,172.49,225.85,0.0,438.65,425.85,60.96,9.43,15.68,3.0,36.31,8.52,21.51,13.96,5.0,18.37,173.24,804.63,NCES_CCD_LEA_Official_Releases,Regular Public District,Major Suburban Unified,True,False,False,False,False,Modern_Harmonized_CCD,26.51,14.43,35.94,9.43,4.12157960199005,1.4661069651741292,2.2434701492537314,5.587686567164179,2.4378109452736316,5.64521144278607,66.2080223880597,6.225196665492545,2.2143947399319006,3.3885170834800986,8.439591405424444,3.294682027764314,4.466649267365124,52.92494686998994,1.9554545454545456,3.267272727272727,299.02370990237097,1286.4,19.79776847977685
2021-2022,2926070,RAYTOWN C-2,RAYTOWN C-2,MO,Jackson County,20.0,16.0,8037.0,284.0,7753.0,532.0,24.0,34.48,259.23,334.64,0.0,652.35,628.35,179.0,17.0,25.95,3.0,76.24,9.95,29.93,8.0,6.0,86.0,556.35,1649.77,NCES_CCD_LEA_Official_Releases,Regular Public District,Major Suburban Unified,True,False,False,False,False,Modern_Harmonized_CCD,35.93,23.0,52.93,17.0,4.470573597113351,2.115217120816225,2.861764339927834,6.585790717929576,3.228816722657708,9.486126664178176,78.18215752146324,5.718150712182701,2.705498527890507,3.6603803612636265,8.423649240073207,2.1778793407565904,3.2083260090800536,38.087127296532245,1.4965,2.6465,268.5265619779486,1339.5,20.993985967256933
2021-2022,2926480,RICHMOND R-XVI,RICHMOND R-XVI,MO,Ray County,4.0,4.0,1521.0,54.0,1467.0,100.0,4.5,6.0,49.65,48.95,0.0,109.1,104.6,23.5,2.0,4.0,0.0,7.0,1.0,5.0,1.0,2.0,8.0,22.25,184.85,NCES_CCD_LEA_Official_Releases,Regular Public District,Rural / Peripheral,True,False,False,False,False,Modern_Harmonized_CCD,7.0,4.0,9.0,2.0,4.602235371466141,1.314924391847469,2.629848783694938,5.9171597633136095,2.629848783694938,4.602235371466141,68.77054569362261,6.692160611854685,1.9120458891013385,3.824091778202677,8.604206500956023,3.786854206113065,4.868812550716798,56.586421422775224,1.25,2.25,304.2,760.5,20.919999999999998
2021-2022,2900019,SCUOLA VITA NUOVA,SCUOLA VITA NUOVA,MO,Jackson County,1.0,1.0,379.0,0.0,379.0,47.0,0.0,2.55,25.45,0.0,0.0,28.0,28.0,0.0,0.0,0.0,0.0,1.0,0.0,2.0,0.0,1.0,5.0,8.0,45.0,NCES_CCD_LEA_Official_Releases,Charter LEA,Charter LEA,False,False,False,False,False,Modern_Harmonized_CCD,3.0,1.0,3.0,0.0,7.9155672823219,0.0,2.638522427440633,7.9155672823219,0.0,2.638522427440633,73.87862796833774,10.714285714285714,0.0,3.571428571428571,10.714285714285714,6.666666666666667,6.666666666666667,62.22222222222222,2.0,3.0,189.5,379.0,14.0
2021-2022,2910320,SHERWOOD CASS R-VIII,SHERWOOD CASS R-VIII,MO,Cass County,3.0,3.0,807.0,38.0,769.0,49.0,2.0,4.06,23.94,32.11,0.0,62.11,60.11,22.71,2.09,3.0,0.0,4.05,0.75,3.0,0.0,1.0,7.0,21.0,126.71,NCES_CCD_LEA_Official_Releases,Regular Public District,Rural / Peripheral,True,False,False,False,False,Modern_Harmonized_CCD,4.0,3.09,6.09,2.09,4.956629491945477,2.5898389095415117,3.8289962825278807,7.5464684014869885,3.717472118959108,5.018587360594795,74.48574969021065,6.65446681084678,3.476958908667443,5.1405756113791385,10.131425719514224,3.1568147738931422,4.806250493252309,47.439034014679194,1.0,2.03,269.0,807.0,20.036666666666665
2021-2022,2928410,SMITHVILLE R-II,SMITHVILLE R-II,MO,Clay County,5.0,5.0,2581.0,29.0,2552.0,173.0,3.08,10.39,77.65,80.93,0.0,172.05,168.97,40.47,6.4,6.9,0.0,8.5,4.95,9.9,0.0,2.25,23.4,37.78,312.6,NCES_CCD_LEA_Official_Releases,Regular Public District,Independent Town / Exurban,True,False,False,False,False,Modern_Harmonized_CCD,12.15,8.65,18.55,6.4,4.707477721813251,2.479659046881054,3.3514141805501745,7.187136768694304,2.673382409918636,3.2932971716389,65.46687330492057,7.19062555483222,3.7876546132449547,5.119251938213884,10.978280168077175,3.8867562380038385,5.934101087651951,54.05310300703774,1.98,3.71,260.70707070707067,1147.111111111111,17.067676767676765
2021-2022,2929670,STRASBURG C-3,STRASBURG C-3,MO,Cass County,1.0,1.0,120.0,0.0,120.0,12.0,0.0,1.2,12.05,0.0,0.0,13.25,13.25,0.0,0.0,0.0,0.0,0.0,0.0,0.0,0.0,1.0,3.0,4.1,21.35,NCES_CCD_LEA_Official_Releases,Regular Public District,Rural / Peripheral,True,False,False,False,False,Modern_Harmonized_CCD,1.0,1.0,1.0,0.0,8.333333333333334,0.0,8.333333333333334,8.333333333333334,0.0,0.0,110.41666666666666,7.547169811320755,0.0,7.547169811320755,7.547169811320755,4.68384074941452,4.68384074941452,62.06088992974238,0.0,1.0,,120.0,
2021-2022,2900027,UNIVERSITY ACADEMY,UNIVERSITY ACADEMY,MO,Jackson County,3.0,3.0,1120.0,14.0,1106.0,95.0,1.0,6.38,34.62,38.4,0.0,80.4,79.4,3.0,0.0,3.0,0.0,5.8,1.0,7.6,0.0,1.2,0.0,0.0,102.0,NCES_CCD_LEA_Official_Releases,Charter LEA,Charter LEA,False,False,False,False,False,Modern_Harmonized_CCD,8.799999999999999,1.2,8.799999999999999,0.0,7.857142857142856,0.0,1.0714285714285714,7.857142857142856,2.6785714285714284,5.178571428571428,70.89285714285715,11.083123425692692,0.0,1.5113350125944582,11.083123425692692,8.627450980392155,8.627450980392155,77.84313725490196,2.533333333333333,2.933333333333333,147.3684210526316,933.3333333333334,10.447368421052634
2021-2022,2931710,WEST PLATTE CO. R-II,WEST PLATTE CO. R-II,MO,Platte County,2.0,2.0,709.0,60.0,649.0,53.0,2.5,3.61,23.68,32.62,0.0,62.41,59.91,8.0,2.43,3.0,0.0,1.81,2.0,3.53,0.0,1.0,5.0,11.0,100.18,NCES_CCD_LEA_Official_Releases,Regular Public District,Independent Town / Exurban,True,False,False,False,False,Modern_Harmonized_CCD,4.529999999999999,3.43,6.959999999999999,2.43,6.3892806770098725,3.4273624823695346,4.837799717912554,9.816643159379407,4.2313117066290555,2.552891396332863,84.49929478138222,7.561342013019528,4.056084126189284,5.725254548489402,11.617426139208813,4.521860650828508,6.94749450988221,59.802355759632654,1.765,3.4799999999999995,200.84985835694053,709.0,16.97167138810198
2022-2023,2003780,Basehor-Linwood,Basehor-Linwood,KS,Leavenworth County,7.0,6.0,3043.0,139.0,2904.0,187.0,7.0,40.3,64.3,99.9,0.0,211.5,204.5,41.2,10.4,9.0,6.7,20.7,2.0,10.9,12.5,3.5,7.0,50.0,385.4,NCES_CCD_LEA_Official_Releases,Regular Public District,Independent Town / Exurban,True,False,False,False,False,Modern_Harmonized_CCD,14.4,13.9,24.8,10.4,4.7321721984883345,3.4176799211304636,4.5678606638186,8.149852119618798,2.9576076240552087,6.80249753532698,67.20341767992113,7.041564792176039,5.08557457212714,6.797066014669927,12.12713936430318,3.7363777893098082,6.434872859366893,53.06175402179554,1.5571428571428572,3.542857142857143,279.17431192660547,869.4285714285714,18.761467889908257
2022-2023,2012000,Blue Valley,Blue Valley,KS,Johnson County,36.0,35.0,22384.0,490.0,21894.0,1499.0,26.8,297.1,460.1,858.27,0.0,1642.27,1615.47,346.8,34.0,64.8,25.6,206.0,38.6,75.0,83.5,3.0,62.4,305.5,2887.47,NCES_CCD_LEA_Official_Releases,Regular Public District,Major Suburban Unified,True,False,False,False,False,Modern_Harmonized_CCD,78.0,37.0,112.0,34.0,3.4846318799142244,1.5189421015010722,1.6529664045746963,5.003573981415297,2.8949249463902786,9.20300214438885,72.1707469621158,4.8283162175713565,2.104650658941361,2.2903551288479513,6.932966876512718,2.701326767031346,3.87882817830142,55.947594260719605,2.0833333333333335,3.111111111111111,298.4533333333333,7461.333333333333,21.5396
2022-2023,2004050,Bonner Springs,Bonner Springs,KS,Wyandotte County,5.0,5.0,2520.0,117.0,2403.0,175.0,6.0,57.45,46.0,86.95,0.0,196.4,190.4,58.0,7.0,7.0,0.0,24.5,2.0,11.0,5.0,3.0,7.0,55.0,375.9,NCES_CCD_LEA_Official_Releases,Regular Public District,Independent Town / Exurban,True,False,False,False,False,Modern_Harmonized_CCD,14.0,10.0,21.0,7.0,5.555555555555555,2.7777777777777777,3.968253968253968,8.333333333333334,2.7777777777777777,9.722222222222223,75.55555555555556,7.352941176470589,3.6764705882352944,5.2521008403361344,11.029411764705882,3.7243947858473,5.5865921787709505,50.65176908752328,2.2,4.2,229.0909090909091,840.0,17.30909090909091
2022-2023,2005490,De Soto,De Soto,KS,Johnson County,13.0,12.0,7441.0,213.0,7228.0,466.0,9.0,108.91,132.83,253.47,0.0,504.21,495.21,117.3,8.0,17.0,8.2,63.7,8.5,37.0,25.0,2.0,13.0,99.4,903.31,NCES_CCD_LEA_Official_Releases,Regular Public District,Independent Town / Exurban,True,False,False,False,False,Modern_Harmonized_CCD,39.0,10.0,47.0,8.0,5.241231017336379,1.075124311248488,1.34390538906061,6.3163553285848675,2.2846391614030375,8.560677328316087,66.55153877167047,7.875446780153875,1.6154762625956665,2.019345328244583,9.490923042749541,4.3174546944017,5.203086426586665,54.821711261914515,2.8461538461538463,3.6153846153846154,201.1081081081081,3720.5,13.384054054054053
2022-2023,2005640,Easton,Easton,KS,Leavenworth County,3.0,3.0,645.0,33.0,612.0,53.0,1.0,9.0,16.0,25.1,0.0,51.1,50.1,0.0,1.0,1.0,0.0,8.3,0.0,3.0,3.0,1.0,2.0,20.8,91.2,NCES_CCD_LEA_Official_Releases,Regular Public District,Rural / Peripheral,True,False,False,False,False,Modern_Harmonized_CCD,4.0,2.0,5.0,1.0,6.2015503875969,1.550387596899225,3.10077519379845,7.751937984496124,1.550387596899225,12.868217054263567,77.67441860465117,7.984031936127744,1.996007984031936,3.992015968063872,9.980039920159681,4.385964912280701,5.482456140350877,54.93421052631579,1.0,1.6666666666666667,215.0,645.0,16.7
2022-2023,2006330,Fort Leavenworth,Fort Leavenworth,KS,Leavenworth County,4.0,4.0,1729.0,218.0,1511.0,204.0,8.5,41.85,57.15,21.5,0.0,129.0,120.5,28.5,11.5,4.0,1.0,23.0,4.0,5.0,6.3,3.0,6.0,21.0,242.3,NCES_CCD_LEA_Official_Releases,Regular Public District,Independent Town / Exurban,True,False,False,False,False,Modern_Harmonized_CCD,8.0,14.5,19.5,11.5,4.626951995373048,6.6512434933487565,8.38635049161365,11.278195488721805,2.313475997686524,13.302486986697513,69.69346443030653,6.639004149377594,9.54356846473029,12.033195020746888,16.182572614107883,3.30169211721007,8.047874535699545,49.73173751547668,1.25,4.875,345.8,576.3333333333334,24.1
2022-2023,2006420,Gardner Edgerton,Gardner Edgerton,KS,Johnson County,11.0,11.0,5994.0,288.0,5706.0,418.0,10.5,130.5,89.0,212.0,0.0,442.0,431.5,136.5,2.0,16.0,6.0,50.4,11.0,24.0,16.6,3.0,13.8,103.1,824.4,NCES_CCD_LEA_Official_Releases,Regular Public District,Independent Town / Exurban,True,False,False,False,False,Modern_Harmonized_CCD,27.0,5.0,29.0,2.0,4.504504504504505,0.33366700033366703,0.8341675008341675,4.838171504838172,2.6693360026693362,8.408408408408409,71.98865532198866,6.257242178447277,0.4634994206257242,1.1587485515643106,6.720741599073002,3.2751091703056767,3.517709849587579,52.34109655507035,2.1818181818181817,2.6363636363636362,249.75,1998.0,17.979166666666668
2022-2023,2007950,Kansas City,Kansas City,KS,Wyandotte County,43.0,43.0,22015.0,1141.0,20874.0,1560.0,30.5,413.06,452.92,682.42,0.0,1578.9,1548.4,154.7,112.5,66.55,4.0,385.1,8.0,124.0,43.6,7.0,132.0,605.8,3222.15,NCES_CCD_LEA_Official_Releases,Regular Public District,Urban Core Unified,True,False,False,False,False,Modern_Harmonized_CCD,131.0,119.5,243.5,112.5,5.95048830342948,5.110152168975699,5.428117192823075,11.060640472405177,3.0229389052918463,17.492618669089257,70.33386327503975,8.460346163781967,7.265564453629553,7.717644019633169,15.72591061741152,4.06560836708409,7.557065934236457,48.05487019536645,2.883720930232558,5.662790697674419,177.54032258064515,3145.0,12.48709677419355
2022-2023,2008340,Lansing,Lansing,KS,Leavenworth County,4.0,4.0,2654.0,80.0,2574.0,167.0,6.0,32.02,44.98,94.0,0.0,177.0,171.0,81.6,7.0,5.0,3.0,30.0,1.0,10.0,6.0,2.0,5.0,49.9,377.5,NCES_CCD_LEA_Official_Releases,Regular Public District,Independent Town / Exurban,True,False,False,False,False,Modern_Harmonized_CCD,12.0,9.0,19.0,7.0,4.52147701582517,2.637528259231349,3.391107761868877,7.1590052750565185,1.8839487565938207,11.303692539562924,64.43104747550866,7.017543859649122,4.093567251461988,5.263157894736842,11.11111111111111,3.1788079470198674,5.033112582781457,45.29801324503311,2.5,4.75,265.4,1327.0,17.1
2022-2023,2008430,Leavenworth,Leavenworth,KS,Leavenworth County,8.0,7.0,3604.0,117.0,3487.0,246.0,6.5,56.0,69.0,99.0,0.0,230.5,224.0,119.0,14.0,13.0,4.0,49.0,3.0,20.0,18.0,3.0,11.0,102.0,586.5,NCES_CCD_LEA_Official_Releases,Regular Public District,Independent Town / Exurban,True,False,False,False,False,Modern_Harmonized_CCD,23.0,17.0,37.0,14.0,6.381798002219756,3.8845726970033296,4.716981132075471,10.266370699223087,3.607103218645949,13.596004439511654,62.153163152053274,10.267857142857142,6.25,7.5892857142857135,16.517857142857142,3.9215686274509802,6.308610400682012,38.192668371696506,2.5,4.625,180.2,1201.3333333333333,11.2
2022-2023,2008970,Louisburg,Louisburg,KS,Miami County,5.0,4.0,1802.0,109.0,1693.0,120.0,7.6,9.5,33.75,63.75,0.0,114.6,107.0,17.0,0.0,1.0,2.0,8.0,2.0,6.0,8.0,1.1,4.0,54.0,217.7,NCES_CCD_LEA_Official_Releases,Regular Public District,Independent Town / Exurban,True,False,False,False,False,Modern_Harmonized_CCD,7.1,1.1,7.1,0.0,3.940066592674806,0.0,0.6104328523862376,3.940066592674806,0.5549389567147613,4.439511653718091,59.37846836847947,6.6355140186915875,0.0,1.0280373831775702,6.6355140186915875,3.261368856224162,3.261368856224162,49.15020670647681,1.2,1.42,300.3333333333333,1638.181818181818,17.833333333333332
2022-2023,2010140,Olathe,Olathe,KS,Johnson County,51.0,51.0,29034.0,891.0,28143.0,1995.0,81.0,587.0,537.1,1152.2,0.0,2357.3,2276.3,603.8,67.8,86.0,35.8,210.2,51.0,98.0,52.6,13.0,58.0,522.5,4156.0,NCES_CCD_LEA_Official_Releases,Regular Public District,Major Suburban Unified,True,False,False,False,False,Modern_Harmonized_CCD,111.0,80.8,178.8,67.8,3.8231039470965076,2.335193221740029,2.7829441344630435,6.158297168836537,2.962044499552249,7.239787834952125,78.40118481779983,4.876334402319554,2.978517770065457,3.549619997364143,7.85485217238501,2.670837343599615,4.302213666987488,54.771414821944184,1.9215686274509804,3.505882352941177,296.265306122449,2233.3846153846152,23.227551020408164
2022-2023,2010260,Osawatomie,Osawatomie,KS,Miami County,5.0,4.0,1063.0,99.0,964.0,77.0,5.0,24.5,23.0,39.75,0.0,92.25,87.25,9.5,1.0,3.0,1.0,10.0,1.0,5.0,6.0,1.0,3.0,40.2,172.95,NCES_CCD_LEA_Official_Releases,Regular Public District,Independent Town / Exurban,True,False,False,False,False,Modern_Harmonized_CCD,6.0,2.0,7.0,1.0,5.644402634054563,0.9407337723424272,1.8814675446848543,6.58513640639699,2.8222013170272815,9.40733772342427,82.07902163687676,6.876790830945559,1.146131805157593,2.292263610315186,8.022922636103152,3.4692107545533397,4.0474125469788955,50.44810638912981,1.0,1.4,212.6,1063.0,17.45
2022-2023,2010500,Paola,Paola,KS,Miami County,4.0,4.0,1815.0,37.0,1778.0,120.0,0.0,19.62,51.0,70.0,0.0,140.62,140.62,242.0,0.62,1.0,0.0,46.0,1.0,5.0,15.0,0.0,6.0,35.0,492.24,NCES_CCD_LEA_Official_Releases,Regular Public District,Independent Town / Exurban,True,False,False,False,False,Modern_Harmonized_CCD,5.0,0.62,5.62,0.62,2.7548209366391188,0.3415977961432507,0.3415977961432507,3.0964187327823693,0.5509641873278236,25.344352617079892,77.47658402203857,3.5556819798037265,0.44090456549566204,0.44090456549566204,3.996586545299388,1.0157646676418008,1.141719486429384,28.567365512758002,1.25,1.405,363.0,,28.124000000000002
2022-2023,2010680,Piper-Kansas City,Piper-Kansas City,KS,Wyandotte County,4.0,4.0,2780.0,117.0,2663.0,166.0,9.0,30.5,49.0,92.95,0.0,181.45,172.45,27.1,8.0,9.0,0.0,18.8,4.0,10.25,8.1,3.0,5.0,28.1,302.8,NCES_CCD_LEA_Official_Releases,Regular Public District,Independent Town / Exurban,True,False,False,False,False,Modern_Harmonized_CCD,13.25,11.0,21.25,8.0,4.766187050359712,2.8776978417266186,3.9568345323741005,7.643884892086331,3.237410071942446,6.762589928057554,62.03237410071942,7.683386488837344,4.639025804581038,6.378660481298927,12.322412293418383,4.375825627476882,7.01783355350066,56.95178335535006,2.5625,5.3125,271.219512195122,926.6666666666666,16.82439024390244
2022-2023,2000018,School for Blind,School for Blind,KS,Wyandotte County,2.0,0.0,13.0,0.0,13.0,0.0,0.0,20.5,0.0,13.5,0.0,34.0,34.0,0.0,0.0,0.0,0.0,0.0,0.0,1.0,0.0,2.0,0.0,0.0,37.0,NCES_CCD_LEA_Official_Releases,Specialized State Agency,Specialized State Agency,False,False,False,False,False,Modern_Harmonized_CCD,3.0,2.0,3.0,0.0,230.76923076923077,0.0,153.84615384615387,230.76923076923077,0.0,0.0,2615.3846153846152,8.823529411764707,0.0,5.88235294117647,8.823529411764707,8.108108108108109,8.108108108108109,91.8918918918919,0.5,1.5,13.0,6.5,34.0
2022-2023,2000019,School for Deaf,School for Deaf,KS,Johnson County,2.0,0.0,117.0,9.0,108.0,6.0,3.0,3.0,6.0,13.0,0.0,25.0,22.0,0.0,1.0,0.0,0.0,0.0,1.0,2.0,0.0,1.0,0.0,0.0,30.0,NCES_CCD_LEA_Official_Releases,Specialized State Agency,Specialized State Agency,False,False,False,False,False,Modern_Harmonized_CCD,3.0,2.0,4.0,1.0,25.64102564102564,8.547008547008549,17.094017094017097,34.188034188034194,0.0,0.0,188.03418803418802,13.636363636363635,4.545454545454546,9.090909090909092,18.181818181818183,10.0,13.333333333333334,73.33333333333333,1.0,2.0,58.5,117.0,11.0
2022-2023,2011640,Shawnee Mission Pub Sch,Shawnee Mission Pub Sch,KS,Johnson County,45.0,44.0,26618.0,769.0,25849.0,1975.0,33.5,526.9,621.0,786.99,0.0,1968.39,1934.89,539.4,93.0,38.0,21.0,220.8,38.0,93.0,83.0,12.7,50.5,515.0,3672.79,NCES_CCD_LEA_Official_Releases,Regular Public District,Major Suburban Unified,True,False,False,False,False,Modern_Harmonized_CCD,105.7,105.7,198.7,93.0,3.9709970696521153,3.4938763242918323,3.9709970696521153,7.4648733939439476,1.4276053798181683,8.295138627996094,72.69103614095725,5.462842848947485,4.806474786680379,5.462842848947485,10.269317635627864,2.877921144416098,5.410056115378227,52.68174875231092,2.066666666666667,4.415555555555556,286.21505376344084,2095.9055118110236,20.8052688172043
2022-2023,2011850,Spring Hill,Spring Hill,KS,Johnson County,10.0,8.0,5371.0,139.0,5232.0,347.0,6.0,89.0,87.0,155.0,0.0,337.0,331.0,63.3,11.0,11.0,5.0,29.8,8.0,18.0,24.0,3.0,15.6,58.8,584.5,NCES_CCD_LEA_Official_Releases,Regular Public District,Independent Town / Exurban,True,False,False,False,False,Modern_Harmonized_CCD,21.0,14.0,32.0,11.0,3.909886427108546,2.048035747533048,2.606590951405697,5.957922174641594,2.048035747533048,5.548315025134984,61.62725749394898,6.3444108761329305,3.3232628398791544,4.229607250755287,9.667673716012084,3.592814371257485,5.474764756201882,56.629597946963216,1.8,3.2,298.3888888888889,1790.3333333333333,18.38888888888889
2022-2023,2012210,Tonganoxie,Tonganoxie,KS,Leavenworth County,3.0,3.0,1944.0,34.0,1910.0,129.0,4.0,32.2,45.3,76.73,0.0,158.23,154.23,39.0,4.0,6.0,0.0,11.5,0.0,7.0,9.0,2.0,3.8,52.8,293.33,NCES_CCD_LEA_Official_Releases,Regular Public District,Independent Town / Exurban,True,False,False,False,False,Modern_Harmonized_CCD,9.0,6.0,13.0,4.0,4.62962962962963,2.05761316872428,3.0864197530864197,6.68724279835391,3.0864197530864197,5.915637860082304,79.33641975308642,5.83544057576347,2.5935291447837647,3.8902937171756466,8.428969720547236,3.0682166842805034,4.431868543960727,52.57900657962023,2.3333333333333335,4.333333333333333,277.7142857142857,972.0,22.032857142857143
2022-2023,2012360,Turner-Kansas City,Turner-Kansas City,KS,Wyandotte County,8.0,7.0,3891.0,231.0,3660.0,258.0,7.0,61.86,86.02,130.98,0.0,285.86,278.86,46.8,11.0,11.0,4.0,49.5,4.0,20.0,14.9,5.0,11.0,78.2,541.26,NCES_CCD_LEA_Official_Releases,Regular Public District,Independent Town / Exurban,True,False,False,False,False,Modern_Harmonized_CCD,25.0,16.0,36.0,11.0,6.425083526085839,2.827036751477769,4.112053456694937,9.252120277563609,2.827036751477769,12.721665381649961,71.66795168337188,8.965072079179516,3.9446317148389873,5.73764613067489,12.909703794018505,4.618852307578613,6.651147322913202,51.52052617965488,2.5,4.5,194.55,778.2,13.943000000000001
2022-2023,2900017,ACADEMIE LAFAYETTE,ACADEMIE LAFAYETTE,MO,Jackson County,4.0,4.0,1291.0,6.0,1285.0,186.0,1.0,10.25,51.25,27.5,0.0,90.0,89.0,3.0,0.0,2.0,0.0,6.0,2.0,6.0,0.0,0.0,6.0,4.0,119.0,NCES_CCD_LEA_Official_Releases,Charter LEA,Charter LEA,False,False,False,False,False,Modern_Harmonized_CCD,6.0,0.0,6.0,0.0,4.647560030983733,0.0,0.0,4.647560030983733,1.549186676994578,4.647560030983733,68.93880712625872,6.741573033707865,0.0,0.0,6.741573033707865,5.042016806722689,5.042016806722689,74.78991596638656,1.5,1.5,215.16666666666666,,14.833333333333334
2022-2023,2900604,ACADEMY FOR INTEGRATED ARTS,ACADEMY FOR INTEGRATED ARTS,MO,Jackson County,1.0,1.0,270.0,16.0,254.0,42.0,1.0,4.0,21.25,0.0,0.0,26.25,25.25,4.0,0.25,0.0,0.0,6.0,0.0,2.0,0.0,1.0,2.0,0.0,41.5,NCES_CCD_LEA_Official_Releases,Charter LEA,Charter LEA,False,False,False,False,False,Modern_Harmonized_CCD,3.0,1.25,3.25,0.25,11.11111111111111,0.9259259259259259,4.62962962962963,12.037037037037036,0.0,22.22222222222222,93.51851851851852,11.881188118811881,0.9900990099009901,4.9504950495049505,12.871287128712872,7.228915662650602,7.83132530120482,60.8433734939759,2.0,3.25,135.0,270.0,12.625
2022-2023,2900025,ALLEN VILLAGE,ALLEN VILLAGE,MO,Jackson County,5.0,4.0,422.0,12.0,410.0,21.0,0.0,2.3,12.13,19.25,0.0,33.68,33.68,4.0,1.75,1.4,0.0,1.37,0.0,1.7,0.0,1.0,0.0,0.0,44.9,NCES_CCD_LEA_Official_Releases,Charter LEA,Charter LEA,False,False,False,False,False,Modern_Harmonized_CCD,2.7,2.75,4.45,1.75,6.398104265402844,4.146919431279621,6.516587677725118,10.545023696682463,3.3175355450236967,3.246445497630332,79.81042654028437,8.016627078384799,5.195961995249406,8.165083135391923,13.212589073634204,6.01336302895323,9.910913140311804,75.01113585746103,0.33999999999999997,0.89,248.23529411764707,422.0,19.811764705882354
2022-2023,2903200,ARCHIE R-V,ARCHIE R-V,MO,Cass County,2.0,2.0,516.0,9.0,507.0,43.0,1.28,3.32,14.27,25.77,0.0,44.64,43.36,9.5,0.19,1.0,0.0,1.1,0.57,2.0,0.0,1.0,4.0,7.0,71.0,NCES_CCD_LEA_Official_Releases,Regular Public District,Rural / Peripheral,True,False,False,False,False,Modern_Harmonized_CCD,3.0,1.19,3.19,0.19,5.813953488372093,0.36821705426356593,2.306201550387597,6.182170542635658,1.937984496124031,2.131782945736434,84.03100775193799,6.918819188191883,0.43819188191881925,2.7444649446494465,7.357011070110701,4.225352112676056,4.492957746478873,61.070422535211264,1.0,1.595,258.0,516.0,21.68
2022-2023,2904620,BELTON 124,BELTON 124,MO,Cass County,8.0,7.0,4342.0,241.0,4101.0,293.0,14.35,15.79,130.86,141.05,0.0,302.05,287.7,63.6,11.78,11.97,0.0,29.47,7.0,16.0,0.0,6.0,35.0,84.0,566.87,NCES_CCD_LEA_Official_Releases,Regular Public District,Independent Town / Exurban,True,False,False,False,False,Modern_Harmonized_CCD,22.0,17.78,33.78,11.78,5.066789497927222,2.713035467526485,4.094887148779365,7.779824965453709,2.756794104099493,6.787194841087056,66.25978811607554,7.64685436218283,4.094542926659715,6.1800486618004875,11.741397288842546,3.8809603612821286,5.959038227459558,50.75237708822128,2.0,4.2225,271.375,723.6666666666666,17.98125
2022-2023,2905310,BLUE SPRINGS R-IV,BLUE SPRINGS R-IV,MO,Jackson County,22.0,21.0,14595.0,184.0,14411.0,965.0,15.7,62.28,382.55,504.01,0.0,964.54,948.84,130.0,21.63,43.0,2.0,87.95,12.72,50.0,23.0,7.0,165.0,691.0,2197.84,NCES_CCD_LEA_Official_Releases,Regular Public District,Major Suburban Unified,True,False,False,False,False,Modern_Harmonized_CCD,57.0,28.63,78.63,21.63,3.905447070914697,1.4820143884892085,1.961630695443645,5.387461459403905,2.9462144570058237,6.026036313806099,65.01130524152107,6.007335272543316,2.279625648159858,3.0173685763669322,8.286960920703173,2.5934553925672477,3.5776034652203976,43.171477450587844,2.272727272727273,3.5740909090909088,291.9,2085.0,18.9768
2022-2023,2900024,BROOKSIDE CHARTER SCH.,BROOKSIDE CHARTER SCH.,MO,Jackson County,2.0,2.0,742.0,29.0,713.0,86.0,1.0,6.71,39.29,23.5,0.0,70.5,69.5,10.0,1.5,3.0,0.0,6.0,0.0,5.0,0.0,1.0,6.0,13.0,116.0,NCES_CCD_LEA_Official_Releases,Charter LEA,Charter LEA,False,False,False,False,False,Modern_Harmonized_CCD,6.0,2.5,7.5,1.5,8.086253369272237,2.0215633423180592,3.369272237196766,10.107816711590296,4.0431266846361185,8.086253369272237,93.66576819407008,8.633093525179856,2.158273381294964,3.597122302158273,10.79136690647482,5.172413793103448,6.4655172413793105,59.91379310344828,2.5,3.75,148.4,742.0,13.9
2022-2023,2908250,CENTER 58,CENTER 58,MO,Jackson County,8.0,6.0,2558.0,126.0,2432.0,202.0,11.0,9.0,83.5,110.4,0.0,213.9,202.9,40.0,7.87,7.95,2.0,24.0,1.75,13.0,0.0,1.0,26.0,30.75,368.22,NCES_CCD_LEA_Official_Releases,Regular Public District,Urban Core Unified,True,False,False,False,False,Modern_Harmonized_CCD,14.0,8.870000000000001,21.87,7.87,5.473025801407349,3.076622361219703,3.4675527756059425,8.549648162627053,3.107896794370602,9.382329945269742,79.31978107896795,6.899950714637752,3.878758008871365,4.371611631345491,10.77870872350912,3.8020748465591216,5.939384063874857,55.10292759763185,1.625,2.73375,196.76923076923077,2558.0,15.607692307692307
2022-2023,2900612,CITIZENS OF THE WORLD CHARTER,CITIZENS OF THE WORLD CHARTER,MO,Jackson County,2.0,2.0,411.0,8.0,403.0,43.0,0.0,3.48,18.62,9.4,0.0,31.5,31.5,7.7,3.0,2.0,0.0,2.0,0.0,1.8,0.0,1.0,0.0,0.0,49.0,NCES_CCD_LEA_Official_Releases,Charter LEA,Charter LEA,False,False,False,False,False,Modern_Harmonized_CCD,2.8,4.0,5.8,3.0,6.8126520681265195,7.299270072992701,9.732360097323602,14.111922141119221,4.866180048661801,4.866180048661801,76.64233576642336,8.888888888888888,9.523809523809524,12.698412698412698,18.41269841269841,5.714285714285714,11.83673469387755,64.28571428571429,0.9,2.9,228.33333333333331,411.0,17.5
2022-2023,2900603,CROSSROADS CHARTER SCHOOLS,CROSSROADS CHARTER SCHOOLS,MO,Jackson County,3.0,3.0,1033.0,16.0,1017.0,101.0,0.0,10.05,49.95,42.04,0.0,102.04,102.04,7.0,3.0,7.0,0.0,10.0,0.0,7.96,0.0,1.0,13.0,0.0,151.0,NCES_CCD_LEA_Official_Releases,Charter LEA,Charter LEA,False,False,False,False,False,Modern_Harmonized_CCD,8.96,4.0,11.96,3.0,8.67376573088093,2.904162633107454,3.872216844143272,11.577928363988384,6.7763794772507255,9.68054211035818,98.78025169409487,8.780870246961976,2.940023520188161,3.9200313602508823,11.720893767150137,5.933774834437087,7.920529801324504,67.57615894039736,2.6533333333333333,3.986666666666667,129.77386934673368,1033.0,12.819095477386936
2022-2023,2900593,DELASALLE CHARTER SCHOOL,DELASALLE CHARTER SCHOOL,MO,Jackson County,1.0,1.0,187.0,0.0,187.0,0.0,0.0,0.0,0.0,14.1,0.0,14.1,14.1,1.0,2.4,3.85,0.0,3.5,0.0,0.6,0.0,1.0,1.0,0.0,27.45,NCES_CCD_LEA_Official_Releases,Charter LEA,Charter LEA,False,False,False,False,False,Modern_Harmonized_CCD,1.6,3.4,4.0,2.4,8.556149732620321,12.834224598930481,18.18181818181818,21.390374331550802,20.58823529411765,18.71657754010695,75.40106951871657,11.347517730496454,17.02127659574468,24.113475177304963,28.368794326241137,5.828779599271403,14.571948998178508,51.36612021857923,0.6,4.0,311.6666666666667,187.0,23.5
2022-2023,2900009,DIVISION OF YOUTH SERVICE,DIVISION OF YOUTH SERVICE,MO,Clay County,5.0,4.0,459.0,0.0,459.0,0.0,0.0,0.0,0.0,69.4,0.0,69.4,69.4,0.0,2.0,0.0,0.0,6.0,0.0,0.0,0.0,0.0,0.0,0.0,77.4,NCES_CCD_LEA_Official_Releases,Specialized State Agency,Specialized State Agency,False,False,False,False,False,Modern_Harmonized_CCD,0.0,2.0,2.0,2.0,0.0,4.357298474945535,4.357298474945535,4.357298474945535,0.0,13.071895424836601,151.19825708061003,0.0,2.881844380403458,2.881844380403458,2.881844380403458,0.0,2.5839793281653747,89.66408268733849,0.0,0.4,,,
2022-2023,2911070,DREXEL R-IV,DREXEL R-IV,MO,Cass County,2.0,2.0,290.0,2.0,288.0,32.0,0.0,2.42,11.88,14.5,0.0,28.8,28.8,2.5,0.0,0.0,0.0,0.7,0.0,0.0,0.0,0.0,3.0,7.0,42.0,NCES_CCD_LEA_Official_Releases,Regular Public District,Rural / Peripheral,True,False,False,False,False,Modern_Harmonized_CCD,0.0,0.0,0.0,0.0,0.0,0.0,0.0,0.0,0.0,2.4137931034482754,99.3103448275862,0.0,0.0,0.0,0.0,0.0,0.0,68.57142857142857,0.0,0.0,,,
2022-2023,2911160,EAST LYNNE 40,EAST LYNNE 40,MO,Cass County,1.0,1.0,157.0,12.0,145.0,13.0,1.0,1.21,15.19,0.0,0.0,17.4,16.4,3.0,0.0,0.5,0.0,0.0,0.2,1.0,0.0,0.0,2.0,3.0,27.1,NCES_CCD_LEA_Official_Releases,Regular Public District,Rural / Peripheral,True,False,False,False,False,Modern_Harmonized_CCD,1.0,0.0,1.0,0.0,6.369426751592357,0.0,0.0,6.369426751592357,3.1847133757961785,0.0,104.45859872611464,6.097560975609757,0.0,0.0,6.097560975609757,3.6900369003690034,3.6900369003690034,60.516605166051654,1.0,1.0,157.0,,16.4
2022-2023,2900597,EWING MARION KAUFFMAN SCHOOL,EWING MARION KAUFFMAN SCHOOL,MO,Jackson County,2.0,2.0,960.0,0.0,960.0,0.0,0.0,0.0,0.0,85.0,0.0,85.0,85.0,1.0,0.5,0.5,0.0,0.0,0.0,6.0,0.0,1.0,0.0,0.0,94.0,NCES_CCD_LEA_Official_Releases,Charter LEA,Charter LEA,False,True,False,False,False,Modern_Harmonized_CCD,7.0,1.5,7.5,0.5,7.291666666666667,0.5208333333333334,1.5625,7.8125,0.5208333333333334,0.0,88.54166666666667,8.235294117647058,0.5882352941176471,1.7647058823529411,8.823529411764707,7.446808510638298,7.9787234042553195,90.42553191489363,3.0,3.75,160.0,960.0,14.166666666666666
2022-2023,2911650,EXCELSIOR SPRINGS 40,EXCELSIOR SPRINGS 40,MO,Clay County,8.0,5.0,2687.0,155.0,2532.0,186.0,9.0,10.53,73.22,118.71,0.0,211.46,202.46,34.0,9.0,6.75,0.25,17.09,2.86,11.05,0.0,6.0,0.0,5.51,303.97,NCES_CCD_LEA_Official_Releases,Regular Public District,Independent Town / Exurban,True,False,False,False,False,Modern_Harmonized_CCD,17.05,15.0,26.05,9.0,6.345366579828806,3.3494603647190173,5.582433941198363,9.694826944547824,2.512095273539263,6.3602530703386675,75.34797171566804,8.421416576113801,4.445322532845994,7.408870888076658,12.866739108959793,5.609106161792282,8.569924663618119,66.6052570977399,1.38125,3.25625,243.1674208144796,447.8333333333333,18.322171945701356
2022-2023,2912290,FORT OSAGE R-I,FORT OSAGE R-I,MO,Jackson County,11.0,8.0,4846.0,121.0,4725.0,320.0,11.37,21.2,157.97,159.91,0.0,350.45,339.08,86.6,2.1,15.0,0.0,32.55,12.0,14.9,0.0,7.0,50.0,181.98,752.58,NCES_CCD_LEA_Official_Releases,Regular Public District,Independent Town / Exurban,True,False,False,False,False,Modern_Harmonized_CCD,21.9,9.1,24.0,2.1,4.519191085431284,0.43334709038382174,1.8778373916632274,4.952538175815105,3.0953363598844406,6.716879900949236,69.97111019397441,6.458652825291966,0.6193228736581338,2.6837324525185795,7.077975698950101,2.909989635653352,3.1890297377023034,45.05567514417071,1.3545454545454545,2.1818181818181817,325.23489932885906,692.2857142857143,22.75704697986577
2022-2023,2900590,FRONTIER SCHOOLS,FRONTIER SCHOOLS,MO,Jackson County,5.0,5.0,1560.0,57.0,1503.0,91.0,3.0,7.56,47.54,96.0,0.0,154.1,151.1,14.4,3.0,6.0,0.0,9.0,2.3,13.0,0.0,2.0,0.0,0.0,203.8,NCES_CCD_LEA_Official_Releases,Charter LEA,Charter LEA,False,False,False,False,False,Modern_Harmonized_CCD,15.0,5.0,18.0,3.0,9.615384615384617,1.9230769230769231,3.205128205128205,11.538461538461538,3.8461538461538463,5.769230769230769,96.85897435897435,9.927200529450696,1.9854401058901392,3.3090668431502315,11.912640635340836,7.360157016683022,8.832188420019627,74.1413150147203,2.6,3.6,120.0,780.0,11.623076923076923
2022-2023,2900016,GENESIS SCHOOL INC.,GENESIS SCHOOL INC.,MO,Jackson County,1.0,1.0,225.0,6.0,219.0,21.0,1.0,1.12,0.0,21.38,0.0,23.5,22.5,6.0,1.0,0.0,0.0,6.0,0.0,1.0,0.0,0.0,3.0,0.0,40.5,NCES_CCD_LEA_Official_Releases,Charter LEA,Charter LEA,False,False,False,False,False,Modern_Harmonized_CCD,1.0,1.0,2.0,1.0,4.444444444444445,4.444444444444445,4.444444444444445,8.88888888888889,0.0,26.666666666666668,100.0,4.444444444444445,4.444444444444445,4.444444444444445,8.88888888888889,2.4691358024691357,4.938271604938271,55.55555555555556,1.0,2.0,225.0,,22.5
2022-2023,2900015,GORDON PARKS ELEM.,GORDON PARKS ELEM.,MO,Jackson County,1.0,1.0,130.0,5.0,125.0,25.0,0.0,3.27,11.73,0.0,0.0,15.0,15.0,7.0,0.0,3.0,0.0,2.0,0.0,1.0,0.0,0.0,8.0,22.0,58.0,NCES_CCD_LEA_Official_Releases,Charter LEA,Charter LEA,False,False,False,False,False,Modern_Harmonized_CCD,1.0,0.0,1.0,0.0,7.6923076923076925,0.0,0.0,7.6923076923076925,23.076923076923077,15.384615384615385,115.38461538461539,6.666666666666667,0.0,0.0,6.666666666666667,1.7241379310344827,1.7241379310344827,25.862068965517242,1.0,1.0,130.0,,15.0
2022-2023,2913080,GRAIN VALLEY R-V,GRAIN VALLEY R-V,MO,Jackson County,8.0,7.0,4506.0,89.0,4417.0,288.0,10.0,16.83,145.62,169.19,0.0,341.64,331.64,70.6,8.5,12.0,2.33,23.67,6.86,20.0,0.0,3.0,35.0,211.0,734.6,NCES_CCD_LEA_Official_Releases,Regular Public District,Independent Town / Exurban,True,False,False,False,False,Modern_Harmonized_CCD,23.0,11.5,31.5,8.5,5.104305370616956,1.8863737239236573,2.552152685308478,6.990679094540613,2.663115845539281,5.2529960053262315,73.59964491788726,6.9352309733445905,2.563020142323001,3.4676154866722952,9.49825111566759,3.130955622107269,4.288047917233868,45.14565750068064,2.5,3.9375,225.3,1502.0,16.582
2022-2023,2913140,GRANDVIEW C-4,GRANDVIEW C-4,MO,Jackson County,9.0,7.0,3689.0,135.0,3554.0,249.0,13.0,17.79,136.89,121.4,0.0,289.08,276.08,60.78,7.5,13.5,2.93,23.35,7.9,16.25,0.0,4.0,51.07,55.45,531.81,NCES_CCD_LEA_Official_Releases,Regular Public District,Independent Town / Exurban,True,False,False,False,False,Modern_Harmonized_CCD,20.25,11.5,27.75,7.5,5.4892924911900245,2.0330712930333426,3.117375982651125,7.522363784223367,3.6595283274600163,6.329628625643807,74.83870967741935,7.334830483917705,2.7166038829324837,4.1654592871631415,10.051434366850188,3.807750888475208,5.218028995317877,51.91327729828322,1.8055555555555556,3.0833333333333335,227.01538461538462,922.25,16.989538461538462
2022-2023,2900029,GUADALUPE CENTERS SCHOOLS,GUADALUPE CENTERS SCHOOLS,MO,Jackson County,3.0,3.0,1569.0,67.0,1502.0,124.0,4.0,7.11,47.89,68.0,0.0,127.0,123.0,10.0,4.0,5.0,0.0,19.15,0.0,7.0,0.0,3.0,0.0,0.0,175.15,NCES_CCD_LEA_Official_Releases,Charter LEA,Charter LEA,False,False,False,False,False,Modern_Harmonized_CCD,10.0,7.0,14.0,4.0,6.373486297004461,2.5493945188017846,4.461440407903123,8.922880815806247,3.1867431485022304,12.205226258763544,78.39388145315488,8.130081300813007,3.2520325203252036,5.691056910569105,11.38211382113821,5.70939194975735,7.99314872966029,70.22552098201541,2.3333333333333335,4.666666666666667,224.14285714285714,523.0,17.571428571428573
2022-2023,2913680,HARDIN-CENTRAL C-2,HARDIN-CENTRAL C-2,MO,Ray County,2.0,2.0,229.0,20.0,209.0,17.0,0.97,1.21,7.29,10.75,0.0,20.22,19.25,2.0,0.0,0.0,0.0,1.53,0.0,2.0,0.0,1.0,0.0,0.0,26.75,NCES_CCD_LEA_Official_Releases,Regular Public District,Rural / Peripheral,True,False,False,False,False,Modern_Harmonized_CCD,3.0,1.0,3.0,0.0,13.100436681222707,0.0,4.366812227074235,13.100436681222707,0.0,6.681222707423581,84.06113537117903,15.584415584415584,0.0,5.194805194805195,15.584415584415584,11.214953271028037,11.214953271028037,71.96261682242991,1.0,1.5,114.5,229.0,9.625
2022-2023,2913760,HARRISONVILLE R-IX,HARRISONVILLE R-IX,MO,Cass County,7.0,5.0,2207.0,65.0,2142.0,134.0,3.13,11.0,55.8,97.45,0.0,167.38,164.25,25.57,6.5,9.0,0.0,15.4,4.0,7.3,0.0,4.0,25.0,18.52,282.67,NCES_CCD_LEA_Official_Releases,Regular Public District,Independent Town / Exurban,True,False,False,False,False,Modern_Harmonized_CCD,11.3,10.5,17.8,6.5,5.120072496601722,2.9451744449478934,4.75758948799275,8.065246941549615,4.077933846850929,6.977797915722701,74.42229270502945,6.879756468797566,3.95738203957382,6.392694063926941,10.837138508371385,3.9975943679909434,6.297095553118477,58.106626101107295,1.042857142857143,2.542857142857143,302.32876712328766,551.75,22.5
2022-2023,2914340,HICKMAN MILLS C-1,HICKMAN MILLS C-1,MO,Jackson County,13.0,11.0,5121.0,368.0,4753.0,403.0,29.4,19.88,142.61,168.61,0.0,360.5,331.1,65.8,14.8,13.0,4.97,53.0,7.0,23.0,0.0,4.0,65.0,117.65,728.72,NCES_CCD_LEA_Official_Releases,Regular Public District,Rural / Peripheral,True,False,False,False,False,Modern_Harmonized_CCD,27.0,18.8,41.8,14.8,5.272407732864675,2.890060535051748,3.6711579769576255,8.162468267916422,2.5385666861941028,10.349541105252879,64.65534075375903,8.154636061612806,4.469948655995167,5.678042887345213,12.624584717607974,3.705126797672631,5.736085190470963,45.43583269294105,1.7692307692307692,3.215384615384615,222.65217391304347,1280.25,14.395652173913044
2022-2023,2900014,HOGAN PREPARATORY ACADEMY,HOGAN PREPARATORY ACADEMY,MO,Jackson County,3.0,3.0,1029.0,20.0,1009.0,61.0,0.0,3.18,19.02,38.75,0.0,60.95,60.95,5.0,5.1,2.35,0.0,6.8,0.0,6.8,0.0,3.0,5.0,0.0,95.0,NCES_CCD_LEA_Official_Releases,Charter LEA,Charter LEA,False,False,False,False,False,Modern_Harmonized_CCD,9.8,8.1,14.9,5.1,9.523809523809526,4.956268221574343,7.871720116618075,14.480077745383868,2.28377065111759,6.608357628765791,59.23226433430515,16.078753076292042,8.367514356029531,13.2895816242822,24.446267432321577,10.315789473684212,15.68421052631579,64.15789473684211,2.2666666666666666,4.966666666666667,151.3235294117647,343.0,8.963235294117649
2022-2023,2900601,HOPE LEADERSHIP ACADEMY,HOPE LEADERSHIP ACADEMY,MO,Jackson County,1.0,1.0,101.0,0.0,101.0,20.0,0.0,2.67,13.83,0.0,0.0,16.5,16.5,1.0,1.5,1.0,0.0,0.9,0.0,1.0,0.0,0.0,1.0,1.0,23.9,NCES_CCD_LEA_Official_Releases,Charter LEA,Charter LEA,False,False,False,False,False,Modern_Harmonized_CCD,1.0,1.5,2.5,1.5,9.900990099009901,14.85148514851485,14.85148514851485,24.752475247524753,9.900990099009901,8.910891089108912,163.36633663366337,6.0606060606060606,9.090909090909092,9.090909090909092,15.151515151515152,4.1841004184100425,10.460251046025105,69.0376569037657,1.0,2.5,101.0,,16.5
2022-2023,2915480,INDEPENDENCE 30,INDEPENDENCE 30,MO,Jackson County,31.0,28.0,14406.0,723.0,13683.0,1040.0,33.0,66.05,353.21,474.59,0.0,926.85,893.85,121.16,21.0,38.0,6.0,157.98,26.0,59.0,0.0,10.0,0.0,18.58,1384.57,NCES_CCD_LEA_Official_Releases,Regular Public District,Major Suburban Unified,True,False,False,False,False,Modern_Harmonized_CCD,69.0,31.0,90.0,21.0,4.789670970428988,1.4577259475218658,2.1518811606275166,6.247396917950854,2.637789809801472,10.966264056643064,62.04706372344857,7.719416009397549,2.3493874811209934,3.468143424511943,10.068803490518544,4.983496681280109,6.500213062539273,64.55794939945254,1.903225806451613,2.903225806451613,244.16949152542372,1440.6,15.15
2022-2023,2916400,KANSAS CITY 33,KANSAS CITY 33,MO,Jackson County,35.0,34.0,14413.0,1058.0,13355.0,1094.0,28.17,87.46,559.12,489.7,0.0,1164.45,1136.28,146.5,39.1,47.2,22.0,138.21,16.6,78.0,0.0,3.34,0.0,0.0,1655.4,NCES_CCD_LEA_Official_Releases,Regular Public District,Urban Core Unified,True,False,False,False,False,Modern_Harmonized_CCD,81.34,42.44,120.44,39.1,5.643516270033997,2.7128286963158263,2.944563935336155,8.356344966349823,3.2748213418441687,9.589259696107682,78.83716089641297,7.15844686168902,3.441053261520048,3.7349948956243177,10.599500123209069,4.913616044460553,7.275582940678989,68.64081188836535,2.2285714285714286,3.4411428571428573,184.78205128205127,4315.269461077844,14.567692307692308
2022-2023,2900615,KANSAS CITY GIRLS PREP ACADEMY,KANSAS CITY GIRLS PREP ACADEMY,MO,Jackson County,1.0,1.0,141.0,0.0,141.0,0.0,0.0,0.0,0.0,20.0,0.0,20.0,20.0,0.0,3.25,0.0,0.0,5.0,0.0,3.0,1.0,1.0,0.0,0.0,33.25,NCES_CCD_LEA_Official_Releases,Charter LEA,Charter LEA,False,False,False,False,False,Modern_Harmonized_CCD,4.0,4.25,7.25,3.25,28.368794326241133,23.04964539007092,30.141843971631204,51.41843971631206,0.0,35.46099290780142,141.84397163120568,20.0,16.25,21.25,36.25,12.030075187969924,21.804511278195488,60.150375939849624,3.0,7.25,47.0,141.0,6.666666666666667
2022-2023,2900013,KC INTERNATIONAL ACADEMY,KC INTERNATIONAL ACADEMY,MO,Jackson County,1.0,1.0,665.0,16.0,649.0,75.0,0.0,9.24,81.44,0.0,0.0,90.68,90.68,6.0,2.0,2.8,0.0,19.13,0.0,3.0,0.0,1.0,3.0,4.0,131.61,NCES_CCD_LEA_Official_Releases,Charter LEA,Charter LEA,False,False,False,False,False,Modern_Harmonized_CCD,4.0,3.0,6.0,2.0,6.015037593984963,3.0075187969924815,4.511278195488722,9.022556390977444,4.2105263157894735,28.766917293233078,136.3609022556391,4.411116012351124,2.205558006175562,3.3083370092633437,6.6166740185266875,3.0392827292758904,4.558924093913836,68.90053947268444,3.0,6.0,221.66666666666666,665.0,30.22666666666667
2022-2023,2916450,KEARNEY R-I,KEARNEY R-I,MO,Clay County,9.0,8.0,3561.0,107.0,3454.0,229.0,8.0,12.0,96.04,135.46,0.0,251.5,243.5,73.9,6.2,11.4,0.0,25.82,7.0,13.0,0.0,3.0,29.0,46.06,466.88,NCES_CCD_LEA_Official_Releases,Regular Public District,Independent Town / Exurban,True,False,False,False,False,Modern_Harmonized_CCD,16.0,9.2,22.2,6.2,4.493119910137602,1.7410839651783208,2.5835439483291207,6.234203875315922,3.2013479359730415,7.250772254984555,68.37966863240663,6.570841889117044,2.546201232032854,3.778234086242299,9.117043121149896,3.427004797806717,4.75496915695682,52.15472926662097,1.4444444444444444,2.466666666666667,273.9230769230769,1187.0,18.73076923076923
2022-2023,2900031,KIPP: ENDEAVOR ACADEMY,KIPP: ENDEAVOR ACADEMY,MO,Jackson County,2.0,2.0,801.0,20.0,781.0,47.0,1.0,4.64,0.0,72.76,0.0,78.4,77.4,5.0,4.0,6.0,0.0,9.5,0.0,8.8,0.0,2.0,2.0,9.0,124.7,NCES_CCD_LEA_Official_Releases,Charter LEA,Charter LEA,False,False,False,False,False,Modern_Harmonized_CCD,10.8,6.0,14.8,4.0,13.483146067415731,4.9937578027465666,7.49063670411985,18.4769038701623,7.49063670411985,11.860174781523096,96.62921348314607,13.953488372093023,5.167958656330749,7.751937984496124,19.12144702842377,8.660785886126703,11.868484362469928,62.06896551724138,4.4,7.4,91.02272727272727,400.5,8.795454545454545
2022-2023,2918220,LAWSON R-XIV,LAWSON R-XIV,MO,Ray County,3.0,3.0,1090.0,12.0,1078.0,75.0,1.0,5.99,20.87,47.78,0.0,75.64,74.64,11.08,1.0,2.86,0.0,4.99,0.0,6.0,0.0,1.0,0.0,0.0,102.57,NCES_CCD_LEA_Official_Releases,Regular Public District,Rural / Peripheral,True,False,False,False,False,Modern_Harmonized_CCD,7.0,2.0,8.0,1.0,6.422018348623854,0.9174311926605505,1.834862385321101,7.339449541284404,2.623853211009174,4.577981651376147,68.4770642201835,9.378349410503752,1.339764201500536,2.679528403001072,10.718113612004288,6.824607585063859,7.799551525787268,72.76981573559522,2.0,2.6666666666666665,181.66666666666666,1090.0,12.44
2022-2023,2900028,LEE A. TOLBERT COM. ACADEMY,LEE A. TOLBERT COM. ACADEMY,MO,Jackson County,1.0,1.0,364.0,18.0,346.0,40.0,0.0,2.52,29.09,0.0,0.0,31.61,31.61,14.0,1.0,0.7,0.0,3.4,1.0,1.8,0.0,1.0,0.0,6.0,60.51,NCES_CCD_LEA_Official_Releases,Charter LEA,Charter LEA,False,False,False,False,False,Modern_Harmonized_CCD,2.8,2.0,3.8,1.0,7.692307692307692,2.7472527472527473,5.4945054945054945,10.43956043956044,1.923076923076923,9.340659340659341,86.84065934065933,8.857956342929452,3.163555836760519,6.327111673521038,12.02151217968997,4.627334324904974,6.279953726656751,52.239299289373655,1.8,3.8,202.22222222222223,364.0,17.56111111111111
2022-2023,2918300,LEE'S SUMMIT R-VII,LEE'S SUMMIT R-VII,MO,Jackson County,29.0,27.0,17775.0,311.0,17464.0,1186.0,29.0,73.39,443.35,705.28,0.0,1251.02,1222.02,222.0,12.27,49.52,4.0,148.0,21.0,64.73,0.0,11.0,159.0,628.0,2570.54,NCES_CCD_LEA_Official_Releases,Regular Public District,Major Suburban Unified,True,False,False,False,False,Modern_Harmonized_CCD,75.73,23.27,88.0,12.27,4.2604781997187064,0.690295358649789,1.3091420534458509,4.950773558368495,2.7859353023909987,8.326300984528833,68.7493670886076,6.197116250143206,1.0040752197181715,1.9042241534508435,7.201191469861377,2.946073587650844,3.4234051989076226,47.53942751328515,2.2320689655172417,3.0344827586206895,274.6021937277923,1615.909090909091,18.878727019928935
2022-2023,2918540,LIBERTY 53,LIBERTY 53,MO,Clay County,20.0,17.0,12367.0,45.0,12322.0,766.0,25.8,47.64,331.61,458.68,0.0,863.73,837.93,124.17,8.11,35.9,10.0,57.13,15.4,45.25,0.0,4.37,79.0,565.28,1808.34,NCES_CCD_LEA_Official_Releases,Regular Public District,Major Suburban Unified,True,False,False,False,False,Modern_Harmonized_CCD,49.62,12.48,57.73,8.11,4.012290773833589,0.6557774723053286,1.0091372200210238,4.668068246138917,2.90288671464381,4.619552033637907,67.75531656828656,5.92173570584655,0.9678612771949924,1.489384554795747,6.889596983041543,2.7439530176847273,3.192430626983864,46.336972029596204,2.2625,2.8865,273.30386740331494,2829.977116704805,18.517790055248618
2022-2023,2919230,LONE JACK C-6,LONE JACK C-6,MO,Jackson County,2.0,2.0,750.0,57.0,693.0,42.0,1.5,3.27,20.24,29.28,0.0,54.29,52.79,7.25,3.51,2.74,0.0,5.04,0.29,3.0,0.0,1.0,6.0,6.5,89.62,NCES_CCD_LEA_Official_Releases,Regular Public District,Rural / Peripheral,True,False,False,False,False,Modern_Harmonized_CCD,4.0,4.51,7.51,3.51,5.333333333333333,4.68,6.013333333333334,10.013333333333332,3.6533333333333333,6.720000000000001,70.38666666666667,7.57719265012313,6.648986550483045,8.543284713013827,14.226179200606175,4.463289444320464,8.379825931711672,58.90426244141932,1.5,3.755,250.0,750.0,17.596666666666668
2022-2023,2931800,MIDWAY R-I,MIDWAY R-I,MO,Cass County,2.0,2.0,449.0,0.0,449.0,32.0,1.1,2.28,18.94,17.08,0.0,39.4,38.3,16.1,0.45,1.5,0.0,2.17,1.9,1.88,0.0,1.0,4.0,1.0,69.4,NCES_CCD_LEA_Official_Releases,Regular Public District,Rural / Peripheral,True,False,False,False,False,Modern_Harmonized_CCD,2.88,1.45,3.33,0.45,6.414253897550111,1.0022271714922049,3.2293986636971046,7.416481069042316,3.34075723830735,4.832962138084632,85.30066815144765,7.51958224543081,1.174934725848564,3.7859007832898173,8.694516971279374,4.149855907780979,4.7982708933717575,55.187319884726215,0.94,1.665,238.82978723404256,449.0,20.372340425531913
2022-2023,2921060,MISSOURI CITY 56,MISSOURI CITY 56,MO,Clay County,1.0,1.0,19.0,0.0,19.0,1.0,0.0,0.33,3.27,0.0,0.0,3.6,3.6,0.0,0.0,0.2,0.0,0.62,0.2,0.38,0.0,0.0,1.5,2.0,8.5,NCES_CCD_LEA_Official_Releases,Regular Public District,Rural / Peripheral,True,False,False,False,False,Modern_Harmonized_CCD,0.38,0.0,0.38,0.0,20.0,0.0,0.0,20.0,10.526315789473683,32.63157894736842,189.47368421052633,10.555555555555555,0.0,0.0,10.555555555555555,4.470588235294118,4.470588235294118,42.35294117647059,0.38,0.38,50.0,,9.473684210526315
2022-2023,2900022,MO SCHLS FOR THE SEV DISABLED,MO SCHLS FOR THE SEV DISABLED,MO,Jackson County,5.0,0.0,704.0,0.0,704.0,17.0,0.0,0.0,124.5,0.0,0.0,124.5,124.5,199.5,0.0,0.0,0.0,11.0,0.0,0.0,0.0,0.0,0.0,0.0,335.0,NCES_CCD_LEA_Official_Releases,Specialized State Agency,Specialized State Agency,False,False,False,False,False,Modern_Harmonized_CCD,0.0,0.0,0.0,0.0,0.0,0.0,0.0,0.0,0.0,15.625,176.8465909090909,0.0,0.0,0.0,0.0,0.0,0.0,37.16417910447761,0.0,0.0,,,
2022-2023,2922800,NORTH KANSAS CITY 74,NORTH KANSAS CITY 74,MO,Clay County,34.0,32.0,20561.0,209.0,20352.0,1440.0,58.0,89.89,577.48,771.53,0.0,1496.9,1438.9,248.0,33.69,49.19,21.0,87.0,28.62,75.0,0.0,7.0,190.69,862.47,3099.56,NCES_CCD_LEA_Official_Releases,Regular Public District,Major Suburban Unified,True,False,False,False,False,Modern_Harmonized_CCD,82.0,40.69,115.69,33.69,3.9881328729147416,1.6385389815670444,1.9789893487670833,5.626671854481786,2.392393366081416,4.2313117066290555,69.98200476630514,5.69879769268191,2.3413718812982136,2.827854611161303,8.040169573980123,2.645536785866381,3.7324652531327023,46.422718063208976,2.2058823529411766,3.402647058823529,274.14666666666665,2937.285714285714,19.185333333333336
2022-2023,2922830,NORTH PLATTE CO. R-I,NORTH PLATTE CO. R-I,MO,Platte County,5.0,4.0,590.0,8.0,582.0,38.0,1.05,3.48,16.16,27.15,0.0,47.84,46.79,9.0,1.53,2.0,0.0,2.67,0.8,2.4,0.0,0.75,0.0,0.0,66.99,NCES_CCD_LEA_Official_Releases,Regular Public District,Independent Town / Exurban,True,False,False,False,False,Modern_Harmonized_CCD,3.15,2.2800000000000002,4.68,1.53,5.338983050847458,2.593220338983051,3.8644067796610173,7.932203389830509,3.389830508474576,4.52542372881356,79.30508474576271,6.732207736695875,3.269929472109425,4.872836076084634,10.0021372088053,4.702194357366771,6.986117330944917,69.84624570831468,0.48,0.9359999999999999,245.83333333333334,786.6666666666666,19.495833333333334
2022-2023,2923010,OAK GROVE R-VI,OAK GROVE R-VI,MO,Jackson County,4.0,4.0,1960.0,66.0,1894.0,131.0,3.7,7.6,56.4,79.11,0.0,146.81,143.11,18.0,5.15,5.0,0.0,7.0,3.58,7.0,2.0,1.0,9.5,24.5,229.54,NCES_CCD_LEA_Official_Releases,Regular Public District,Rural / Peripheral,True,False,False,False,False,Modern_Harmonized_CCD,8.0,6.15,13.15,5.15,4.081632653061225,2.6275510204081636,3.1377551020408165,6.709183673469387,2.5510204081632653,3.571428571428571,73.01530612244899,5.590105513241562,3.5986304241492557,4.297393613304451,9.188735937390817,3.485231332229677,5.728849002352532,62.34643199442363,1.75,3.2875,280.0,1960.0,20.444285714285716
2022-2023,2923220,ORRICK R-XI,ORRICK R-XI,MO,Ray County,2.0,2.0,291.0,13.0,278.0,25.0,1.14,1.28,10.63,14.55,0.0,27.6,26.46,7.0,1.0,1.9,0.0,1.52,0.0,1.95,0.0,1.0,0.0,0.0,41.97,NCES_CCD_LEA_Official_Releases,Regular Public District,Rural / Peripheral,True,False,False,False,False,Modern_Harmonized_CCD,2.95,2.0,3.95,1.0,10.13745704467354,3.4364261168384878,6.8728522336769755,13.573883161512027,6.529209621993126,5.223367697594502,90.9278350515464,11.148904006046864,3.779289493575208,7.558578987150416,14.928193499622072,7.02883011675006,9.411484393614487,63.04503216583274,0.975,1.975,149.23076923076923,291.0,13.56923076923077
2022-2023,2923550,PARK HILL,PARK HILL,MO,Platte County,20.0,18.0,11976.0,399.0,11577.0,802.0,17.7,48.69,332.35,485.62,0.0,884.36,866.66,148.4,4.17,33.5,5.0,76.26,19.0,50.0,0.0,6.0,111.0,534.8,1872.49,NCES_CCD_LEA_Official_Releases,Regular Public District,Major Suburban Unified,True,False,False,False,False,Modern_Harmonized_CCD,56.0,10.17,60.17,4.17,4.676018704074816,0.34819639278557113,0.8491983967935871,5.024215096860387,2.797261189044756,6.367735470941883,72.36639946559787,6.461588166062817,0.481157547365749,1.1734705651581936,6.942745713428565,2.9906701771438033,3.213368295691833,46.283825280775865,2.5,3.0085,239.52,1996.0,17.333199999999998
2022-2023,2925230,PLATTE CO. R-III,PLATTE CO. R-III,MO,Platte County,7.0,6.0,4283.0,74.0,4209.0,294.0,4.23,20.76,112.3,178.83,0.0,316.12,311.89,53.8,6.0,13.05,6.0,27.16,1.52,15.06,0.0,5.0,0.0,0.0,443.71,NCES_CCD_LEA_Official_Releases,Regular Public District,Independent Town / Exurban,True,False,False,False,False,Modern_Harmonized_CCD,20.060000000000002,11.0,26.060000000000002,6.0,4.683632967546113,1.4008872285780996,2.5682932523931825,6.084520196124212,3.0469297221573663,6.34134952136353,72.82045295353724,6.431754785340986,1.9237551700920195,3.526884478502036,8.355509955433007,4.5209709044195545,5.873205472042551,70.29140654932276,2.1514285714285717,3.7228571428571433,284.3957503320053,856.6,20.709827357237714
2022-2023,2925330,PLEASANT HILL R-III,PLEASANT HILL R-III,MO,Cass County,5.0,5.0,2197.0,46.0,2151.0,131.0,2.51,9.0,68.44,68.39,0.0,148.34,145.83,15.0,3.2,5.0,0.0,11.3,3.0,8.0,3.0,3.0,13.0,16.0,228.84,NCES_CCD_LEA_Official_Releases,Regular Public District,Independent Town / Exurban,True,False,False,False,False,Modern_Harmonized_CCD,11.0,6.2,14.2,3.2,5.006827492034593,1.456531634046427,2.8220300409649526,6.463359126081019,2.2758306781975417,5.143377332726446,66.37687756030952,7.543029554961256,2.1943358705341836,4.25152574915998,9.737365425495438,4.806851948959972,6.205208879566508,63.725747246984795,1.6,2.84,274.625,732.3333333333334,18.22875
2022-2023,2923730,RAYMORE-PECULIAR R-II,RAYMORE-PECULIAR R-II,MO,Cass County,11.0,10.0,6377.0,177.0,6200.0,442.0,14.2,29.21,169.47,224.1,0.0,436.98,422.78,59.5,9.93,16.81,4.0,29.94,8.37,24.02,12.0,5.0,19.0,164.6,790.15,NCES_CCD_LEA_Official_Releases,Regular Public District,Major Suburban Unified,True,False,False,False,False,Modern_Harmonized_CCD,29.02,14.93,38.95,9.93,4.550729183001412,1.5571585384977262,2.3412262819507608,6.107887721499138,2.636035753489101,4.69499764779677,66.29763211541477,6.864090070485831,2.3487392970339185,3.5313874828516014,9.21282936751975,3.6727203695500856,4.929443776498134,53.50629627285958,2.1836363636363636,3.540909090909091,265.48709408825977,1275.4,17.601165695253954
2022-2023,2926070,RAYTOWN C-2,RAYTOWN C-2,MO,Jackson County,20.0,16.0,8012.0,285.0,7727.0,563.0,25.0,33.32,245.73,324.01,0.0,628.06,603.06,169.5,22.0,25.5,3.0,60.32,9.83,31.0,0.0,7.0,82.5,481.58,1520.29,NCES_CCD_LEA_Official_Releases,Regular Public District,Major Suburban Unified,True,False,False,False,False,Modern_Harmonized_CCD,38.0,29.0,60.0,22.0,4.742885671492761,2.745881178232651,3.619570644033949,7.488766849725412,3.1827259111333,7.528706939590614,75.2695956065901,6.301197227473221,3.648061552747654,4.808808410440089,9.949258780220875,2.4995231172999888,3.9466154483684033,39.66743187155082,1.55,3.0,258.4516129032258,1144.5714285714287,19.453548387096774
2022-2023,2926480,RICHMOND R-XVI,RICHMOND R-XVI,MO,Ray County,4.0,4.0,1559.0,82.0,1477.0,116.0,6.5,12.0,49.17,58.33,0.0,126.0,119.5,26.0,1.0,3.0,0.0,8.0,1.0,6.0,0.0,2.0,9.0,33.0,215.0,NCES_CCD_LEA_Official_Releases,Regular Public District,Rural / Peripheral,True,False,False,False,False,Modern_Harmonized_CCD,8.0,3.0,9.0,1.0,5.131494547787042,0.6414368184733803,1.9243104554201411,5.772931366260424,1.9243104554201411,5.131494547787042,76.65169980756896,6.694560669456067,0.8368200836820083,2.510460251046025,7.531380753138076,3.7209302325581395,4.186046511627907,55.58139534883721,1.5,2.25,259.8333333333333,779.5,19.916666666666668
2022-2023,2900019,SCUOLA VITA NUOVA,SCUOLA VITA NUOVA,MO,Jackson County,1.0,1.0,405.0,0.0,405.0,48.0,0.0,2.29,26.71,0.0,0.0,29.0,29.0,0.0,0.0,0.0,0.0,0.0,0.0,0.0,0.0,1.0,2.0,3.0,35.0,NCES_CCD_LEA_Official_Releases,Charter LEA,Charter LEA,False,False,False,False,False,Modern_Harmonized_CCD,1.0,1.0,1.0,0.0,2.4691358024691357,0.0,2.4691358024691357,2.4691358024691357,0.0,0.0,71.60493827160494,3.4482758620689653,0.0,3.4482758620689653,3.4482758620689653,2.857142857142857,2.857142857142857,82.85714285714286,0.0,1.0,,405.0,
2022-2023,2910320,SHERWOOD CASS R-VIII,SHERWOOD CASS R-VIII,MO,Cass County,3.0,3.0,799.0,39.0,760.0,52.0,2.0,3.93,24.07,32.0,0.0,62.0,60.0,21.32,3.09,3.0,0.0,4.05,0.86,3.0,0.0,1.0,7.0,20.0,125.32,NCES_CCD_LEA_Official_Releases,Regular Public District,Rural / Peripheral,True,False,False,False,False,Modern_Harmonized_CCD,4.0,4.09,7.09,3.09,5.006257822277847,3.867334167709637,5.118898623279098,8.873591989987485,3.7546933667083855,5.06883604505632,75.09386733416771,6.666666666666667,5.1499999999999995,6.816666666666666,11.816666666666666,3.1918289179699975,5.65751675710182,47.87743376954995,1.0,2.3633333333333333,266.3333333333333,799.0,20.0
2022-2023,2928410,SMITHVILLE R-II,SMITHVILLE R-II,MO,Clay County,5.0,5.0,2584.0,30.0,2554.0,169.0,3.0,9.44,83.74,85.27,0.0,181.45,178.45,46.7,3.28,6.85,0.0,9.02,4.95,11.9,0.0,3.25,22.5,43.05,332.95,NCES_CCD_LEA_Official_Releases,Regular Public District,Independent Town / Exurban,True,False,False,False,False,Modern_Harmonized_CCD,15.15,6.529999999999999,18.43,3.28,5.863003095975232,1.2693498452012384,2.5270897832817334,7.132352941176471,2.6509287925696596,3.4907120743034055,69.05959752321982,8.489773045671058,1.8380498739142617,3.659288316054917,10.327822919585318,4.550232767682835,5.5353656705211,53.59663613155128,2.38,3.686,217.14285714285714,795.0769230769231,14.99579831932773
2022-2023,2929670,STRASBURG C-3,STRASBURG C-3,MO,Cass County,1.0,1.0,126.0,0.0,126.0,11.0,0.0,1.15,12.1,0.0,0.0,13.25,13.25,0.82,0.0,0.0,0.0,1.47,0.0,0.5,0.0,0.0,0.0,0.0,16.04,NCES_CCD_LEA_Official_Releases,Regular Public District,Rural / Peripheral,True,False,False,False,False,Modern_Harmonized_CCD,0.5,0.0,0.5,0.0,3.968253968253968,0.0,0.0,3.968253968253968,0.0,11.666666666666668,105.15873015873017,3.7735849056603774,0.0,0.0,3.7735849056603774,3.117206982543641,3.117206982543641,82.6059850374065,0.5,0.5,252.0,,26.5
2022-2023,2900027,UNIVERSITY ACADEMY,UNIVERSITY ACADEMY,MO,Jackson County,3.0,3.0,1107.0,26.0,1081.0,100.0,2.0,5.86,33.14,38.0,0.0,79.0,77.0,8.0,0.0,2.0,0.0,6.8,2.0,8.0,0.0,1.2,0.0,0.0,107.0,NCES_CCD_LEA_Official_Releases,Charter LEA,Charter LEA,False,False,False,False,False,Modern_Harmonized_CCD,9.2,1.2,9.2,0.0,8.310749774164407,0.0,1.084010840108401,8.310749774164407,1.8066847335140017,6.142728093947606,69.55736224028907,11.948051948051946,0.0,1.5584415584415585,11.948051948051946,8.598130841121494,8.598130841121494,71.96261682242991,2.6666666666666665,3.0666666666666664,138.375,922.5,9.625
2022-2023,2931710,WEST PLATTE CO. R-II,WEST PLATTE CO. R-II,MO,Platte County,3.0,3.0,739.0,61.0,678.0,57.0,3.0,3.0,24.17,32.97,0.0,63.14,60.14,9.0,2.43,2.86,0.0,2.0,2.0,3.86,0.0,1.0,5.0,8.0,99.29,NCES_CCD_LEA_Official_Releases,Regular Public District,Independent Town / Exurban,True,False,False,False,False,Modern_Harmonized_CCD,4.859999999999999,3.43,7.289999999999999,2.43,6.576454668470906,3.2882273342354535,4.641407307171854,9.86468200270636,3.8700947225981053,2.7063599458728014,81.38024357239513,8.08114399733954,4.040571998669771,5.703358829398071,12.12171599600931,4.8947527444858485,7.342129116728772,60.570047336086205,1.2866666666666666,2.4299999999999997,191.45077720207254,739.0,15.580310880829016
2023-2024,2003780,Basehor-Linwood,Basehor-Linwood,KS,Leavenworth County,7.0,6.0,3097.0,136.0,2961.0,190.0,7.0,42.3,65.5,103.6,0.0,218.4,211.4,38.3,10.7,8.8,6.0,22.9,2.0,13.1,10.4,3.0,6.3,39.9,379.8,NCES_CCD_LEA_Official_Releases,Regular Public District,Independent Town / Exurban,True,False,False,False,False,Modern_Harmonized_CCD,16.1,13.7,26.8,10.7,5.198579270261544,3.454956409428479,4.423635776557959,8.653535679690023,2.841459476913142,7.394252502421698,68.2596060703907,7.6158940397351,5.061494796594134,6.480605487228003,12.677388836329234,4.239073196419168,7.056345444971038,55.66087414428647,1.8714285714285714,3.8285714285714287,236.41221374045801,1032.3333333333333,16.137404580152673
2023-2024,2012000,Blue Valley,Blue Valley,KS,Johnson County,37.0,36.0,22393.0,515.0,21878.0,1480.0,30.8,422.5,417.7,831.67,0.0,1702.67,1671.87,361.9,36.4,66.8,23.6,208.5,42.2,75.0,85.0,3.0,64.6,311.4,2981.07,NCES_CCD_LEA_Official_Releases,Regular Public District,Major Suburban Unified,True,False,False,False,False,Modern_Harmonized_CCD,78.0,39.4,114.4,36.4,3.4832313669450277,1.6255079712410128,1.759478408431206,5.108739338186041,2.983075068101639,9.310945384718439,74.66038494172285,4.6654345134490125,2.1772027729428727,2.3566425619216806,6.842637286391885,2.6165101792309473,3.8375482628720556,56.08288299167747,2.027027027027027,3.091891891891892,298.5733333333333,7464.333333333333,22.2916
2023-2024,2004050,Bonner Springs,Bonner Springs,KS,Wyandotte County,5.0,5.0,2560.0,124.0,2436.0,177.0,6.0,51.7,45.0,107.9,0.0,210.6,204.6,59.0,6.9,8.0,0.0,18.0,2.0,11.0,10.0,3.0,8.0,49.0,385.5,NCES_CCD_LEA_Official_Releases,Regular Public District,Independent Town / Exurban,True,False,False,False,False,Modern_Harmonized_CCD,14.0,9.9,20.9,6.9,5.46875,2.6953125000000004,3.8671875,8.1640625,3.125,7.03125,79.921875,6.842619745845553,3.3724340175953085,4.838709677419355,10.21505376344086,3.631647211413749,5.421530479896238,53.0739299610895,2.2,4.18,232.72727272727272,853.3333333333334,18.599999999999998
2023-2024,2005490,De Soto,De Soto,KS,Johnson County,13.0,12.0,7364.0,220.0,7144.0,429.0,8.0,114.7,133.3,259.9,0.0,515.9,507.9,121.0,7.2,18.0,8.2,69.0,7.5,37.0,24.3,2.0,13.0,99.9,923.0,NCES_CCD_LEA_Official_Releases,Regular Public District,Independent Town / Exurban,True,False,False,False,False,Modern_Harmonized_CCD,39.0,9.2,46.2,7.2,5.296034763715372,0.977729494839761,1.249321021184139,6.273764258555134,2.444323737099402,9.369907658881043,68.97066811515481,7.67867690490254,1.4176018901358536,1.8113801929513684,9.096278795038394,4.225352112676056,5.005417118093175,55.02708559046587,2.8461538461538463,3.553846153846154,199.02702702702703,3682.0,13.727027027027026
2023-2024,2005640,Easton,Easton,KS,Leavenworth County,3.0,3.0,674.0,35.0,639.0,49.0,1.0,9.0,16.0,25.0,0.0,51.0,50.0,3.0,1.0,1.0,0.0,4.4,0.0,2.0,6.0,1.0,2.0,13.0,84.4,NCES_CCD_LEA_Official_Releases,Regular Public District,Rural / Peripheral,True,False,False,False,False,Modern_Harmonized_CCD,3.0,2.0,4.0,1.0,4.451038575667656,1.483679525222552,2.967359050445104,5.934718100890208,1.483679525222552,6.528189910979229,74.1839762611276,6.0,2.0,4.0,8.0,3.5545023696682465,4.739336492890995,59.241706161137444,0.6666666666666666,1.3333333333333333,337.0,674.0,25.0
2023-2024,2006330,Fort Leavenworth,Fort Leavenworth,KS,Leavenworth County,4.0,4.0,1648.0,218.0,1430.0,170.0,9.5,40.5,63.25,27.5,0.0,140.75,131.25,32.0,9.0,4.0,1.0,26.0,4.0,6.0,4.0,3.0,5.0,37.0,271.75,NCES_CCD_LEA_Official_Releases,Regular Public District,Independent Town / Exurban,True,False,False,False,False,Modern_Harmonized_CCD,9.0,12.0,18.0,9.0,5.461165048543689,5.461165048543689,7.281553398058253,10.922330097087379,2.4271844660194173,15.776699029126213,79.64199029126213,6.857142857142858,6.857142857142858,9.142857142857142,13.714285714285715,3.3118675252989878,6.6237350505979755,48.29806807727691,1.5,4.5,274.6666666666667,549.3333333333334,21.875
2023-2024,2006420,Gardner Edgerton,Gardner Edgerton,KS,Johnson County,11.0,11.0,5895.0,275.0,5620.0,392.0,10.0,137.5,91.0,206.5,0.0,445.0,435.0,141.0,4.0,17.0,8.5,41.2,11.0,25.0,16.6,4.0,14.1,100.3,827.7,NCES_CCD_LEA_Official_Releases,Regular Public District,Independent Town / Exurban,True,False,False,False,False,Modern_Harmonized_CCD,29.0,8.0,33.0,4.0,4.919423240033927,0.6785411365564037,1.3570822731128074,5.597964376590331,2.883799830364716,6.988973706530959,73.7913486005089,6.666666666666667,0.9195402298850575,1.839080459770115,7.586206896551724,3.5036849099915424,3.9869517941283075,52.555273649873136,2.272727272727273,3.0,235.8,1473.75,17.4
2023-2024,2007950,Kansas City,Kansas City,KS,Wyandotte County,43.0,43.0,21132.0,1218.0,19914.0,1411.0,63.6,351.0,385.14,612.21,0.0,1411.95,1348.35,268.8,106.8,75.55,3.8,343.3,27.0,141.0,91.0,6.0,95.0,780.5,3350.7,NCES_CCD_LEA_Official_Releases,Regular Public District,Urban Core Unified,True,False,False,False,False,Modern_Harmonized_CCD,147.0,112.8,253.8,106.8,6.956274843838728,5.053946621237933,5.337876206700738,12.010221465076661,3.575146696952489,16.24550444823017,63.806076093128894,10.902213816887308,7.920792079207921,8.365780398264546,18.82300589609523,4.387142985047901,7.574536663980662,40.240845196526095,3.2790697674418605,5.902325581395349,149.87234042553192,3522.0,9.562765957446809
2023-2024,2008340,Lansing,Lansing,KS,Leavenworth County,4.0,4.0,2511.0,66.0,2445.0,145.0,6.0,32.02,41.98,89.0,0.0,169.0,163.0,87.0,11.0,7.0,2.0,26.0,1.0,10.0,6.0,2.0,5.0,50.7,376.7,NCES_CCD_LEA_Official_Releases,Regular Public District,Independent Town / Exurban,True,False,False,False,False,Modern_Harmonized_CCD,12.0,13.0,23.0,11.0,4.778972520908004,4.380724810832338,5.177220230983672,9.159697331740343,2.7877339705296693,10.354440461967345,64.91437674233373,7.361963190184049,6.748466257668712,7.975460122699387,14.11042944785276,3.1855588001061856,6.105654366870188,43.27050703477568,2.5,5.75,251.1,1255.5,16.3
2023-2024,2008430,Leavenworth,Leavenworth,KS,Leavenworth County,8.0,7.0,3457.0,98.0,3359.0,194.0,5.5,49.5,63.5,100.0,0.0,218.5,213.0,107.0,12.0,13.0,6.0,44.0,2.0,18.0,18.0,4.0,11.0,84.0,537.5,NCES_CCD_LEA_Official_Releases,Regular Public District,Independent Town / Exurban,True,False,False,False,False,Modern_Harmonized_CCD,22.0,16.0,34.0,12.0,6.363899334683252,3.471217818918137,4.628290425224183,9.835117153601388,3.7604859704946487,12.727798669366504,61.61411628579693,10.328638497652582,5.633802816901409,7.511737089201878,15.96244131455399,4.093023255813953,6.325581395348837,39.627906976744185,2.25,4.25,192.05555555555554,864.25,11.833333333333334
2023-2024,2008970,Louisburg,Louisburg,KS,Miami County,5.0,4.0,1760.0,97.0,1663.0,123.0,6.6,12.4,32.0,63.2,0.0,114.2,107.6,17.5,0.0,3.0,2.0,5.2,1.7,6.0,8.0,2.0,3.8,59.0,222.4,NCES_CCD_LEA_Official_Releases,Regular Public District,Independent Town / Exurban,True,False,False,False,False,Modern_Harmonized_CCD,8.0,2.0,8.0,0.0,4.545454545454545,0.0,1.1363636363636362,4.545454545454545,1.7045454545454544,2.9545454545454546,61.13636363636363,7.434944237918216,0.0,1.858736059479554,7.434944237918216,3.597122302158273,3.597122302158273,48.381294964028775,1.2,1.6,293.3333333333333,880.0,17.933333333333334
2023-2024,2010140,Olathe,Olathe,KS,Johnson County,52.0,51.0,28590.0,824.0,27766.0,1859.0,87.0,465.3,523.9,1147.4,0.0,2223.6,2136.6,655.5,85.55,85.0,35.8,262.5,51.0,99.0,103.0,12.0,22.0,552.9,4187.85,NCES_CCD_LEA_Official_Releases,Regular Public District,Major Suburban Unified,True,False,False,False,False,Modern_Harmonized_CCD,111.0,97.55,196.55,85.55,3.882476390346275,2.992305001748863,3.4120321790835955,6.874781392095138,2.973067506121021,9.181532004197273,74.73242392444911,5.195169896096602,4.004025086586165,4.565665075353365,9.199194982682767,2.650524732261184,4.69333906419762,51.019019305849056,1.9038461538461537,3.7798076923076924,288.7878787878788,2382.5,21.581818181818182
2023-2024,2010260,Osawatomie,Osawatomie,KS,Miami County,5.0,4.0,1047.0,112.0,935.0,78.0,5.0,22.5,21.0,36.75,0.0,85.25,80.25,13.0,4.0,5.0,1.0,8.0,1.0,5.0,7.0,2.0,4.0,44.0,179.25,NCES_CCD_LEA_Official_Releases,Regular Public District,Independent Town / Exurban,True,False,False,False,False,Modern_Harmonized_CCD,7.0,6.0,11.0,4.0,6.685768863419294,3.8204393505253105,5.730659025787966,10.506208213944603,4.7755491881566385,7.640878701050621,76.64756446991404,8.722741433021806,4.984423676012461,7.476635514018691,13.707165109034266,3.905160390516039,6.136680613668061,44.76987447698745,1.0,2.2,209.4,523.5,16.05
2023-2024,2010500,Paola,Paola,KS,Miami County,4.0,4.0,1810.0,27.0,1783.0,106.0,1.94,20.62,45.5,65.0,0.0,133.06,131.12,256.0,2.62,2.0,2.0,45.0,0.0,6.0,15.0,0.0,6.0,30.0,497.68,NCES_CCD_LEA_Official_Releases,Regular Public District,Independent Town / Exurban,True,False,False,False,False,Modern_Harmonized_CCD,6.0,2.62,8.620000000000001,2.62,3.314917127071823,1.4475138121546962,1.4475138121546962,4.76243093922652,1.1049723756906078,24.861878453038674,72.44198895027624,4.575960951799877,1.9981696156192803,1.9981696156192803,6.574130567419159,1.2055939559556341,1.7320366500562612,26.346246584150457,1.5,2.1550000000000002,301.6666666666667,,21.853333333333335
2023-2024,2010680,Piper-Kansas City,Piper-Kansas City,KS,Wyandotte County,4.0,4.0,2774.0,130.0,2644.0,176.0,8.0,34.0,47.0,103.0,0.0,192.0,184.0,27.4,7.0,9.0,4.0,19.2,4.0,13.0,10.0,4.0,5.0,19.4,314.0,NCES_CCD_LEA_Official_Releases,Regular Public District,Independent Town / Exurban,True,False,False,False,False,Modern_Harmonized_CCD,17.0,11.0,24.0,7.0,6.128334534967555,2.523431867339582,3.9653929343907715,8.651766402307137,3.2444124008651762,6.92141312184571,66.33020908435472,9.239130434782608,3.804347826086957,5.978260869565218,13.043478260869565,5.414012738853503,7.643312101910828,58.59872611464968,3.25,6.0,213.3846153846154,693.5,14.153846153846153
2023-2024,2000018,School for Blind,School for Blind,KS,Wyandotte County,2.0,0.0,29.0,0.0,29.0,0.0,0.0,28.0,0.0,25.0,0.0,53.0,53.0,0.0,0.0,0.0,0.0,0.0,0.0,1.0,0.0,2.0,0.0,0.0,56.0,NCES_CCD_LEA_Official_Releases,Specialized State Agency,Specialized State Agency,False,False,False,False,False,Modern_Harmonized_CCD,3.0,2.0,3.0,0.0,103.44827586206897,0.0,68.9655172413793,103.44827586206897,0.0,0.0,1827.5862068965519,5.660377358490567,0.0,3.7735849056603774,5.660377358490567,5.357142857142857,5.357142857142857,94.64285714285714,0.5,1.5,29.0,14.5,53.0
2023-2024,2000019,School for Deaf,School for Deaf,KS,Johnson County,2.0,0.0,130.0,15.0,115.0,4.0,3.0,3.0,8.0,14.5,0.0,28.5,25.5,0.0,1.0,0.0,0.0,0.0,1.0,2.0,0.0,1.0,0.0,0.0,33.5,NCES_CCD_LEA_Official_Releases,Specialized State Agency,Specialized State Agency,False,False,False,False,False,Modern_Harmonized_CCD,3.0,2.0,4.0,1.0,23.076923076923077,7.6923076923076925,15.384615384615385,30.76923076923077,0.0,0.0,196.15384615384616,11.76470588235294,3.9215686274509802,7.8431372549019605,15.686274509803921,8.955223880597014,11.940298507462686,76.11940298507463,1.0,2.0,65.0,130.0,12.75
2023-2024,2011640,Shawnee Mission Pub Sch,Shawnee Mission Pub Sch,KS,Johnson County,45.0,44.0,26464.0,777.0,25687.0,1893.0,33.0,490.9,619.9,756.49,0.0,1900.29,1867.29,562.7,123.71,36.0,22.0,221.5,34.7,95.5,83.0,13.0,50.5,489.3,3632.2,NCES_CCD_LEA_Official_Releases,Regular Public District,Major Suburban Unified,True,False,False,False,False,Modern_Harmonized_CCD,108.5,136.70999999999998,232.20999999999998,123.71,4.099909310761789,4.674652357920193,5.165885731559854,8.774561668681981,1.3603385731559856,8.369860943168078,70.55962817412335,5.810559688104151,6.625109115348982,7.321305207011229,12.435668803453131,2.987170310004956,6.393095093882495,51.40933869280326,2.1222222222222222,5.160222222222222,277.10994764397907,2035.6923076923076,19.552774869109946
2023-2024,2011850,Spring Hill,Spring Hill,KS,Johnson County,11.0,9.0,5633.0,135.0,5498.0,378.0,7.0,92.0,87.0,168.52,0.0,354.52,347.52,59.4,11.5,13.0,5.0,28.3,9.0,19.0,25.2,3.0,11.1,62.0,601.02,NCES_CCD_LEA_Official_Releases,Regular Public District,Independent Town / Exurban,True,False,False,False,False,Modern_Harmonized_CCD,22.0,14.5,33.5,11.5,3.905556541807208,2.04154091958104,2.5741168116456596,5.947097461388248,2.3078288656133497,5.023965915142908,61.69359133676548,6.330570902394108,3.3091620626151017,4.172421731123388,9.639732965009209,3.660443912016239,5.573857775115637,57.82170310472197,1.7272727272727273,3.0454545454545454,296.4736842105263,1877.6666666666667,18.290526315789474
2023-2024,2012210,Tonganoxie,Tonganoxie,KS,Leavenworth County,3.0,3.0,2010.0,109.0,1901.0,119.0,3.0,29.4,44.7,78.93,0.0,156.03,153.03,43.7,12.9,6.0,0.0,12.5,0.0,7.0,9.0,2.0,3.8,48.3,301.23,NCES_CCD_LEA_Official_Releases,Regular Public District,Independent Town / Exurban,True,False,False,False,False,Modern_Harmonized_CCD,9.0,14.9,21.9,12.9,4.477611940298508,6.417910447761194,7.412935323383085,10.8955223880597,2.985074626865672,6.218905472636816,76.13432835820895,5.881199764752009,8.429719662811214,9.736652943867217,14.31091942756322,2.9877502240812666,7.270192211931081,50.80171297679513,2.3333333333333335,7.3,287.14285714285717,1005.0,21.861428571428572
2023-2024,2012360,Turner-Kansas City,Turner-Kansas City,KS,Wyandotte County,8.0,7.0,3901.0,204.0,3697.0,250.0,7.0,58.42,85.42,131.58,0.0,282.42,275.42,44.9,9.0,11.0,4.0,46.7,4.0,20.0,15.9,5.0,11.0,84.0,537.92,NCES_CCD_LEA_Official_Releases,Regular Public District,Independent Town / Exurban,True,False,False,False,False,Modern_Harmonized_CCD,25.0,14.0,34.0,9.0,6.40861317610869,2.3071007433991286,3.5888233786208663,8.715713919507818,2.819789797487824,11.971289412971034,70.60240963855422,9.077045966160773,3.267736547817878,5.083145741050032,12.34478251397865,4.647531231409875,6.320642474717431,51.20092207019632,2.5,4.25,195.05,780.2,13.771
2023-2024,2900017,ACADEMIE LAFAYETTE,ACADEMIE LAFAYETTE,MO,Jackson County,4.0,4.0,1352.0,11.0,1341.0,168.0,0.0,7.67,35.16,21.0,0.0,63.83,63.83,3.0,0.0,1.0,0.0,4.75,3.0,3.5,0.0,0.5,8.0,2.0,89.58,NCES_CCD_LEA_Official_Releases,Charter LEA,Charter LEA,False,False,False,False,False,Modern_Harmonized_CCD,4.0,0.5,4.0,0.0,2.9585798816568047,0.0,0.3698224852071006,2.9585798816568047,0.7396449704142012,3.5133136094674557,47.21153846153846,6.266645777847407,0.0,0.7833307222309259,6.266645777847407,4.465282429113642,4.465282429113642,71.25474436258094,0.875,1.0,386.2857142857143,2704.0,18.237142857142857
2023-2024,2900604,ACADEMY FOR INTEGRATED ARTS,ACADEMY FOR INTEGRATED ARTS,MO,Jackson County,1.0,1.0,270.0,11.0,259.0,48.0,1.0,4.0,21.25,0.0,0.0,26.25,25.25,6.0,0.25,0.0,0.0,4.0,0.0,3.0,0.0,1.0,2.0,0.0,42.5,NCES_CCD_LEA_Official_Releases,Charter LEA,Charter LEA,False,False,False,False,False,Modern_Harmonized_CCD,4.0,1.25,4.25,0.25,14.814814814814815,0.9259259259259259,4.62962962962963,15.740740740740739,0.0,14.814814814814815,93.51851851851852,15.841584158415841,0.9900990099009901,4.9504950495049505,16.831683168316832,9.411764705882353,10.0,59.411764705882355,3.0,4.25,90.0,270.0,8.416666666666666
2023-2024,2900025,ALLEN VILLAGE,ALLEN VILLAGE,MO,Jackson County,5.0,4.0,422.0,12.0,410.0,22.0,0.0,1.28,12.79,18.28,0.0,32.35,32.35,4.0,2.0,1.9,0.0,1.4,0.0,1.0,0.0,0.75,0.0,0.0,43.4,NCES_CCD_LEA_Official_Releases,Charter LEA,Charter LEA,False,False,False,False,False,Modern_Harmonized_CCD,1.75,2.75,3.75,2.0,4.146919431279621,4.739336492890995,6.516587677725118,8.886255924170616,4.502369668246446,3.3175355450236967,76.65876777251185,5.4095826893353935,6.182380216383308,8.500772797527048,11.591962905718702,4.032258064516129,8.640552995391705,74.53917050691244,0.2,0.75,422.0,562.6666666666666,32.35
2023-2024,2903200,ARCHIE R-V,ARCHIE R-V,MO,Cass County,2.0,2.0,524.0,9.0,515.0,35.0,1.23,2.27,13.6,24.5,0.0,41.6,40.37,10.71,0.0,1.0,0.0,1.79,0.57,2.5,0.0,1.0,4.0,7.5,70.67,NCES_CCD_LEA_Official_Releases,Regular Public District,Rural / Peripheral,True,False,False,False,False,Modern_Harmonized_CCD,3.5,1.0,3.5,0.0,6.679389312977099,0.0,1.9083969465648853,6.679389312977099,1.9083969465648853,3.416030534351145,77.04198473282442,8.669804310131287,0.0,2.4770869457517963,8.669804310131287,4.952596575633224,4.952596575633224,57.12466393094665,1.25,1.75,209.6,524.0,16.148
2023-2024,2904620,BELTON 124,BELTON 124,MO,Cass County,8.0,7.0,4205.0,224.0,3981.0,308.0,14.49,16.05,121.97,136.02,0.0,288.53,274.04,70.78,12.51,13.0,0.0,29.4,6.0,16.0,0.0,6.0,35.0,72.0,549.22,NCES_CCD_LEA_Official_Releases,Regular Public District,Independent Town / Exurban,True,False,False,False,False,Modern_Harmonized_CCD,22.0,18.509999999999998,34.51,12.51,5.231866825208086,2.9750297265160524,4.401902497027348,8.206896551724137,3.0915576694411415,6.99167657550535,65.17003567181926,8.028025105823968,4.565027003357174,6.754488395854619,12.59305210918114,4.005680783656822,6.283456538363497,49.89621645242344,2.0,4.31375,262.8125,700.8333333333334,17.1275
2023-2024,2905310,BLUE SPRINGS R-IV,BLUE SPRINGS R-IV,MO,Jackson County,21.0,20.0,14744.0,175.0,14569.0,1037.0,18.17,65.9,390.98,515.78,0.0,990.83,972.66,125.0,23.56,54.0,2.0,79.4,12.0,61.0,2.0,7.0,164.0,763.0,2283.79,NCES_CCD_LEA_Official_Releases,Regular Public District,Major Suburban Unified,True,False,False,False,False,Modern_Harmonized_CCD,68.0,30.56,91.56,23.56,4.612045577862181,1.597938144329897,2.0727075420510035,6.209983722192078,3.6625067824199675,5.385241454150842,65.96988605534455,6.991137704850615,2.4222235930335367,3.141899533238747,9.413361297884153,2.977506688443333,4.009125182262817,42.58973022913665,2.9047619047619047,4.36,241.70491803278688,2106.285714285714,15.945245901639344
2023-2024,2900024,BROOKSIDE CHARTER SCH.,BROOKSIDE CHARTER SCH.,MO,Jackson County,2.0,2.0,713.0,30.0,683.0,74.0,1.0,6.78,46.34,22.64,0.0,76.76,75.76,8.7,3.0,2.9,0.0,6.34,1.0,5.0,0.0,1.0,5.0,7.0,116.7,NCES_CCD_LEA_Official_Releases,Charter LEA,Charter LEA,False,False,False,False,False,Modern_Harmonized_CCD,6.0,4.0,9.0,3.0,8.415147265077138,4.207573632538569,5.610098176718092,12.622720897615707,4.067321178120617,8.892005610098176,106.25525946704067,7.9197465681098205,3.9598732840549102,5.279831045406547,11.87961985216473,5.141388174807198,7.712082262210797,64.91859468723223,2.5,4.5,142.6,713.0,15.152000000000001
2023-2024,2908250,CENTER 58,CENTER 58,MO,Jackson County,8.0,6.0,2454.0,118.0,2336.0,196.0,12.0,8.0,81.6,105.84,0.0,207.44,195.44,51.0,7.12,7.8,2.0,31.9,1.75,13.0,0.0,1.0,39.0,34.0,396.01,NCES_CCD_LEA_Official_Releases,Regular Public District,Urban Core Unified,True,False,False,False,False,Modern_Harmonized_CCD,14.0,8.120000000000001,21.12,7.12,5.704971475142624,2.9013854930725347,3.3088834555827225,8.60635696821516,3.178484107579462,12.99918500407498,79.64140179299103,7.163323782234957,3.6430618092509213,4.154727793696276,10.806385591485878,3.53526426100351,5.333198656599581,49.352289083609,1.625,2.64,188.76923076923077,2454.0,15.033846153846154
2023-2024,2900612,CITIZENS OF THE WORLD CHARTER,CITIZENS OF THE WORLD CHARTER,MO,Jackson County,2.0,2.0,368.0,9.0,359.0,43.0,0.0,3.69,15.06,10.45,0.0,29.2,29.2,5.0,2.0,2.0,0.0,3.0,0.0,1.8,0.0,1.0,2.0,1.0,47.0,NCES_CCD_LEA_Official_Releases,Charter LEA,Charter LEA,False,False,False,False,False,Modern_Harmonized_CCD,2.8,3.0,4.8,2.0,7.608695652173912,5.434782608695652,8.152173913043478,13.043478260869565,5.434782608695652,8.152173913043478,79.34782608695652,9.58904109589041,6.8493150684931505,10.273972602739727,16.43835616438356,5.957446808510638,10.212765957446807,62.12765957446808,0.9,2.4,204.44444444444443,368.0,16.22222222222222
2023-2024,2900603,CROSSROADS CHARTER SCHOOLS,CROSSROADS CHARTER SCHOOLS,MO,Jackson County,3.0,3.0,1020.0,13.0,1007.0,79.0,0.0,8.05,49.95,40.0,0.0,98.0,98.0,11.0,3.0,4.0,0.0,15.0,0.0,7.0,0.0,1.0,13.0,0.0,152.0,NCES_CCD_LEA_Official_Releases,Charter LEA,Charter LEA,False,False,False,False,False,Modern_Harmonized_CCD,8.0,4.0,11.0,3.0,7.8431372549019605,2.941176470588235,3.9215686274509802,10.784313725490195,3.9215686274509802,14.705882352941176,96.07843137254902,8.16326530612245,3.061224489795918,4.081632653061225,11.224489795918368,5.263157894736842,7.236842105263158,64.47368421052632,2.3333333333333335,3.6666666666666665,145.71428571428572,1020.0,14.0
2023-2024,2900593,DELASALLE CHARTER SCHOOL,DELASALLE CHARTER SCHOOL,MO,Jackson County,2.0,2.0,206.0,0.0,206.0,0.0,0.0,0.0,0.0,10.92,0.0,10.92,10.92,2.0,2.24,2.85,0.0,1.7,0.0,1.29,0.0,2.0,4.0,10.0,37.0,NCES_CCD_LEA_Official_Releases,Charter LEA,Charter LEA,False,False,False,False,False,Modern_Harmonized_CCD,3.29,4.24,5.53,2.24,15.970873786407768,10.873786407766993,20.58252427184466,26.844660194174757,13.83495145631068,8.252427184466018,53.00970873786408,30.128205128205128,20.512820512820515,38.82783882783883,50.641025641025635,8.891891891891893,14.945945945945946,29.513513513513512,0.645,2.765,159.68992248062014,103.0,8.465116279069766
2023-2024,2900009,DIVISION OF YOUTH SERVICE,DIVISION OF YOUTH SERVICE,MO,Clay County,5.0,4.0,570.0,0.0,570.0,0.0,0.0,0.0,0.0,77.0,0.0,77.0,77.0,0.0,6.0,0.0,0.0,1.0,0.0,0.0,0.0,0.0,0.0,0.0,84.0,NCES_CCD_LEA_Official_Releases,Specialized State Agency,Specialized State Agency,False,False,False,False,False,Modern_Harmonized_CCD,0.0,6.0,6.0,6.0,0.0,10.526315789473683,10.526315789473683,10.526315789473683,0.0,1.7543859649122808,135.08771929824562,0.0,7.792207792207792,7.792207792207792,7.792207792207792,0.0,7.142857142857142,91.66666666666666,0.0,1.2,,,
2023-2024,2911070,DREXEL R-IV,DREXEL R-IV,MO,Cass County,2.0,2.0,274.0,0.0,274.0,20.0,0.0,2.47,11.8,15.63,0.0,29.9,29.9,6.0,0.0,0.0,0.0,1.2,0.0,1.9,0.0,1.0,3.0,3.0,46.0,NCES_CCD_LEA_Official_Releases,Regular Public District,Rural / Peripheral,True,False,False,False,False,Modern_Harmonized_CCD,2.9,1.0,2.9,0.0,10.583941605839417,0.0,3.6496350364963503,10.583941605839417,0.0,4.3795620437956195,109.12408759124087,9.698996655518394,0.0,3.3444816053511706,9.698996655518394,6.304347826086956,6.304347826086956,65.0,0.95,1.45,144.21052631578948,274.0,15.736842105263158
2023-2024,2911160,EAST LYNNE 40,EAST LYNNE 40,MO,Cass County,1.0,1.0,166.0,12.0,154.0,17.0,1.0,1.21,14.79,0.0,0.0,17.0,16.0,4.0,0.0,0.5,0.0,0.0,0.0,0.0,0.0,1.0,2.0,4.0,28.5,NCES_CCD_LEA_Official_Releases,Regular Public District,Rural / Peripheral,True,False,False,False,False,Modern_Harmonized_CCD,1.0,1.0,1.0,0.0,6.024096385542169,0.0,6.024096385542169,6.024096385542169,3.0120481927710845,0.0,96.3855421686747,6.25,0.0,6.25,6.25,3.508771929824561,3.508771929824561,56.14035087719298,0.0,1.0,,166.0,
2023-2024,2900597,EWING MARION KAUFFMAN SCHOOL,EWING MARION KAUFFMAN SCHOOL,MO,Jackson County,2.0,2.0,909.0,0.0,909.0,0.0,0.0,0.0,0.0,83.0,0.0,83.0,83.0,0.0,8.63,0.0,0.0,4.0,0.0,5.0,0.0,1.37,0.0,0.0,102.0,NCES_CCD_LEA_Official_Releases,Charter LEA,Charter LEA,False,False,False,False,False,Modern_Harmonized_CCD,6.37,10.0,15.0,8.63,7.007700770077008,9.493949394939493,11.001100110011002,16.5016501650165,0.0,4.4004400440044,91.30913091309131,7.674698795180723,10.397590361445785,12.048192771084338,18.072289156626507,6.245098039215686,14.705882352941178,81.37254901960785,2.5,7.5,181.8,663.5036496350365,16.6
2023-2024,2911650,EXCELSIOR SPRINGS 40,EXCELSIOR SPRINGS 40,MO,Clay County,8.0,5.0,2638.0,171.0,2467.0,186.0,8.0,10.58,69.92,108.87,0.0,197.37,189.37,35.0,9.0,6.46,0.0,17.45,4.0,12.59,0.0,5.0,0.0,1.51,288.38,NCES_CCD_LEA_Official_Releases,Regular Public District,Independent Town / Exurban,True,False,False,False,False,Modern_Harmonized_CCD,17.59,14.0,26.59,9.0,6.667930250189538,3.411675511751327,5.30705079605762,10.079605761940865,2.4488248673237303,6.614859742228961,71.78544351781653,9.288694090933094,4.752600728732111,7.392934466916618,14.041294819665207,6.099590817671128,9.220472987031,65.66682849018656,1.57375,3.32375,209.53137410643367,527.6,15.04130262112788
2023-2024,2912290,FORT OSAGE R-I,FORT OSAGE R-I,MO,Jackson County,11.0,8.0,4796.0,134.0,4662.0,334.0,11.21,21.0,161.42,164.37,0.0,358.0,346.79,95.35,2.2,16.0,0.0,31.3,12.0,15.8,0.0,8.0,56.0,175.23,769.88,NCES_CCD_LEA_Official_Releases,Regular Public District,Independent Town / Exurban,True,False,False,False,False,Modern_Harmonized_CCD,23.8,10.2,26.0,2.2,4.962468723936614,0.45871559633027525,2.126772310258549,5.42118432026689,3.336113427856547,6.52627189324437,72.30817347789825,6.862942991435739,0.6343896882839759,2.9412612820438877,7.497332679719715,3.091390866109004,3.377149685665298,45.044682288148806,1.4363636363636365,2.3636363636363638,303.54430379746833,599.5,21.94873417721519
2023-2024,2900590,FRONTIER SCHOOLS,FRONTIER SCHOOLS,MO,Jackson County,5.0,5.0,1539.0,53.0,1486.0,99.0,2.0,5.61,51.49,102.8,0.0,161.9,159.9,9.0,6.0,4.0,0.0,11.0,3.0,13.0,0.0,2.0,0.0,0.0,209.9,NCES_CCD_LEA_Official_Releases,Charter LEA,Charter LEA,False,False,False,False,False,Modern_Harmonized_CCD,15.0,8.0,21.0,6.0,9.746588693957115,3.898635477582846,5.198180636777128,13.64522417153996,2.599090318388564,7.147498375568551,103.89863547758286,9.380863039399625,3.7523452157598496,5.003126954346467,13.133208255159474,7.146260123868508,10.00476417341591,76.1791329204383,2.6,4.2,118.38461538461539,769.5,12.3
2023-2024,2900016,GENESIS SCHOOL INC.,GENESIS SCHOOL INC.,MO,Jackson County,1.0,1.0,209.0,8.0,201.0,16.0,1.0,1.1,0.0,16.2,0.0,18.3,17.3,12.5,3.0,0.0,0.0,7.0,0.0,2.0,0.0,1.0,3.0,0.0,46.8,NCES_CCD_LEA_Official_Releases,Charter LEA,Charter LEA,False,False,False,False,False,Modern_Harmonized_CCD,3.0,4.0,6.0,3.0,14.354066985645934,14.354066985645934,19.138755980861244,28.70813397129187,0.0,33.49282296650718,82.77511961722489,17.341040462427745,17.341040462427745,23.121387283236995,34.68208092485549,6.4102564102564115,12.820512820512823,36.965811965811966,2.0,6.0,104.5,209.0,8.65
2023-2024,2900015,GORDON PARKS ELEM.,GORDON PARKS ELEM.,MO,Jackson County,1.0,1.0,114.0,8.0,106.0,24.0,0.0,3.42,9.06,0.0,0.0,12.48,12.48,4.0,2.0,1.0,0.0,1.0,0.0,2.0,0.0,0.0,2.0,2.5,26.98,NCES_CCD_LEA_Official_Releases,Charter LEA,Charter LEA,False,False,False,False,False,Modern_Harmonized_CCD,2.0,2.0,4.0,2.0,17.543859649122805,17.543859649122805,17.543859649122805,35.08771929824561,8.771929824561402,8.771929824561402,109.47368421052632,16.025641025641026,16.025641025641026,16.025641025641026,32.05128205128205,7.412898443291327,14.825796886582655,46.256486286137886,2.0,4.0,57.0,,6.24
2023-2024,2913080,GRAIN VALLEY R-V,GRAIN VALLEY R-V,MO,Jackson County,8.0,7.0,4448.0,87.0,4361.0,294.0,11.0,17.62,141.55,172.37,0.0,342.54,331.54,72.4,10.46,12.0,2.0,26.0,6.8,19.0,0.0,3.0,35.0,199.0,728.2,NCES_CCD_LEA_Official_Releases,Regular Public District,Independent Town / Exurban,True,False,False,False,False,Modern_Harmonized_CCD,22.0,13.46,32.46,10.46,4.946043165467626,2.351618705035971,3.0260791366906474,7.297661870503598,2.697841726618705,5.845323741007195,74.53687050359713,6.635700066357001,3.154973758822465,4.0598419496893285,9.790673825179464,3.021148036253776,4.457566602581709,45.52870090634441,2.375,4.0575,234.10526315789474,1482.6666666666667,17.449473684210528
2023-2024,2913140,GRANDVIEW C-4,GRANDVIEW C-4,MO,Jackson County,9.0,7.0,3689.0,141.0,3548.0,260.0,12.5,17.38,131.26,118.37,0.0,279.51,267.01,52.62,6.8,13.0,3.0,18.05,7.25,15.95,0.0,4.0,52.93,51.76,504.87,NCES_CCD_LEA_Official_Releases,Regular Public District,Independent Town / Exurban,True,False,False,False,False,Modern_Harmonized_CCD,19.95,10.8,26.75,6.8,5.40796963946869,1.8433179723502304,2.9276226619680132,7.251287611818921,3.5239902412577937,4.892924911900244,72.38004879371103,7.471630276019625,2.5467210965881426,4.044792329875286,10.018351372607768,3.9515122704854715,5.298393645889041,52.88688177154515,1.7722222222222221,2.9722222222222223,231.28526645768025,922.25,16.740438871473355
2023-2024,2900029,GUADALUPE CENTERS SCHOOLS,GUADALUPE CENTERS SCHOOLS,MO,Jackson County,3.0,3.0,1609.0,73.0,1536.0,116.0,3.0,7.85,56.15,69.0,0.0,136.0,133.0,29.0,4.0,1.0,0.0,17.0,0.0,8.0,0.0,3.0,0.0,0.0,198.0,NCES_CCD_LEA_Official_Releases,Charter LEA,Charter LEA,False,False,False,False,False,Modern_Harmonized_CCD,11.0,7.0,15.0,4.0,6.836544437538843,2.486016159105034,4.35052827843381,9.322560596643878,0.6215040397762585,10.565568676196396,82.66003729024239,8.270676691729323,3.007518796992481,5.263157894736842,11.278195488721805,5.555555555555555,7.575757575757576,67.17171717171718,2.6666666666666665,5.0,201.125,536.3333333333334,16.625
2023-2024,2913680,HARDIN-CENTRAL C-2,HARDIN-CENTRAL C-2,MO,Ray County,2.0,2.0,224.0,20.0,204.0,18.0,1.05,1.12,10.47,11.36,0.0,24.0,22.95,3.4,0.0,1.0,0.0,1.2,0.0,1.9,0.0,1.0,0.0,0.0,32.5,NCES_CCD_LEA_Official_Releases,Regular Public District,Rural / Peripheral,True,False,False,False,False,Modern_Harmonized_CCD,2.9,1.0,2.9,0.0,12.946428571428571,0.0,4.464285714285714,12.946428571428571,4.464285714285714,5.357142857142857,102.45535714285714,12.636165577342048,0.0,4.357298474945534,12.636165577342048,8.923076923076923,8.923076923076923,70.61538461538461,0.95,1.45,117.89473684210527,224.0,12.078947368421053
2023-2024,2913760,HARRISONVILLE R-IX,HARRISONVILLE R-IX,MO,Cass County,7.0,5.0,2208.0,85.0,2123.0,131.0,3.5,8.37,58.77,100.61,0.0,171.25,167.75,25.5,6.75,9.0,0.0,16.25,4.0,7.3,0.0,5.0,25.0,15.14,285.19,NCES_CCD_LEA_Official_Releases,Regular Public District,Independent Town / Exurban,True,False,False,False,False,Modern_Harmonized_CCD,12.3,11.75,19.05,6.75,5.570652173913043,3.0570652173913047,5.321557971014493,8.627717391304348,4.076086956521739,7.359601449275362,75.97373188405797,7.332339791356185,4.023845007451564,7.004470938897168,11.35618479880775,4.31291419755251,6.679757354745959,58.82043549914092,1.042857142857143,2.7214285714285715,302.4657534246575,441.6,22.97945205479452
2023-2024,2914340,HICKMAN MILLS C-1,HICKMAN MILLS C-1,MO,Jackson County,13.0,11.0,4981.0,371.0,4610.0,416.0,30.9,21.17,160.5,179.09,0.0,391.66,360.76,59.0,16.0,13.0,6.37,58.4,9.0,20.0,0.0,5.0,63.0,115.4,756.83,NCES_CCD_LEA_Official_Releases,Regular Public District,Rural / Peripheral,True,False,False,False,False,Modern_Harmonized_CCD,25.0,21.0,41.0,16.0,5.019072475406545,3.2122063842601887,4.216020879341498,8.231278859666734,2.6099176872114036,11.724553302549689,72.42722344910659,6.9298148353476,4.435081494622463,5.821044461691984,11.364896329970064,3.3032517209941465,5.4173328224304,47.667243634633934,1.5384615384615385,3.1538461538461537,249.05,996.2,18.038
2023-2024,2900014,HOGAN PREPARATORY ACADEMY,HOGAN PREPARATORY ACADEMY,MO,Jackson County,3.0,3.0,901.0,15.0,886.0,50.0,0.0,3.14,32.36,51.5,0.0,87.0,87.0,2.0,2.0,4.0,0.0,6.0,0.0,6.0,0.0,0.3,7.0,0.0,114.3,NCES_CCD_LEA_Official_Releases,Charter LEA,Charter LEA,False,False,False,False,False,Modern_Harmonized_CCD,6.3,2.3,8.3,2.0,6.992230854605993,2.2197558268590454,2.552719200887902,9.211986681465039,4.439511653718091,6.659267480577136,96.55937846836848,7.2413793103448265,2.2988505747126435,2.6436781609195403,9.540229885057471,5.511811023622047,7.26159230096238,76.11548556430446,2.0,2.766666666666667,150.16666666666666,3003.3333333333335,14.5
2023-2024,2900601,HOPE LEADERSHIP ACADEMY,HOPE LEADERSHIP ACADEMY,MO,Jackson County,1.0,1.0,96.0,0.0,96.0,11.0,0.0,1.33,10.07,0.0,0.0,11.4,11.4,1.0,1.0,0.0,0.0,3.0,0.0,0.85,0.0,0.0,5.0,1.0,23.25,NCES_CCD_LEA_Official_Releases,Charter LEA,Charter LEA,False,False,False,False,False,Modern_Harmonized_CCD,0.85,1.0,1.85,1.0,8.854166666666666,10.416666666666666,10.416666666666666,19.270833333333336,0.0,31.25,118.75000000000001,7.456140350877193,8.771929824561402,8.771929824561402,16.228070175438596,3.655913978494624,7.956989247311828,49.032258064516135,0.85,1.85,112.94117647058823,,13.411764705882353
2023-2024,2915480,INDEPENDENCE 30,INDEPENDENCE 30,MO,Jackson County,31.0,28.0,14168.0,535.0,13633.0,1014.0,19.77,28.54,418.05,472.68,0.0,939.04,919.27,130.62,22.0,38.42,5.98,150.46,25.9,59.0,0.0,10.0,0.0,13.0,1394.42,NCES_CCD_LEA_Official_Releases,Regular Public District,Major Suburban Unified,True,False,False,False,False,Modern_Harmonized_CCD,69.0,32.0,91.0,22.0,4.87012987012987,1.5527950310559004,2.258610954263128,6.4229249011857705,2.7117447769621683,10.619706380575947,64.8835403726708,7.505955812764477,2.3932033026205577,3.4810229856299024,9.899159115385034,4.948293914315629,6.526010814532207,65.9249006755497,1.903225806451613,2.935483870967742,240.135593220339,1416.8,15.580847457627119
2023-2024,2916400,KANSAS CITY 33,KANSAS CITY 33,MO,Jackson County,33.0,32.0,14694.0,1074.0,13620.0,1126.0,28.99,83.45,574.81,488.64,0.0,1175.89,1146.9,147.96,41.0,41.69,20.5,137.14,14.5,66.0,0.0,6.7,46.0,914.0,2611.38,NCES_CCD_LEA_Official_Releases,Regular Public District,Urban Core Unified,True,False,False,False,False,Modern_Harmonized_CCD,72.7,47.7,113.7,41.0,4.947597658908398,2.7902545256567306,3.246222948142099,7.737852184565129,2.8372124676738806,9.33306111337961,78.05226623111474,6.338826401604325,3.5748539541372395,4.159037405179179,9.913680355741564,2.783968629613461,4.354019713714587,43.919307033062985,2.0,3.4454545454545453,222.63636363636363,2193.1343283582087,17.37727272727273
2023-2024,2900615,KANSAS CITY GIRLS PREP ACADEMY,KANSAS CITY GIRLS PREP ACADEMY,MO,Jackson County,2.0,2.0,162.0,0.0,162.0,0.0,0.0,0.0,0.0,28.16,0.0,28.16,28.16,0.0,3.0,0.0,0.0,6.84,0.0,3.0,0.0,0.0,0.0,0.0,41.0,NCES_CCD_LEA_Official_Releases,Charter LEA,Charter LEA,False,False,False,False,False,Modern_Harmonized_CCD,3.0,3.0,6.0,3.0,18.51851851851852,18.51851851851852,18.51851851851852,37.03703703703704,0.0,42.22222222222222,173.82716049382717,10.653409090909092,10.653409090909092,10.653409090909092,21.306818181818183,7.317073170731707,14.634146341463413,68.6829268292683,1.5,3.0,54.0,,9.386666666666667
2023-2024,2900013,KC INTERNATIONAL ACADEMY,KC INTERNATIONAL ACADEMY,MO,Jackson County,1.0,1.0,654.0,17.0,637.0,52.0,0.0,4.62,81.03,0.0,0.0,85.65,85.65,6.0,2.0,3.0,0.0,16.38,0.0,4.0,0.0,1.0,2.0,4.0,124.03,NCES_CCD_LEA_Official_Releases,Charter LEA,Charter LEA,False,False,False,False,False,Modern_Harmonized_CCD,5.0,3.0,7.0,2.0,7.6452599388379205,3.058103975535168,4.587155963302752,10.703363914373089,4.587155963302752,25.045871559633024,130.9633027522936,5.837711617046117,2.335084646818447,3.502626970227671,8.172796263864566,4.031282754172378,5.643795855841328,69.05587357897284,4.0,7.0,163.5,654.0,21.4125
2023-2024,2916450,KEARNEY R-I,KEARNEY R-I,MO,Clay County,9.0,8.0,3500.0,77.0,3423.0,248.0,7.5,13.0,97.5,137.63,0.0,255.63,248.13,75.91,6.2,11.5,0.0,25.41,7.0,13.0,0.0,3.0,28.0,52.66,478.31,NCES_CCD_LEA_Official_Releases,Regular Public District,Independent Town / Exurban,True,False,False,False,False,Modern_Harmonized_CCD,16.0,9.2,22.2,6.2,4.571428571428572,1.7714285714285716,2.6285714285714286,6.3428571428571425,3.285714285714286,7.26,70.89428571428572,6.4482327812034015,2.4986902027163183,3.7077338491919556,8.94692298391972,3.345110911333654,4.6413413894754445,51.87639815182622,1.4444444444444444,2.466666666666667,269.2307692307692,1166.6666666666667,19.086923076923078
2023-2024,2900031,KIPP: ENDEAVOR ACADEMY,KIPP: ENDEAVOR ACADEMY,MO,Jackson County,2.0,2.0,852.0,35.0,817.0,55.0,2.5,3.75,0.0,82.45,0.0,88.7,86.2,9.0,3.16,7.8,0.0,14.44,0.25,9.4,0.0,3.0,3.0,9.0,147.75,NCES_CCD_LEA_Official_Releases,Charter LEA,Charter LEA,False,False,False,False,False,Modern_Harmonized_CCD,12.4,6.16,15.56,3.16,14.55399061032864,3.7089201877934275,7.230046948356808,18.262910798122064,9.154929577464788,16.948356807511736,101.1737089201878,14.385150812064964,3.6658932714617167,7.146171693735499,18.051044083526683,8.392554991539763,10.531302876480542,58.34179357021997,4.7,7.78,90.63829787234042,284.0,9.170212765957446
2023-2024,2918220,LAWSON R-XIV,LAWSON R-XIV,MO,Ray County,3.0,3.0,1114.0,0.0,1114.0,68.0,1.15,4.84,24.77,48.89,0.0,79.65,78.5,14.5,1.0,2.75,0.0,5.1,0.0,6.0,0.0,1.0,0.0,0.0,110.0,NCES_CCD_LEA_Official_Releases,Regular Public District,Rural / Peripheral,True,False,False,False,False,Modern_Harmonized_CCD,7.0,2.0,8.0,1.0,6.283662477558349,0.8976660682226212,1.7953321364452424,7.1813285457809695,2.468581687612208,4.578096947935368,70.46678635547576,8.9171974522293,1.2738853503184715,2.547770700636943,10.191082802547772,6.363636363636363,7.2727272727272725,71.36363636363636,2.0,2.6666666666666665,185.66666666666666,1114.0,13.083333333333334
2023-2024,2900028,LEE A. TOLBERT COM. ACADEMY,LEE A. TOLBERT COM. ACADEMY,MO,Jackson County,1.0,1.0,422.0,16.0,406.0,60.0,0.0,3.94,29.86,0.0,0.0,33.8,33.8,11.0,1.0,0.0,0.0,3.0,0.0,0.7,0.0,1.0,7.0,6.0,63.5,NCES_CCD_LEA_Official_Releases,Charter LEA,Charter LEA,False,False,False,False,False,Modern_Harmonized_CCD,1.7,2.0,2.7,1.0,4.028436018957346,2.3696682464454977,4.739336492890995,6.398104265402844,0.0,7.109004739336492,80.09478672985782,5.029585798816568,2.9585798816568047,5.9171597633136095,7.988165680473373,2.677165354330709,4.251968503937007,53.22834645669291,0.7,2.7,602.8571428571429,422.0,48.285714285714285
2023-2024,2918300,LEE'S SUMMIT R-VII,LEE'S SUMMIT R-VII,MO,Jackson County,29.0,27.0,17797.0,284.0,17513.0,1115.0,24.75,71.0,458.45,660.72,0.0,1214.92,1190.17,210.0,11.0,52.5,7.0,154.0,21.0,66.5,0.0,8.0,163.0,641.0,2548.92,NCES_CCD_LEA_Official_Releases,Regular Public District,Major Suburban Unified,True,False,False,False,False,Modern_Harmonized_CCD,74.5,19.0,85.5,11.0,4.186098780693375,0.6180816991627802,1.0675956621902567,4.804180479856155,2.9499353823678147,8.653143788278923,66.87475417205148,6.259609971684717,0.9242377139400253,1.5964105968054982,7.183847685624742,2.9228065219779356,3.354361847370651,46.69310923842255,2.293103448275862,2.9482758620689653,267.62406015037595,2224.625,17.897293233082706
2023-2024,2918540,LIBERTY 53,LIBERTY 53,MO,Clay County,20.0,17.0,12154.0,28.0,12126.0,759.0,25.8,47.56,336.26,462.39,0.0,872.01,846.21,129.12,12.01,39.6,10.0,55.63,15.35,46.7,0.0,6.0,100.0,609.88,1896.3,NCES_CCD_LEA_Official_Releases,Regular Public District,Major Suburban Unified,True,False,False,False,False,Modern_Harmonized_CCD,52.7,18.009999999999998,64.71000000000001,12.01,4.336021063024519,0.9881520487082442,1.481816685864736,5.3241731117327635,3.2581866052328454,4.577093960835939,69.62399210136581,6.227768520816346,1.4192694484820552,2.128313302844447,7.6470379692984025,2.779096134577862,3.4124347413383966,44.62426831197595,2.335,3.2355000000000005,260.25695931477514,2025.6666666666667,18.12012847965739
2023-2024,2919230,LONE JACK C-6,LONE JACK C-6,MO,Jackson County,2.0,2.0,740.0,46.0,694.0,47.0,1.5,3.45,20.05,30.13,0.0,55.13,53.63,7.75,2.63,2.74,0.0,7.0,0.93,3.0,0.0,1.0,7.25,7.5,94.93,NCES_CCD_LEA_Official_Releases,Regular Public District,Rural / Peripheral,True,False,False,False,False,Modern_Harmonized_CCD,4.0,3.63,6.63,2.63,5.405405405405405,3.554054054054054,4.905405405405405,8.95945945945946,3.702702702702703,9.45945945945946,72.47297297297298,7.458512026850643,4.9039716576542975,6.768599664366959,12.36248368450494,4.213631096597493,6.984093542610344,56.49425892763088,1.5,3.315,246.66666666666666,740.0,17.87666666666667
2023-2024,2931800,MIDWAY R-I,MIDWAY R-I,MO,Cass County,2.0,2.0,432.0,0.0,432.0,22.0,1.1,2.26,18.71,19.08,0.0,41.15,40.05,15.1,0.45,0.75,0.0,2.05,0.9,2.0,0.0,1.0,0.0,0.0,63.4,NCES_CCD_LEA_Official_Releases,Regular Public District,Rural / Peripheral,True,False,False,False,False,Modern_Harmonized_CCD,3.0,1.45,3.45,0.45,6.944444444444444,1.0416666666666667,3.3564814814814814,7.9861111111111125,1.736111111111111,4.74537037037037,92.70833333333333,7.490636704119851,1.1235955056179776,3.620474406991261,8.61423220973783,4.731861198738171,5.441640378548896,63.17034700315457,1.0,1.725,216.0,432.0,20.025
2023-2024,2921060,MISSOURI CITY 56,MISSOURI CITY 56,MO,Clay County,1.0,1.0,19.0,0.0,19.0,0.0,0.0,0.0,3.7,0.0,0.0,3.7,3.7,0.0,0.0,0.1,0.0,0.52,0.2,1.0,0.0,0.38,3.0,2.0,10.9,NCES_CCD_LEA_Official_Releases,Regular Public District,Rural / Peripheral,True,False,False,False,False,Modern_Harmonized_CCD,1.38,0.38,1.38,0.0,72.63157894736842,0.0,20.0,72.63157894736842,5.263157894736842,27.36842105263158,194.73684210526318,37.29729729729729,0.0,10.27027027027027,37.29729729729729,12.660550458715594,12.660550458715594,33.94495412844037,1.0,1.38,19.0,50.0,3.7
2023-2024,2900022,MO SCHLS FOR THE SEV DISABLED,MO SCHLS FOR THE SEV DISABLED,MO,Jackson County,5.0,0.0,692.0,0.0,692.0,9.0,0.0,0.0,119.0,0.0,0.0,119.0,119.0,0.0,0.0,0.0,0.0,0.0,0.0,0.0,0.0,0.0,0.0,0.0,119.0,NCES_CCD_LEA_Official_Releases,Specialized State Agency,Specialized State Agency,False,True,False,False,False,Modern_Harmonized_CCD,0.0,0.0,0.0,0.0,0.0,0.0,0.0,0.0,0.0,0.0,171.96531791907515,0.0,0.0,0.0,0.0,0.0,0.0,100.0,0.0,0.0,,,
2023-2024,2922800,NORTH KANSAS CITY 74,NORTH KANSAS CITY 74,MO,Clay County,34.0,32.0,21015.0,349.0,20666.0,1511.0,64.0,100.54,575.69,778.31,0.0,1518.54,1454.54,251.2,36.55,50.56,24.0,70.28,29.0,76.0,2.8,8.0,182.06,886.85,3135.84,NCES_CCD_LEA_Official_Releases,Regular Public District,Major Suburban Unified,True,False,False,False,False,Modern_Harmonized_CCD,84.0,44.55,120.55,36.55,3.9971448965024985,1.7392338805615035,2.119914346895075,5.736378777064002,2.4059005472281707,3.3442778967404236,69.2143706876041,5.775021656331211,2.5128219230822113,3.0628239855899455,8.287843579413423,2.6787080973519055,3.8442650135210976,46.384381856217146,2.235294117647059,3.5455882352941175,276.5131578947368,2626.875,19.138684210526314
2023-2024,2922830,NORTH PLATTE CO. R-I,NORTH PLATTE CO. R-I,MO,Platte County,5.0,4.0,550.0,0.0,550.0,32.0,0.59,2.38,16.83,28.05,0.0,47.85,47.26,8.0,1.61,1.9,0.0,3.29,0.8,2.4,0.0,0.75,0.0,0.0,66.6,NCES_CCD_LEA_Official_Releases,Regular Public District,Independent Town / Exurban,True,False,False,False,False,Modern_Harmonized_CCD,3.15,2.3600000000000003,4.76,1.61,5.727272727272727,2.9272727272727277,4.290909090909092,8.654545454545454,3.4545454545454546,5.9818181818181815,85.92727272727272,6.665256030469742,3.406686415573424,4.993652137113839,10.071942446043165,4.72972972972973,7.147147147147146,70.96096096096096,0.48,0.952,229.16666666666669,733.3333333333334,19.691666666666666
2023-2024,2923010,OAK GROVE R-VI,OAK GROVE R-VI,MO,Jackson County,4.0,4.0,1986.0,84.0,1902.0,128.0,3.0,7.78,54.53,72.85,0.0,138.16,135.16,20.73,6.0,5.0,0.0,5.3,4.0,6.0,1.27,2.0,0.0,0.0,188.46,NCES_CCD_LEA_Official_Releases,Regular Public District,Rural / Peripheral,True,False,False,False,False,Modern_Harmonized_CCD,8.0,8.0,14.0,6.0,4.028197381671702,3.0211480362537766,4.028197381671702,7.049345417925478,2.5176233635448138,2.6686807653575024,68.0563947633434,5.9189109203906485,4.439183190292987,5.9189109203906485,10.358094110683634,4.244932611694789,7.428632070465881,71.71813647458346,1.5,3.5,331.0,993.0,22.526666666666667
2023-2024,2923220,ORRICK R-XI,ORRICK R-XI,MO,Ray County,2.0,2.0,278.0,14.0,264.0,23.0,0.15,1.18,12.04,14.57,0.0,27.94,27.79,8.0,1.0,1.9,0.0,1.69,0.0,2.95,0.0,1.0,0.0,0.0,44.48,NCES_CCD_LEA_Official_Releases,Regular Public District,Rural / Peripheral,True,False,False,False,False,Modern_Harmonized_CCD,3.95,2.0,4.95,1.0,14.208633093525181,3.5971223021582737,7.194244604316547,17.805755395683455,6.834532374100719,6.0791366906474815,99.96402877697841,14.213745951781217,3.5984166966534725,7.196833393306945,17.81216264843469,8.880395683453239,11.12859712230216,62.477517985611506,1.475,2.475,94.23728813559322,278.0,9.420338983050847
2023-2024,2923550,PARK HILL,PARK HILL,MO,Platte County,20.0,18.0,11915.0,398.0,11517.0,775.0,21.0,44.28,344.13,480.96,0.0,890.37,869.37,178.99,4.17,34.5,4.0,72.75,19.0,50.0,0.0,6.0,108.0,494.91,1862.69,NCES_CCD_LEA_Official_Releases,Regular Public District,Major Suburban Unified,True,False,False,False,False,Modern_Harmonized_CCD,56.0,10.17,60.17,4.17,4.6999580360889635,0.3499790180444817,0.853545950482585,5.049937054133445,2.8955098615190935,6.105749055812002,72.96433067561897,6.4414461046504945,0.4796576831498671,1.1698126229338488,6.921103787800361,3.0064047157605396,3.2302744954877087,46.67282263822751,2.5,3.0085,238.3,1985.8333333333333,17.3874
2023-2024,2925230,PLATTE CO. R-III,PLATTE CO. R-III,MO,Platte County,8.0,7.0,4283.0,18.0,4265.0,310.0,4.0,19.51,121.68,166.57,0.0,311.76,307.76,51.0,12.08,12.0,1.0,24.95,7.75,17.1,0.0,0.0,42.0,140.0,619.64,NCES_CCD_LEA_Official_Releases,Regular Public District,Independent Town / Exurban,True,False,False,False,False,Modern_Harmonized_CCD,17.1,12.08,29.18,12.08,3.992528601447584,2.8204529535372402,2.8204529535372402,6.812981554984824,2.801774457156199,5.825356058837263,71.85617557786598,5.556277618923837,3.9251364699766054,3.9251364699766054,9.481414088900442,2.7596669033632435,4.709185978955523,49.667548899360916,2.1375,3.6475,250.46783625730993,,17.99766081871345
2023-2024,2925330,PLEASANT HILL R-III,PLEASANT HILL R-III,MO,Cass County,5.0,5.0,2130.0,45.0,2085.0,122.0,2.57,9.39,70.2,69.62,0.0,151.78,149.21,19.8,3.5,5.0,0.0,13.0,2.67,9.5,1.0,2.0,19.0,18.0,245.25,NCES_CCD_LEA_Official_Releases,Regular Public District,Independent Town / Exurban,True,False,False,False,False,Modern_Harmonized_CCD,11.5,5.5,15.0,3.5,5.39906103286385,1.6431924882629108,2.5821596244131455,7.042253521126761,2.347417840375587,6.103286384976526,70.05164319248827,7.707258226660412,2.3456872863749076,3.6860800214462834,10.052945513035318,4.689092762487258,6.116207951070336,60.839959225280325,1.9,3.0,224.21052631578948,1065.0,15.706315789473685
2023-2024,2923730,RAYMORE-PECULIAR R-II,RAYMORE-PECULIAR R-II,MO,Cass County,12.0,11.0,6314.0,166.0,6148.0,443.0,14.2,28.14,171.65,234.33,0.0,448.32,434.12,63.63,8.37,18.0,3.0,28.5,9.38,23.5,12.87,5.0,14.0,184.7,819.27,NCES_CCD_LEA_Official_Releases,Regular Public District,Major Suburban Unified,True,False,False,False,False,Modern_Harmonized_CCD,28.5,13.37,36.87,8.37,4.513778904022806,1.3256255939182768,2.1175166297117514,5.839404497941083,2.8508077288565095,4.513778904022806,68.75514729173265,6.56500506772321,1.9280383304155533,3.079793605454713,8.493043398138763,3.4787066534841995,4.500347870665348,52.98863622493195,1.9583333333333333,3.0725,268.6808510638298,1262.8,18.473191489361703
2023-2024,2926070,RAYTOWN C-2,RAYTOWN C-2,MO,Jackson County,20.0,16.0,7953.0,213.0,7740.0,559.0,23.94,31.74,228.0,294.86,0.0,578.54,554.6,146.75,16.75,25.95,2.0,54.29,8.76,33.0,4.0,7.0,73.0,533.51,1483.55,NCES_CCD_LEA_Official_Releases,Regular Public District,Major Suburban Unified,True,False,False,False,False,Modern_Harmonized_CCD,40.0,23.75,56.75,16.75,5.029548598013328,2.106123475418081,2.9862944800704136,7.13567207343141,3.2629196529611466,6.82635483465359,69.7346913114548,7.212405337179948,3.020194734944104,4.282365668950595,10.232600072124052,2.696235381348792,3.8252839472885984,37.383303562401,1.65,2.8375,241.0,1136.142857142857,16.80606060606061
2023-2024,2926480,RICHMOND R-XVI,RICHMOND R-XVI,MO,Ray County,4.0,4.0,1549.0,77.0,1472.0,106.0,6.48,11.5,43.69,58.06,0.0,119.73,113.25,28.84,3.75,4.9,1.0,6.93,0.0,5.9,0.0,2.0,9.0,31.0,213.05,NCES_CCD_LEA_Official_Releases,Regular Public District,Rural / Peripheral,True,False,False,False,False,Modern_Harmonized_CCD,7.9,5.75,11.65,3.75,5.100064557779212,2.420916720464816,3.712072304712718,7.520981278244029,3.1633311814073597,4.47385409941898,73.11168495803744,6.975717439293598,3.3112582781456954,5.077262693156733,10.286975717439294,3.708049753578972,5.468199953062661,53.15653602440741,1.475,2.9125,262.5423728813559,774.5,19.194915254237287
2023-2024,2900019,SCUOLA VITA NUOVA,SCUOLA VITA NUOVA,MO,Jackson County,1.0,1.0,391.0,0.0,391.0,44.0,0.0,2.32,24.88,0.0,0.0,27.2,27.2,1.0,0.0,0.0,0.0,1.0,0.0,3.0,0.0,1.0,0.0,0.0,33.2,NCES_CCD_LEA_Official_Releases,Charter LEA,Charter LEA,False,False,False,False,False,Modern_Harmonized_CCD,4.0,1.0,4.0,0.0,10.230179028132993,0.0,2.557544757033248,10.230179028132993,0.0,2.557544757033248,69.56521739130434,14.705882352941178,0.0,3.6764705882352944,14.705882352941178,12.048192771084336,12.048192771084336,81.92771084337348,3.0,4.0,130.33333333333334,391.0,9.066666666666666
2023-2024,2910320,SHERWOOD CASS R-VIII,SHERWOOD CASS R-VIII,MO,Cass County,3.0,3.0,778.0,40.0,738.0,47.0,2.0,3.68,23.32,32.0,0.0,61.0,59.0,22.21,3.09,3.0,0.0,3.55,0.85,3.0,0.0,1.0,7.0,18.0,122.7,NCES_CCD_LEA_Official_Releases,Regular Public District,Rural / Peripheral,True,False,False,False,False,Modern_Harmonized_CCD,4.0,4.09,7.09,3.09,5.141388174807197,3.9717223650385605,5.257069408740359,9.11311053984576,3.8560411311053984,4.5629820051413885,75.83547557840618,6.779661016949152,5.237288135593221,6.932203389830509,12.016949152542372,3.2599837000814995,5.778321108394458,48.08475957620212,1.0,2.3633333333333333,259.3333333333333,778.0,19.666666666666668
2023-2024,2928410,SMITHVILLE R-II,SMITHVILLE R-II,MO,Clay County,5.0,5.0,2536.0,27.0,2509.0,173.0,4.17,11.05,80.55,85.99,0.0,181.76,177.59,41.99,5.34,7.9,0.0,9.61,4.8,11.85,0.0,3.0,22.5,42.77,331.52,NCES_CCD_LEA_Official_Releases,Regular Public District,Independent Town / Exurban,True,False,False,False,False,Modern_Harmonized_CCD,14.85,8.34,20.189999999999998,5.34,5.855678233438486,2.1056782334384856,3.2886435331230284,7.96135646687697,3.1151419558359623,3.789432176656151,70.02760252365931,8.361957317416522,3.0069260656568497,4.696210372205642,11.368883383073369,4.479367760617761,6.090130308880308,53.56841216216217,2.37,4.037999999999999,214.0084388185654,845.3333333333334,14.98649789029536
2023-2024,2929670,STRASBURG C-3,STRASBURG C-3,MO,Cass County,1.0,1.0,134.0,0.0,134.0,16.0,0.0,1.13,12.7,0.0,0.0,13.83,13.83,0.0,0.0,1.0,0.0,1.1,0.0,0.17,0.0,0.9,3.0,5.0,25.0,NCES_CCD_LEA_Official_Releases,Regular Public District,Rural / Peripheral,True,False,False,False,False,Modern_Harmonized_CCD,1.07,0.9,1.07,0.0,7.985074626865672,0.0,6.7164179104477615,7.985074626865672,7.462686567164179,8.208955223880599,103.2089552238806,7.736804049168475,0.0,6.507592190889371,7.736804049168475,4.28,4.28,55.32,0.17,1.07,788.235294117647,148.88888888888889,81.35294117647058
2023-2024,2900027,UNIVERSITY ACADEMY,UNIVERSITY ACADEMY,MO,Jackson County,3.0,3.0,1091.0,19.0,1072.0,109.0,2.0,5.69,32.31,37.5,0.0,77.5,75.5,8.0,0.0,2.75,0.0,5.8,2.0,5.75,0.0,1.2,0.0,0.0,103.0,NCES_CCD_LEA_Official_Releases,Charter LEA,Charter LEA,False,False,False,False,False,Modern_Harmonized_CCD,6.95,1.2,6.95,0.0,6.3703024747937675,0.0,1.0999083409715857,6.3703024747937675,2.5206232813932172,5.316223648029331,69.2025664527956,9.205298013245034,0.0,1.5894039735099337,9.205298013245034,6.747572815533981,6.747572815533981,73.30097087378641,1.9166666666666667,2.316666666666667,189.7391304347826,909.1666666666667,13.130434782608695
2023-2024,2931710,WEST PLATTE CO. R-II,WEST PLATTE CO. R-II,MO,Platte County,3.0,3.0,731.0,54.0,677.0,42.0,3.0,3.0,25.4,33.46,0.0,64.86,61.86,11.0,2.64,3.0,0.0,2.07,1.93,4.86,0.0,0.0,4.25,9.0,103.61,NCES_CCD_LEA_Official_Releases,Regular Public District,Independent Town / Exurban,True,False,False,False,False,Modern_Harmonized_CCD,4.86,2.64,7.5,2.64,6.6484268125855,3.6114911080711356,3.6114911080711356,10.259917920656635,4.1039671682626535,2.831737346101231,84.62380300957592,7.856450048496606,4.267701260911736,4.267701260911736,12.124151309408342,4.690666924042081,7.238683524756298,59.704661712189946,1.62,2.5,150.41152263374485,,12.728395061728394
2024-2025,2003780,Basehor-Linwood,Basehor-Linwood,KS,Leavenworth County,7.0,6.0,3096.0,154.0,2942.0,200.0,8.24,25.61,126.01,67.92,0.0,227.78,219.54,38.3,11.53,7.65,5.0,22.9,1.0,9.43,10.4,2.0,6.3,39.9,382.19,NCES_CCD_LEA_Official_Releases,Regular Public District,Independent Town / Exurban,True,False,True,False,False,KS_SCHADM_Discontinuity,11.43,13.53,22.96,11.53,3.6918604651162794,3.7241602067183464,4.370155038759689,7.416020671834626,2.4709302325581395,7.3966408268733845,70.91085271317829,5.206340530199508,5.251890316115515,6.162886034435639,10.458230846315022,2.990659096261022,6.00748318898977,57.442633245244515,1.3471428571428572,3.2800000000000002,328.31389183457054,1548.0,23.28101802757158
2024-2025,2012000,Blue Valley,Blue Valley,KS,Johnson County,37.0,36.0,22252.0,456.0,21796.0,1417.0,32.2,289.66,834.3,516.31,0.0,1672.47,1640.27,361.9,47.5,63.5,24.6,208.5,40.2,46.33,85.0,2.0,64.6,311.4,2928.0,NCES_CCD_LEA_Official_Releases,Regular Public District,Major Suburban Unified,True,False,True,False,False,KS_SCHADM_Discontinuity,48.33,49.5,95.83,47.5,2.1719396009347474,2.134639582958835,2.2245191443465755,4.306579183893582,2.8536760740607585,9.369944274671939,73.71337407873449,2.9464661305760633,2.895864705200973,3.017795850683119,5.8423308357770365,1.6506147540983607,3.2728825136612025,56.02015027322405,1.2521621621621621,2.59,480.29354629829487,11126.0,35.4040578458882
2024-2025,2004050,Bonner Springs,Bonner Springs,KS,Wyandotte County,5.0,5.0,2535.0,147.0,2388.0,144.0,6.5,23.5,111.02,61.55,0.0,202.57,196.07,59.0,3.64,6.0,1.0,18.0,2.0,9.83,10.0,3.0,8.0,49.0,372.04,NCES_CCD_LEA_Official_Releases,Regular Public District,Independent Town / Exurban,True,False,True,False,False,KS_SCHADM_Discontinuity,12.83,6.640000000000001,16.47,3.64,5.061143984220908,1.435897435897436,2.6193293885601583,6.497041420118343,2.366863905325444,7.100591715976331,77.34516765285996,6.543581373999083,1.8564798286326314,3.3865456214617238,8.400061202631713,3.448553918933448,4.4269433394258675,52.70132243844748,1.966,3.2939999999999996,257.8840284842319,845.0,19.946083418107833
2024-2025,2005490,De Soto,De Soto,KS,Johnson County,13.0,12.0,7295.0,228.0,7067.0,418.0,14.5,69.87,301.7,167.93,0.0,554.0,539.5,121.0,4.7,14.5,7.8,69.0,0.0,21.0,24.3,3.0,13.0,99.9,932.2,NCES_CCD_LEA_Official_Releases,Regular Public District,Independent Town / Exurban,True,False,True,False,False,KS_SCHADM_Discontinuity,24.0,7.7,28.7,4.7,3.2899246058944485,0.6442769019876627,1.055517477724469,3.9342015078821104,1.9876627827278959,9.458533241946538,73.95476353666895,4.448563484708063,0.871177015755329,1.427247451343837,5.319740500463392,2.5745548165629693,3.0787384681398837,57.873846813988415,1.6153846153846154,2.207692307692308,347.3809523809524,2431.6666666666665,25.69047619047619
2024-2025,2005640,Easton,Easton,KS,Leavenworth County,3.0,3.0,687.0,41.0,646.0,44.0,2.47,4.87,32.13,16.9,0.0,56.37,53.9,3.0,1.0,1.0,0.78,4.4,0.0,3.12,6.0,1.0,2.0,13.0,91.67,NCES_CCD_LEA_Official_Releases,Regular Public District,Rural / Peripheral,True,False,True,False,False,KS_SCHADM_Discontinuity,4.12,2.0,5.12,1.0,5.9970887918486175,1.455604075691412,2.911208151382824,7.452692867540029,1.455604075691412,6.4046579330422135,78.4570596797671,7.64378478664193,1.855287569573284,3.710575139146568,9.499072356215214,4.49438202247191,5.585251445401986,58.79786189593106,1.04,1.7066666666666668,220.19230769230768,687.0,17.275641025641026
2024-2025,2006330,Fort Leavenworth,Fort Leavenworth,KS,Leavenworth County,4.0,4.0,1542.0,176.0,1366.0,163.0,10.42,23.67,93.0,8.92,0.0,136.01,125.59,32.0,10.0,4.0,2.0,26.0,3.0,4.0,4.0,2.0,5.0,37.0,265.01,NCES_CCD_LEA_Official_Releases,Regular Public District,Independent Town / Exurban,True,False,True,False,False,KS_SCHADM_Discontinuity,6.0,12.0,16.0,10.0,3.8910505836575875,6.485084306095979,7.782101167315175,10.376134889753567,2.594033722438392,16.861219195849547,81.44617380025942,4.777450433951748,7.96241738991958,9.554900867903497,12.739867823871325,2.2640655069620013,6.037508018565338,47.3906645032263,1.0,4.0,385.5,771.0,31.3975
2024-2025,2006420,Gardner Edgerton,Gardner Edgerton,KS,Johnson County,11.0,11.0,5858.0,277.0,5581.0,361.0,20.53,57.75,268.4,118.78,0.0,465.46,444.93,141.0,4.03,16.5,7.0,41.2,7.67,18.0,16.6,2.0,14.1,100.3,833.86,NCES_CCD_LEA_Official_Releases,Regular Public District,Independent Town / Exurban,True,False,True,False,False,KS_SCHADM_Discontinuity,20.0,6.03,24.03,4.03,3.414134516899966,0.6879481051553432,1.0293615568453398,4.102082622055309,2.816660976442472,7.033117104813931,75.9525435302151,4.495089115141707,0.9057604567010541,1.3552693682152248,5.400849571842762,2.3984841580121365,2.8817787158515817,53.357877821216995,1.6363636363636365,2.1845454545454546,325.44444444444446,2929.0,24.718333333333334
2024-2025,2007950,Kansas City,Kansas City,KS,Wyandotte County,43.0,43.0,21538.0,1328.0,20210.0,1606.0,46.58,201.25,787.53,364.2,0.0,1399.56,1352.98,268.8,120.96,69.0,2.0,343.3,10.0,76.0,91.0,3.0,95.0,780.5,3259.12,NCES_CCD_LEA_Official_Releases,Regular Public District,Urban Core Unified,True,False,True,False,False,KS_SCHADM_Discontinuity,79.0,123.96,199.95999999999998,120.96,3.667935741480175,5.616120345435974,5.755409044479524,9.284056086916147,3.2036400780016714,15.939270127217013,62.81827467731452,5.838962881934692,8.94026519239013,9.161997960058537,14.779228074324822,2.4239672058715236,6.135398512481896,41.51366012911461,1.7674418604651163,4.6502325581395345,283.39473684210526,7179.333333333333,17.80236842105263
2024-2025,2008340,Lansing,Lansing,KS,Leavenworth County,5.0,4.0,2626.0,87.0,2539.0,162.0,6.03,14.85,98.49,56.47,0.0,175.84,169.81,87.0,11.5,8.67,1.0,26.0,1.0,6.0,6.0,2.0,5.0,50.7,380.71,NCES_CCD_LEA_Official_Releases,Regular Public District,Independent Town / Exurban,True,False,True,False,False,KS_SCHADM_Discontinuity,8.0,13.5,19.5,11.5,3.0464584920030466,4.3792840822543795,5.140898705255141,7.425742574257425,3.3015993907083017,9.900990099009901,64.66488956587966,4.711147753371415,6.7722748954714085,7.950061833814264,11.483422648842824,2.101336975650758,5.122008878148723,44.6035039794069,1.2,3.9,437.6666666666667,1313.0,28.301666666666666
2024-2025,2008430,Leavenworth,Leavenworth,KS,Leavenworth County,8.0,7.0,3269.0,96.0,3173.0,189.0,7.0,17.75,125.75,77.17,0.0,227.67,220.67,107.0,12.5,11.0,5.0,44.0,0.33,7.0,18.0,2.0,11.0,84.0,529.5,NCES_CCD_LEA_Official_Releases,Regular Public District,Independent Town / Exurban,True,False,True,False,False,KS_SCHADM_Discontinuity,9.0,14.5,21.5,12.5,2.7531355154481494,3.823799327011318,4.4356072193331295,6.576934842459468,3.3649434077699603,13.459773631079841,67.50382379932701,4.078488240358907,5.664567000498482,6.570897720578239,9.743055240857391,1.69971671388102,4.0604343720491025,41.67516525023607,0.875,2.6875,467.0,1634.5,31.524285714285714
2024-2025,2008970,Louisburg,Louisburg,KS,Miami County,5.0,4.0,1745.0,104.0,1641.0,93.0,2.85,8.8,63.35,37.12,0.0,112.12,109.27,17.5,0.0,1.33,2.0,5.2,2.35,4.5,8.0,1.0,3.8,59.0,216.8,NCES_CCD_LEA_Official_Releases,Regular Public District,Independent Town / Exurban,True,False,True,False,False,KS_SCHADM_Discontinuity,5.5,1.0,5.5,0.0,3.151862464183381,0.0,0.5730659025787965,3.151862464183381,0.7621776504297995,2.979942693409742,62.618911174785104,5.033403495927519,0.0,0.9151642719868217,5.033403495927519,2.53690036900369,2.53690036900369,50.40129151291512,0.9,1.1,387.77777777777777,1745.0,24.28222222222222
2024-2025,2010140,Olathe,Olathe,KS,Johnson County,52.0,51.0,28195.0,696.0,27499.0,1868.0,48.33,260.0,1201.57,679.42,0.0,2189.32,2140.99,655.5,61.95,82.43,36.0,262.5,48.5,65.3,103.0,4.9,22.0,552.9,4084.3,NCES_CCD_LEA_Official_Releases,Regular Public District,Major Suburban Unified,True,False,True,False,False,KS_SCHADM_Discontinuity,70.2,66.85000000000001,132.15,61.95,2.4898031565880476,2.1971980847668027,2.3709877637879058,4.68700124135485,2.923568008512148,9.31016137613052,75.93509487497782,3.2788569773796237,2.893521221490993,3.1223873068066648,6.172378198870617,1.7187767793746787,3.2355605611732727,52.41999853096001,1.2557692307692307,2.541346153846154,431.77641653905056,5754.081632653061,32.78698315467075
2024-2025,2010260,Osawatomie,Osawatomie,KS,Miami County,5.0,4.0,1021.0,103.0,918.0,69.0,6.83,6.33,44.58,27.5,0.0,85.24,78.41,13.0,3.0,3.0,1.5,8.0,1.0,4.0,7.0,2.0,4.0,44.0,175.74,NCES_CCD_LEA_Official_Releases,Regular Public District,Independent Town / Exurban,True,False,True,False,False,KS_SCHADM_Discontinuity,6.0,5.0,9.0,3.0,5.8765915768854065,2.9382957884427032,4.897159647404505,8.81488736532811,2.9382957884427032,7.835455435847209,76.79725759059745,7.652085193215151,3.8260425966075755,6.376737661012625,11.478127789822727,3.4141345168999657,5.121201775349949,44.61704791168772,0.8,1.8,255.25,510.5,19.6025
2024-2025,2010500,Paola,Paola,KS,Miami County,4.0,4.0,1785.0,34.0,1751.0,111.0,2.75,9.94,78.06,40.75,0.0,131.5,128.75,256.0,2.0,2.0,0.0,45.0,0.0,4.0,15.0,2.0,6.0,30.0,493.5,NCES_CCD_LEA_Official_Releases,Regular Public District,Independent Town / Exurban,True,False,True,False,False,KS_SCHADM_Discontinuity,6.0,4.0,8.0,2.0,3.361344537815126,1.1204481792717087,2.2408963585434174,4.481792717086835,1.1204481792717087,25.210084033613445,72.12885154061624,4.660194174757281,1.5533980582524272,3.1067961165048543,6.213592233009709,1.21580547112462,1.6210739614994936,26.089159067882473,1.0,2.0,446.25,892.5,32.1875
2024-2025,2010680,Piper-Kansas City,Piper-Kansas City,KS,Wyandotte County,4.0,4.0,2840.0,129.0,2711.0,170.0,11.5,13.66,109.58,63.49,0.0,198.23,186.73,27.4,10.0,9.0,4.0,19.2,3.2,7.0,10.0,1.0,5.0,19.4,313.43,NCES_CCD_LEA_Official_Releases,Regular Public District,Independent Town / Exurban,True,False,True,False,False,KS_SCHADM_Discontinuity,8.0,11.0,18.0,10.0,2.8169014084507045,3.5211267605633805,3.8732394366197185,6.338028169014085,3.1690140845070425,6.76056338028169,65.75,4.284260697263428,5.355325871579286,5.890858458737214,9.639586568842715,2.552404045560412,5.742909102510927,59.576300928436964,1.75,4.5,405.7142857142857,2840.0,26.675714285714285
2024-2025,2000018,School for Blind,School for Blind,KS,Wyandotte County,2.0,0.0,38.0,0.0,38.0,0.0,7.58,5.9,11.73,6.12,0.0,31.33,23.75,0.0,0.0,0.0,0.0,0.0,0.0,0.17,0.0,2.0,0.0,0.0,33.5,NCES_CCD_LEA_Official_Releases,Specialized State Agency,Specialized State Agency,False,False,True,False,False,KS_SCHADM_Discontinuity,2.17,2.0,2.17,0.0,57.10526315789473,0.0,52.63157894736842,57.10526315789473,0.0,0.0,625.0,9.136842105263158,0.0,8.421052631578947,9.136842105263158,6.477611940298507,6.477611940298507,70.8955223880597,0.085,1.085,223.52941176470586,19.0,139.70588235294116
2024-2025,2000019,School for Deaf,School for Deaf,KS,Johnson County,2.0,0.0,118.0,11.0,107.0,6.0,2.0,1.83,12.0,9.21,0.0,25.04,23.04,0.0,1.0,0.0,0.0,0.0,0.75,1.2,0.0,1.0,0.0,0.0,28.99,NCES_CCD_LEA_Official_Releases,Specialized State Agency,Specialized State Agency,False,False,True,False,False,KS_SCHADM_Discontinuity,2.2,2.0,3.2,1.0,18.64406779661017,8.474576271186441,16.949152542372882,27.118644067796613,0.0,0.0,195.25423728813558,9.548611111111112,4.340277777777778,8.680555555555555,13.88888888888889,7.588823732321491,11.038289065194897,79.47568126940324,0.6,1.6,98.33333333333334,118.0,19.2
2024-2025,2011640,Shawnee Mission Pub Sch,Shawnee Mission Pub Sch,KS,Johnson County,45.0,44.0,26513.0,739.0,25774.0,1867.0,67.98,218.1,1015.35,558.56,0.0,1859.99,1792.01,562.7,116.04,33.67,25.0,221.5,16.71,70.8,83.0,8.0,50.5,489.3,3537.21,NCES_CCD_LEA_Official_Releases,Regular Public District,Major Suburban Unified,True,False,True,False,False,KS_SCHADM_Discontinuity,78.8,124.04,194.84,116.04,2.9721268811526422,4.376720853920719,4.678459623580885,7.3488477350733605,1.2699430468072266,8.354392184965866,67.58986157733942,4.397296890084319,6.475410293469346,6.921836373680951,10.872707183553663,2.2277444652706513,5.508296086463625,50.66167968540177,1.5733333333333333,4.329777777777778,374.47740112994353,3314.125,25.31087570621469
2024-2025,2011850,Spring Hill,Spring Hill,KS,Johnson County,11.0,9.0,5860.0,149.0,5711.0,374.0,9.42,45.43,206.03,103.46,0.0,364.34,354.92,59.4,13.67,12.5,6.0,28.3,8.5,17.0,25.2,2.0,11.1,62.0,610.01,NCES_CCD_LEA_Official_Releases,Regular Public District,Independent Town / Exurban,True,False,True,False,False,KS_SCHADM_Discontinuity,19.0,15.67,32.67,13.67,3.242320819112628,2.332764505119454,2.674061433447099,5.575085324232083,2.1331058020477816,4.829351535836177,60.56655290102389,5.353319057815845,3.85157218528119,4.415079454524963,9.204891243097038,3.114703037655121,5.355649907378568,58.182652743397654,1.5454545454545454,2.97,344.70588235294116,2930.0,20.87764705882353
2024-2025,2012210,Tonganoxie,Tonganoxie,KS,Leavenworth County,3.0,3.0,1988.0,73.0,1915.0,133.0,4.96,13.9,79.16,48.85,0.0,146.87,141.91,43.7,14.53,4.5,4.0,12.5,0.0,2.0,9.0,1.5,3.8,48.3,290.7,NCES_CCD_LEA_Official_Releases,Regular Public District,Independent Town / Exurban,True,False,True,False,False,KS_SCHADM_Discontinuity,3.5,16.03,18.03,14.53,1.7605633802816902,7.308853118712273,8.063380281690142,9.069416498993965,2.263581488933602,6.287726358148894,71.38329979879275,2.466351913184413,10.23888379959129,11.29589176238461,12.705235712775703,1.2039903680770554,6.2022703818369465,48.81664946680427,0.6666666666666666,6.010000000000001,994.0,1325.3333333333333,70.955
2024-2025,2012360,Turner-Kansas City,Turner-Kansas City,KS,Wyandotte County,8.0,7.0,3926.0,218.0,3708.0,264.0,9.0,28.88,151.96,80.63,0.0,270.47,261.47,44.9,6.33,9.2,2.0,46.7,4.0,10.0,15.9,5.0,11.0,84.0,509.5,NCES_CCD_LEA_Official_Releases,Regular Public District,Independent Town / Exurban,True,False,True,False,False,KS_SCHADM_Discontinuity,15.0,11.33,21.33,6.33,3.8206826286296485,1.6123280692817117,2.8858889454915944,5.43301069791136,2.3433520122261844,11.895058583800306,66.59959246051962,5.736795808314529,2.4209278311087314,4.333193100546907,8.157723639423258,2.9440628066732093,4.186457311089303,51.3189401373896,1.25,2.66625,392.6,785.2,26.147000000000002
2024-2025,2900017,ACADEMIE LAFAYETTE,ACADEMIE LAFAYETTE,MO,Jackson County,4.0,4.0,1425.0,12.0,1413.0,180.0,0.0,11.79,59.61,46.4,0.0,117.8,117.8,2.75,0.0,1.0,0.0,9.0,2.0,6.0,0.0,1.0,20.0,16.25,175.8,NCES_CCD_LEA_Official_Releases,Charter LEA,Charter LEA,False,False,False,False,False,KS_SCHADM_Discontinuity,7.0,1.0,7.0,0.0,4.912280701754386,0.0,0.7017543859649122,4.912280701754386,0.7017543859649122,6.315789473684211,82.66666666666667,5.942275042444821,0.0,0.8488964346349746,5.942275042444821,3.981797497155859,3.981797497155859,67.00796359499431,1.5,1.75,237.5,1425.0,19.633333333333333
2024-2025,2900604,ACADEMY FOR INTEGRATED ARTS,ACADEMY FOR INTEGRATED ARTS,MO,Jackson County,1.0,1.0,244.0,18.0,226.0,38.0,1.0,3.0,22.0,0.0,0.0,26.0,25.0,4.0,1.0,0.0,0.0,3.0,0.0,3.0,0.0,1.0,0.0,0.0,38.0,NCES_CCD_LEA_Official_Releases,Charter LEA,Charter LEA,False,False,False,False,False,KS_SCHADM_Discontinuity,4.0,2.0,5.0,1.0,16.393442622950822,4.0983606557377055,8.196721311475411,20.491803278688522,0.0,12.295081967213115,102.45901639344262,16.0,4.0,8.0,20.0,10.526315789473683,13.157894736842104,65.78947368421053,3.0,5.0,81.33333333333333,244.0,8.333333333333334
2024-2025,2900025,ALLEN VILLAGE,ALLEN VILLAGE,MO,Jackson County,5.0,4.0,384.0,9.0,375.0,20.0,0.0,1.15,11.05,17.28,0.0,29.48,29.48,6.4,1.97,1.8,0.0,2.0,0.0,1.0,0.0,1.15,0.0,0.0,43.8,NCES_CCD_LEA_Official_Releases,Charter LEA,Charter LEA,False,False,False,False,False,KS_SCHADM_Discontinuity,2.15,3.12,4.12,1.97,5.598958333333333,5.130208333333333,8.125,10.729166666666666,4.6875,5.208333333333333,76.77083333333333,7.293080054274085,6.6824966078697425,10.583446404341927,13.975576662143826,4.908675799086758,9.406392694063928,67.30593607305937,0.2,0.8240000000000001,384.0,333.9130434782609,29.48
2024-2025,2903200,ARCHIE R-V,ARCHIE R-V,MO,Cass County,2.0,2.0,569.0,53.0,516.0,39.0,2.38,2.2,15.12,25.42,0.0,45.12,42.74,13.47,1.68,1.0,0.0,1.49,0.88,3.0,0.0,1.0,4.5,6.5,78.64,NCES_CCD_LEA_Official_Releases,Regular Public District,Rural / Peripheral,True,False,False,False,False,KS_SCHADM_Discontinuity,4.0,2.6799999999999997,5.68,1.68,7.0298769771529,2.952548330404218,4.710017574692443,9.982425307557117,1.757469244288225,2.618629173989455,75.11423550087875,9.358914365933552,3.9307440336920916,6.270472625175478,13.289658399625642,5.0864699898270604,7.222787385554424,54.34893184130214,1.5,2.84,189.66666666666666,569.0,14.246666666666668
2024-2025,2904620,BELTON 124,BELTON 124,MO,Cass County,8.0,7.0,4230.0,228.0,4002.0,274.0,15.63,16.47,133.68,140.25,0.0,306.03,290.4,84.41,9.45,12.0,0.0,23.39,7.0,17.0,0.0,5.0,42.0,63.0,569.28,NCES_CCD_LEA_Official_Releases,Regular Public District,Independent Town / Exurban,True,False,False,False,False,KS_SCHADM_Discontinuity,22.0,14.45,31.45,9.45,5.200945626477541,2.234042553191489,3.416075650118203,7.4349881796690305,2.8368794326241136,5.529550827423168,68.65248226950355,7.575757575757576,3.254132231404959,4.975895316804408,10.829889807162536,3.8645306351883084,5.5245222034851045,51.01180438448566,2.125,3.93125,248.8235294117647,846.0,17.08235294117647
2024-2025,2905310,BLUE SPRINGS R-IV,BLUE SPRINGS R-IV,MO,Jackson County,21.0,20.0,14657.0,210.0,14447.0,946.0,21.5,61.45,391.78,526.81,0.0,1001.54,980.04,138.0,18.1,54.0,2.0,85.39,13.0,61.0,0.0,9.0,158.0,864.0,2404.03,NCES_CCD_LEA_Official_Releases,Regular Public District,Major Suburban Unified,True,False,False,False,False,KS_SCHADM_Discontinuity,70.0,27.1,88.1,18.1,4.775875008528348,1.2349048236337585,1.848945896158832,6.010779832162107,3.68424643515044,5.8258852425462235,66.86497919083031,7.142565609566957,1.8468633933308845,2.7651932574180647,8.98942900289784,2.9117773072715396,3.664679725294609,40.766546174548566,2.9047619047619047,4.1952380952380945,240.27868852459017,1628.5555555555557,16.06622950819672
2024-2025,2900024,BROOKSIDE CHARTER SCH.,BROOKSIDE CHARTER SCH.,MO,Jackson County,2.0,2.0,800.0,39.0,761.0,86.0,2.5,7.43,46.47,25.6,0.0,82.0,79.5,10.0,4.1,5.0,0.0,14.2,1.0,6.0,0.0,1.9,5.0,17.0,146.2,NCES_CCD_LEA_Official_Releases,Charter LEA,Charter LEA,False,False,False,False,False,KS_SCHADM_Discontinuity,7.9,6.0,12.0,4.1,9.875,5.124999999999999,7.5,15.0,6.25,17.75,99.375,9.937106918238994,5.1572327044025155,7.547169811320755,15.09433962264151,5.403556771545828,8.207934336525309,54.37756497948016,3.0,6.0,133.33333333333334,421.0526315789474,13.25
2024-2025,2908250,CENTER 58,CENTER 58,MO,Jackson County,8.0,6.0,2339.0,120.0,2219.0,177.0,11.3,9.0,82.61,107.19,0.0,210.1,198.8,52.0,9.0,10.0,3.0,31.16,1.0,13.0,0.0,3.34,35.0,47.0,414.6,NCES_CCD_LEA_Official_Releases,Regular Public District,Urban Core Unified,True,False,False,False,False,KS_SCHADM_Discontinuity,16.34,12.34,25.34,9.0,6.9858914065840105,3.847798204360838,5.275758871312527,10.833689610944848,4.2753313381787095,13.321932449764857,84.99358700299274,8.219315895372233,4.527162977867203,6.207243460764587,12.746478873239436,3.941148094548962,6.1119150988904964,47.94983116256633,1.625,3.1675,179.92307692307693,700.2994011976048,15.292307692307693
2024-2025,2900612,CITIZENS OF THE WORLD CHARTER,CITIZENS OF THE WORLD CHARTER,MO,Jackson County,2.0,2.0,388.0,22.0,366.0,51.0,0.0,3.94,15.68,10.39,0.0,30.01,30.01,6.0,1.0,2.0,0.0,3.0,0.0,2.0,0.0,1.0,8.0,5.0,58.01,NCES_CCD_LEA_Official_Releases,Charter LEA,Charter LEA,False,False,False,False,False,KS_SCHADM_Discontinuity,3.0,2.0,4.0,1.0,7.731958762886598,2.577319587628866,5.154639175257732,10.309278350515465,5.154639175257732,7.731958762886598,77.34536082474227,9.99666777740753,3.3322225924691766,6.664445184938353,13.328890369876707,5.171522151353216,6.895362868470954,51.732459920703334,1.0,2.0,194.0,388.0,15.005
2024-2025,2900603,CROSSROADS CHARTER SCHOOLS,CROSSROADS CHARTER SCHOOLS,MO,Jackson County,3.0,3.0,1003.0,16.0,987.0,73.0,0.0,6.05,47.95,38.5,0.0,92.5,92.5,6.0,2.0,2.5,0.0,15.0,0.0,9.0,0.0,1.0,15.0,0.0,143.0,NCES_CCD_LEA_Official_Releases,Charter LEA,Charter LEA,False,False,False,False,False,KS_SCHADM_Discontinuity,10.0,3.0,12.0,2.0,9.970089730807578,1.9940179461615153,2.991026919242273,11.964107676969093,2.4925224327018944,14.955134596211366,92.22333000997008,10.81081081081081,2.1621621621621623,3.2432432432432434,12.972972972972974,6.993006993006993,8.391608391608392,64.6853146853147,3.0,4.0,111.44444444444444,1003.0,10.277777777777779
2024-2025,2900593,DELASALLE CHARTER SCHOOL,DELASALLE CHARTER SCHOOL,MO,Jackson County,2.0,2.0,220.0,0.0,220.0,0.0,0.0,0.0,0.0,13.0,0.0,13.0,13.0,1.0,3.0,2.0,0.0,0.0,0.0,3.0,0.0,3.0,8.0,3.0,36.0,NCES_CCD_LEA_Official_Releases,Charter LEA,Charter LEA,False,False,False,False,False,KS_SCHADM_Discontinuity,6.0,6.0,9.0,3.0,27.27272727272727,13.636363636363635,27.27272727272727,40.90909090909091,9.09090909090909,0.0,59.090909090909086,46.15384615384615,23.076923076923077,46.15384615384615,69.23076923076923,16.666666666666664,25.0,36.11111111111111,1.5,4.5,73.33333333333333,73.33333333333333,4.333333333333333
2024-2025,2900009,DIVISION OF YOUTH SERVICE,DIVISION OF YOUTH SERVICE,MO,Clay County,5.0,4.0,496.0,0.0,496.0,0.0,0.0,0.0,0.0,74.0,0.0,74.0,74.0,0.0,5.0,0.0,0.0,1.0,0.0,0.0,0.0,0.0,0.0,0.0,80.0,NCES_CCD_LEA_Official_Releases,Specialized State Agency,Specialized State Agency,False,False,False,False,False,KS_SCHADM_Discontinuity,0.0,5.0,5.0,5.0,0.0,10.080645161290322,10.080645161290322,10.080645161290322,0.0,2.0161290322580645,149.19354838709677,0.0,6.756756756756757,6.756756756756757,6.756756756756757,0.0,6.25,92.5,0.0,1.0,,,
2024-2025,2911070,DREXEL R-IV,DREXEL R-IV,MO,Cass County,2.0,2.0,259.0,0.0,259.0,17.0,0.0,1.5,11.47,14.93,0.0,27.9,27.9,6.0,0.0,0.0,0.0,1.2,0.0,2.0,0.0,0.9,3.0,3.0,44.0,NCES_CCD_LEA_Official_Releases,Regular Public District,Rural / Peripheral,True,False,False,False,False,KS_SCHADM_Discontinuity,2.9,0.9,2.9,0.0,11.196911196911197,0.0,3.474903474903475,11.196911196911197,0.0,4.633204633204633,107.72200772200772,10.39426523297491,0.0,3.225806451612903,10.39426523297491,6.59090909090909,6.59090909090909,63.40909090909091,1.0,1.45,129.5,287.77777777777777,13.95
2024-2025,2911160,EAST LYNNE 40,EAST LYNNE 40,MO,Cass County,1.0,1.0,155.0,11.0,144.0,12.0,1.0,1.44,13.36,0.0,0.0,15.8,14.8,5.0,0.0,0.5,0.0,0.0,0.2,0.0,0.0,1.0,2.0,8.0,32.5,NCES_CCD_LEA_Official_Releases,Regular Public District,Rural / Peripheral,True,False,False,False,False,KS_SCHADM_Discontinuity,1.0,1.0,1.0,0.0,6.451612903225806,0.0,6.451612903225806,6.451612903225806,3.225806451612903,0.0,95.48387096774194,6.756756756756756,0.0,6.756756756756756,6.756756756756756,3.076923076923077,3.076923076923077,45.53846153846154,0.0,1.0,,155.0,
2024-2025,2900597,EWING MARION KAUFFMAN SCHOOL,EWING MARION KAUFFMAN SCHOOL,MO,Jackson County,2.0,2.0,961.0,0.0,961.0,0.0,0.0,0.0,0.0,97.0,0.0,97.0,97.0,0.0,9.0,0.0,0.0,4.0,0.0,4.0,0.0,1.0,0.0,0.0,115.0,NCES_CCD_LEA_Official_Releases,Charter LEA,Charter LEA,False,False,False,False,False,KS_SCHADM_Discontinuity,5.0,10.0,14.0,9.0,5.202913631633715,9.365244536940686,10.40582726326743,14.568158168574403,0.0,4.162330905306972,100.93652445369406,5.154639175257731,9.278350515463918,10.309278350515463,14.432989690721648,4.3478260869565215,12.173913043478262,84.34782608695653,2.0,7.0,240.25,961.0,24.25
2024-2025,2911650,EXCELSIOR SPRINGS 40,EXCELSIOR SPRINGS 40,MO,Clay County,8.0,5.0,2661.0,151.0,2510.0,183.0,8.0,10.55,72.2,102.62,0.0,193.37,185.37,42.0,8.0,7.0,0.0,14.45,3.5,12.05,0.0,4.75,0.0,1.51,286.63,NCES_CCD_LEA_Official_Releases,Regular Public District,Independent Town / Exurban,True,False,False,False,False,KS_SCHADM_Discontinuity,16.8,12.75,24.8,8.0,6.313416009019166,3.0063885757234123,4.791431792559188,9.319804584742577,2.6305900037579857,5.430289364900413,69.66178128523113,9.062955170739603,4.315692938447429,6.878135620650591,13.37864810918703,5.861214806545024,8.65226947632837,64.67222551721731,1.50625,3.1,220.8298755186722,560.2105263157895,15.383402489626555
2024-2025,2912290,FORT OSAGE R-I,FORT OSAGE R-I,MO,Jackson County,11.0,8.0,4718.0,133.0,4585.0,311.0,10.29,20.98,158.78,166.72,0.0,356.77,346.48,87.8,3.1,16.0,0.0,32.95,11.0,15.9,0.0,7.25,70.0,194.88,795.65,NCES_CCD_LEA_Official_Releases,Regular Public District,Independent Town / Exurban,True,False,False,False,False,KS_SCHADM_Discontinuity,23.15,10.35,26.25,3.1,4.906740144128868,0.6570580754557016,2.1937261551504874,5.56379821958457,3.3912674862229757,6.983891479440441,73.43789741415854,6.681482336642806,0.8947125375202031,2.9871854075271296,7.57619487416301,2.909570791177025,3.299189342047383,43.54678564695532,1.4454545454545455,2.3863636363636362,296.7295597484277,650.7586206896551,21.79119496855346
2024-2025,2900590,FRONTIER SCHOOLS,FRONTIER SCHOOLS,MO,Jackson County,5.0,5.0,1587.0,50.0,1537.0,103.0,3.0,6.85,47.38,108.27,0.0,165.5,162.5,22.0,3.8,1.0,0.0,1.0,1.7,13.0,0.0,2.0,0.0,0.0,210.0,NCES_CCD_LEA_Official_Releases,Charter LEA,Charter LEA,False,False,False,False,False,KS_SCHADM_Discontinuity,15.0,5.8,18.8,3.8,9.45179584120983,2.3944549464398235,3.6546943919344677,11.846250787649655,0.630119722747322,0.630119722747322,102.39445494643982,9.230769230769232,2.338461538461538,3.569230769230769,11.569230769230769,7.142857142857142,8.952380952380953,77.38095238095238,2.6,3.7600000000000002,122.07692307692308,793.5,12.5
2024-2025,2900016,GENESIS SCHOOL INC.,GENESIS SCHOOL INC.,MO,Jackson County,1.0,1.0,180.0,8.0,172.0,13.0,1.0,1.11,0.0,16.89,0.0,19.0,18.0,8.0,1.5,0.0,0.0,7.0,0.0,2.0,0.0,0.0,4.0,1.0,42.5,NCES_CCD_LEA_Official_Releases,Charter LEA,Charter LEA,False,False,False,False,False,KS_SCHADM_Discontinuity,2.0,1.5,3.5,1.5,11.11111111111111,8.333333333333334,8.333333333333334,19.444444444444446,0.0,38.88888888888889,100.0,11.11111111111111,8.333333333333332,8.333333333333332,19.444444444444446,4.705882352941177,8.235294117647058,42.35294117647059,2.0,3.5,90.0,,9.0
2024-2025,2900015,GORDON PARKS ELEM.,GORDON PARKS ELEM.,MO,Jackson County,1.0,1.0,131.0,14.0,117.0,30.0,0.0,2.74,10.26,0.0,0.0,13.0,13.0,7.0,2.0,0.75,0.0,0.0,0.0,1.0,0.0,0.0,2.0,0.0,25.75,NCES_CCD_LEA_Official_Releases,Charter LEA,Charter LEA,False,False,False,False,False,KS_SCHADM_Discontinuity,1.0,2.0,3.0,2.0,7.633587786259541,15.267175572519083,15.267175572519083,22.900763358778626,5.7251908396946565,0.0,99.23664122137404,7.6923076923076925,15.384615384615385,15.384615384615385,23.076923076923077,3.8834951456310676,11.650485436893204,50.48543689320388,1.0,3.0,131.0,,13.0
2024-2025,2913080,GRAIN VALLEY R-V,GRAIN VALLEY R-V,MO,Jackson County,8.0,7.0,4546.0,83.0,4463.0,298.0,10.0,17.67,156.54,172.12,0.0,356.33,346.33,79.5,10.6,12.0,2.0,26.57,6.88,19.33,0.0,3.0,36.0,165.75,717.96,NCES_CCD_LEA_Official_Releases,Regular Public District,Independent Town / Exurban,True,False,False,False,False,KS_SCHADM_Discontinuity,22.33,13.6,32.93,10.6,4.912010558732952,2.331720193576771,2.9916410030796303,7.243730752309722,2.6396832380114383,5.844698636163661,76.1834579850418,6.447607772933329,3.0606646839719343,3.9268905379262553,9.508272456905264,3.110201125410886,4.586606496183631,48.23806340186083,2.41625,4.11625,235.17847904811177,1515.3333333333333,17.916709777547855
2024-2025,2913140,GRANDVIEW C-4,GRANDVIEW C-4,MO,Jackson County,9.0,7.0,3665.0,132.0,3533.0,237.0,8.0,16.46,120.54,114.54,0.0,259.54,251.54,44.44,12.0,11.0,4.0,18.75,4.25,13.95,0.0,4.0,43.0,60.5,475.43,NCES_CCD_LEA_Official_Releases,Regular Public District,Independent Town / Exurban,True,False,False,False,False,KS_SCHADM_Discontinuity,17.95,16.0,29.95,12.0,4.897680763983629,3.2742155525238745,4.365620736698499,8.171896316507503,3.0013642564802185,5.115961800818554,68.63301500682128,7.136041981394609,4.770613023773556,6.360817365031407,11.906655005168163,3.775529520644469,6.299560397955535,52.907893906568795,1.5499999999999998,3.3277777777777775,262.72401433691755,916.25,18.031541218637994
2024-2025,2900029,GUADALUPE CENTERS SCHOOLS,GUADALUPE CENTERS SCHOOLS,MO,Jackson County,3.0,3.0,1614.0,77.0,1537.0,121.0,4.0,8.0,62.0,74.0,0.0,148.0,144.0,28.0,6.0,3.0,0.0,10.0,1.0,7.0,0.0,4.0,0.0,0.0,207.0,NCES_CCD_LEA_Official_Releases,Charter LEA,Charter LEA,False,False,False,False,False,KS_SCHADM_Discontinuity,11.0,10.0,17.0,6.0,6.815365551425031,3.717472118959108,6.195786864931847,10.532837670384138,1.858736059479554,6.195786864931847,89.21933085501858,7.638888888888889,4.166666666666666,6.944444444444445,11.805555555555555,5.314009661835748,8.212560386473431,69.56521739130434,2.3333333333333335,5.666666666666667,230.57142857142858,403.5,20.571428571428573
2024-2025,2913680,HARDIN-CENTRAL C-2,HARDIN-CENTRAL C-2,MO,Ray County,2.0,2.0,205.0,10.0,195.0,15.0,1.04,1.13,9.4,12.58,0.0,24.15,23.11,2.9,0.0,1.0,0.0,2.06,0.0,1.9,0.0,1.0,0.0,0.0,33.01,NCES_CCD_LEA_Official_Releases,Regular Public District,Rural / Peripheral,True,False,False,False,False,KS_SCHADM_Discontinuity,2.9,1.0,2.9,0.0,14.146341463414634,0.0,4.878048780487805,14.146341463414634,4.878048780487805,10.048780487804878,112.73170731707317,12.548680225010816,0.0,4.327131112072696,12.548680225010816,8.78521660102999,8.78521660102999,70.00908815510452,0.95,1.45,107.89473684210527,205.0,12.163157894736843
2024-2025,2913760,HARRISONVILLE R-IX,HARRISONVILLE R-IX,MO,Cass County,7.0,5.0,2187.0,96.0,2091.0,147.0,4.0,7.0,54.64,99.51,0.0,165.15,161.15,24.0,6.75,9.0,0.0,18.5,4.0,7.3,0.0,5.0,25.0,13.56,278.26,NCES_CCD_LEA_Official_Releases,Regular Public District,Independent Town / Exurban,True,False,False,False,False,KS_SCHADM_Discontinuity,12.3,11.75,19.05,6.75,5.6241426611796985,3.0864197530864197,5.372656607224508,8.710562414266118,4.11522633744856,8.459076360310927,73.6854138088706,7.632640397145517,4.188644120384734,7.291343468817871,11.821284517530252,4.42032631351973,6.846115144109826,57.91346222956947,1.042857142857143,2.7214285714285715,299.5890410958904,437.4,22.075342465753426
2024-2025,2914340,HICKMAN MILLS C-1,HICKMAN MILLS C-1,MO,Jackson County,12.0,10.0,5067.0,366.0,4701.0,434.0,30.4,23.79,151.06,194.34,0.0,399.59,369.19,54.0,17.0,15.01,4.37,56.4,10.0,21.0,0.0,4.0,76.0,111.1,768.47,NCES_CCD_LEA_Official_Releases,Regular Public District,Rural / Peripheral,True,False,False,False,False,KS_SCHADM_Discontinuity,25.0,21.0,42.0,17.0,4.9338859285573315,3.3550424314189855,4.144464179988159,8.288928359976317,2.962305111505822,11.130846654825339,72.86165383856324,6.77158102873859,4.6046750995422405,5.6881280641404155,11.376256128280831,3.2532174320402873,5.465405285827683,48.04221374939816,1.75,3.5,241.28571428571428,1266.75,17.58047619047619
2024-2025,2900014,HOGAN PREPARATORY ACADEMY,HOGAN PREPARATORY ACADEMY,MO,Jackson County,3.0,3.0,843.0,33.0,810.0,39.0,0.0,3.0,33.0,55.5,0.0,91.5,91.5,0.0,0.0,3.0,0.0,4.0,0.0,5.5,1.0,0.0,7.0,0.0,112.0,NCES_CCD_LEA_Official_Releases,Charter LEA,Charter LEA,False,False,False,False,False,KS_SCHADM_Discontinuity,5.5,0.0,5.5,0.0,6.524317912218268,0.0,0.0,6.524317912218268,3.558718861209964,4.744958481613287,108.54092526690391,6.0109289617486334,0.0,0.0,6.0109289617486334,4.910714285714286,4.910714285714286,81.69642857142857,1.8333333333333333,1.8333333333333333,153.27272727272728,,16.636363636363637
2024-2025,2900601,HOPE LEADERSHIP ACADEMY,HOPE LEADERSHIP ACADEMY,MO,Jackson County,1.0,1.0,108.0,0.0,108.0,20.0,0.0,1.14,12.21,0.0,0.0,13.35,13.35,0.65,2.0,0.0,0.0,2.5,0.0,1.0,0.0,0.0,2.0,1.0,22.5,NCES_CCD_LEA_Official_Releases,Charter LEA,Charter LEA,False,False,False,False,False,KS_SCHADM_Discontinuity,1.0,2.0,3.0,2.0,9.25925925925926,18.51851851851852,18.51851851851852,27.777777777777775,0.0,23.148148148148145,123.6111111111111,7.490636704119851,14.981273408239701,14.981273408239701,22.47191011235955,4.444444444444445,13.333333333333334,59.33333333333333,1.0,3.0,108.0,,13.35
2024-2025,2915480,INDEPENDENCE 30,INDEPENDENCE 30,MO,Jackson County,31.0,28.0,14272.0,709.0,13563.0,974.0,32.0,65.09,389.84,483.52,0.0,970.45,938.45,142.58,22.0,38.42,6.0,139.62,25.9,59.0,0.0,10.0,0.0,15.0,1428.97,NCES_CCD_LEA_Official_Releases,Regular Public District,Major Suburban Unified,True,False,False,False,False,KS_SCHADM_Discontinuity,69.0,32.0,91.0,22.0,4.834641255605381,1.5414798206278026,2.242152466367713,6.376121076233184,2.6919843049327357,9.782791479820629,65.75462443946188,7.352549416591188,2.344291118333422,3.409877990303159,9.69684053492461,4.828652805867163,6.368223265708867,65.67317718356578,1.903225806451613,2.935483870967742,241.89830508474577,1427.2,15.905932203389831
2024-2025,2916400,KANSAS CITY 33,KANSAS CITY 33,MO,Jackson County,33.0,32.0,15079.0,1104.0,13975.0,1142.0,42.01,80.73,545.43,455.11,0.0,1123.28,1081.27,130.4,35.56,37.5,23.0,87.31,16.3,57.3,0.0,5.5,0.0,0.0,1516.15,NCES_CCD_LEA_Official_Releases,Regular Public District,Urban Core Unified,True,False,False,False,False,KS_SCHADM_Discontinuity,62.8,41.06,98.36,35.56,4.164732409310962,2.358246568074806,2.7229922408647793,6.522978977385768,2.486902314477087,5.790171762053187,71.70700974865707,5.807985054611707,3.288725295254655,3.797386406725425,9.09671034986636,4.142070375622464,6.487484747551362,71.31682221416085,1.7363636363636363,2.9806060606060605,263.1588132635253,2741.6363636363635,18.870331588132636
2024-2025,2900615,KANSAS CITY GIRLS PREP ACADEMY,KANSAS CITY GIRLS PREP ACADEMY,MO,Jackson County,1.0,1.0,111.0,0.0,111.0,0.0,0.0,0.0,0.0,24.99,0.0,24.99,24.99,1.0,3.0,1.0,0.0,4.16,0.0,3.0,0.0,1.0,0.0,0.0,38.15,NCES_CCD_LEA_Official_Releases,Charter LEA,Charter LEA,False,False,False,False,False,KS_SCHADM_Discontinuity,4.0,4.0,7.0,3.0,36.03603603603604,27.027027027027028,36.03603603603604,63.063063063063055,9.00900900900901,37.47747747747748,225.1351351351351,16.00640256102441,12.004801920768308,16.00640256102441,28.011204481792717,10.484927916120578,18.34862385321101,65.5045871559633,3.0,7.0,37.0,111.0,8.33
2024-2025,2900013,KC INTERNATIONAL ACADEMY,KC INTERNATIONAL ACADEMY,MO,Jackson County,1.0,1.0,662.0,28.0,634.0,61.0,0.0,7.58,73.12,0.0,0.0,80.7,80.7,4.0,4.0,3.0,0.0,14.75,0.0,3.0,0.0,1.0,0.0,0.0,110.45,NCES_CCD_LEA_Official_Releases,Charter LEA,Charter LEA,False,False,False,False,False,KS_SCHADM_Discontinuity,4.0,5.0,8.0,4.0,6.042296072507553,6.042296072507553,7.552870090634442,12.084592145015106,4.531722054380665,22.2809667673716,121.90332326283988,4.956629491945477,4.956629491945477,6.195786864931846,9.913258983890954,3.62154821186057,7.24309642372114,73.06473517428701,3.0,8.0,220.66666666666666,662.0,26.900000000000002
2024-2025,2916450,KEARNEY R-I,KEARNEY R-I,MO,Clay County,9.0,8.0,3424.0,44.0,3380.0,234.0,7.27,12.0,96.81,135.35,0.0,251.43,244.16,74.81,5.35,11.0,0.0,26.15,7.0,13.0,0.0,3.0,28.0,55.14,474.88,NCES_CCD_LEA_Official_Releases,Regular Public District,Independent Town / Exurban,True,False,False,False,False,KS_SCHADM_Discontinuity,16.0,8.35,21.35,5.35,4.672897196261682,1.5624999999999998,2.4386682242990654,6.235397196261682,3.2126168224299065,7.637266355140187,71.30841121495327,6.553079947575361,2.1911861074705112,3.419888597640891,8.744266055045873,3.3692722371967654,4.495872641509434,51.41509433962265,1.4444444444444444,2.3722222222222222,263.38461538461536,1141.3333333333333,18.78153846153846
2024-2025,2900031,KIPP: ENDEAVOR ACADEMY,KIPP: ENDEAVOR ACADEMY,MO,Jackson County,2.0,2.0,1047.0,70.0,977.0,57.0,4.9,5.12,0.0,89.58,0.0,99.6,94.7,13.0,5.9,9.1,0.0,16.5,1.2,14.4,0.0,2.0,2.0,11.0,174.7,NCES_CCD_LEA_Official_Releases,Charter LEA,Charter LEA,False,False,False,False,False,KS_SCHADM_Discontinuity,16.4,7.9,22.299999999999997,5.9,15.663801337153771,5.6351480420248325,7.545367717287489,21.2989493791786,8.69149952244508,15.759312320916905,90.44890162368672,17.31784582893347,6.2302006335797255,8.342133051742344,23.548046462513195,9.387521465369204,12.764739553520318,54.20721236405267,7.2,11.149999999999999,72.70833333333333,523.5,6.576388888888889
2024-2025,2918220,LAWSON R-XIV,LAWSON R-XIV,MO,Ray County,3.0,3.0,1143.0,46.0,1097.0,79.0,2.75,4.85,25.15,49.75,0.0,82.5,79.75,13.5,0.9,2.75,0.0,3.35,0.0,6.0,0.0,1.0,0.0,0.0,110.0,NCES_CCD_LEA_Official_Releases,Regular Public District,Rural / Peripheral,True,False,False,False,False,KS_SCHADM_Discontinuity,7.0,1.9,7.9,0.9,6.124234470691163,0.7874015748031495,1.6622922134733158,6.911636045494314,2.4059492563429568,2.930883639545057,69.77252843394575,8.77742946708464,1.1285266457680252,2.3824451410658307,9.905956112852666,6.363636363636363,7.1818181818181825,72.5,2.0,2.6333333333333333,190.5,1143.0,13.291666666666666
2024-2025,2900028,LEE A. TOLBERT COM. ACADEMY,LEE A. TOLBERT COM. ACADEMY,MO,Jackson County,1.0,1.0,401.0,19.0,382.0,37.0,0.0,2.72,30.18,0.0,0.0,32.9,32.9,9.0,1.0,0.0,0.0,4.0,0.0,1.9,0.0,1.0,7.0,6.0,62.8,NCES_CCD_LEA_Official_Releases,Charter LEA,Charter LEA,False,False,False,False,False,KS_SCHADM_Discontinuity,2.9,2.0,3.9,1.0,7.231920199501246,2.493765586034913,4.987531172069826,9.72568578553616,0.0,9.975062344139651,82.04488778054862,8.814589665653495,3.0395136778115504,6.079027355623101,11.854103343465045,4.617834394904459,6.210191082802548,52.38853503184714,1.9,3.9,211.05263157894737,401.0,17.31578947368421
2024-2025,2918300,LEE'S SUMMIT R-VII,LEE'S SUMMIT R-VII,MO,Jackson County,29.0,26.0,17870.0,506.0,17364.0,1063.0,40.53,73.03,449.56,661.73,0.0,1224.85,1184.32,187.43,9.75,49.0,4.0,125.76,22.0,69.0,0.0,8.0,161.0,667.0,2527.79,NCES_CCD_LEA_Official_Releases,Regular Public District,Major Suburban Unified,True,False,False,False,False,KS_SCHADM_Discontinuity,77.0,17.75,86.75,9.75,4.308897593732513,0.5456071628427532,0.9932848349188583,4.854504756575266,2.7420257414661444,7.0374930050363735,66.27420257414661,6.5016211834639295,0.8232572277762766,1.4987503377465552,7.3248784112402054,3.0461391175691017,3.4318515383002546,46.85199324310959,2.3793103448275863,2.9913793103448274,258.9855072463768,2233.75,17.164057971014493
2024-2025,2918540,LIBERTY 53,LIBERTY 53,MO,Clay County,20.0,17.0,11826.0,45.0,11781.0,671.0,25.0,45.34,327.97,458.19,0.0,856.5,831.5,149.37,22.72,39.9,10.0,61.98,15.76,42.85,6.37,7.0,84.64,722.47,2019.56,NCES_CCD_LEA_Official_Releases,Regular Public District,Major Suburban Unified,True,False,False,False,False,KS_SCHADM_Discontinuity,49.85,29.72,72.57,22.72,4.215288347708439,1.9211905969896836,2.5131067140199557,6.136478944698123,3.373921867072552,5.2409944190766105,70.31117875866734,5.995189416716777,2.7324113048707153,3.5742633794347562,8.727600721587493,2.468359444631504,3.5933569688446987,41.17233456792569,2.1425,3.6285,275.9859976662777,1689.4285714285713,19.4049008168028
2024-2025,2919230,LONE JACK C-6,LONE JACK C-6,MO,Jackson County,2.0,2.0,733.0,61.0,672.0,31.0,2.0,2.3,20.2,31.4,0.0,55.9,53.9,9.25,3.36,2.74,0.0,5.5,0.93,3.0,0.0,1.0,6.75,9.0,97.43,NCES_CCD_LEA_Official_Releases,Regular Public District,Rural / Peripheral,True,False,False,False,False,KS_SCHADM_Discontinuity,4.0,4.359999999999999,7.359999999999999,3.36,5.457025920873124,4.583901773533424,5.948158253751704,10.040927694406548,3.73806275579809,7.503410641200546,73.53342428376534,7.421150278293136,6.233766233766234,8.089053803339517,13.654916512059367,4.105511649389305,7.55414143487632,55.321769475520874,1.5,3.6799999999999997,244.33333333333334,733.0,17.966666666666665
2024-2025,2931800,MIDWAY R-I,MIDWAY R-I,MO,Cass County,2.0,2.0,428.0,0.0,428.0,25.0,1.1,2.26,18.07,19.79,0.0,41.22,40.12,12.5,0.95,0.75,0.0,2.55,1.9,2.0,0.0,1.0,0.0,0.0,62.87,NCES_CCD_LEA_Official_Releases,Regular Public District,Rural / Peripheral,True,False,False,False,False,KS_SCHADM_Discontinuity,3.0,1.95,3.95,0.95,7.009345794392523,2.219626168224299,4.55607476635514,9.228971962616821,1.7523364485981308,5.957943925233645,93.73831775700934,7.477567298105684,2.3678963110667994,4.860418743768694,9.845463609172484,4.771751232702402,6.282805789724829,63.81421981867346,1.0,1.975,214.0,428.0,20.06
2024-2025,2921060,MISSOURI CITY 56,MISSOURI CITY 56,MO,Clay County,1.0,1.0,14.0,0.0,14.0,0.0,0.0,0.0,3.3,0.0,0.0,3.3,3.3,0.0,0.0,0.2,0.0,0.5,0.2,1.0,0.0,0.1,0.0,0.0,5.3,NCES_CCD_LEA_Official_Releases,Regular Public District,Rural / Peripheral,True,False,False,False,False,KS_SCHADM_Discontinuity,1.1,0.1,1.1,0.0,78.57142857142858,0.0,7.142857142857143,78.57142857142858,14.285714285714286,35.714285714285715,235.71428571428572,33.333333333333336,0.0,3.0303030303030307,33.333333333333336,20.75471698113208,20.75471698113208,62.264150943396224,1.0,1.1,14.0,140.0,3.3
2024-2025,2900022,MO SCHLS FOR THE SEV DISABLED,MO SCHLS FOR THE SEV DISABLED,MO,Jackson County,5.0,0.0,652.0,0.0,652.0,2.0,0.0,0.0,128.0,0.0,0.0,128.0,128.0,1.0,0.0,0.0,0.0,0.0,0.0,0.0,0.0,0.0,0.0,0.0,129.0,NCES_CCD_LEA_Official_Releases,Specialized State Agency,Specialized State Agency,False,True,False,False,False,KS_SCHADM_Discontinuity,0.0,0.0,0.0,0.0,0.0,0.0,0.0,0.0,0.0,0.0,196.31901840490798,0.0,0.0,0.0,0.0,0.0,0.0,99.2248062015504,0.0,0.0,,,
2024-2025,2922800,NORTH KANSAS CITY 74,NORTH KANSAS CITY 74,MO,Clay County,34.0,32.0,21252.0,428.0,20824.0,1558.0,72.0,98.29,564.57,772.35,0.0,1507.21,1435.21,283.86,37.93,55.0,24.0,85.44,31.0,80.0,0.0,7.0,195.46,1010.51,3317.41,NCES_CCD_LEA_Official_Releases,Regular Public District,Major Suburban Unified,True,False,False,False,False,KS_SCHADM_Discontinuity,87.0,44.93,124.93,37.93,4.09373235460192,1.784773197816676,2.1141539619800493,5.878505552418596,2.587991718426501,4.020327498588368,67.53293807641633,6.061830672863205,2.642818820939096,3.130552323353377,8.7046494938023,2.622527815374042,3.7658896548813687,43.262967194287114,2.3529411764705883,3.6744117647058827,265.65,3036.0,17.940125000000002
2024-2025,2922830,NORTH PLATTE CO. R-I,NORTH PLATTE CO. R-I,MO,Platte County,5.0,4.0,556.0,5.0,551.0,27.0,0.62,2.57,16.61,27.0,0.0,46.8,46.18,8.0,1.45,2.0,0.0,2.45,0.8,2.4,0.0,0.7,17.0,9.0,90.6,NCES_CCD_LEA_Official_Releases,Regular Public District,Independent Town / Exurban,True,False,False,False,False,KS_SCHADM_Discontinuity,3.0999999999999996,2.15,4.55,1.45,5.575539568345323,2.607913669064748,3.8669064748201434,8.18345323741007,3.5971223021582737,4.4064748201438855,83.05755395683454,6.7128627111303585,3.13988739714162,4.655695106106539,9.85275010827198,3.4216335540838854,5.022075055187638,50.971302428256074,0.48,0.9099999999999999,231.66666666666669,794.2857142857143,19.241666666666667
2024-2025,2923010,OAK GROVE R-VI,OAK GROVE R-VI,MO,Jackson County,4.0,4.0,1853.0,78.0,1775.0,159.0,5.5,9.18,55.78,75.71,0.0,146.17,140.67,19.88,4.25,5.0,0.0,8.37,4.0,9.0,1.0,2.0,38.0,212.0,449.67,NCES_CCD_LEA_Official_Releases,Regular Public District,Rural / Peripheral,True,False,False,False,False,KS_SCHADM_Discontinuity,11.0,6.25,15.25,4.25,5.936319481921209,2.293577981651376,3.3729087965461417,8.229897463572584,2.698327037236913,4.516999460334592,75.91473286562331,7.819719911850431,3.0212554204876665,4.443022677187745,10.840975332338097,2.446238352569662,3.3913758978806676,31.282940823270394,2.25,3.8125,205.88888888888889,926.5,15.629999999999999
2024-2025,2923220,ORRICK R-XI,ORRICK R-XI,MO,Ray County,2.0,2.0,293.0,14.0,279.0,13.0,0.18,1.2,11.55,14.67,0.0,27.6,27.42,9.0,1.0,1.9,0.0,1.3,0.0,1.95,0.0,1.0,0.0,0.0,43.75,NCES_CCD_LEA_Official_Releases,Regular Public District,Rural / Peripheral,True,False,False,False,False,KS_SCHADM_Discontinuity,2.95,2.0,3.95,1.0,10.068259385665531,3.4129692832764507,6.825938566552901,13.481228668941979,6.484641638225256,4.436860068259386,93.58361774744029,10.758570386579139,3.6469730123997084,7.293946024799417,14.405543398978848,6.742857142857144,9.028571428571428,62.674285714285716,0.975,1.975,150.25641025641025,293.0,14.061538461538463
2024-2025,2923550,PARK HILL,PARK HILL,MO,Platte County,20.0,18.0,11937.0,392.0,11545.0,779.0,19.5,44.51,340.44,484.54,0.0,888.99,869.49,200.88,7.67,34.4,5.0,80.24,18.0,51.0,0.0,6.0,108.0,521.46,1921.64,NCES_CCD_LEA_Official_Releases,Regular Public District,Major Suburban Unified,True,False,False,False,False,KS_SCHADM_Discontinuity,57.0,13.67,64.67,7.67,4.775069112842423,0.6425400016754629,1.1451788556588758,5.4176091145178855,2.881796096171567,6.721956940604842,72.83990952500628,6.555567056550392,0.8821263039252896,1.5721859940884886,7.437693360475681,2.966216356861847,3.365354592951854,45.24728877417206,2.55,3.2335000000000003,234.05882352941177,1989.5,17.048823529411766
2024-2025,2925230,PLATTE CO. R-III,PLATTE CO. R-III,MO,Platte County,8.0,7.0,4374.0,63.0,4311.0,322.0,6.0,21.26,121.47,170.59,0.0,319.32,313.32,68.0,8.0,13.0,1.0,30.0,7.75,17.0,0.0,2.0,0.0,7.0,473.07,NCES_CCD_LEA_Official_Releases,Regular Public District,Independent Town / Exurban,True,False,False,False,False,KS_SCHADM_Discontinuity,19.0,10.0,27.0,8.0,4.343850022862369,1.828989483310471,2.286236854138089,6.172839506172839,2.972107910379515,6.858710562414266,71.6323731138546,6.064087833524831,2.553300140431508,3.1916251755393845,8.617387973956339,4.016318938000719,5.707400596106284,66.23121313970448,2.125,3.375,257.29411764705884,2187.0,18.430588235294117
2024-2025,2925330,PLEASANT HILL R-III,PLEASANT HILL R-III,MO,Cass County,5.0,5.0,2080.0,46.0,2034.0,107.0,2.0,8.0,69.64,73.71,0.0,153.35,151.35,27.3,5.04,5.46,0.0,15.75,3.54,9.61,0.0,2.0,19.0,20.0,261.05,NCES_CCD_LEA_Official_Releases,Regular Public District,Independent Town / Exurban,True,False,False,False,False,KS_SCHADM_Discontinuity,11.61,7.04,16.65,5.04,5.581730769230769,2.4230769230769234,3.3846153846153846,8.004807692307692,2.625,7.572115384615385,72.76442307692308,7.670961347869178,3.3300297324083252,4.651470102411629,11.000991080277501,4.447423865159931,6.378088488795249,57.97739896571537,1.922,3.3299999999999996,216.44120707596255,1040.0,15.749219562955256
2024-2025,2923730,RAYMORE-PECULIAR R-II,RAYMORE-PECULIAR R-II,MO,Cass County,12.0,11.0,6332.0,189.0,6143.0,393.0,17.0,32.11,164.98,233.19,0.0,447.28,430.28,76.63,7.37,18.72,3.0,29.12,9.36,24.92,14.0,5.0,18.0,191.08,844.48,NCES_CCD_LEA_Official_Releases,Regular Public District,Major Suburban Unified,True,False,False,False,False,KS_SCHADM_Discontinuity,29.92,12.370000000000001,37.29,7.37,4.725205306380291,1.1639292482627923,1.9535691724573596,5.889134554643082,2.9564118761844598,4.59886291850916,67.95325331648768,6.9536116017477,1.7128381519010878,2.874872176257321,8.666449753648788,3.5430087154225083,4.415735126942024,50.9520651762031,2.0766666666666667,3.1075,254.09309791332262,1266.4,17.266452648475116
2024-2025,2926070,RAYTOWN C-2,RAYTOWN C-2,MO,Jackson County,20.0,16.0,7676.0,273.0,7403.0,541.0,24.37,31.29,237.66,288.0,0.0,581.32,556.95,144.5,17.95,26.0,3.0,46.95,9.23,34.0,0.0,7.0,110.0,480.0,1459.95,NCES_CCD_LEA_Official_Releases,Regular Public District,Major Suburban Unified,True,False,False,False,False,KS_SCHADM_Discontinuity,41.0,24.95,58.95,17.95,5.341323606044815,2.338457529963523,3.2503908285565397,7.679781136008338,3.3871808233454925,6.116466909848881,72.55732152162585,7.361522578328396,3.222910494658407,4.4797558129095965,10.584433072986803,2.808315353265523,4.0378095140244525,38.14856673173739,1.7,2.9475000000000002,225.76470588235293,1096.5714285714287,16.38088235294118
2024-2025,2926480,RICHMOND R-XVI,RICHMOND R-XVI,MO,Ray County,4.0,4.0,1543.0,75.0,1468.0,122.0,6.5,12.0,43.5,56.68,0.0,118.68,112.18,27.0,4.66,5.0,0.0,7.86,0.1,5.9,0.0,2.0,0.0,1.0,172.2,NCES_CCD_LEA_Official_Releases,Regular Public District,Rural / Peripheral,True,False,False,False,False,KS_SCHADM_Discontinuity,7.9,6.66,12.56,4.66,5.119896305897602,3.0200907323395985,4.316267012313674,8.139987038237201,3.240440699935191,5.093972780298121,72.70252754374596,7.042253521126761,4.154038152968444,5.936887145658763,11.196291674095205,4.5876887340301975,7.293844367015099,65.1451800232288,1.475,3.14,261.52542372881356,771.5,19.0135593220339
2024-2025,2900019,SCUOLA VITA NUOVA,SCUOLA VITA NUOVA,MO,Jackson County,1.0,1.0,363.0,0.0,363.0,40.0,0.0,2.32,21.68,0.0,0.0,24.0,24.0,13.6,0.0,0.0,0.0,0.0,0.0,2.0,0.0,1.0,0.0,0.0,40.6,NCES_CCD_LEA_Official_Releases,Charter LEA,Charter LEA,False,False,False,False,False,KS_SCHADM_Discontinuity,3.0,1.0,3.0,0.0,8.264462809917356,0.0,2.7548209366391188,8.264462809917356,0.0,0.0,66.11570247933885,12.5,0.0,4.166666666666666,12.5,7.389162561576354,7.389162561576354,59.11330049261083,2.0,3.0,181.5,363.0,12.0
2024-2025,2910320,SHERWOOD CASS R-VIII,SHERWOOD CASS R-VIII,MO,Cass County,3.0,3.0,733.0,38.0,695.0,50.0,1.0,3.93,24.07,33.14,0.0,62.14,61.14,18.71,2.95,3.0,0.0,4.55,0.86,3.0,0.0,1.0,6.0,17.0,119.21,NCES_CCD_LEA_Official_Releases,Regular Public District,Rural / Peripheral,True,False,False,False,False,KS_SCHADM_Discontinuity,4.0,3.95,6.95,2.95,5.457025920873124,4.024556616643929,5.3888130968622105,9.481582537517054,4.092769440654843,6.207366984993179,83.4106412005457,6.542361792607131,4.8249918220477594,6.460582270199542,11.36735361465489,3.3554232027514472,5.83004781478064,51.28764365405587,1.0,2.316666666666667,244.33333333333334,733.0,20.38
2024-2025,2928410,SMITHVILLE R-II,SMITHVILLE R-II,MO,Clay County,5.0,5.0,2514.0,19.0,2495.0,168.0,3.15,11.16,82.81,82.23,0.0,179.35,176.2,41.0,0.31,7.63,0.0,12.77,4.88,11.9,0.0,5.0,22.0,46.89,331.73,NCES_CCD_LEA_Official_Releases,Regular Public District,Independent Town / Exurban,True,False,False,False,False,KS_SCHADM_Discontinuity,16.9,5.31,17.209999999999997,0.31,6.722354813046937,0.12330946698488465,2.1121718377088303,6.845664280031821,3.0350039777247417,5.079554494828957,70.08750994431185,9.591373439273552,0.17593643586833144,3.013620885357548,9.767309875141883,5.094504566967111,5.187954059023904,53.115485485183726,2.38,3.4419999999999993,211.26050420168067,502.8,14.80672268907563
2024-2025,2929670,STRASBURG C-3,STRASBURG C-3,MO,Cass County,1.0,1.0,111.0,0.0,111.0,8.0,0.0,1.12,12.68,0.0,0.0,13.8,13.8,1.0,0.0,0.9,0.0,1.5,0.0,1.0,0.0,0.8,0.0,0.0,19.0,NCES_CCD_LEA_Official_Releases,Regular Public District,Rural / Peripheral,True,False,False,False,False,KS_SCHADM_Discontinuity,1.8,0.8,1.8,0.0,16.216216216216218,0.0,7.207207207207207,16.216216216216218,8.108108108108109,13.513513513513514,124.32432432432434,13.043478260869565,0.0,5.797101449275362,13.043478260869565,9.473684210526317,9.473684210526317,72.63157894736842,1.0,1.8,111.0,138.75,13.8
2024-2025,2900027,UNIVERSITY ACADEMY,UNIVERSITY ACADEMY,MO,Jackson County,3.0,3.0,1111.0,30.0,1081.0,108.0,2.0,6.86,30.34,39.3,0.0,78.5,76.5,8.0,0.0,2.75,0.0,6.8,2.0,5.75,0.0,1.2,0.0,0.0,105.0,NCES_CCD_LEA_Official_Releases,Charter LEA,Charter LEA,False,False,False,False,False,KS_SCHADM_Discontinuity,6.95,1.2,6.95,0.0,6.255625562556256,0.0,1.08010801080108,6.255625562556256,2.4752475247524752,6.120612061206121,68.85688568856887,9.084967320261438,0.0,1.5686274509803921,9.084967320261438,6.619047619047619,6.619047619047619,72.85714285714285,1.9166666666666667,2.316666666666667,193.2173913043478,925.8333333333334,13.304347826086957
2024-2025,2931710,WEST PLATTE CO. R-II,WEST PLATTE CO. R-II,MO,Platte County,3.0,3.0,745.0,54.0,691.0,44.0,3.0,3.0,24.87,33.55,0.0,64.42,61.42,11.4,1.5,2.86,0.0,1.6,1.86,4.72,0.0,1.0,5.25,9.0,103.61,NCES_CCD_LEA_Official_Releases,Regular Public District,Independent Town / Exurban,True,False,False,False,False,KS_SCHADM_Discontinuity,5.72,2.5,7.22,1.5,7.677852348993288,2.0134228187919465,3.3557046979865772,9.691275167785234,3.838926174496644,2.14765100671141,82.44295302013423,9.31292738521654,2.44220123738196,4.070335395636601,11.755128622598502,5.520702634880803,6.968439339832062,59.27999227873758,1.5733333333333333,2.4066666666666667,157.83898305084747,745.0,13.01271186440678
