nces_lea_id,state_district_id,district_name,state,school_year,subject,pct_proficient_or_advanced,performance_index,accountable_n,tested_n,participation_rate,pct_level_1,pct_level_2,pct_level_3,pct_level_4,base_mean_2019,base_std_2019,contemp_mean,contemp_std,z_anchor,z_contemp
2012360,D0202,Turner-Kansas City,KS,2019,ELA,22.55,218.115,2138.0,2127.0,99.49,41.89,35.54,18.8,3.75,41.71263157894737,12.647497267621882,41.71263157894737,12.647497267621882,-1.5151322964112828,-1.5151322964112828
2012360,D0202,Turner-Kansas City,KS,2021,ELA,21.61,215.0375,2014.0,1716.0,85.2,43.11,35.27,17.99,3.62,41.71263157894737,12.647497267621882,40.386842105263156,13.605724307001399,-1.5894553012010477,-1.3800692768411265
2012360,D0202,Turner-Kansas City,KS,2022,ELA,20.08,209.25,1999.0,1971.0,98.6,45.86,34.03,16.06,4.02,41.71263157894737,12.647497267621882,37.898421052631576,13.160874364383535,-1.7104278515503462,-1.353893408545292
2012360,D0202,Turner-Kansas City,KS,2023,ELA,20.95,214.2,1957.0,1924.0,98.31,43.0,36.02,17.5,3.45,41.71263157894737,12.647497267621882,38.61210526315789,12.745300911380532,-1.6416395386066274,-1.3857738931363361
2012360,D0202,Turner-Kansas City,KS,2024,ELA,21.43,215.8525,1936.0,1922.0,99.28,42.94,35.61,16.73,4.7,41.71263157894737,12.647497267621882,38.64526315789474,12.925319410805486,-1.603687365948024,-1.3319023391795555
2012360,D0202,Turner-Kansas City,KS,2019,Math,19.64,214.905,2140.0,2127.0,99.39,42.03,38.31,15.04,4.6,38.10736842105263,13.13113426686754,38.10736842105263,13.13113426686754,-1.406380290212207,-1.406380290212207
2012360,D0202,Turner-Kansas City,KS,2021,Math,15.44,202.0125,2020.0,1722.0,85.25,46.16,38.38,12.77,2.67,38.10736842105263,13.13113426686754,33.49105263157895,14.000265828721034,-1.7262308008110845,-1.2893364206376625
2012360,D0202,Turner-Kansas City,KS,2022,Math,16.16,204.5625,1995.0,1960.0,98.25,45.66,38.16,12.29,3.87,38.10736842105263,13.13113426686754,35.76684210526316,14.783353646221135,-1.6713992847084196,-1.3262783651445005
2012360,D0202,Turner-Kansas City,KS,2023,Math,20.27,212.505,1958.0,1923.0,98.21,44.35,35.36,15.28,4.99,38.10736842105263,13.13113426686754,37.17894736842105,14.48814760597888,-1.3584027136223753,-1.1670882868037022
2012360,D0202,Turner-Kansas City,KS,2024,Math,21.130000000000003,213.43,1934.0,1920.0,99.28,44.53,34.32,15.98,5.15,38.10736842105263,13.13113426686754,37.32578947368421,14.069430737828368,-1.292909513833081,-1.1511332459343018
2010680,D0203,Piper-Kansas City,KS,2019,ELA,46.900000000000006,288.3825,1309.0,1300.0,99.31,20.49,32.58,32.81,14.09,41.71263157894737,12.647497267621882,41.71263157894737,12.647497267621882,0.4101497957491177,0.4101497957491177
2010680,D0203,Piper-Kansas City,KS,2021,ELA,43.88,281.5575,1414.0,1365.0,96.53,20.83,35.27,33.21,10.67,41.71263157894737,12.647497267621882,40.386842105263156,13.605724307001399,0.17136737610540462,0.25674178132062364
2010680,D0203,Piper-Kansas City,KS,2022,ELA,39.89,269.66,1452.0,1432.0,98.62,24.92,35.16,30.22,9.67,41.71263157894737,12.647497267621882,37.898421052631576,13.160874364383535,-0.14411005911923608,0.1513257320317647
2010680,D0203,Piper-Kansas City,KS,2023,ELA,36.42,259.535,1510.0,1493.0,98.87,28.36,35.2,27.62,8.8,41.71263157894737,12.647497267621882,38.61210526315789,12.745300911380532,-0.4184726406303895,-0.1719932136871337
2010680,D0203,Piper-Kansas City,KS,2024,ELA,38.61,263.93,1542.0,1514.0,98.18,27.37,34.0,29.58,9.03,41.71263157894737,12.647497267621882,38.64526315789474,12.925319410805486,-0.2453158528755118,-0.002728223324621268
2010680,D0203,Piper-Kansas City,KS,2019,Math,46.06,291.985,1307.0,1298.0,99.31,17.79,36.13,31.2,14.86,38.10736842105263,13.13113426686754,38.10736842105263,13.13113426686754,0.6056317312216847,0.6056317312216847
2010680,D0203,Piper-Kansas City,KS,2021,Math,36.79,266.38,1418.0,1337.0,94.29,24.75,38.44,26.7,10.09,38.10736842105263,13.13113426686754,33.49105263157895,14.000265828721034,-0.1003240386001238,0.23563462356931655
2010680,D0203,Piper-Kansas City,KS,2022,Math,42.57,280.96,1450.0,1430.0,98.62,20.97,36.43,30.2,12.37,38.10736842105263,13.13113426686754,35.76684210526316,14.783353646221135,0.33985118789071245,0.46019043158558537
2010680,D0203,Piper-Kansas City,KS,2023,Math,35.26,260.7925,1509.0,1494.0,99.01,26.97,37.75,25.63,9.63,38.10736842105263,13.13113426686754,37.17894736842105,14.48814760597888,-0.2168410103182864,-0.1324494628719238
2010680,D0203,Piper-Kansas City,KS,2024,Math,35.42,261.3225,1541.0,1513.0,98.18,26.56,38.0,26.17,9.25,38.10736842105263,13.13113426686754,37.32578947368421,14.069430737828368,-0.20465622896213842,-0.13545604717041804
2004050,D0204,Bonner Springs,KS,2019,ELA,33.510000000000005,250.79,1445.0,1430.0,98.96,30.9,35.57,26.44,7.07,41.71263157894737,12.647497267621882,41.71263157894737,12.647497267621882,-0.6485576873731722,-0.6485576873731722
2004050,D0204,Bonner Springs,KS,2021,ELA,28.59,239.51,1316.0,1029.0,78.19,33.07,38.32,24.02,4.57,41.71263157894737,12.647497267621882,40.386842105263156,13.605724307001399,-1.0375674571238571,-0.8670499151002636
2004050,D0204,Bonner Springs,KS,2022,ELA,26.89,231.175,1320.0,1302.0,98.64,37.75,35.34,21.24,5.65,41.71263157894737,12.647497267621882,37.898421052631576,13.160874364383535,-1.1719814019564108,-0.8364505843489388
2004050,D0204,Bonner Springs,KS,2023,ELA,27.65,233.565,1286.0,1277.0,99.3,36.8,35.53,21.98,5.67,41.71263157894737,12.647497267621882,38.61210526315789,12.745300911380532,-1.111890461913622,-0.8600899531033915
2004050,D0204,Bonner Springs,KS,2024,ELA,26.310000000000002,229.565,1306.0,1296.0,99.23,38.27,35.4,20.8,5.51,41.71263157894737,12.647497267621882,38.64526315789474,12.925319410805486,-1.217840277252223,-0.9543488068528917
2004050,D0204,Bonner Springs,KS,2019,Math,27.87,244.465,1443.0,1431.0,99.17,30.67,41.43,20.26,7.61,38.10736842105263,13.13113426686754,38.10736842105263,13.13113426686754,-0.7796255992053588,-0.7796255992053588
2004050,D0204,Bonner Springs,KS,2021,Math,21.19,220.1575,1368.0,1066.0,77.92,39.11,39.68,18.01,3.18,38.10736842105263,13.13113426686754,33.49105263157895,14.000265828721034,-1.2883402208245258,-0.8786299333219653
2004050,D0204,Bonner Springs,KS,2022,Math,24.53,228.2775,1319.0,1304.0,98.86,37.65,37.8,19.01,5.52,38.10736842105263,13.13113426686754,35.76684210526316,14.783353646221135,-1.0339829100149422,-0.7601010145715804
2004050,D0204,Bonner Springs,KS,2023,Math,23.64,224.205,1284.0,1273.0,99.14,40.14,36.21,17.12,6.52,38.10736842105263,13.13113426686754,37.17894736842105,14.48814760597888,-1.1017607563085139,-0.9344843617436559
2004050,D0204,Bonner Springs,KS,2024,Math,24.12,224.2825,1306.0,1297.0,99.31,40.16,35.69,18.19,5.93,38.10736842105263,13.13113426686754,37.32578947368421,14.069430737828368,-1.0652064122400708,-0.938615763477758
2006330,D0207,Fort Leavenworth,KS,2019,ELA,68.08,341.005,960.0,958.0,99.79,8.27,23.63,43.6,24.48,41.71263157894737,12.647497267621882,41.71263157894737,12.647497267621882,2.084789414309991,2.084789414309991
2006330,D0207,Fort Leavenworth,KS,2021,ELA,69.49000000000001,345.16,796.0,794.0,99.75,8.11,22.38,42.14,27.35,41.71263157894737,12.647497267621882,40.386842105263156,13.605724307001399,2.196273921494639,2.1390377489686894
2006330,D0207,Fort Leavenworth,KS,2022,ELA,65.02,333.1675,827.0,813.0,98.31,11.09,23.87,40.25,24.77,41.71263157894737,12.647497267621882,37.898421052631576,13.160874364383535,1.8428443136113941,2.060773334389232
2006330,D0207,Fort Leavenworth,KS,2023,ELA,62.53,328.75,879.0,864.0,98.29,11.39,26.06,38.9,23.63,41.71263157894737,12.647497267621882,38.61210526315789,12.745300911380532,1.6459674179448895,1.8766049466502077
2006330,D0207,Fort Leavenworth,KS,2024,ELA,60.44,320.835,842.0,841.0,99.88,13.43,26.11,39.8,20.64,41.71263157894737,12.647497267621882,38.64526315789474,12.925319410805486,1.4807173328272205,1.6862048936202687
2006330,D0207,Fort Leavenworth,KS,2019,Math,67.63,346.2325,960.0,958.0,99.79,6.05,26.3,39.87,27.76,38.10736842105263,13.13113426686754,38.10736842105263,13.13113426686754,2.248292567797348,2.248292567797348
2006330,D0207,Fort Leavenworth,KS,2021,Math,62.43000000000001,336.0225,797.0,796.0,99.87,8.29,29.27,35.17,27.26,38.10736842105263,13.13113426686754,33.49105263157895,14.000265828721034,1.8522871737225481,2.0670284209213987
2006330,D0207,Fort Leavenworth,KS,2022,Math,67.11,343.9625,826.0,815.0,98.67,7.48,25.39,38.65,28.46,38.10736842105263,13.13113426686754,35.76684210526316,14.783353646221135,2.2086920283898683,2.12016560279938
2006330,D0207,Fort Leavenworth,KS,2023,Math,63.72,336.56,877.0,874.0,99.66,9.49,26.77,35.46,28.26,38.10736842105263,13.13113426686754,37.17894736842105,14.48814760597888,1.9505269734064883,1.831914841937844
2006330,D0207,Fort Leavenworth,KS,2024,Math,60.47,327.8875,840.0,840.0,100.0,12.02,27.5,33.33,27.14,38.10736842105263,13.13113426686754,37.32578947368421,14.069430737828368,1.703023602109738,1.6449997841126671
2012000,D0229,Blue Valley,KS,2019,ELA,60.67,322.24,11919.0,11835.0,99.3,12.16,27.15,41.08,19.59,41.71263157894737,12.647497267621882,41.71263157894737,12.647497267621882,1.4989027488928015,1.4989027488928015
2012000,D0229,Blue Valley,KS,2021,ELA,56.31,314.495,11552.0,11049.0,95.65,12.83,30.84,38.44,17.87,41.71263157894737,12.647497267621882,40.386842105263156,13.605724307001399,1.1541705139104876,1.1703278366843664
2012000,D0229,Blue Valley,KS,2022,ELA,54.81999999999999,310.4975,11665.0,11562.0,99.12,14.15,31.02,37.19,17.63,41.71263157894737,12.647497267621882,37.898421052631576,13.160874364383535,1.0363606446160722,1.2857488399982182
2012000,D0229,Blue Valley,KS,2023,ELA,56.53,315.01,11941.0,11821.0,99.0,13.21,30.24,37.58,18.95,41.71263157894737,12.647497267621882,38.61210526315789,12.745300911380532,1.1715652597123474,1.4058432093072721
2012000,D0229,Blue Valley,KS,2024,ELA,57.84,319.725,11775.0,11667.0,99.08,11.77,30.38,37.7,20.14,41.71263157894737,12.647497267621882,38.64526315789474,12.925319410805486,1.275143064259786,1.4850493231183584
2012000,D0229,Blue Valley,KS,2019,Math,55.12,317.2675,11918.0,11831.0,99.27,11.91,32.95,33.41,21.71,38.10736842105263,13.13113426686754,38.10736842105263,13.13113426686754,1.2955949755135485,1.2955949755135485
2012000,D0229,Blue Valley,KS,2021,Math,46.55,295.83,11666.0,11153.0,95.6,16.53,36.9,29.9,16.65,38.10736842105263,13.13113426686754,33.49105263157895,14.000265828721034,0.6429476241248866,0.9327642437782211
2012000,D0229,Blue Valley,KS,2022,Math,50.69,304.5075,11665.0,11547.0,98.99,15.89,33.4,30.65,20.04,38.10736842105263,13.13113426686754,35.76684210526316,14.783353646221135,0.9582288417152088,1.0094568696563273
2012000,D0229,Blue Valley,KS,2023,Math,55.77,317.015,11931.0,11808.0,98.97,13.3,30.91,32.7,23.07,38.10736842105263,13.13113426686754,37.17894736842105,14.48814760597888,1.3450956497728992,1.2831904489920376
2012000,D0229,Blue Valley,KS,2024,Math,58.76,325.3875,11771.0,11633.0,98.83,11.96,29.26,32.19,26.57,38.10736842105263,13.13113426686754,37.32578947368421,14.069430737828368,1.5727987513659092,1.523459685450229
2011850,D0230,Spring Hill,KS,2019,ELA,41.77,275.59,2176.0,2158.0,99.17,23.63,34.58,29.94,11.83,41.71263157894737,12.647497267621882,41.71263157894737,12.647497267621882,0.004535950460294003,0.004535950460294003
2011850,D0230,Spring Hill,KS,2021,ELA,46.87,287.3975,2858.0,2259.0,79.04,20.59,32.53,33.91,12.96,41.71263157894737,12.647497267621882,40.386842105263156,13.605724307001399,0.40777778495795436,0.4765022242440014
2011850,D0230,Spring Hill,KS,2022,ELA,41.370000000000005,274.31,2778.0,2544.0,91.58,23.68,34.93,30.48,10.89,41.71263157894737,12.647497267621882,37.898421052631576,13.160874364383535,-0.027090860088542026,0.2637802665120297
2011850,D0230,Spring Hill,KS,2023,ELA,44.04,280.78,2803.0,2577.0,91.94,22.23,33.7,31.84,12.2,41.71263157894737,12.647497267621882,38.61210526315789,12.745300911380532,0.1840181003249388,0.42587419273839433
2011850,D0230,Spring Hill,KS,2024,ELA,44.44,281.2525,2792.0,2678.0,95.92,21.6,33.94,33.57,10.87,41.71263157894737,12.647497267621882,38.64526315789474,12.925319410805486,0.21564491087377483,0.4483244597623557
2011850,D0230,Spring Hill,KS,2019,Math,39.58,273.76,2174.0,2157.0,99.22,24.2,36.2,25.4,14.18,38.10736842105263,13.13113426686754,38.10736842105263,13.13113426686754,0.11214808629770191,0.11214808629770191
2011850,D0230,Spring Hill,KS,2021,Math,39.62,276.0975,2860.0,2261.0,79.06,23.08,37.28,24.63,14.99,38.10736842105263,13.13113426686754,33.49105263157895,14.000265828721034,0.11519428163673877,0.43777364254382467
2011850,D0230,Spring Hill,KS,2022,Math,37.910000000000004,267.8175,2782.0,2545.0,91.48,26.79,35.28,23.69,14.22,38.10736842105263,13.13113426686754,35.76684210526316,14.783353646221135,-0.015030569107089454,0.14497102254498734
2011850,D0230,Spring Hill,KS,2023,Math,42.540000000000006,277.2275,2804.0,2578.0,91.94,25.6,31.84,25.87,16.67,38.10736842105263,13.13113426686754,37.17894736842105,14.48814760597888,0.3375665413864352,0.3700302328067524
2011850,D0230,Spring Hill,KS,2024,Math,42.18,277.915,2791.0,2664.0,95.45,23.94,33.85,27.28,14.9,38.10736842105263,13.13113426686754,37.32578947368421,14.069430737828368,0.3101507833351024,0.3450182609922029
2006420,D0231,Gardner Edgerton,KS,2019,ELA,38.980000000000004,270.2775,3219.0,3199.0,99.38,23.19,37.8,30.43,8.55,41.71263157894737,12.647497267621882,41.71263157894737,12.647497267621882,-0.21606105311783802,-0.21606105311783802
2006420,D0231,Gardner Edgerton,KS,2021,ELA,36.72,260.215,3151.0,3006.0,95.4,27.49,35.76,29.22,7.5,41.71263157894737,12.647497267621882,40.386842105263156,13.605724307001399,-0.3947525327187626,-0.26950730608117857
2006420,D0231,Gardner Edgerton,KS,2022,ELA,33.44,253.0475,3121.0,3082.0,98.75,29.14,37.39,26.73,6.71,41.71263157894737,12.647497267621882,37.898421052631576,13.160874364383535,-0.654092379219219,-0.33876328648019993
2006420,D0231,Gardner Edgerton,KS,2023,ELA,34.17,257.18,3089.0,3059.0,99.03,27.17,38.64,27.14,7.03,41.71263157894737,12.647497267621882,38.61210526315789,12.745300911380532,-0.5963734499675928,-0.34852886519073456
2006420,D0231,Gardner Edgerton,KS,2024,ELA,33.98,253.6875,3074.0,3004.0,97.72,29.67,36.33,26.29,7.69,41.71263157894737,12.647497267621882,38.64526315789474,12.925319410805486,-0.6113961849782904,-0.36093987387225507
2006420,D0231,Gardner Edgerton,KS,2019,Math,38.870000000000005,277.7775,3217.0,3194.0,99.29,19.44,41.67,27.67,11.2,38.10736842105263,13.13113426686754,38.10736842105263,13.13113426686754,0.0580781190297969,0.0580781190297969
2006420,D0231,Gardner Edgerton,KS,2021,Math,31.77,253.4,3155.0,3021.0,95.75,28.56,39.65,23.0,8.77,38.10736842105263,13.13113426686754,33.49105263157895,14.000265828721034,-0.4826215536492583,-0.12292999666108313
2006420,D0231,Gardner Edgerton,KS,2022,Math,31.75,252.7525,3121.0,3076.0,98.56,28.57,39.66,23.79,7.96,38.10736842105263,13.13113426686754,35.76684210526316,14.783353646221135,-0.48414465131877676,-0.2717138615086793
2006420,D0231,Gardner Edgerton,KS,2023,Math,33.769999999999996,260.3775,3091.0,3058.0,98.93,25.93,40.28,24.29,9.48,38.10736842105263,13.13113426686754,37.17894736842105,14.48814760597888,-0.3303117866974122,-0.2352921478391254
2006420,D0231,Gardner Edgerton,KS,2024,Math,33.61,256.6925,3071.0,2987.0,97.26,28.25,38.13,24.17,9.44,38.10736842105263,13.13113426686754,37.32578947368421,14.069430737828368,-0.3424965680535596,-0.2641037539417709
2005490,D0232,De Soto,KS,2019,ELA,53.6,309.585,3954.0,3941.0,99.67,12.37,34.01,38.68,14.92,41.71263157894737,12.647497267621882,41.71263157894737,12.647497267621882,0.9398988724421228,0.9398988724421228
2005490,D0232,De Soto,KS,2021,ELA,53.31,308.405,3826.0,3695.0,96.58,12.65,34.02,38.92,14.39,41.71263157894737,12.647497267621882,40.386842105263156,13.605724307001399,0.9169694347942167,0.949832409002047
2005490,D0232,De Soto,KS,2022,ELA,49.489999999999995,296.8275,3972.0,3943.0,99.27,16.39,34.1,36.69,12.8,41.71263157894737,12.647497267621882,37.898421052631576,13.160874364383535,0.6149333940528309,0.8807605502821299
2005490,D0232,De Soto,KS,2023,ELA,48.69,297.05,3925.0,3892.0,99.16,16.19,35.1,34.66,14.03,41.71263157894737,12.647497267621882,38.61210526315789,12.745300911380532,0.5516797729551588,0.7907145391791693
2005490,D0232,De Soto,KS,2024,ELA,50.7,299.94,3961.0,3916.0,98.86,16.01,33.28,36.56,14.14,41.71263157894737,12.647497267621882,38.64526315789474,12.925319410805486,0.7106044959630609,0.9326451795092646
2005490,D0232,De Soto,KS,2019,Math,49.879999999999995,305.7925,3952.0,3937.0,99.62,12.52,37.59,33.55,16.33,38.10736842105263,13.13113426686754,38.10736842105263,13.13113426686754,0.8965433860997108,0.8965433860997108
2005490,D0232,De Soto,KS,2021,Math,48.6,302.07,3821.0,3683.0,96.39,13.25,38.14,33.64,14.96,38.10736842105263,13.13113426686754,33.49105263157895,14.000265828721034,0.7990651352505296,1.0791900349081656
2005490,D0232,De Soto,KS,2022,Math,48.379999999999995,299.2775,3969.0,3936.0,99.17,15.21,36.38,32.79,15.59,38.10736842105263,13.13113426686754,35.76684210526316,14.783353646221135,0.782311060885826,0.8532000381362023
2005490,D0232,De Soto,KS,2023,Math,50.099999999999994,303.2725,3926.0,3895.0,99.21,14.5,35.37,33.47,16.63,38.10736842105263,13.13113426686754,37.17894736842105,14.48814760597888,0.9132974604644138,0.8918360706269147
2005490,D0232,De Soto,KS,2024,Math,50.68000000000001,304.255,3960.0,3918.0,98.94,14.95,34.35,32.84,17.84,38.10736842105263,13.13113426686754,37.32578947368421,14.069430737828368,0.9574672928804503,0.949164950249937
2010140,D0233,Olathe,KS,2019,ELA,44.85,283.595,15785.0,15662.0,99.22,21.02,34.11,32.7,12.15,41.71263157894737,12.647497267621882,41.71263157894737,12.647497267621882,0.24806239168633215,0.24806239168633215
2010140,D0233,Olathe,KS,2021,ELA,43.480000000000004,280.1625,15054.0,14137.0,93.91,21.68,34.81,32.27,11.21,41.71263157894737,12.647497267621882,40.386842105263156,13.605724307001399,0.13974056555656858,0.22734239096298114
2010140,D0233,Olathe,KS,2022,ELA,39.480000000000004,268.0325,14970.0,14758.0,98.58,25.95,34.55,29.27,10.21,41.71263157894737,12.647497267621882,37.898421052631576,13.160874364383535,-0.17652753993179285,0.12017278666898892
2010140,D0233,Olathe,KS,2023,ELA,41.65,273.6875,14907.0,14783.0,99.17,24.58,33.76,30.29,11.36,41.71263157894737,12.647497267621882,38.61210526315789,12.745300911380532,-0.004952092704357199,0.2383541006967916
2010140,D0233,Olathe,KS,2024,ELA,42.71,275.34,14769.0,14615.0,98.96,24.59,32.68,30.86,11.85,41.71263157894737,12.647497267621882,38.64526315789474,12.925319410805486,0.07885895525005876,0.31447863785146907
2010140,D0233,Olathe,KS,2019,Math,41.95,283.0225,15759.0,15619.0,99.11,19.91,38.12,27.95,14.0,38.10736842105263,13.13113426686754,38.10736842105263,13.13113426686754,0.2926351601356403,0.2926351601356403
2010140,D0233,Olathe,KS,2021,Math,37.42,269.3275,15146.0,14177.0,93.6,24.41,38.15,25.13,12.29,38.10736842105263,13.13113426686754,33.49105263157895,14.000265828721034,-0.05234646201029198,0.28063376913608007
2010140,D0233,Olathe,KS,2022,Math,40.14,273.935,14951.0,14728.0,98.51,24.48,35.36,26.1,14.04,38.10736842105263,13.13113426686754,35.76684210526316,14.783353646221135,0.15479482104421907,0.2958163620644151
2010140,D0233,Olathe,KS,2023,Math,43.08,282.0125,14883.0,14766.0,99.21,22.89,34.01,26.35,16.73,38.10736842105263,13.13113426686754,37.17894736842105,14.48814760597888,0.37869017846343317,0.40730207836533494
2010140,D0233,Olathe,KS,2024,Math,43.89,284.7925,14756.0,14578.0,98.79,22.03,34.05,26.49,17.4,38.10736842105263,13.13113426686754,37.32578947368421,14.069430737828368,0.44037563407893116,0.4665583596546411
2010260,D0367,Osawatomie,KS,2019,ELA,27.56,239.04,549.0,544.0,99.09,33.27,39.15,21.5,6.06,41.71263157894737,12.647497267621882,41.71263157894737,12.647497267621882,-1.1190064942871103,-1.1190064942871103
2010260,D0367,Osawatomie,KS,2021,ELA,24.849999999999998,228.665,537.0,527.0,98.14,36.81,38.33,21.06,3.79,41.71263157894737,12.647497267621882,40.386842105263156,13.605724307001399,-1.3332781357554753,-1.1419342149442218
2010260,D0367,Osawatomie,KS,2022,ELA,25.27,228.735,534.0,530.0,99.25,37.54,37.16,20.56,4.71,41.71263157894737,12.647497267621882,37.898421052631576,13.160874364383535,-1.3000699846791972,-0.9595427099286881
2010260,D0367,Osawatomie,KS,2023,ELA,25.7,228.9175,536.0,533.0,99.44,38.08,36.21,20.45,5.25,41.71263157894737,12.647497267621882,38.61210526315789,12.745300911380532,-1.2660711633391983,-1.0130875177398455
2010260,D0367,Osawatomie,KS,2024,ELA,24.63,226.07,491.0,487.0,99.19,38.6,36.75,20.32,4.31,41.71263157894737,12.647497267621882,38.64526315789474,12.925319410805486,-1.350672881557335,-1.0843262524079729
2010260,D0367,Osawatomie,KS,2019,Math,22.87,231.375,547.0,533.0,97.44,33.39,43.71,18.94,3.93,38.10736842105263,13.13113426686754,38.10736842105263,13.13113426686754,-1.1604000165849748,-1.1604000165849748
2010260,D0367,Osawatomie,KS,2021,Math,17.8,212.98,536.0,528.0,98.51,40.71,41.47,15.34,2.46,38.10736842105263,13.13113426686754,33.49105263157895,14.000265828721034,-1.5465052758079056,-1.120768192800263
2010260,D0367,Osawatomie,KS,2022,Math,24.56,233.135,534.0,529.0,99.06,34.02,41.39,19.84,4.72,38.10736842105263,13.13113426686754,35.76684210526316,14.783353646221135,-1.0316982635106648,-0.7580717050713192
2010260,D0367,Osawatomie,KS,2023,Math,27.16,239.1925,536.0,530.0,98.88,33.01,39.81,20.75,6.41,38.10736842105263,13.13113426686754,37.17894736842105,14.48814760597888,-0.8336955664732643,-0.6915271462506699
2010260,D0367,Osawatomie,KS,2024,Math,26.080000000000002,235.9675,491.0,483.0,98.37,33.33,40.57,21.53,4.55,38.10736842105263,13.13113426686754,37.32578947368421,14.069430737828368,-0.9159428406272613,-0.7993066445430335
2010500,D0368,Paola,KS,2019,ELA,36.410000000000004,257.97,955.0,950.0,99.48,28.31,35.26,29.78,6.63,41.71263157894737,12.647497267621882,41.71263157894737,12.647497267621882,-0.41926331089411023,-0.41926331089411023
2010500,D0368,Paola,KS,2021,ELA,36.8,264.8025,901.0,891.0,98.89,25.25,37.93,27.83,8.97,41.71263157894737,12.647497267621882,40.386842105263156,13.605724307001399,-0.3884271706089955,-0.26362742800965017
2010500,D0368,Paola,KS,2022,ELA,32.730000000000004,254.5175,956.0,947.0,99.06,27.66,39.59,25.87,6.86,41.71263157894737,12.647497267621882,37.898421052631576,13.160874364383535,-0.7102299679434028,-0.3927110699132994
2010500,D0368,Paola,KS,2023,ELA,37.17,264.9725,957.0,952.0,99.48,26.26,36.55,26.57,10.6,41.71263157894737,12.647497267621882,38.61210526315789,12.745300911380532,-0.35917237085132175,-0.11314799651926674
2010500,D0368,Paola,KS,2024,ELA,40.95,274.1,961.0,959.0,99.79,22.36,36.67,32.28,8.67,41.71263157894737,12.647497267621882,38.64526315789474,12.925319410805486,-0.06029901116482011,0.17831179012709877
2010500,D0368,Paola,KS,2019,Math,34.69,266.035,955.0,951.0,99.58,22.39,42.9,26.28,8.41,38.10736842105263,13.13113426686754,38.10736842105263,13.13113426686754,-0.26024929389956264,-0.26024929389956264
2010500,D0368,Paola,KS,2021,Math,38.31,271.6575,899.0,890.0,99.0,22.02,39.66,29.21,9.1,38.10736842105263,13.13113426686754,33.49105263157895,14.000265828721034,0.015431384283279725,0.34420399065103147
2010500,D0368,Paola,KS,2022,Math,31.880000000000003,258.525,956.0,947.0,99.06,24.07,44.03,25.44,6.44,38.10736842105263,13.13113426686754,35.76684210526316,14.783353646221135,-0.4742445164669065,-0.26292018700754655
2010500,D0368,Paola,KS,2023,Math,35.11,266.3275,956.0,954.0,99.79,22.95,41.92,25.89,9.22,38.10736842105263,13.13113426686754,37.17894736842105,14.48814760597888,-0.22826424283967478,-0.14280275330486344
2010500,D0368,Paola,KS,2024,Math,35.72,268.9875,961.0,960.0,99.9,21.45,42.81,26.97,8.75,38.10736842105263,13.13113426686754,37.32578947368421,14.069430737828368,-0.18180976391936166,-0.11413322284367469
2008970,D0416,Louisburg,KS,2019,ELA,49.339999999999996,299.88,929.0,926.0,99.68,15.01,35.63,34.98,14.36,41.71263157894737,12.647497267621882,41.71263157894737,12.647497267621882,0.6030733400970174,0.6030733400970174
2008970,D0416,Louisburg,KS,2021,ELA,55.18,310.81,889.0,877.0,98.65,13.22,31.58,39.56,15.62,41.71263157894737,12.647497267621882,40.386842105263156,13.605724307001399,1.0648247741100254,1.0872745589240258
2008970,D0416,Louisburg,KS,2022,ELA,53.39,309.9175,847.0,841.0,99.29,11.68,34.92,39.09,14.3,41.71263157894737,12.647497267621882,37.898421052631576,13.160874364383535,0.9232947969039837,1.1770934451963413
2008970,D0416,Louisburg,KS,2023,ELA,53.05,308.3575,894.0,885.0,98.99,13.26,33.67,37.07,15.98,41.71263157894737,12.647497267621882,38.61210526315789,12.745300911380532,0.8964120079374728,1.1328014016483692
2008970,D0416,Louisburg,KS,2024,ELA,52.699999999999996,307.0725,863.0,848.0,98.26,12.73,34.55,38.91,13.79,41.71263157894737,12.647497267621882,38.64526315789474,12.925319410805486,0.868738548707241,1.087380233741503
2008970,D0416,Louisburg,KS,2019,Math,47.18,300.5775,928.0,924.0,99.57,12.87,39.93,32.57,14.61,38.10736842105263,13.13113426686754,38.10736842105263,13.13113426686754,0.6909252007147184,0.6909252007147184
2008970,D0416,Louisburg,KS,2021,Math,43.48,288.015,889.0,876.0,98.54,17.8,38.69,29.56,13.92,38.10736842105263,13.13113426686754,33.49105263157895,14.000265828721034,0.40915213185380234,0.7134826931592316
2008970,D0416,Louisburg,KS,2022,Math,53.269999999999996,313.255,845.0,839.0,99.29,11.44,35.28,34.8,18.47,38.10736842105263,13.13113426686754,35.76684210526316,14.783353646221135,1.1547084410830906,1.1839774866788044
2008970,D0416,Louisburg,KS,2023,Math,53.31999999999999,309.5475,893.0,885.0,99.1,14.23,32.42,34.23,19.09,38.10736842105263,13.13113426686754,37.17894736842105,14.48814760597888,1.1585161852568866,1.114086705254021
2008970,D0416,Louisburg,KS,2024,Math,54.01,313.12,863.0,846.0,98.03,13.0,32.97,33.8,20.21,38.10736842105263,13.13113426686754,37.32578947368421,14.069430737828368,1.2110630548552739,1.1858483002767897
2005640,D0449,Easton,KS,2019,ELA,46.81,289.41,331.0,331.0,100.0,16.91,36.25,38.36,8.45,41.71263157894737,12.647497267621882,41.71263157894737,12.647497267621882,0.4030337633756293,0.4030337633756293
2005640,D0449,Easton,KS,2021,ELA,41.82,275.0225,308.0,306.0,99.35,23.85,34.31,30.39,11.43,41.71263157894737,12.647497267621882,40.386842105263156,13.605724307001399,0.008489301778898296,0.10533492097876423
2005640,D0449,Easton,KS,2022,ELA,40.22,269.6175,350.0,348.0,99.43,25.86,33.9,29.31,10.91,41.71263157894737,12.647497267621882,37.898421052631576,13.160874364383535,-0.11801794041644638,0.1764000539091209
2005640,D0449,Easton,KS,2023,ELA,39.1,268.85,338.0,335.0,99.11,25.97,34.92,27.16,11.94,41.71263157894737,12.647497267621882,38.61210526315789,12.745300911380532,-0.20657300995318736,0.03828036232604419
2005640,D0449,Easton,KS,2024,ELA,35.97,266.2325,355.0,353.0,99.44,23.51,40.5,27.19,8.78,41.71263157894737,12.647497267621882,38.64526315789474,12.925319410805486,-0.45405280249783037,-0.20697849491117698
2005640,D0449,Easton,KS,2019,Math,43.8,285.0075,331.0,331.0,100.0,21.45,34.74,27.19,16.61,38.10736842105263,13.13113426686754,38.10736842105263,13.13113426686754,0.4335216945660978,0.4335216945660978
2005640,D0449,Easton,KS,2021,Math,45.269999999999996,288.24,309.0,307.0,99.35,18.24,36.48,33.22,12.05,38.10736842105263,13.13113426686754,33.49105263157895,14.000265828721034,0.5454693732757049,0.8413374083409876
2005640,D0449,Easton,KS,2022,Math,44.95,288.205,349.0,347.0,99.43,19.59,35.44,29.68,15.27,38.10736842105263,13.13113426686754,35.76684210526316,14.783353646221135,0.5210998105634099,0.6211823186063203
2005640,D0449,Easton,KS,2023,Math,48.5,296.8875,338.0,334.0,98.82,16.46,35.02,33.83,14.67,38.10736842105263,13.13113426686754,37.17894736842105,14.48814760597888,0.7914496469029372,0.7814009726755579
2005640,D0449,Easton,KS,2024,Math,40.5,282.2975,355.0,353.0,99.44,18.98,40.5,26.91,13.59,38.10736842105263,13.13113426686754,37.32578947368421,14.069430737828368,0.18221057909555138,0.22561044476243908
2008430,D0453,Leavenworth,KS,2019,ELA,25.65,222.44,1821.0,1812.0,99.51,42.2,32.13,20.68,4.97,41.71263157894737,12.647497267621882,41.71263157894737,12.647497267621882,-1.2700245146578029,-1.2700245146578029
2008430,D0453,Leavenworth,KS,2021,ELA,24.96,223.2425,1658.0,1611.0,97.17,41.03,33.99,20.11,4.85,41.71263157894737,12.647497267621882,40.386842105263156,13.605724307001399,-1.324580762854545,-1.1338493825958698
2008430,D0453,Leavenworth,KS,2022,ELA,21.919999999999998,211.8675,1796.0,1784.0,99.33,45.87,32.19,17.49,4.43,41.71263157894737,12.647497267621882,37.898421052631576,13.160874364383535,-1.5649445230257,-1.2140850683806386
2008430,D0453,Leavenworth,KS,2023,ELA,20.61,206.6075,1727.0,1711.0,99.07,47.97,31.4,16.81,3.8,41.71263157894737,12.647497267621882,38.61210526315789,12.745300911380532,-1.6685223275731382,-1.4124503915857691
2008430,D0453,Leavenworth,KS,2024,ELA,20.24,206.475,1687.0,1676.0,99.35,47.71,32.03,16.52,3.72,41.71263157894737,12.647497267621882,38.64526315789474,12.925319410805486,-1.6977771273308118,-1.4239696964477377
2008430,D0453,Leavenworth,KS,2019,Math,18.17,205.65,1814.0,1804.0,99.45,46.17,35.64,15.18,2.99,38.10736842105263,13.13113426686754,38.10736842105263,13.13113426686754,-1.5183279689218139,-1.5183279689218139
2008430,D0453,Leavenworth,KS,2021,Math,12.15,182.0025,1778.0,1728.0,97.19,56.77,31.07,9.49,2.66,38.10736842105263,13.13113426686754,33.49105263157895,14.000265828721034,-1.9767803674468718,-1.5243319585974264
2008430,D0453,Leavenworth,KS,2022,Math,13.2,183.015,1793.0,1780.0,99.27,57.24,29.55,10.0,3.2,38.10736842105263,13.13113426686754,35.76684210526316,14.783353646221135,-1.8968177397971524,-1.5265035691702884
2008430,D0453,Leavenworth,KS,2023,Math,12.23,179.675,1729.0,1707.0,98.73,58.28,29.46,9.72,2.51,38.10736842105263,13.13113426686754,37.17894736842105,14.48814760597888,-1.970687976768798,-1.7220246540092725
2008430,D0453,Leavenworth,KS,2024,Math,13.29,182.29,1681.0,1669.0,99.29,57.69,28.99,10.24,3.05,38.10736842105263,13.13113426686754,37.32578947368421,14.069430737828368,-1.8899638002843193,-1.7083697216732
2003780,D0458,Basehor-Linwood,KS,2019,ELA,47.9,291.315,1397.0,1390.0,99.5,18.63,33.45,35.32,12.58,41.71263157894737,12.647497267621882,41.71263157894737,12.647497267621882,0.48921682212120754,0.48921682212120754
2003780,D0458,Basehor-Linwood,KS,2021,ELA,45.18,286.085,1472.0,1446.0,98.23,19.37,35.43,33.56,11.62,41.71263157894737,12.647497267621882,40.386842105263156,13.605724307001399,0.27415451038912186,0.3522897999829617
2003780,D0458,Basehor-Linwood,KS,2022,ELA,46.77,288.905,1548.0,1533.0,99.03,19.43,33.78,33.92,12.85,41.71263157894737,12.647497267621882,37.898421052631576,13.160874364383535,0.39987108232074575,0.6740873517778603
2003780,D0458,Basehor-Linwood,KS,2023,ELA,48.97,293.49,1588.0,1576.0,99.24,18.52,32.48,35.46,13.51,41.71263157894737,12.647497267621882,38.61210526315789,12.745300911380532,0.5738185403393442,0.812683420255173
2003780,D0458,Basehor-Linwood,KS,2024,ELA,48.19,292.21,1595.0,1587.0,99.5,18.04,33.75,36.08,12.11,41.71263157894737,12.647497267621882,38.64526315789474,12.925319410805486,0.5121462597691137,0.738452686447804
2003780,D0458,Basehor-Linwood,KS,2019,Math,42.66,285.725,1396.0,1385.0,99.21,19.35,37.97,27.36,15.3,38.10736842105263,13.13113426686754,38.10736842105263,13.13113426686754,0.3467051274035453,0.3467051274035453
2003780,D0458,Basehor-Linwood,KS,2021,Math,36.89,271.215,1486.0,1458.0,98.12,22.7,40.39,24.62,12.27,38.10736842105263,13.13113426686754,33.49105263157895,14.000265828721034,-0.09270855025253137,0.24277734508785054
2003780,D0458,Basehor-Linwood,KS,2022,Math,45.120000000000005,290.36,1547.0,1529.0,98.84,19.16,35.7,28.12,17.0,38.10736842105263,13.13113426686754,35.76684210526316,14.783353646221135,0.534046140754317,0.6326817391078015
2003780,D0458,Basehor-Linwood,KS,2023,Math,45.45,292.955,1588.0,1575.0,99.18,18.09,36.44,27.68,17.77,38.10736842105263,13.13113426686754,37.17894736842105,14.48814760597888,0.5591772523013715,0.5708840672057832
2003780,D0458,Basehor-Linwood,KS,2024,Math,47.03,295.08,1594.0,1586.0,99.5,17.33,35.62,30.58,16.45,38.10736842105263,13.13113426686754,37.32578947368421,14.069430737828368,0.6795019681933301,0.6897372542745568
2012210,D0464,Tonganoxie,KS,2019,ELA,37.52,263.9325,1078.0,1055.0,97.87,25.78,36.68,29.85,7.67,41.71263157894737,12.647497267621882,41.71263157894737,12.647497267621882,-0.33149891162109,-0.33149891162109
2012210,D0464,Tonganoxie,KS,2021,ELA,33.82,255.25,1020.0,1004.0,98.43,28.34,37.82,26.44,7.38,41.71263157894737,12.647497267621882,40.386842105263156,13.605724307001399,-0.6240469091978246,-0.4826528861740871
2012210,D0464,Tonganoxie,KS,2022,ELA,29.47,239.1925,1030.0,1021.0,99.13,34.86,35.65,23.21,6.26,41.71263157894737,12.647497267621882,37.898421052631576,13.160874364383535,-0.9679884739164177,-0.6404149769441532
2012210,D0464,Tonganoxie,KS,2023,ELA,33.36,249.8525,1014.0,1005.0,99.11,31.36,35.26,26.37,6.99,41.71263157894737,12.647497267621882,38.61210526315789,12.745300911380532,-0.6604177413289861,-0.412081699732031
2012210,D0464,Tonganoxie,KS,2024,ELA,34.53,252.2525,1007.0,996.0,98.91,30.61,34.84,27.79,6.74,41.71263157894737,12.647497267621882,38.64526315789474,12.925319410805486,-0.5679093204736403,-0.318387733958389
2012210,D0464,Tonganoxie,KS,2019,Math,31.71,259.6775,1078.0,1053.0,97.68,24.59,43.68,22.41,9.3,38.10736842105263,13.13113426686754,38.10736842105263,13.13113426686754,-0.4871908466578136,-0.4871908466578136
2012210,D0464,Tonganoxie,KS,2021,Math,24.57,232.835,1021.0,1005.0,98.43,34.32,41.09,19.7,4.87,38.10736842105263,13.13113426686754,33.49105263157895,14.000265828721034,-1.0309367146759054,-0.6372059459955209
2012210,D0464,Tonganoxie,KS,2022,Math,23.1,229.205,1030.0,1017.0,98.74,35.98,40.9,17.3,5.8,38.10736842105263,13.13113426686754,35.76684210526316,14.783353646221135,-1.1428843933855124,-0.8568314340840386
2012210,D0464,Tonganoxie,KS,2023,Math,26.11,239.365,1012.0,1003.0,99.11,32.2,41.67,19.34,6.77,38.10736842105263,13.13113426686754,37.17894736842105,14.48814760597888,-0.9136581941229838,-0.7640001792812482
2012210,D0464,Tonganoxie,KS,2024,Math,27.3,243.485,1007.0,996.0,98.91,30.32,42.36,20.78,6.52,38.10736842105263,13.13113426686754,37.32578947368421,14.069430737828368,-0.823033882786635,-0.7125938256142765
2008340,D0469,Lansing,KS,2019,ELA,43.58,277.94,1409.0,1401.0,99.43,22.97,33.42,32.92,10.66,41.71263157894737,12.647497267621882,41.71263157894737,12.647497267621882,0.14764726819377716,0.14764726819377716
2008340,D0469,Lansing,KS,2021,ELA,44.75,278.6025,1377.0,1349.0,97.97,23.68,31.55,33.77,10.98,41.71263157894737,12.647497267621882,40.386842105263156,13.605724307001399,0.24015568904912302,0.320685455348496
2008340,D0469,Lansing,KS,2022,ELA,42.33,272.8925,1364.0,1347.0,98.75,24.57,33.08,33.15,9.18,41.71263157894737,12.647497267621882,37.898421052631576,13.160874364383535,0.048813485228664216,0.3367237483370658
2008340,D0469,Lansing,KS,2023,ELA,42.05,273.105,1389.0,1373.0,98.85,25.16,32.77,30.94,11.11,41.71263157894737,12.647497267621882,38.61210526315789,12.745300911380532,0.02667471784447883,0.26973821651965385
2008340,D0469,Lansing,KS,2024,ELA,40.55,270.525,1279.0,1260.0,98.51,25.57,33.86,29.56,10.99,41.71263157894737,12.647497267621882,38.64526315789474,12.925319410805486,-0.0919258217136567,0.1473647792806505
2008340,D0469,Lansing,KS,2019,Math,35.11,267.61,1409.0,1401.0,99.43,22.41,42.46,25.26,9.85,38.10736842105263,13.13113426686754,38.10736842105263,13.13113426686754,-0.22826424283967478,-0.22826424283967478
2008340,D0469,Lansing,KS,2021,Math,32.06,256.685,1389.0,1353.0,97.41,26.53,41.38,23.42,8.64,38.10736842105263,13.13113426686754,33.49105263157895,14.000265828721034,-0.4605366374412404,-0.10221610425733475
2008340,D0469,Lansing,KS,2022,Math,33.99,261.08,1360.0,1344.0,98.82,25.44,40.55,24.92,9.07,38.10736842105263,13.13113426686754,35.76684210526316,14.783353646221135,-0.31355771233270857,-0.12019208548916412
2008340,D0469,Lansing,KS,2023,Math,35.370000000000005,263.2925,1385.0,1368.0,98.77,26.9,37.71,22.73,12.64,38.10736842105263,13.13113426686754,37.17894736842105,14.48814760597888,-0.20846397313593434,-0.12485704988776754
2008340,D0469,Lansing,KS,2024,Math,38.83,269.4175,1278.0,1259.0,98.51,25.97,35.18,25.65,13.18,38.10736842105263,13.13113426686754,37.32578947368421,14.069430737828368,0.055031923690759495,0.1069133893435666
2007950,D0500,Kansas City,KS,2019,ELA,18.64,200.395,11811.0,11683.0,98.92,49.92,31.42,15.94,2.7,41.71263157894737,12.647497267621882,41.71263157894737,12.647497267621882,-1.8242843695261561,-1.8242843695261561
2007950,D0500,Kansas City,KS,2021,ELA,14.440000000000001,187.16,10832.0,9671.0,89.28,54.77,30.78,12.72,1.72,41.71263157894737,12.647497267621882,40.386842105263156,13.605724307001399,-2.1563658802889356,-1.9070533490018693
2007950,D0500,Kansas City,KS,2022,ELA,13.57,181.09,11127.0,10603.0,95.29,58.14,28.27,11.72,1.85,41.71263157894737,12.647497267621882,37.898421052631576,13.160874364383535,-2.225154193232654,-1.8485413946713212
2007950,D0500,Kansas City,KS,2023,ELA,15.43,188.785,10765.0,10407.0,96.67,54.83,29.72,13.04,2.39,41.71263157894737,12.647497267621882,38.61210526315789,12.745300911380532,-2.0780895241805664,-1.818874691491837
2007950,D0500,Kansas City,KS,2024,ELA,14.329999999999998,186.0825,10764.0,10428.0,96.88,55.67,29.98,12.03,2.3,41.71263157894737,12.647497267621882,38.64526315789474,12.925319410805486,-2.1650632531898655,-1.8812117817040044
2007950,D0500,Kansas City,KS,2019,Math,17.61,208.3725,11799.0,11660.0,98.82,44.09,38.29,14.25,3.36,38.10736842105263,13.13113426686754,38.10736842105263,13.13113426686754,-1.560974703668331,-1.560974703668331
2007950,D0500,Kansas City,KS,2021,Math,7.6499999999999995,164.27,11249.0,9936.0,88.33,64.02,28.31,6.6,1.05,38.10736842105263,13.13113426686754,33.49105263157895,14.000265828721034,-2.3194773430885265,-1.84575442693145
2007950,D0500,Kansas City,KS,2022,Math,10.05,177.095,11105.0,10584.0,95.31,57.76,32.17,8.42,1.63,38.10736842105263,13.13113426686754,35.76684210526316,14.783353646221135,-2.1367056227463106,-1.7395810666977314
2007950,D0500,Kansas City,KS,2023,Math,11.44,179.66,10773.0,10347.0,96.05,57.54,31.01,9.18,2.26,38.10736842105263,13.13113426686754,37.17894736842105,14.48814760597888,-2.0308503347147773,-1.7765519836227552
2007950,D0500,Kansas City,KS,2024,Math,12.18,181.175,10747.0,10417.0,96.93,57.4,30.4,9.38,2.8,38.10736842105263,13.13113426686754,37.32578947368421,14.069430737828368,-1.9744957209425942,-1.787264171682151
2011640,D0512,Shawnee Mission Pub Sch,KS,2019,ELA,48.22,289.35,14098.0,14054.0,99.69,21.31,30.44,33.4,14.82,41.71263157894737,12.647497267621882,41.71263157894737,12.647497267621882,0.5145182705602764,0.5145182705602764
2011640,D0512,Shawnee Mission Pub Sch,KS,2021,ELA,45.29,279.81,13594.0,12445.0,91.55,24.34,30.35,32.28,13.01,41.71263157894737,12.647497267621882,40.386842105263156,13.605724307001399,0.28285188329005173,0.3603746323313134
2011640,D0512,Shawnee Mission Pub Sch,KS,2022,ELA,43.92,277.865,13587.0,13532.0,99.6,24.46,31.6,30.98,12.94,41.71263157894737,12.647497267621882,37.898421052631576,13.160874364383535,0.17453005716028816,0.45753639010978286
2011640,D0512,Shawnee Mission Pub Sch,KS,2023,ELA,45.56,282.005,13563.0,13489.0,99.45,23.77,30.64,31.18,14.38,41.71263157894737,12.647497267621882,38.61210526315789,12.745300911380532,0.3041999804105164,0.5451338328652716
2011640,D0512,Shawnee Mission Pub Sch,KS,2024,ELA,45.71,282.795,13754.0,13689.0,99.53,23.45,30.82,31.2,14.51,41.71263157894737,12.647497267621882,38.64526315789474,12.925319410805486,0.31606003436632985,0.5465812191998277
2011640,D0512,Shawnee Mission Pub Sch,KS,2019,Math,43.64,284.535,14068.0,14023.0,99.68,21.52,34.82,27.22,16.42,38.10736842105263,13.13113426686754,38.10736842105263,13.13113426686754,0.4213369132099503,0.4213369132099503
2011640,D0512,Shawnee Mission Pub Sch,KS,2021,Math,38.34,268.2575,13610.0,12456.0,91.52,26.94,34.7,23.95,14.39,38.10736842105263,13.13113426686754,33.49105263157895,14.000265828721034,0.01771603078755751,0.3463468071065917
2011640,D0512,Shawnee Mission Pub Sch,KS,2022,Math,40.21,273.3575,13569.0,13507.0,99.54,25.53,34.25,24.99,15.22,38.10736842105263,13.13113426686754,35.76684210526316,14.783353646221135,0.16012566288753372,0.3005514175650249
2011640,D0512,Shawnee Mission Pub Sch,KS,2023,Math,43.56,281.0225,13548.0,13466.0,99.39,24.47,31.95,25.79,17.77,38.10736842105263,13.13113426686754,37.17894736842105,14.48814760597888,0.4152445225318766,0.4404326077507424
2011640,D0512,Shawnee Mission Pub Sch,KS,2024,Math,43.99,282.325,13743.0,13656.0,99.37,24.11,31.88,25.92,18.07,38.10736842105263,13.13113426686754,37.32578947368421,14.069430737828368,0.44799112242652356,0.47366596776355574
2903200,19139,ARCHIE R-V,MO,2019,ELA,55.5,362.0,,,,,,,,50.42058823529412,11.09449165568388,50.42058823529412,11.09449165568388,0.457831861282587,0.457831861282587
2903200,19139,ARCHIE R-V,MO,2019,Math,44.2,323.2,,,,,,,,42.745714285714286,11.84948107221039,42.745714285714286,11.84948107221039,0.12272990736246954,0.12272990736246954
2903200,19139,ARCHIE R-V,MO,2021,ELA,47.9,,,,,,,,,50.42058823529412,11.09449165568388,45.68571428571428,10.888664987503473,-0.22719276497925742,0.2033569511806058
2903200,19139,ARCHIE R-V,MO,2021,Math,31.7,,,,,,,,,42.745714285714286,11.84948107221039,34.24,13.068129169854421,-0.9321686087687746,-0.19436600044169125
2903200,19139,ARCHIE R-V,MO,2022,ELA,47.2,396.3,,,,,,,,50.42058823529412,11.09449165568388,43.00857142857143,10.705863468447655,-0.29028713845074267,0.39150775495891216
2903200,19139,ARCHIE R-V,MO,2022,Math,41.7,375.0,,,,,,,,42.745714285714286,11.84948107221039,38.29714285714286,13.090105956392401,-0.08824979586377923,0.25995642466097824
2903200,19139,ARCHIE R-V,MO,2023,ELA,49.9,395.4,275.0,272.0,98.9,,,,,50.42058823529412,11.09449165568388,43.82571428571429,10.916160250832192,-0.04692312648929839,0.5564489321071148
2903200,19139,ARCHIE R-V,MO,2023,Math,41.4,376.7,277.0,274.0,98.9,,,,,42.745714285714286,11.84948107221039,40.65142857142857,13.30113598484712,-0.11356736025092944,0.05627875915442231
2903200,19139,ARCHIE R-V,MO,2024,ELA,36.2,378.3,269.0,269.0,100.0,,,,,50.42058823529412,11.09449165568388,41.93611111111111,10.277330191884264,-1.2817701501455172,-0.5581324141595414
2903200,19139,ARCHIE R-V,MO,2024,Math,33.1,365.2,264.0,264.0,100.0,,,,,42.745714285714286,11.84948107221039,38.49166666666667,14.035086136434744,-0.8140199749620751,-0.38415629332477197
2904620,19152,BELTON 124,MO,2019,ELA,49.6,340.7,,,,,,,,50.42058823529412,11.09449165568388,50.42058823529412,11.09449165568388,-0.07396357226279199,-0.07396357226279199
2904620,19152,BELTON 124,MO,2019,Math,38.3,299.1,,,,,,,,42.745714285714286,11.84948107221039,42.745714285714286,11.84948107221039,-0.37518219225147803,-0.37518219225147803
2904620,19152,BELTON 124,MO,2021,ELA,39.7,,,,,,,,,50.42058823529412,11.09449165568388,45.68571428571428,10.888664987503473,-0.966298282788089,-0.5497197583527336
2904620,19152,BELTON 124,MO,2021,Math,29.5,,,,,,,,,42.745714285714286,11.84948107221039,34.24,13.068129169854421,-1.1178307476078735,-0.3627145047612661
2904620,19152,BELTON 124,MO,2022,ELA,38.6,377.5,,,,,,,,50.42058823529412,11.09449165568388,43.00857142857143,10.705863468447655,-1.0654465839575666,-0.41179036530443147
2904620,19152,BELTON 124,MO,2022,Math,34.3,356.7,,,,,,,,42.745714285714286,11.84948107221039,38.29714285714286,13.090105956392401,-0.712749717413476,-0.3053560353490419
2904620,19152,BELTON 124,MO,2023,ELA,38.4,378.5,2141.0,2108.0,98.4,,,,,50.42058823529412,11.09449165568388,43.82571428571429,10.916160250832192,-1.0834735478065627,-0.4970350527146818
2904620,19152,BELTON 124,MO,2023,Math,41.9,370.8,2150.0,2112.0,98.2,,,,,42.745714285714286,11.84948107221039,40.65142857142857,13.30113598484712,-0.07137141960567969,0.09386953339878824
2904620,19152,BELTON 124,MO,2024,ELA,37.5,374.6,2141.0,2110.0,98.5,,,,,50.42058823529412,11.09449165568388,41.93611111111111,10.277330191884264,-1.1645948851270442,-0.4316404190860959
2904620,19152,BELTON 124,MO,2024,Math,39.7,367.1,2168.0,2136.0,98.5,,,,,42.745714285714286,11.84948107221039,38.49166666666667,14.035086136434744,-0.25703355844477827,0.08609375970957041
2905310,48068,BLUE SPRINGS R-IV,MO,2019,ELA,66.5,387.2,,,,,,,,50.42058823529412,11.09449165568388,50.42058823529412,11.09449165568388,1.4493148729773617,1.4493148729773617
2905310,48068,BLUE SPRINGS R-IV,MO,2019,Math,66.3,383.6,,,,,,,,42.745714285714286,11.84948107221039,42.745714285714286,11.84948107221039,1.9877904838825082,1.9877904838825082
2905310,48068,BLUE SPRINGS R-IV,MO,2021,ELA,61.0,,,,,,,,,50.42058823529412,11.09449165568388,45.68571428571428,10.888664987503473,0.9535733671299743,1.4064429139716732
2905310,48068,BLUE SPRINGS R-IV,MO,2021,Math,55.6,,,,,,,,,42.745714285714286,11.84948107221039,34.24,13.068129169854421,1.0847973540741638,1.6345109328482363
2905310,48068,BLUE SPRINGS R-IV,MO,2022,ELA,57.1,412.2,,,,,,,,50.42058823529412,11.09449165568388,43.00857142857143,10.705863468447655,0.6020475720745544,1.3162346608434585
2905310,48068,BLUE SPRINGS R-IV,MO,2022,Math,56.6,406.1,,,,,,,,42.745714285714286,11.84948107221039,38.29714285714286,13.090105956392401,1.1691892353646633,1.3982207022487205
2905310,48068,BLUE SPRINGS R-IV,MO,2023,ELA,57.5,413.2,8099.0,8087.0,99.8,,,,,50.42058823529412,11.09449165568388,43.82571428571429,10.916160250832192,0.638101499772546,1.2526644351197804
2905310,48068,BLUE SPRINGS R-IV,MO,2023,Math,59.4,411.9,8064.0,8037.0,99.6,,,,,42.745714285714286,11.84948107221039,40.65142857142857,13.30113598484712,1.4054865029780617,1.409546631951596
2905310,48068,BLUE SPRINGS R-IV,MO,2024,ELA,56.4,411.3,7985.0,7971.0,99.8,,,,,50.42058823529412,11.09449165568388,41.93611111111111,10.277330191884264,0.5389531986030685,1.407358586212462
2905310,48068,BLUE SPRINGS R-IV,MO,2024,Math,58.8,411.1,8053.0,8039.0,99.8,,,,,42.745714285714286,11.84948107221039,38.49166666666667,14.035086136434744,1.3548513742037618,1.4469689131877423
2908250,48080,CENTER 58,MO,2019,ELA,36.5,306.2,,,,,,,,50.42058823529412,11.09449165568388,50.42058823529412,11.09449165568388,-1.2547297043720238,-1.2547297043720238
2908250,48080,CENTER 58,MO,2019,Math,28.4,263.8,,,,,,,,42.745714285714286,11.84948107221039,42.745714285714286,11.84948107221039,-1.210661817027423,-1.210661817027423
2908250,48080,CENTER 58,MO,2021,ELA,30.0,,,,,,,,,50.42058823529412,11.09449165568388,45.68571428571428,10.888664987503473,-1.8406060294643904,-1.4405544025568067
2908250,48080,CENTER 58,MO,2021,Math,12.6,,,,,,,,,42.745714285714286,11.84948107221039,34.24,13.068129169854421,-2.544053541417315,-1.6559371061252732
2908250,48080,CENTER 58,MO,2022,ELA,25.7,346.9,,,,,,,,50.42058823529412,11.09449165568388,43.00857142857143,10.705863468447655,-2.2281857522178026,-1.6167375456994468
2908250,48080,CENTER 58,MO,2022,Math,15.7,302.8,,,,,,,,42.745714285714286,11.84948107221039,38.29714285714286,13.090105956392401,-2.2824387094167666,-1.726276542941794
2908250,48080,CENTER 58,MO,2023,ELA,27.4,353.1,1336.0,1332.0,99.7,,,,,50.42058823529412,11.09449165568388,43.82571428571429,10.916160250832192,-2.0749565595013375,-1.5047153860224871
2908250,48080,CENTER 58,MO,2023,Math,17.9,310.1,1375.0,1369.0,99.5,,,,,42.745714285714286,11.84948107221039,40.65142857142857,13.30113598484712,-2.096776570577668,-1.7104876303307766
2908250,48080,CENTER 58,MO,2024,ELA,27.6,353.5,1231.0,1228.0,99.7,,,,,50.42058823529412,11.09449165568388,41.93611111111111,10.277330191884264,-2.056929595652341,-1.3949256123377214
2908250,48080,CENTER 58,MO,2024,Math,18.6,308.1,1237.0,1236.0,99.9,,,,,42.745714285714286,11.84948107221039,38.49166666666667,14.035086136434744,-2.037702253674318,-1.4172814098396147
2911070,19150,DREXEL R-IV,MO,2019,ELA,40.6,326.0,,,,,,,,50.42058823529412,11.09449165568388,50.42058823529412,11.09449165568388,-0.8851769454676076,-0.8851769454676076
2911070,19150,DREXEL R-IV,MO,2019,Math,27.8,270.7,,,,,,,,42.745714285714286,11.84948107221039,42.745714285714286,11.84948107221039,-1.2612969458017225,-1.2612969458017225
2911070,19150,DREXEL R-IV,MO,2021,ELA,36.4,,,,,,,,,50.42058823529412,11.09449165568388,45.68571428571428,10.888664987503473,-1.2637431862965218,-0.8527872146283464
2911070,19150,DREXEL R-IV,MO,2021,Math,16.0,,,,,,,,,42.745714285714286,11.84948107221039,34.24,13.068129169854421,-2.257121145029617,-1.3957621449041122
2911070,19150,DREXEL R-IV,MO,2022,ELA,32.9,367.6,,,,,,,,50.42058823529412,11.09449165568388,43.00857142857143,10.705863468447655,-1.57921505365395,-0.9442088868743221
2911070,19150,DREXEL R-IV,MO,2022,Math,23.9,345.3,,,,,,,,42.745714285714286,11.84948107221039,38.29714285714286,13.090105956392401,-1.5904252828346708,-1.0998492223901506
2911070,19150,DREXEL R-IV,MO,2023,ELA,32.9,372.2,149.0,148.0,99.3,,,,,50.42058823529412,11.09449165568388,43.82571428571429,10.916160250832192,-1.57921505365395,-1.0008752193685846
2911070,19150,DREXEL R-IV,MO,2023,Math,36.5,355.3,146.0,146.0,100.0,,,,,42.745714285714286,11.84948107221039,40.65142857142857,13.30113598484712,-0.5270875785743769,-0.3121108284403637
2911070,19150,DREXEL R-IV,MO,2024,ELA,33.7,368.4,154.0,153.0,99.3,,,,,50.42058823529412,11.09449165568388,41.93611111111111,10.277330191884264,-1.507107198257966,-0.8013862508392449
2911070,19150,DREXEL R-IV,MO,2024,Math,32.6,358.3,152.0,151.0,99.3,,,,,42.745714285714286,11.84948107221039,38.49166666666667,14.035086136434744,-0.8562159156073248,-0.4197812973425251
2911160,19147,EAST LYNNE 40,MO,2019,ELA,,386.9,,,,,,,,50.42058823529412,11.09449165568388,50.42058823529412,11.09449165568388,,
2911160,19147,EAST LYNNE 40,MO,2019,Math,54.9,355.0,,,,,,,,42.745714285714286,11.84948107221039,42.745714285714286,11.84948107221039,1.025723037170814,1.025723037170814
2911160,19147,EAST LYNNE 40,MO,2021,ELA,49.3,,,,,,,,,50.42058823529412,11.09449165568388,45.68571428571428,10.888664987503473,-0.10100401803628622,0.33193102353995635
2911160,19147,EAST LYNNE 40,MO,2021,Math,41.1,,,,,,,,,42.745714285714286,11.84948107221039,34.24,13.068129169854421,-0.13888492463807905,0.5249412452874017
2911160,19147,EAST LYNNE 40,MO,2022,ELA,51.6,403.6,,,,,,,,50.42058823529412,11.09449165568388,43.00857142857143,10.705863468447655,0.10630606622716704,0.8024974909075994
2911160,19147,EAST LYNNE 40,MO,2022,Math,42.0,377.9,,,,,,,,42.745714285714286,11.84948107221039,38.29714285714286,13.090105956392401,-0.06293223147662962,0.28287449736408693
2911160,19147,EAST LYNNE 40,MO,2023,ELA,56.0,407.7,107.0,104.0,97.1,,,,,50.42058823529412,11.09449165568388,43.82571428571429,10.916160250832192,0.5028992709050768,1.115253480577807
2911160,19147,EAST LYNNE 40,MO,2023,Math,45.0,391.8,107.0,104.0,97.1,,,,,42.745714285714286,11.84948107221039,40.65142857142857,13.30113598484712,0.1902434123948689,0.32693233371385716
2911160,19147,EAST LYNNE 40,MO,2024,ELA,54.8,404.2,104.0,104.0,100.0,,,,,50.42058823529412,11.09449165568388,41.93611111111111,10.277330191884264,0.3947374878111011,1.2516761307374515
2911160,19147,EAST LYNNE 40,MO,2024,Math,37.4,384.8,104.0,104.0,100.0,,,,,42.745714285714286,11.84948107221039,38.49166666666667,14.035086136434744,-0.45113488541292746,-0.07778125877209462
2911650,24089,EXCELSIOR SPRINGS 40,MO,2019,ELA,41.2,316.5,,,,,,,,50.42058823529412,11.09449165568388,50.42058823529412,11.09449165568388,-0.8310960539206198,-0.8310960539206198
2911650,24089,EXCELSIOR SPRINGS 40,MO,2019,Math,33.7,288.7,,,,,,,,42.745714285714286,11.84948107221039,42.745714285714286,11.84948107221039,-0.7633848461877752,-0.7633848461877752
2911650,24089,EXCELSIOR SPRINGS 40,MO,2021,ELA,40.5,,,,,,,,,50.42058823529412,11.09449165568388,45.68571428571428,10.888664987503473,-0.8941904273921056,-0.4762488598616763
2911650,24089,EXCELSIOR SPRINGS 40,MO,2021,Math,27.8,,,,,,,,,42.745714285714286,11.84948107221039,34.24,13.068129169854421,-1.2612969458017225,-0.49280198537184666
2911650,24089,EXCELSIOR SPRINGS 40,MO,2022,ELA,37.2,377.8,,,,,,,,50.42058823529412,11.09449165568388,43.00857142857143,10.705863468447655,-1.1916353309005379,-0.54255982674265
2911650,24089,EXCELSIOR SPRINGS 40,MO,2022,Math,31.0,353.7,,,,,,,,42.745714285714286,11.84948107221039,38.29714285714286,13.090105956392401,-0.9912429256721241,-0.5574548350832397
2911650,24089,EXCELSIOR SPRINGS 40,MO,2023,ELA,42.7,386.6,1318.0,1311.0,99.4,,,,,50.42058823529412,11.09449165568388,43.82571428571429,10.916160250832192,-0.6958938250531504,-0.10312364969435744
2911650,24089,EXCELSIOR SPRINGS 40,MO,2023,Math,35.0,363.0,1341.0,1335.0,99.5,,,,,42.745714285714286,11.84948107221039,40.65142857142857,13.30113598484712,-0.6536754005101262,-0.42488315117346154
2911650,24089,EXCELSIOR SPRINGS 40,MO,2024,ELA,40.4,381.8,1262.0,1259.0,99.7,,,,,50.42058823529412,11.09449165568388,41.93611111111111,10.277330191884264,-0.9032039093166038,-0.14946596853764002
2911650,24089,EXCELSIOR SPRINGS 40,MO,2024,Math,32.5,356.6,1200.0,1194.0,99.5,,,,,42.745714285714286,11.84948107221039,38.49166666666667,14.035086136434744,-0.8646551037363749,-0.4269062981460759
2912290,48066,FORT OSAGE R-I,MO,2019,ELA,44.9,328.2,,,,,,,,50.42058823529412,11.09449165568388,50.42058823529412,11.09449165568388,-0.49759722271419593,-0.49759722271419593
2912290,48066,FORT OSAGE R-I,MO,2019,Math,36.4,292.9,,,,,,,,42.745714285714286,11.84948107221039,42.745714285714286,11.84948107221039,-0.5355267667034269,-0.5355267667034269
2912290,48066,FORT OSAGE R-I,MO,2021,ELA,39.5,,,,,,,,,50.42058823529412,11.09449165568388,45.68571428571428,10.888664987503473,-0.9843252466370852,-0.5680874829754983
2912290,48066,FORT OSAGE R-I,MO,2021,Math,27.9,,,,,,,,,42.745714285714286,11.84948107221039,34.24,13.068129169854421,-1.2528577576726727,-0.485149780630048
2912290,48066,FORT OSAGE R-I,MO,2022,ELA,36.8,374.8,,,,,,,,50.42058823529412,11.09449165568388,43.00857142857143,10.705863468447655,-1.2276892585985302,-0.579922530010713
2912290,48066,FORT OSAGE R-I,MO,2022,Math,31.9,354.2,,,,,,,,42.745714285714286,11.84948107221039,38.29714285714286,13.090105956392401,-0.9152902325106748,-0.48870061697391304
2912290,48066,FORT OSAGE R-I,MO,2023,ELA,38.6,376.1,2577.0,2548.0,98.8,,,,,50.42058823529412,11.09449165568388,43.82571428571429,10.916160250832192,-1.0654465839575666,-0.47871359210908504
2912290,48066,FORT OSAGE R-I,MO,2023,Math,32.3,354.7,2607.0,2573.0,98.6,,,,,42.745714285714286,11.84948107221039,40.65142857142857,13.30113598484712,-0.8815334799944751,-0.6278733320930378
2912290,48066,FORT OSAGE R-I,MO,2024,ELA,34.4,369.6,2477.0,2466.0,99.5,,,,,50.42058823529412,11.09449165568388,41.93611111111111,10.277330191884264,-1.4440128247864807,-0.7332751765689283
2912290,48066,FORT OSAGE R-I,MO,2024,Math,30.2,347.7,2577.0,2569.0,99.6,,,,,42.745714285714286,11.84948107221039,38.49166666666667,14.035086136434744,-1.0587564307045239,-0.5907813166277407
2913080,48069,GRAIN VALLEY R-V,MO,2019,ELA,55.6,359.2,,,,,,,,50.42058823529412,11.09449165568388,50.42058823529412,11.09449165568388,0.4668453432070851,0.4668453432070851
2913080,48069,GRAIN VALLEY R-V,MO,2019,Math,49.2,333.9,,,,,,,,42.745714285714286,11.84948107221039,42.745714285714286,11.84948107221039,0.5446893138149671,0.5446893138149671
2913080,48069,GRAIN VALLEY R-V,MO,2021,ELA,54.3,,,,,,,,,50.42058823529412,11.09449165568388,45.68571428571428,10.888664987503473,0.34967007818861134,0.791124139109066
2913080,48069,GRAIN VALLEY R-V,MO,2021,Math,46.0,,,,,,,,,42.745714285714286,11.84948107221039,34.24,13.068129169854421,0.27463529368536843,0.8998992776355458
2913080,48069,GRAIN VALLEY R-V,MO,2022,ELA,52.7,405.8,,,,,,,,50.42058823529412,11.09449165568388,43.00857142857143,10.705863468447655,0.20545436739664463,0.9052449248947714
2913080,48069,GRAIN VALLEY R-V,MO,2022,Math,53.1,398.7,,,,,,,,42.745714285714286,11.84948107221039,38.29714285714286,13.090105956392401,0.873817650847915,1.1308431873791167
2913080,48069,GRAIN VALLEY R-V,MO,2023,ELA,51.2,401.4,2429.0,2421.0,99.6,,,,,50.42058823529412,11.09449165568388,43.82571428571429,10.916160250832192,0.07025213852917536,0.6755384260434922
2913080,48069,GRAIN VALLEY R-V,MO,2023,Math,51.6,396.1,2471.0,2458.0,99.4,,,,,42.745714285714286,11.84948107221039,40.65142857142857,13.30113598484712,0.7472298289121657,0.8231305537394875
2913080,48069,GRAIN VALLEY R-V,MO,2024,ELA,49.7,398.9,2411.0,2404.0,99.7,,,,,50.42058823529412,11.09449165568388,41.93611111111111,10.277330191884264,-0.06495009033829391,0.7554383039108572
2913080,48069,GRAIN VALLEY R-V,MO,2024,Math,53.3,398.5,2422.0,2414.0,99.6,,,,,42.745714285714286,11.84948107221039,38.49166666666667,14.035086136434744,0.8906960271060146,1.055093868992457
2913140,48074,GRANDVIEW C-4,MO,2019,ELA,37.0,309.7,,,,,,,,50.42058823529412,11.09449165568388,50.42058823529412,11.09449165568388,-1.209662294749534,-1.209662294749534
2913140,48074,GRANDVIEW C-4,MO,2019,Math,30.8,269.3,,,,,,,,42.745714285714286,11.84948107221039,42.745714285714286,11.84948107221039,-1.008121301930224,-1.008121301930224
2913140,48074,GRANDVIEW C-4,MO,2021,ELA,33.4,,,,,,,,,50.42058823529412,11.09449165568388,45.68571428571428,10.888664987503473,-1.5341476440314603,-1.128303083969812
2913140,48074,GRANDVIEW C-4,MO,2021,Math,17.3,,,,,,,,,42.745714285714286,11.84948107221039,34.24,13.068129169854421,-2.1474116993519674,-1.296283483260727
2913140,48074,GRANDVIEW C-4,MO,2022,ELA,33.6,368.9,,,,,,,,50.42058823529412,11.09449165568388,43.00857142857143,10.705863468447655,-1.5161206801824643,-0.8788241561552126
2913140,48074,GRANDVIEW C-4,MO,2022,Math,28.0,340.7,,,,,,,,42.745714285714286,11.84948107221039,38.29714285714286,13.090105956392401,-1.2444185695436227,-0.7866355621143287
2913140,48074,GRANDVIEW C-4,MO,2023,ELA,36.6,371.5,1867.0,1850.0,99.0,,,,,50.42058823529412,11.09449165568388,43.82571428571429,10.916160250832192,-1.2457162224475256,-0.6619281981650497
2913140,48074,GRANDVIEW C-4,MO,2023,Math,28.4,342.7,1925.0,1908.0,99.1,,,,,42.745714285714286,11.84948107221039,40.65142857142857,13.30113598484712,-1.210661817027423,-0.921081371199092
2913140,48074,GRANDVIEW C-4,MO,2024,ELA,35.6,370.6,1849.0,1819.0,98.3,,,,,50.42058823529412,11.09449165568388,41.93611111111111,10.277330191884264,-1.3358510416925051,-0.6165133349626704
2913140,48074,GRANDVIEW C-4,MO,2024,Math,27.0,339.3,1949.0,1940.0,99.5,,,,,42.745714285714286,11.84948107221039,38.49166666666667,14.035086136434744,-1.3288104508341223,-0.8187813423413611
2913680,89088,HARDIN-CENTRAL C-2,MO,2019,ELA,46.6,339.3,,,,,,,,50.42058823529412,11.09449165568388,50.42058823529412,11.09449165568388,-0.34436802999773053,-0.34436802999773053
2913680,89088,HARDIN-CENTRAL C-2,MO,2019,Math,42.4,329.6,,,,,,,,42.745714285714286,11.84948107221039,42.745714285714286,11.84948107221039,-0.029175478960429935,-0.029175478960429935
2913680,89088,HARDIN-CENTRAL C-2,MO,2021,ELA,39.3,,,,,,,,,50.42058823529412,11.09449165568388,45.68571428571428,10.888664987503473,-1.0023522104860814,-0.5864552075982629
2913680,89088,HARDIN-CENTRAL C-2,MO,2021,Math,32.8,,,,,,,,,42.745714285714286,11.84948107221039,34.24,13.068129169854421,-0.8393375393492253,-0.11019174828190395
2913680,89088,HARDIN-CENTRAL C-2,MO,2022,ELA,37.0,380.3,,,,,,,,50.42058823529412,11.09449165568388,43.00857142857143,10.705863468447655,-1.209662294749534,-0.5612411783766815
2913680,89088,HARDIN-CENTRAL C-2,MO,2022,Math,44.5,391.7,,,,,,,,42.745714285714286,11.84948107221039,38.29714285714286,13.090105956392401,0.14804747174961916,0.47385843655666116
2913680,89088,HARDIN-CENTRAL C-2,MO,2023,ELA,40.0,384.0,114.0,112.0,98.2,,,,,50.42058823529412,11.09449165568388,43.82571428571429,10.916160250832192,-0.9392578370145954,-0.35046336786990995
2913680,89088,HARDIN-CENTRAL C-2,MO,2023,Math,50.5,394.8,107.0,106.0,99.0,,,,,42.745714285714286,11.84948107221039,40.65142857142857,13.30113598484712,0.6543987594926162,0.7404308504018824
2913680,89088,HARDIN-CENTRAL C-2,MO,2024,ELA,44.0,388.3,94.0,94.0,100.0,,,,,50.42058823529412,11.09449165568388,41.93611111111111,10.277330191884264,-0.5787185600346774,0.20081955628113307
2913680,89088,HARDIN-CENTRAL C-2,MO,2024,Math,36.3,366.4,102.0,101.0,99.0,,,,,42.745714285714286,11.84948107221039,38.49166666666667,14.035086136434744,-0.543965954832477,-0.15615626761115176
2913760,19149,HARRISONVILLE R-IX,MO,2019,ELA,46.2,332.8,,,,,,,,50.42058823529412,11.09449165568388,50.42058823529412,11.09449165568388,-0.3804219576957222,-0.3804219576957222
2913760,19149,HARRISONVILLE R-IX,MO,2019,Math,38.5,305.0,,,,,,,,42.745714285714286,11.84948107221039,42.745714285714286,11.84948107221039,-0.3583038159933779,-0.3583038159933779
2913760,19149,HARRISONVILLE R-IX,MO,2021,ELA,46.4,,,,,,,,,50.42058823529412,11.09449165568388,45.68571428571428,10.888664987503473,-0.3623949938467267,0.0655990165098729
2913760,19149,HARRISONVILLE R-IX,MO,2021,Math,32.9,,,,,,,,,42.745714285714286,11.84948107221039,34.24,13.068129169854421,-0.8308983512201752,-0.10253954354010499
2913760,19149,HARRISONVILLE R-IX,MO,2022,ELA,43.8,384.8,,,,,,,,50.42058823529412,11.09449165568388,43.00857142857143,10.705863468447655,-0.5967455238836735,0.07392477718038049
2913760,19149,HARRISONVILLE R-IX,MO,2022,Math,32.8,356.2,,,,,,,,42.745714285714286,11.84948107221039,38.29714285714286,13.090105956392401,-0.8393375393492253,-0.4199463988645864
2913760,19149,HARRISONVILLE R-IX,MO,2023,ELA,40.9,379.7,1161.0,1156.0,99.5,,,,,50.42058823529412,11.09449165568388,43.82571428571429,10.916160250832192,-0.858136499694114,-0.268016795144726
2913760,19149,HARRISONVILLE R-IX,MO,2023,Math,34.2,360.1,1195.0,1184.0,99.0,,,,,42.745714285714286,11.84948107221039,40.65142857142857,13.30113598484712,-0.7211889055425256,-0.4850283899644468
2913760,19149,HARRISONVILLE R-IX,MO,2024,ELA,41.3,381.1,1116.0,1110.0,99.4,,,,,50.42058823529412,11.09449165568388,41.93611111111111,10.277330191884264,-0.8220825719961223,-0.061894587332946935
2913760,19149,HARRISONVILLE R-IX,MO,2024,Math,39.0,368.8,1100.0,1096.0,99.6,,,,,42.745714285714286,11.84948107221039,38.49166666666667,14.035086136434744,-0.3161078753481281,0.03621875408471572
2914340,48072,HICKMAN MILLS C-1,MO,2019,ELA,22.7,260.1,,,,,,,,50.42058823529412,11.09449165568388,50.42058823529412,11.09449165568388,-2.498590209952741,-2.498590209952741
2914340,48072,HICKMAN MILLS C-1,MO,2019,Math,17.2,219.3,,,,,,,,42.745714285714286,11.84948107221039,42.745714285714286,11.84948107221039,-2.1558508874810176,-2.1558508874810176
2914340,48072,HICKMAN MILLS C-1,MO,2021,ELA,19.0,,,,,,,,,50.42058823529412,11.09449165568388,45.68571428571428,10.888664987503473,-2.8320890411591653,-2.450779256808848
2914340,48072,HICKMAN MILLS C-1,MO,2021,Math,8.2,,,,,,,,,42.745714285714286,11.84948107221039,34.24,13.068129169854421,-2.9153778190955126,-1.9926341147644233
2914340,48072,HICKMAN MILLS C-1,MO,2022,ELA,18.0,332.2,,,,,,,,50.42058823529412,11.09449165568388,43.00857142857143,10.705863468447655,-2.9222238604041446,-2.33596958360965
2914340,48072,HICKMAN MILLS C-1,MO,2022,Math,11.5,289.3,,,,,,,,42.745714285714286,11.84948107221039,38.29714285714286,13.090105956392401,-2.6368846108368644,-2.0471295607853186
2914340,48072,HICKMAN MILLS C-1,MO,2023,ELA,19.4,327.4,2633.0,2624.0,99.6,,,,,50.42058823529412,11.09449165568388,43.82571428571429,10.916160250832192,-2.7960351134611736,-2.237573810246346
2914340,48072,HICKMAN MILLS C-1,MO,2023,Math,14.4,295.3,2631.0,2606.0,99.0,,,,,42.745714285714286,11.84948107221039,40.65142857142857,13.30113598484712,-2.392148155094416,-1.973623050041338
2914340,48072,HICKMAN MILLS C-1,MO,2024,ELA,20.7,337.5,2511.0,2500.0,99.5,,,,,50.42058823529412,11.09449165568388,41.93611111111111,10.277330191884264,-2.6788598484427,-2.066306201573703
2914340,48072,HICKMAN MILLS C-1,MO,2024,Math,17.7,307.4,2392.0,2384.0,99.6,,,,,42.745714285714286,11.84948107221039,38.49166666666667,14.035086136434744,-2.1136549468357675,-1.4814064170715706
2915480,48077,INDEPENDENCE 30,MO,2019,ELA,44.4,327.7,,,,,,,,50.42058823529412,11.09449165568388,50.42058823529412,11.09449165568388,-0.5426646323366857,-0.5426646323366857
2915480,48077,INDEPENDENCE 30,MO,2019,Math,35.1,285.4,,,,,,,,42.745714285714286,11.84948107221039,42.745714285714286,11.84948107221039,-0.6452362123810761,-0.6452362123810761
2915480,48077,INDEPENDENCE 30,MO,2021,ELA,39.0,,,,,,,,,50.42058823529412,11.09449165568388,45.68571428571428,10.888664987503473,-1.029392656259575,-0.6140067945324093
2915480,48077,INDEPENDENCE 30,MO,2021,Math,26.6,,,,,,,,,42.745714285714286,11.84948107221039,34.24,13.068129169854421,-1.3625672033503218,-0.5846284422734329
2915480,48077,INDEPENDENCE 30,MO,2022,ELA,34.9,369.5,,,,,,,,50.42058823529412,11.09449165568388,43.00857142857143,10.705863468447655,-1.398945415163991,-0.7573953705340097
2915480,48077,INDEPENDENCE 30,MO,2022,Math,28.0,340.3,,,,,,,,42.745714285714286,11.84948107221039,38.29714285714286,13.090105956392401,-1.2444185695436227,-0.7866355621143287
2915480,48077,INDEPENDENCE 30,MO,2023,ELA,36.5,373.9,7277.0,7234.0,99.4,,,,,50.42058823529412,11.09449165568388,43.82571428571429,10.916160250832192,-1.2547297043720238,-0.6710889284678481
2915480,48077,INDEPENDENCE 30,MO,2023,Math,30.5,347.9,7300.0,7227.0,99.0,,,,,42.745714285714286,11.84948107221039,40.65142857142857,13.30113598484712,-1.033438866317374,-0.7632001193727549
2915480,48077,INDEPENDENCE 30,MO,2024,ELA,36.1,371.7,7367.0,7312.0,99.2,,,,,50.42058823529412,11.09449165568388,41.93611111111111,10.277330191884264,-1.2907836320700155,-0.5678625676267297
2915480,48077,INDEPENDENCE 30,MO,2024,Math,31.6,349.0,7414.0,7358.0,99.2,,,,,42.745714285714286,11.84948107221039,38.49166666666667,14.035086136434744,-0.9406077968978244,-0.4910313053780315
2916400,48078,KANSAS CITY 33,MO,2019,ELA,24.8,260.8,,,,,,,,50.42058823529412,11.09449165568388,50.42058823529412,11.09449165568388,-2.309307089538284,-2.309307089538284
2916400,48078,KANSAS CITY 33,MO,2019,Math,21.3,228.2,,,,,,,,42.745714285714286,11.84948107221039,42.745714285714286,11.84948107221039,-1.8098441741899693,-1.8098441741899693
2916400,48078,KANSAS CITY 33,MO,2021,ELA,24.8,,,,,,,,,50.42058823529412,11.09449165568388,45.68571428571428,10.888664987503473,-2.309307089538284,-1.9181152427486805
2916400,48078,KANSAS CITY 33,MO,2021,Math,12.3,,,,,,,,,42.745714285714286,11.84948107221039,34.24,13.068129169854421,-2.569371105804465,-1.67889372035067
2916400,48078,KANSAS CITY 33,MO,2022,ELA,24.4,343.1,,,,,,,,50.42058823529412,11.09449165568388,43.00857142857143,10.705863468447655,-2.345361017236276,-1.7381663313206501
2916400,48078,KANSAS CITY 33,MO,2022,Math,18.7,314.0,,,,,,,,42.745714285714286,11.84948107221039,38.29714285714286,13.090105956392401,-2.029263065545268,-1.4970958159107048
2916400,48078,KANSAS CITY 33,MO,2023,ELA,22.2,338.6,6958.0,6894.0,99.0,,,,,50.42058823529412,11.09449165568388,43.82571428571429,10.916160250832192,-2.5436576195752307,-1.9810733617679952
2916400,48078,KANSAS CITY 33,MO,2023,Math,20.6,317.2,7090.0,7010.0,98.8,,,,,42.745714285714286,11.84948107221039,40.65142857142857,13.30113598484712,-1.868918491093319,-1.5074974494112003
2916400,48078,KANSAS CITY 33,MO,2024,ELA,25.2,344.7,6782.0,6717.0,99.0,,,,,50.42058823529412,11.09449165568388,41.93611111111111,10.277330191884264,-2.2732531618402922,-1.628449295550237
2916400,48078,KANSAS CITY 33,MO,2024,Math,21.3,319.0,7146.0,7085.0,99.1,,,,,42.745714285714286,11.84948107221039,38.49166666666667,14.035086136434744,-1.8098441741899693,-1.2249063881437474
2916450,24086,KEARNEY R-I,MO,2019,ELA,66.9,385.2,,,,,,,,50.42058823529412,11.09449165568388,50.42058823529412,11.09449165568388,1.485368800675354,1.485368800675354
2916450,24086,KEARNEY R-I,MO,2019,Math,63.3,373.2,,,,,,,,42.745714285714286,11.84948107221039,42.745714285714286,11.84948107221039,1.7346148400110095,1.7346148400110095
2916450,24086,KEARNEY R-I,MO,2021,ELA,59.4,,,,,,,,,50.42058823529412,11.09449165568388,45.68571428571428,10.888664987503473,0.8093576563380069,1.259501116989558
2916450,24086,KEARNEY R-I,MO,2021,Math,57.4,,,,,,,,,42.745714285714286,11.84948107221039,34.24,13.068129169854421,1.2367027403970627,1.7722506182006157
2916450,24086,KEARNEY R-I,MO,2022,ELA,57.0,412.2,,,,,,,,50.42058823529412,11.09449165568388,43.00857142857143,10.705863468447655,0.5930340901500563,1.306893985026443
2916450,24086,KEARNEY R-I,MO,2022,Math,59.1,412.7,,,,,,,,42.745714285714286,11.84948107221039,38.29714285714286,13.090105956392401,1.380168938590912,1.5892046414412948
2916450,24086,KEARNEY R-I,MO,2023,ELA,58.5,413.1,1900.0,1898.0,99.8,,,,,50.42058823529412,11.09449165568388,43.82571428571429,10.916160250832192,0.7282363190175255,1.344271738147763
2916450,24086,KEARNEY R-I,MO,2023,Math,58.6,412.1,1925.0,1922.0,99.8,,,,,42.745714285714286,11.84948107221039,40.65142857142857,13.30113598484712,1.3379729979456623,1.3494013931606106
2916450,24086,KEARNEY R-I,MO,2024,ELA,56.2,409.2,1900.0,1896.0,99.7,,,,,50.42058823529412,11.09449165568388,41.93611111111111,10.277330191884264,0.520926234754073,1.387898279278086
2916450,24086,KEARNEY R-I,MO,2024,Math,58.7,412.7,1919.0,1913.0,99.6,,,,,42.745714285714286,11.84948107221039,38.49166666666667,14.035086136434744,1.3464121860747125,1.439843912384192
2918220,89080,LAWSON R-XIV,MO,2019,ELA,54.8,354.7,,,,,,,,50.42058823529412,11.09449165568388,50.42058823529412,11.09449165568388,0.3947374878111011,0.3947374878111011
2918220,89080,LAWSON R-XIV,MO,2019,Math,55.4,355.5,,,,,,,,42.745714285714286,11.84948107221039,42.745714285714286,11.84948107221039,1.0679189778160636,1.0679189778160636
2918220,89080,LAWSON R-XIV,MO,2021,ELA,55.7,,,,,,,,,50.42058823529412,11.09449165568388,45.68571428571428,10.888664987503473,0.4758588251315832,0.9196982114684172
2918220,89080,LAWSON R-XIV,MO,2021,Math,46.8,,,,,,,,,42.745714285714286,11.84948107221039,34.24,13.068129169854421,0.34214879871776777,0.9611169155699364
2918220,89080,LAWSON R-XIV,MO,2022,ELA,50.1,399.4,,,,,,,,50.42058823529412,11.09449165568388,43.00857142857143,10.705863468447655,-0.02889616264030223,0.6623873536523651
2918220,89080,LAWSON R-XIV,MO,2022,Math,48.4,391.4,,,,,,,,42.745714285714286,11.84948107221039,38.29714285714286,13.090105956392401,0.4771758087825671,0.7717933816970769
2918220,89080,LAWSON R-XIV,MO,2023,ELA,43.2,390.7,610.0,609.0,99.8,,,,,50.42058823529412,11.09449165568388,43.82571428571429,10.916160250832192,-0.6508264154306608,-0.057319998180366295
2918220,89080,LAWSON R-XIV,MO,2023,Math,46.9,384.8,583.0,580.0,99.4,,,,,42.745714285714286,11.84948107221039,40.65142857142857,13.30113598484712,0.35058798684681786,0.46977727584244755
2918220,89080,LAWSON R-XIV,MO,2024,ELA,45.3,392.9,587.0,586.0,99.8,,,,,50.42058823529412,11.09449165568388,41.93611111111111,10.277330191884264,-0.4615432950162043,0.32731155135457857
2918220,89080,LAWSON R-XIV,MO,2024,Math,42.9,382.5,594.0,593.0,99.8,,,,,42.745714285714286,11.84948107221039,38.49166666666667,14.035086136434744,0.013020461684819818,0.3140937854231906
2918300,48071,LEE'S SUMMIT R-VII,MO,2019,ELA,61.7,373.7,,,,,,,,50.42058823529412,11.09449165568388,50.42058823529412,11.09449165568388,1.0166677406014601,1.0166677406014601
2918300,48071,LEE'S SUMMIT R-VII,MO,2019,Math,58.2,359.7,,,,,,,,42.745714285714286,11.84948107221039,42.745714285714286,11.84948107221039,1.3042162454294626,1.3042162454294626
2918300,48071,LEE'S SUMMIT R-VII,MO,2021,ELA,55.5,,,,,,,,,50.42058823529412,11.09449165568388,45.68571428571428,10.888664987503473,0.457831861282587,0.9013304868456525
2918300,48071,LEE'S SUMMIT R-VII,MO,2021,Math,46.6,,,,,,,,,42.745714285714286,11.84948107221039,34.24,13.068129169854421,0.32527042245966825,0.945812506086339
2918300,48071,LEE'S SUMMIT R-VII,MO,2022,ELA,52.9,403.2,,,,,,,,50.42058823529412,11.09449165568388,43.00857142857143,10.705863468447655,0.22348133124564015,0.9239262765288022
2918300,48071,LEE'S SUMMIT R-VII,MO,2022,Math,54.5,400.6,,,,,,,,42.745714285714286,11.84948107221039,38.29714285714286,13.090105956392401,0.9919662846546142,1.237794193326958
2918300,48071,LEE'S SUMMIT R-VII,MO,2023,ELA,52.9,404.1,9438.0,9337.0,98.9,,,,,50.42058823529412,11.09449165568388,43.82571428571429,10.916160250832192,0.22348133124564015,0.8312708411910618
2918300,48071,LEE'S SUMMIT R-VII,MO,2023,Math,54.6,400.9,9604.0,9505.0,98.9,,,,,42.745714285714286,11.84948107221039,40.65142857142857,13.30113598484712,1.0004054727836642,1.048675199205683
2918300,48071,LEE'S SUMMIT R-VII,MO,2024,ELA,52.8,402.8,9433.0,9388.0,99.5,,,,,50.42058823529412,11.09449165568388,41.93611111111111,10.277330191884264,0.21446784932114207,1.057073061393689
2918300,48071,LEE'S SUMMIT R-VII,MO,2024,Math,51.0,394.1,9696.0,9639.0,99.4,,,,,42.745714285714286,11.84948107221039,38.49166666666667,14.035086136434744,0.696594700137866,0.8912188505107925
2918540,24090,LIBERTY 53,MO,2019,ELA,62.9,377.9,,,,,,,,50.42058823529412,11.09449165568388,50.42058823529412,11.09449165568388,1.1248295236954353,1.1248295236954353
2918540,24090,LIBERTY 53,MO,2019,Math,51.0,341.1,,,,,,,,42.745714285714286,11.84948107221039,42.745714285714286,11.84948107221039,0.696594700137866,0.696594700137866
2918540,24090,LIBERTY 53,MO,2021,ELA,59.4,,,,,,,,,50.42058823529412,11.09449165568388,45.68571428571428,10.888664987503473,0.8093576563380069,1.259501116989558
2918540,24090,LIBERTY 53,MO,2021,Math,41.2,,,,,,,,,42.745714285714286,11.84948107221039,34.24,13.068129169854421,-0.130445736509029,0.5325934500292007
2918540,24090,LIBERTY 53,MO,2022,ELA,54.5,407.3,,,,,,,,50.42058823529412,11.09449165568388,43.00857142857143,10.705863468447655,0.3676970420376075,1.0733770896010524
2918540,24090,LIBERTY 53,MO,2022,Math,44.1,381.2,,,,,,,,42.745714285714286,11.84948107221039,38.29714285714286,13.090105956392401,0.11429071923341946,0.4433010062858494
2918540,24090,LIBERTY 53,MO,2023,ELA,53.8,406.4,6656.0,6636.0,99.6,,,,,50.42058823529412,11.09449165568388,43.82571428571429,10.916160250832192,0.30460266856612156,0.9137174139162457
2918540,24090,LIBERTY 53,MO,2023,Math,45.5,383.0,6828.0,6768.0,99.1,,,,,42.745714285714286,11.84948107221039,40.65142857142857,13.30113598484712,0.23243935304011865,0.36452310795822307
2918540,24090,LIBERTY 53,MO,2024,ELA,53.1,404.2,6625.0,6609.0,99.7,,,,,50.42058823529412,11.09449165568388,41.93611111111111,10.277330191884264,0.2415082950946363,1.0862635217952537
2918540,24090,LIBERTY 53,MO,2024,Math,49.4,389.6,6572.0,6554.0,99.7,,,,,42.745714285714286,11.84948107221039,38.49166666666667,14.035086136434744,0.5615676900730666,0.7772188376539821
2919230,48075,LONE JACK C-6,MO,2019,ELA,54.6,351.6,,,,,,,,50.42058823529412,11.09449165568388,50.42058823529412,11.09449165568388,0.3767105239621056,0.3767105239621056
2919230,48075,LONE JACK C-6,MO,2019,Math,33.0,296.6,,,,,,,,42.745714285714286,11.84948107221039,42.745714285714286,11.84948107221039,-0.8224591630911252,-0.8224591630911252
2919230,48075,LONE JACK C-6,MO,2021,ELA,51.6,,,,,,,,,50.42058823529412,11.09449165568388,45.68571428571428,10.888664987503473,0.10630606622716704,0.5431598567017472
2919230,48075,LONE JACK C-6,MO,2021,Math,32.6,,,,,,,,,42.745714285714286,11.84948107221039,34.24,13.068129169854421,-0.8562159156073248,-0.12549615776550135
2919230,48075,LONE JACK C-6,MO,2022,ELA,47.8,397.2,,,,,,,,50.42058823529412,11.09449165568388,43.00857142857143,10.705863468447655,-0.2362062469037555,0.44755180986100535
2919230,48075,LONE JACK C-6,MO,2022,Math,36.2,374.7,,,,,,,,42.745714285714286,11.84948107221039,38.29714285714286,13.090105956392401,-0.5524051429615265,-0.16020824156268504
2919230,48075,LONE JACK C-6,MO,2023,ELA,48.2,398.7,382.0,379.0,99.2,,,,,50.42058823529412,11.09449165568388,43.82571428571429,10.916160250832192,-0.20015231920576318,0.40071651695954524
2919230,48075,LONE JACK C-6,MO,2023,Math,39.1,377.7,381.0,358.0,93.9,,,,,42.745714285714286,11.84948107221039,40.65142857142857,13.30113598484712,-0.3076686872190781,-0.11663880236966076
2919230,48075,LONE JACK C-6,MO,2024,ELA,41.9,390.0,371.0,367.0,98.9,,,,,50.42058823529412,11.09449165568388,41.93611111111111,10.277330191884264,-0.7680016804491345,-0.0035136665298179694
2919230,48075,LONE JACK C-6,MO,2024,Math,36.7,371.9,391.0,369.0,94.3,,,,,42.745714285714286,11.84948107221039,38.49166666666667,14.035086136434744,-0.5102092023162768,-0.1276562643969488
2931800,19151,MIDWAY R-I,MO,2019,ELA,48.2,337.0,,,,,,,,50.42058823529412,11.09449165568388,50.42058823529412,11.09449165568388,-0.20015231920576318,-0.20015231920576318
2931800,19151,MIDWAY R-I,MO,2019,Math,35.8,307.7,,,,,,,,42.745714285714286,11.84948107221039,42.745714285714286,11.84948107221039,-0.5861618954777268,-0.5861618954777268
2931800,19151,MIDWAY R-I,MO,2021,ELA,40.2,,,,,,,,,50.42058823529412,11.09449165568388,45.68571428571428,10.888664987503473,-0.9212308731655993,-0.5038004467958227
2931800,19151,MIDWAY R-I,MO,2021,Math,27.8,,,,,,,,,42.745714285714286,11.84948107221039,34.24,13.068129169854421,-1.2612969458017225,-0.49280198537184666
2931800,19151,MIDWAY R-I,MO,2022,ELA,37.4,376.9,,,,,,,,50.42058823529412,11.09449165568388,43.00857142857143,10.705863468447655,-1.1736083670515423,-0.5238784751086192
2931800,19151,MIDWAY R-I,MO,2022,Math,35.8,370.0,,,,,,,,42.745714285714286,11.84948107221039,38.29714285714286,13.090105956392401,-0.5861618954777268,-0.19076567183349735
2931800,19151,MIDWAY R-I,MO,2023,ELA,43.4,382.6,245.0,245.0,100.0,,,,,50.42058823529412,11.09449165568388,43.82571428571429,10.916160250832192,-0.6327994515816652,-0.038998537574770224
2931800,19151,MIDWAY R-I,MO,2023,Math,45.7,379.2,248.0,248.0,100.0,,,,,42.745714285714286,11.84948107221039,40.65142857142857,13.30113598484712,0.2493177292982188,0.3795594176559697
2931800,19151,MIDWAY R-I,MO,2024,ELA,35.2,377.2,255.0,254.0,99.6,,,,,50.42058823529412,11.09449165568388,41.93611111111111,10.277330191884264,-1.3719049693904968,-0.6554339488314228
2931800,19151,MIDWAY R-I,MO,2024,Math,45.1,380.8,253.0,252.0,99.6,,,,,42.745714285714286,11.84948107221039,38.49166666666667,14.035086136434744,0.19868260052391898,0.47084380310130486
2921060,24091,MISSOURI CITY 56,MO,2019,ELA,,331.3,,,,,,,,50.42058823529412,11.09449165568388,50.42058823529412,11.09449165568388,,
2921060,24091,MISSOURI CITY 56,MO,2019,Math,,312.5,,,,,,,,42.745714285714286,11.84948107221039,42.745714285714286,11.84948107221039,,
2921060,24091,MISSOURI CITY 56,MO,2021,ELA,,,,,,,,,,50.42058823529412,11.09449165568388,45.68571428571428,10.888664987503473,,
2921060,24091,MISSOURI CITY 56,MO,2021,Math,,,,,,,,,,42.745714285714286,11.84948107221039,34.24,13.068129169854421,,
2921060,24091,MISSOURI CITY 56,MO,2022,ELA,,416.8,,,,,,,,50.42058823529412,11.09449165568388,43.00857142857143,10.705863468447655,,
2921060,24091,MISSOURI CITY 56,MO,2022,Math,,401.9,,,,,,,,42.745714285714286,11.84948107221039,38.29714285714286,13.090105956392401,,
2921060,24091,MISSOURI CITY 56,MO,2023,ELA,,376.0,15.0,15.0,100.0,,,,,50.42058823529412,11.09449165568388,43.82571428571429,10.916160250832192,,
2921060,24091,MISSOURI CITY 56,MO,2023,Math,,362.5,15.0,15.0,100.0,,,,,42.745714285714286,11.84948107221039,40.65142857142857,13.30113598484712,,
2921060,24091,MISSOURI CITY 56,MO,2024,ELA,27.9,357.9,19.0,19.0,100.0,,,,,50.42058823529412,11.09449165568388,41.93611111111111,10.277330191884264,-2.029889149878848,-1.3657351519361571
2921060,24091,MISSOURI CITY 56,MO,2024,Math,11.2,306.8,19.0,19.0,100.0,,,,,42.745714285714286,11.84948107221039,38.49166666666667,14.035086136434744,-2.6622021752240146,-1.9445314693023623
2922800,24093,NORTH KANSAS CITY 74,MO,2019,ELA,52.9,351.0,,,,,,,,50.42058823529412,11.09449165568388,50.42058823529412,11.09449165568388,0.22348133124564015,0.22348133124564015
2922800,24093,NORTH KANSAS CITY 74,MO,2019,Math,49.7,331.2,,,,,,,,42.745714285714286,11.84948107221039,42.745714285714286,11.84948107221039,0.5868852544602168,0.5868852544602168
2922800,24093,NORTH KANSAS CITY 74,MO,2021,ELA,49.4,,,,,,,,,50.42058823529412,11.09449165568388,45.68571428571428,10.888664987503473,-0.09199053611178815,0.3411148858513387
2922800,24093,NORTH KANSAS CITY 74,MO,2021,Math,38.3,,,,,,,,,42.745714285714286,11.84948107221039,34.24,13.068129169854421,-0.37518219225147803,0.31067951251703335
2922800,24093,NORTH KANSAS CITY 74,MO,2022,ELA,47.8,394.1,,,,,,,,50.42058823529412,11.09449165568388,43.00857142857143,10.705863468447655,-0.2362062469037555,0.44755180986100535
2922800,24093,NORTH KANSAS CITY 74,MO,2022,Math,43.0,373.9,,,,,,,,42.745714285714286,11.84948107221039,38.29714285714286,13.090105956392401,0.02145964981386989,0.35926807304111663
2922800,24093,NORTH KANSAS CITY 74,MO,2023,ELA,49.5,397.5,11118.0,11039.0,99.2,,,,,50.42058823529412,11.09449165568388,43.82571428571429,10.916160250832192,-0.08297705418729007,0.519806010895922
2922800,24093,NORTH KANSAS CITY 74,MO,2023,Math,45.9,380.4,11258.0,11164.0,99.1,,,,,42.745714285714286,11.84948107221039,40.65142857142857,13.30113598484712,0.26619610555631834,0.39459572735371573
2922800,24093,NORTH KANSAS CITY 74,MO,2024,ELA,49.1,396.7,11049.0,11013.0,99.6,,,,,50.42058823529412,11.09449165568388,41.93611111111111,10.277330191884264,-0.11903098188528174,0.6970573831077282
2922800,24093,NORTH KANSAS CITY 74,MO,2024,Math,45.1,380.2,11186.0,11134.0,99.5,,,,,42.745714285714286,11.84948107221039,38.49166666666667,14.035086136434744,0.19868260052391898,0.47084380310130486
2922830,83001,NORTH PLATTE CO. R-I,MO,2019,ELA,60.7,371.9,,,,,,,,50.42058823529412,11.09449165568388,50.42058823529412,11.09449165568388,0.9265329213564807,0.9265329213564807
2922830,83001,NORTH PLATTE CO. R-I,MO,2019,Math,47.3,338.2,,,,,,,,42.745714285714286,11.84948107221039,42.745714285714286,11.84948107221039,0.3843447393630175,0.3843447393630175
2922830,83001,NORTH PLATTE CO. R-I,MO,2021,ELA,55.1,,,,,,,,,50.42058823529412,11.09449165568388,45.68571428571428,10.888664987503473,0.4217779335845953,0.8645950376001239
2922830,83001,NORTH PLATTE CO. R-I,MO,2021,Math,33.3,,,,,,,,,42.745714285714286,11.84948107221039,34.24,13.068129169854421,-0.7971415987039756,-0.07193072457290965
2922830,83001,NORTH PLATTE CO. R-I,MO,2022,ELA,51.3,403.7,,,,,,,,50.42058823529412,11.09449165568388,43.00857142857143,10.705863468447655,0.0792656204536728,0.7744754634565522
2922830,83001,NORTH PLATTE CO. R-I,MO,2022,Math,37.2,371.5,,,,,,,,42.745714285714286,11.84948107221039,38.29714285714286,13.090105956392401,-0.468013261671027,-0.08381466588565535
2922830,83001,NORTH PLATTE CO. R-I,MO,2023,ELA,52.4,408.1,300.0,300.0,100.0,,,,,50.42058823529412,11.09449165568388,43.82571428571429,10.916160250832192,0.1784139216231504,0.7854671896770705
2922830,83001,NORTH PLATTE CO. R-I,MO,2023,Math,45.4,388.7,298.0,298.0,100.0,,,,,42.745714285714286,11.84948107221039,40.65142857142857,13.30113598484712,0.22400016491106858,0.35700495310934977
2922830,83001,NORTH PLATTE CO. R-I,MO,2024,ELA,52.6,403.4,309.0,306.0,99.0,,,,,50.42058823529412,11.09449165568388,41.93611111111111,10.277330191884264,0.19644088547214655,1.037612754459313
2922830,83001,NORTH PLATTE CO. R-I,MO,2024,Math,43.5,380.9,293.0,290.0,98.9,,,,,42.745714285714286,11.84948107221039,38.49166666666667,14.035086136434744,0.06365559045911964,0.35684379024449453
2923010,48070,OAK GROVE R-VI,MO,2019,ELA,58.1,365.2,,,,,,,,50.42058823529412,11.09449165568388,50.42058823529412,11.09449165568388,0.6921823913195339,0.6921823913195339
2923010,48070,OAK GROVE R-VI,MO,2019,Math,43.1,322.2,,,,,,,,42.745714285714286,11.84948107221039,42.745714285714286,11.84948107221039,0.02989883794291996,0.02989883794291996
2923010,48070,OAK GROVE R-VI,MO,2021,ELA,50.8,,,,,,,,,50.42058823529412,11.09449165568388,45.68571428571428,10.888664987503473,0.03419821083118304,0.46968895821068923
2923010,48070,OAK GROVE R-VI,MO,2021,Math,29.4,,,,,,,,,42.745714285714286,11.84948107221039,34.24,13.068129169854421,-1.1262699357369235,-0.3703667095030651
2923010,48070,OAK GROVE R-VI,MO,2022,ELA,48.3,398.9,,,,,,,,50.42058823529412,11.09449165568388,43.00857142857143,10.705863468447655,-0.19113883728126574,0.4942551889460835
2923010,48070,OAK GROVE R-VI,MO,2022,Math,35.8,367.8,,,,,,,,42.745714285714286,11.84948107221039,38.29714285714286,13.090105956392401,-0.5861618954777268,-0.19076567183349735
2923010,48070,OAK GROVE R-VI,MO,2023,ELA,46.1,394.9,1056.0,1054.0,99.8,,,,,50.42058823529412,11.09449165568388,43.82571428571429,10.916160250832192,-0.38943543962022026,0.20834118060078227
2923010,48070,OAK GROVE R-VI,MO,2023,Math,35.0,365.2,1066.0,1066.0,100.0,,,,,42.745714285714286,11.84948107221039,40.65142857142857,13.30113598484712,-0.6536754005101262,-0.42488315117346154
2923010,48070,OAK GROVE R-VI,MO,2024,ELA,39.1,380.9,1074.0,1071.0,99.7,,,,,50.42058823529412,11.09449165568388,41.93611111111111,10.277330191884264,-1.0203791743350767,-0.27595796361108554
2923010,48070,OAK GROVE R-VI,MO,2024,Math,33.2,359.9,1052.0,1052.0,100.0,,,,,42.745714285714286,11.84948107221039,38.49166666666667,14.035086136434744,-0.805580786833025,-0.3770312925212212
2923220,89087,ORRICK R-XI,MO,2019,ELA,36.6,316.0,,,,,,,,50.42058823529412,11.09449165568388,50.42058823529412,11.09449165568388,-1.2457162224475256,-1.2457162224475256
2923220,89087,ORRICK R-XI,MO,2019,Math,31.5,279.4,,,,,,,,42.745714285714286,11.84948107221039,42.745714285714286,11.84948107221039,-0.9490469850268745,-0.9490469850268745
2923220,89087,ORRICK R-XI,MO,2021,ELA,39.2,,,,,,,,,50.42058823529412,11.09449165568388,45.68571428571428,10.888664987503473,-1.0113656924105787,-0.5956390699096445
2923220,89087,ORRICK R-XI,MO,2021,Math,32.0,,,,,,,,,42.745714285714286,11.84948107221039,34.24,13.068129169854421,-0.9068510443816247,-0.17140938621629462
2923220,89087,ORRICK R-XI,MO,2022,ELA,32.3,368.2,,,,,,,,50.42058823529412,11.09449165568388,43.00857142857143,10.705863468447655,-1.633295945200938,-1.000252941776416
2923220,89087,ORRICK R-XI,MO,2022,Math,31.2,361.9,,,,,,,,42.745714285714286,11.84948107221039,38.29714285714286,13.090105956392401,-0.9743645494140243,-0.5421761199478338
2923220,89087,ORRICK R-XI,MO,2023,ELA,36.0,376.5,154.0,154.0,100.0,,,,,50.42058823529412,11.09449165568388,43.82571428571429,10.916160250832192,-1.2997971139945135,-0.7168925799818392
2923220,89087,ORRICK R-XI,MO,2023,Math,22.0,343.8,140.0,140.0,100.0,,,,,42.745714285714286,11.84948107221039,40.65142857142857,13.30113598484712,-1.7507698572866197,-1.4022432815269759
2923220,89087,ORRICK R-XI,MO,2024,ELA,36.0,382.5,132.0,132.0,100.0,,,,,50.42058823529412,11.09449165568388,41.93611111111111,10.277330191884264,-1.2997971139945135,-0.5775927210939179
2923220,89087,ORRICK R-XI,MO,2024,Math,20.3,343.4,136.0,135.0,99.2,,,,,42.745714285714286,11.84948107221039,38.49166666666667,14.035086136434744,-1.894236055480469,-1.296156396179254
2923550,83005,PARK HILL,MO,2019,ELA,57.5,361.4,,,,,,,,50.42058823529412,11.09449165568388,50.42058823529412,11.09449165568388,0.638101499772546,0.638101499772546
2923550,83005,PARK HILL,MO,2019,Math,50.8,335.2,,,,,,,,42.745714285714286,11.84948107221039,42.745714285714286,11.84948107221039,0.6797163238797658,0.6797163238797658
2923550,83005,PARK HILL,MO,2021,ELA,54.8,,,,,,,,,50.42058823529412,11.09449165568388,45.68571428571428,10.888664987503473,0.3947374878111011,0.837043450665977
2923550,83005,PARK HILL,MO,2021,Math,48.0,,,,,,,,,42.745714285714286,11.84948107221039,34.24,13.068129169854421,0.4434190562663674,1.052943372471523
2923550,83005,PARK HILL,MO,2022,ELA,53.6,404.0,,,,,,,,50.42058823529412,11.09449165568388,43.00857142857143,10.705863468447655,0.28657570471712607,0.9893110072479119
2923550,83005,PARK HILL,MO,2022,Math,53.3,396.9,,,,,,,,42.745714285714286,11.84948107221039,38.29714285714286,13.090105956392401,0.8906960271060146,1.1461219025145222
2923550,83005,PARK HILL,MO,2023,ELA,53.7,404.1,6304.0,6252.0,99.1,,,,,50.42058823529412,11.09449165568388,43.82571428571429,10.916160250832192,0.29558918664162415,0.904556683613448
2923550,83005,PARK HILL,MO,2023,Math,52.4,395.0,6242.0,6187.0,99.1,,,,,42.745714285714286,11.84948107221039,40.65142857142857,13.30113598484712,0.8147433339445651,0.8832757925304728
2923550,83005,PARK HILL,MO,2024,ELA,51.7,401.9,6186.0,6136.0,99.1,,,,,50.42058823529412,11.09449165568388,41.93611111111111,10.277330191884264,0.11531954815166512,0.9500413732546199
2923550,83005,PARK HILL,MO,2024,Math,52.4,393.9,6235.0,6196.0,99.3,,,,,42.745714285714286,11.84948107221039,38.49166666666667,14.035086136434744,0.8147433339445651,0.9909688617605014
2925230,83003,PLATTE CO. R-III,MO,2019,ELA,61.5,371.3,,,,,,,,50.42058823529412,11.09449165568388,50.42058823529412,11.09449165568388,0.9986407767524641,0.9986407767524641
2925230,83003,PLATTE CO. R-III,MO,2019,Math,54.3,348.2,,,,,,,,42.745714285714286,11.84948107221039,42.745714285714286,11.84948107221039,0.975087908396514,0.975087908396514
2925230,83003,PLATTE CO. R-III,MO,2021,ELA,60.5,,,,,,,,,50.42058823529412,11.09449165568388,45.68571428571428,10.888664987503473,0.9085059575074845,1.3605236024147622
2925230,83003,PLATTE CO. R-III,MO,2021,Math,49.6,,,,,,,,,42.745714285714286,11.84948107221039,34.24,13.068129169854421,0.5784460663311668,1.1753786483403048
2925230,83003,PLATTE CO. R-III,MO,2022,ELA,54.7,407.3,,,,,,,,50.42058823529412,11.09449165568388,43.00857142857143,10.705863468447655,0.38572400588660366,1.0920584412350838
2925230,83003,PLATTE CO. R-III,MO,2022,Math,46.3,385.5,,,,,,,,42.745714285714286,11.84948107221039,38.29714285714286,13.090105956392401,0.29995285807251804,0.6113668727753144
2925230,83003,PLATTE CO. R-III,MO,2023,ELA,56.4,410.3,2319.0,2290.0,98.7,,,,,50.42058823529412,11.09449165568388,43.82571428571429,10.916160250832192,0.5389531986030685,1.1518964017889999
2925230,83003,PLATTE CO. R-III,MO,2023,Math,54.5,400.9,2299.0,2265.0,98.5,,,,,42.745714285714286,11.84948107221039,40.65142857142857,13.30113598484712,0.9919662846546142,1.04115704435681
2925230,83003,PLATTE CO. R-III,MO,2024,ELA,52.7,404.9,2408.0,2354.0,97.7,,,,,50.42058823529412,11.09449165568388,41.93611111111111,10.277330191884264,0.20545436739664463,1.0473429079265013
2925230,83003,PLATTE CO. R-III,MO,2024,Math,46.6,386.4,2424.0,2375.0,97.9,,,,,42.745714285714286,11.84948107221039,38.49166666666667,14.035086136434744,0.32527042245966825,0.5777188151545645
2925330,19148,PLEASANT HILL R-III,MO,2019,ELA,57.6,367.2,,,,,,,,50.42058823529412,11.09449165568388,50.42058823529412,11.09449165568388,0.6471149816970441,0.6471149816970441
2925330,19148,PLEASANT HILL R-III,MO,2019,Math,50.6,340.6,,,,,,,,42.745714285714286,11.84948107221039,42.745714285714286,11.84948107221039,0.6628379476216663,0.6628379476216663
2925330,19148,PLEASANT HILL R-III,MO,2021,ELA,51.1,,,,,,,,,50.42058823529412,11.09449165568388,45.68571428571428,10.888664987503473,0.061238656604677276,0.49724054514483623
2925330,19148,PLEASANT HILL R-III,MO,2021,Math,36.7,,,,,,,,,42.745714285714286,11.84948107221039,34.24,13.068129169854421,-0.5102092023162768,0.18824423664825202
2925330,19148,PLEASANT HILL R-III,MO,2022,ELA,46.8,394.2,,,,,,,,50.42058823529412,11.09449165568388,43.00857142857143,10.705863468447655,-0.326341066148735,0.35414505169084914
2925330,19148,PLEASANT HILL R-III,MO,2022,Math,41.2,376.7,,,,,,,,42.745714285714286,11.84948107221039,38.29714285714286,13.090105956392401,-0.130445736509029,0.2217596368224634
2925330,19148,PLEASANT HILL R-III,MO,2023,ELA,47.5,395.4,1189.0,1186.0,99.7,,,,,50.42058823529412,11.09449165568388,43.82571428571429,10.916160250832192,-0.2632466926772491,0.33659140483995736
2925330,19148,PLEASANT HILL R-III,MO,2023,Math,44.6,380.2,1214.0,1203.0,99.0,,,,,42.745714285714286,11.84948107221039,40.65142857142857,13.30113598484712,0.15648665987866922,0.2968597143183645
2925330,19148,PLEASANT HILL R-III,MO,2024,ELA,47.2,394.4,1132.0,1130.0,99.8,,,,,50.42058823529412,11.09449165568388,41.93611111111111,10.277330191884264,-0.29028713845074267,0.5121844672311537
2925330,19148,PLEASANT HILL R-III,MO,2024,Math,47.6,387.9,1138.0,1137.0,99.9,,,,,42.745714285714286,11.84948107221039,38.49166666666667,14.035086136434744,0.4096623037501677,0.6489688231900709
2923730,19142,RAYMORE-PECULIAR R-II,MO,2019,ELA,57.4,362.7,,,,,,,,50.42058823529412,11.09449165568388,50.42058823529412,11.09449165568388,0.6290880178480479,0.6290880178480479
2923730,19142,RAYMORE-PECULIAR R-II,MO,2019,Math,47.9,333.5,,,,,,,,42.745714285714286,11.84948107221039,42.745714285714286,11.84948107221039,0.43497986813731737,0.43497986813731737
2923730,19142,RAYMORE-PECULIAR R-II,MO,2021,ELA,51.9,,,,,,,,,50.42058823529412,11.09449165568388,45.68571428571428,10.888664987503473,0.13334651200066064,0.5707114436358935
2923730,19142,RAYMORE-PECULIAR R-II,MO,2021,Math,37.8,,,,,,,,,42.745714285714286,11.84948107221039,34.24,13.068129169854421,-0.41737813289672776,0.27241848880803904
2923730,19142,RAYMORE-PECULIAR R-II,MO,2022,ELA,48.2,395.7,,,,,,,,50.42058823529412,11.09449165568388,43.00857142857143,10.705863468447655,-0.20015231920576318,0.4849145131290684
2923730,19142,RAYMORE-PECULIAR R-II,MO,2022,Math,42.7,374.7,,,,,,,,42.745714285714286,11.84948107221039,38.29714285714286,13.090105956392401,-0.0038579145732797237,0.33635000033800794
2923730,19142,RAYMORE-PECULIAR R-II,MO,2023,ELA,48.6,397.3,3391.0,3361.0,99.1,,,,,50.42058823529412,11.09449165568388,43.82571428571429,10.916160250832192,-0.1640983915077715,0.4373594381707381
2923730,19142,RAYMORE-PECULIAR R-II,MO,2023,Math,45.2,382.3,3372.0,3323.0,98.5,,,,,42.745714285714286,11.84948107221039,40.65142857142857,13.30113598484712,0.20712178865296904,0.3419686434116037
2923730,19142,RAYMORE-PECULIAR R-II,MO,2024,ELA,43.6,387.5,3327.0,3299.0,99.1,,,,,50.42058823529412,11.09449165568388,41.93611111111111,10.277330191884264,-0.614772487732669,0.16189894241238065
2923730,19142,RAYMORE-PECULIAR R-II,MO,2024,Math,41.8,375.2,3369.0,3328.0,98.7,,,,,42.745714285714286,11.84948107221039,38.49166666666667,14.035086136434744,-0.07981060773472975,0.23571877658413343
2926070,48073,RAYTOWN C-2,MO,2019,ELA,38.1,307.7,,,,,,,,50.42058823529412,11.09449165568388,50.42058823529412,11.09449165568388,-1.1105139935800563,-1.1105139935800563
2926070,48073,RAYTOWN C-2,MO,2019,Math,23.2,246.5,,,,,,,,42.745714285714286,11.84948107221039,42.745714285714286,11.84948107221039,-1.6494995997380204,-1.6494995997380204
2926070,48073,RAYTOWN C-2,MO,2021,ELA,29.0,,,,,,,,,50.42058823529412,11.09449165568388,45.68571428571428,10.888664987503473,-1.93074084870937,-1.5323930256706284
2926070,48073,RAYTOWN C-2,MO,2021,Math,11.9,,,,,,,,,42.745714285714286,11.84948107221039,34.24,13.068129169854421,-2.603127858320665,-1.7095025393178656
2926070,48073,RAYTOWN C-2,MO,2022,ELA,29.4,358.7,,,,,,,,50.42058823529412,11.09449165568388,43.00857142857143,10.705863468447655,-1.8946869210113784,-1.271132540469869
2926070,48073,RAYTOWN C-2,MO,2022,Math,16.0,313.3,,,,,,,,42.745714285714286,11.84948107221039,38.29714285714286,13.090105956392401,-2.257121145029617,-1.703358470238685
2926070,48073,RAYTOWN C-2,MO,2023,ELA,25.7,351.3,4176.0,4132.0,98.9,,,,,50.42058823529412,11.09449165568388,43.82571428571429,10.916160250832192,-2.2281857522178026,-1.660447801170057
2926070,48073,RAYTOWN C-2,MO,2023,Math,16.3,311.3,4305.0,4236.0,98.3,,,,,42.745714285714286,11.84948107221039,40.65142857142857,13.30113598484712,-2.2318035806424668,-1.8307781079127474
2926070,48073,RAYTOWN C-2,MO,2024,ELA,27.3,355.1,4089.0,4047.0,98.9,,,,,50.42058823529412,11.09449165568388,41.93611111111111,10.277330191884264,-2.083970041425835,-1.4241160727392859
2926070,48073,RAYTOWN C-2,MO,2024,Math,17.9,315.2,4272.0,4221.0,98.8,,,,,42.745714285714286,11.84948107221039,38.49166666666667,14.035086136434744,-2.096776570577668,-1.4671564154644694
2926480,89089,RICHMOND R-XVI,MO,2019,ELA,48.7,341.4,,,,,,,,50.42058823529412,11.09449165568388,50.42058823529412,11.09449165568388,-0.15508490958327342,-0.15508490958327342
2926480,89089,RICHMOND R-XVI,MO,2019,Math,46.0,324.3,,,,,,,,42.745714285714286,11.84948107221039,42.745714285714286,11.84948107221039,0.27463529368536843,0.27463529368536843
2926480,89089,RICHMOND R-XVI,MO,2021,ELA,39.8,,,,,,,,,50.42058823529412,11.09449165568388,45.68571428571428,10.888664987503473,-0.9572848008635916,-0.540535896041352
2926480,89089,RICHMOND R-XVI,MO,2021,Math,32.8,,,,,,,,,42.745714285714286,11.84948107221039,34.24,13.068129169854421,-0.8393375393492253,-0.11019174828190395
2926480,89089,RICHMOND R-XVI,MO,2022,ELA,34.3,368.6,,,,,,,,50.42058823529412,11.09449165568388,43.00857142857143,10.705863468447655,-1.453026306710979,-0.8134394254361036
2926480,89089,RICHMOND R-XVI,MO,2022,Math,29.8,347.0,,,,,,,,42.745714285714286,11.84948107221039,38.29714285714286,13.090105956392401,-1.0925131832207235,-0.6491271258956752
2926480,89089,RICHMOND R-XVI,MO,2023,ELA,31.3,362.8,806.0,800.0,99.2,,,,,50.42058823529412,11.09449165568388,43.82571428571429,10.916160250832192,-1.723430764445917,-1.147446904213356
2926480,89089,RICHMOND R-XVI,MO,2023,Math,26.6,336.7,779.0,767.0,98.4,,,,,42.745714285714286,11.84948107221039,40.65142857142857,13.30113598484712,-1.3625672033503218,-1.056408158478809
2926480,89089,RICHMOND R-XVI,MO,2024,ELA,32.8,363.5,803.0,798.0,99.3,,,,,50.42058823529412,11.09449165568388,41.93611111111111,10.277330191884264,-1.5882285355784482,-0.8889576320439386
2926480,89089,RICHMOND R-XVI,MO,2024,Math,28.4,342.7,771.0,766.0,99.3,,,,,42.745714285714286,11.84948107221039,38.49166666666667,14.035086136434744,-1.210661817027423,-0.7190313310916522
2910320,19144,SHERWOOD CASS R-VIII,MO,2019,ELA,46.4,337.1,,,,,,,,50.42058823529412,11.09449165568388,50.42058823529412,11.09449165568388,-0.3623949938467267,-0.3623949938467267
2910320,19144,SHERWOOD CASS R-VIII,MO,2019,Math,41.9,313.7,,,,,,,,42.745714285714286,11.84948107221039,42.745714285714286,11.84948107221039,-0.07137141960567969,-0.07137141960567969
2910320,19144,SHERWOOD CASS R-VIII,MO,2021,ELA,41.4,,,,,,,,,50.42058823529412,11.09449165568388,45.68571428571428,10.888664987503473,-0.8130690900716242,-0.39359409905923676
2910320,19144,SHERWOOD CASS R-VIII,MO,2021,Math,37.8,,,,,,,,,42.745714285714286,11.84948107221039,34.24,13.068129169854421,-0.41737813289672776,0.27241848880803904
2910320,19144,SHERWOOD CASS R-VIII,MO,2022,ELA,40.0,382.9,,,,,,,,50.42058823529412,11.09449165568388,43.00857142857143,10.705863468447655,-0.9392578370145954,-0.28102090386621287
2910320,19144,SHERWOOD CASS R-VIII,MO,2022,Math,45.3,380.2,,,,,,,,42.745714285714286,11.84948107221039,38.29714285714286,13.090105956392401,0.21556097678201852,0.5349732970982847
2910320,19144,SHERWOOD CASS R-VIII,MO,2023,ELA,38.5,375.5,413.0,411.0,99.5,,,,,50.42058823529412,11.09449165568388,43.82571428571429,10.916160250832192,-1.0744600658820647,-0.4878743224118834
2910320,19144,SHERWOOD CASS R-VIII,MO,2023,Math,35.6,364.0,425.0,423.0,99.5,,,,,42.745714285714286,11.84948107221039,40.65142857142857,13.30113598484712,-0.6030402717358263,-0.37977422208022227
2910320,19144,SHERWOOD CASS R-VIII,MO,2024,ELA,31.8,364.0,420.0,420.0,100.0,,,,,50.42058823529412,11.09449165568388,41.93611111111111,10.277330191884264,-1.6783633548234274,-0.9862591667158197
2910320,19144,SHERWOOD CASS R-VIII,MO,2024,Math,28.1,349.1,410.0,409.0,99.7,,,,,42.745714285714286,11.84948107221039,38.49166666666667,14.035086136434744,-1.2359793814145725,-0.7404063335023039
2928410,24087,SMITHVILLE R-II,MO,2019,ELA,56.8,366.3,,,,,,,,50.42058823529412,11.09449165568388,50.42058823529412,11.09449165568388,0.5750071263010601,0.5750071263010601
2928410,24087,SMITHVILLE R-II,MO,2019,Math,55.8,354.8,,,,,,,,42.745714285714286,11.84948107221039,42.745714285714286,11.84948107221039,1.1016757303322633,1.1016757303322633
2928410,24087,SMITHVILLE R-II,MO,2021,ELA,54.3,,,,,,,,,50.42058823529412,11.09449165568388,45.68571428571428,10.888664987503473,0.34967007818861134,0.791124139109066
2928410,24087,SMITHVILLE R-II,MO,2021,Math,53.0,,,,,,,,,42.745714285714286,11.84948107221039,34.24,13.068129169854421,0.865378462718865,1.435553609561466
2928410,24087,SMITHVILLE R-II,MO,2022,ELA,53.4,407.5,,,,,,,,50.42058823529412,11.09449165568388,43.00857142857143,10.705863468447655,0.2685487408681299,0.9706296556138804
2928410,24087,SMITHVILLE R-II,MO,2022,Math,59.9,415.5,,,,,,,,42.745714285714286,11.84948107221039,38.29714285714286,13.090105956392401,1.4476824436233113,1.6503195019829182
2928410,24087,SMITHVILLE R-II,MO,2023,ELA,54.8,409.7,1375.0,1367.0,99.4,,,,,50.42058823529412,11.09449165568388,43.82571428571429,10.916160250832192,0.3947374878111011,1.005324716944228
2928410,24087,SMITHVILLE R-II,MO,2023,Math,62.4,418.5,1348.0,1336.0,99.1,,,,,42.745714285714286,11.84948107221039,40.65142857142857,13.30113598484712,1.6586621468495601,1.6350912774177915
2928410,24087,SMITHVILLE R-II,MO,2024,ELA,55.1,409.4,1321.0,1317.0,99.6,,,,,50.42058823529412,11.09449165568388,41.93611111111111,10.277330191884264,0.4217779335845953,1.2808665911390165
2928410,24087,SMITHVILLE R-II,MO,2024,Math,60.7,419.2,1338.0,1334.0,99.7,,,,,42.745714285714286,11.84948107221039,38.49166666666667,14.035086136434744,1.5151959486557114,1.5823439284552048
2929670,19140,STRASBURG C-3,MO,2019,ELA,56.6,360.2,,,,,,,,50.42058823529412,11.09449165568388,50.42058823529412,11.09449165568388,0.5569801624520646,0.5569801624520646
2929670,19140,STRASBURG C-3,MO,2019,Math,43.3,307.2,,,,,,,,42.745714285714286,11.84948107221039,42.745714285714286,11.84948107221039,0.0467772142010195,0.0467772142010195
2929670,19140,STRASBURG C-3,MO,2021,ELA,38.1,,,,,,,,,50.42058823529412,11.09449165568388,45.68571428571428,10.888664987503473,-1.1105139935800563,-0.6966615553348489
2929670,19140,STRASBURG C-3,MO,2021,Math,31.8,,,,,,,,,42.745714285714286,11.84948107221039,34.24,13.068129169854421,-0.9237294206397245,-0.18671379569989227
2929670,19140,STRASBURG C-3,MO,2022,ELA,33.0,373.7,,,,,,,,50.42058823529412,11.09449165568388,43.00857142857143,10.705863468447655,-1.570201571729452,-0.9348682110573064
2929670,19140,STRASBURG C-3,MO,2022,Math,25.3,343.8,,,,,,,,42.745714285714286,11.84948107221039,38.29714285714286,13.090105956392401,-1.4722766490279713,-0.9928982164423088
2929670,19140,STRASBURG C-3,MO,2023,ELA,38.4,382.3,87.0,87.0,100.0,,,,,50.42058823529412,11.09449165568388,43.82571428571429,10.916160250832192,-1.0834735478065627,-0.4970350527146818
2929670,19140,STRASBURG C-3,MO,2023,Math,39.6,366.3,86.0,86.0,100.0,,,,,42.745714285714286,11.84948107221039,40.65142857142857,13.30113598484712,-0.2654727465738283,-0.07904802812529484
2929670,19140,STRASBURG C-3,MO,2024,ELA,44.4,385.9,98.0,98.0,100.0,,,,,50.42058823529412,11.09449165568388,41.93611111111111,10.277330191884264,-0.5426646323366857,0.23974017014988547
2929670,19140,STRASBURG C-3,MO,2024,Math,40.4,372.1,98.0,97.0,98.9,,,,,42.745714285714286,11.84948107221039,38.49166666666667,14.035086136434744,-0.19795924154142894,0.1359687653344246
2931710,83002,WEST PLATTE CO. R-II,MO,2019,ELA,64.2,385.7,,,,,,,,50.42058823529412,11.09449165568388,50.42058823529412,11.09449165568388,1.242004788713909,1.242004788713909
2931710,83002,WEST PLATTE CO. R-II,MO,2019,Math,49.5,346.6,,,,,,,,42.745714285714286,11.84948107221039,42.745714285714286,11.84948107221039,0.5700068782021167,0.5700068782021167
2931710,83002,WEST PLATTE CO. R-II,MO,2021,ELA,61.3,,,,,,,,,50.42058823529412,11.09449165568388,45.68571428571428,10.888664987503473,0.9806138129034679,1.4339945009058195
2931710,83002,WEST PLATTE CO. R-II,MO,2021,Math,55.3,,,,,,,,,42.745714285714286,11.84948107221039,34.24,13.068129169854421,1.0594797896870136,1.6115543186228396
2931710,83002,WEST PLATTE CO. R-II,MO,2022,ELA,61.0,424.8,,,,,,,,50.42058823529412,11.09449165568388,43.00857142857143,10.705863468447655,0.9535733671299743,1.6805210177070677
2931710,83002,WEST PLATTE CO. R-II,MO,2022,Math,61.6,419.8,,,,,,,,42.745714285714286,11.84948107221039,38.29714285714286,13.090105956392401,1.5911486418171608,1.7801885806338689
2931710,83002,WEST PLATTE CO. R-II,MO,2023,ELA,64.8,426.0,373.0,373.0,100.0,,,,,50.42058823529412,11.09449165568388,43.82571428571429,10.916160250832192,1.2960856802608962,1.921397747224051
2931710,83002,WEST PLATTE CO. R-II,MO,2023,Math,67.3,430.6,373.0,373.0,100.0,,,,,42.745714285714286,11.84948107221039,40.65142857142857,13.30113598484712,2.0721823651730076,2.0034808650125777
2931710,83002,WEST PLATTE CO. R-II,MO,2024,ELA,60.3,420.6,374.0,372.0,99.4,,,,,50.42058823529412,11.09449165568388,41.93611111111111,10.277330191884264,0.8904789936584884,1.7868345714327991
2931710,83002,WEST PLATTE CO. R-II,MO,2024,Math,75.6,439.1,381.0,378.0,99.2,,,,,42.745714285714286,11.84948107221039,38.49166666666667,14.035086136434744,2.7726349798841534,2.6439690481842497
