LEA_STATE,LEA_STATE_NAME,LEAID,LEA_NAME,SCHID,SCH_NAME,COMBOKEY,JJ,SCH_DUAL_IND,SCH_DUALENR_HI_M,SCH_DUALENR_HI_F,SCH_DUALENR_AM_M,SCH_DUALENR_AM_F,SCH_DUALENR_AS_M,SCH_DUALENR_AS_F,SCH_DUALENR_HP_M,SCH_DUALENR_HP_F,SCH_DUALENR_BL_M,SCH_DUALENR_BL_F,SCH_DUALENR_WH_M,SCH_DUALENR_WH_F,SCH_DUALENR_TR_M,SCH_DUALENR_TR_F,TOT_DUALENR_M,TOT_DUALENR_F,SCH_DUALENR_EL_M,SCH_DUALENR_EL_F,SCH_DUALENR_IDEA_M,SCH_DUALENR_IDEA_F,ncessch
MO,MISSOURI,2900001,MARIES CO. R-II,48,BELLE ELEM.,290000100048,No,-9,-9,-9,-9,-9,-9,-9,-9,-9,-9,-9,-9,-9,-9,-9,-9,-9,-9,-9,-9,-9,290000100048
MO,MISSOURI,2900001,MARIES CO. R-II,49,BELLE HIGH,290000100049,No,Yes,0,0,0,0,0,0,0,0,0,0,14,9,0,0,14,9,0,0,0,0,290000100049
MO,MISSOURI,2900001,MARIES CO. R-II,2547,MARIES CO. MIDDLE,290000102547,No,-9,-9,-9,-9,-9,-9,-9,-9,-9,-9,-9,-9,-9,-9,-9,-9,-9,-9,-9,-9,-9,290000102547
MO,MISSOURI,2900002,SOUTH HARRISON CO. R-II,922,SOUTH HARRISON EARLY CHILD CTR,290000200922,No,-9,-9,-9,-9,-9,-9,-9,-9,-9,-9,-9,-9,-9,-9,-9,-9,-9,-9,-9,-9,-9,290000200922
MO,MISSOURI,2900002,SOUTH HARRISON CO. R-II,1641,SOUTH HARRISON ELEM.,290000201641,No,-9,-9,-9,-9,-9,-9,-9,-9,-9,-9,-9,-9,-9,-9,-9,-9,-9,-9,-9,-9,-9,290000201641
MO,MISSOURI,2900002,SOUTH HARRISON CO. R-II,1642,SOUTH HARRISON HIGH,290000201642,No,Yes,0,0,0,0,0,0,0,0,0,0,9,25,0,0,9,25,0,0,0,0,290000201642
MO,MISSOURI,2900002,SOUTH HARRISON CO. R-II,2400,NORTH CENTRAL CAREER CTR.,290000202400,No,Yes,0,0,0,0,0,0,0,0,0,0,9,10,0,0,9,10,0,0,0,0,290000202400
MO,MISSOURI,2900002,SOUTH HARRISON CO. R-II,3297,SOUTH HARRISON MIDDLE,290000203297,No,-9,-9,-9,-9,-9,-9,-9,-9,-9,-9,-9,-9,-9,-9,-9,-9,-9,-9,-9,-9,-9,290000203297
MO,MISSOURI,2900002,SOUTH HARRISON CO. R-II,99999,Early Childhood Special Education,290000299999,No,-9,-9,-9,-9,-9,-9,-9,-9,-9,-9,-9,-9,-9,-9,-9,-9,-9,-9,-9,-9,-9,290000299999
MO,MISSOURI,2900003,PORTAGEVILLE,2458,PORTAGEVILLE HIGH,290000302458,No,Yes,0,0,0,0,0,0,0,0,1,1,15,19,0,0,16,20,0,0,3,1,290000302458
MO,MISSOURI,2900003,PORTAGEVILLE,2459,PORTAGEVILLE ELEM.,290000302459,No,-9,-9,-9,-9,-9,-9,-9,-9,-9,-9,-9,-9,-9,-9,-9,-9,-9,-9,-9,-9,-9,290000302459
MO,MISSOURI,2900004,NEW MADRID CO. R-I,1482,LILBOURN ELEM.,290000401482,No,-9,-9,-9,-9,-9,-9,-9,-9,-9,-9,-9,-9,-9,-9,-9,-9,-9,-9,-9,-9,-9,290000401482
MO,MISSOURI,2900004,NEW MADRID CO. R-I,1484,NEW MADRID ELEM.,290000401484,No,-9,-9,-9,-9,-9,-9,-9,-9,-9,-9,-9,-9,-9,-9,-9,-9,-9,-9,-9,-9,-9,290000401484
MO,MISSOURI,2900004,NEW MADRID CO. R-I,1486,MATTHEWS ELEM.,290000401486,No,-9,-9,-9,-9,-9,-9,-9,-9,-9,-9,-9,-9,-9,-9,-9,-9,-9,-9,-9,-9,-9,290000401486
MO,MISSOURI,2900004,NEW MADRID CO. R-I,1488,CENTRAL HIGH,290000401488,No,No,-9,-9,-9,-9,-9,-9,-9,-9,-9,-9,-9,-9,-9,-9,-9,-9,-9,-9,-9,-9,290000401488
MO,MISSOURI,2900004,NEW MADRID CO. R-I,1991,CENTRAL MIDDLE,290000401991,No,-9,-9,-9,-9,-9,-9,-9,-9,-9,-9,-9,-9,-9,-9,-9,-9,-9,-9,-9,-9,-9,290000401991
MO,MISSOURI,2900009,DIVISION OF YOUTH SERVICE,1178,W. E. SEARS YOUTH CTR.,290000901178,Yes,No,-9,-9,-9,-9,-9,-9,-9,-9,-9,-9,-9,-9,-9,-9,-9,-9,-9,-9,-9,-9,290000901178
MO,MISSOURI,2900009,DIVISION OF YOUTH SERVICE,1185,SIERRA-OSAGE TREATMENT CTR.,290000901185,Yes,No,-9,-9,-9,-9,-9,-9,-9,-9,-9,-9,-9,-9,-9,-9,-9,-9,-9,-9,-9,-9,290000901185
MO,MISSOURI,2900009,DIVISION OF YOUTH SERVICE,1192,GIRARDOT CENTER FOR YOUTH,290000901192,Yes,No,-9,-9,-9,-9,-9,-9,-9,-9,-9,-9,-9,-9,-9,-9,-9,-9,-9,-9,-9,-9,290000901192
MO,MISSOURI,2900009,DIVISION OF YOUTH SERVICE,1195,HOGAN ST REGIONAL YOUTH CTR.,290000901195,Yes,No,-9,-9,-9,-9,-9,-9,-9,-9,-9,-9,-9,-9,-9,-9,-9,-9,-9,-9,-9,-9,290000901195
MO,MISSOURI,2900009,DIVISION OF YOUTH SERVICE,1199,BISSELL HALL,290000901199,Yes,No,-9,-9,-9,-9,-9,-9,-9,-9,-9,-9,-9,-9,-9,-9,-9,-9,-9,-9,-9,-9,290000901199
MO,MISSOURI,2900009,DIVISION OF YOUTH SERVICE,1215,TWIN RIVERS,290000901215,Yes,No,-9,-9,-9,-9,-9,-9,-9,-9,-9,-9,-9,-9,-9,-9,-9,-9,-9,-9,-9,-9,290000901215
MO,MISSOURI,2900009,DIVISION OF YOUTH SERVICE,1226,FORT BELLEFONTAINE CAMPUS,290000901226,Yes,No,-9,-9,-9,-9,-9,-9,-9,-9,-9,-9,-9,-9,-9,-9,-9,-9,-9,-9,-9,-9,290000901226
MO,MISSOURI,2900009,DIVISION OF YOUTH SERVICE,1261,LEWIS AND CLARK HALL,290000901261,Yes,No,-9,-9,-9,-9,-9,-9,-9,-9,-9,-9,-9,-9,-9,-9,-9,-9,-9,-9,-9,-9,290000901261
MO,MISSOURI,2900009,DIVISION OF YOUTH SERVICE,1265,NEW DAY - DAY TREATMENT,290000901265,Yes,No,-9,-9,-9,-9,-9,-9,-9,-9,-9,-9,-9,-9,-9,-9,-9,-9,-9,-9,-9,-9,290000901265
MO,MISSOURI,2900009,DIVISION OF YOUTH SERVICE,1270,NORTHWEST REG. YOUTH CTR.,290000901270,Yes,No,-9,-9,-9,-9,-9,-9,-9,-9,-9,-9,-9,-9,-9,-9,-9,-9,-9,-9,-9,-9,290000901270
MO,MISSOURI,2900009,DIVISION OF YOUTH SERVICE,1273,CAMP AVERY PARK CAMP,290000901273,Yes,No,-9,-9,-9,-9,-9,-9,-9,-9,-9,-9,-9,-9,-9,-9,-9,-9,-9,-9,-9,-9,290000901273
MO,MISSOURI,2900009,DIVISION OF YOUTH SERVICE,1283,WAVERLY REGIONAL YOUTH CTR.,290000901283,Yes,No,-9,-9,-9,-9,-9,-9,-9,-9,-9,-9,-9,-9,-9,-9,-9,-9,-9,-9,-9,-9,290000901283
MO,MISSOURI,2900009,DIVISION OF YOUTH SERVICE,1285,LANGSFORD HOUSE,290000901285,Yes,No,-9,-9,-9,-9,-9,-9,-9,-9,-9,-9,-9,-9,-9,-9,-9,-9,-9,-9,-9,-9,290000901285
MO,MISSOURI,2900009,DIVISION OF YOUTH SERVICE,1287,ALTERNATIVE RESOURCE CTR.,290000901287,Yes,No,-9,-9,-9,-9,-9,-9,-9,-9,-9,-9,-9,-9,-9,-9,-9,-9,-9,-9,-9,-9,290000901287
MO,MISSOURI,2900009,DIVISION OF YOUTH SERVICE,1289,WATKINS MILL PARK CAMP,290000901289,Yes,No,-9,-9,-9,-9,-9,-9,-9,-9,-9,-9,-9,-9,-9,-9,-9,-9,-9,-9,-9,-9,290000901289
MO,MISSOURI,2900009,DIVISION OF YOUTH SERVICE,1352,COMMUNITY LEARNING CTR.,290000901352,Yes,No,-9,-9,-9,-9,-9,-9,-9,-9,-9,-9,-9,-9,-9,-9,-9,-9,-9,-9,-9,-9,290000901352
MO,MISSOURI,2900009,DIVISION OF YOUTH SERVICE,1358,WILSON CREEK GROUP HOME,290000901358,Yes,No,-9,-9,-9,-9,-9,-9,-9,-9,-9,-9,-9,-9,-9,-9,-9,-9,-9,-9,-9,-9,290000901358
MO,MISSOURI,2900009,DIVISION OF YOUTH SERVICE,1364,EXCEL SCHOOL,290000901364,Yes,No,-9,-9,-9,-9,-9,-9,-9,-9,-9,-9,-9,-9,-9,-9,-9,-9,-9,-9,-9,-9,290000901364
MO,MISSOURI,2900009,DIVISION OF YOUTH SERVICE,1936,DATEMA HOUSE,290000901936,Yes,No,-9,-9,-9,-9,-9,-9,-9,-9,-9,-9,-9,-9,-9,-9,-9,-9,-9,-9,-9,-9,290000901936
MO,MISSOURI,2900009,DIVISION OF YOUTH SERVICE,2172,FULTON TREATMENT CTR.,290000902172,Yes,No,-9,-9,-9,-9,-9,-9,-9,-9,-9,-9,-9,-9,-9,-9,-9,-9,-9,-9,-9,-9,290000902172
MO,MISSOURI,2900009,DIVISION OF YOUTH SERVICE,2211,GATEWAY SCHOOL,290000902211,Yes,No,-9,-9,-9,-9,-9,-9,-9,-9,-9,-9,-9,-9,-9,-9,-9,-9,-9,-9,-9,-9,290000902211
MO,MISSOURI,2900009,DIVISION OF YOUTH SERVICE,2711,SIKESTON HOPE CTR.,290000902711,Yes,No,-9,-9,-9,-9,-9,-9,-9,-9,-9,-9,-9,-9,-9,-9,-9,-9,-9,-9,-9,-9,290000902711
MO,MISSOURI,2900009,DIVISION OF YOUTH SERVICE,2712,RIVERBEND TREATMENT CTR.,290000902712,Yes,No,-9,-9,-9,-9,-9,-9,-9,-9,-9,-9,-9,-9,-9,-9,-9,-9,-9,-9,-9,-9,290000902712
MO,MISSOURI,2900009,DIVISION OF YOUTH SERVICE,2715,GENTRY RESIDENTIAL TREAT. FAC.,290000902715,Yes,No,-9,-9,-9,-9,-9,-9,-9,-9,-9,-9,-9,-9,-9,-9,-9,-9,-9,-9,-9,-9,290000902715
MO,MISSOURI,2900009,DIVISION OF YOUTH SERVICE,2716,MT. VERNON TREATMENT CTR.,290000902716,Yes,No,-9,-9,-9,-9,-9,-9,-9,-9,-9,-9,-9,-9,-9,-9,-9,-9,-9,-9,-9,-9,290000902716
MO,MISSOURI,2900009,DIVISION OF YOUTH SERVICE,3153,MET DAY TREATMENT CENTER,290000903153,Yes,No,-9,-9,-9,-9,-9,-9,-9,-9,-9,-9,-9,-9,-9,-9,-9,-9,-9,-9,-9,-9,290000903153
MO,MISSOURI,2900013,KC INTERNATIONAL ACADEMY,2751,KC INTERNATIONAL-WALLACE,290001302751,No,-9,-9,-9,-9,-9,-9,-9,-9,-9,-9,-9,-9,-9,-9,-9,-9,-9,-9,-9,-9,-9,290001302751
MO,MISSOURI,2900014,HOGAN PREPARATORY ACADEMY,2743,HOGAN PREPARATORY ACADEMY,290001402743,No,Yes,3,0,0,0,0,0,0,0,46,29,0,0,3,0,52,29,0,0,3,2,290001402743
MO,MISSOURI,2900014,HOGAN PREPARATORY ACADEMY,3196,HOGAN PREPARATORY ACAD MIDDLE,290001403196,No,-9,-9,-9,-9,-9,-9,-9,-9,-9,-9,-9,-9,-9,-9,-9,-9,-9,-9,-9,-9,-9,290001403196
MO,MISSOURI,2900014,HOGAN PREPARATORY ACADEMY,3222,HOGAN PREPARATORY ACADEMY ELEM,290001403222,No,-9,-9,-9,-9,-9,-9,-9,-9,-9,-9,-9,-9,-9,-9,-9,-9,-9,-9,-9,-9,-9,290001403222
MO,MISSOURI,2900015,GORDON PARKS ELEM.,2752,GORDON PARKS ELEM.,290001502752,No,-9,-9,-9,-9,-9,-9,-9,-9,-9,-9,-9,-9,-9,-9,-9,-9,-9,-9,-9,-9,-9,290001502752
MO,MISSOURI,2900016,GENESIS SCHOOL INC.,2746,GENESIS SCHOOL INC.,290001602746,No,-9,-9,-9,-9,-9,-9,-9,-9,-9,-9,-9,-9,-9,-9,-9,-9,-9,-9,-9,-9,-9,290001602746
MO,MISSOURI,2900017,ACADEMIE LAFAYETTE,2753,Academie Lafayette - Oak,290001702753,No,-9,-9,-9,-9,-9,-9,-9,-9,-9,-9,-9,-9,-9,-9,-9,-9,-9,-9,-9,-9,-9,290001702753
MO,MISSOURI,2900017,ACADEMIE LAFAYETTE,3259,ACADEMIE LAFAYETTE-CHERRY,290001703259,No,-9,-9,-9,-9,-9,-9,-9,-9,-9,-9,-9,-9,-9,-9,-9,-9,-9,-9,-9,-9,-9,290001703259
MO,MISSOURI,2900017,ACADEMIE LAFAYETTE,3331,ACADEMIE LAFAYETTE - ARMOUR,290001703331,No,-9,-9,-9,-9,-9,-9,-9,-9,-9,-9,-9,-9,-9,-9,-9,-9,-9,-9,-9,-9,-9,290001703331
MO,MISSOURI,2900017,ACADEMIE LAFAYETTE,3394,ACADEMIE LAFAYETTE ARMOUR IHS,290001703394,No,No,-9,-9,-9,-9,-9,-9,-9,-9,-9,-9,-9,-9,-9,-9,-9,-9,-9,-9,-9,-9,290001703394
MO,MISSOURI,2900019,SCUOLA VITA NUOVA,2754,SCUOLA VITA NUOVA CHARTER,290001902754,No,-9,-9,-9,-9,-9,-9,-9,-9,-9,-9,-9,-9,-9,-9,-9,-9,-9,-9,-9,-9,-9,290001902754
MO,MISSOURI,2900020,MO SCHOOL FOR THE DEAF,3021,WHEELER HIGH,290002003021,No,No,-9,-9,-9,-9,-9,-9,-9,-9,-9,-9,-9,-9,-9,-9,-9,-9,-9,-9,-9,-9,290002003021
MO,MISSOURI,2900020,MO SCHOOL FOR THE DEAF,3022,WHEELER MIDDLE,290002003022,No,-9,-9,-9,-9,-9,-9,-9,-9,-9,-9,-9,-9,-9,-9,-9,-9,-9,-9,-9,-9,-9,290002003022
MO,MISSOURI,2900020,MO SCHOOL FOR THE DEAF,3023,STARK ELEM.,290002003023,No,-9,-9,-9,-9,-9,-9,-9,-9,-9,-9,-9,-9,-9,-9,-9,-9,-9,-9,-9,-9,-9,290002003023
MO,MISSOURI,2900021,MO SCHOOL FOR THE BLIND,3038,MO School for the Blind - HS,290002103038,No,No,-9,-9,-9,-9,-9,-9,-9,-9,-9,-9,-9,-9,-9,-9,-9,-9,-9,-9,-9,-9,290002103038
MO,MISSOURI,2900021,MO SCHOOL FOR THE BLIND,3039,MO School for the Blind - ELEM,290002103039,No,-9,-9,-9,-9,-9,-9,-9,-9,-9,-9,-9,-9,-9,-9,-9,-9,-9,-9,-9,-9,-9,290002103039
MO,MISSOURI,2900022,MO SCHLS FOR THE SEV DISABLED,3041,GREENE VALLEY SCHOOL,290002203041,No,No,-9,-9,-9,-9,-9,-9,-9,-9,-9,-9,-9,-9,-9,-9,-9,-9,-9,-9,-9,-9,290002203041
MO,MISSOURI,2900022,MO SCHLS FOR THE SEV DISABLED,3042,MAPAVILLE SCHOOL,290002203042,No,No,-9,-9,-9,-9,-9,-9,-9,-9,-9,-9,-9,-9,-9,-9,-9,-9,-9,-9,-9,-9,290002203042
MO,MISSOURI,2900022,MO SCHLS FOR THE SEV DISABLED,3043,H KENNETH KIRCHNER SCHOOL,290002203043,No,No,-9,-9,-9,-9,-9,-9,-9,-9,-9,-9,-9,-9,-9,-9,-9,-9,-9,-9,-9,-9,290002203043
MO,MISSOURI,2900022,MO SCHLS FOR THE SEV DISABLED,3044,SHADY GROVE SCHOOL,290002203044,No,No,-9,-9,-9,-9,-9,-9,-9,-9,-9,-9,-9,-9,-9,-9,-9,-9,-9,-9,-9,-9,290002203044
MO,MISSOURI,2900022,MO SCHLS FOR THE SEV DISABLED,3045,LAKEVIEW WOODS SCHOOL,290002203045,No,No,-9,-9,-9,-9,-9,-9,-9,-9,-9,-9,-9,-9,-9,-9,-9,-9,-9,-9,-9,-9,290002203045
MO,MISSOURI,2900022,MO SCHLS FOR THE SEV DISABLED,3046,BOONSLICK SCHOOL,290002203046,No,No,-9,-9,-9,-9,-9,-9,-9,-9,-9,-9,-9,-9,-9,-9,-9,-9,-9,-9,-9,-9,290002203046
MO,MISSOURI,2900022,MO SCHLS FOR THE SEV DISABLED,3047,DELMAR A COBBLE SCHOOL,290002203047,No,No,-9,-9,-9,-9,-9,-9,-9,-9,-9,-9,-9,-9,-9,-9,-9,-9,-9,-9,-9,-9,290002203047
MO,MISSOURI,2900022,MO SCHLS FOR THE SEV DISABLED,3048,MAPLE VALLEY SCHOOL,290002203048,No,No,-9,-9,-9,-9,-9,-9,-9,-9,-9,-9,-9,-9,-9,-9,-9,-9,-9,-9,-9,-9,290002203048
MO,MISSOURI,2900022,MO SCHLS FOR THE SEV DISABLED,3049,BOOTHEEL SCHOOL,290002203049,No,No,-9,-9,-9,-9,-9,-9,-9,-9,-9,-9,-9,-9,-9,-9,-9,-9,-9,-9,-9,-9,290002203049
MO,MISSOURI,2900022,MO SCHLS FOR THE SEV DISABLED,3050,PARKVIEW SCHOOL,290002203050,No,No,-9,-9,-9,-9,-9,-9,-9,-9,-9,-9,-9,-9,-9,-9,-9,-9,-9,-9,-9,-9,290002203050
MO,MISSOURI,2900022,MO SCHLS FOR THE SEV DISABLED,3052,LILLIAN SCHAPER SCHOOL,290002203052,No,No,-9,-9,-9,-9,-9,-9,-9,-9,-9,-9,-9,-9,-9,-9,-9,-9,-9,-9,-9,-9,290002203052
MO,MISSOURI,2900022,MO SCHLS FOR THE SEV DISABLED,3053,SPECIAL ACRES SCHOOL,290002203053,No,No,-9,-9,-9,-9,-9,-9,-9,-9,-9,-9,-9,-9,-9,-9,-9,-9,-9,-9,-9,-9,290002203053
MO,MISSOURI,2900022,MO SCHLS FOR THE SEV DISABLED,3054,OZARK HORIZON SCHOOL,290002203054,No,No,-9,-9,-9,-9,-9,-9,-9,-9,-9,-9,-9,-9,-9,-9,-9,-9,-9,-9,-9,-9,290002203054
MO,MISSOURI,2900022,MO SCHLS FOR THE SEV DISABLED,3055,VERELLE PENISTON SCHOOL,290002203055,No,No,-9,-9,-9,-9,-9,-9,-9,-9,-9,-9,-9,-9,-9,-9,-9,-9,-9,-9,-9,-9,290002203055
MO,MISSOURI,2900022,MO SCHLS FOR THE SEV DISABLED,3056,E W THOMPSON SCHOOL,290002203056,No,No,-9,-9,-9,-9,-9,-9,-9,-9,-9,-9,-9,-9,-9,-9,-9,-9,-9,-9,-9,-9,290002203056
MO,MISSOURI,2900022,MO SCHLS FOR THE SEV DISABLED,3057,B W ROBINSON SCHOOL,290002203057,No,No,-9,-9,-9,-9,-9,-9,-9,-9,-9,-9,-9,-9,-9,-9,-9,-9,-9,-9,-9,-9,290002203057
MO,MISSOURI,2900022,MO SCHLS FOR THE SEV DISABLED,3058,CITADEL SCHOOL,290002203058,No,No,-9,-9,-9,-9,-9,-9,-9,-9,-9,-9,-9,-9,-9,-9,-9,-9,-9,-9,-9,-9,290002203058
MO,MISSOURI,2900022,MO SCHLS FOR THE SEV DISABLED,3059,CROWLEY RIDGE SCHOOL,290002203059,No,No,-9,-9,-9,-9,-9,-9,-9,-9,-9,-9,-9,-9,-9,-9,-9,-9,-9,-9,-9,-9,290002203059
MO,MISSOURI,2900022,MO SCHLS FOR THE SEV DISABLED,3060,SKYVIEW SCHOOL,290002203060,No,No,-9,-9,-9,-9,-9,-9,-9,-9,-9,-9,-9,-9,-9,-9,-9,-9,-9,-9,-9,-9,290002203060
MO,MISSOURI,2900022,MO SCHLS FOR THE SEV DISABLED,3061,HELEN M DAVIS SCHOOL,290002203061,No,No,-9,-9,-9,-9,-9,-9,-9,-9,-9,-9,-9,-9,-9,-9,-9,-9,-9,-9,-9,-9,290002203061
MO,MISSOURI,2900022,MO SCHLS FOR THE SEV DISABLED,3062,OAKVIEW SCHOOL,290002203062,No,No,-9,-9,-9,-9,-9,-9,-9,-9,-9,-9,-9,-9,-9,-9,-9,-9,-9,-9,-9,-9,290002203062
MO,MISSOURI,2900022,MO SCHLS FOR THE SEV DISABLED,3063,MISSISSIPPI VALLEY SCHOOL,290002203063,No,No,-9,-9,-9,-9,-9,-9,-9,-9,-9,-9,-9,-9,-9,-9,-9,-9,-9,-9,-9,-9,290002203063
MO,MISSOURI,2900022,MO SCHLS FOR THE SEV DISABLED,3064,AUTUMN HILL SCHOOL,290002203064,No,No,-9,-9,-9,-9,-9,-9,-9,-9,-9,-9,-9,-9,-9,-9,-9,-9,-9,-9,-9,-9,290002203064
MO,MISSOURI,2900022,MO SCHLS FOR THE SEV DISABLED,3066,BRIARWOOD SCHOOL,290002203066,No,No,-9,-9,-9,-9,-9,-9,-9,-9,-9,-9,-9,-9,-9,-9,-9,-9,-9,-9,-9,-9,290002203066
MO,MISSOURI,2900022,MO SCHLS FOR THE SEV DISABLED,3067,COLLEGE VIEW SCHOOL,290002203067,No,No,-9,-9,-9,-9,-9,-9,-9,-9,-9,-9,-9,-9,-9,-9,-9,-9,-9,-9,-9,-9,290002203067
MO,MISSOURI,2900022,MO SCHLS FOR THE SEV DISABLED,3068,NEW DAWN SCHOOL,290002203068,No,No,-9,-9,-9,-9,-9,-9,-9,-9,-9,-9,-9,-9,-9,-9,-9,-9,-9,-9,-9,-9,290002203068
MO,MISSOURI,2900022,MO SCHLS FOR THE SEV DISABLED,3069,DOGWOOD HILLS SCHOOL,290002203069,No,No,-9,-9,-9,-9,-9,-9,-9,-9,-9,-9,-9,-9,-9,-9,-9,-9,-9,-9,-9,-9,290002203069
MO,MISSOURI,2900022,MO SCHLS FOR THE SEV DISABLED,3070,PRAIRIE VIEW SCHOOL,290002203070,No,No,-9,-9,-9,-9,-9,-9,-9,-9,-9,-9,-9,-9,-9,-9,-9,-9,-9,-9,-9,-9,290002203070
MO,MISSOURI,2900022,MO SCHLS FOR THE SEV DISABLED,3071,CURRENT RIVER SCHOOL,290002203071,No,No,-9,-9,-9,-9,-9,-9,-9,-9,-9,-9,-9,-9,-9,-9,-9,-9,-9,-9,-9,-9,290002203071
MO,MISSOURI,2900022,MO SCHLS FOR THE SEV DISABLED,3072,OZARK HILLS SCHOOL,290002203072,No,No,-9,-9,-9,-9,-9,-9,-9,-9,-9,-9,-9,-9,-9,-9,-9,-9,-9,-9,-9,-9,290002203072
MO,MISSOURI,2900022,MO SCHLS FOR THE SEV DISABLED,3073,CEDAR RIDGE SCHOOL,290002203073,No,No,-9,-9,-9,-9,-9,-9,-9,-9,-9,-9,-9,-9,-9,-9,-9,-9,-9,-9,-9,-9,290002203073
MO,MISSOURI,2900022,MO SCHLS FOR THE SEV DISABLED,3074,GATEWAY/HUBERT WHEELER SCHOOL,290002203074,No,No,-9,-9,-9,-9,-9,-9,-9,-9,-9,-9,-9,-9,-9,-9,-9,-9,-9,-9,-9,-9,290002203074
MO,MISSOURI,2900022,MO SCHLS FOR THE SEV DISABLED,3075,ROLLING MEADOW SCHOOL,290002203075,No,No,-9,-9,-9,-9,-9,-9,-9,-9,-9,-9,-9,-9,-9,-9,-9,-9,-9,-9,-9,-9,290002203075
MO,MISSOURI,2900022,MO SCHLS FOR THE SEV DISABLED,3076,DALE M THOMPSON/TRAILS WEST S,290002203076,No,No,-9,-9,-9,-9,-9,-9,-9,-9,-9,-9,-9,-9,-9,-9,-9,-9,-9,-9,-9,-9,290002203076
MO,MISSOURI,2900024,BROOKSIDE CHARTER SCH.,2838,BROOKSIDE CHARTER ELEMENTARY,290002402838,No,-9,-9,-9,-9,-9,-9,-9,-9,-9,-9,-9,-9,-9,-9,-9,-9,-9,-9,-9,-9,-9,290002402838
MO,MISSOURI,2900024,BROOKSIDE CHARTER SCH.,3184,BROOKSIDE CHARTER MIDDLE SCHL,290002403184,No,-9,-9,-9,-9,-9,-9,-9,-9,-9,-9,-9,-9,-9,-9,-9,-9,-9,-9,-9,-9,-9,290002403184
MO,MISSOURI,2900025,ALLEN VILLAGE,2748,ALLEN VILLAGE ELEMENTARY ACADEMY,290002502748,No,-9,-9,-9,-9,-9,-9,-9,-9,-9,-9,-9,-9,-9,-9,-9,-9,-9,-9,-9,-9,-9,290002502748
MO,MISSOURI,2900025,ALLEN VILLAGE,3233,ALLEN VILLAGE HIGH SCHOOL,290002503233,No,Yes,5,25,0,0,1,1,0,0,2,8,0,3,0,0,8,37,0,0,0,1,290002503233
MO,MISSOURI,2900025,ALLEN VILLAGE,3325,ALLEN VILLAGE JUNIOR ACADEMY,290002503325,No,-9,-9,-9,-9,-9,-9,-9,-9,-9,-9,-9,-9,-9,-9,-9,-9,-9,-9,-9,-9,-9,290002503325
MO,MISSOURI,2900025,ALLEN VILLAGE,3327,ALLEN VILLAGE PRIMARY ACADEMY,290002503327,No,-9,-9,-9,-9,-9,-9,-9,-9,-9,-9,-9,-9,-9,-9,-9,-9,-9,-9,-9,-9,-9,290002503327
MO,MISSOURI,2900025,ALLEN VILLAGE,3379,ALLEN VILLAGE PRESCHOOL,290002503379,No,-9,-9,-9,-9,-9,-9,-9,-9,-9,-9,-9,-9,-9,-9,-9,-9,-9,-9,-9,-9,-9,290002503379
MO,MISSOURI,2900027,UNIVERSITY ACADEMY,2808,UNIVERSITY ACADEMY-UPPER,290002702808,No,Yes,0,0,0,0,1,0,0,0,4,16,0,1,0,0,5,17,0,0,0,0,290002702808
MO,MISSOURI,2900027,UNIVERSITY ACADEMY,2914,UNIVERSITY ACADEMY-MIDDLE,290002702914,No,-9,-9,-9,-9,-9,-9,-9,-9,-9,-9,-9,-9,-9,-9,-9,-9,-9,-9,-9,-9,-9,290002702914
MO,MISSOURI,2900027,UNIVERSITY ACADEMY,2915,UNIVERSITY ACADEMY-LOWER,290002702915,No,-9,-9,-9,-9,-9,-9,-9,-9,-9,-9,-9,-9,-9,-9,-9,-9,-9,-9,-9,-9,-9,290002702915
MO,MISSOURI,2900028,LEE A. TOLBERT COM. ACADEMY,2749,LEE A. TOLBERT COM. ACADEMY,290002802749,No,-9,-9,-9,-9,-9,-9,-9,-9,-9,-9,-9,-9,-9,-9,-9,-9,-9,-9,-9,-9,-9,290002802749
MO,MISSOURI,2900029,GUADALUPE CENTERS SCHOOLS,2741,GUADALUPE CENTERS HIGH SCHOOL,290002902741,No,Yes,21,21,0,0,1,0,0,0,0,0,0,1,0,0,22,22,7,5,4,0,290002902741
MO,MISSOURI,2900029,GUADALUPE CENTERS SCHOOLS,3166,GUADALUPE CENTERS MIDDLE SCHOOL,290002903166,No,-9,-9,-9,-9,-9,-9,-9,-9,-9,-9,-9,-9,-9,-9,-9,-9,-9,-9,-9,-9,-9,290002903166
MO,MISSOURI,2900029,GUADALUPE CENTERS SCHOOLS,3216,GUADALUPE CENTERS ELEMENTARY SCHOOL,290002903216,No,-9,-9,-9,-9,-9,-9,-9,-9,-9,-9,-9,-9,-9,-9,-9,-9,-9,-9,-9,-9,-9,290002903216
MO,MISSOURI,2900031,KIPP: ENDEAVOR ACADEMY,3013,KIPP ENDEAVOR ACADEMY,290003103013,No,-9,-9,-9,-9,-9,-9,-9,-9,-9,-9,-9,-9,-9,-9,-9,-9,-9,-9,-9,-9,-9,290003103013
MO,MISSOURI,2900031,KIPP: ENDEAVOR ACADEMY,3395,KIPP KC LEGACY HIGH SCHOOL,290003103395,No,No,-9,-9,-9,-9,-9,-9,-9,-9,-9,-9,-9,-9,-9,-9,-9,-9,-9,-9,-9,-9,290003103395
MO,MISSOURI,2900574,LIFT FOR LIFE ACADEMY,2828,LIFT FOR LIFE ACADEMY,290057402828,No,-9,-9,-9,-9,-9,-9,-9,-9,-9,-9,-9,-9,-9,-9,-9,-9,-9,-9,-9,-9,-9,290057402828
MO,MISSOURI,2900574,LIFT FOR LIFE ACADEMY,3183,LIFT FOR LIFE ACADEMY HIGH SCH,290057403183,No,Yes,0,0,0,0,0,0,0,0,0,4,0,0,0,0,0,4,0,0,0,0,290057403183
MO,MISSOURI,2900574,LIFT FOR LIFE ACADEMY,3356,LIFT FOR LIFE ACADEMY ELEM.,290057403356,No,-9,-9,-9,-9,-9,-9,-9,-9,-9,-9,-9,-9,-9,-9,-9,-9,-9,-9,-9,-9,-9,290057403356
MO,MISSOURI,2900576,PREMIER CHARTER SCHOOL,2831,PREMIER CHARTER SCHOOL,290057602831,No,-9,-9,-9,-9,-9,-9,-9,-9,-9,-9,-9,-9,-9,-9,-9,-9,-9,-9,-9,-9,-9,290057602831
MO,MISSOURI,2900579,CONFLUENCE ACADEMIES,3014,ASPIRE ACADEMY,290057903014,No,-9,-9,-9,-9,-9,-9,-9,-9,-9,-9,-9,-9,-9,-9,-9,-9,-9,-9,-9,-9,-9,290057903014
MO,MISSOURI,2900579,CONFLUENCE ACADEMIES,3037,OLD NORTH ACADEMY,290057903037,No,-9,-9,-9,-9,-9,-9,-9,-9,-9,-9,-9,-9,-9,-9,-9,-9,-9,-9,-9,-9,-9,290057903037
MO,MISSOURI,2900579,CONFLUENCE ACADEMIES,3079,SOUTH CITY ACADEMY,290057903079,No,-9,-9,-9,-9,-9,-9,-9,-9,-9,-9,-9,-9,-9,-9,-9,-9,-9,-9,-9,-9,-9,290057903079
MO,MISSOURI,2900579,CONFLUENCE ACADEMIES,3102,CONFLUENCE PREPARATORY ACADEMY,290057903102,No,No,-9,-9,-9,-9,-9,-9,-9,-9,-9,-9,-9,-9,-9,-9,-9,-9,-9,-9,-9,-9,290057903102
MO,MISSOURI,2900579,CONFLUENCE ACADEMIES,3342,GRAND CENTER ARTS ACADEMY HIGH,290057903342,No,No,-9,-9,-9,-9,-9,-9,-9,-9,-9,-9,-9,-9,-9,-9,-9,-9,-9,-9,-9,-9,290057903342
MO,MISSOURI,2900579,CONFLUENCE ACADEMIES,3345,GRAND CENTER ARTS ACAD MIDDLE,290057903345,No,-9,-9,-9,-9,-9,-9,-9,-9,-9,-9,-9,-9,-9,-9,-9,-9,-9,-9,-9,-9,-9,290057903345
MO,MISSOURI,2900585,CITY GARDEN MONTESSORI,3101,CGMS Early Childhood Education Center (ECEC),290058503101,No,-9,-9,-9,-9,-9,-9,-9,-9,-9,-9,-9,-9,-9,-9,-9,-9,-9,-9,-9,-9,-9,290058503101
MO,MISSOURI,2900585,CITY GARDEN MONTESSORI,3399,CGMS Elementary and Adolescent Education Center (EAEC),290058503399,No,-9,-9,-9,-9,-9,-9,-9,-9,-9,-9,-9,-9,-9,-9,-9,-9,-9,-9,-9,-9,-9,290058503399
MO,MISSOURI,2900586,ST. LOUIS LANG IMMERSION SCH,3124,ST LOUIS LANGUAGE IMMERSION SCHOOL,290058603124,No,-9,-9,-9,-9,-9,-9,-9,-9,-9,-9,-9,-9,-9,-9,-9,-9,-9,-9,-9,-9,-9,290058603124
MO,MISSOURI,2900589,NORTH SIDE COMMUNITY SCHOOL,3142,North Side Elementary School,290058903142,No,-9,-9,-9,-9,-9,-9,-9,-9,-9,-9,-9,-9,-9,-9,-9,-9,-9,-9,-9,-9,-9,290058903142
MO,MISSOURI,2900589,NORTH SIDE COMMUNITY SCHOOL,3344,North Side Community Middle School,290058903344,No,-9,-9,-9,-9,-9,-9,-9,-9,-9,-9,-9,-9,-9,-9,-9,-9,-9,-9,-9,-9,-9,290058903344
MO,MISSOURI,2900590,FRONTIER SCHOOLS,3127,FRONTIER SCHOOL OF INNOVATION,290059003127,No,-9,-9,-9,-9,-9,-9,-9,-9,-9,-9,-9,-9,-9,-9,-9,-9,-9,-9,-9,-9,-9,290059003127
MO,MISSOURI,2900590,FRONTIER SCHOOLS,3180,FRONTIER SCHL OF EXCELLENCE-M,290059003180,No,-9,-9,-9,-9,-9,-9,-9,-9,-9,-9,-9,-9,-9,-9,-9,-9,-9,-9,-9,-9,-9,290059003180
MO,MISSOURI,2900590,FRONTIER SCHOOLS,3181,FRONTIER SCHL OF EXCELLENCE-U,290059003181,No,Yes,0,1,0,0,0,0,0,0,0,2,0,0,0,0,0,3,0,0,0,0,290059003181
MO,MISSOURI,2900590,FRONTIER SCHOOLS,3182,FRONTIER SCHL OF INNOVATION-M,290059003182,No,-9,-9,-9,-9,-9,-9,-9,-9,-9,-9,-9,-9,-9,-9,-9,-9,-9,-9,-9,-9,-9,290059003182
MO,MISSOURI,2900590,FRONTIER SCHOOLS,3232,FRONTIER STEM HIGH SCHOOL,290059003232,No,Yes,0,5,0,0,1,0,0,0,0,3,0,1,0,0,1,9,0,0,0,0,290059003232
MO,MISSOURI,2900591,KIPP ST LOUIS PUBLIC SCHOOLS,3122,KIPP INSPIRE ACADEMY,290059103122,No,-9,-9,-9,-9,-9,-9,-9,-9,-9,-9,-9,-9,-9,-9,-9,-9,-9,-9,-9,-9,-9,290059103122
MO,MISSOURI,2900591,KIPP ST LOUIS PUBLIC SCHOOLS,3245,KIPP VICTORY ACADEMY,290059103245,No,-9,-9,-9,-9,-9,-9,-9,-9,-9,-9,-9,-9,-9,-9,-9,-9,-9,-9,-9,-9,-9,290059103245
MO,MISSOURI,2900591,KIPP ST LOUIS PUBLIC SCHOOLS,3266,KIPP WISDOM ACADEMY,290059103266,No,-9,-9,-9,-9,-9,-9,-9,-9,-9,-9,-9,-9,-9,-9,-9,-9,-9,-9,-9,-9,-9,290059103266
MO,MISSOURI,2900591,KIPP ST LOUIS PUBLIC SCHOOLS,3270,KIPP TRIUMPH ACADEMY,290059103270,No,-9,-9,-9,-9,-9,-9,-9,-9,-9,-9,-9,-9,-9,-9,-9,-9,-9,-9,-9,-9,-9,290059103270
MO,MISSOURI,2900591,KIPP ST LOUIS PUBLIC SCHOOLS,3314,KIPP ST. LOUIS HIGH,290059103314,No,No,-9,-9,-9,-9,-9,-9,-9,-9,-9,-9,-9,-9,-9,-9,-9,-9,-9,-9,-9,-9,290059103314
MO,MISSOURI,2900591,KIPP ST LOUIS PUBLIC SCHOOLS,3363,KIPP WONDER ACADEMY,290059103363,No,-9,-9,-9,-9,-9,-9,-9,-9,-9,-9,-9,-9,-9,-9,-9,-9,-9,-9,-9,-9,-9,290059103363
MO,MISSOURI,2900592,GATEWAY SCIENCE ACAD/ST LOUIS,3174,GATEWAY SCIENCE ACAD/ST LOUIS,290059203174,No,-9,-9,-9,-9,-9,-9,-9,-9,-9,-9,-9,-9,-9,-9,-9,-9,-9,-9,-9,-9,-9,290059203174
MO,MISSOURI,2900592,GATEWAY SCIENCE ACAD/ST LOUIS,3205,GATEWAY SCIENCE ACADEMY HIGH,290059203205,No,Yes,1,1,0,0,1,3,0,0,0,3,12,12,0,1,14,20,3,6,0,0,290059203205
MO,MISSOURI,2900592,GATEWAY SCIENCE ACAD/ST LOUIS,3241,GATEWAY SCIENCE ACAD-SOUTH ELE,290059203241,No,-9,-9,-9,-9,-9,-9,-9,-9,-9,-9,-9,-9,-9,-9,-9,-9,-9,-9,-9,-9,-9,290059203241
MO,MISSOURI,2900592,GATEWAY SCIENCE ACAD/ST LOUIS,3244,GATEWAY SCIENCE ACADEMY MIDDLE,290059203244,No,-9,-9,-9,-9,-9,-9,-9,-9,-9,-9,-9,-9,-9,-9,-9,-9,-9,-9,-9,-9,-9,290059203244
MO,MISSOURI,2900593,DELASALLE CHARTER SCHOOL,3176,DeLaSalle Charter High School,290059303176,No,Yes,0,1,0,0,0,0,0,0,0,1,0,0,0,0,0,2,0,0,0,0,290059303176
MO,MISSOURI,2900597,EWING MARION KAUFFMAN SCHOOL,3195,Ewing Marion Kauffman Middle,290059703195,No,-9,-9,-9,-9,-9,-9,-9,-9,-9,-9,-9,-9,-9,-9,-9,-9,-9,-9,-9,-9,-9,290059703195
MO,MISSOURI,2900597,EWING MARION KAUFFMAN SCHOOL,3277,EWING MARION KAUFFMAN HIGH,290059703277,No,Yes,1,2,0,0,3,0,1,1,34,77,9,4,1,0,49,84,0,0,0,0,290059703277
MO,MISSOURI,2900601,HOPE LEADERSHIP ACADEMY,3194,HOPE LEADERSHIP ACADEMY,290060103194,No,-9,-9,-9,-9,-9,-9,-9,-9,-9,-9,-9,-9,-9,-9,-9,-9,-9,-9,-9,-9,-9,290060103194
MO,MISSOURI,2900603,CROSSROADS CHARTER SCHOOLS,3201,CROSSROADS - CENTRAL STREET,290060303201,No,-9,-9,-9,-9,-9,-9,-9,-9,-9,-9,-9,-9,-9,-9,-9,-9,-9,-9,-9,-9,-9,290060303201
MO,MISSOURI,2900603,CROSSROADS CHARTER SCHOOLS,3295,CROSSROADS - QUALITY HILL,290060303295,No,-9,-9,-9,-9,-9,-9,-9,-9,-9,-9,-9,-9,-9,-9,-9,-9,-9,-9,-9,-9,-9,290060303295
MO,MISSOURI,2900603,CROSSROADS CHARTER SCHOOLS,3311,CROSSROADS PREPARATORY ACADEMY,290060303311,No,Yes,2,14,0,0,0,3,0,0,6,14,9,10,2,3,19,44,0,1,2,1,290060303311
MO,MISSOURI,2900604,ACADEMY FOR INTEGRATED ARTS,3209,ACADEMY FOR INTEGRATED ARTS,290060403209,No,-9,-9,-9,-9,-9,-9,-9,-9,-9,-9,-9,-9,-9,-9,-9,-9,-9,-9,-9,-9,-9,290060403209
MO,MISSOURI,2900605,EAGLE COLLEGE PREP ENDEAVOR,3224,EAGLE TOWER GROVE SOUTH,290060503224,No,-9,-9,-9,-9,-9,-9,-9,-9,-9,-9,-9,-9,-9,-9,-9,-9,-9,-9,-9,-9,-9,290060503224
MO,MISSOURI,2900605,EAGLE COLLEGE PREP ENDEAVOR,3272,EAGLE FOX PARK,290060503272,No,-9,-9,-9,-9,-9,-9,-9,-9,-9,-9,-9,-9,-9,-9,-9,-9,-9,-9,-9,-9,-9,290060503272
MO,MISSOURI,2900605,EAGLE COLLEGE PREP ENDEAVOR,3299,EAGLE TOWER GROVE EAST,290060503299,No,-9,-9,-9,-9,-9,-9,-9,-9,-9,-9,-9,-9,-9,-9,-9,-9,-9,-9,-9,-9,-9,290060503299
MO,MISSOURI,2900605,EAGLE COLLEGE PREP ENDEAVOR,3304,EAGLE GRAVOIS PARK,290060503304,No,-9,-9,-9,-9,-9,-9,-9,-9,-9,-9,-9,-9,-9,-9,-9,-9,-9,-9,-9,-9,-9,290060503304
MO,MISSOURI,2900606,LAFAYETTE PREPARATORY ACADEMY,3223,LAFAYETTE PREPARATORY ACADEMY,290060603223,No,-9,-9,-9,-9,-9,-9,-9,-9,-9,-9,-9,-9,-9,-9,-9,-9,-9,-9,-9,-9,-9,290060603223
MO,MISSOURI,2900609,THE BIOME,3262,THE BIOME,290060903262,No,-9,-9,-9,-9,-9,-9,-9,-9,-9,-9,-9,-9,-9,-9,-9,-9,-9,-9,-9,-9,-9,290060903262
MO,MISSOURI,2900612,CITIZENS OF THE WORLD CHARTER,3286,Elementary School,290061203286,No,-9,-9,-9,-9,-9,-9,-9,-9,-9,-9,-9,-9,-9,-9,-9,-9,-9,-9,-9,-9,-9,290061203286
MO,MISSOURI,2900612,CITIZENS OF THE WORLD CHARTER,3365,Middle School,290061203365,No,-9,-9,-9,-9,-9,-9,-9,-9,-9,-9,-9,-9,-9,-9,-9,-9,-9,-9,-9,-9,-9,290061203365
MO,MISSOURI,2900615,KANSAS CITY GIRLS PREP ACADEMY,3364,KANSAS CITY GIRLS PREP ACADEMY - Middle School,290061503364,No,-9,-9,-9,-9,-9,-9,-9,-9,-9,-9,-9,-9,-9,-9,-9,-9,-9,-9,-9,-9,-9,290061503364
MO,MISSOURI,2900616,KAIROS ACADEMIES,3362,KAIROS ACADEMIES,290061603362,No,-9,-9,-9,-9,-9,-9,-9,-9,-9,-9,-9,-9,-9,-9,-9,-9,-9,-9,-9,-9,-9,290061603362
MO,MISSOURI,2900617,THE SOULARD SCHOOL,3360,THE SOULARD SCHOOL,290061703360,No,-9,-9,-9,-9,-9,-9,-9,-9,-9,-9,-9,-9,-9,-9,-9,-9,-9,-9,-9,-9,-9,290061703360
MO,MISSOURI,2901000,COLUMBIA 93,298,BLUE RIDGE ELEM.,290100000298,No,-9,-9,-9,-9,-9,-9,-9,-9,-9,-9,-9,-9,-9,-9,-9,-9,-9,-9,-9,-9,-9,290100000298
MO,MISSOURI,2901000,COLUMBIA 93,299,ROCK BRIDGE SR. HIGH,290100000299,No,Yes,22,18,2,2,30,37,2,1,31,34,366,335,28,24,481,451,4,5,21,9,290100000299
MO,MISSOURI,2901000,COLUMBIA 93,300,DAVID H. HICKMAN HIGH,290100000300,No,Yes,26,25,0,0,20,17,1,0,57,38,266,195,35,19,405,294,13,6,22,10,290100000300
MO,MISSOURI,2901000,COLUMBIA 93,303,FAIRVIEW ELEM.,290100000303,No,-9,-9,-9,-9,-9,-9,-9,-9,-9,-9,-9,-9,-9,-9,-9,-9,-9,-9,-9,-9,-9,290100000303
MO,MISSOURI,2901000,COLUMBIA 93,304,JEFFERSON MIDDLE SCHOOL,290100000304,No,-9,-9,-9,-9,-9,-9,-9,-9,-9,-9,-9,-9,-9,-9,-9,-9,-9,-9,-9,-9,-9,290100000304
MO,MISSOURI,2901000,COLUMBIA 93,305,JOHN RIDGEWAY ELEM.,290100000305,No,-9,-9,-9,-9,-9,-9,-9,-9,-9,-9,-9,-9,-9,-9,-9,-9,-9,-9,-9,-9,-9,290100000305
MO,MISSOURI,2901000,COLUMBIA 93,307,PARKADE ELEM.,290100000307,No,-9,-9,-9,-9,-9,-9,-9,-9,-9,-9,-9,-9,-9,-9,-9,-9,-9,-9,-9,-9,-9,290100000307
MO,MISSOURI,2901000,COLUMBIA 93,308,Locust St Expressive Arts Elem,290100000308,No,-9,-9,-9,-9,-9,-9,-9,-9,-9,-9,-9,-9,-9,-9,-9,-9,-9,-9,-9,-9,-9,290100000308
MO,MISSOURI,2901000,COLUMBIA 93,309,ROCK BRIDGE ELEM.,290100000309,No,-9,-9,-9,-9,-9,-9,-9,-9,-9,-9,-9,-9,-9,-9,-9,-9,-9,-9,-9,-9,-9,290100000309
MO,MISSOURI,2901000,COLUMBIA 93,310,RUSSELL BLVD. ELEM.,290100000310,No,-9,-9,-9,-9,-9,-9,-9,-9,-9,-9,-9,-9,-9,-9,-9,-9,-9,-9,-9,-9,-9,290100000310
MO,MISSOURI,2901000,COLUMBIA 93,312,SHEPARD BLVD. ELEM.,290100000312,No,-9,-9,-9,-9,-9,-9,-9,-9,-9,-9,-9,-9,-9,-9,-9,-9,-9,-9,-9,-9,-9,290100000312
MO,MISSOURI,2901000,COLUMBIA 93,313,THOMAS BENTON ELEM.,290100000313,No,-9,-9,-9,-9,-9,-9,-9,-9,-9,-9,-9,-9,-9,-9,-9,-9,-9,-9,-9,-9,-9,290100000313
MO,MISSOURI,2901000,COLUMBIA 93,314,TWO MILE PRAIRIE ELEM.,290100000314,No,-9,-9,-9,-9,-9,-9,-9,-9,-9,-9,-9,-9,-9,-9,-9,-9,-9,-9,-9,-9,-9,290100000314
MO,MISSOURI,2901000,COLUMBIA 93,315,ULYSSES S. GRANT ELEM.,290100000315,No,-9,-9,-9,-9,-9,-9,-9,-9,-9,-9,-9,-9,-9,-9,-9,-9,-9,-9,-9,-9,-9,290100000315
MO,MISSOURI,2901000,COLUMBIA 93,316,WEST BLVD. ELEM.,290100000316,No,-9,-9,-9,-9,-9,-9,-9,-9,-9,-9,-9,-9,-9,-9,-9,-9,-9,-9,-9,-9,-9,290100000316
MO,MISSOURI,2901000,COLUMBIA 93,317,WEST MIDDLE SCHOOL,290100000317,No,-9,-9,-9,-9,-9,-9,-9,-9,-9,-9,-9,-9,-9,-9,-9,-9,-9,-9,-9,-9,-9,290100000317
MO,MISSOURI,2901000,COLUMBIA 93,841,ANN HAWKINS GENTRY MIDDLE,290100000841,No,-9,-9,-9,-9,-9,-9,-9,-9,-9,-9,-9,-9,-9,-9,-9,-9,-9,-9,-9,-9,-9,290100000841
MO,MISSOURI,2901000,COLUMBIA 93,1142,MIDWAY HEIGHTS ELEM.,290100001142,No,-9,-9,-9,-9,-9,-9,-9,-9,-9,-9,-9,-9,-9,-9,-9,-9,-9,-9,-9,-9,-9,290100001142
MO,MISSOURI,2901000,COLUMBIA 93,1402,OAKLAND MIDDLE SCHOOL,290100001402,No,-9,-9,-9,-9,-9,-9,-9,-9,-9,-9,-9,-9,-9,-9,-9,-9,-9,-9,-9,-9,-9,290100001402
MO,MISSOURI,2901000,COLUMBIA 93,1408,SMITHTON MIDDLE,290100001408,No,-9,-9,-9,-9,-9,-9,-9,-9,-9,-9,-9,-9,-9,-9,-9,-9,-9,-9,-9,-9,-9,290100001408
MO,MISSOURI,2901000,COLUMBIA 93,1946,JOHN B. LANGE MIDDLE,290100001946,No,-9,-9,-9,-9,-9,-9,-9,-9,-9,-9,-9,-9,-9,-9,-9,-9,-9,-9,-9,-9,-9,290100001946
MO,MISSOURI,2901000,COLUMBIA 93,2279,CEDAR RIDGE ELEM.,290100002279,No,-9,-9,-9,-9,-9,-9,-9,-9,-9,-9,-9,-9,-9,-9,-9,-9,-9,-9,-9,-9,-9,290100002279
MO,MISSOURI,2901000,COLUMBIA 93,2280,NEW HAVEN ELEM.,290100002280,No,-9,-9,-9,-9,-9,-9,-9,-9,-9,-9,-9,-9,-9,-9,-9,-9,-9,-9,-9,-9,-9,290100002280
MO,MISSOURI,2901000,COLUMBIA 93,2281,FREDERICK DOUGLASS HIGH,290100002281,No,Yes,2,6,1,0,1,3,0,0,9,9,7,11,1,1,21,30,9,14,1,2,290100002281
MO,MISSOURI,2901000,COLUMBIA 93,2546,MILL CREEK ELEM.,290100002546,No,-9,-9,-9,-9,-9,-9,-9,-9,-9,-9,-9,-9,-9,-9,-9,-9,-9,-9,-9,-9,-9,290100002546
MO,MISSOURI,2901000,COLUMBIA 93,2577,JUVENILE JUSTICE CTR.,290100002577,Yes,Yes,0,0,0,0,0,0,0,0,2,0,0,0,0,0,2,0,0,0,0,0,290100002577
MO,MISSOURI,2901000,COLUMBIA 93,2665,DERBY RIDGE ELEM.,290100002665,No,-9,-9,-9,-9,-9,-9,-9,-9,-9,-9,-9,-9,-9,-9,-9,-9,-9,-9,-9,-9,-9,290100002665
MO,MISSOURI,2901000,COLUMBIA 93,2770,MARY PAXTON KEELEY ELEM.,290100002770,No,-9,-9,-9,-9,-9,-9,-9,-9,-9,-9,-9,-9,-9,-9,-9,-9,-9,-9,-9,-9,-9,290100002770
MO,MISSOURI,2901000,COLUMBIA 93,3152,ALPHA HART LEWIS,290100003152,No,-9,-9,-9,-9,-9,-9,-9,-9,-9,-9,-9,-9,-9,-9,-9,-9,-9,-9,-9,-9,-9,290100003152
MO,MISSOURI,2901000,COLUMBIA 93,3239,MURIEL W. BATTLE HIGH SCHOOL,290100003239,No,Yes,28,23,0,1,13,9,2,3,74,74,130,122,26,16,273,248,10,8,17,14,290100003239
MO,MISSOURI,2901000,COLUMBIA 93,3271,ELIOT BATTLE ELEMENTARY,290100003271,No,-9,-9,-9,-9,-9,-9,-9,-9,-9,-9,-9,-9,-9,-9,-9,-9,-9,-9,-9,-9,-9,290100003271
MO,MISSOURI,2901000,COLUMBIA 93,3287,CENTER FOR EARLY LEARNING-NORTH,290100003287,No,-9,-9,-9,-9,-9,-9,-9,-9,-9,-9,-9,-9,-9,-9,-9,-9,-9,-9,-9,-9,-9,290100003287
MO,MISSOURI,2901000,COLUMBIA 93,3292,BEULAH RALPH ELEMENTARY,290100003292,No,-9,-9,-9,-9,-9,-9,-9,-9,-9,-9,-9,-9,-9,-9,-9,-9,-9,-9,-9,-9,-9,290100003292
MO,MISSOURI,2901000,COLUMBIA 93,3374,John Warner Middle School,290100003374,No,-9,-9,-9,-9,-9,-9,-9,-9,-9,-9,-9,-9,-9,-9,-9,-9,-9,-9,-9,-9,-9,290100003374
MO,MISSOURI,2902850,ADRIAN R-III,1,ADRIAN ELEM.,290285000001,No,-9,-9,-9,-9,-9,-9,-9,-9,-9,-9,-9,-9,-9,-9,-9,-9,-9,-9,-9,-9,-9,290285000001
MO,MISSOURI,2902850,ADRIAN R-III,2,ADRIAN SR. HIGH,290285000002,No,Yes,0,0,0,0,0,0,0,0,0,0,13,20,0,0,13,20,0,0,0,0,290285000002
MO,MISSOURI,2902880,ADVANCE R-IV,3,ADVANCE ELEM.,290288000003,No,-9,-9,-9,-9,-9,-9,-9,-9,-9,-9,-9,-9,-9,-9,-9,-9,-9,-9,-9,-9,-9,290288000003
MO,MISSOURI,2902880,ADVANCE R-IV,4,ADVANCE HIGH,290288000004,No,Yes,0,0,0,0,0,0,0,0,0,0,6,10,0,0,6,10,0,0,0,0,290288000004
MO,MISSOURI,2902880,ADVANCE R-IV,3340,ADVANCE PRESCHOOL,290288003340,No,-9,-9,-9,-9,-9,-9,-9,-9,-9,-9,-9,-9,-9,-9,-9,-9,-9,-9,-9,-9,-9,290288003340
MO,MISSOURI,2902910,AFFTON 101,5,GOTSCH INTERMEDIATE SCH.,290291000005,No,-9,-9,-9,-9,-9,-9,-9,-9,-9,-9,-9,-9,-9,-9,-9,-9,-9,-9,-9,-9,-9,290291000005
MO,MISSOURI,2902910,AFFTON 101,7,MESNIER PRIMARY SCH.,290291000007,No,-9,-9,-9,-9,-9,-9,-9,-9,-9,-9,-9,-9,-9,-9,-9,-9,-9,-9,-9,-9,-9,290291000007
MO,MISSOURI,2902910,AFFTON 101,9,AFFTON HIGH,290291000009,No,Yes,0,0,0,0,0,0,0,0,0,0,0,2,0,1,0,3,0,0,0,0,290291000009
MO,MISSOURI,2902910,AFFTON 101,2461,ROGERS MIDDLE,290291002461,No,-9,-9,-9,-9,-9,-9,-9,-9,-9,-9,-9,-9,-9,-9,-9,-9,-9,-9,-9,-9,-9,290291002461
MO,MISSOURI,2902970,ALBANY R-III,10,ALBANY HIGH,290297000010,No,Yes,0,0,0,0,0,0,0,0,0,0,8,9,0,0,8,9,0,0,0,0,290297000010
MO,MISSOURI,2902970,ALBANY R-III,11,VIRGINIA E. GEORGE ELEM.,290297000011,No,-9,-9,-9,-9,-9,-9,-9,-9,-9,-9,-9,-9,-9,-9,-9,-9,-9,-9,-9,-9,-9,290297000011
MO,MISSOURI,2902970,ALBANY R-III,1478,ALBANY MIDDLE,290297001478,No,-9,-9,-9,-9,-9,-9,-9,-9,-9,-9,-9,-9,-9,-9,-9,-9,-9,-9,-9,-9,-9,290297001478
MO,MISSOURI,2903000,SANTA FE R-X,12,SANTA FE ELEM.,290300000012,No,-9,-9,-9,-9,-9,-9,-9,-9,-9,-9,-9,-9,-9,-9,-9,-9,-9,-9,-9,-9,-9,290300000012
MO,MISSOURI,2903000,SANTA FE R-X,13,SANTA FE HIGH,290300000013,No,Yes,0,1,0,0,0,0,0,0,0,0,3,8,0,0,3,9,0,0,0,0,290300000013
MO,MISSOURI,2903040,ALTENBURG 48,14,ALTENBURG ELEM.,290304000014,No,-9,-9,-9,-9,-9,-9,-9,-9,-9,-9,-9,-9,-9,-9,-9,-9,-9,-9,-9,-9,-9,290304000014
MO,MISSOURI,2903060,ALTON R-IV,15,Alton Elementary,290306000015,No,-9,-9,-9,-9,-9,-9,-9,-9,-9,-9,-9,-9,-9,-9,-9,-9,-9,-9,-9,-9,-9,290306000015
MO,MISSOURI,2903060,ALTON R-IV,16,Alton High,290306000016,No,Yes,0,0,0,0,0,0,0,0,0,0,1,7,0,0,1,7,0,0,0,0,290306000016
MO,MISSOURI,2903120,APPLETON CITY R-II,17,APPLETON CITY ELEM.,290312000017,No,-9,-9,-9,-9,-9,-9,-9,-9,-9,-9,-9,-9,-9,-9,-9,-9,-9,-9,-9,-9,-9,290312000017
MO,MISSOURI,2903120,APPLETON CITY R-II,19,APPLETON CITY HIGH,290312000019,No,No,-9,-9,-9,-9,-9,-9,-9,-9,-9,-9,-9,-9,-9,-9,-9,-9,-9,-9,-9,-9,290312000019
MO,MISSOURI,2903150,ARCADIA VALLEY R-II,21,ARCADIA VALLEY ELEM.,290315000021,No,-9,-9,-9,-9,-9,-9,-9,-9,-9,-9,-9,-9,-9,-9,-9,-9,-9,-9,-9,-9,-9,290315000021
MO,MISSOURI,2903150,ARCADIA VALLEY R-II,22,ARCADIA VALLEY HIGH,290315000022,No,Yes,0,0,0,0,0,0,0,0,1,1,15,21,0,0,16,22,0,0,3,3,290315000022
MO,MISSOURI,2903150,ARCADIA VALLEY R-II,23,ARCADIA VALLEY MIDDLE,290315000023,No,-9,-9,-9,-9,-9,-9,-9,-9,-9,-9,-9,-9,-9,-9,-9,-9,-9,-9,-9,-9,-9,290315000023
MO,MISSOURI,2903200,ARCHIE R-V,24,CASS CO. ELEM.,290320000024,No,-9,-9,-9,-9,-9,-9,-9,-9,-9,-9,-9,-9,-9,-9,-9,-9,-9,-9,-9,-9,-9,290320000024
MO,MISSOURI,2903200,ARCHIE R-V,25,ARCHIE HIGH,290320000025,No,Yes,0,1,0,0,0,0,0,0,0,0,5,28,0,0,5,29,0,0,1,2,290320000025
MO,MISSOURI,2903270,ASH GROVE R-IV,26,BOIS D'ARC ELEM.,290327000026,No,-9,-9,-9,-9,-9,-9,-9,-9,-9,-9,-9,-9,-9,-9,-9,-9,-9,-9,-9,-9,-9,290327000026
MO,MISSOURI,2903270,ASH GROVE R-IV,27,ASH GROVE ELEM.,290327000027,No,-9,-9,-9,-9,-9,-9,-9,-9,-9,-9,-9,-9,-9,-9,-9,-9,-9,-9,-9,-9,-9,290327000027
MO,MISSOURI,2903270,ASH GROVE R-IV,28,ASH GROVE HIGH,290327000028,No,Yes,0,0,0,1,0,0,0,0,0,1,22,22,0,0,22,24,0,0,0,0,290327000028
MO,MISSOURI,2903480,ATLANTA C-3,29,ATLANTA ELEM.,290348000029,No,-9,-9,-9,-9,-9,-9,-9,-9,-9,-9,-9,-9,-9,-9,-9,-9,-9,-9,-9,-9,-9,290348000029
MO,MISSOURI,2903480,ATLANTA C-3,30,ATLANTA HIGH,290348000030,No,Yes,0,0,0,0,0,0,0,0,0,0,9,13,0,0,9,13,0,0,0,0,290348000030
MO,MISSOURI,2904020,AURORA R-VIII,31,AURORA HIGH,290402000031,No,Yes,1,0,0,0,0,1,0,0,0,1,13,22,0,0,14,24,0,0,0,0,290402000031
MO,MISSOURI,2904020,AURORA R-VIII,32,PATE EARLY CHILDHOOD CTR.,290402000032,No,-9,-9,-9,-9,-9,-9,-9,-9,-9,-9,-9,-9,-9,-9,-9,-9,-9,-9,-9,-9,-9,290402000032
MO,MISSOURI,2904020,AURORA R-VIII,1517,AURORA JR. HIGH,290402001517,No,-9,-9,-9,-9,-9,-9,-9,-9,-9,-9,-9,-9,-9,-9,-9,-9,-9,-9,-9,-9,-9,290402001517
MO,MISSOURI,2904020,AURORA R-VIII,2981,ROBINSON SCHOOL,290402002981,No,-9,-9,-9,-9,-9,-9,-9,-9,-9,-9,-9,-9,-9,-9,-9,-9,-9,-9,-9,-9,-9,290402002981
MO,MISSOURI,2904050,AVA R-I,34,AVA ELEM.,290405000034,No,-9,-9,-9,-9,-9,-9,-9,-9,-9,-9,-9,-9,-9,-9,-9,-9,-9,-9,-9,-9,-9,290405000034
MO,MISSOURI,2904050,AVA R-I,36,AVA HIGH,290405000036,No,Yes,0,1,0,0,0,0,0,0,0,0,4,9,0,0,4,10,0,0,0,0,290405000036
MO,MISSOURI,2904050,AVA R-I,2548,AVA MIDDLE,290405002548,No,-9,-9,-9,-9,-9,-9,-9,-9,-9,-9,-9,-9,-9,-9,-9,-9,-9,-9,-9,-9,-9,290405002548
MO,MISSOURI,2904080,AVENUE CITY R-IX,37,AVENUE CITY ELEM.,290408000037,No,-9,-9,-9,-9,-9,-9,-9,-9,-9,-9,-9,-9,-9,-9,-9,-9,-9,-9,-9,-9,-9,290408000037
MO,MISSOURI,2904110,AVILLA R-XIII,38,AVILLA ELEM.,290411000038,No,-9,-9,-9,-9,-9,-9,-9,-9,-9,-9,-9,-9,-9,-9,-9,-9,-9,-9,-9,-9,-9,290411000038
MO,MISSOURI,2904140,BAKERSFIELD R-IV,39,BAKERSFIELD ELEM.,290414000039,No,-9,-9,-9,-9,-9,-9,-9,-9,-9,-9,-9,-9,-9,-9,-9,-9,-9,-9,-9,-9,-9,290414000039
MO,MISSOURI,2904140,BAKERSFIELD R-IV,40,BAKERSFIELD HIGH,290414000040,No,Yes,0,0,0,0,0,0,0,0,0,0,5,8,0,1,5,9,0,0,0,0,290414000040
MO,MISSOURI,2904170,BALLARD R-II,41,BALLARD ELEM.,290417000041,No,-9,-9,-9,-9,-9,-9,-9,-9,-9,-9,-9,-9,-9,-9,-9,-9,-9,-9,-9,-9,-9,290417000041
MO,MISSOURI,2904170,BALLARD R-II,42,BALLARD HIGH,290417000042,No,Yes,0,0,0,0,0,0,0,0,0,0,2,2,0,0,2,2,0,0,0,0,290417000042
MO,MISSOURI,2904500,BAYLESS,43,BAYLESS ELEMENTARY,290450000043,No,-9,-9,-9,-9,-9,-9,-9,-9,-9,-9,-9,-9,-9,-9,-9,-9,-9,-9,-9,-9,-9,290450000043
MO,MISSOURI,2904500,BAYLESS,44,BAYLESS SENIOR HIGH,290450000044,No,Yes,2,2,0,0,8,9,0,0,5,5,29,46,2,2,46,64,1,1,5,5,290450000044
MO,MISSOURI,2904500,BAYLESS,715,BAYLESS JUNIOR HIGH,290450000715,No,-9,-9,-9,-9,-9,-9,-9,-9,-9,-9,-9,-9,-9,-9,-9,-9,-9,-9,-9,-9,-9,290450000715
MO,MISSOURI,2904590,BELLEVIEW R-III,50,BELLEVIEW ELEM.,290459000050,No,-9,-9,-9,-9,-9,-9,-9,-9,-9,-9,-9,-9,-9,-9,-9,-9,-9,-9,-9,-9,-9,290459000050
MO,MISSOURI,2904620,BELTON 124,51,CAMBRIDGE ELEM.,290462000051,No,-9,-9,-9,-9,-9,-9,-9,-9,-9,-9,-9,-9,-9,-9,-9,-9,-9,-9,-9,-9,-9,290462000051
MO,MISSOURI,2904620,BELTON 124,52,GLADDEN ELEM.,290462000052,No,-9,-9,-9,-9,-9,-9,-9,-9,-9,-9,-9,-9,-9,-9,-9,-9,-9,-9,-9,-9,-9,290462000052
MO,MISSOURI,2904620,BELTON 124,53,HILLCREST STEAM ACADEMY,290462000053,No,-9,-9,-9,-9,-9,-9,-9,-9,-9,-9,-9,-9,-9,-9,-9,-9,-9,-9,-9,-9,-9,290462000053
MO,MISSOURI,2904620,BELTON 124,55,BELTON HIGH,290462000055,No,Yes,16,10,0,0,3,2,0,0,8,7,54,74,7,7,88,100,4,1,0,0,290462000055
MO,MISSOURI,2904620,BELTON 124,2724,MILL CREEK UPPER ELEM.,290462002724,No,-9,-9,-9,-9,-9,-9,-9,-9,-9,-9,-9,-9,-9,-9,-9,-9,-9,-9,-9,-9,-9,290462002724
MO,MISSOURI,2904620,BELTON 124,2725,GRACE EARLY CHILD.  ED. CTR.,290462002725,No,-9,-9,-9,-9,-9,-9,-9,-9,-9,-9,-9,-9,-9,-9,-9,-9,-9,-9,-9,-9,-9,290462002725
MO,MISSOURI,2904620,BELTON 124,2988,KENTUCKY TRAIL ELEM.,290462002988,No,-9,-9,-9,-9,-9,-9,-9,-9,-9,-9,-9,-9,-9,-9,-9,-9,-9,-9,-9,-9,-9,290462002988
MO,MISSOURI,2904620,BELTON 124,3025,BELTON MIDDLE SCHOOL,290462003025,No,-9,-9,-9,-9,-9,-9,-9,-9,-9,-9,-9,-9,-9,-9,-9,-9,-9,-9,-9,-9,-9,290462003025
MO,MISSOURI,2904890,SCOTT CO. R-IV,58,SCOTT CO. ELEM.,290489000058,No,-9,-9,-9,-9,-9,-9,-9,-9,-9,-9,-9,-9,-9,-9,-9,-9,-9,-9,-9,-9,-9,290489000058
MO,MISSOURI,2904890,SCOTT CO. R-IV,59,THOMAS W. KELLY HIGH,290489000059,No,Yes,0,0,0,0,0,0,0,0,0,1,14,20,0,0,14,21,0,0,0,3,290489000059
MO,MISSOURI,2904890,SCOTT CO. R-IV,2703,SCOTT CO. MIDDLE,290489002703,No,-9,-9,-9,-9,-9,-9,-9,-9,-9,-9,-9,-9,-9,-9,-9,-9,-9,-9,-9,-9,-9,290489002703
MO,MISSOURI,2904950,BERNIE R-XIII,60,BERNIE ELEM.,290495000060,No,-9,-9,-9,-9,-9,-9,-9,-9,-9,-9,-9,-9,-9,-9,-9,-9,-9,-9,-9,-9,-9,290495000060
MO,MISSOURI,2904950,BERNIE R-XIII,61,BERNIE HIGH,290495000061,No,Yes,0,0,0,0,0,0,0,0,0,0,8,13,0,1,8,14,0,0,0,0,290495000061
MO,MISSOURI,2904980,BEVIER C-4,62,BEVIER ELEM.,290498000062,No,-9,-9,-9,-9,-9,-9,-9,-9,-9,-9,-9,-9,-9,-9,-9,-9,-9,-9,-9,-9,-9,290498000062
MO,MISSOURI,2904980,BEVIER C-4,63,BEVIER HIGH,290498000063,No,Yes,0,0,0,0,0,0,0,0,0,0,0,5,0,0,0,5,0,0,0,0,290498000063
MO,MISSOURI,2905070,BILLINGS R-IV,65,BILLINGS ELEM.,290507000065,No,-9,-9,-9,-9,-9,-9,-9,-9,-9,-9,-9,-9,-9,-9,-9,-9,-9,-9,-9,-9,-9,290507000065
MO,MISSOURI,2905070,BILLINGS R-IV,66,BILLINGS SR. HIGH,290507000066,No,Yes,0,0,0,0,0,0,0,0,0,0,5,7,0,0,5,7,0,0,0,0,290507000066
MO,MISSOURI,2905130,BISMARCK R-V,67,BISMARCK R-V ELEM.,290513000067,No,-9,-9,-9,-9,-9,-9,-9,-9,-9,-9,-9,-9,-9,-9,-9,-9,-9,-9,-9,-9,-9,290513000067
MO,MISSOURI,2905130,BISMARCK R-V,68,BISMARCK R-V HIGH,290513000068,No,Yes,1,0,0,0,0,0,0,0,0,0,2,16,0,0,3,16,0,0,0,0,290513000068
MO,MISSOURI,2905190,BLACKWATER R-II,69,BLACKWATER ELEM.,290519000069,No,-9,-9,-9,-9,-9,-9,-9,-9,-9,-9,-9,-9,-9,-9,-9,-9,-9,-9,-9,-9,-9,290519000069
MO,MISSOURI,2905250,BLOOMFIELD R-XIV,72,BLOOMFIELD ELEM.,290525000072,No,-9,-9,-9,-9,-9,-9,-9,-9,-9,-9,-9,-9,-9,-9,-9,-9,-9,-9,-9,-9,-9,290525000072
MO,MISSOURI,2905250,BLOOMFIELD R-XIV,73,BLOOMFIELD HIGH,290525000073,No,Yes,0,0,0,0,0,0,0,0,0,0,9,18,0,0,9,18,0,0,0,0,290525000073
MO,MISSOURI,2905250,BLOOMFIELD R-XIV,2578,JUVENILE CTR.,290525002578,Yes,No,-9,-9,-9,-9,-9,-9,-9,-9,-9,-9,-9,-9,-9,-9,-9,-9,-9,-9,-9,-9,290525002578
MO,MISSOURI,2905250,BLOOMFIELD R-XIV,3104,BLOOMFIELD MIDDLE,290525003104,No,-9,-9,-9,-9,-9,-9,-9,-9,-9,-9,-9,-9,-9,-9,-9,-9,-9,-9,-9,-9,-9,290525003104
MO,MISSOURI,2905280,BLUE EYE R-V,75,BLUE EYE ELEM.,290528000075,No,-9,-9,-9,-9,-9,-9,-9,-9,-9,-9,-9,-9,-9,-9,-9,-9,-9,-9,-9,-9,-9,290528000075
MO,MISSOURI,2905280,BLUE EYE R-V,76,BLUE EYE HIGH,290528000076,No,Yes,0,0,0,0,0,0,0,0,0,0,14,26,0,0,14,26,0,0,0,0,290528000076
MO,MISSOURI,2905280,BLUE EYE R-V,1900,BLUE EYE MIDDLE,290528001900,No,-9,-9,-9,-9,-9,-9,-9,-9,-9,-9,-9,-9,-9,-9,-9,-9,-9,-9,-9,-9,-9,290528001900
MO,MISSOURI,2905310,BLUE SPRINGS R-IV,78,CORDILL-MASON ELEM.,290531000078,No,-9,-9,-9,-9,-9,-9,-9,-9,-9,-9,-9,-9,-9,-9,-9,-9,-9,-9,-9,-9,-9,290531000078
MO,MISSOURI,2905310,BLUE SPRINGS R-IV,80,FRANKLIN SMITH ELEM.,290531000080,No,-9,-9,-9,-9,-9,-9,-9,-9,-9,-9,-9,-9,-9,-9,-9,-9,-9,-9,-9,-9,-9,290531000080
MO,MISSOURI,2905310,BLUE SPRINGS R-IV,82,JAMES LEWIS ELEM.,290531000082,No,-9,-9,-9,-9,-9,-9,-9,-9,-9,-9,-9,-9,-9,-9,-9,-9,-9,-9,-9,-9,-9,290531000082
MO,MISSOURI,2905310,BLUE SPRINGS R-IV,83,JAMES WALKER ELEM.,290531000083,No,-9,-9,-9,-9,-9,-9,-9,-9,-9,-9,-9,-9,-9,-9,-9,-9,-9,-9,-9,-9,-9,290531000083
MO,MISSOURI,2905310,BLUE SPRINGS R-IV,84,JOHN NOWLIN ELEM.,290531000084,No,-9,-9,-9,-9,-9,-9,-9,-9,-9,-9,-9,-9,-9,-9,-9,-9,-9,-9,-9,-9,-9,290531000084
MO,MISSOURI,2905310,BLUE SPRINGS R-IV,85,BLUE SPRINGS HIGH,290531000085,No,Yes,27,34,0,3,9,10,1,2,24,38,212,268,20,21,293,376,0,3,6,0,290531000085
MO,MISSOURI,2905310,BLUE SPRINGS R-IV,86,THOMAS J. ULTICAN ELEM.,290531000086,No,-9,-9,-9,-9,-9,-9,-9,-9,-9,-9,-9,-9,-9,-9,-9,-9,-9,-9,-9,-9,-9,290531000086
MO,MISSOURI,2905310,BLUE SPRINGS R-IV,87,WILLIAM YATES ELEM.,290531000087,No,-9,-9,-9,-9,-9,-9,-9,-9,-9,-9,-9,-9,-9,-9,-9,-9,-9,-9,-9,-9,-9,290531000087
MO,MISSOURI,2905310,BLUE SPRINGS R-IV,170,BLUE SPRINGS SOUTH HIGH,290531000170,No,Yes,21,24,1,1,12,15,0,1,14,25,225,316,19,24,292,406,0,2,8,3,290531000170
MO,MISSOURI,2905310,BLUE SPRINGS R-IV,200,VALLEY VIEW HIGH,290531000200,No,No,-9,-9,-9,-9,-9,-9,-9,-9,-9,-9,-9,-9,-9,-9,-9,-9,-9,-9,-9,-9,290531000200
MO,MISSOURI,2905310,BLUE SPRINGS R-IV,270,LIGGETT TRAIL EDUCATION CENTER,290531000270,No,No,-9,-9,-9,-9,-9,-9,-9,-9,-9,-9,-9,-9,-9,-9,-9,-9,-9,-9,-9,-9,290531000270
MO,MISSOURI,2905310,BLUE SPRINGS R-IV,943,BRITTANY HILL MIDDLE,290531000943,No,-9,-9,-9,-9,-9,-9,-9,-9,-9,-9,-9,-9,-9,-9,-9,-9,-9,-9,-9,-9,-9,290531000943
MO,MISSOURI,2905310,BLUE SPRINGS R-IV,1706,MORELAND RIDGE MIDDLE,290531001706,No,-9,-9,-9,-9,-9,-9,-9,-9,-9,-9,-9,-9,-9,-9,-9,-9,-9,-9,-9,-9,-9,290531001706
MO,MISSOURI,2905310,BLUE SPRINGS R-IV,2367,DANIEL YOUNG ELEM.,290531002367,No,-9,-9,-9,-9,-9,-9,-9,-9,-9,-9,-9,-9,-9,-9,-9,-9,-9,-9,-9,-9,-9,290531002367
MO,MISSOURI,2905310,BLUE SPRINGS R-IV,2488,WILLIAM BRYANT ELEM.,290531002488,No,-9,-9,-9,-9,-9,-9,-9,-9,-9,-9,-9,-9,-9,-9,-9,-9,-9,-9,-9,-9,-9,290531002488
MO,MISSOURI,2905310,BLUE SPRINGS R-IV,2549,LUCY FRANKLIN ELEM.,290531002549,No,-9,-9,-9,-9,-9,-9,-9,-9,-9,-9,-9,-9,-9,-9,-9,-9,-9,-9,-9,-9,-9,290531002549
MO,MISSOURI,2905310,BLUE SPRINGS R-IV,2682,CHAPEL LAKES ELEM.,290531002682,No,-9,-9,-9,-9,-9,-9,-9,-9,-9,-9,-9,-9,-9,-9,-9,-9,-9,-9,-9,-9,-9,290531002682
MO,MISSOURI,2905310,BLUE SPRINGS R-IV,2735,BLUE SPRINGS HIGH SCHOOL CAMPU,290531002735,No,No,-9,-9,-9,-9,-9,-9,-9,-9,-9,-9,-9,-9,-9,-9,-9,-9,-9,-9,-9,-9,290531002735
MO,MISSOURI,2905310,BLUE SPRINGS R-IV,2736,DELTA WOODS MIDDLE,290531002736,No,-9,-9,-9,-9,-9,-9,-9,-9,-9,-9,-9,-9,-9,-9,-9,-9,-9,-9,-9,-9,-9,290531002736
MO,MISSOURI,2905310,BLUE SPRINGS R-IV,2737,SUNNY POINTE ELEM.,290531002737,No,-9,-9,-9,-9,-9,-9,-9,-9,-9,-9,-9,-9,-9,-9,-9,-9,-9,-9,-9,-9,-9,290531002737
MO,MISSOURI,2905310,BLUE SPRINGS R-IV,2835,PAUL KINDER MIDDLE SCHOOL,290531002835,No,-9,-9,-9,-9,-9,-9,-9,-9,-9,-9,-9,-9,-9,-9,-9,-9,-9,-9,-9,-9,-9,290531002835
MO,MISSOURI,2905310,BLUE SPRINGS R-IV,2836,VOY SPEARS JR. ELEM.,290531002836,No,-9,-9,-9,-9,-9,-9,-9,-9,-9,-9,-9,-9,-9,-9,-9,-9,-9,-9,-9,-9,-9,290531002836
MO,MISSOURI,2905370,BOLIVAR R-I,90,BOLIVAR PRIMARY,290537000090,No,-9,-9,-9,-9,-9,-9,-9,-9,-9,-9,-9,-9,-9,-9,-9,-9,-9,-9,-9,-9,-9,290537000090
MO,MISSOURI,2905370,BOLIVAR R-I,92,BOLIVAR HIGH,290537000092,No,Yes,0,0,0,0,1,2,0,0,0,1,67,69,6,3,74,75,0,0,0,0,290537000092
MO,MISSOURI,2905370,BOLIVAR R-I,1535,BOLIVAR INTERMEDIATE SCH.,290537001535,No,-9,-9,-9,-9,-9,-9,-9,-9,-9,-9,-9,-9,-9,-9,-9,-9,-9,-9,-9,-9,-9,290537001535
MO,MISSOURI,2905370,BOLIVAR R-I,2423,BOLIVAR MIDDLE,290537002423,No,-9,-9,-9,-9,-9,-9,-9,-9,-9,-9,-9,-9,-9,-9,-9,-9,-9,-9,-9,-9,-9,290537002423
MO,MISSOURI,2905370,BOLIVAR R-I,3385,EARLY CHILDHOOD LEARNING CNTR,290537003385,No,-9,-9,-9,-9,-9,-9,-9,-9,-9,-9,-9,-9,-9,-9,-9,-9,-9,-9,-9,-9,-9,290537003385
MO,MISSOURI,2905370,BOLIVAR R-I,99995,BOLIVAR EXTENSION SCHOOL (BEC),290537099995,No,No,-9,-9,-9,-9,-9,-9,-9,-9,-9,-9,-9,-9,-9,-9,-9,-9,-9,-9,-9,-9,290537099995
MO,MISSOURI,2905370,BOLIVAR R-I,99997,BOLIVAR GIRL'S HOME (STEPS),290537099997,No,No,-9,-9,-9,-9,-9,-9,-9,-9,-9,-9,-9,-9,-9,-9,-9,-9,-9,-9,-9,-9,290537099997
MO,MISSOURI,2905370,BOLIVAR R-I,99998,BOLIVAR BOY'S GROUP HOME (HOOPS),290537099998,No,No,-9,-9,-9,-9,-9,-9,-9,-9,-9,-9,-9,-9,-9,-9,-9,-9,-9,-9,-9,-9,290537099998
MO,MISSOURI,2905370,BOLIVAR R-I,99999,BOLIVAR ALTERNATIVE SCHOOL (BRIDGES),290537099999,No,No,-9,-9,-9,-9,-9,-9,-9,-9,-9,-9,-9,-9,-9,-9,-9,-9,-9,-9,-9,-9,290537099999
MO,MISSOURI,2905400,BONCL R-X,94,BONCL Elem.,290540000094,No,-9,-9,-9,-9,-9,-9,-9,-9,-9,-9,-9,-9,-9,-9,-9,-9,-9,-9,-9,-9,-9,290540000094
MO,MISSOURI,2905430,NORTH ST. FRANCOIS CO. R-I,95,INTERMEDIATE SCH.,290543000095,No,-9,-9,-9,-9,-9,-9,-9,-9,-9,-9,-9,-9,-9,-9,-9,-9,-9,-9,-9,-9,-9,290543000095
MO,MISSOURI,2905430,NORTH ST. FRANCOIS CO. R-I,96,NORTH COUNTY PARKSIDE ELEM.,290543000096,No,-9,-9,-9,-9,-9,-9,-9,-9,-9,-9,-9,-9,-9,-9,-9,-9,-9,-9,-9,-9,-9,290543000096
MO,MISSOURI,2905430,NORTH ST. FRANCOIS CO. R-I,99,NORTH COUNTY PRIMARY,290543000099,No,-9,-9,-9,-9,-9,-9,-9,-9,-9,-9,-9,-9,-9,-9,-9,-9,-9,-9,-9,-9,-9,290543000099
MO,MISSOURI,2905430,NORTH ST. FRANCOIS CO. R-I,100,NORTH CO. SR. HIGH,290543000100,No,Yes,0,0,0,0,0,0,0,0,0,0,38,74,0,0,38,74,0,0,0,0,290543000100
MO,MISSOURI,2905430,NORTH ST. FRANCOIS CO. R-I,645,NORTH CO. MIDDLE,290543000645,No,-9,-9,-9,-9,-9,-9,-9,-9,-9,-9,-9,-9,-9,-9,-9,-9,-9,-9,-9,-9,-9,290543000645
MO,MISSOURI,2905580,BOONVILLE R-I,102,HANNAH COLE PRIMARY,290558000102,No,-9,-9,-9,-9,-9,-9,-9,-9,-9,-9,-9,-9,-9,-9,-9,-9,-9,-9,-9,-9,-9,290558000102
MO,MISSOURI,2905580,BOONVILLE R-I,103,DAVID BARTON ELEM.,290558000103,No,-9,-9,-9,-9,-9,-9,-9,-9,-9,-9,-9,-9,-9,-9,-9,-9,-9,-9,-9,-9,-9,290558000103
MO,MISSOURI,2905580,BOONVILLE R-I,104,BOONVILLE HIGH,290558000104,No,Yes,0,0,0,0,0,1,0,0,2,1,32,55,0,0,34,57,0,1,0,0,290558000104
MO,MISSOURI,2905580,BOONVILLE R-I,105,LAURA SPEED ELLIOTT MIDDLE,290558000105,No,-9,-9,-9,-9,-9,-9,-9,-9,-9,-9,-9,-9,-9,-9,-9,-9,-9,-9,-9,-9,-9,290558000105
MO,MISSOURI,2905610,BOSWORTH R-V,106,BOSWORTH ELEM.,290561000106,No,-9,-9,-9,-9,-9,-9,-9,-9,-9,-9,-9,-9,-9,-9,-9,-9,-9,-9,-9,-9,-9,290561000106
MO,MISSOURI,2905610,BOSWORTH R-V,107,BOSWORTH HIGH,290561000107,No,No,-9,-9,-9,-9,-9,-9,-9,-9,-9,-9,-9,-9,-9,-9,-9,-9,-9,-9,-9,-9,290561000107
MO,MISSOURI,2905640,CRAWFORD CO. R-I,108,BOURBON ELEMENTARY SCHOOL,290564000108,No,No,-9,-9,-9,-9,-9,-9,-9,-9,-9,-9,-9,-9,-9,-9,-9,-9,-9,-9,-9,-9,290564000108
MO,MISSOURI,2905640,CRAWFORD CO. R-I,109,BOURBON HIGH SCHOOL,290564000109,No,Yes,0,0,0,0,0,0,0,0,0,1,8,10,0,0,8,11,0,0,0,0,290564000109
MO,MISSOURI,2905640,CRAWFORD CO. R-I,1699,BOURBON MIDDLE SCHOOL,290564001699,No,-9,-9,-9,-9,-9,-9,-9,-9,-9,-9,-9,-9,-9,-9,-9,-9,-9,-9,-9,-9,-9,290564001699
MO,MISSOURI,2905660,BOWLING GREEN R-I,112,BOWLING GREEN ELEM.,290566000112,No,-9,-9,-9,-9,-9,-9,-9,-9,-9,-9,-9,-9,-9,-9,-9,-9,-9,-9,-9,-9,-9,290566000112
MO,MISSOURI,2905660,BOWLING GREEN R-I,114,FRANKFORD ELEM.,290566000114,No,-9,-9,-9,-9,-9,-9,-9,-9,-9,-9,-9,-9,-9,-9,-9,-9,-9,-9,-9,-9,-9,290566000114
MO,MISSOURI,2905660,BOWLING GREEN R-I,115,BOWLING GREEN HIGH,290566000115,No,Yes,1,0,0,0,0,0,0,0,0,0,16,28,1,2,18,30,0,0,0,0,290566000115
MO,MISSOURI,2905660,BOWLING GREEN R-I,601,BOWLING GREEN MIDDLE,290566000601,No,-9,-9,-9,-9,-9,-9,-9,-9,-9,-9,-9,-9,-9,-9,-9,-9,-9,-9,-9,-9,-9,290566000601
MO,MISSOURI,2905700,BRADLEYVILLE R-I,117,BRADLEYVILLE ELEM.,290570000117,No,-9,-9,-9,-9,-9,-9,-9,-9,-9,-9,-9,-9,-9,-9,-9,-9,-9,-9,-9,-9,-9,290570000117
MO,MISSOURI,2905700,BRADLEYVILLE R-I,118,BRADLEYVILLE HIGH,290570000118,No,Yes,0,0,0,0,0,0,0,0,0,0,1,3,0,0,1,3,0,0,0,0,290570000118
MO,MISSOURI,2905730,DELTA C-7,119,DELTA C-7 ELEM.,290573000119,No,-9,-9,-9,-9,-9,-9,-9,-9,-9,-9,-9,-9,-9,-9,-9,-9,-9,-9,-9,-9,-9,290573000119
MO,MISSOURI,2905730,DELTA C-7,120,DELTA C-7 HIGH,290573000120,No,Yes,0,0,0,0,0,0,0,0,0,1,0,1,0,0,0,2,0,0,0,0,290573000120
MO,MISSOURI,2905760,BRANSON R-IV,122,BRANSON HIGH,290576000122,No,Yes,4,7,0,0,4,4,0,0,0,2,61,67,1,4,70,84,0,2,0,0,290576000122
MO,MISSOURI,2905760,BRANSON R-IV,123,BRANSON JR. HIGH,290576000123,No,-9,-9,-9,-9,-9,-9,-9,-9,-9,-9,-9,-9,-9,-9,-9,-9,-9,-9,-9,-9,-9,290576000123
MO,MISSOURI,2905760,BRANSON R-IV,2462,CEDAR RIDGE ELEMENTARY,290576002462,No,-9,-9,-9,-9,-9,-9,-9,-9,-9,-9,-9,-9,-9,-9,-9,-9,-9,-9,-9,-9,-9,290576002462
MO,MISSOURI,2905760,BRANSON R-IV,2706,CEDAR RIDGE PRIMARY,290576002706,No,-9,-9,-9,-9,-9,-9,-9,-9,-9,-9,-9,-9,-9,-9,-9,-9,-9,-9,-9,-9,-9,290576002706
MO,MISSOURI,2905760,BRANSON R-IV,2851,BUCHANAN INTERMEDIATE,290576002851,No,-9,-9,-9,-9,-9,-9,-9,-9,-9,-9,-9,-9,-9,-9,-9,-9,-9,-9,-9,-9,-9,290576002851
MO,MISSOURI,2905760,BRANSON R-IV,3235,CEDAR RIDGE INTERMEDIATE,290576003235,No,-9,-9,-9,-9,-9,-9,-9,-9,-9,-9,-9,-9,-9,-9,-9,-9,-9,-9,-9,-9,-9,290576003235
MO,MISSOURI,2905760,BRANSON R-IV,3237,BUCHANAN ELEMENTARY,290576003237,No,-9,-9,-9,-9,-9,-9,-9,-9,-9,-9,-9,-9,-9,-9,-9,-9,-9,-9,-9,-9,-9,290576003237
MO,MISSOURI,2905790,ADAIR CO. R-II,124,ADAIR CO. ELEM.,290579000124,No,-9,-9,-9,-9,-9,-9,-9,-9,-9,-9,-9,-9,-9,-9,-9,-9,-9,-9,-9,-9,-9,290579000124
MO,MISSOURI,2905790,ADAIR CO. R-II,125,ADAIR CO. HIGH,290579000125,No,Yes,0,0,0,0,0,0,0,0,0,0,5,4,0,0,5,4,0,0,0,0,290579000125
MO,MISSOURI,2905820,BRAYMER C-4,126,BRAYMER ELEM.,290582000126,No,-9,-9,-9,-9,-9,-9,-9,-9,-9,-9,-9,-9,-9,-9,-9,-9,-9,-9,-9,-9,-9,290582000126
MO,MISSOURI,2905820,BRAYMER C-4,127,BRAYMER HIGH,290582000127,No,Yes,0,0,0,0,0,0,0,0,0,0,0,0,0,0,0,0,0,0,0,0,290582000127
MO,MISSOURI,2905850,BRECKENRIDGE R-I,128,BRECKENRIDGE ELEM.,290585000128,No,-9,-9,-9,-9,-9,-9,-9,-9,-9,-9,-9,-9,-9,-9,-9,-9,-9,-9,-9,-9,-9,290585000128
MO,MISSOURI,2905850,BRECKENRIDGE R-I,129,BRECKENRIDGE HIGH,290585000129,No,No,-9,-9,-9,-9,-9,-9,-9,-9,-9,-9,-9,-9,-9,-9,-9,-9,-9,-9,-9,-9,290585000129
MO,MISSOURI,2905880,BRENTWOOD,131,BRENTWOOD HIGH,290588000131,No,Yes,3,3,0,0,2,3,0,0,2,5,23,14,1,1,31,26,0,0,4,0,290588000131
MO,MISSOURI,2905880,BRENTWOOD,132,MARK TWAIN ELEM.,290588000132,No,-9,-9,-9,-9,-9,-9,-9,-9,-9,-9,-9,-9,-9,-9,-9,-9,-9,-9,-9,-9,-9,290588000132
MO,MISSOURI,2905880,BRENTWOOD,133,MCGRATH ELEM.,290588000133,No,-9,-9,-9,-9,-9,-9,-9,-9,-9,-9,-9,-9,-9,-9,-9,-9,-9,-9,-9,-9,-9,290588000133
MO,MISSOURI,2905880,BRENTWOOD,1113,BRENTWOOD MIDDLE,290588001113,No,-9,-9,-9,-9,-9,-9,-9,-9,-9,-9,-9,-9,-9,-9,-9,-9,-9,-9,-9,-9,-9,290588001113
MO,MISSOURI,2905880,BRENTWOOD,3190,BRENTWOOD EARLY CHILDHD CENTER,290588003190,No,-9,-9,-9,-9,-9,-9,-9,-9,-9,-9,-9,-9,-9,-9,-9,-9,-9,-9,-9,-9,-9,290588003190
MO,MISSOURI,2905910,BRONAUGH R-VII,134,BRONAUGH ELEM.,290591000134,No,-9,-9,-9,-9,-9,-9,-9,-9,-9,-9,-9,-9,-9,-9,-9,-9,-9,-9,-9,-9,-9,290591000134
MO,MISSOURI,2905910,BRONAUGH R-VII,135,BRONAUGH HIGH,290591000135,No,Yes,0,0,0,0,0,0,0,0,0,0,2,7,0,0,2,7,0,0,0,0,290591000135
MO,MISSOURI,2905940,BROOKFIELD R-III,136,LINN CO AREA CAREER  TECH CTR,290594000136,No,No,-9,-9,-9,-9,-9,-9,-9,-9,-9,-9,-9,-9,-9,-9,-9,-9,-9,-9,-9,-9,290594000136
MO,MISSOURI,2905940,BROOKFIELD R-III,137,BROOKFIELD ELEM.,290594000137,No,-9,-9,-9,-9,-9,-9,-9,-9,-9,-9,-9,-9,-9,-9,-9,-9,-9,-9,-9,-9,-9,290594000137
MO,MISSOURI,2905940,BROOKFIELD R-III,139,BROOKFIELD HIGH,290594000139,No,Yes,0,2,0,0,0,0,0,0,1,2,18,40,0,0,19,44,0,1,1,0,290594000139
MO,MISSOURI,2905940,BROOKFIELD R-III,2272,BROOKFIELD MIDDLE,290594002272,No,-9,-9,-9,-9,-9,-9,-9,-9,-9,-9,-9,-9,-9,-9,-9,-9,-9,-9,-9,-9,-9,290594002272
MO,MISSOURI,2906000,LINN CO. R-I,142,LINN CO. ELEM.,290600000142,No,-9,-9,-9,-9,-9,-9,-9,-9,-9,-9,-9,-9,-9,-9,-9,-9,-9,-9,-9,-9,-9,290600000142
MO,MISSOURI,2906000,LINN CO. R-I,143,LINN CO. HIGH,290600000143,No,Yes,0,0,0,0,0,0,0,0,0,0,1,0,0,0,1,0,0,0,0,0,290600000143
MO,MISSOURI,2906030,BRUNSWICK R-II,144,BRUNSWICK ELEM.,290603000144,No,-9,-9,-9,-9,-9,-9,-9,-9,-9,-9,-9,-9,-9,-9,-9,-9,-9,-9,-9,-9,-9,290603000144
MO,MISSOURI,2906030,BRUNSWICK R-II,145,BRUNSWICK HIGH,290603000145,No,Yes,0,0,0,0,0,0,0,0,0,0,1,12,0,2,1,14,0,0,0,0,290603000145
MO,MISSOURI,2906090,BUCKLIN R-II,146,BUCKLIN ELEM.,290609000146,No,-9,-9,-9,-9,-9,-9,-9,-9,-9,-9,-9,-9,-9,-9,-9,-9,-9,-9,-9,-9,-9,290609000146
MO,MISSOURI,2906090,BUCKLIN R-II,147,BUCKLIN HIGH,290609000147,No,No,-9,-9,-9,-9,-9,-9,-9,-9,-9,-9,-9,-9,-9,-9,-9,-9,-9,-9,-9,-9,290609000147
MO,MISSOURI,2906120,DALLAS CO. R-I,148,DALLAS COUNTY TECHNICAL CENTER,290612000148,No,Yes,0,0,0,0,0,0,0,0,0,0,0,2,0,0,0,2,0,0,0,0,290612000148
MO,MISSOURI,2906120,DALLAS CO. R-I,149,BUFFALO HIGH,290612000149,No,Yes,0,1,0,0,0,2,0,0,0,0,10,12,0,0,10,15,0,1,0,0,290612000149
MO,MISSOURI,2906120,DALLAS CO. R-I,150,MALLORY ELEM.,290612000150,No,-9,-9,-9,-9,-9,-9,-9,-9,-9,-9,-9,-9,-9,-9,-9,-9,-9,-9,-9,-9,-9,290612000150
MO,MISSOURI,2906120,DALLAS CO. R-I,858,BUFFALO MIDDLE,290612000858,No,-9,-9,-9,-9,-9,-9,-9,-9,-9,-9,-9,-9,-9,-9,-9,-9,-9,-9,-9,-9,-9,290612000858
MO,MISSOURI,2906150,COOPER CO. R-IV,153,BUNCETON ELEM.,290615000153,No,Yes,0,0,0,0,0,0,0,0,0,0,1,4,0,0,1,4,0,0,0,0,290615000153
MO,MISSOURI,2906150,COOPER CO. R-IV,154,BUNCETON HIGH,290615000154,No,Yes,0,0,0,0,0,0,0,0,0,0,2,2,0,1,2,3,0,0,0,0,290615000154
MO,MISSOURI,2906170,BUNKER R-III,155,BUNKER ELEM.,290617000155,No,-9,-9,-9,-9,-9,-9,-9,-9,-9,-9,-9,-9,-9,-9,-9,-9,-9,-9,-9,-9,-9,290617000155
MO,MISSOURI,2906170,BUNKER R-III,156,BUNKER HIGH,290617000156,No,Yes,0,0,0,0,0,0,0,0,0,1,4,6,0,0,4,7,0,0,0,0,290617000156
MO,MISSOURI,2906360,BUTLER R-V,157,BUTLER ELEM.,290636000157,No,-9,-9,-9,-9,-9,-9,-9,-9,-9,-9,-9,-9,-9,-9,-9,-9,-9,-9,-9,-9,-9,290636000157
MO,MISSOURI,2906360,BUTLER R-V,158,BUTLER HIGH,290636000158,No,Yes,0,0,0,0,0,0,0,0,0,0,16,24,1,0,17,24,0,0,0,0,290636000158
MO,MISSOURI,2906360,BUTLER R-V,3308,BUTLER EARLY CHILDHOOD,290636003308,No,-9,-9,-9,-9,-9,-9,-9,-9,-9,-9,-9,-9,-9,-9,-9,-9,-9,-9,-9,-9,-9,290636003308
MO,MISSOURI,2906430,CABOOL R-IV,160,CABOOL ELEM.,290643000160,No,-9,-9,-9,-9,-9,-9,-9,-9,-9,-9,-9,-9,-9,-9,-9,-9,-9,-9,-9,-9,-9,290643000160
MO,MISSOURI,2906430,CABOOL R-IV,161,CABOOL HIGH,290643000161,No,Yes,0,0,0,0,0,0,0,0,0,0,4,13,0,0,4,13,0,0,0,0,290643000161
MO,MISSOURI,2906430,CABOOL R-IV,2424,CABOOL MIDDLE,290643002424,No,-9,-9,-9,-9,-9,-9,-9,-9,-9,-9,-9,-9,-9,-9,-9,-9,-9,-9,-9,-9,-9,290643002424
MO,MISSOURI,2906450,CAINSVILLE R-I,163,CAINSVILLE ELEM.,290645000163,No,-9,-9,-9,-9,-9,-9,-9,-9,-9,-9,-9,-9,-9,-9,-9,-9,-9,-9,-9,-9,-9,290645000163
MO,MISSOURI,2906450,CAINSVILLE R-I,164,CAINSVILLE HIGH,290645000164,No,Yes,0,0,0,0,0,0,0,0,0,0,0,1,0,0,0,1,0,0,0,0,290645000164
MO,MISSOURI,2906480,CALHOUN R-VIII,165,CALHOUN ELEM.,290648000165,No,-9,-9,-9,-9,-9,-9,-9,-9,-9,-9,-9,-9,-9,-9,-9,-9,-9,-9,-9,-9,-9,290648000165
MO,MISSOURI,2906480,CALHOUN R-VIII,166,CALHOUN HIGH,290648000166,No,No,-9,-9,-9,-9,-9,-9,-9,-9,-9,-9,-9,-9,-9,-9,-9,-9,-9,-9,-9,-9,290648000166
MO,MISSOURI,2906510,MONITEAU CO. R-I,167,CALIFORNIA ELEM.,290651000167,No,-9,-9,-9,-9,-9,-9,-9,-9,-9,-9,-9,-9,-9,-9,-9,-9,-9,-9,-9,-9,-9,290651000167
MO,MISSOURI,2906510,MONITEAU CO. R-I,168,CALIFORNIA HIGH,290651000168,No,Yes,0,1,0,0,0,0,0,0,0,0,12,16,0,3,12,20,0,0,0,0,290651000168
MO,MISSOURI,2906510,MONITEAU CO. R-I,1522,CALIFORNIA MIDDLE,290651001522,No,-9,-9,-9,-9,-9,-9,-9,-9,-9,-9,-9,-9,-9,-9,-9,-9,-9,-9,-9,-9,-9,290651001522
MO,MISSOURI,2906540,CALLAO C-8,169,CALLAO ELEM.,290654000169,No,-9,-9,-9,-9,-9,-9,-9,-9,-9,-9,-9,-9,-9,-9,-9,-9,-9,-9,-9,-9,-9,290654000169
MO,MISSOURI,2906990,CAMDENTON R-III,171,DOGWOOD ELEMENTARY,290699000171,No,-9,-9,-9,-9,-9,-9,-9,-9,-9,-9,-9,-9,-9,-9,-9,-9,-9,-9,-9,-9,-9,290699000171
MO,MISSOURI,2906990,CAMDENTON R-III,172,HURRICANE DECK ELEMENTARY,290699000172,No,-9,-9,-9,-9,-9,-9,-9,-9,-9,-9,-9,-9,-9,-9,-9,-9,-9,-9,-9,-9,-9,290699000172
MO,MISSOURI,2906990,CAMDENTON R-III,173,CAMDENTON MIDDLE,290699000173,No,-9,-9,-9,-9,-9,-9,-9,-9,-9,-9,-9,-9,-9,-9,-9,-9,-9,-9,-9,-9,-9,290699000173
MO,MISSOURI,2906990,CAMDENTON R-III,174,OSAGE BEACH ELEMENTARY,290699000174,No,-9,-9,-9,-9,-9,-9,-9,-9,-9,-9,-9,-9,-9,-9,-9,-9,-9,-9,-9,-9,-9,290699000174
MO,MISSOURI,2906990,CAMDENTON R-III,175,CAMDENTON HIGH,290699000175,No,Yes,4,6,0,0,0,1,0,0,0,0,35,74,2,1,41,82,0,0,0,0,290699000175
MO,MISSOURI,2906990,CAMDENTON R-III,2273,LAKE CAREER  TECHNICAL CENTER,290699002273,No,Yes,3,4,0,1,0,1,0,0,1,1,62,64,3,2,69,73,0,0,17,1,290699002273
MO,MISSOURI,2906990,CAMDENTON R-III,2580,OAK RIDGE INTERMEDIATE,290699002580,No,-9,-9,-9,-9,-9,-9,-9,-9,-9,-9,-9,-9,-9,-9,-9,-9,-9,-9,-9,-9,-9,290699002580
MO,MISSOURI,2906990,CAMDENTON R-III,2983,HAWTHORN ELEMENTARY,290699002983,No,-9,-9,-9,-9,-9,-9,-9,-9,-9,-9,-9,-9,-9,-9,-9,-9,-9,-9,-9,-9,-9,290699002983
MO,MISSOURI,2907020,CAMERON R-I,176,CAMERON HIGH,290702000176,No,Yes,0,0,0,0,0,1,0,0,0,0,14,36,0,2,14,39,0,0,0,0,290702000176
MO,MISSOURI,2907020,CAMERON R-I,177,CAMERON VETERANS MIDDLE,290702000177,No,-9,-9,-9,-9,-9,-9,-9,-9,-9,-9,-9,-9,-9,-9,-9,-9,-9,-9,-9,-9,-9,290702000177
MO,MISSOURI,2907020,CAMERON R-I,178,PARKVIEW ELEM.,290702000178,No,-9,-9,-9,-9,-9,-9,-9,-9,-9,-9,-9,-9,-9,-9,-9,-9,-9,-9,-9,-9,-9,290702000178
MO,MISSOURI,2907020,CAMERON R-I,3267,CAMERON INTERMEDIATE SCHOOL,290702003267,No,-9,-9,-9,-9,-9,-9,-9,-9,-9,-9,-9,-9,-9,-9,-9,-9,-9,-9,-9,-9,-9,290702003267
MO,MISSOURI,2907050,CAMPBELL R-II,179,CAMPBELL ELEM.,290705000179,No,-9,-9,-9,-9,-9,-9,-9,-9,-9,-9,-9,-9,-9,-9,-9,-9,-9,-9,-9,-9,-9,290705000179
MO,MISSOURI,2907050,CAMPBELL R-II,180,CAMPBELL HIGH,290705000180,No,Yes,0,0,0,0,0,0,0,0,0,0,1,12,0,0,1,12,0,0,0,0,290705000180
MO,MISSOURI,2907080,CANTON R-V,181,CANTON ELEM.,290708000181,No,-9,-9,-9,-9,-9,-9,-9,-9,-9,-9,-9,-9,-9,-9,-9,-9,-9,-9,-9,-9,-9,290708000181
MO,MISSOURI,2907080,CANTON R-V,182,CANTON HIGH,290708000182,No,Yes,0,0,0,0,0,0,0,0,0,1,28,25,0,0,28,26,0,0,0,0,290708000182
MO,MISSOURI,2907120,CAPE GIRARDEAU 63,184,ALMA SCHRADER ELEM.,290712000184,No,-9,-9,-9,-9,-9,-9,-9,-9,-9,-9,-9,-9,-9,-9,-9,-9,-9,-9,-9,-9,-9,290712000184
MO,MISSOURI,2907120,CAPE GIRARDEAU 63,185,CENTRAL JR. HIGH,290712000185,No,-9,-9,-9,-9,-9,-9,-9,-9,-9,-9,-9,-9,-9,-9,-9,-9,-9,-9,-9,-9,-9,290712000185
MO,MISSOURI,2907120,CAPE GIRARDEAU 63,186,CENTRAL HIGH,290712000186,No,Yes,0,7,0,0,1,2,0,0,0,6,38,69,1,1,40,85,0,1,3,2,290712000186
MO,MISSOURI,2907120,CAPE GIRARDEAU 63,187,FRANKLIN ELEM.,290712000187,No,-9,-9,-9,-9,-9,-9,-9,-9,-9,-9,-9,-9,-9,-9,-9,-9,-9,-9,-9,-9,-9,290712000187
MO,MISSOURI,2907120,CAPE GIRARDEAU 63,188,CLIPPARD ELEM.,290712000188,No,-9,-9,-9,-9,-9,-9,-9,-9,-9,-9,-9,-9,-9,-9,-9,-9,-9,-9,-9,-9,-9,290712000188
MO,MISSOURI,2907120,CAPE GIRARDEAU 63,189,JEFFERSON ELEM.,290712000189,No,-9,-9,-9,-9,-9,-9,-9,-9,-9,-9,-9,-9,-9,-9,-9,-9,-9,-9,-9,-9,-9,290712000189
MO,MISSOURI,2907120,CAPE GIRARDEAU 63,192,CAPE GIRARDEAU CAR  TECH CTR.,290712000192,No,No,-9,-9,-9,-9,-9,-9,-9,-9,-9,-9,-9,-9,-9,-9,-9,-9,-9,-9,-9,-9,290712000192
MO,MISSOURI,2907120,CAPE GIRARDEAU 63,2722,BLANCHARD ELEM.,290712002722,No,-9,-9,-9,-9,-9,-9,-9,-9,-9,-9,-9,-9,-9,-9,-9,-9,-9,-9,-9,-9,-9,290712002722
MO,MISSOURI,2907120,CAPE GIRARDEAU 63,2798,CENTRAL MIDDLE,290712002798,No,-9,-9,-9,-9,-9,-9,-9,-9,-9,-9,-9,-9,-9,-9,-9,-9,-9,-9,-9,-9,-9,290712002798
MO,MISSOURI,2907120,CAPE GIRARDEAU 63,99998,Early Childhood Center,290712099998,No,-9,-9,-9,-9,-9,-9,-9,-9,-9,-9,-9,-9,-9,-9,-9,-9,-9,-9,-9,-9,-9,290712099998
MO,MISSOURI,2907120,CAPE GIRARDEAU 63,99999,Central Academy,290712099999,No,No,-9,-9,-9,-9,-9,-9,-9,-9,-9,-9,-9,-9,-9,-9,-9,-9,-9,-9,-9,-9,290712099999
MO,MISSOURI,2907320,NELL HOLCOMB R-IV,194,NELL HOLCOMB ELEM.,290732000194,No,-9,-9,-9,-9,-9,-9,-9,-9,-9,-9,-9,-9,-9,-9,-9,-9,-9,-9,-9,-9,-9,290732000194
MO,MISSOURI,2907350,CARL JUNCTION R-I,196,Carl Junction Intermediate,290735000196,No,-9,-9,-9,-9,-9,-9,-9,-9,-9,-9,-9,-9,-9,-9,-9,-9,-9,-9,-9,-9,-9,290735000196
MO,MISSOURI,2907350,CARL JUNCTION R-I,197,Carl Junction Primary 2-3,290735000197,No,-9,-9,-9,-9,-9,-9,-9,-9,-9,-9,-9,-9,-9,-9,-9,-9,-9,-9,-9,-9,-9,290735000197
MO,MISSOURI,2907350,CARL JUNCTION R-I,198,Carl Junction High School,290735000198,No,Yes,2,14,3,2,3,7,0,0,0,2,90,138,3,7,101,170,0,0,9,7,290735000198
MO,MISSOURI,2907350,CARL JUNCTION R-I,199,Carl Junction Jr. High,290735000199,No,-9,-9,-9,-9,-9,-9,-9,-9,-9,-9,-9,-9,-9,-9,-9,-9,-9,-9,-9,-9,-9,290735000199
MO,MISSOURI,2907350,CARL JUNCTION R-I,2582,Carl Junction Satellite School,290735002582,No,No,-9,-9,-9,-9,-9,-9,-9,-9,-9,-9,-9,-9,-9,-9,-9,-9,-9,-9,-9,-9,290735002582
MO,MISSOURI,2907350,CARL JUNCTION R-I,2811,Carl Junction Primary K-1,290735002811,No,-9,-9,-9,-9,-9,-9,-9,-9,-9,-9,-9,-9,-9,-9,-9,-9,-9,-9,-9,-9,-9,290735002811
MO,MISSOURI,2907380,CARROLLTON R-VII,202,CARROLLTON SENIOR HIGH,290738000202,No,Yes,2,2,0,0,0,0,0,0,2,1,25,36,4,2,33,41,0,0,6,9,290738000202
MO,MISSOURI,2907380,CARROLLTON R-VII,311,MIDDLE SCHOOL,290738000311,No,-9,-9,-9,-9,-9,-9,-9,-9,-9,-9,-9,-9,-9,-9,-9,-9,-9,-9,-9,-9,-9,290738000311
MO,MISSOURI,2907380,CARROLLTON R-VII,3129,CARROLLTON ELEMENTARY SCHOOL,290738003129,No,-9,-9,-9,-9,-9,-9,-9,-9,-9,-9,-9,-9,-9,-9,-9,-9,-9,-9,-9,-9,-9,290738003129
MO,MISSOURI,2907460,CARTHAGE R-IX,204,COLUMBIAN ELEM.,290746000204,No,-9,-9,-9,-9,-9,-9,-9,-9,-9,-9,-9,-9,-9,-9,-9,-9,-9,-9,-9,-9,-9,290746000204
MO,MISSOURI,2907460,CARTHAGE R-IX,206,FAIRVIEW ELEM.,290746000206,No,-9,-9,-9,-9,-9,-9,-9,-9,-9,-9,-9,-9,-9,-9,-9,-9,-9,-9,-9,-9,-9,290746000206
MO,MISSOURI,2907460,CARTHAGE R-IX,208,CARTHAGE JR. HIGH,290746000208,No,-9,-9,-9,-9,-9,-9,-9,-9,-9,-9,-9,-9,-9,-9,-9,-9,-9,-9,-9,-9,-9,290746000208
MO,MISSOURI,2907460,CARTHAGE R-IX,209,MARK TWAIN ELEM.,290746000209,No,-9,-9,-9,-9,-9,-9,-9,-9,-9,-9,-9,-9,-9,-9,-9,-9,-9,-9,-9,-9,-9,290746000209
MO,MISSOURI,2907460,CARTHAGE R-IX,210,PLEASANT VALLEY ELEM.,290746000210,No,-9,-9,-9,-9,-9,-9,-9,-9,-9,-9,-9,-9,-9,-9,-9,-9,-9,-9,-9,-9,-9,290746000210
MO,MISSOURI,2907460,CARTHAGE R-IX,211,CARTHAGE HIGH SCHOOL,290746000211,No,Yes,32,43,0,0,0,0,0,1,0,1,51,77,2,1,85,123,10,12,5,7,290746000211
MO,MISSOURI,2907460,CARTHAGE R-IX,1980,STEADLEY ELEM.,290746001980,No,-9,-9,-9,-9,-9,-9,-9,-9,-9,-9,-9,-9,-9,-9,-9,-9,-9,-9,-9,-9,-9,290746001980
MO,MISSOURI,2907460,CARTHAGE R-IX,2275,CARTHAGE TECHNICAL CTR.,290746002275,No,No,-9,-9,-9,-9,-9,-9,-9,-9,-9,-9,-9,-9,-9,-9,-9,-9,-9,-9,-9,-9,290746002275
MO,MISSOURI,2907460,CARTHAGE R-IX,3110,CARTHAGE INTERMEDIATE CENTER,290746003110,No,-9,-9,-9,-9,-9,-9,-9,-9,-9,-9,-9,-9,-9,-9,-9,-9,-9,-9,-9,-9,-9,290746003110
MO,MISSOURI,2907460,CARTHAGE R-IX,3243,EARLY CHILDHOOD AND PAT CENTER,290746003243,No,-9,-9,-9,-9,-9,-9,-9,-9,-9,-9,-9,-9,-9,-9,-9,-9,-9,-9,-9,-9,-9,290746003243
MO,MISSOURI,2907460,CARTHAGE R-IX,3380,Carthage 6th Grade Center,290746003380,No,-9,-9,-9,-9,-9,-9,-9,-9,-9,-9,-9,-9,-9,-9,-9,-9,-9,-9,-9,-9,-9,290746003380
MO,MISSOURI,2907470,CARUTHERSVILLE 18,214,CARUTHERSVILLE HIGH,290747000214,No,Yes,1,0,0,0,0,0,0,0,2,4,8,23,0,3,11,30,1,0,0,0,290747000214
MO,MISSOURI,2907470,CARUTHERSVILLE 18,216,CARUTHERSVILLE ELEMENTARY,290747000216,No,-9,-9,-9,-9,-9,-9,-9,-9,-9,-9,-9,-9,-9,-9,-9,-9,-9,-9,-9,-9,-9,290747000216
MO,MISSOURI,2907470,CARUTHERSVILLE 18,1023,CARUTHERSVILLE MIDDLE,290747001023,No,-9,-9,-9,-9,-9,-9,-9,-9,-9,-9,-9,-9,-9,-9,-9,-9,-9,-9,-9,-9,-9,290747001023
MO,MISSOURI,2908170,CASSVILLE R-IV,217,EUNICE THOMAS ELEM.,290817000217,No,-9,-9,-9,-9,-9,-9,-9,-9,-9,-9,-9,-9,-9,-9,-9,-9,-9,-9,-9,-9,-9,290817000217
MO,MISSOURI,2908170,CASSVILLE R-IV,219,CASSVILLE HIGH,290817000219,No,Yes,0,3,0,0,0,0,0,0,0,0,6,13,0,0,6,16,0,0,0,0,290817000219
MO,MISSOURI,2908170,CASSVILLE R-IV,2425,CASSVILLE MIDDLE,290817002425,No,-9,-9,-9,-9,-9,-9,-9,-9,-9,-9,-9,-9,-9,-9,-9,-9,-9,-9,-9,-9,-9,290817002425
MO,MISSOURI,2908170,CASSVILLE R-IV,2718,CASSVILLE INTERMEDIATE,290817002718,No,-9,-9,-9,-9,-9,-9,-9,-9,-9,-9,-9,-9,-9,-9,-9,-9,-9,-9,-9,-9,-9,290817002718
MO,MISSOURI,2908250,CENTER 58,223,BOONE ELEM.,290825000223,No,-9,-9,-9,-9,-9,-9,-9,-9,-9,-9,-9,-9,-9,-9,-9,-9,-9,-9,-9,-9,-9,290825000223
MO,MISSOURI,2908250,CENTER 58,224,CENTER ELEM.,290825000224,No,-9,-9,-9,-9,-9,-9,-9,-9,-9,-9,-9,-9,-9,-9,-9,-9,-9,-9,-9,-9,-9,290825000224
MO,MISSOURI,2908250,CENTER 58,225,CENTER SR. HIGH,290825000225,No,Yes,7,14,0,0,1,1,0,0,25,46,10,16,7,6,50,83,3,7,1,5,290825000225
MO,MISSOURI,2908250,CENTER 58,226,INDIAN CREEK ELEM.,290825000226,No,-9,-9,-9,-9,-9,-9,-9,-9,-9,-9,-9,-9,-9,-9,-9,-9,-9,-9,-9,-9,-9,290825000226
MO,MISSOURI,2908250,CENTER 58,228,RED BRIDGE ELEM.,290825000228,No,-9,-9,-9,-9,-9,-9,-9,-9,-9,-9,-9,-9,-9,-9,-9,-9,-9,-9,-9,-9,-9,290825000228
MO,MISSOURI,2908250,CENTER 58,230,CENTER MIDDLE,290825000230,No,-9,-9,-9,-9,-9,-9,-9,-9,-9,-9,-9,-9,-9,-9,-9,-9,-9,-9,-9,-9,-9,290825000230
MO,MISSOURI,2908250,CENTER 58,2755,YELLOW JACKET EARLY LEARNING,290825002755,No,-9,-9,-9,-9,-9,-9,-9,-9,-9,-9,-9,-9,-9,-9,-9,-9,-9,-9,-9,-9,-9,290825002755
MO,MISSOURI,2908250,CENTER 58,2810,CENTER ALTERNATIVE,290825002810,No,No,-9,-9,-9,-9,-9,-9,-9,-9,-9,-9,-9,-9,-9,-9,-9,-9,-9,-9,-9,-9,290825002810
MO,MISSOURI,2908320,JOHNSON CO. R-VII,231,CREST RIDGE ELEM.,290832000231,No,-9,-9,-9,-9,-9,-9,-9,-9,-9,-9,-9,-9,-9,-9,-9,-9,-9,-9,-9,-9,-9,290832000231
MO,MISSOURI,2908320,JOHNSON CO. R-VII,2276,CREST RIDGE HIGH,290832002276,No,Yes,0,0,0,0,0,0,0,0,0,0,0,0,0,0,0,0,0,0,0,0,290832002276
MO,MISSOURI,2908340,CENTERVILLE R-I,232,CENTERVILLE ELEM.,290834000232,No,-9,-9,-9,-9,-9,-9,-9,-9,-9,-9,-9,-9,-9,-9,-9,-9,-9,-9,-9,-9,-9,290834000232
MO,MISSOURI,2908370,FT. ZUMWALT R-II,234,FOREST PARK ELEM.,290837000234,No,-9,-9,-9,-9,-9,-9,-9,-9,-9,-9,-9,-9,-9,-9,-9,-9,-9,-9,-9,-9,-9,290837000234
MO,MISSOURI,2908370,FT. ZUMWALT R-II,235,JOSEPH L. MUDD ELEM.,290837000235,No,-9,-9,-9,-9,-9,-9,-9,-9,-9,-9,-9,-9,-9,-9,-9,-9,-9,-9,-9,-9,-9,290837000235
MO,MISSOURI,2908370,FT. ZUMWALT R-II,236,LEWIS  CLARK ELEM.,290837000236,No,-9,-9,-9,-9,-9,-9,-9,-9,-9,-9,-9,-9,-9,-9,-9,-9,-9,-9,-9,-9,-9,290837000236
MO,MISSOURI,2908370,FT. ZUMWALT R-II,237,MOUNT HOPE ELEM.,290837000237,No,-9,-9,-9,-9,-9,-9,-9,-9,-9,-9,-9,-9,-9,-9,-9,-9,-9,-9,-9,-9,-9,290837000237
MO,MISSOURI,2908370,FT. ZUMWALT R-II,238,PROGRESS SOUTH ELEM.,290837000238,No,-9,-9,-9,-9,-9,-9,-9,-9,-9,-9,-9,-9,-9,-9,-9,-9,-9,-9,-9,-9,-9,290837000238
MO,MISSOURI,2908370,FT. ZUMWALT R-II,239,FT. ZUMWALT NORTH HIGH,290837000239,No,Yes,0,4,0,0,0,2,0,0,3,3,51,106,1,2,55,117,0,0,3,2,290837000239
MO,MISSOURI,2908370,FT. ZUMWALT R-II,241,ST. PETERS ELEM.,290837000241,No,-9,-9,-9,-9,-9,-9,-9,-9,-9,-9,-9,-9,-9,-9,-9,-9,-9,-9,-9,-9,-9,290837000241
MO,MISSOURI,2908370,FT. ZUMWALT R-II,619,TWIN CHIMNEYS ELEM.,290837000619,No,-9,-9,-9,-9,-9,-9,-9,-9,-9,-9,-9,-9,-9,-9,-9,-9,-9,-9,-9,-9,-9,290837000619
MO,MISSOURI,2908370,FT. ZUMWALT R-II,1539,DR. BERNARD J. DUBRAY MIDDLE,290837001539,No,-9,-9,-9,-9,-9,-9,-9,-9,-9,-9,-9,-9,-9,-9,-9,-9,-9,-9,-9,-9,-9,290837001539
MO,MISSOURI,2908370,FT. ZUMWALT R-II,1883,ROCK CREEK ELEM.,290837001883,No,-9,-9,-9,-9,-9,-9,-9,-9,-9,-9,-9,-9,-9,-9,-9,-9,-9,-9,-9,-9,-9,290837001883
MO,MISSOURI,2908370,FT. ZUMWALT R-II,2038,MID RIVERS ELEM.,290837002038,No,-9,-9,-9,-9,-9,-9,-9,-9,-9,-9,-9,-9,-9,-9,-9,-9,-9,-9,-9,-9,-9,290837002038
MO,MISSOURI,2908370,FT. ZUMWALT R-II,2369,HAWTHORN ELEM.,290837002369,No,-9,-9,-9,-9,-9,-9,-9,-9,-9,-9,-9,-9,-9,-9,-9,-9,-9,-9,-9,-9,-9,290837002369
MO,MISSOURI,2908370,FT. ZUMWALT R-II,2427,FT. ZUMWALT SOUTH MIDDLE,290837002427,No,-9,-9,-9,-9,-9,-9,-9,-9,-9,-9,-9,-9,-9,-9,-9,-9,-9,-9,-9,-9,-9,290837002427
MO,MISSOURI,2908370,FT. ZUMWALT R-II,2490,FT. ZUMWALT SOUTH HIGH,290837002490,No,Yes,0,3,0,1,7,12,1,0,3,2,77,107,2,1,90,126,0,0,0,2,290837002490
MO,MISSOURI,2908370,FT. ZUMWALT R-II,2491,FT. ZUMWALT NORTH MIDDLE,290837002491,No,-9,-9,-9,-9,-9,-9,-9,-9,-9,-9,-9,-9,-9,-9,-9,-9,-9,-9,-9,-9,-9,290837002491
MO,MISSOURI,2908370,FT. ZUMWALT R-II,2492,DARDENNE ELEM.,290837002492,No,-9,-9,-9,-9,-9,-9,-9,-9,-9,-9,-9,-9,-9,-9,-9,-9,-9,-9,-9,-9,-9,290837002492
MO,MISSOURI,2908370,FT. ZUMWALT R-II,2624,FT. ZUMWALT WEST HIGH,290837002624,No,Yes,3,11,0,0,7,11,0,0,5,2,139,164,3,12,157,200,0,2,3,2,290837002624
MO,MISSOURI,2908370,FT. ZUMWALT R-II,2697,PHEASANT POINT ELEM.,290837002697,No,-9,-9,-9,-9,-9,-9,-9,-9,-9,-9,-9,-9,-9,-9,-9,-9,-9,-9,-9,-9,-9,290837002697
MO,MISSOURI,2908370,FT. ZUMWALT R-II,2782,FT. ZUWMALT WEST MIDDLE,290837002782,No,-9,-9,-9,-9,-9,-9,-9,-9,-9,-9,-9,-9,-9,-9,-9,-9,-9,-9,-9,-9,-9,290837002782
MO,MISSOURI,2908370,FT. ZUMWALT R-II,2783,WESTHOFF ELEM.,290837002783,No,-9,-9,-9,-9,-9,-9,-9,-9,-9,-9,-9,-9,-9,-9,-9,-9,-9,-9,-9,-9,-9,290837002783
MO,MISSOURI,2908370,FT. ZUMWALT R-II,2821,FT. ZUMWALT HOPE HIGH,290837002821,No,No,-9,-9,-9,-9,-9,-9,-9,-9,-9,-9,-9,-9,-9,-9,-9,-9,-9,-9,-9,-9,290837002821
MO,MISSOURI,2908370,FT. ZUMWALT R-II,2842,EMGE ELEM.,290837002842,No,-9,-9,-9,-9,-9,-9,-9,-9,-9,-9,-9,-9,-9,-9,-9,-9,-9,-9,-9,-9,-9,290837002842
MO,MISSOURI,2908370,FT. ZUMWALT R-II,2843,OSTMANN ELEM.,290837002843,No,-9,-9,-9,-9,-9,-9,-9,-9,-9,-9,-9,-9,-9,-9,-9,-9,-9,-9,-9,-9,-9,290837002843
MO,MISSOURI,2908370,FT. ZUMWALT R-II,2978,FT. ZUMWALT EAST HIGH,290837002978,No,Yes,2,2,0,0,3,3,0,0,1,6,68,77,6,4,80,92,1,0,2,1,290837002978
MO,MISSOURI,2908370,FT. ZUMWALT R-II,3282,MIKE CLEMENS CENTER ADAPT LRNG,290837003282,No,No,-9,-9,-9,-9,-9,-9,-9,-9,-9,-9,-9,-9,-9,-9,-9,-9,-9,-9,-9,-9,290837003282
MO,MISSOURI,2908370,FT. ZUMWALT R-II,3289,FLINT HILL ELEMENTARY,290837003289,No,-9,-9,-9,-9,-9,-9,-9,-9,-9,-9,-9,-9,-9,-9,-9,-9,-9,-9,-9,-9,-9,290837003289
MO,MISSOURI,2908370,FT. ZUMWALT R-II,3315,EARLY CHILDHOOD CENTER,290837003315,No,-9,-9,-9,-9,-9,-9,-9,-9,-9,-9,-9,-9,-9,-9,-9,-9,-9,-9,-9,-9,-9,290837003315
MO,MISSOURI,2908400,CENTRALIA R-VI,242,CHANCE ELEM.,290840000242,No,-9,-9,-9,-9,-9,-9,-9,-9,-9,-9,-9,-9,-9,-9,-9,-9,-9,-9,-9,-9,-9,290840000242
MO,MISSOURI,2908400,CENTRALIA R-VI,243,CHESTER BOREN MIDDLE,290840000243,No,-9,-9,-9,-9,-9,-9,-9,-9,-9,-9,-9,-9,-9,-9,-9,-9,-9,-9,-9,-9,-9,290840000243
MO,MISSOURI,2908400,CENTRALIA R-VI,244,CENTRALIA HIGH,290840000244,No,Yes,0,0,0,0,0,0,0,0,0,0,36,65,2,3,38,68,0,0,3,3,290840000244
MO,MISSOURI,2908400,CENTRALIA R-VI,3092,CENTRALIA INTERMEDIATE,290840003092,No,-9,-9,-9,-9,-9,-9,-9,-9,-9,-9,-9,-9,-9,-9,-9,-9,-9,-9,-9,-9,-9,290840003092
MO,MISSOURI,2908430,CHADWICK R-I,245,CHADWICK ELEMENTARY,290843000245,No,Yes,0,0,0,0,0,0,0,0,0,0,0,6,0,0,0,6,0,0,0,0,290843000245
MO,MISSOURI,2908430,CHADWICK R-I,246,CHADWICK HIGH,290843000246,No,Yes,0,0,0,0,0,0,0,0,0,0,0,6,0,0,0,6,0,0,0,0,290843000246
MO,MISSOURI,2908460,CHAFFEE R-II,247,CHAFFEE ELEM.,290846000247,No,-9,-9,-9,-9,-9,-9,-9,-9,-9,-9,-9,-9,-9,-9,-9,-9,-9,-9,-9,-9,-9,290846000247
MO,MISSOURI,2908460,CHAFFEE R-II,248,CHAFFEE JR.-SR. HIGH,290846000248,No,Yes,0,0,0,0,0,0,0,0,0,0,8,5,0,0,8,5,0,0,0,0,290846000248
MO,MISSOURI,2908490,OSAGE CO. R-I,249,OSAGE CO. ELEM.,290849000249,No,-9,-9,-9,-9,-9,-9,-9,-9,-9,-9,-9,-9,-9,-9,-9,-9,-9,-9,-9,-9,-9,290849000249
MO,MISSOURI,2908490,OSAGE CO. R-I,250,CHAMOIS HIGH,290849000250,No,Yes,0,0,0,0,0,0,0,0,0,0,3,3,0,0,3,3,0,0,0,0,290849000250
MO,MISSOURI,2908490,OSAGE CO. R-I,99999,Osage Co. R-I Preschool,290849099999,No,-9,-9,-9,-9,-9,-9,-9,-9,-9,-9,-9,-9,-9,-9,-9,-9,-9,-9,-9,-9,-9,290849099999
MO,MISSOURI,2908670,CHARLESTON R-I,254,CHARLESTON HIGH,290867000254,No,Yes,0,0,0,0,0,0,0,0,0,2,7,1,0,0,7,3,0,0,0,0,290867000254
MO,MISSOURI,2908670,CHARLESTON R-I,255,WARREN E. HEARNES ELEM.,290867000255,No,-9,-9,-9,-9,-9,-9,-9,-9,-9,-9,-9,-9,-9,-9,-9,-9,-9,-9,-9,-9,-9,290867000255
MO,MISSOURI,2908670,CHARLESTON R-I,1780,CHARLESTON MIDDLE,290867001780,No,-9,-9,-9,-9,-9,-9,-9,-9,-9,-9,-9,-9,-9,-9,-9,-9,-9,-9,-9,-9,-9,290867001780
MO,MISSOURI,2908730,CHILHOWEE R-IV,256,CHILHOWEE ELEM.,290873000256,No,-9,-9,-9,-9,-9,-9,-9,-9,-9,-9,-9,-9,-9,-9,-9,-9,-9,-9,-9,-9,-9,290873000256
MO,MISSOURI,2908730,CHILHOWEE R-IV,257,CHILHOWEE HIGH,290873000257,No,Yes,0,0,0,0,0,0,0,0,0,0,2,9,0,0,2,9,0,0,0,0,290873000257
MO,MISSOURI,2908760,CHILLICOTHE R-II,258,GRAND RIVER TECHNICAL SCH.,290876000258,No,Yes,0,0,0,0,0,0,0,0,0,0,3,2,0,0,3,2,0,0,0,0,290876000258
MO,MISSOURI,2908760,CHILLICOTHE R-II,259,DEWEY ELEMENTARY,290876000259,No,-9,-9,-9,-9,-9,-9,-9,-9,-9,-9,-9,-9,-9,-9,-9,-9,-9,-9,-9,-9,-9,290876000259
MO,MISSOURI,2908760,CHILLICOTHE R-II,261,CHILLICOTHE ELEM,290876000261,No,-9,-9,-9,-9,-9,-9,-9,-9,-9,-9,-9,-9,-9,-9,-9,-9,-9,-9,-9,-9,-9,290876000261
MO,MISSOURI,2908760,CHILLICOTHE R-II,262,FIELD ELEM.,290876000262,No,-9,-9,-9,-9,-9,-9,-9,-9,-9,-9,-9,-9,-9,-9,-9,-9,-9,-9,-9,-9,-9,290876000262
MO,MISSOURI,2908760,CHILLICOTHE R-II,264,CHILLICOTHE HIGH,290876000264,No,Yes,0,0,0,0,0,0,0,0,0,1,33,48,0,0,33,49,0,0,0,0,290876000264
MO,MISSOURI,2908760,CHILLICOTHE R-II,2815,CHILLICOTHE MIDDLE,290876002815,No,-9,-9,-9,-9,-9,-9,-9,-9,-9,-9,-9,-9,-9,-9,-9,-9,-9,-9,-9,-9,-9,290876002815
MO,MISSOURI,2908790,LIVINGSTON CO. R-III,265,LIVINGSTON CO. ELEM.,290879000265,No,-9,-9,-9,-9,-9,-9,-9,-9,-9,-9,-9,-9,-9,-9,-9,-9,-9,-9,-9,-9,-9,290879000265
MO,MISSOURI,2909090,CLARKSBURG C-2,267,CLARKSBURG ELEM.,290909000267,No,-9,-9,-9,-9,-9,-9,-9,-9,-9,-9,-9,-9,-9,-9,-9,-9,-9,-9,-9,-9,-9,290909000267
MO,MISSOURI,2909120,CLARKTON C-4,268,CLARKTON ELEM.,290912000268,No,-9,-9,-9,-9,-9,-9,-9,-9,-9,-9,-9,-9,-9,-9,-9,-9,-9,-9,-9,-9,-9,290912000268
MO,MISSOURI,2909120,CLARKTON C-4,269,CLARKTON HIGH,290912000269,No,Yes,1,1,0,0,0,0,0,0,0,0,2,3,0,1,3,5,0,0,0,0,290912000269
MO,MISSOURI,2909720,CLAYTON,271,GLENRIDGE ELEM.,290972000271,No,-9,-9,-9,-9,-9,-9,-9,-9,-9,-9,-9,-9,-9,-9,-9,-9,-9,-9,-9,-9,-9,290972000271
MO,MISSOURI,2909720,CLAYTON,273,MERAMEC ELEM.,290972000273,No,-9,-9,-9,-9,-9,-9,-9,-9,-9,-9,-9,-9,-9,-9,-9,-9,-9,-9,-9,-9,-9,290972000273
MO,MISSOURI,2909720,CLAYTON,274,RALPH M. CAPTAIN ELEM.,290972000274,No,-9,-9,-9,-9,-9,-9,-9,-9,-9,-9,-9,-9,-9,-9,-9,-9,-9,-9,-9,-9,-9,290972000274
MO,MISSOURI,2909720,CLAYTON,275,CLAYTON HIGH,290972000275,No,Yes,0,1,0,0,0,0,0,0,0,2,0,3,0,0,0,6,0,0,0,0,290972000275
MO,MISSOURI,2909720,CLAYTON,2583,FAMILY CTR.,290972002583,No,-9,-9,-9,-9,-9,-9,-9,-9,-9,-9,-9,-9,-9,-9,-9,-9,-9,-9,-9,-9,-9,290972002583
MO,MISSOURI,2909720,CLAYTON,2584,WYDOWN MIDDLE,290972002584,No,-9,-9,-9,-9,-9,-9,-9,-9,-9,-9,-9,-9,-9,-9,-9,-9,-9,-9,-9,-9,-9,290972002584
MO,MISSOURI,2909750,CLEARWATER R-I,277,CLEARWATER HIGH,290975000277,No,Yes,0,1,1,0,0,0,0,0,0,0,4,18,0,0,5,19,0,0,0,0,290975000277
MO,MISSOURI,2909750,CLEARWATER R-I,280,CLEARWATER ELEMENTARY,290975000280,No,-9,-9,-9,-9,-9,-9,-9,-9,-9,-9,-9,-9,-9,-9,-9,-9,-9,-9,-9,-9,-9,290975000280
MO,MISSOURI,2909750,CLEARWATER R-I,1904,CLEARWATER MIDDLE,290975001904,No,-9,-9,-9,-9,-9,-9,-9,-9,-9,-9,-9,-9,-9,-9,-9,-9,-9,-9,-9,-9,-9,290975001904
MO,MISSOURI,2909780,CLEVER R-V,281,CLEVER ELEM.,290978000281,No,-9,-9,-9,-9,-9,-9,-9,-9,-9,-9,-9,-9,-9,-9,-9,-9,-9,-9,-9,-9,-9,290978000281
MO,MISSOURI,2909780,CLEVER R-V,282,CLEVER HIGH,290978000282,No,Yes,1,5,1,0,0,0,0,0,1,2,112,119,3,2,118,128,0,0,5,8,290978000282
MO,MISSOURI,2909810,CLIMAX SPRINGS R-IV,283,ELEMENTARY SCHOOL,290981000283,No,-9,-9,-9,-9,-9,-9,-9,-9,-9,-9,-9,-9,-9,-9,-9,-9,-9,-9,-9,-9,-9,290981000283
MO,MISSOURI,2909810,CLIMAX SPRINGS R-IV,284,CLIMAX SPRINGS HIGH,290981000284,No,Yes,0,1,0,0,0,0,0,0,0,0,4,6,0,0,4,7,0,0,0,1,290981000284
MO,MISSOURI,2909860,CLINTON,285,CLINTON TECHNICAL SCH.,290986000285,No,Yes,1,0,0,0,0,0,0,0,0,0,53,8,0,0,54,8,0,0,0,0,290986000285
MO,MISSOURI,2909860,CLINTON,286,CLINTON SR. HIGH,290986000286,No,Yes,2,2,0,0,0,0,0,0,0,0,52,55,3,1,57,58,1,0,0,0,290986000286
MO,MISSOURI,2909860,CLINTON,288,CLINTON MIDDLE,290986000288,No,-9,-9,-9,-9,-9,-9,-9,-9,-9,-9,-9,-9,-9,-9,-9,-9,-9,-9,-9,-9,-9,290986000288
MO,MISSOURI,2909860,CLINTON,289,HENRY ELEM.,290986000289,No,-9,-9,-9,-9,-9,-9,-9,-9,-9,-9,-9,-9,-9,-9,-9,-9,-9,-9,-9,-9,-9,290986000289
MO,MISSOURI,2909860,CLINTON,3145,CLINTON INTERMEDIATE SCHOOL,290986003145,No,-9,-9,-9,-9,-9,-9,-9,-9,-9,-9,-9,-9,-9,-9,-9,-9,-9,-9,-9,-9,-9,290986003145
MO,MISSOURI,2909860,CLINTON,3291,CLINTON EARLY CHILDHOOD CENTER,290986003291,No,-9,-9,-9,-9,-9,-9,-9,-9,-9,-9,-9,-9,-9,-9,-9,-9,-9,-9,-9,-9,-9,290986003291
MO,MISSOURI,2909900,COLE CAMP R-I,292,COLE CAMP ELEM.,290990000292,No,-9,-9,-9,-9,-9,-9,-9,-9,-9,-9,-9,-9,-9,-9,-9,-9,-9,-9,-9,-9,-9,290990000292
MO,MISSOURI,2909900,COLE CAMP R-I,293,COLE CAMP HIGH,290990000293,No,Yes,0,0,0,0,0,0,0,0,0,0,6,13,0,0,6,13,0,0,0,0,290990000293
MO,MISSOURI,2909900,COLE CAMP R-I,1389,COLE CAMP MIDDLE,290990001389,No,-9,-9,-9,-9,-9,-9,-9,-9,-9,-9,-9,-9,-9,-9,-9,-9,-9,-9,-9,-9,-9,290990001389
MO,MISSOURI,2909900,COLE CAMP R-I,3248,COLE CAMP PRESCHOOL,290990003248,No,-9,-9,-9,-9,-9,-9,-9,-9,-9,-9,-9,-9,-9,-9,-9,-9,-9,-9,-9,-9,-9,290990003248
MO,MISSOURI,2909930,BLAIR OAKS R-II,294,BLAIR OAKS ELEM.,290993000294,No,-9,-9,-9,-9,-9,-9,-9,-9,-9,-9,-9,-9,-9,-9,-9,-9,-9,-9,-9,-9,-9,290993000294
MO,MISSOURI,2909930,BLAIR OAKS R-II,295,BLAIR OAKS HIGH,290993000295,No,Yes,0,0,0,0,0,0,0,0,0,0,35,53,0,0,35,53,0,0,0,0,290993000295
MO,MISSOURI,2909930,BLAIR OAKS R-II,3117,BLAIR OAKS MIDDLE SCHOOL,290993003117,No,-9,-9,-9,-9,-9,-9,-9,-9,-9,-9,-9,-9,-9,-9,-9,-9,-9,-9,-9,-9,-9,290993003117
MO,MISSOURI,2909930,BLAIR OAKS R-II,3393,BLAIR OAKS INTERMEDIATE,290993003393,No,-9,-9,-9,-9,-9,-9,-9,-9,-9,-9,-9,-9,-9,-9,-9,-9,-9,-9,-9,-9,-9,290993003393
MO,MISSOURI,2910020,COMMUNITY R-VI,318,COMMUNITY ELEM.,291002000318,No,-9,-9,-9,-9,-9,-9,-9,-9,-9,-9,-9,-9,-9,-9,-9,-9,-9,-9,-9,-9,-9,291002000318
MO,MISSOURI,2910020,COMMUNITY R-VI,319,COMMUNITY HIGH,291002000319,No,Yes,0,0,0,0,0,0,0,0,0,0,2,13,0,0,2,13,0,0,0,0,291002000319
MO,MISSOURI,2910080,CONCORDIA R-II,321,CONCORDIA ELEM.,291008000321,No,-9,-9,-9,-9,-9,-9,-9,-9,-9,-9,-9,-9,-9,-9,-9,-9,-9,-9,-9,-9,-9,291008000321
MO,MISSOURI,2910080,CONCORDIA R-II,322,CONCORDIA HIGH,291008000322,No,Yes,0,1,0,0,0,0,0,0,0,0,2,10,1,0,3,11,0,0,0,0,291008000322
MO,MISSOURI,2910110,LACLEDE CO. R-I,323,EZARD ELEM.,291011000323,No,-9,-9,-9,-9,-9,-9,-9,-9,-9,-9,-9,-9,-9,-9,-9,-9,-9,-9,-9,-9,-9,291011000323
MO,MISSOURI,2910110,LACLEDE CO. R-I,324,CONWAY HIGH SCHOOLS,291011000324,No,Yes,0,1,0,1,0,0,0,0,0,0,12,25,0,0,12,27,0,0,0,0,291011000324
MO,MISSOURI,2910140,COOTER R-IV,325,COOTER ELEM.,291014000325,No,-9,-9,-9,-9,-9,-9,-9,-9,-9,-9,-9,-9,-9,-9,-9,-9,-9,-9,-9,-9,-9,291014000325
MO,MISSOURI,2910140,COOTER R-IV,326,COOTER HIGH,291014000326,No,Yes,0,0,0,0,0,0,0,0,0,0,16,17,0,0,16,17,0,0,0,0,291014000326
MO,MISSOURI,2910200,COUCH R-I,327,COUCH ELEM.,291020000327,No,-9,-9,-9,-9,-9,-9,-9,-9,-9,-9,-9,-9,-9,-9,-9,-9,-9,-9,-9,-9,-9,291020000327
MO,MISSOURI,2910200,COUCH R-I,328,COUCH HIGH,291020000328,No,Yes,0,0,0,0,0,0,0,0,0,0,1,1,0,0,1,1,0,0,0,0,291020000328
MO,MISSOURI,2910230,COWGILL R-VI,329,COWGILL ELEM.,291023000329,No,-9,-9,-9,-9,-9,-9,-9,-9,-9,-9,-9,-9,-9,-9,-9,-9,-9,-9,-9,-9,-9,291023000329
MO,MISSOURI,2910260,CRAIG R-III,330,CRAIG ELEM.,291026000330,No,-9,-9,-9,-9,-9,-9,-9,-9,-9,-9,-9,-9,-9,-9,-9,-9,-9,-9,-9,-9,-9,291026000330
MO,MISSOURI,2910260,CRAIG R-III,331,CRAIG HIGH,291026000331,No,Yes,0,0,0,0,0,0,0,0,0,0,0,2,0,0,0,2,0,0,0,0,291026000331
MO,MISSOURI,2910290,CRANE R-III,332,CRANE ELEM.,291029000332,No,-9,-9,-9,-9,-9,-9,-9,-9,-9,-9,-9,-9,-9,-9,-9,-9,-9,-9,-9,-9,-9,291029000332
MO,MISSOURI,2910290,CRANE R-III,333,CRANE HIGH,291029000333,No,Yes,0,0,0,0,0,0,0,0,0,0,12,18,0,0,12,18,0,0,0,0,291029000333
MO,MISSOURI,2910320,SHERWOOD CASS R-VIII,334,SHERWOOD ELEM.,291032000334,No,-9,-9,-9,-9,-9,-9,-9,-9,-9,-9,-9,-9,-9,-9,-9,-9,-9,-9,-9,-9,-9,291032000334
MO,MISSOURI,2910320,SHERWOOD CASS R-VIII,335,SHERWOOD HIGH,291032000335,No,Yes,0,0,0,0,0,0,0,0,0,0,13,33,0,0,13,33,0,0,3,3,291032000335
MO,MISSOURI,2910320,SHERWOOD CASS R-VIII,1610,SHERWOOD MIDDLE,291032001610,No,-9,-9,-9,-9,-9,-9,-9,-9,-9,-9,-9,-9,-9,-9,-9,-9,-9,-9,-9,-9,-9,291032001610
MO,MISSOURI,2910350,CROCKER R-II,337,CROCKER ELEM.,291035000337,No,-9,-9,-9,-9,-9,-9,-9,-9,-9,-9,-9,-9,-9,-9,-9,-9,-9,-9,-9,-9,-9,291035000337
MO,MISSOURI,2910350,CROCKER R-II,338,CROCKER HIGH,291035000338,No,Yes,0,0,0,0,0,0,0,0,0,0,3,18,0,0,3,18,0,0,0,0,291035000338
MO,MISSOURI,2910380,CRYSTAL CITY 47,339,CRYSTAL CITY ELEM.,291038000339,No,-9,-9,-9,-9,-9,-9,-9,-9,-9,-9,-9,-9,-9,-9,-9,-9,-9,-9,-9,-9,-9,291038000339
MO,MISSOURI,2910380,CRYSTAL CITY 47,340,CRYSTAL CITY HIGH,291038000340,No,Yes,0,1,0,0,1,1,0,0,0,1,10,19,0,0,11,22,0,0,1,0,291038000340
MO,MISSOURI,2910410,CRAWFORD CO. R-II,18,CUBA MIDDLE,291041000018,No,-9,-9,-9,-9,-9,-9,-9,-9,-9,-9,-9,-9,-9,-9,-9,-9,-9,-9,-9,-9,-9,291041000018
MO,MISSOURI,2910410,CRAWFORD CO. R-II,341,CUBA HIGH,291041000341,No,Yes,1,1,0,0,0,1,0,0,0,0,22,34,0,0,23,36,0,1,0,0,291041000341
MO,MISSOURI,2910410,CRAWFORD CO. R-II,342,CUBA ELEM.,291041000342,No,-9,-9,-9,-9,-9,-9,-9,-9,-9,-9,-9,-9,-9,-9,-9,-9,-9,-9,-9,-9,-9,291041000342
MO,MISSOURI,2910440,DADEVILLE R-II,344,Dadeville R-II School,291044000344,No,-9,-9,-9,-9,-9,-9,-9,-9,-9,-9,-9,-9,-9,-9,-9,-9,-9,-9,-9,-9,-9,291044000344
MO,MISSOURI,2910440,DADEVILLE R-II,345,DADEVILLE SR. HIGH,291044000345,No,Yes,0,0,0,0,0,0,0,0,0,0,14,13,0,0,14,13,0,0,0,0,291044000345
MO,MISSOURI,2910470,DAVIS R-XII,346,Davis Elem.,291047000346,No,-9,-9,-9,-9,-9,-9,-9,-9,-9,-9,-9,-9,-9,-9,-9,-9,-9,-9,-9,-9,-9,291047000346
MO,MISSOURI,2910500,DESOTO 73,347,ATHENA ELEM.,291050000347,No,-9,-9,-9,-9,-9,-9,-9,-9,-9,-9,-9,-9,-9,-9,-9,-9,-9,-9,-9,-9,-9,291050000347
MO,MISSOURI,2910500,DESOTO 73,349,DESOTO JR. HIGH,291050000349,No,-9,-9,-9,-9,-9,-9,-9,-9,-9,-9,-9,-9,-9,-9,-9,-9,-9,-9,-9,-9,-9,291050000349
MO,MISSOURI,2910500,DESOTO 73,350,DESOTO SR. HIGH,291050000350,No,Yes,0,0,0,0,0,0,0,0,1,3,34,72,1,0,36,75,0,0,1,1,291050000350
MO,MISSOURI,2910500,DESOTO 73,351,VINELAND ELEM.,291050000351,No,-9,-9,-9,-9,-9,-9,-9,-9,-9,-9,-9,-9,-9,-9,-9,-9,-9,-9,-9,-9,-9,291050000351
MO,MISSOURI,2910500,DESOTO 73,2993,EARLY CHILDHOOD CTR.,291050002993,No,-9,-9,-9,-9,-9,-9,-9,-9,-9,-9,-9,-9,-9,-9,-9,-9,-9,-9,-9,-9,-9,291050002993
MO,MISSOURI,2910520,LAKELAND R-III,352,LAKELAND HIGH,291052000352,No,Yes,1,1,0,0,0,0,0,0,0,1,9,11,0,0,10,13,0,0,0,0,291052000352
MO,MISSOURI,2910520,LAKELAND R-III,2520,LAKELAND ELEM.,291052002520,No,-9,-9,-9,-9,-9,-9,-9,-9,-9,-9,-9,-9,-9,-9,-9,-9,-9,-9,-9,-9,-9,291052002520
MO,MISSOURI,2910590,BUCHANAN CO. R-IV,355,DEKALB JR.-SR. HIGH,291059000355,No,Yes,0,0,0,0,0,0,0,0,0,0,5,7,1,1,6,8,0,0,0,0,291059000355
MO,MISSOURI,2910590,BUCHANAN CO. R-IV,356,RUSHVILLE ELEM.,291059000356,No,-9,-9,-9,-9,-9,-9,-9,-9,-9,-9,-9,-9,-9,-9,-9,-9,-9,-9,-9,-9,-9,291059000356
MO,MISSOURI,2910620,DELTA R-V,357,DELTA ELEM.,291062000357,No,-9,-9,-9,-9,-9,-9,-9,-9,-9,-9,-9,-9,-9,-9,-9,-9,-9,-9,-9,-9,-9,291062000357
MO,MISSOURI,2910620,DELTA R-V,358,DELTA HIGH,291062000358,No,Yes,0,0,0,0,0,0,0,0,0,0,0,5,0,0,0,5,0,0,0,0,291062000358
MO,MISSOURI,2910650,NORTH WOOD R-IV,359,NORTH WOOD ELEM.,291065000359,No,-9,-9,-9,-9,-9,-9,-9,-9,-9,-9,-9,-9,-9,-9,-9,-9,-9,-9,-9,-9,-9,291065000359
MO,MISSOURI,2910710,DENT-PHELPS R-III,360,DENT-PHELPS ELEM.,291071000360,No,-9,-9,-9,-9,-9,-9,-9,-9,-9,-9,-9,-9,-9,-9,-9,-9,-9,-9,-9,-9,-9,291071000360
MO,MISSOURI,2910770,DEXTER R-XI,361,CENTRAL ELEM.,291077000361,No,-9,-9,-9,-9,-9,-9,-9,-9,-9,-9,-9,-9,-9,-9,-9,-9,-9,-9,-9,-9,-9,291077000361
MO,MISSOURI,2910770,DEXTER R-XI,362,T. S. HILL MIDDLE,291077000362,No,-9,-9,-9,-9,-9,-9,-9,-9,-9,-9,-9,-9,-9,-9,-9,-9,-9,-9,-9,-9,-9,291077000362
MO,MISSOURI,2910770,DEXTER R-XI,363,DEXTER HIGH,291077000363,No,Yes,2,1,0,0,2,0,0,0,1,0,20,31,0,1,25,33,0,0,0,0,291077000363
MO,MISSOURI,2910770,DEXTER R-XI,364,SOUTHWEST ELEM.,291077000364,No,-9,-9,-9,-9,-9,-9,-9,-9,-9,-9,-9,-9,-9,-9,-9,-9,-9,-9,-9,-9,-9,291077000364
MO,MISSOURI,2910770,DEXTER R-XI,3390,SOUTHWEST ELEMENTARY PRESCHOOL,291077003390,No,-9,-9,-9,-9,-9,-9,-9,-9,-9,-9,-9,-9,-9,-9,-9,-9,-9,-9,-9,-9,-9,291077003390
MO,MISSOURI,2910800,DIAMOND R-IV,365,DIAMOND ELEM.,291080000365,No,-9,-9,-9,-9,-9,-9,-9,-9,-9,-9,-9,-9,-9,-9,-9,-9,-9,-9,-9,-9,-9,291080000365
MO,MISSOURI,2910800,DIAMOND R-IV,366,DIAMOND HIGH,291080000366,No,Yes,0,0,0,0,0,0,0,0,0,0,15,16,0,0,15,16,0,0,0,0,291080000366
MO,MISSOURI,2910800,DIAMOND R-IV,572,DIAMOND MIDDLE,291080000572,No,-9,-9,-9,-9,-9,-9,-9,-9,-9,-9,-9,-9,-9,-9,-9,-9,-9,-9,-9,-9,-9,291080000572
MO,MISSOURI,2910830,DIXON R-I,367,DIXON ELEM.,291083000367,No,-9,-9,-9,-9,-9,-9,-9,-9,-9,-9,-9,-9,-9,-9,-9,-9,-9,-9,-9,-9,-9,291083000367
MO,MISSOURI,2910830,DIXON R-I,368,DIXON MIDDLE,291083000368,No,-9,-9,-9,-9,-9,-9,-9,-9,-9,-9,-9,-9,-9,-9,-9,-9,-9,-9,-9,-9,-9,291083000368
MO,MISSOURI,2910830,DIXON R-I,369,DIXON HIGH,291083000369,No,Yes,0,1,0,0,0,0,0,0,0,0,9,43,0,1,9,45,0,0,0,0,291083000369
MO,MISSOURI,2910920,DONIPHAN R-I,370,CURRENT RIVER CAREER CENTER,291092000370,No,Yes,0,0,0,0,0,0,0,0,0,0,0,0,0,0,0,0,0,0,0,0,291092000370
MO,MISSOURI,2910920,DONIPHAN R-I,371,DONIPHAN ELEM.,291092000371,No,-9,-9,-9,-9,-9,-9,-9,-9,-9,-9,-9,-9,-9,-9,-9,-9,-9,-9,-9,-9,-9,291092000371
MO,MISSOURI,2910920,DONIPHAN R-I,373,DONIPHAN HIGH,291092000373,No,Yes,0,0,1,0,0,0,0,0,0,1,10,17,0,0,11,18,0,0,0,0,291092000373
MO,MISSOURI,2910920,DONIPHAN R-I,2586,DONIPHAN MIDDLE,291092002586,No,-9,-9,-9,-9,-9,-9,-9,-9,-9,-9,-9,-9,-9,-9,-9,-9,-9,-9,-9,-9,-9,291092002586
MO,MISSOURI,2910920,DONIPHAN R-I,3301,DONIPHAN INTERMEDIATE,291092003301,No,-9,-9,-9,-9,-9,-9,-9,-9,-9,-9,-9,-9,-9,-9,-9,-9,-9,-9,-9,-9,-9,291092003301
MO,MISSOURI,2910950,DORA R-III,374,DORA ELEM.,291095000374,No,-9,-9,-9,-9,-9,-9,-9,-9,-9,-9,-9,-9,-9,-9,-9,-9,-9,-9,-9,-9,-9,291095000374
MO,MISSOURI,2910950,DORA R-III,375,DORA HIGH,291095000375,No,No,-9,-9,-9,-9,-9,-9,-9,-9,-9,-9,-9,-9,-9,-9,-9,-9,-9,-9,-9,-9,291095000375
MO,MISSOURI,2911010,SKYLINE R-II,376,SKYLINE ELEM.,291101000376,No,-9,-9,-9,-9,-9,-9,-9,-9,-9,-9,-9,-9,-9,-9,-9,-9,-9,-9,-9,-9,-9,291101000376
MO,MISSOURI,2911040,PLAINVIEW R-VIII,377,PLAINVIEW ELEM.,291104000377,Yes,-9,-9,-9,-9,-9,-9,-9,-9,-9,-9,-9,-9,-9,-9,-9,-9,-9,-9,-9,-9,-9,291104000377
MO,MISSOURI,2911070,DREXEL R-IV,378,DREXEL ELEM.,291107000378,No,-9,-9,-9,-9,-9,-9,-9,-9,-9,-9,-9,-9,-9,-9,-9,-9,-9,-9,-9,-9,-9,291107000378
MO,MISSOURI,2911070,DREXEL R-IV,379,DREXEL HIGH,291107000379,No,Yes,0,0,0,0,0,0,0,0,0,0,2,4,0,0,2,4,0,0,0,0,291107000379
MO,MISSOURI,2911100,EAST CARTER CO. R-II,380,EAST CARTER CO. R-II ELEM.,291110000380,No,No,-9,-9,-9,-9,-9,-9,-9,-9,-9,-9,-9,-9,-9,-9,-9,-9,-9,-9,-9,-9,291110000380
MO,MISSOURI,2911100,EAST CARTER CO. R-II,383,EAST CARTER CO. R-II HIGH,291110000383,No,Yes,0,0,0,0,0,0,0,0,0,0,3,5,0,0,3,5,0,0,0,0,291110000383
MO,MISSOURI,2911100,EAST CARTER CO. R-II,2916,EAST CARTER CO. R-II MIDDLE,291110002916,No,-9,-9,-9,-9,-9,-9,-9,-9,-9,-9,-9,-9,-9,-9,-9,-9,-9,-9,-9,-9,-9,291110002916
MO,MISSOURI,2911160,EAST LYNNE 40,384,EAST LYNNE ELEM.,291116000384,No,-9,-9,-9,-9,-9,-9,-9,-9,-9,-9,-9,-9,-9,-9,-9,-9,-9,-9,-9,-9,-9,291116000384
MO,MISSOURI,2911220,EAST PRAIRIE R-II,388,EAST PRAIRIE HIGH,291122000388,No,Yes,0,0,0,0,0,0,0,0,0,0,11,27,0,0,11,27,0,0,0,0,291122000388
MO,MISSOURI,2911220,EAST PRAIRIE R-II,3381,EAST PRAIRIE MIDDLE SCHOOL,291122003381,No,-9,-9,-9,-9,-9,-9,-9,-9,-9,-9,-9,-9,-9,-9,-9,-9,-9,-9,-9,-9,-9,291122003381
MO,MISSOURI,2911220,EAST PRAIRIE R-II,3382,EAST PRAIRIE ELEMENTARY SCHOOL,291122003382,No,-9,-9,-9,-9,-9,-9,-9,-9,-9,-9,-9,-9,-9,-9,-9,-9,-9,-9,-9,-9,-9,291122003382
MO,MISSOURI,2911250,EAST BUCHANAN CO. C-1,390,EAST BUCHANAN ELEM.,291125000390,No,-9,-9,-9,-9,-9,-9,-9,-9,-9,-9,-9,-9,-9,-9,-9,-9,-9,-9,-9,-9,-9,291125000390
MO,MISSOURI,2911250,EAST BUCHANAN CO. C-1,391,EAST BUCHANAN HIGH,291125000391,No,Yes,0,0,0,0,0,0,0,0,0,0,13,25,0,0,13,25,0,0,0,0,291125000391
MO,MISSOURI,2911250,EAST BUCHANAN CO. C-1,2282,EAST BUCHANAN MIDDLE,291125002282,No,-9,-9,-9,-9,-9,-9,-9,-9,-9,-9,-9,-9,-9,-9,-9,-9,-9,-9,-9,-9,-9,291125002282
MO,MISSOURI,2911280,KNOX CO. R-I,392,KNOX CO. ELEM.,291128000392,No,-9,-9,-9,-9,-9,-9,-9,-9,-9,-9,-9,-9,-9,-9,-9,-9,-9,-9,-9,-9,-9,291128000392
MO,MISSOURI,2911280,KNOX CO. R-I,397,KNOX CO. HIGH,291128000397,No,Yes,0,0,0,0,0,0,0,0,0,0,20,18,0,0,20,18,0,0,1,1,291128000397
MO,MISSOURI,2911310,EL DORADO SPRINGS R-II,398,EL DORADO SPRINGS HIGH,291131000398,No,Yes,0,0,0,0,0,0,0,0,0,0,32,28,2,0,34,28,0,0,0,0,291131000398
MO,MISSOURI,2911310,EL DORADO SPRINGS R-II,400,EL DORADO SPRINGS ELEM.,291131000400,No,-9,-9,-9,-9,-9,-9,-9,-9,-9,-9,-9,-9,-9,-9,-9,-9,-9,-9,-9,-9,-9,291131000400
MO,MISSOURI,2911310,EL DORADO SPRINGS R-II,2660,EL DORADO SPRINGS MIDDLE,291131002660,No,-9,-9,-9,-9,-9,-9,-9,-9,-9,-9,-9,-9,-9,-9,-9,-9,-9,-9,-9,-9,-9,291131002660
MO,MISSOURI,2911340,ELDON R-I,138,ELDON MIDDLE,291134000138,No,-9,-9,-9,-9,-9,-9,-9,-9,-9,-9,-9,-9,-9,-9,-9,-9,-9,-9,-9,-9,-9,291134000138
MO,MISSOURI,2911340,ELDON R-I,402,ELDON HIGH,291134000402,No,Yes,0,2,0,0,1,0,0,2,0,2,50,76,0,0,51,82,0,0,0,0,291134000402
MO,MISSOURI,2911340,ELDON R-I,403,SOUTH ELEM.,291134000403,No,-9,-9,-9,-9,-9,-9,-9,-9,-9,-9,-9,-9,-9,-9,-9,-9,-9,-9,-9,-9,-9,291134000403
MO,MISSOURI,2911340,ELDON R-I,404,ELDON CAREER CTR.,291134000404,No,Yes,0,0,0,0,0,0,0,0,0,0,7,38,0,0,7,38,0,0,0,0,291134000404
MO,MISSOURI,2911340,ELDON R-I,2411,ELDON UPPER ELEM.,291134002411,No,-9,-9,-9,-9,-9,-9,-9,-9,-9,-9,-9,-9,-9,-9,-9,-9,-9,-9,-9,-9,-9,291134002411
MO,MISSOURI,2911400,ELSBERRY R-II,406,CLARENCE CANNON ELEM.,291140000406,No,-9,-9,-9,-9,-9,-9,-9,-9,-9,-9,-9,-9,-9,-9,-9,-9,-9,-9,-9,-9,-9,291140000406
MO,MISSOURI,2911400,ELSBERRY R-II,407,ELSBERRY HIGH,291140000407,No,Yes,0,0,0,0,0,0,0,0,0,0,10,15,0,0,10,15,0,0,0,0,291140000407
MO,MISSOURI,2911400,ELSBERRY R-II,1990,IDA CANNON MIDDLE,291140001990,No,-9,-9,-9,-9,-9,-9,-9,-9,-9,-9,-9,-9,-9,-9,-9,-9,-9,-9,-9,-9,-9,291140001990
MO,MISSOURI,2911550,COLE CO. R-V,410,EUGENE ELEMENTARY,291155000410,No,-9,-9,-9,-9,-9,-9,-9,-9,-9,-9,-9,-9,-9,-9,-9,-9,-9,-9,-9,-9,-9,291155000410
MO,MISSOURI,2911550,COLE CO. R-V,411,EUGENE HIGH SCHOOL,291155000411,No,Yes,0,0,0,0,0,0,0,0,0,1,22,27,0,1,22,29,0,0,0,1,291155000411
MO,MISSOURI,2911580,EVERTON R-III,412,EVERTON ELEM.,291158000412,No,-9,-9,-9,-9,-9,-9,-9,-9,-9,-9,-9,-9,-9,-9,-9,-9,-9,-9,-9,-9,-9,291158000412
MO,MISSOURI,2911580,EVERTON R-III,413,EVERTON HIGH,291158000413,No,Yes,0,0,0,0,0,0,0,0,0,0,1,7,0,0,1,7,0,0,0,0,291158000413
MO,MISSOURI,2911650,EXCELSIOR SPRINGS 40,71,EXCELSIOR SPRINGS TECH. HIGH,291165000071,No,No,-9,-9,-9,-9,-9,-9,-9,-9,-9,-9,-9,-9,-9,-9,-9,-9,-9,-9,-9,-9,291165000071
MO,MISSOURI,2911650,EXCELSIOR SPRINGS 40,416,ELKHORN ELEMENTARY,291165000416,No,-9,-9,-9,-9,-9,-9,-9,-9,-9,-9,-9,-9,-9,-9,-9,-9,-9,-9,-9,-9,-9,291165000416
MO,MISSOURI,2911650,EXCELSIOR SPRINGS 40,417,LEWIS ELEMENTARY,291165000417,No,-9,-9,-9,-9,-9,-9,-9,-9,-9,-9,-9,-9,-9,-9,-9,-9,-9,-9,-9,-9,-9,291165000417
MO,MISSOURI,2911650,EXCELSIOR SPRINGS 40,418,EXCELSIOR SPRINGS MIDDLE,291165000418,No,-9,-9,-9,-9,-9,-9,-9,-9,-9,-9,-9,-9,-9,-9,-9,-9,-9,-9,-9,-9,-9,291165000418
MO,MISSOURI,2911650,EXCELSIOR SPRINGS 40,420,EXCELSIOR SPRINGS HIGH,291165000420,No,Yes,0,2,0,0,0,2,0,0,0,1,18,43,1,2,19,50,0,0,1,0,291165000420
MO,MISSOURI,2911650,EXCELSIOR SPRINGS 40,421,CORNERSTONE ELEMENTARY,291165000421,No,-9,-9,-9,-9,-9,-9,-9,-9,-9,-9,-9,-9,-9,-9,-9,-9,-9,-9,-9,-9,-9,291165000421
MO,MISSOURI,2911670,EXETER R-VI,426,EXETER ELEM.,291167000426,No,-9,-9,-9,-9,-9,-9,-9,-9,-9,-9,-9,-9,-9,-9,-9,-9,-9,-9,-9,-9,-9,291167000426
MO,MISSOURI,2911670,EXETER R-VI,427,EXETER HIGH,291167000427,No,Yes,0,0,0,0,1,0,0,0,1,0,3,9,0,0,5,9,1,0,0,0,291167000427
MO,MISSOURI,2911700,FAIR GROVE R-X,428,FAIR GROVE ELEM.,291170000428,No,-9,-9,-9,-9,-9,-9,-9,-9,-9,-9,-9,-9,-9,-9,-9,-9,-9,-9,-9,-9,-9,291170000428
MO,MISSOURI,2911700,FAIR GROVE R-X,429,FAIR GROVE HIGH,291170000429,No,Yes,0,0,0,0,0,0,0,0,0,0,41,26,2,1,43,27,0,0,4,2,291170000429
MO,MISSOURI,2911700,FAIR GROVE R-X,2283,FAIR GROVE MIDDLE,291170002283,No,-9,-9,-9,-9,-9,-9,-9,-9,-9,-9,-9,-9,-9,-9,-9,-9,-9,-9,-9,-9,-9,291170002283
MO,MISSOURI,2911730,FAIR PLAY R-II,430,FAIR PLAY ELEM.,291173000430,No,-9,-9,-9,-9,-9,-9,-9,-9,-9,-9,-9,-9,-9,-9,-9,-9,-9,-9,-9,-9,-9,291173000430
MO,MISSOURI,2911730,FAIR PLAY R-II,431,FAIR PLAY HIGH,291173000431,No,Yes,0,0,0,1,0,0,0,0,0,0,21,21,0,0,21,22,0,0,1,0,291173000431
MO,MISSOURI,2911730,FAIR PLAY R-II,3338,LITTLE STINGERS PRESCHOOL,291173003338,No,-9,-9,-9,-9,-9,-9,-9,-9,-9,-9,-9,-9,-9,-9,-9,-9,-9,-9,-9,-9,-9,291173003338
MO,MISSOURI,2911760,FAIRFAX R-III,432,FAIRFAX ELEM.,291176000432,No,-9,-9,-9,-9,-9,-9,-9,-9,-9,-9,-9,-9,-9,-9,-9,-9,-9,-9,-9,-9,-9,291176000432
MO,MISSOURI,2911760,FAIRFAX R-III,433,FAIRFAX HIGH,291176000433,No,Yes,0,0,0,0,0,0,0,0,0,0,0,0,0,0,0,0,0,0,0,0,291176000433
MO,MISSOURI,2911760,FAIRFAX R-III,3217,COMMUNITY FOR KIDS,291176003217,No,-9,-9,-9,-9,-9,-9,-9,-9,-9,-9,-9,-9,-9,-9,-9,-9,-9,-9,-9,-9,-9,291176003217
MO,MISSOURI,2911850,FAIRVIEW R-XI,435,FAIRVIEW ELEM.,291185000435,No,-9,-9,-9,-9,-9,-9,-9,-9,-9,-9,-9,-9,-9,-9,-9,-9,-9,-9,-9,-9,-9,291185000435
MO,MISSOURI,2911910,FARMINGTON R-VII,437,TRUMAN LEARNING CENTER,291191000437,No,-9,-9,-9,-9,-9,-9,-9,-9,-9,-9,-9,-9,-9,-9,-9,-9,-9,-9,-9,-9,-9,291191000437
MO,MISSOURI,2911910,FARMINGTON R-VII,438,JEFFERSON ELEM.,291191000438,No,-9,-9,-9,-9,-9,-9,-9,-9,-9,-9,-9,-9,-9,-9,-9,-9,-9,-9,-9,-9,-9,291191000438
MO,MISSOURI,2911910,FARMINGTON R-VII,439,FARMINGTON MIDDLE,291191000439,No,-9,-9,-9,-9,-9,-9,-9,-9,-9,-9,-9,-9,-9,-9,-9,-9,-9,-9,-9,-9,-9,291191000439
MO,MISSOURI,2911910,FARMINGTON R-VII,440,FARMINGTON SR. HIGH,291191000440,No,Yes,0,0,2,1,0,2,0,0,0,0,79,129,2,2,83,134,0,0,0,0,291191000440
MO,MISSOURI,2911910,FARMINGTON R-VII,442,WASHINGTON-FRANKLIN ELEM.,291191000442,No,-9,-9,-9,-9,-9,-9,-9,-9,-9,-9,-9,-9,-9,-9,-9,-9,-9,-9,-9,-9,-9,291191000442
MO,MISSOURI,2911910,FARMINGTON R-VII,1065,LINCOLN INTERMEDIATE,291191001065,No,-9,-9,-9,-9,-9,-9,-9,-9,-9,-9,-9,-9,-9,-9,-9,-9,-9,-9,-9,-9,-9,291191001065
MO,MISSOURI,2911910,FARMINGTON R-VII,2589,JUVENILE DETENTION CTR.,291191002589,Yes,No,-9,-9,-9,-9,-9,-9,-9,-9,-9,-9,-9,-9,-9,-9,-9,-9,-9,-9,-9,-9,291191002589
MO,MISSOURI,2911910,FARMINGTON R-VII,2847,ROOSEVELT ELEM.,291191002847,No,-9,-9,-9,-9,-9,-9,-9,-9,-9,-9,-9,-9,-9,-9,-9,-9,-9,-9,-9,-9,-9,291191002847
MO,MISSOURI,2911940,MID-BUCHANAN CO. R-V,443,MID-BUCHANAN ELEM.,291194000443,No,-9,-9,-9,-9,-9,-9,-9,-9,-9,-9,-9,-9,-9,-9,-9,-9,-9,-9,-9,-9,-9,291194000443
MO,MISSOURI,2911940,MID-BUCHANAN CO. R-V,445,MID-BUCHANAN SR. HIGH,291194000445,No,Yes,0,0,0,0,0,0,0,0,0,1,10,22,0,0,10,23,0,0,0,0,291194000445
MO,MISSOURI,2911990,FAYETTE R-III,446,LAURENCE J. DALY ELEM.,291199000446,No,-9,-9,-9,-9,-9,-9,-9,-9,-9,-9,-9,-9,-9,-9,-9,-9,-9,-9,-9,-9,-9,291199000446
MO,MISSOURI,2911990,FAYETTE R-III,448,FAYETTE HIGH,291199000448,No,Yes,0,0,0,0,0,0,0,0,2,1,21,31,0,0,23,32,0,0,0,0,291199000448
MO,MISSOURI,2911990,FAYETTE R-III,2590,WM. N. CLARK MIDDLE,291199002590,No,-9,-9,-9,-9,-9,-9,-9,-9,-9,-9,-9,-9,-9,-9,-9,-9,-9,-9,-9,-9,-9,291199002590
MO,MISSOURI,2912010,FERGUSON-FLORISSANT R-II,301,CROSS KEYS MIDDLE,291201000301,No,-9,-9,-9,-9,-9,-9,-9,-9,-9,-9,-9,-9,-9,-9,-9,-9,-9,-9,-9,-9,-9,291201000301
MO,MISSOURI,2912010,FERGUSON-FLORISSANT R-II,452,BERMUDA ELEMENTARY,291201000452,No,-9,-9,-9,-9,-9,-9,-9,-9,-9,-9,-9,-9,-9,-9,-9,-9,-9,-9,-9,-9,-9,291201000452
MO,MISSOURI,2912010,FERGUSON-FLORISSANT R-II,454,CENTRAL ELEMENTARY,291201000454,No,-9,-9,-9,-9,-9,-9,-9,-9,-9,-9,-9,-9,-9,-9,-9,-9,-9,-9,-9,-9,-9,291201000454
MO,MISSOURI,2912010,FERGUSON-FLORISSANT R-II,455,COMBS ELEMENTARY,291201000455,No,-9,-9,-9,-9,-9,-9,-9,-9,-9,-9,-9,-9,-9,-9,-9,-9,-9,-9,-9,-9,-9,291201000455
MO,MISSOURI,2912010,FERGUSON-FLORISSANT R-II,456,COMMONS LANE ELEMENTARY,291201000456,No,-9,-9,-9,-9,-9,-9,-9,-9,-9,-9,-9,-9,-9,-9,-9,-9,-9,-9,-9,-9,-9,291201000456
MO,MISSOURI,2912010,FERGUSON-FLORISSANT R-II,460,DUCHESNE ELEMENTARY,291201000460,No,-9,-9,-9,-9,-9,-9,-9,-9,-9,-9,-9,-9,-9,-9,-9,-9,-9,-9,-9,-9,-9,291201000460
MO,MISSOURI,2912010,FERGUSON-FLORISSANT R-II,462,FERGUSON MIDDLE,291201000462,No,-9,-9,-9,-9,-9,-9,-9,-9,-9,-9,-9,-9,-9,-9,-9,-9,-9,-9,-9,-9,-9,291201000462
MO,MISSOURI,2912010,FERGUSON-FLORISSANT R-II,466,GRIFFITH ELEMENTARY,291201000466,No,-9,-9,-9,-9,-9,-9,-9,-9,-9,-9,-9,-9,-9,-9,-9,-9,-9,-9,-9,-9,-9,291201000466
MO,MISSOURI,2912010,FERGUSON-FLORISSANT R-II,467,HALLS FERRY ELEMENTARY,291201000467,No,-9,-9,-9,-9,-9,-9,-9,-9,-9,-9,-9,-9,-9,-9,-9,-9,-9,-9,-9,-9,-9,291201000467
MO,MISSOURI,2912010,FERGUSON-FLORISSANT R-II,468,HOLMAN ELEMENTARY,291201000468,No,-9,-9,-9,-9,-9,-9,-9,-9,-9,-9,-9,-9,-9,-9,-9,-9,-9,-9,-9,-9,-9,291201000468
MO,MISSOURI,2912010,FERGUSON-FLORISSANT R-II,469,LEE HAMILTON ELEMENTARY,291201000469,No,-9,-9,-9,-9,-9,-9,-9,-9,-9,-9,-9,-9,-9,-9,-9,-9,-9,-9,-9,-9,-9,291201000469
MO,MISSOURI,2912010,FERGUSON-FLORISSANT R-II,471,MCCLUER NORTH HIGH,291201000471,No,Yes,2,4,0,0,1,0,0,0,32,74,11,18,4,10,50,106,3,1,3,6,291201000471
MO,MISSOURI,2912010,FERGUSON-FLORISSANT R-II,472,MCCLUER HIGH,291201000472,No,Yes,0,2,0,0,0,0,0,0,2,8,0,0,0,0,2,10,0,2,0,0,291201000472
MO,MISSOURI,2912010,FERGUSON-FLORISSANT R-II,473,PARKER ROAD ELEMENTARY,291201000473,No,-9,-9,-9,-9,-9,-9,-9,-9,-9,-9,-9,-9,-9,-9,-9,-9,-9,-9,-9,-9,-9,291201000473
MO,MISSOURI,2912010,FERGUSON-FLORISSANT R-II,475,ROBINWOOD ELEMENTARY,291201000475,No,-9,-9,-9,-9,-9,-9,-9,-9,-9,-9,-9,-9,-9,-9,-9,-9,-9,-9,-9,-9,-9,291201000475
MO,MISSOURI,2912010,FERGUSON-FLORISSANT R-II,477,WALNUT GROVE ELEM.,291201000477,No,-9,-9,-9,-9,-9,-9,-9,-9,-9,-9,-9,-9,-9,-9,-9,-9,-9,-9,-9,-9,-9,291201000477
MO,MISSOURI,2912010,FERGUSON-FLORISSANT R-II,478,WEDGWOOD 6TH GRADE CENTER,291201000478,No,-9,-9,-9,-9,-9,-9,-9,-9,-9,-9,-9,-9,-9,-9,-9,-9,-9,-9,-9,-9,-9,291201000478
MO,MISSOURI,2912010,FERGUSON-FLORISSANT R-II,2591,EARLY EDUCATION CENTER,291201002591,No,-9,-9,-9,-9,-9,-9,-9,-9,-9,-9,-9,-9,-9,-9,-9,-9,-9,-9,-9,-9,-9,291201002591
MO,MISSOURI,2912010,FERGUSON-FLORISSANT R-II,2691,STEAM ACADEMY AT MSB HIGH SCHO,291201002691,No,Yes,0,0,0,0,0,0,0,0,14,16,2,0,0,0,16,16,0,0,0,0,291201002691
MO,MISSOURI,2912010,FERGUSON-FLORISSANT R-II,2784,JOHNSON WABASH 6TH GRADE CTR,291201002784,No,-9,-9,-9,-9,-9,-9,-9,-9,-9,-9,-9,-9,-9,-9,-9,-9,-9,-9,-9,-9,-9,291201002784
MO,MISSOURI,2912010,FERGUSON-FLORISSANT R-II,3367,BERKELEY ELEMENTARY SCHOOL,291201003367,No,-9,-9,-9,-9,-9,-9,-9,-9,-9,-9,-9,-9,-9,-9,-9,-9,-9,-9,-9,-9,-9,291201003367
MO,MISSOURI,2912010,FERGUSON-FLORISSANT R-II,3371,THE INNOVATION SCHOOL AT CV,291201003371,No,No,-9,-9,-9,-9,-9,-9,-9,-9,-9,-9,-9,-9,-9,-9,-9,-9,-9,-9,-9,-9,291201003371
MO,MISSOURI,2912010,FERGUSON-FLORISSANT R-II,3372,STEAM ACADEMY MIDDLE SCHOOL,291201003372,No,-9,-9,-9,-9,-9,-9,-9,-9,-9,-9,-9,-9,-9,-9,-9,-9,-9,-9,-9,-9,-9,291201003372
MO,MISSOURI,2912030,FESTUS R-VI,479,FESTUS ELEM.,291203000479,No,-9,-9,-9,-9,-9,-9,-9,-9,-9,-9,-9,-9,-9,-9,-9,-9,-9,-9,-9,-9,-9,291203000479
MO,MISSOURI,2912030,FESTUS R-VI,481,FESTUS SR. HIGH,291203000481,No,Yes,3,1,1,1,4,1,0,0,3,8,136,188,7,12,154,211,1,0,8,4,291203000481
MO,MISSOURI,2912030,FESTUS R-VI,2522,FESTUS MIDDLE,291203002522,No,-9,-9,-9,-9,-9,-9,-9,-9,-9,-9,-9,-9,-9,-9,-9,-9,-9,-9,-9,-9,-9,291203002522
MO,MISSOURI,2912030,FESTUS R-VI,2779,FESTUS INTERMEDIATE,291203002779,No,-9,-9,-9,-9,-9,-9,-9,-9,-9,-9,-9,-9,-9,-9,-9,-9,-9,-9,-9,-9,-9,291203002779
MO,MISSOURI,2912180,FORDLAND R-III,484,FORDLAND ELEM.,291218000484,No,-9,-9,-9,-9,-9,-9,-9,-9,-9,-9,-9,-9,-9,-9,-9,-9,-9,-9,-9,-9,-9,291218000484
MO,MISSOURI,2912180,FORDLAND R-III,485,FORDLAND HIGH,291218000485,No,Yes,0,0,0,0,0,0,0,0,0,0,0,5,0,0,0,5,0,0,0,0,291218000485
MO,MISSOURI,2912180,FORDLAND R-III,1578,FORDLAND MIDDLE,291218001578,No,-9,-9,-9,-9,-9,-9,-9,-9,-9,-9,-9,-9,-9,-9,-9,-9,-9,-9,-9,-9,-9,291218001578
MO,MISSOURI,2912240,FORSYTH R-III,486,FORSYTH ELEM.,291224000486,No,-9,-9,-9,-9,-9,-9,-9,-9,-9,-9,-9,-9,-9,-9,-9,-9,-9,-9,-9,-9,-9,291224000486
MO,MISSOURI,2912240,FORSYTH R-III,487,FORSYTH HIGH,291224000487,No,Yes,0,1,0,0,0,0,0,0,0,0,14,15,0,0,14,16,0,0,0,0,291224000487
MO,MISSOURI,2912240,FORSYTH R-III,789,FORSYTH MIDDLE,291224000789,No,-9,-9,-9,-9,-9,-9,-9,-9,-9,-9,-9,-9,-9,-9,-9,-9,-9,-9,-9,-9,-9,291224000789
MO,MISSOURI,2912240,FORSYTH R-III,3391,TRI LAKES SPECIAL SERV CO-OP,291224003391,No,-9,-9,-9,-9,-9,-9,-9,-9,-9,-9,-9,-9,-9,-9,-9,-9,-9,-9,-9,-9,-9,291224003391
MO,MISSOURI,2912290,FORT OSAGE R-I,489,BLUE HILLS ELEM.,291229000489,No,-9,-9,-9,-9,-9,-9,-9,-9,-9,-9,-9,-9,-9,-9,-9,-9,-9,-9,-9,-9,-9,291229000489
MO,MISSOURI,2912290,FORT OSAGE R-I,490,BUCKNER ELEM.,291229000490,No,-9,-9,-9,-9,-9,-9,-9,-9,-9,-9,-9,-9,-9,-9,-9,-9,-9,-9,-9,-9,-9,291229000490
MO,MISSOURI,2912290,FORT OSAGE R-I,491,CLER-MONT ELEM.,291229000491,No,-9,-9,-9,-9,-9,-9,-9,-9,-9,-9,-9,-9,-9,-9,-9,-9,-9,-9,-9,-9,-9,291229000491
MO,MISSOURI,2912290,FORT OSAGE R-I,493,ELM GROVE ELEM.,291229000493,No,-9,-9,-9,-9,-9,-9,-9,-9,-9,-9,-9,-9,-9,-9,-9,-9,-9,-9,-9,-9,-9,291229000493
MO,MISSOURI,2912290,FORT OSAGE R-I,494,OSAGE TRAIL MIDDLE,291229000494,No,-9,-9,-9,-9,-9,-9,-9,-9,-9,-9,-9,-9,-9,-9,-9,-9,-9,-9,-9,-9,-9,291229000494
MO,MISSOURI,2912290,FORT OSAGE R-I,496,FORT OSAGE HIGH,291229000496,No,Yes,2,8,0,2,2,3,0,0,0,4,30,69,1,1,35,87,0,0,1,1,291229000496
MO,MISSOURI,2912290,FORT OSAGE R-I,2284,FIRE PRAIRIE MIDDLE,291229002284,No,-9,-9,-9,-9,-9,-9,-9,-9,-9,-9,-9,-9,-9,-9,-9,-9,-9,-9,-9,-9,-9,291229002284
MO,MISSOURI,2912290,FORT OSAGE R-I,2310,EARLY CHILDHOOD CTR.,291229002310,No,-9,-9,-9,-9,-9,-9,-9,-9,-9,-9,-9,-9,-9,-9,-9,-9,-9,-9,-9,-9,-9,291229002310
MO,MISSOURI,2912290,FORT OSAGE R-I,2995,LEWIS AND CLARK LEARNING CTR.,291229002995,No,No,-9,-9,-9,-9,-9,-9,-9,-9,-9,-9,-9,-9,-9,-9,-9,-9,-9,-9,-9,-9,291229002995
MO,MISSOURI,2912290,FORT OSAGE R-I,3103,INDIAN TRAILS ELEM.,291229003103,No,-9,-9,-9,-9,-9,-9,-9,-9,-9,-9,-9,-9,-9,-9,-9,-9,-9,-9,-9,-9,-9,291229003103
MO,MISSOURI,2912300,FOX C-6,497,ANTONIA ELEM.,291230000497,No,-9,-9,-9,-9,-9,-9,-9,-9,-9,-9,-9,-9,-9,-9,-9,-9,-9,-9,-9,-9,-9,291230000497
MO,MISSOURI,2912300,FOX C-6,498,CLYDE HAMRICK ELEM.,291230000498,No,-9,-9,-9,-9,-9,-9,-9,-9,-9,-9,-9,-9,-9,-9,-9,-9,-9,-9,-9,-9,-9,291230000498
MO,MISSOURI,2912300,FOX C-6,499,FOX ELEM.,291230000499,No,-9,-9,-9,-9,-9,-9,-9,-9,-9,-9,-9,-9,-9,-9,-9,-9,-9,-9,-9,-9,-9,291230000499
MO,MISSOURI,2912300,FOX C-6,500,FOX MIDDLE,291230000500,No,-9,-9,-9,-9,-9,-9,-9,-9,-9,-9,-9,-9,-9,-9,-9,-9,-9,-9,-9,-9,-9,291230000500
MO,MISSOURI,2912300,FOX C-6,501,MERAMEC HEIGHTS ELEM.,291230000501,No,-9,-9,-9,-9,-9,-9,-9,-9,-9,-9,-9,-9,-9,-9,-9,-9,-9,-9,-9,-9,-9,291230000501
MO,MISSOURI,2912300,FOX C-6,502,RIDGEWOOD MIDDLE,291230000502,No,-9,-9,-9,-9,-9,-9,-9,-9,-9,-9,-9,-9,-9,-9,-9,-9,-9,-9,-9,-9,-9,291230000502
MO,MISSOURI,2912300,FOX C-6,503,ROCKPORT HEIGHTS ELEM.,291230000503,No,-9,-9,-9,-9,-9,-9,-9,-9,-9,-9,-9,-9,-9,-9,-9,-9,-9,-9,-9,-9,-9,291230000503
MO,MISSOURI,2912300,FOX C-6,504,SECKMAN ELEM.,291230000504,No,-9,-9,-9,-9,-9,-9,-9,-9,-9,-9,-9,-9,-9,-9,-9,-9,-9,-9,-9,-9,-9,291230000504
MO,MISSOURI,2912300,FOX C-6,505,SECKMAN MIDDLE,291230000505,No,-9,-9,-9,-9,-9,-9,-9,-9,-9,-9,-9,-9,-9,-9,-9,-9,-9,-9,-9,-9,-9,291230000505
MO,MISSOURI,2912300,FOX C-6,506,FOX SR. HIGH,291230000506,No,Yes,0,1,0,0,0,1,0,3,0,0,8,9,0,0,8,14,0,0,0,0,291230000506
MO,MISSOURI,2912300,FOX C-6,507,SHERWOOD ELEM.,291230000507,No,-9,-9,-9,-9,-9,-9,-9,-9,-9,-9,-9,-9,-9,-9,-9,-9,-9,-9,-9,-9,-9,291230000507
MO,MISSOURI,2912300,FOX C-6,1019,RICHARD SIMPSON ELEM.,291230001019,No,-9,-9,-9,-9,-9,-9,-9,-9,-9,-9,-9,-9,-9,-9,-9,-9,-9,-9,-9,-9,-9,291230001019
MO,MISSOURI,2912300,FOX C-6,1981,SECKMAN SR. HIGH,291230001981,No,Yes,0,0,0,0,0,0,0,1,0,0,46,54,0,0,46,55,0,0,0,0,291230001981
MO,MISSOURI,2912300,FOX C-6,2402,GEORGE GUFFEY ELEM.,291230002402,No,-9,-9,-9,-9,-9,-9,-9,-9,-9,-9,-9,-9,-9,-9,-9,-9,-9,-9,-9,-9,-9,291230002402
MO,MISSOURI,2912300,FOX C-6,2593,LONE DELL ELEM.,291230002593,No,-9,-9,-9,-9,-9,-9,-9,-9,-9,-9,-9,-9,-9,-9,-9,-9,-9,-9,-9,-9,-9,291230002593
MO,MISSOURI,2912300,FOX C-6,3027,RAYMOND  NANCY HODGE ELEM.,291230003027,No,-9,-9,-9,-9,-9,-9,-9,-9,-9,-9,-9,-9,-9,-9,-9,-9,-9,-9,-9,-9,-9,291230003027
MO,MISSOURI,2912300,FOX C-6,3028,DON EARL EARLY CHILDHOOD CTR.,291230003028,No,-9,-9,-9,-9,-9,-9,-9,-9,-9,-9,-9,-9,-9,-9,-9,-9,-9,-9,-9,-9,-9,291230003028
MO,MISSOURI,2912300,FOX C-6,3151,ANTONIA MIDDLE SCHOOL,291230003151,No,-9,-9,-9,-9,-9,-9,-9,-9,-9,-9,-9,-9,-9,-9,-9,-9,-9,-9,-9,-9,-9,291230003151
MO,MISSOURI,2912450,SPRING BLUFF R-XV,509,SPRING BLUFF ELEM.,291245000509,No,-9,-9,-9,-9,-9,-9,-9,-9,-9,-9,-9,-9,-9,-9,-9,-9,-9,-9,-9,-9,-9,291245000509
MO,MISSOURI,2912480,STRAIN-JAPAN R-XVI,510,STRAIN-JAPAN ELEM.,291248000510,No,-9,-9,-9,-9,-9,-9,-9,-9,-9,-9,-9,-9,-9,-9,-9,-9,-9,-9,-9,-9,-9,291248000510
MO,MISSOURI,2912510,FRANKLIN CO. R-II,511,FRANKLIN CO. ELEM.,291251000511,No,-9,-9,-9,-9,-9,-9,-9,-9,-9,-9,-9,-9,-9,-9,-9,-9,-9,-9,-9,-9,-9,291251000511
MO,MISSOURI,2912540,FREDERICKTOWN R-I,513,FREDERICKTOWN ELEM.,291254000513,No,-9,-9,-9,-9,-9,-9,-9,-9,-9,-9,-9,-9,-9,-9,-9,-9,-9,-9,-9,-9,-9,291254000513
MO,MISSOURI,2912540,FREDERICKTOWN R-I,516,FREDERICKTOWN HIGH,291254000516,No,Yes,1,3,0,0,0,1,0,0,0,0,31,60,0,0,32,64,0,0,0,0,291254000516
MO,MISSOURI,2912540,FREDERICKTOWN R-I,2523,KELLY A BURLISON MIDDLE SCHOOL,291254002523,No,-9,-9,-9,-9,-9,-9,-9,-9,-9,-9,-9,-9,-9,-9,-9,-9,-9,-9,-9,-9,-9,291254002523
MO,MISSOURI,2912540,FREDERICKTOWN R-I,2524,FREDERICKTOWN INTERMEDIATE,291254002524,No,-9,-9,-9,-9,-9,-9,-9,-9,-9,-9,-9,-9,-9,-9,-9,-9,-9,-9,-9,-9,-9,291254002524
MO,MISSOURI,2912550,FULTON 58,517,BARTLEY ELEM.,291255000517,No,-9,-9,-9,-9,-9,-9,-9,-9,-9,-9,-9,-9,-9,-9,-9,-9,-9,-9,-9,-9,-9,291255000517
MO,MISSOURI,2912550,FULTON 58,518,BUSH ELEM.,291255000518,No,-9,-9,-9,-9,-9,-9,-9,-9,-9,-9,-9,-9,-9,-9,-9,-9,-9,-9,-9,-9,-9,291255000518
MO,MISSOURI,2912550,FULTON 58,522,MCINTIRE ELEM.,291255000522,No,-9,-9,-9,-9,-9,-9,-9,-9,-9,-9,-9,-9,-9,-9,-9,-9,-9,-9,-9,-9,-9,291255000522
MO,MISSOURI,2912550,FULTON 58,524,FULTON SR. HIGH,291255000524,No,Yes,0,0,0,0,0,0,0,0,0,1,1,18,0,0,1,19,0,0,0,1,291255000524
MO,MISSOURI,2912550,FULTON 58,2525,FULTON MIDDLE,291255002525,No,-9,-9,-9,-9,-9,-9,-9,-9,-9,-9,-9,-9,-9,-9,-9,-9,-9,-9,-9,-9,-9,291255002525
MO,MISSOURI,2912550,FULTON 58,3392,FULTON EARLY CHILDHOOD CNTR,291255003392,No,-9,-9,-9,-9,-9,-9,-9,-9,-9,-9,-9,-9,-9,-9,-9,-9,-9,-9,-9,-9,-9,291255003392
MO,MISSOURI,2912600,GAINESVILLE R-V,525,GAINESVILLE ELEM.,291260000525,No,-9,-9,-9,-9,-9,-9,-9,-9,-9,-9,-9,-9,-9,-9,-9,-9,-9,-9,-9,-9,-9,291260000525
MO,MISSOURI,2912600,GAINESVILLE R-V,526,GAINESVILLE HIGH,291260000526,No,No,-9,-9,-9,-9,-9,-9,-9,-9,-9,-9,-9,-9,-9,-9,-9,-9,-9,-9,-9,-9,291260000526
MO,MISSOURI,2912600,GAINESVILLE R-V,3373,GAINESVILLE PRESCHOOL,291260003373,No,No,-9,-9,-9,-9,-9,-9,-9,-9,-9,-9,-9,-9,-9,-9,-9,-9,-9,-9,-9,-9,291260003373
MO,MISSOURI,2912630,GALENA R-II,527,GALENA-ABESVILLE ELEM.,291263000527,No,-9,-9,-9,-9,-9,-9,-9,-9,-9,-9,-9,-9,-9,-9,-9,-9,-9,-9,-9,-9,-9,291263000527
MO,MISSOURI,2912630,GALENA R-II,528,GALENA HIGH,291263000528,No,Yes,0,1,0,0,0,0,0,0,0,1,15,15,0,2,15,19,0,0,2,1,291263000528
MO,MISSOURI,2912660,GALLATIN R-V,529,COVEL D. SEARCY ELEM.,291266000529,No,-9,-9,-9,-9,-9,-9,-9,-9,-9,-9,-9,-9,-9,-9,-9,-9,-9,-9,-9,-9,-9,291266000529
MO,MISSOURI,2912660,GALLATIN R-V,530,GALLATIN HIGH,291266000530,No,Yes,0,0,0,0,0,0,0,0,0,0,5,4,0,0,5,4,0,0,0,0,291266000530
MO,MISSOURI,2912660,GALLATIN R-V,3296,GALLATIN MIDDLE SCHOOL,291266003296,No,-9,-9,-9,-9,-9,-9,-9,-9,-9,-9,-9,-9,-9,-9,-9,-9,-9,-9,-9,-9,-9,291266003296
MO,MISSOURI,2912690,GRUNDY CO. R-V,531,GRUNDY CO. ELEM.,291269000531,No,-9,-9,-9,-9,-9,-9,-9,-9,-9,-9,-9,-9,-9,-9,-9,-9,-9,-9,-9,-9,-9,291269000531
MO,MISSOURI,2912690,GRUNDY CO. R-V,532,GRUNDY CO. HIGH,291269000532,No,Yes,0,0,0,0,0,0,0,0,0,0,3,3,0,0,3,3,0,0,0,0,291269000532
MO,MISSOURI,2912720,GASCONADE C-4,533,GASCONADE ELEM.,291272000533,No,-9,-9,-9,-9,-9,-9,-9,-9,-9,-9,-9,-9,-9,-9,-9,-9,-9,-9,-9,-9,-9,291272000533
MO,MISSOURI,2912780,GIDEON 37,534,GIDEON ELEM.,291278000534,No,-9,-9,-9,-9,-9,-9,-9,-9,-9,-9,-9,-9,-9,-9,-9,-9,-9,-9,-9,-9,-9,291278000534
MO,MISSOURI,2912780,GIDEON 37,535,GIDEON HIGH,291278000535,No,Yes,0,0,0,0,0,0,0,0,0,0,2,21,0,0,2,21,0,0,0,0,291278000535
MO,MISSOURI,2912840,GILLIAM C-4,536,GILLIAM ELEM.,291284000536,No,-9,-9,-9,-9,-9,-9,-9,-9,-9,-9,-9,-9,-9,-9,-9,-9,-9,-9,-9,-9,-9,291284000536
MO,MISSOURI,2912870,GILMAN CITY R-IV,537,GILMAN CITY ELEM.,291287000537,No,-9,-9,-9,-9,-9,-9,-9,-9,-9,-9,-9,-9,-9,-9,-9,-9,-9,-9,-9,-9,-9,291287000537
MO,MISSOURI,2912870,GILMAN CITY R-IV,538,GILMAN CITY HIGH,291287000538,No,Yes,0,0,0,0,0,0,0,0,0,0,1,2,0,0,1,2,0,0,0,0,291287000538
MO,MISSOURI,2912900,GLASGOW,539,GLASGOW ELEMENTARY.,291290000539,No,-9,-9,-9,-9,-9,-9,-9,-9,-9,-9,-9,-9,-9,-9,-9,-9,-9,-9,-9,-9,-9,291290000539
MO,MISSOURI,2912900,GLASGOW,540,GLASGOW HIGH,291290000540,No,Yes,0,0,0,0,0,0,0,0,0,0,5,11,1,2,6,13,0,0,1,1,291290000540
MO,MISSOURI,2912930,GOLDEN CITY R-III,541,GOLDEN CITY ELEM.,291293000541,No,-9,-9,-9,-9,-9,-9,-9,-9,-9,-9,-9,-9,-9,-9,-9,-9,-9,-9,-9,-9,-9,291293000541
MO,MISSOURI,2912930,GOLDEN CITY R-III,542,GOLDEN CITY HIGH,291293000542,No,Yes,2,0,0,0,0,0,0,0,0,0,1,3,0,0,3,3,0,0,0,0,291293000542
MO,MISSOURI,2913080,GRAIN VALLEY R-V,546,GRAIN VALLEY HIGH,291308000546,No,Yes,11,20,0,0,0,3,0,0,4,5,125,142,8,5,148,175,0,0,10,6,291308000546
MO,MISSOURI,2913080,GRAIN VALLEY R-V,547,MATTHEWS ELEM.,291308000547,No,-9,-9,-9,-9,-9,-9,-9,-9,-9,-9,-9,-9,-9,-9,-9,-9,-9,-9,-9,-9,-9,291308000547
MO,MISSOURI,2913080,GRAIN VALLEY R-V,1965,SNI-A-BAR ELEM.,291308001965,No,-9,-9,-9,-9,-9,-9,-9,-9,-9,-9,-9,-9,-9,-9,-9,-9,-9,-9,-9,-9,-9,291308001965
MO,MISSOURI,2913080,GRAIN VALLEY R-V,2463,GRAIN VALLEY SOUTH MIDDLE SCHL,291308002463,No,-9,-9,-9,-9,-9,-9,-9,-9,-9,-9,-9,-9,-9,-9,-9,-9,-9,-9,-9,-9,-9,291308002463
MO,MISSOURI,2913080,GRAIN VALLEY R-V,2866,PRAIRIE BRANCH ELEM.,291308002866,No,-9,-9,-9,-9,-9,-9,-9,-9,-9,-9,-9,-9,-9,-9,-9,-9,-9,-9,-9,-9,-9,291308002866
MO,MISSOURI,2913080,GRAIN VALLEY R-V,2976,STONY POINT ELEM.,291308002976,No,-9,-9,-9,-9,-9,-9,-9,-9,-9,-9,-9,-9,-9,-9,-9,-9,-9,-9,-9,-9,-9,291308002976
MO,MISSOURI,2913080,GRAIN VALLEY R-V,3161,GRAIN VALLEY NORTH MIDDLE SCHL,291308003161,No,-9,-9,-9,-9,-9,-9,-9,-9,-9,-9,-9,-9,-9,-9,-9,-9,-9,-9,-9,-9,-9,291308003161
MO,MISSOURI,2913080,GRAIN VALLEY R-V,3169,GRAIN VALLEY EARLY CHILDHD CTR,291308003169,No,-9,-9,-9,-9,-9,-9,-9,-9,-9,-9,-9,-9,-9,-9,-9,-9,-9,-9,-9,-9,-9,291308003169
MO,MISSOURI,2913140,GRANDVIEW C-4,548,BELVIDERE ELEM.,291314000548,No,-9,-9,-9,-9,-9,-9,-9,-9,-9,-9,-9,-9,-9,-9,-9,-9,-9,-9,-9,-9,-9,291314000548
MO,MISSOURI,2913140,GRANDVIEW C-4,549,BUTCHER-GREENE ELEM.,291314000549,No,-9,-9,-9,-9,-9,-9,-9,-9,-9,-9,-9,-9,-9,-9,-9,-9,-9,-9,-9,-9,-9,291314000549
MO,MISSOURI,2913140,GRANDVIEW C-4,550,CONN-WEST ELEM.,291314000550,No,-9,-9,-9,-9,-9,-9,-9,-9,-9,-9,-9,-9,-9,-9,-9,-9,-9,-9,-9,-9,-9,291314000550
MO,MISSOURI,2913140,GRANDVIEW C-4,551,GRANDVIEW MIDDLE,291314000551,No,-9,-9,-9,-9,-9,-9,-9,-9,-9,-9,-9,-9,-9,-9,-9,-9,-9,-9,-9,-9,-9,291314000551
MO,MISSOURI,2913140,GRANDVIEW C-4,552,HIGH GROVE Early Childhood,291314000552,No,-9,-9,-9,-9,-9,-9,-9,-9,-9,-9,-9,-9,-9,-9,-9,-9,-9,-9,-9,-9,-9,291314000552
MO,MISSOURI,2913140,GRANDVIEW C-4,554,MARTIN CITY ELEM.,291314000554,No,-9,-9,-9,-9,-9,-9,-9,-9,-9,-9,-9,-9,-9,-9,-9,-9,-9,-9,-9,-9,-9,291314000554
MO,MISSOURI,2913140,GRANDVIEW C-4,555,MEADOWMERE ELEM.,291314000555,No,-9,-9,-9,-9,-9,-9,-9,-9,-9,-9,-9,-9,-9,-9,-9,-9,-9,-9,-9,-9,-9,291314000555
MO,MISSOURI,2913140,GRANDVIEW C-4,556,GRANDVIEW SR. HIGH,291314000556,No,Yes,13,20,0,0,0,1,0,0,5,23,6,8,1,3,25,55,0,2,1,1,291314000556
MO,MISSOURI,2913140,GRANDVIEW C-4,948,GRANDVIEW ALTERNATIVE SCH.,291314000948,No,No,-9,-9,-9,-9,-9,-9,-9,-9,-9,-9,-9,-9,-9,-9,-9,-9,-9,-9,-9,-9,291314000948
MO,MISSOURI,2913170,GRANDVIEW R-II,558,GRANDVIEW ELEM.,291317000558,No,-9,-9,-9,-9,-9,-9,-9,-9,-9,-9,-9,-9,-9,-9,-9,-9,-9,-9,-9,-9,-9,291317000558
MO,MISSOURI,2913170,GRANDVIEW R-II,1490,GRANDVIEW MIDDLE,291317001490,No,-9,-9,-9,-9,-9,-9,-9,-9,-9,-9,-9,-9,-9,-9,-9,-9,-9,-9,-9,-9,-9,291317001490
MO,MISSOURI,2913170,GRANDVIEW R-II,2285,GRANDVIEW HIGH,291317002285,No,Yes,0,0,0,0,0,0,0,0,0,0,7,11,0,0,7,11,0,0,0,0,291317002285
MO,MISSOURI,2913230,GREEN CITY R-I,560,GREEN CITY ELEM.,291323000560,No,-9,-9,-9,-9,-9,-9,-9,-9,-9,-9,-9,-9,-9,-9,-9,-9,-9,-9,-9,-9,-9,291323000560
MO,MISSOURI,2913230,GREEN CITY R-I,561,GREEN CITY HIGH,291323000561,No,Yes,0,0,0,0,0,0,0,0,0,0,7,12,0,1,7,13,0,0,1,0,291323000561
MO,MISSOURI,2913260,GREEN FOREST R-II,562,GREEN FOREST ELEM.,291326000562,No,-9,-9,-9,-9,-9,-9,-9,-9,-9,-9,-9,-9,-9,-9,-9,-9,-9,-9,-9,-9,-9,291326000562
MO,MISSOURI,2913290,GREEN RIDGE R-VIII,563,GREEN RIDGE ELEM.,291329000563,No,-9,-9,-9,-9,-9,-9,-9,-9,-9,-9,-9,-9,-9,-9,-9,-9,-9,-9,-9,-9,-9,291329000563
MO,MISSOURI,2913290,GREEN RIDGE R-VIII,564,GREEN RIDGE HIGH,291329000564,No,Yes,0,0,0,0,0,0,0,0,0,0,4,5,0,0,4,5,0,0,0,0,291329000564
MO,MISSOURI,2913320,GREENFIELD R-IV,565,GREENFIELD ELEM.,291332000565,No,-9,-9,-9,-9,-9,-9,-9,-9,-9,-9,-9,-9,-9,-9,-9,-9,-9,-9,-9,-9,-9,291332000565
MO,MISSOURI,2913320,GREENFIELD R-IV,566,GREENFIELD HIGH,291332000566,No,No,-9,-9,-9,-9,-9,-9,-9,-9,-9,-9,-9,-9,-9,-9,-9,-9,-9,-9,-9,-9,291332000566
MO,MISSOURI,2913380,GREENVILLE R-II,568,GREENVILLE ELEM.,291338000568,No,-9,-9,-9,-9,-9,-9,-9,-9,-9,-9,-9,-9,-9,-9,-9,-9,-9,-9,-9,-9,-9,291338000568
MO,MISSOURI,2913380,GREENVILLE R-II,569,GREENVILLE HIGH,291338000569,No,Yes,0,0,0,0,0,0,0,0,0,0,10,17,0,0,10,17,0,0,0,0,291338000569
MO,MISSOURI,2913380,GREENVILLE R-II,570,WILLIAMSVILLE ELEM.,291338000570,No,-9,-9,-9,-9,-9,-9,-9,-9,-9,-9,-9,-9,-9,-9,-9,-9,-9,-9,-9,-9,-9,291338000570
MO,MISSOURI,2913380,GREENVILLE R-II,3035,GREENVILLE JR. HIGH,291338003035,No,-9,-9,-9,-9,-9,-9,-9,-9,-9,-9,-9,-9,-9,-9,-9,-9,-9,-9,-9,-9,-9,291338003035
MO,MISSOURI,2913440,PLEASANT VIEW R-VI,571,PLEASANT VIEW ELEM.,291344000571,No,-9,-9,-9,-9,-9,-9,-9,-9,-9,-9,-9,-9,-9,-9,-9,-9,-9,-9,-9,-9,-9,291344000571
MO,MISSOURI,2913500,HALE R-I,573,HALE ELEM.,291350000573,No,-9,-9,-9,-9,-9,-9,-9,-9,-9,-9,-9,-9,-9,-9,-9,-9,-9,-9,-9,-9,-9,291350000573
MO,MISSOURI,2913500,HALE R-I,574,HALE HIGH,291350000574,No,Yes,0,0,0,0,0,0,0,0,0,0,4,2,0,0,4,2,0,0,0,0,291350000574
MO,MISSOURI,2913530,HALFWAY R-III,575,HALFWAY ELEM.,291353000575,No,-9,-9,-9,-9,-9,-9,-9,-9,-9,-9,-9,-9,-9,-9,-9,-9,-9,-9,-9,-9,-9,291353000575
MO,MISSOURI,2913530,HALFWAY R-III,576,HALFWAY SECONDARY,291353000576,No,Yes,0,0,0,0,0,0,0,0,0,0,2,10,0,0,2,10,0,0,0,0,291353000576
MO,MISSOURI,2913560,HALLSVILLE R-IV,577,HALLSVILLE INTERMEDIATE,291356000577,No,-9,-9,-9,-9,-9,-9,-9,-9,-9,-9,-9,-9,-9,-9,-9,-9,-9,-9,-9,-9,-9,291356000577
MO,MISSOURI,2913560,HALLSVILLE R-IV,578,HALLSVILLE HIGH,291356000578,No,Yes,0,2,0,0,4,1,0,0,0,1,91,83,8,7,103,94,1,1,9,3,291356000578
MO,MISSOURI,2913560,HALLSVILLE R-IV,1597,HALLSVILLE MIDDLE,291356001597,No,-9,-9,-9,-9,-9,-9,-9,-9,-9,-9,-9,-9,-9,-9,-9,-9,-9,-9,-9,-9,-9,291356001597
MO,MISSOURI,2913560,HALLSVILLE R-IV,2975,HALLSVILLE PRIMARY,291356002975,No,-9,-9,-9,-9,-9,-9,-9,-9,-9,-9,-9,-9,-9,-9,-9,-9,-9,-9,-9,-9,-9,291356002975
MO,MISSOURI,2913590,HAMILTON R-II,579,HAMILTON ELEM.,291359000579,No,-9,-9,-9,-9,-9,-9,-9,-9,-9,-9,-9,-9,-9,-9,-9,-9,-9,-9,-9,-9,-9,291359000579
MO,MISSOURI,2913590,HAMILTON R-II,580,PENNEY HIGH,291359000580,No,Yes,0,1,0,0,0,0,0,0,0,0,11,25,0,0,11,26,0,0,0,0,291359000580
MO,MISSOURI,2913590,HAMILTON R-II,2663,HAMILTON MIDDLE,291359002663,No,-9,-9,-9,-9,-9,-9,-9,-9,-9,-9,-9,-9,-9,-9,-9,-9,-9,-9,-9,-9,-9,291359002663
MO,MISSOURI,2913620,HANCOCK PLACE,583,HANCOCK SR. HIGH,291362000583,No,Yes,3,3,0,0,0,0,0,0,3,12,15,14,1,0,22,29,0,2,2,0,291362000583
MO,MISSOURI,2913620,HANCOCK PLACE,584,HANCOCK PLACE ELEM.,291362000584,No,-9,-9,-9,-9,-9,-9,-9,-9,-9,-9,-9,-9,-9,-9,-9,-9,-9,-9,-9,-9,-9,291362000584
MO,MISSOURI,2913620,HANCOCK PLACE,1894,HANCOCK PLACE MIDDLE,291362001894,No,-9,-9,-9,-9,-9,-9,-9,-9,-9,-9,-9,-9,-9,-9,-9,-9,-9,-9,-9,-9,-9,291362001894
MO,MISSOURI,2913650,HANNIBAL 60,587,A. D. STOWELL ELEM.,291365000587,No,-9,-9,-9,-9,-9,-9,-9,-9,-9,-9,-9,-9,-9,-9,-9,-9,-9,-9,-9,-9,-9,291365000587
MO,MISSOURI,2913650,HANNIBAL 60,589,EUGENE FIELD ELEM.,291365000589,No,-9,-9,-9,-9,-9,-9,-9,-9,-9,-9,-9,-9,-9,-9,-9,-9,-9,-9,-9,-9,-9,291365000589
MO,MISSOURI,2913650,HANNIBAL 60,590,HANNIBAL CAREER  TECH. CTR.,291365000590,No,Yes,1,0,0,0,0,0,0,0,1,2,62,41,2,1,66,44,0,0,0,0,291365000590
MO,MISSOURI,2913650,HANNIBAL 60,592,MARK TWAIN ELEM.,291365000592,No,-9,-9,-9,-9,-9,-9,-9,-9,-9,-9,-9,-9,-9,-9,-9,-9,-9,-9,-9,-9,-9,291365000592
MO,MISSOURI,2913650,HANNIBAL 60,593,OAKWOOD ELEM.,291365000593,No,-9,-9,-9,-9,-9,-9,-9,-9,-9,-9,-9,-9,-9,-9,-9,-9,-9,-9,-9,-9,-9,291365000593
MO,MISSOURI,2913650,HANNIBAL 60,595,HANNIBAL SR. HIGH,291365000595,No,Yes,1,3,0,0,0,1,0,0,1,2,62,111,1,4,65,121,0,0,0,0,291365000595
MO,MISSOURI,2913650,HANNIBAL 60,2554,HANNIBAL MIDDLE,291365002554,No,-9,-9,-9,-9,-9,-9,-9,-9,-9,-9,-9,-9,-9,-9,-9,-9,-9,-9,-9,-9,-9,291365002554
MO,MISSOURI,2913650,HANNIBAL 60,2781,VETERANS ELEM.,291365002781,No,-9,-9,-9,-9,-9,-9,-9,-9,-9,-9,-9,-9,-9,-9,-9,-9,-9,-9,-9,-9,-9,291365002781
MO,MISSOURI,2913650,HANNIBAL 60,3307,EARLY CHILDHOOD CENTER,291365003307,No,-9,-9,-9,-9,-9,-9,-9,-9,-9,-9,-9,-9,-9,-9,-9,-9,-9,-9,-9,-9,-9,291365003307
MO,MISSOURI,2913680,HARDIN-CENTRAL C-2,596,HARDIN-CENTRAL ELEM.,291368000596,No,-9,-9,-9,-9,-9,-9,-9,-9,-9,-9,-9,-9,-9,-9,-9,-9,-9,-9,-9,-9,-9,291368000596
MO,MISSOURI,2913680,HARDIN-CENTRAL C-2,597,HARDIN-CENTRAL HIGH,291368000597,No,Yes,0,0,0,0,0,0,0,0,0,0,4,4,0,0,4,4,0,0,0,0,291368000597
MO,MISSOURI,2913710,HARRISBURG R-VIII,598,HARRISBURG ELEM.,291371000598,No,-9,-9,-9,-9,-9,-9,-9,-9,-9,-9,-9,-9,-9,-9,-9,-9,-9,-9,-9,-9,-9,291371000598
MO,MISSOURI,2913710,HARRISBURG R-VIII,599,HARRISBURG HIGH,291371000599,No,Yes,0,0,0,0,0,0,0,0,0,0,17,10,0,0,17,10,0,0,0,0,291371000599
MO,MISSOURI,2913710,HARRISBURG R-VIII,3100,HARRISBURG MIDDLE,291371003100,No,-9,-9,-9,-9,-9,-9,-9,-9,-9,-9,-9,-9,-9,-9,-9,-9,-9,-9,-9,-9,-9,291371003100
MO,MISSOURI,2913760,HARRISONVILLE R-IX,91,EARLY CHILDHOOD CTR.,291376000091,No,-9,-9,-9,-9,-9,-9,-9,-9,-9,-9,-9,-9,-9,-9,-9,-9,-9,-9,-9,-9,-9,291376000091
MO,MISSOURI,2913760,HARRISONVILLE R-IX,602,HARRISONVILLE ELEM.,291376000602,No,-9,-9,-9,-9,-9,-9,-9,-9,-9,-9,-9,-9,-9,-9,-9,-9,-9,-9,-9,-9,-9,291376000602
MO,MISSOURI,2913760,HARRISONVILLE R-IX,604,MCEOWEN ELEM.,291376000604,No,-9,-9,-9,-9,-9,-9,-9,-9,-9,-9,-9,-9,-9,-9,-9,-9,-9,-9,-9,-9,-9,291376000604
MO,MISSOURI,2913760,HARRISONVILLE R-IX,605,HARRISONVILLE HIGH,291376000605,No,Yes,6,1,0,1,0,1,0,0,3,3,143,171,8,7,160,184,2,0,21,20,291376000605
MO,MISSOURI,2913760,HARRISONVILLE R-IX,2659,HARRISONVILLE MIDDLE,291376002659,No,-9,-9,-9,-9,-9,-9,-9,-9,-9,-9,-9,-9,-9,-9,-9,-9,-9,-9,-9,-9,-9,291376002659
MO,MISSOURI,2913770,HARTVILLE R-II,606,HARTVILLE ELEM.,291377000606,No,-9,-9,-9,-9,-9,-9,-9,-9,-9,-9,-9,-9,-9,-9,-9,-9,-9,-9,-9,-9,-9,291377000606
MO,MISSOURI,2913770,HARTVILLE R-II,607,GROVESPRING ELEM.,291377000607,No,-9,-9,-9,-9,-9,-9,-9,-9,-9,-9,-9,-9,-9,-9,-9,-9,-9,-9,-9,-9,-9,291377000607
MO,MISSOURI,2913770,HARTVILLE R-II,608,HARTVILLE HIGH,291377000608,No,Yes,0,0,0,0,0,0,0,0,0,0,31,73,0,0,31,73,0,0,1,0,291377000608
MO,MISSOURI,2913800,HAYTI R-II,611,HAYTI HIGH,291380000611,No,Yes,0,1,0,0,0,0,0,0,8,25,1,2,0,0,9,28,0,0,0,0,291380000611
MO,MISSOURI,2913800,HAYTI R-II,612,MATHIS ELEMENTARY,291380000612,No,-9,-9,-9,-9,-9,-9,-9,-9,-9,-9,-9,-9,-9,-9,-9,-9,-9,-9,-9,-9,-9,291380000612
MO,MISSOURI,2913830,HAZELWOOD,447,BARRINGTON ELEM.,291383000447,No,-9,-9,-9,-9,-9,-9,-9,-9,-9,-9,-9,-9,-9,-9,-9,-9,-9,-9,-9,-9,-9,291383000447
MO,MISSOURI,2913830,HAZELWOOD,613,ARMSTRONG ELEM.,291383000613,No,-9,-9,-9,-9,-9,-9,-9,-9,-9,-9,-9,-9,-9,-9,-9,-9,-9,-9,-9,-9,-9,291383000613
MO,MISSOURI,2913830,HAZELWOOD,614,KEEVEN ELEM.,291383000614,No,-9,-9,-9,-9,-9,-9,-9,-9,-9,-9,-9,-9,-9,-9,-9,-9,-9,-9,-9,-9,-9,291383000614
MO,MISSOURI,2913830,HAZELWOOD,616,BROWN ELEM.,291383000616,No,-9,-9,-9,-9,-9,-9,-9,-9,-9,-9,-9,-9,-9,-9,-9,-9,-9,-9,-9,-9,-9,291383000616
MO,MISSOURI,2913830,HAZELWOOD,617,LAWSON ELEM.,291383000617,No,-9,-9,-9,-9,-9,-9,-9,-9,-9,-9,-9,-9,-9,-9,-9,-9,-9,-9,-9,-9,-9,291383000617
MO,MISSOURI,2913830,HAZELWOOD,618,COLD WATER ELEM.,291383000618,No,-9,-9,-9,-9,-9,-9,-9,-9,-9,-9,-9,-9,-9,-9,-9,-9,-9,-9,-9,-9,-9,291383000618
MO,MISSOURI,2913830,HAZELWOOD,620,GARRETT ELEM.,291383000620,No,-9,-9,-9,-9,-9,-9,-9,-9,-9,-9,-9,-9,-9,-9,-9,-9,-9,-9,-9,-9,-9,291383000620
MO,MISSOURI,2913830,HAZELWOOD,621,GRANNEMANN ELEM.,291383000621,No,-9,-9,-9,-9,-9,-9,-9,-9,-9,-9,-9,-9,-9,-9,-9,-9,-9,-9,-9,-9,-9,291383000621
MO,MISSOURI,2913830,HAZELWOOD,622,HAZELWOOD CENTRAL HIGH,291383000622,No,Yes,0,0,0,0,0,0,0,0,1,5,0,1,0,0,1,6,0,0,0,0,291383000622
MO,MISSOURI,2913830,HAZELWOOD,624,NORTHWEST MIDDLE,291383000624,No,-9,-9,-9,-9,-9,-9,-9,-9,-9,-9,-9,-9,-9,-9,-9,-9,-9,-9,-9,-9,-9,291383000624
MO,MISSOURI,2913830,HAZELWOOD,625,HAZELWOOD WEST HIGH,291383000625,No,Yes,0,0,0,0,0,2,0,0,8,14,16,21,0,3,24,40,0,2,1,0,291383000625
MO,MISSOURI,2913830,HAZELWOOD,626,JAMESTOWN ELEM.,291383000626,No,-9,-9,-9,-9,-9,-9,-9,-9,-9,-9,-9,-9,-9,-9,-9,-9,-9,-9,-9,-9,-9,291383000626
MO,MISSOURI,2913830,HAZELWOOD,627,JANA ELEM.,291383000627,No,-9,-9,-9,-9,-9,-9,-9,-9,-9,-9,-9,-9,-9,-9,-9,-9,-9,-9,-9,-9,-9,291383000627
MO,MISSOURI,2913830,HAZELWOOD,628,JURY ELEM.,291383000628,No,-9,-9,-9,-9,-9,-9,-9,-9,-9,-9,-9,-9,-9,-9,-9,-9,-9,-9,-9,-9,-9,291383000628
MO,MISSOURI,2913830,HAZELWOOD,629,EAST MIDDLE,291383000629,No,-9,-9,-9,-9,-9,-9,-9,-9,-9,-9,-9,-9,-9,-9,-9,-9,-9,-9,-9,-9,-9,291383000629
MO,MISSOURI,2913830,HAZELWOOD,630,LARIMORE ELEM.,291383000630,No,-9,-9,-9,-9,-9,-9,-9,-9,-9,-9,-9,-9,-9,-9,-9,-9,-9,-9,-9,-9,-9,291383000630
MO,MISSOURI,2913830,HAZELWOOD,631,LUSHER ELEM.,291383000631,No,-9,-9,-9,-9,-9,-9,-9,-9,-9,-9,-9,-9,-9,-9,-9,-9,-9,-9,-9,-9,-9,291383000631
MO,MISSOURI,2913830,HAZELWOOD,632,MCCURDY ELEM.,291383000632,No,-9,-9,-9,-9,-9,-9,-9,-9,-9,-9,-9,-9,-9,-9,-9,-9,-9,-9,-9,-9,-9,291383000632
MO,MISSOURI,2913830,HAZELWOOD,633,MCNAIR ELEM.,291383000633,No,-9,-9,-9,-9,-9,-9,-9,-9,-9,-9,-9,-9,-9,-9,-9,-9,-9,-9,-9,-9,-9,291383000633
MO,MISSOURI,2913830,HAZELWOOD,634,RUSSELL ELEM.,291383000634,No,-9,-9,-9,-9,-9,-9,-9,-9,-9,-9,-9,-9,-9,-9,-9,-9,-9,-9,-9,-9,-9,291383000634
MO,MISSOURI,2913830,HAZELWOOD,635,TOWNSEND ELEM.,291383000635,No,-9,-9,-9,-9,-9,-9,-9,-9,-9,-9,-9,-9,-9,-9,-9,-9,-9,-9,-9,-9,-9,291383000635
MO,MISSOURI,2913830,HAZELWOOD,636,TWILLMAN ELEM.,291383000636,No,-9,-9,-9,-9,-9,-9,-9,-9,-9,-9,-9,-9,-9,-9,-9,-9,-9,-9,-9,-9,-9,291383000636
MO,MISSOURI,2913830,HAZELWOOD,637,WALKER ELEM.,291383000637,No,-9,-9,-9,-9,-9,-9,-9,-9,-9,-9,-9,-9,-9,-9,-9,-9,-9,-9,-9,-9,-9,291383000637
MO,MISSOURI,2913830,HAZELWOOD,650,ELEM. SPECIAL PROGRAMS DEPT.,291383000650,No,-9,-9,-9,-9,-9,-9,-9,-9,-9,-9,-9,-9,-9,-9,-9,-9,-9,-9,-9,-9,-9,291383000650
MO,MISSOURI,2913830,HAZELWOOD,2696,HAZELWOOD EAST HIGH,291383002696,No,Yes,0,0,0,0,0,0,0,1,12,38,1,3,2,2,15,44,0,0,0,0,291383002696
MO,MISSOURI,2913830,HAZELWOOD,2857,WEST MIDDLE,291383002857,No,-9,-9,-9,-9,-9,-9,-9,-9,-9,-9,-9,-9,-9,-9,-9,-9,-9,-9,-9,-9,-9,291383002857
MO,MISSOURI,2913830,HAZELWOOD,2858,ARROWPOINT ELEM.,291383002858,No,-9,-9,-9,-9,-9,-9,-9,-9,-9,-9,-9,-9,-9,-9,-9,-9,-9,-9,-9,-9,-9,291383002858
MO,MISSOURI,2913830,HAZELWOOD,3000,CENTRAL MIDDLE,291383003000,No,-9,-9,-9,-9,-9,-9,-9,-9,-9,-9,-9,-9,-9,-9,-9,-9,-9,-9,-9,-9,-9,291383003000
MO,MISSOURI,2913830,HAZELWOOD,3004,NORTH MIDDLE,291383003004,No,-9,-9,-9,-9,-9,-9,-9,-9,-9,-9,-9,-9,-9,-9,-9,-9,-9,-9,-9,-9,-9,291383003004
MO,MISSOURI,2913830,HAZELWOOD,3005,SOUTHEAST MIDDLE,291383003005,No,-9,-9,-9,-9,-9,-9,-9,-9,-9,-9,-9,-9,-9,-9,-9,-9,-9,-9,-9,-9,-9,291383003005
MO,MISSOURI,2913830,HAZELWOOD,3204,WEST EARLY CHILDHOOD CENTER,291383003204,No,-9,-9,-9,-9,-9,-9,-9,-9,-9,-9,-9,-9,-9,-9,-9,-9,-9,-9,-9,-9,-9,291383003204
MO,MISSOURI,2913830,HAZELWOOD,3208,EAST EARLY CHILDHOOD CENTER,291383003208,No,-9,-9,-9,-9,-9,-9,-9,-9,-9,-9,-9,-9,-9,-9,-9,-9,-9,-9,-9,-9,-9,291383003208
MO,MISSOURI,2913830,HAZELWOOD,3218,CENTRAL EARLY CHILDHOOD CENTER,291383003218,No,-9,-9,-9,-9,-9,-9,-9,-9,-9,-9,-9,-9,-9,-9,-9,-9,-9,-9,-9,-9,-9,291383003218
MO,MISSOURI,2914250,DUNKLIN R-V,639,HERCULANEUM HIGH,291425000639,No,Yes,0,0,0,0,0,0,0,0,0,1,16,30,0,1,16,32,0,0,0,0,291425000639
MO,MISSOURI,2914250,DUNKLIN R-V,641,PEVELY ELEM.,291425000641,No,-9,-9,-9,-9,-9,-9,-9,-9,-9,-9,-9,-9,-9,-9,-9,-9,-9,-9,-9,-9,-9,291425000641
MO,MISSOURI,2914250,DUNKLIN R-V,2399,SENN-THOMAS MIDDLE,291425002399,No,-9,-9,-9,-9,-9,-9,-9,-9,-9,-9,-9,-9,-9,-9,-9,-9,-9,-9,-9,-9,-9,291425002399
MO,MISSOURI,2914250,DUNKLIN R-V,3326,TAYLOR EARLY CHILDHOOD,291425003326,No,-9,-9,-9,-9,-9,-9,-9,-9,-9,-9,-9,-9,-9,-9,-9,-9,-9,-9,-9,-9,-9,291425003326
MO,MISSOURI,2914280,GASCONADE CO. R-I,644,HERMANN ELEM.,291428000644,No,-9,-9,-9,-9,-9,-9,-9,-9,-9,-9,-9,-9,-9,-9,-9,-9,-9,-9,-9,-9,-9,291428000644
MO,MISSOURI,2914280,GASCONADE CO. R-I,646,HERMANN HIGH,291428000646,No,Yes,0,0,0,0,0,1,0,0,0,0,22,45,0,0,22,46,0,0,0,0,291428000646
MO,MISSOURI,2914280,GASCONADE CO. R-I,2464,HERMANN MIDDLE,291428002464,No,-9,-9,-9,-9,-9,-9,-9,-9,-9,-9,-9,-9,-9,-9,-9,-9,-9,-9,-9,-9,-9,291428002464
MO,MISSOURI,2914310,HERMITAGE R-IV,648,HERMITAGE ELEM.,291431000648,No,-9,-9,-9,-9,-9,-9,-9,-9,-9,-9,-9,-9,-9,-9,-9,-9,-9,-9,-9,-9,-9,291431000648
MO,MISSOURI,2914310,HERMITAGE R-IV,649,HERMITAGE HIGH,291431000649,No,Yes,0,0,0,0,0,0,0,0,0,0,3,0,0,0,3,0,0,0,0,0,291431000649
MO,MISSOURI,2914310,HERMITAGE R-IV,1964,HERMITAGE MIDDLE,291431001964,No,-9,-9,-9,-9,-9,-9,-9,-9,-9,-9,-9,-9,-9,-9,-9,-9,-9,-9,-9,-9,-9,291431001964
MO,MISSOURI,2914320,HICKORY CO. R-I,2371,SKYLINE ELEM.,291432002371,No,-9,-9,-9,-9,-9,-9,-9,-9,-9,-9,-9,-9,-9,-9,-9,-9,-9,-9,-9,-9,-9,291432002371
MO,MISSOURI,2914320,HICKORY CO. R-I,2372,SKYLINE HIGH,291432002372,No,Yes,0,0,0,0,0,0,0,0,0,0,10,17,0,0,10,17,0,0,0,0,291432002372
MO,MISSOURI,2914320,HICKORY CO. R-I,2794,SKYLINE MIDDLE,291432002794,No,-9,-9,-9,-9,-9,-9,-9,-9,-9,-9,-9,-9,-9,-9,-9,-9,-9,-9,-9,-9,-9,291432002794
MO,MISSOURI,2914340,HICKMAN MILLS C-1,651,COMPASS ELEMENTARY,291434000651,No,-9,-9,-9,-9,-9,-9,-9,-9,-9,-9,-9,-9,-9,-9,-9,-9,-9,-9,-9,-9,-9,291434000651
MO,MISSOURI,2914340,HICKMAN MILLS C-1,652,DOBBS ELEM.,291434000652,No,-9,-9,-9,-9,-9,-9,-9,-9,-9,-9,-9,-9,-9,-9,-9,-9,-9,-9,-9,-9,-9,291434000652
MO,MISSOURI,2914340,HICKMAN MILLS C-1,655,INGELS ELEM.,291434000655,No,-9,-9,-9,-9,-9,-9,-9,-9,-9,-9,-9,-9,-9,-9,-9,-9,-9,-9,-9,-9,-9,291434000655
MO,MISSOURI,2914340,HICKMAN MILLS C-1,659,MILLENNIUM AT SANTE FE,291434000659,No,-9,-9,-9,-9,-9,-9,-9,-9,-9,-9,-9,-9,-9,-9,-9,-9,-9,-9,-9,-9,-9,291434000659
MO,MISSOURI,2914340,HICKMAN MILLS C-1,663,TRUMAN ELEM.,291434000663,No,-9,-9,-9,-9,-9,-9,-9,-9,-9,-9,-9,-9,-9,-9,-9,-9,-9,-9,-9,-9,-9,291434000663
MO,MISSOURI,2914340,HICKMAN MILLS C-1,664,WARFORD ELEM.,291434000664,No,-9,-9,-9,-9,-9,-9,-9,-9,-9,-9,-9,-9,-9,-9,-9,-9,-9,-9,-9,-9,-9,291434000664
MO,MISSOURI,2914340,HICKMAN MILLS C-1,2287,CRITTENTON TREATMENT CENTER,291434002287,No,No,-9,-9,-9,-9,-9,-9,-9,-9,-9,-9,-9,-9,-9,-9,-9,-9,-9,-9,-9,-9,291434002287
MO,MISSOURI,2914340,HICKMAN MILLS C-1,2979,FREDA MARKLEY EARLY CHILDHOOD,291434002979,No,-9,-9,-9,-9,-9,-9,-9,-9,-9,-9,-9,-9,-9,-9,-9,-9,-9,-9,-9,-9,-9,291434002979
MO,MISSOURI,2914340,HICKMAN MILLS C-1,3156,RUSKIN HIGH SCHOOL,291434003156,No,Yes,4,22,0,0,3,4,0,1,44,53,7,8,2,1,60,89,0,0,5,0,291434003156
MO,MISSOURI,2914340,HICKMAN MILLS C-1,3162,SMITH-HALE MIDDLE,291434003162,No,-9,-9,-9,-9,-9,-9,-9,-9,-9,-9,-9,-9,-9,-9,-9,-9,-9,-9,-9,-9,-9,291434003162
MO,MISSOURI,2914340,HICKMAN MILLS C-1,3246,ERVIN ELEMENTARY SCHOOL,291434003246,No,-9,-9,-9,-9,-9,-9,-9,-9,-9,-9,-9,-9,-9,-9,-9,-9,-9,-9,-9,-9,-9,291434003246
MO,MISSOURI,2914340,HICKMAN MILLS C-1,3370,BURKE ALTERNATIVE PROGRAM,291434003370,No,No,-9,-9,-9,-9,-9,-9,-9,-9,-9,-9,-9,-9,-9,-9,-9,-9,-9,-9,-9,-9,291434003370
MO,MISSOURI,2914370,HIGBEE R-VIII,666,HIGBEE ELEM.,291437000666,No,-9,-9,-9,-9,-9,-9,-9,-9,-9,-9,-9,-9,-9,-9,-9,-9,-9,-9,-9,-9,-9,291437000666
MO,MISSOURI,2914370,HIGBEE R-VIII,667,HIGBEE HIGH,291437000667,No,Yes,0,0,0,0,0,0,0,0,0,0,6,9,0,0,6,9,0,0,0,0,291437000667
MO,MISSOURI,2914370,HIGBEE R-VIII,3357,HIGBEE MIDDLE SCHOOL,291437003357,No,-9,-9,-9,-9,-9,-9,-9,-9,-9,-9,-9,-9,-9,-9,-9,-9,-9,-9,-9,-9,-9,291437003357
MO,MISSOURI,2914400,LAFAYETTE CO. C-1,669,GRANDVIEW ELEM.,291440000669,No,-9,-9,-9,-9,-9,-9,-9,-9,-9,-9,-9,-9,-9,-9,-9,-9,-9,-9,-9,-9,-9,291440000669
MO,MISSOURI,2914400,LAFAYETTE CO. C-1,672,LAFAYETTE CO. HIGH,291440000672,No,Yes,2,1,0,0,0,0,0,0,0,0,9,13,1,2,12,16,0,0,1,0,291440000672
MO,MISSOURI,2914400,LAFAYETTE CO. C-1,2596,LAFAYETTE CO. MIDDLE,291440002596,No,-9,-9,-9,-9,-9,-9,-9,-9,-9,-9,-9,-9,-9,-9,-9,-9,-9,-9,-9,-9,-9,291440002596
MO,MISSOURI,2914430,HILLSBORO R-III,673,HILLSBORO ELEM.,291443000673,No,-9,-9,-9,-9,-9,-9,-9,-9,-9,-9,-9,-9,-9,-9,-9,-9,-9,-9,-9,-9,-9,291443000673
MO,MISSOURI,2914430,HILLSBORO R-III,674,HILLSBORO MIDDLE ELEM.,291443000674,No,-9,-9,-9,-9,-9,-9,-9,-9,-9,-9,-9,-9,-9,-9,-9,-9,-9,-9,-9,-9,-9,291443000674
MO,MISSOURI,2914430,HILLSBORO R-III,675,HILLSBORO HIGH,291443000675,No,Yes,2,2,0,0,2,0,0,0,2,0,109,127,2,3,117,132,0,0,10,14,291443000675
MO,MISSOURI,2914430,HILLSBORO R-III,1017,JUVENILE DETENTION CTR.,291443001017,Yes,No,-9,-9,-9,-9,-9,-9,-9,-9,-9,-9,-9,-9,-9,-9,-9,-9,-9,-9,-9,-9,291443001017
MO,MISSOURI,2914430,HILLSBORO R-III,2597,HILLSBORO JR. HIGH,291443002597,No,-9,-9,-9,-9,-9,-9,-9,-9,-9,-9,-9,-9,-9,-9,-9,-9,-9,-9,-9,-9,-9,291443002597
MO,MISSOURI,2914430,HILLSBORO R-III,2598,HILLSBORO PRIMARY,291443002598,No,-9,-9,-9,-9,-9,-9,-9,-9,-9,-9,-9,-9,-9,-9,-9,-9,-9,-9,-9,-9,-9,291443002598
MO,MISSOURI,2914460,HOLCOMB R-III,677,HOLCOMB ELEM.,291446000677,No,-9,-9,-9,-9,-9,-9,-9,-9,-9,-9,-9,-9,-9,-9,-9,-9,-9,-9,-9,-9,-9,291446000677
MO,MISSOURI,2914460,HOLCOMB R-III,678,HOLCOMB HIGH,291446000678,No,Yes,1,2,0,0,0,0,0,0,0,0,8,10,0,1,9,13,2,0,1,1,291446000678
MO,MISSOURI,2914490,HOLDEN R-III,679,HOLDEN MIDDLE,291449000679,No,-9,-9,-9,-9,-9,-9,-9,-9,-9,-9,-9,-9,-9,-9,-9,-9,-9,-9,-9,-9,-9,291449000679
MO,MISSOURI,2914490,HOLDEN R-III,680,HOLDEN HIGH,291449000680,No,Yes,0,1,0,2,0,0,0,1,0,0,4,19,0,0,4,23,0,0,0,0,291449000680
MO,MISSOURI,2914490,HOLDEN R-III,681,HOLDEN ELEM.,291449000681,No,-9,-9,-9,-9,-9,-9,-9,-9,-9,-9,-9,-9,-9,-9,-9,-9,-9,-9,-9,-9,-9,291449000681
MO,MISSOURI,2914520,HOLLIDAY C-2,682,Holliday Elementary,291452000682,No,-9,-9,-9,-9,-9,-9,-9,-9,-9,-9,-9,-9,-9,-9,-9,-9,-9,-9,-9,-9,-9,291452000682
MO,MISSOURI,2914550,HOLLISTER R-V,683,HOLLISTER ELEM.,291455000683,No,-9,-9,-9,-9,-9,-9,-9,-9,-9,-9,-9,-9,-9,-9,-9,-9,-9,-9,-9,-9,-9,291455000683
MO,MISSOURI,2914550,HOLLISTER R-V,684,HOLLISTER HIGH,291455000684,No,Yes,1,2,0,1,0,0,0,0,0,0,10,22,1,1,12,26,0,0,0,0,291455000684
MO,MISSOURI,2914550,HOLLISTER R-V,1120,HOLLISTER MIDDLE,291455001120,No,-9,-9,-9,-9,-9,-9,-9,-9,-9,-9,-9,-9,-9,-9,-9,-9,-9,-9,-9,-9,-9,291455001120
MO,MISSOURI,2914550,HOLLISTER R-V,3165,HOLLISTER EARLY CHILDHOOD CTR,291455003165,No,-9,-9,-9,-9,-9,-9,-9,-9,-9,-9,-9,-9,-9,-9,-9,-9,-9,-9,-9,-9,-9,291455003165
MO,MISSOURI,2914840,HOUSTON R-I,453,HOUSTON MIDDLE,291484000453,No,-9,-9,-9,-9,-9,-9,-9,-9,-9,-9,-9,-9,-9,-9,-9,-9,-9,-9,-9,-9,-9,291484000453
MO,MISSOURI,2914840,HOUSTON R-I,685,HOUSTON ELEM.,291484000685,No,-9,-9,-9,-9,-9,-9,-9,-9,-9,-9,-9,-9,-9,-9,-9,-9,-9,-9,-9,-9,-9,291484000685
MO,MISSOURI,2914840,HOUSTON R-I,688,HOUSTON HIGH,291484000688,No,Yes,0,0,0,0,0,0,0,0,0,0,9,16,0,0,9,16,0,0,0,0,291484000688
MO,MISSOURI,2915060,JUNCTION HILL C-12,689,JUNCTION HILL ELEM.,291506000689,No,-9,-9,-9,-9,-9,-9,-9,-9,-9,-9,-9,-9,-9,-9,-9,-9,-9,-9,-9,-9,-9,291506000689
MO,MISSOURI,2915180,GLENWOOD R-VIII,691,GLENWOOD ELEM.,291518000691,No,-9,-9,-9,-9,-9,-9,-9,-9,-9,-9,-9,-9,-9,-9,-9,-9,-9,-9,-9,-9,-9,291518000691
MO,MISSOURI,2915210,HOWELL VALLEY R-I,692,HOWELL VALLEY ELEM.,291521000692,No,-9,-9,-9,-9,-9,-9,-9,-9,-9,-9,-9,-9,-9,-9,-9,-9,-9,-9,-9,-9,-9,291521000692
MO,MISSOURI,2915240,HUDSON R-IX,693,HUDSON ELEM.,291524000693,No,-9,-9,-9,-9,-9,-9,-9,-9,-9,-9,-9,-9,-9,-9,-9,-9,-9,-9,-9,-9,-9,291524000693
MO,MISSOURI,2915270,PETTIS CO. R-V,694,NORTHWEST ELEM.,291527000694,No,-9,-9,-9,-9,-9,-9,-9,-9,-9,-9,-9,-9,-9,-9,-9,-9,-9,-9,-9,-9,-9,291527000694
MO,MISSOURI,2915270,PETTIS CO. R-V,695,NORTHWEST HIGH,291527000695,No,Yes,0,0,0,0,0,0,0,0,0,0,0,1,0,0,0,1,0,0,0,0,291527000695
MO,MISSOURI,2915300,HUMANSVILLE R-IV,696,HUMANSVILLE ELEM.,291530000696,No,-9,-9,-9,-9,-9,-9,-9,-9,-9,-9,-9,-9,-9,-9,-9,-9,-9,-9,-9,-9,-9,291530000696
MO,MISSOURI,2915300,HUMANSVILLE R-IV,697,HUMANSVILLE HIGH,291530000697,No,Yes,0,0,0,0,0,0,0,0,0,0,5,4,0,0,5,4,0,0,0,0,291530000697
MO,MISSOURI,2915300,HUMANSVILLE R-IV,3298,HUMANSVILLE MIDDLE SCHOOL,291530003298,No,-9,-9,-9,-9,-9,-9,-9,-9,-9,-9,-9,-9,-9,-9,-9,-9,-9,-9,-9,-9,-9,291530003298
MO,MISSOURI,2915330,HUME R-VIII,698,HUME ELEM.,291533000698,No,-9,-9,-9,-9,-9,-9,-9,-9,-9,-9,-9,-9,-9,-9,-9,-9,-9,-9,-9,-9,-9,291533000698
MO,MISSOURI,2915330,HUME R-VIII,699,HUME HIGH,291533000699,No,Yes,0,0,0,0,0,0,0,0,0,0,5,9,0,0,5,9,0,0,0,0,291533000699
MO,MISSOURI,2915390,HURLEY R-I,701,HURLEY HIGH,291539000701,No,Yes,0,0,0,0,0,0,0,0,0,0,3,6,0,0,3,6,0,0,0,0,291539000701
MO,MISSOURI,2915420,IBERIA R-V,702,IBERIA ELEM.,291542000702,No,-9,-9,-9,-9,-9,-9,-9,-9,-9,-9,-9,-9,-9,-9,-9,-9,-9,-9,-9,-9,-9,291542000702
MO,MISSOURI,2915420,IBERIA R-V,703,IBERIA HIGH,291542000703,No,Yes,0,0,0,0,0,0,0,0,0,0,3,6,0,0,3,6,0,0,0,1,291542000703
MO,MISSOURI,2915450,SCOTT CITY R-I,704,SCOTT CITY ELEM.,291545000704,No,-9,-9,-9,-9,-9,-9,-9,-9,-9,-9,-9,-9,-9,-9,-9,-9,-9,-9,-9,-9,-9,291545000704
MO,MISSOURI,2915450,SCOTT CITY R-I,705,SCOTT CITY HIGH,291545000705,No,Yes,0,0,0,0,0,0,0,0,0,0,1,22,0,0,1,22,0,0,0,0,291545000705
MO,MISSOURI,2915450,SCOTT CITY R-I,2702,SCOTT CITY MIDDLE,291545002702,No,-9,-9,-9,-9,-9,-9,-9,-9,-9,-9,-9,-9,-9,-9,-9,-9,-9,-9,-9,-9,-9,291545002702
MO,MISSOURI,2915480,INDEPENDENCE 30,707,THOMAS HART BENTON ELEM.,291548000707,No,-9,-9,-9,-9,-9,-9,-9,-9,-9,-9,-9,-9,-9,-9,-9,-9,-9,-9,-9,-9,-9,291548000707
MO,MISSOURI,2915480,INDEPENDENCE 30,708,BLACKBURN ELEM.,291548000708,No,-9,-9,-9,-9,-9,-9,-9,-9,-9,-9,-9,-9,-9,-9,-9,-9,-9,-9,-9,-9,-9,291548000708
MO,MISSOURI,2915480,INDEPENDENCE 30,709,BRIDGER MIDDLE,291548000709,No,-9,-9,-9,-9,-9,-9,-9,-9,-9,-9,-9,-9,-9,-9,-9,-9,-9,-9,-9,-9,-9,291548000709
MO,MISSOURI,2915480,INDEPENDENCE 30,710,BRYANT ELEM.,291548000710,No,-9,-9,-9,-9,-9,-9,-9,-9,-9,-9,-9,-9,-9,-9,-9,-9,-9,-9,-9,-9,-9,291548000710
MO,MISSOURI,2915480,INDEPENDENCE 30,711,GLENDALE ELEM.,291548000711,No,-9,-9,-9,-9,-9,-9,-9,-9,-9,-9,-9,-9,-9,-9,-9,-9,-9,-9,-9,-9,-9,291548000711
MO,MISSOURI,2915480,INDEPENDENCE 30,713,JOHN W. LUFF ELEM.,291548000713,No,-9,-9,-9,-9,-9,-9,-9,-9,-9,-9,-9,-9,-9,-9,-9,-9,-9,-9,-9,-9,-9,291548000713
MO,MISSOURI,2915480,INDEPENDENCE 30,714,MILL CREEK ELEM.,291548000714,No,-9,-9,-9,-9,-9,-9,-9,-9,-9,-9,-9,-9,-9,-9,-9,-9,-9,-9,-9,-9,-9,291548000714
MO,MISSOURI,2915480,INDEPENDENCE 30,716,OTT ELEM.,291548000716,No,-9,-9,-9,-9,-9,-9,-9,-9,-9,-9,-9,-9,-9,-9,-9,-9,-9,-9,-9,-9,-9,291548000716
MO,MISSOURI,2915480,INDEPENDENCE 30,718,PROCTER ELEM.,291548000718,No,-9,-9,-9,-9,-9,-9,-9,-9,-9,-9,-9,-9,-9,-9,-9,-9,-9,-9,-9,-9,-9,291548000718
MO,MISSOURI,2915480,INDEPENDENCE 30,719,RANDALL ELEM.,291548000719,No,-9,-9,-9,-9,-9,-9,-9,-9,-9,-9,-9,-9,-9,-9,-9,-9,-9,-9,-9,-9,-9,291548000719
MO,MISSOURI,2915480,INDEPENDENCE 30,720,SPRING BRANCH ELEM.,291548000720,No,-9,-9,-9,-9,-9,-9,-9,-9,-9,-9,-9,-9,-9,-9,-9,-9,-9,-9,-9,-9,-9,291548000720
MO,MISSOURI,2915480,INDEPENDENCE 30,721,SYCAMORE HILLS ELEM.,291548000721,No,-9,-9,-9,-9,-9,-9,-9,-9,-9,-9,-9,-9,-9,-9,-9,-9,-9,-9,-9,-9,-9,291548000721
MO,MISSOURI,2915480,INDEPENDENCE 30,722,TRUMAN HIGH,291548000722,No,Yes,5,13,0,0,2,4,0,2,3,7,45,76,2,7,57,109,0,0,0,1,291548000722
MO,MISSOURI,2915480,INDEPENDENCE 30,724,WILLIAM CHRISMAN HIGH,291548000724,No,Yes,4,4,0,0,1,3,1,0,4,5,30,37,0,2,40,51,0,0,0,0,291548000724
MO,MISSOURI,2915480,INDEPENDENCE 30,725,WILLIAM SOUTHERN ELEM.,291548000725,No,-9,-9,-9,-9,-9,-9,-9,-9,-9,-9,-9,-9,-9,-9,-9,-9,-9,-9,-9,-9,-9,291548000725
MO,MISSOURI,2915480,INDEPENDENCE 30,1485,HANTHORN EARLY EDUCATION,291548001485,No,-9,-9,-9,-9,-9,-9,-9,-9,-9,-9,-9,-9,-9,-9,-9,-9,-9,-9,-9,-9,-9,291548001485
MO,MISSOURI,2915480,INDEPENDENCE 30,2339,BINGHAM MIDDLE,291548002339,No,-9,-9,-9,-9,-9,-9,-9,-9,-9,-9,-9,-9,-9,-9,-9,-9,-9,-9,-9,-9,-9,291548002339
MO,MISSOURI,2915480,INDEPENDENCE 30,2374,SANTA FE TRAIL ELEM.,291548002374,No,-9,-9,-9,-9,-9,-9,-9,-9,-9,-9,-9,-9,-9,-9,-9,-9,-9,-9,-9,-9,-9,291548002374
MO,MISSOURI,2915480,INDEPENDENCE 30,2807,PIONEER RIDGE MIDDLE,291548002807,No,-9,-9,-9,-9,-9,-9,-9,-9,-9,-9,-9,-9,-9,-9,-9,-9,-9,-9,-9,-9,-9,291548002807
MO,MISSOURI,2915480,INDEPENDENCE 30,3090,CLIFFORD H. NOWLIN MIDDLE,291548003090,No,-9,-9,-9,-9,-9,-9,-9,-9,-9,-9,-9,-9,-9,-9,-9,-9,-9,-9,-9,-9,-9,291548003090
MO,MISSOURI,2915480,INDEPENDENCE 30,3091,THREE TRAILS ELEM.,291548003091,No,-9,-9,-9,-9,-9,-9,-9,-9,-9,-9,-9,-9,-9,-9,-9,-9,-9,-9,-9,-9,-9,291548003091
MO,MISSOURI,2915480,INDEPENDENCE 30,3096,VAN HORN HIGH,291548003096,No,Yes,9,21,0,0,0,0,0,0,3,5,10,19,1,9,23,54,0,4,0,0,291548003096
MO,MISSOURI,2915480,INDEPENDENCE 30,3098,SUGAR CREEK ELEM.,291548003098,No,-9,-9,-9,-9,-9,-9,-9,-9,-9,-9,-9,-9,-9,-9,-9,-9,-9,-9,-9,-9,-9,291548003098
MO,MISSOURI,2915480,INDEPENDENCE 30,3099,FAIRMOUNT ELEM.,291548003099,No,-9,-9,-9,-9,-9,-9,-9,-9,-9,-9,-9,-9,-9,-9,-9,-9,-9,-9,-9,-9,-9,291548003099
MO,MISSOURI,2915480,INDEPENDENCE 30,3107,KORTE ELEM.,291548003107,No,-9,-9,-9,-9,-9,-9,-9,-9,-9,-9,-9,-9,-9,-9,-9,-9,-9,-9,-9,-9,-9,291548003107
MO,MISSOURI,2915480,INDEPENDENCE 30,3157,SUNSHINE CENTER,291548003157,No,-9,-9,-9,-9,-9,-9,-9,-9,-9,-9,-9,-9,-9,-9,-9,-9,-9,-9,-9,-9,-9,291548003157
MO,MISSOURI,2915480,INDEPENDENCE 30,3210,ABRAHAM MALLINSON ELEMENTARY,291548003210,No,-9,-9,-9,-9,-9,-9,-9,-9,-9,-9,-9,-9,-9,-9,-9,-9,-9,-9,-9,-9,-9,291548003210
MO,MISSOURI,2915480,INDEPENDENCE 30,3213,LITTLE BLUE ELEMENTARY,291548003213,No,-9,-9,-9,-9,-9,-9,-9,-9,-9,-9,-9,-9,-9,-9,-9,-9,-9,-9,-9,-9,-9,291548003213
MO,MISSOURI,2915480,INDEPENDENCE 30,3366,CASSELL PARK ELEMENTARY,291548003366,No,-9,-9,-9,-9,-9,-9,-9,-9,-9,-9,-9,-9,-9,-9,-9,-9,-9,-9,-9,-9,-9,291548003366
MO,MISSOURI,2915510,IRON CO. C-4,729,Viburnum High,291551000729,No,Yes,0,0,0,0,0,0,0,0,0,0,2,1,0,0,2,1,0,0,0,0,291551000729
MO,MISSOURI,2915510,IRON CO. C-4,730,Viburnum Elementary,291551000730,No,-9,-9,-9,-9,-9,-9,-9,-9,-9,-9,-9,-9,-9,-9,-9,-9,-9,-9,-9,-9,-9,291551000730
MO,MISSOURI,2915600,JACKSON R-II,732,ORCHARD DRIVE ELEM.,291560000732,No,-9,-9,-9,-9,-9,-9,-9,-9,-9,-9,-9,-9,-9,-9,-9,-9,-9,-9,-9,-9,-9,291560000732
MO,MISSOURI,2915600,JACKSON R-II,733,GORDONVILLE ATTENDANCE CTR,291560000733,No,-9,-9,-9,-9,-9,-9,-9,-9,-9,-9,-9,-9,-9,-9,-9,-9,-9,-9,-9,-9,-9,291560000733
MO,MISSOURI,2915600,JACKSON R-II,735,MILLERSVILLE ATTENDANCE CTR.,291560000735,No,-9,-9,-9,-9,-9,-9,-9,-9,-9,-9,-9,-9,-9,-9,-9,-9,-9,-9,-9,-9,-9,291560000735
MO,MISSOURI,2915600,JACKSON R-II,736,NORTH ELEM.,291560000736,No,-9,-9,-9,-9,-9,-9,-9,-9,-9,-9,-9,-9,-9,-9,-9,-9,-9,-9,-9,-9,-9,291560000736
MO,MISSOURI,2915600,JACKSON R-II,737,RUSSELL HAWKINS JR. HIGH,291560000737,No,-9,-9,-9,-9,-9,-9,-9,-9,-9,-9,-9,-9,-9,-9,-9,-9,-9,-9,-9,-9,-9,291560000737
MO,MISSOURI,2915600,JACKSON R-II,738,JACKSON SR. HIGH,291560000738,No,Yes,2,1,0,0,0,1,0,0,0,1,108,143,1,2,111,148,0,0,3,2,291560000738
MO,MISSOURI,2915600,JACKSON R-II,739,WEST LANE ELEM.,291560000739,No,-9,-9,-9,-9,-9,-9,-9,-9,-9,-9,-9,-9,-9,-9,-9,-9,-9,-9,-9,-9,-9,291560000739
MO,MISSOURI,2915600,JACKSON R-II,1428,JACKSON MIDDLE,291560001428,No,-9,-9,-9,-9,-9,-9,-9,-9,-9,-9,-9,-9,-9,-9,-9,-9,-9,-9,-9,-9,-9,291560001428
MO,MISSOURI,2915600,JACKSON R-II,2248,SOUTH ELEM.,291560002248,No,-9,-9,-9,-9,-9,-9,-9,-9,-9,-9,-9,-9,-9,-9,-9,-9,-9,-9,-9,-9,-9,291560002248
MO,MISSOURI,2915600,JACKSON R-II,3265,EAST ELEMENTARY,291560003265,No,-9,-9,-9,-9,-9,-9,-9,-9,-9,-9,-9,-9,-9,-9,-9,-9,-9,-9,-9,-9,-9,291560003265
MO,MISSOURI,2915630,NORTH DAVIESS R-III,740,NORTH DAVIESS ELEM.,291563000740,No,-9,-9,-9,-9,-9,-9,-9,-9,-9,-9,-9,-9,-9,-9,-9,-9,-9,-9,-9,-9,-9,291563000740
MO,MISSOURI,2915630,NORTH DAVIESS R-III,741,NORTH DAVIESS HIGH,291563000741,No,No,-9,-9,-9,-9,-9,-9,-9,-9,-9,-9,-9,-9,-9,-9,-9,-9,-9,-9,-9,-9,291563000741
MO,MISSOURI,2915660,JAMESTOWN C-1,742,JAMESTOWN C-I ELEM.,291566000742,No,-9,-9,-9,-9,-9,-9,-9,-9,-9,-9,-9,-9,-9,-9,-9,-9,-9,-9,-9,-9,-9,291566000742
MO,MISSOURI,2915660,JAMESTOWN C-1,743,JAMESTOWN C-I HIGH,291566000743,No,Yes,0,0,0,0,0,0,0,0,0,0,11,11,0,0,11,11,0,0,0,0,291566000743
MO,MISSOURI,2916140,JASPER CO. R-V,744,JASPER CO. ELEM.,291614000744,No,-9,-9,-9,-9,-9,-9,-9,-9,-9,-9,-9,-9,-9,-9,-9,-9,-9,-9,-9,-9,-9,291614000744
MO,MISSOURI,2916140,JASPER CO. R-V,745,Jasper Co. High School,291614000745,No,Yes,0,0,0,0,1,0,0,0,0,0,8,13,0,0,9,13,0,0,0,1,291614000745
MO,MISSOURI,2916190,JEFFERSON CITY,476,LEWIS AND CLARK MIDDLE,291619000476,No,-9,-9,-9,-9,-9,-9,-9,-9,-9,-9,-9,-9,-9,-9,-9,-9,-9,-9,-9,-9,-9,291619000476
MO,MISSOURI,2916190,JEFFERSON CITY,495,THOMAS JEFFERSON MIDDLE,291619000495,No,-9,-9,-9,-9,-9,-9,-9,-9,-9,-9,-9,-9,-9,-9,-9,-9,-9,-9,-9,-9,-9,291619000495
MO,MISSOURI,2916190,JEFFERSON CITY,746,BELAIR ELEM.,291619000746,No,-9,-9,-9,-9,-9,-9,-9,-9,-9,-9,-9,-9,-9,-9,-9,-9,-9,-9,-9,-9,-9,291619000746
MO,MISSOURI,2916190,JEFFERSON CITY,747,CEDAR HILL ELEM.,291619000747,No,-9,-9,-9,-9,-9,-9,-9,-9,-9,-9,-9,-9,-9,-9,-9,-9,-9,-9,-9,-9,-9,291619000747
MO,MISSOURI,2916190,JEFFERSON CITY,748,EAST ELEM.,291619000748,No,-9,-9,-9,-9,-9,-9,-9,-9,-9,-9,-9,-9,-9,-9,-9,-9,-9,-9,-9,-9,-9,291619000748
MO,MISSOURI,2916190,JEFFERSON CITY,749,JEFFERSON CITY HIGH,291619000749,No,Yes,1,1,0,0,0,0,0,0,3,1,23,28,0,0,27,30,0,0,2,0,291619000749
MO,MISSOURI,2916190,JEFFERSON CITY,751,MOREAU HEIGHTS ELEM.,291619000751,No,-9,-9,-9,-9,-9,-9,-9,-9,-9,-9,-9,-9,-9,-9,-9,-9,-9,-9,-9,-9,-9,291619000751
MO,MISSOURI,2916190,JEFFERSON CITY,753,NORTH ELEM.,291619000753,No,-9,-9,-9,-9,-9,-9,-9,-9,-9,-9,-9,-9,-9,-9,-9,-9,-9,-9,-9,-9,-9,291619000753
MO,MISSOURI,2916190,JEFFERSON CITY,755,SOUTH ELEM.,291619000755,No,-9,-9,-9,-9,-9,-9,-9,-9,-9,-9,-9,-9,-9,-9,-9,-9,-9,-9,-9,-9,-9,291619000755
MO,MISSOURI,2916190,JEFFERSON CITY,757,THORPE J. GORDON ELEM.,291619000757,No,-9,-9,-9,-9,-9,-9,-9,-9,-9,-9,-9,-9,-9,-9,-9,-9,-9,-9,-9,-9,-9,291619000757
MO,MISSOURI,2916190,JEFFERSON CITY,758,WEST ELEM.,291619000758,No,-9,-9,-9,-9,-9,-9,-9,-9,-9,-9,-9,-9,-9,-9,-9,-9,-9,-9,-9,-9,-9,291619000758
MO,MISSOURI,2916190,JEFFERSON CITY,2288,CALLAWAY HILLS ELEM.,291619002288,No,-9,-9,-9,-9,-9,-9,-9,-9,-9,-9,-9,-9,-9,-9,-9,-9,-9,-9,-9,-9,-9,291619002288
MO,MISSOURI,2916190,JEFFERSON CITY,2494,CLARENCE LAWSON ELEM.,291619002494,No,-9,-9,-9,-9,-9,-9,-9,-9,-9,-9,-9,-9,-9,-9,-9,-9,-9,-9,-9,-9,-9,291619002494
MO,MISSOURI,2916190,JEFFERSON CITY,2599,PRENGER FAMILY CTR.,291619002599,Yes,No,-9,-9,-9,-9,-9,-9,-9,-9,-9,-9,-9,-9,-9,-9,-9,-9,-9,-9,-9,-9,291619002599
MO,MISSOURI,2916190,JEFFERSON CITY,3121,SOUTHWEST EARLY CHILDHOOD CTR,291619003121,No,-9,-9,-9,-9,-9,-9,-9,-9,-9,-9,-9,-9,-9,-9,-9,-9,-9,-9,-9,-9,-9,291619003121
MO,MISSOURI,2916190,JEFFERSON CITY,3137,PIONEER TRAIL ELEMENTARY,291619003137,No,-9,-9,-9,-9,-9,-9,-9,-9,-9,-9,-9,-9,-9,-9,-9,-9,-9,-9,-9,-9,-9,291619003137
MO,MISSOURI,2916190,JEFFERSON CITY,3346,CAPITAL CITY HIGH SCHOOL,291619003346,No,Yes,2,3,0,0,0,2,0,0,5,8,34,51,1,3,42,67,2,0,1,0,291619003346
MO,MISSOURI,2916200,JEFFERSON C-123,759,JEFFERSON ELEM.,291620000759,No,-9,-9,-9,-9,-9,-9,-9,-9,-9,-9,-9,-9,-9,-9,-9,-9,-9,-9,-9,-9,-9,291620000759
MO,MISSOURI,2916200,JEFFERSON C-123,762,JEFFERSON HIGH,291620000762,No,Yes,0,0,0,0,0,0,0,0,0,0,3,9,0,0,3,9,0,0,0,0,291620000762
MO,MISSOURI,2916230,JEFFERSON CO. R-VII,763,PLATTIN PRIMARY,291623000763,No,-9,-9,-9,-9,-9,-9,-9,-9,-9,-9,-9,-9,-9,-9,-9,-9,-9,-9,-9,-9,-9,291623000763
MO,MISSOURI,2916230,JEFFERSON CO. R-VII,1722,DANBY-RUSH TOWER MIDDLE,291623001722,No,-9,-9,-9,-9,-9,-9,-9,-9,-9,-9,-9,-9,-9,-9,-9,-9,-9,-9,-9,-9,-9,291623001722
MO,MISSOURI,2916230,JEFFERSON CO. R-VII,1725,TELEGRAPH INTERMEDIATE,291623001725,No,-9,-9,-9,-9,-9,-9,-9,-9,-9,-9,-9,-9,-9,-9,-9,-9,-9,-9,-9,-9,-9,291623001725
MO,MISSOURI,2916230,JEFFERSON CO. R-VII,3144,JEFFERSON HIGH SCHOOL,291623003144,No,Yes,2,0,0,0,0,0,0,0,0,1,11,48,1,1,14,50,0,0,0,1,291623003144
MO,MISSOURI,2916230,JEFFERSON CO. R-VII,3305,JEFFERSON R-VII PRESCHOOL,291623003305,No,-9,-9,-9,-9,-9,-9,-9,-9,-9,-9,-9,-9,-9,-9,-9,-9,-9,-9,-9,-9,-9,291623003305
MO,MISSOURI,2916290,JENNINGS,766,FAIRVIEW PRIMARY,291629000766,No,-9,-9,-9,-9,-9,-9,-9,-9,-9,-9,-9,-9,-9,-9,-9,-9,-9,-9,-9,-9,-9,291629000766
MO,MISSOURI,2916290,JENNINGS,767,ROSE JOHNSON JENNINGS JR. HIGH,291629000767,No,-9,-9,-9,-9,-9,-9,-9,-9,-9,-9,-9,-9,-9,-9,-9,-9,-9,-9,-9,-9,-9,291629000767
MO,MISSOURI,2916290,JENNINGS,768,NORTHVIEW ELEM.,291629000768,No,-9,-9,-9,-9,-9,-9,-9,-9,-9,-9,-9,-9,-9,-9,-9,-9,-9,-9,-9,-9,-9,291629000768
MO,MISSOURI,2916290,JENNINGS,769,JENNINGS HIGH,291629000769,No,Yes,0,0,0,0,0,0,0,0,23,56,1,0,0,0,24,56,0,0,1,1,291629000769
MO,MISSOURI,2916290,JENNINGS,770,WOODLAND ELEM.,291629000770,No,-9,-9,-9,-9,-9,-9,-9,-9,-9,-9,-9,-9,-9,-9,-9,-9,-9,-9,-9,-9,-9,291629000770
MO,MISSOURI,2916290,JENNINGS,2786,KENNETH C. HANRAHAN ELEM.,291629002786,No,-9,-9,-9,-9,-9,-9,-9,-9,-9,-9,-9,-9,-9,-9,-9,-9,-9,-9,-9,-9,-9,291629002786
MO,MISSOURI,2916290,JENNINGS,3081,FAIRVIEW INTERMEDIATE,291629003081,No,-9,-9,-9,-9,-9,-9,-9,-9,-9,-9,-9,-9,-9,-9,-9,-9,-9,-9,-9,-9,-9,291629003081
MO,MISSOURI,2916350,JOPLIN SCHOOLS,772,COLUMBIA ELEM.,291635000772,No,-9,-9,-9,-9,-9,-9,-9,-9,-9,-9,-9,-9,-9,-9,-9,-9,-9,-9,-9,-9,-9,291635000772
MO,MISSOURI,2916350,JOPLIN SCHOOLS,773,SOARING HEIGHTS ELEM.,291635000773,No,-9,-9,-9,-9,-9,-9,-9,-9,-9,-9,-9,-9,-9,-9,-9,-9,-9,-9,-9,-9,-9,291635000773
MO,MISSOURI,2916350,JOPLIN SCHOOLS,775,EASTMORLAND ELEM.,291635000775,No,-9,-9,-9,-9,-9,-9,-9,-9,-9,-9,-9,-9,-9,-9,-9,-9,-9,-9,-9,-9,-9,291635000775
MO,MISSOURI,2916350,JOPLIN SCHOOLS,779,JEFFERSON ELEM.,291635000779,No,-9,-9,-9,-9,-9,-9,-9,-9,-9,-9,-9,-9,-9,-9,-9,-9,-9,-9,-9,-9,-9,291635000779
MO,MISSOURI,2916350,JOPLIN SCHOOLS,780,KELSEY NORMAN ELEM.,291635000780,No,-9,-9,-9,-9,-9,-9,-9,-9,-9,-9,-9,-9,-9,-9,-9,-9,-9,-9,-9,-9,-9,291635000780
MO,MISSOURI,2916350,JOPLIN SCHOOLS,783,MCKINLEY ELEM.,291635000783,No,-9,-9,-9,-9,-9,-9,-9,-9,-9,-9,-9,-9,-9,-9,-9,-9,-9,-9,-9,-9,-9,291635000783
MO,MISSOURI,2916350,JOPLIN SCHOOLS,787,JOPLIN HIGH,291635000787,No,Yes,5,4,1,2,1,3,1,0,1,4,53,97,6,6,68,116,0,0,0,0,291635000787
MO,MISSOURI,2916350,JOPLIN SCHOOLS,788,ROYAL HEIGHTS ELEM.,291635000788,No,-9,-9,-9,-9,-9,-9,-9,-9,-9,-9,-9,-9,-9,-9,-9,-9,-9,-9,-9,-9,-9,291635000788
MO,MISSOURI,2916350,JOPLIN SCHOOLS,791,STAPLETON ELEM.,291635000791,No,-9,-9,-9,-9,-9,-9,-9,-9,-9,-9,-9,-9,-9,-9,-9,-9,-9,-9,-9,-9,-9,291635000791
MO,MISSOURI,2916350,JOPLIN SCHOOLS,793,WEST CENTRAL ELEM.,291635000793,No,-9,-9,-9,-9,-9,-9,-9,-9,-9,-9,-9,-9,-9,-9,-9,-9,-9,-9,-9,-9,-9,291635000793
MO,MISSOURI,2916350,JOPLIN SCHOOLS,2429,SOUTH MIDDLE,291635002429,No,-9,-9,-9,-9,-9,-9,-9,-9,-9,-9,-9,-9,-9,-9,-9,-9,-9,-9,-9,-9,-9,291635002429
MO,MISSOURI,2916350,JOPLIN SCHOOLS,2430,NORTH MIDDLE,291635002430,No,-9,-9,-9,-9,-9,-9,-9,-9,-9,-9,-9,-9,-9,-9,-9,-9,-9,-9,-9,-9,-9,291635002430
MO,MISSOURI,2916350,JOPLIN SCHOOLS,2431,EAST MIDDLE,291635002431,No,-9,-9,-9,-9,-9,-9,-9,-9,-9,-9,-9,-9,-9,-9,-9,-9,-9,-9,-9,-9,-9,291635002431
MO,MISSOURI,2916350,JOPLIN SCHOOLS,2432,CECIL FLOYD ELEM.,291635002432,No,-9,-9,-9,-9,-9,-9,-9,-9,-9,-9,-9,-9,-9,-9,-9,-9,-9,-9,-9,-9,-9,291635002432
MO,MISSOURI,2916350,JOPLIN SCHOOLS,2778,JOPLIN EARLY CHILDHOOD CTR.,291635002778,No,-9,-9,-9,-9,-9,-9,-9,-9,-9,-9,-9,-9,-9,-9,-9,-9,-9,-9,-9,-9,-9,291635002778
MO,MISSOURI,2916350,JOPLIN SCHOOLS,3240,IRVING ELEMENTARY,291635003240,No,-9,-9,-9,-9,-9,-9,-9,-9,-9,-9,-9,-9,-9,-9,-9,-9,-9,-9,-9,-9,-9,291635003240
MO,MISSOURI,2916380,CLARK CO. R-I,794,BLACK HAWK ELEM.,291638000794,No,-9,-9,-9,-9,-9,-9,-9,-9,-9,-9,-9,-9,-9,-9,-9,-9,-9,-9,-9,-9,-9,291638000794
MO,MISSOURI,2916380,CLARK CO. R-I,796,RUNNING FOX ELEM.,291638000796,No,-9,-9,-9,-9,-9,-9,-9,-9,-9,-9,-9,-9,-9,-9,-9,-9,-9,-9,-9,-9,-9,291638000796
MO,MISSOURI,2916380,CLARK CO. R-I,797,CLARK CO. HIGH,291638000797,No,Yes,0,0,0,0,0,0,0,0,0,0,18,27,0,0,18,27,0,0,1,0,291638000797
MO,MISSOURI,2916380,CLARK CO. R-I,1656,CLARK CO. MIDDLE,291638001656,No,-9,-9,-9,-9,-9,-9,-9,-9,-9,-9,-9,-9,-9,-9,-9,-9,-9,-9,-9,-9,-9,291638001656
MO,MISSOURI,2916380,CLARK CO. R-I,3254,EARLY CHILDHOOD CENTER,291638003254,No,-9,-9,-9,-9,-9,-9,-9,-9,-9,-9,-9,-9,-9,-9,-9,-9,-9,-9,-9,-9,-9,291638003254
MO,MISSOURI,2916400,KANSAS CITY 33,557,BORDER STAR MONTESSORI,291640000557,No,-9,-9,-9,-9,-9,-9,-9,-9,-9,-9,-9,-9,-9,-9,-9,-9,-9,-9,-9,-9,-9,291640000557
MO,MISSOURI,2916400,KANSAS CITY 33,808,FAXON ELEMENTARY,291640000808,No,-9,-9,-9,-9,-9,-9,-9,-9,-9,-9,-9,-9,-9,-9,-9,-9,-9,-9,-9,-9,-9,291640000808
MO,MISSOURI,2916400,KANSAS CITY 33,818,GEORGE WASHINGTON CARVER DUAL LANGUAGE,291640000818,No,-9,-9,-9,-9,-9,-9,-9,-9,-9,-9,-9,-9,-9,-9,-9,-9,-9,-9,-9,-9,-9,291640000818
MO,MISSOURI,2916400,KANSAS CITY 33,824,GARFIELD ELEMENTARY,291640000824,No,-9,-9,-9,-9,-9,-9,-9,-9,-9,-9,-9,-9,-9,-9,-9,-9,-9,-9,-9,-9,-9,291640000824
MO,MISSOURI,2916400,KANSAS CITY 33,826,GEORGE MELCHER ELEMENTARY,291640000826,No,-9,-9,-9,-9,-9,-9,-9,-9,-9,-9,-9,-9,-9,-9,-9,-9,-9,-9,-9,-9,-9,291640000826
MO,MISSOURI,2916400,KANSAS CITY 33,837,JAMES ELEMENTARY,291640000837,No,-9,-9,-9,-9,-9,-9,-9,-9,-9,-9,-9,-9,-9,-9,-9,-9,-9,-9,-9,-9,-9,291640000837
MO,MISSOURI,2916400,KANSAS CITY 33,838,JOHN T. HARTMAN ELEMENTARY,291640000838,No,-9,-9,-9,-9,-9,-9,-9,-9,-9,-9,-9,-9,-9,-9,-9,-9,-9,-9,-9,-9,-9,291640000838
MO,MISSOURI,2916400,KANSAS CITY 33,840,CENTRAL HIGH,291640000840,No,No,-9,-9,-9,-9,-9,-9,-9,-9,-9,-9,-9,-9,-9,-9,-9,-9,-9,-9,-9,-9,291640000840
MO,MISSOURI,2916400,KANSAS CITY 33,844,LINCOLN COLLEGE PREP ACADEMY,291640000844,No,Yes,23,17,0,0,2,1,2,0,27,16,9,9,2,0,65,43,3,3,2,0,291640000844
MO,MISSOURI,2916400,KANSAS CITY 33,848,LONGFELLOW ELEMENTARY,291640000848,No,-9,-9,-9,-9,-9,-9,-9,-9,-9,-9,-9,-9,-9,-9,-9,-9,-9,-9,-9,-9,-9,291640000848
MO,MISSOURI,2916400,KANSAS CITY 33,860,NORTHEAST HIGH,291640000860,No,Yes,3,10,0,0,7,3,2,0,11,8,1,3,1,0,25,24,6,10,0,0,291640000860
MO,MISSOURI,2916400,KANSAS CITY 33,862,PASEO ACADEMY OF FINE & PERFORMING ARTS,291640000862,No,Yes,0,5,0,0,0,0,0,0,2,8,0,1,0,0,2,14,0,2,0,2,291640000862
MO,MISSOURI,2916400,KANSAS CITY 33,863,PHILLIS WHEATLEY ELEMENTARY,291640000863,No,-9,-9,-9,-9,-9,-9,-9,-9,-9,-9,-9,-9,-9,-9,-9,-9,-9,-9,-9,-9,-9,291640000863
MO,MISSOURI,2916400,KANSAS CITY 33,864,PITCHER ELEMENTARY,291640000864,No,-9,-9,-9,-9,-9,-9,-9,-9,-9,-9,-9,-9,-9,-9,-9,-9,-9,-9,-9,-9,-9,291640000864
MO,MISSOURI,2916400,KANSAS CITY 33,879,TROOST ELEMENTARY,291640000879,No,-9,-9,-9,-9,-9,-9,-9,-9,-9,-9,-9,-9,-9,-9,-9,-9,-9,-9,-9,-9,-9,291640000879
MO,MISSOURI,2916400,KANSAS CITY 33,880,EAST HIGH,291640000880,No,Yes,0,0,0,0,0,0,0,0,0,1,0,0,0,0,0,1,0,0,0,0,291640000880
MO,MISSOURI,2916400,KANSAS CITY 33,882,WENDELL PHILLIPS ELEMENTARY,291640000882,No,-9,-9,-9,-9,-9,-9,-9,-9,-9,-9,-9,-9,-9,-9,-9,-9,-9,-9,-9,-9,-9,291640000882
MO,MISSOURI,2916400,KANSAS CITY 33,887,WHITTIER ELEMENTARY,291640000887,No,-9,-9,-9,-9,-9,-9,-9,-9,-9,-9,-9,-9,-9,-9,-9,-9,-9,-9,-9,-9,-9,291640000887
MO,MISSOURI,2916400,KANSAS CITY 33,1718,AFRICAN-CENTERED COLLEGE PREP ACADEMY LOWER,291640001718,No,-9,-9,-9,-9,-9,-9,-9,-9,-9,-9,-9,-9,-9,-9,-9,-9,-9,-9,-9,-9,-9,291640001718
MO,MISSOURI,2916400,KANSAS CITY 33,2375,J.A. ROGERS ELEMENTARY,291640002375,No,-9,-9,-9,-9,-9,-9,-9,-9,-9,-9,-9,-9,-9,-9,-9,-9,-9,-9,-9,-9,-9,291640002375
MO,MISSOURI,2916400,KANSAS CITY 33,2376,FOREIGN LANGUAGE ACADEMY,291640002376,No,-9,-9,-9,-9,-9,-9,-9,-9,-9,-9,-9,-9,-9,-9,-9,-9,-9,-9,-9,-9,-9,291640002376
MO,MISSOURI,2916400,KANSAS CITY 33,2529,GLADSTONE ELEMENTARY,291640002529,No,-9,-9,-9,-9,-9,-9,-9,-9,-9,-9,-9,-9,-9,-9,-9,-9,-9,-9,-9,-9,-9,291640002529
MO,MISSOURI,2916400,KANSAS CITY 33,2530,PRIMITIVO GARCIA ELEMENTARY,291640002530,No,-9,-9,-9,-9,-9,-9,-9,-9,-9,-9,-9,-9,-9,-9,-9,-9,-9,-9,-9,-9,-9,291640002530
MO,MISSOURI,2916400,KANSAS CITY 33,2602,BENJAMIN BANNEKER ELEMENTARY,291640002602,No,-9,-9,-9,-9,-9,-9,-9,-9,-9,-9,-9,-9,-9,-9,-9,-9,-9,-9,-9,-9,-9,291640002602
MO,MISSOURI,2916400,KANSAS CITY 33,2603,TRAILWOODS ELEMENTARY,291640002603,No,-9,-9,-9,-9,-9,-9,-9,-9,-9,-9,-9,-9,-9,-9,-9,-9,-9,-9,-9,-9,-9,291640002603
MO,MISSOURI,2916400,KANSAS CITY 33,2606,"HAROLD L. HOLLIDAY, SR. MONTESSORI",291640002606,No,-9,-9,-9,-9,-9,-9,-9,-9,-9,-9,-9,-9,-9,-9,-9,-9,-9,-9,-9,-9,-9,291640002606
MO,MISSOURI,2916400,KANSAS CITY 33,3082,"MARTIN LUTHER KING, JR. ELEMENTARY",291640003082,No,-9,-9,-9,-9,-9,-9,-9,-9,-9,-9,-9,-9,-9,-9,-9,-9,-9,-9,-9,-9,-9,291640003082
MO,MISSOURI,2916400,KANSAS CITY 33,3097,SOUTHEAST HIGH,291640003097,No,No,-9,-9,-9,-9,-9,-9,-9,-9,-9,-9,-9,-9,-9,-9,-9,-9,-9,-9,-9,-9,291640003097
MO,MISSOURI,2916400,KANSAS CITY 33,3220,SUCCESS ACADEMY AT ANDERSON,291640003220,No,No,-9,-9,-9,-9,-9,-9,-9,-9,-9,-9,-9,-9,-9,-9,-9,-9,-9,-9,-9,-9,291640003220
MO,MISSOURI,2916400,KANSAS CITY 33,3251,CENTRAL MIDDLE,291640003251,No,-9,-9,-9,-9,-9,-9,-9,-9,-9,-9,-9,-9,-9,-9,-9,-9,-9,-9,-9,-9,-9,291640003251
MO,MISSOURI,2916400,KANSAS CITY 33,3257,HALE COOK ELEMENTARY,291640003257,No,-9,-9,-9,-9,-9,-9,-9,-9,-9,-9,-9,-9,-9,-9,-9,-9,-9,-9,-9,-9,-9,291640003257
MO,MISSOURI,2916400,KANSAS CITY 33,3258,NORTHEAST MIDDLE,291640003258,No,-9,-9,-9,-9,-9,-9,-9,-9,-9,-9,-9,-9,-9,-9,-9,-9,-9,-9,-9,-9,-9,291640003258
MO,MISSOURI,2916400,KANSAS CITY 33,3322,LINCOLN COLLEGE PREP ACADEMY MIDDLE,291640003322,No,-9,-9,-9,-9,-9,-9,-9,-9,-9,-9,-9,-9,-9,-9,-9,-9,-9,-9,-9,-9,-9,291640003322
MO,MISSOURI,2916400,KANSAS CITY 33,4760,SUCCESS ACADEMY AT KNOTTS,291640004760,No,-9,-9,-9,-9,-9,-9,-9,-9,-9,-9,-9,-9,-9,-9,-9,-9,-9,-9,-9,-9,-9,291640004760
MO,MISSOURI,2916400,KANSAS CITY 33,5250,RICHARDSON EARLY LEARNING CENTER,291640005250,No,-9,-9,-9,-9,-9,-9,-9,-9,-9,-9,-9,-9,-9,-9,-9,-9,-9,-9,-9,-9,-9,291640005250
MO,MISSOURI,2916400,KANSAS CITY 33,5740,WOODLAND EARLY LEARNING CENTER,291640005740,No,-9,-9,-9,-9,-9,-9,-9,-9,-9,-9,-9,-9,-9,-9,-9,-9,-9,-9,-9,-9,-9,291640005740
MO,MISSOURI,2916400,KANSAS CITY 33,6050,MISSOURI OPTION PROGRAM,291640006050,No,No,-9,-9,-9,-9,-9,-9,-9,-9,-9,-9,-9,-9,-9,-9,-9,-9,-9,-9,-9,-9,291640006050
MO,MISSOURI,2916400,KANSAS CITY 33,6052,MIDDLE COLLEGE PROGRAM,291640006052,No,No,-9,-9,-9,-9,-9,-9,-9,-9,-9,-9,-9,-9,-9,-9,-9,-9,-9,-9,-9,-9,291640006052
MO,MISSOURI,2916400,KANSAS CITY 33,6055,KANSAS CITY VIRTUAL ACADEMY,291640006055,No,No,-9,-9,-9,-9,-9,-9,-9,-9,-9,-9,-9,-9,-9,-9,-9,-9,-9,-9,-9,-9,291640006055
MO,MISSOURI,2916450,KEARNEY R-I,891,KEARNEY ELEM.,291645000891,No,-9,-9,-9,-9,-9,-9,-9,-9,-9,-9,-9,-9,-9,-9,-9,-9,-9,-9,-9,-9,-9,291645000891
MO,MISSOURI,2916450,KEARNEY R-I,894,KEARNEY HIGH,291645000894,No,Yes,5,1,0,0,0,1,0,0,0,1,95,111,0,2,100,116,0,0,11,4,291645000894
MO,MISSOURI,2916450,KEARNEY R-I,1434,SOUTHVIEW ELEM.,291645001434,No,-9,-9,-9,-9,-9,-9,-9,-9,-9,-9,-9,-9,-9,-9,-9,-9,-9,-9,-9,-9,-9,291645001434
MO,MISSOURI,2916450,KEARNEY R-I,2531,KEARNEY JR. HIGH,291645002531,No,No,-9,-9,-9,-9,-9,-9,-9,-9,-9,-9,-9,-9,-9,-9,-9,-9,-9,-9,-9,-9,291645002531
MO,MISSOURI,2916450,KEARNEY R-I,2532,HAWTHORNE ELEM.,291645002532,No,-9,-9,-9,-9,-9,-9,-9,-9,-9,-9,-9,-9,-9,-9,-9,-9,-9,-9,-9,-9,-9,291645002532
MO,MISSOURI,2916450,KEARNEY R-I,2862,DOGWOOD ELEM.,291645002862,No,-9,-9,-9,-9,-9,-9,-9,-9,-9,-9,-9,-9,-9,-9,-9,-9,-9,-9,-9,-9,-9,291645002862
MO,MISSOURI,2916450,KEARNEY R-I,2872,KEARNEY MIDDLE,291645002872,No,-9,-9,-9,-9,-9,-9,-9,-9,-9,-9,-9,-9,-9,-9,-9,-9,-9,-9,-9,-9,-9,291645002872
MO,MISSOURI,2916450,KEARNEY R-I,3329,KEARNEY EARLY EDUCATION CENTER,291645003329,No,-9,-9,-9,-9,-9,-9,-9,-9,-9,-9,-9,-9,-9,-9,-9,-9,-9,-9,-9,-9,-9,291645003329
MO,MISSOURI,2916450,KEARNEY R-I,3353,LENS,291645003353,No,-9,-9,-9,-9,-9,-9,-9,-9,-9,-9,-9,-9,-9,-9,-9,-9,-9,-9,-9,-9,-9,291645003353
MO,MISSOURI,2916470,KELSO C-7,895,KELSO ELEM.,291647000895,No,-9,-9,-9,-9,-9,-9,-9,-9,-9,-9,-9,-9,-9,-9,-9,-9,-9,-9,-9,-9,-9,291647000895
MO,MISSOURI,2916500,KENNETT 39,896,H. BYRON MASTERSON ELEM.,291650000896,No,-9,-9,-9,-9,-9,-9,-9,-9,-9,-9,-9,-9,-9,-9,-9,-9,-9,-9,-9,-9,-9,291650000896
MO,MISSOURI,2916500,KENNETT 39,897,KENNETT HIGH,291650000897,No,Yes,2,1,0,0,0,1,0,0,0,3,14,27,1,0,17,32,0,0,0,0,291650000897
MO,MISSOURI,2916500,KENNETT 39,898,KENNETT CAREER  TECH. CTR.,291650000898,No,No,-9,-9,-9,-9,-9,-9,-9,-9,-9,-9,-9,-9,-9,-9,-9,-9,-9,-9,-9,-9,291650000898
MO,MISSOURI,2916500,KENNETT 39,902,SOUTH ELEM.,291650000902,No,-9,-9,-9,-9,-9,-9,-9,-9,-9,-9,-9,-9,-9,-9,-9,-9,-9,-9,-9,-9,-9,291650000902
MO,MISSOURI,2916500,KENNETT 39,2654,KENNETT MIDDLE,291650002654,No,-9,-9,-9,-9,-9,-9,-9,-9,-9,-9,-9,-9,-9,-9,-9,-9,-9,-9,-9,-9,-9,291650002654
MO,MISSOURI,2916500,KENNETT 39,2656,EARLY CHILDHOOD CTR.,291650002656,No,-9,-9,-9,-9,-9,-9,-9,-9,-9,-9,-9,-9,-9,-9,-9,-9,-9,-9,-9,-9,-9,291650002656
MO,MISSOURI,2916530,KEYTESVILLE R-III,904,KEYTESVILLE ELEM.,291653000904,No,Yes,0,0,0,0,0,0,0,0,0,0,1,3,0,0,1,3,0,0,0,0,291653000904
MO,MISSOURI,2916530,KEYTESVILLE R-III,905,KEYTESVILLE HIGH,291653000905,No,Yes,0,0,0,0,0,0,0,0,0,0,3,3,0,0,3,3,0,0,0,0,291653000905
MO,MISSOURI,2916590,KING CITY R-I,906,KING CITY ELEM.,291659000906,No,-9,-9,-9,-9,-9,-9,-9,-9,-9,-9,-9,-9,-9,-9,-9,-9,-9,-9,-9,-9,-9,291659000906
MO,MISSOURI,2916590,KING CITY R-I,907,KING CITY HIGH,291659000907,No,Yes,1,0,0,0,0,1,0,0,0,0,12,10,0,0,13,11,0,0,0,1,291659000907
MO,MISSOURI,2916620,KINGSTON 42,908,KINGSTON ELEM.,291662000908,No,-9,-9,-9,-9,-9,-9,-9,-9,-9,-9,-9,-9,-9,-9,-9,-9,-9,-9,-9,-9,-9,291662000908
MO,MISSOURI,2916660,KINGSVILLE R-I,909,KINGSVILLE ELEM.,291666000909,No,-9,-9,-9,-9,-9,-9,-9,-9,-9,-9,-9,-9,-9,-9,-9,-9,-9,-9,-9,-9,-9,291666000909
MO,MISSOURI,2916660,KINGSVILLE R-I,910,KINGSVILLE HIGH,291666000910,No,Yes,0,0,0,0,0,0,0,0,0,0,5,9,0,0,5,9,0,0,0,0,291666000910
MO,MISSOURI,2916710,KIRBYVILLE R-VI,911,KIRBYVILLE ELEM.,291671000911,No,-9,-9,-9,-9,-9,-9,-9,-9,-9,-9,-9,-9,-9,-9,-9,-9,-9,-9,-9,-9,-9,291671000911
MO,MISSOURI,2916710,KIRBYVILLE R-VI,2824,KIRBYVILLE MIDDLE,291671002824,No,-9,-9,-9,-9,-9,-9,-9,-9,-9,-9,-9,-9,-9,-9,-9,-9,-9,-9,-9,-9,-9,291671002824
MO,MISSOURI,2916740,KIRKSVILLE R-III,915,KIRKSVILLE AREA TECH. CTR.,291674000915,No,No,-9,-9,-9,-9,-9,-9,-9,-9,-9,-9,-9,-9,-9,-9,-9,-9,-9,-9,-9,-9,291674000915
MO,MISSOURI,2916740,KIRKSVILLE R-III,916,KIRKSVILLE SR. HIGH,291674000916,No,Yes,1,0,0,0,0,3,0,0,1,1,39,46,0,1,41,51,0,0,0,1,291674000916
MO,MISSOURI,2916740,KIRKSVILLE R-III,917,RAY MILLER ELEM.,291674000917,No,-9,-9,-9,-9,-9,-9,-9,-9,-9,-9,-9,-9,-9,-9,-9,-9,-9,-9,-9,-9,-9,291674000917
MO,MISSOURI,2916740,KIRKSVILLE R-III,2219,KIRKSVILLE PRIMARY,291674002219,No,-9,-9,-9,-9,-9,-9,-9,-9,-9,-9,-9,-9,-9,-9,-9,-9,-9,-9,-9,-9,-9,291674002219
MO,MISSOURI,2916740,KIRKSVILLE R-III,2611,WILLIAM MATTHEW MIDDLE SCHOOL,291674002611,No,-9,-9,-9,-9,-9,-9,-9,-9,-9,-9,-9,-9,-9,-9,-9,-9,-9,-9,-9,-9,-9,291674002611
MO,MISSOURI,2916740,KIRKSVILLE R-III,99997,Early Childhood Learning Center,291674099997,No,-9,-9,-9,-9,-9,-9,-9,-9,-9,-9,-9,-9,-9,-9,-9,-9,-9,-9,-9,-9,-9,291674099997
MO,MISSOURI,2916740,KIRKSVILLE R-III,99998,Prefered Family Healthcare,291674099998,No,No,-9,-9,-9,-9,-9,-9,-9,-9,-9,-9,-9,-9,-9,-9,-9,-9,-9,-9,-9,-9,291674099998
MO,MISSOURI,2916740,KIRKSVILLE R-III,99999,Bruce Normile Juvenile Justice Center,291674099999,Yes,No,-9,-9,-9,-9,-9,-9,-9,-9,-9,-9,-9,-9,-9,-9,-9,-9,-9,-9,-9,-9,291674099999
MO,MISSOURI,2916770,KIRKWOOD R-VII,920,F. P. TILLMAN ELEM.,291677000920,No,-9,-9,-9,-9,-9,-9,-9,-9,-9,-9,-9,-9,-9,-9,-9,-9,-9,-9,-9,-9,-9,291677000920
MO,MISSOURI,2916770,KIRKWOOD R-VII,921,GEORGE R. ROBINSON ELEM.,291677000921,No,-9,-9,-9,-9,-9,-9,-9,-9,-9,-9,-9,-9,-9,-9,-9,-9,-9,-9,-9,-9,-9,291677000921
MO,MISSOURI,2916770,KIRKWOOD R-VII,923,NIPHER MIDDLE,291677000923,No,-9,-9,-9,-9,-9,-9,-9,-9,-9,-9,-9,-9,-9,-9,-9,-9,-9,-9,-9,-9,-9,291677000923
MO,MISSOURI,2916770,KIRKWOOD R-VII,924,NORTH GLENDALE ELEM.,291677000924,No,-9,-9,-9,-9,-9,-9,-9,-9,-9,-9,-9,-9,-9,-9,-9,-9,-9,-9,-9,-9,-9,291677000924
MO,MISSOURI,2916770,KIRKWOOD R-VII,925,NORTH KIRKWOOD MIDDLE,291677000925,No,-9,-9,-9,-9,-9,-9,-9,-9,-9,-9,-9,-9,-9,-9,-9,-9,-9,-9,-9,-9,-9,291677000925
MO,MISSOURI,2916770,KIRKWOOD R-VII,926,KIRKWOOD SR. HIGH,291677000926,No,Yes,3,1,0,0,2,2,0,0,2,5,91,80,2,1,100,89,0,0,5,3,291677000926
MO,MISSOURI,2916770,KIRKWOOD R-VII,927,W. W. KEYSOR ELEM.,291677000927,No,-9,-9,-9,-9,-9,-9,-9,-9,-9,-9,-9,-9,-9,-9,-9,-9,-9,-9,-9,-9,-9,291677000927
MO,MISSOURI,2916770,KIRKWOOD R-VII,928,WESTCHESTER ELEM.,291677000928,No,-9,-9,-9,-9,-9,-9,-9,-9,-9,-9,-9,-9,-9,-9,-9,-9,-9,-9,-9,-9,-9,291677000928
MO,MISSOURI,2916770,KIRKWOOD R-VII,3031,KIRKWOOD EARLY CHILD. CTR.,291677003031,No,-9,-9,-9,-9,-9,-9,-9,-9,-9,-9,-9,-9,-9,-9,-9,-9,-9,-9,-9,-9,-9,291677003031
MO,MISSOURI,2916830,KNOB NOSTER R-VIII,931,KNOB NOSTER ELEM.,291683000931,No,-9,-9,-9,-9,-9,-9,-9,-9,-9,-9,-9,-9,-9,-9,-9,-9,-9,-9,-9,-9,-9,291683000931
MO,MISSOURI,2916830,KNOB NOSTER R-VIII,932,KNOB NOSTER HIGH,291683000932,No,Yes,8,11,0,0,1,1,1,1,1,4,52,61,1,2,64,80,2,0,3,1,291683000932
MO,MISSOURI,2916830,KNOB NOSTER R-VIII,933,WHITEMAN A.F.B. ELEM.,291683000933,No,-9,-9,-9,-9,-9,-9,-9,-9,-9,-9,-9,-9,-9,-9,-9,-9,-9,-9,-9,-9,-9,291683000933
MO,MISSOURI,2916830,KNOB NOSTER R-VIII,2290,KNOB NOSTER MIDDLE,291683002290,No,-9,-9,-9,-9,-9,-9,-9,-9,-9,-9,-9,-9,-9,-9,-9,-9,-9,-9,-9,-9,-9,291683002290
MO,MISSOURI,2916860,OREGON-HOWELL R-III,934,KOSHKONONG ELEM.,291686000934,No,-9,-9,-9,-9,-9,-9,-9,-9,-9,-9,-9,-9,-9,-9,-9,-9,-9,-9,-9,-9,-9,291686000934
MO,MISSOURI,2916860,OREGON-HOWELL R-III,935,KOSHKONONG HIGH,291686000935,No,No,-9,-9,-9,-9,-9,-9,-9,-9,-9,-9,-9,-9,-9,-9,-9,-9,-9,-9,-9,-9,291686000935
MO,MISSOURI,2916920,LA MONTE R-IV,936,LA MONTE ELEM.,291692000936,No,-9,-9,-9,-9,-9,-9,-9,-9,-9,-9,-9,-9,-9,-9,-9,-9,-9,-9,-9,-9,-9,291692000936
MO,MISSOURI,2916920,LA MONTE R-IV,937,LA MONTE HIGH,291692000937,No,Yes,2,3,0,0,0,0,0,0,0,0,2,1,0,0,4,4,1,3,0,0,291692000937
MO,MISSOURI,2916950,LA PLATA R-II,938,LA PLATA ELEM.,291695000938,No,-9,-9,-9,-9,-9,-9,-9,-9,-9,-9,-9,-9,-9,-9,-9,-9,-9,-9,-9,-9,-9,291695000938
MO,MISSOURI,2916950,LA PLATA R-II,939,LA PLATA HIGH,291695000939,No,Yes,0,0,0,0,0,0,0,0,0,0,5,9,0,0,5,9,0,0,0,0,291695000939
MO,MISSOURI,2917000,LACLEDE CO. C-5,940,JOEL E. BARBER ELEM.,291700000940,No,-9,-9,-9,-9,-9,-9,-9,-9,-9,-9,-9,-9,-9,-9,-9,-9,-9,-9,-9,-9,-9,291700000940
MO,MISSOURI,2917820,LADUE,942,CONWAY ELEM.,291782000942,No,-9,-9,-9,-9,-9,-9,-9,-9,-9,-9,-9,-9,-9,-9,-9,-9,-9,-9,-9,-9,-9,291782000942
MO,MISSOURI,2917820,LADUE,944,LADUE MIDDLE,291782000944,No,-9,-9,-9,-9,-9,-9,-9,-9,-9,-9,-9,-9,-9,-9,-9,-9,-9,-9,-9,-9,-9,291782000944
MO,MISSOURI,2917820,LADUE,946,LADUE HORTON WATKINS HIGH,291782000946,No,No,-9,-9,-9,-9,-9,-9,-9,-9,-9,-9,-9,-9,-9,-9,-9,-9,-9,-9,-9,-9,291782000946
MO,MISSOURI,2917820,LADUE,947,OLD BONHOMME ELEM.,291782000947,No,-9,-9,-9,-9,-9,-9,-9,-9,-9,-9,-9,-9,-9,-9,-9,-9,-9,-9,-9,-9,-9,291782000947
MO,MISSOURI,2917820,LADUE,949,REED ELEM.,291782000949,No,-9,-9,-9,-9,-9,-9,-9,-9,-9,-9,-9,-9,-9,-9,-9,-9,-9,-9,-9,-9,-9,291782000949
MO,MISSOURI,2917820,LADUE,950,SPOEDE ELEM.,291782000950,No,-9,-9,-9,-9,-9,-9,-9,-9,-9,-9,-9,-9,-9,-9,-9,-9,-9,-9,-9,-9,-9,291782000950
MO,MISSOURI,2917820,LADUE,3236,LADUE FIFTH GRADE CENTER,291782003236,No,-9,-9,-9,-9,-9,-9,-9,-9,-9,-9,-9,-9,-9,-9,-9,-9,-9,-9,-9,-9,-9,291782003236
MO,MISSOURI,2917820,LADUE,3279,LADUE EARLY CHILDHOOD CENTER,291782003279,No,-9,-9,-9,-9,-9,-9,-9,-9,-9,-9,-9,-9,-9,-9,-9,-9,-9,-9,-9,-9,-9,291782003279
MO,MISSOURI,2917850,LAMAR R-I,953,LAMAR ELEM.,291785000953,No,-9,-9,-9,-9,-9,-9,-9,-9,-9,-9,-9,-9,-9,-9,-9,-9,-9,-9,-9,-9,-9,291785000953
MO,MISSOURI,2917850,LAMAR R-I,954,LAMAR HIGH,291785000954,No,Yes,1,0,0,0,0,0,0,0,0,0,8,14,1,0,10,14,0,0,0,0,291785000954
MO,MISSOURI,2917850,LAMAR R-I,955,LAMAR CAREERTECHNICAL CENTER,291785000955,No,No,-9,-9,-9,-9,-9,-9,-9,-9,-9,-9,-9,-9,-9,-9,-9,-9,-9,-9,-9,-9,291785000955
MO,MISSOURI,2917850,LAMAR R-I,1487,LOCKWOOD SPECL. EDUC. COOP.,291785001487,No,-9,-9,-9,-9,-9,-9,-9,-9,-9,-9,-9,-9,-9,-9,-9,-9,-9,-9,-9,-9,-9,291785001487
MO,MISSOURI,2917850,LAMAR R-I,2467,LAMAR MIDDLE,291785002467,No,-9,-9,-9,-9,-9,-9,-9,-9,-9,-9,-9,-9,-9,-9,-9,-9,-9,-9,-9,-9,-9,291785002467
MO,MISSOURI,2917850,LAMAR R-I,2720,EAST ELEM.,291785002720,No,-9,-9,-9,-9,-9,-9,-9,-9,-9,-9,-9,-9,-9,-9,-9,-9,-9,-9,-9,-9,-9,291785002720
MO,MISSOURI,2917880,LAQUEY R-V,956,LAQUEY R-V ELEM.,291788000956,No,-9,-9,-9,-9,-9,-9,-9,-9,-9,-9,-9,-9,-9,-9,-9,-9,-9,-9,-9,-9,-9,291788000956
MO,MISSOURI,2917880,LAQUEY R-V,957,LAQUEY R-V HIGH,291788000957,No,Yes,1,0,0,0,0,0,0,0,0,0,4,16,0,0,5,16,0,0,0,0,291788000957
MO,MISSOURI,2917910,LAREDO R-VII,958,LAREDO ELEM.,291791000958,No,-9,-9,-9,-9,-9,-9,-9,-9,-9,-9,-9,-9,-9,-9,-9,-9,-9,-9,-9,-9,-9,291791000958
MO,MISSOURI,2917970,LATHROP R-II,959,LATHROP ELEM.,291797000959,No,-9,-9,-9,-9,-9,-9,-9,-9,-9,-9,-9,-9,-9,-9,-9,-9,-9,-9,-9,-9,-9,291797000959
MO,MISSOURI,2917970,LATHROP R-II,960,LATHROP HIGH,291797000960,No,Yes,0,0,0,0,0,2,0,0,0,0,14,24,0,0,14,26,0,0,0,1,291797000960
MO,MISSOURI,2917970,LATHROP R-II,1684,LATHROP MIDDLE,291797001684,No,-9,-9,-9,-9,-9,-9,-9,-9,-9,-9,-9,-9,-9,-9,-9,-9,-9,-9,-9,-9,-9,291797001684
MO,MISSOURI,2918220,LAWSON R-XIV,961,LAWSON MIDDLE,291822000961,No,-9,-9,-9,-9,-9,-9,-9,-9,-9,-9,-9,-9,-9,-9,-9,-9,-9,-9,-9,-9,-9,291822000961
MO,MISSOURI,2918220,LAWSON R-XIV,962,LAWSON HIGH,291822000962,No,Yes,0,0,0,0,0,0,0,0,0,0,5,5,0,0,5,5,0,0,0,0,291822000962
MO,MISSOURI,2918220,LAWSON R-XIV,964,SOUTHWEST ELEM.,291822000964,No,-9,-9,-9,-9,-9,-9,-9,-9,-9,-9,-9,-9,-9,-9,-9,-9,-9,-9,-9,-9,-9,291822000964
MO,MISSOURI,2918240,WEST ST. FRANCOIS CO. R-IV,965,WEST COUNTY ELEM.,291824000965,No,-9,-9,-9,-9,-9,-9,-9,-9,-9,-9,-9,-9,-9,-9,-9,-9,-9,-9,-9,-9,-9,291824000965
MO,MISSOURI,2918240,WEST ST. FRANCOIS CO. R-IV,966,WEST COUNTY HIGH,291824000966,No,Yes,0,0,0,0,0,0,0,0,0,0,4,7,0,0,4,7,0,0,0,0,291824000966
MO,MISSOURI,2918240,WEST ST. FRANCOIS CO. R-IV,1091,WEST COUNTY MIDDLE,291824001091,No,-9,-9,-9,-9,-9,-9,-9,-9,-9,-9,-9,-9,-9,-9,-9,-9,-9,-9,-9,-9,-9,291824001091
MO,MISSOURI,2918270,LEBANON R-III,970,LEBANON TECH.  CAREER CTR.,291827000970,No,Yes,0,0,0,0,0,0,0,0,0,0,0,0,0,0,0,0,0,0,0,0,291827000970
MO,MISSOURI,2918270,LEBANON R-III,971,LEBANON MIDDLE SCHOOL,291827000971,No,-9,-9,-9,-9,-9,-9,-9,-9,-9,-9,-9,-9,-9,-9,-9,-9,-9,-9,-9,-9,-9,291827000971
MO,MISSOURI,2918270,LEBANON R-III,972,LEBANON SR. HIGH,291827000972,No,Yes,0,2,0,1,2,2,0,0,0,1,62,100,4,2,68,108,0,0,0,0,291827000972
MO,MISSOURI,2918270,LEBANON R-III,973,MAPLECREST ELEM.,291827000973,No,-9,-9,-9,-9,-9,-9,-9,-9,-9,-9,-9,-9,-9,-9,-9,-9,-9,-9,-9,-9,-9,291827000973
MO,MISSOURI,2918270,LEBANON R-III,974,BOSWELL ELEM.,291827000974,No,-9,-9,-9,-9,-9,-9,-9,-9,-9,-9,-9,-9,-9,-9,-9,-9,-9,-9,-9,-9,-9,291827000974
MO,MISSOURI,2918270,LEBANON R-III,975,JOE D. ESTHER ELEM.,291827000975,No,-9,-9,-9,-9,-9,-9,-9,-9,-9,-9,-9,-9,-9,-9,-9,-9,-9,-9,-9,-9,-9,291827000975
MO,MISSOURI,2918300,LEE'S SUMMIT R-VII,222,BERNARD C. CAMPBELL MIDDLE,291830000222,No,-9,-9,-9,-9,-9,-9,-9,-9,-9,-9,-9,-9,-9,-9,-9,-9,-9,-9,-9,-9,-9,291830000222
MO,MISSOURI,2918300,LEE'S SUMMIT R-VII,523,RICHARDSON ELEM.,291830000523,No,-9,-9,-9,-9,-9,-9,-9,-9,-9,-9,-9,-9,-9,-9,-9,-9,-9,-9,-9,-9,-9,291830000523
MO,MISSOURI,2918300,LEE'S SUMMIT R-VII,544,TRAILRIDGE ELEM.,291830000544,No,-9,-9,-9,-9,-9,-9,-9,-9,-9,-9,-9,-9,-9,-9,-9,-9,-9,-9,-9,-9,-9,291830000544
MO,MISSOURI,2918300,LEE'S SUMMIT R-VII,976,GREENWOOD ELEM.,291830000976,No,-9,-9,-9,-9,-9,-9,-9,-9,-9,-9,-9,-9,-9,-9,-9,-9,-9,-9,-9,-9,-9,291830000976
MO,MISSOURI,2918300,LEE'S SUMMIT R-VII,977,HAZEL GROVE ELEM.,291830000977,No,-9,-9,-9,-9,-9,-9,-9,-9,-9,-9,-9,-9,-9,-9,-9,-9,-9,-9,-9,-9,-9,291830000977
MO,MISSOURI,2918300,LEE'S SUMMIT R-VII,978,LEE'S SUMMIT ELEM.,291830000978,No,-9,-9,-9,-9,-9,-9,-9,-9,-9,-9,-9,-9,-9,-9,-9,-9,-9,-9,-9,-9,-9,291830000978
MO,MISSOURI,2918300,LEE'S SUMMIT R-VII,979,MASON ELEM.,291830000979,No,-9,-9,-9,-9,-9,-9,-9,-9,-9,-9,-9,-9,-9,-9,-9,-9,-9,-9,-9,-9,-9,291830000979
MO,MISSOURI,2918300,LEE'S SUMMIT R-VII,980,MEADOW LANE ELEM.,291830000980,No,-9,-9,-9,-9,-9,-9,-9,-9,-9,-9,-9,-9,-9,-9,-9,-9,-9,-9,-9,-9,-9,291830000980
MO,MISSOURI,2918300,LEE'S SUMMIT R-VII,981,PLEASANT LEA ELEM.,291830000981,No,-9,-9,-9,-9,-9,-9,-9,-9,-9,-9,-9,-9,-9,-9,-9,-9,-9,-9,-9,-9,-9,291830000981
MO,MISSOURI,2918300,LEE'S SUMMIT R-VII,982,PLEASANT LEA MIDDLE,291830000982,No,-9,-9,-9,-9,-9,-9,-9,-9,-9,-9,-9,-9,-9,-9,-9,-9,-9,-9,-9,-9,-9,291830000982
MO,MISSOURI,2918300,LEE'S SUMMIT R-VII,983,LEE'S SUMMIT SR. HIGH,291830000983,No,Yes,16,20,0,0,8,10,0,0,12,24,153,207,12,18,201,279,1,3,16,22,291830000983
MO,MISSOURI,2918300,LEE'S SUMMIT R-VII,984,WESTVIEW ELEM.,291830000984,No,-9,-9,-9,-9,-9,-9,-9,-9,-9,-9,-9,-9,-9,-9,-9,-9,-9,-9,-9,-9,-9,291830000984
MO,MISSOURI,2918300,LEE'S SUMMIT R-VII,1481,LEE'S SUMMIT NORTH HIGH,291830001481,No,Yes,14,22,0,1,3,14,0,1,26,32,160,198,7,15,210,283,0,0,15,23,291830001481
MO,MISSOURI,2918300,LEE'S SUMMIT R-VII,1971,CEDAR CREEK ELEM.,291830001971,No,-9,-9,-9,-9,-9,-9,-9,-9,-9,-9,-9,-9,-9,-9,-9,-9,-9,-9,-9,-9,-9,291830001971
MO,MISSOURI,2918300,LEE'S SUMMIT R-VII,2291,PRAIRIE VIEW ELEM.,291830002291,No,-9,-9,-9,-9,-9,-9,-9,-9,-9,-9,-9,-9,-9,-9,-9,-9,-9,-9,-9,-9,-9,291830002291
MO,MISSOURI,2918300,LEE'S SUMMIT R-VII,2311,HIGHLAND PARK ELEM.,291830002311,No,-9,-9,-9,-9,-9,-9,-9,-9,-9,-9,-9,-9,-9,-9,-9,-9,-9,-9,-9,-9,-9,291830002311
MO,MISSOURI,2918300,LEE'S SUMMIT R-VII,2612,GREAT BEGINNINGS EARLY ED CTR.,291830002612,No,-9,-9,-9,-9,-9,-9,-9,-9,-9,-9,-9,-9,-9,-9,-9,-9,-9,-9,-9,-9,-9,291830002612
MO,MISSOURI,2918300,LEE'S SUMMIT R-VII,2614,HILLTOP SCHOOL,291830002614,Yes,No,-9,-9,-9,-9,-9,-9,-9,-9,-9,-9,-9,-9,-9,-9,-9,-9,-9,-9,-9,-9,291830002614
MO,MISSOURI,2918300,LEE'S SUMMIT R-VII,2669,UNDERWOOD ELEM.,291830002669,No,-9,-9,-9,-9,-9,-9,-9,-9,-9,-9,-9,-9,-9,-9,-9,-9,-9,-9,-9,-9,-9,291830002669
MO,MISSOURI,2918300,LEE'S SUMMIT R-VII,2775,HAWTHORN HILL ELEM.,291830002775,No,-9,-9,-9,-9,-9,-9,-9,-9,-9,-9,-9,-9,-9,-9,-9,-9,-9,-9,-9,-9,-9,291830002775
MO,MISSOURI,2918300,LEE'S SUMMIT R-VII,2776,WOODLAND ELEM.,291830002776,No,-9,-9,-9,-9,-9,-9,-9,-9,-9,-9,-9,-9,-9,-9,-9,-9,-9,-9,-9,-9,-9,291830002776
MO,MISSOURI,2918300,LEE'S SUMMIT R-VII,2795,LEE'S SUMMIT WEST HIGH,291830002795,No,Yes,15,23,0,0,8,12,0,0,12,28,222,231,9,14,266,308,0,1,22,25,291830002795
MO,MISSOURI,2918300,LEE'S SUMMIT R-VII,2806,SUMMIT LAKES MIDDLE,291830002806,No,-9,-9,-9,-9,-9,-9,-9,-9,-9,-9,-9,-9,-9,-9,-9,-9,-9,-9,-9,-9,-9,291830002806
MO,MISSOURI,2918300,LEE'S SUMMIT R-VII,2867,LONGVIEW FARM ELEM.,291830002867,No,-9,-9,-9,-9,-9,-9,-9,-9,-9,-9,-9,-9,-9,-9,-9,-9,-9,-9,-9,-9,-9,291830002867
MO,MISSOURI,2918300,LEE'S SUMMIT R-VII,3010,SUMMIT POINTE ELEM.,291830003010,No,-9,-9,-9,-9,-9,-9,-9,-9,-9,-9,-9,-9,-9,-9,-9,-9,-9,-9,-9,-9,-9,291830003010
MO,MISSOURI,2918300,LEE'S SUMMIT R-VII,3134,SUNSET VALLEY ELEM.,291830003134,No,-9,-9,-9,-9,-9,-9,-9,-9,-9,-9,-9,-9,-9,-9,-9,-9,-9,-9,-9,-9,-9,291830003134
MO,MISSOURI,2918300,LEE'S SUMMIT R-VII,3135,MILLER PARK CENTER,291830003135,No,No,-9,-9,-9,-9,-9,-9,-9,-9,-9,-9,-9,-9,-9,-9,-9,-9,-9,-9,-9,-9,291830003135
MO,MISSOURI,2918330,LEESVILLE R-IX,985,LEESVILLE ELEM.,291833000985,No,-9,-9,-9,-9,-9,-9,-9,-9,-9,-9,-9,-9,-9,-9,-9,-9,-9,-9,-9,-9,-9,291833000985
MO,MISSOURI,2918360,LEETON R-X,986,LEETON ELEM.,291836000986,No,-9,-9,-9,-9,-9,-9,-9,-9,-9,-9,-9,-9,-9,-9,-9,-9,-9,-9,-9,-9,-9,291836000986
MO,MISSOURI,2918360,LEETON R-X,987,LEETON HIGH,291836000987,No,Yes,0,0,0,1,0,1,0,0,0,0,13,16,0,0,13,18,0,0,0,0,291836000987
MO,MISSOURI,2918360,LEETON R-X,2812,LEETON MIDDLE,291836002812,No,-9,-9,-9,-9,-9,-9,-9,-9,-9,-9,-9,-9,-9,-9,-9,-9,-9,-9,-9,-9,-9,291836002812
MO,MISSOURI,2918420,LEOPOLD R-III,988,LEOPOLD ELEM.,291842000988,No,-9,-9,-9,-9,-9,-9,-9,-9,-9,-9,-9,-9,-9,-9,-9,-9,-9,-9,-9,-9,-9,291842000988
MO,MISSOURI,2918420,LEOPOLD R-III,989,LEOPOLD HIGH,291842000989,No,Yes,0,0,0,0,0,0,0,0,0,0,8,6,0,0,8,6,0,0,0,0,291842000989
MO,MISSOURI,2918450,LESTERVILLE R-IV,990,LESTERVILLE ELEMENTARY,291845000990,No,-9,-9,-9,-9,-9,-9,-9,-9,-9,-9,-9,-9,-9,-9,-9,-9,-9,-9,-9,-9,-9,291845000990
MO,MISSOURI,2918450,LESTERVILLE R-IV,991,LESTERVILLE HIGH SCHOOL,291845000991,No,Yes,0,0,0,0,0,0,0,0,0,0,5,8,0,0,5,8,0,0,0,0,291845000991
MO,MISSOURI,2918450,LESTERVILLE R-IV,2667,ALTERNATIVE SCHOOL,291845002667,No,No,-9,-9,-9,-9,-9,-9,-9,-9,-9,-9,-9,-9,-9,-9,-9,-9,-9,-9,-9,-9,291845002667
MO,MISSOURI,2918460,LEWIS CO. C-1,993,HIGHLAND JR.-SR. HIGH,291846000993,No,Yes,0,0,0,0,0,0,0,0,0,0,11,14,0,0,11,14,0,0,0,0,291846000993
MO,MISSOURI,2918460,LEWIS CO. C-1,1989,HIGHLAND ELEM.,291846001989,No,-9,-9,-9,-9,-9,-9,-9,-9,-9,-9,-9,-9,-9,-9,-9,-9,-9,-9,-9,-9,-9,291846001989
MO,MISSOURI,2918480,LEXINGTON R-V,998,LESLIE BELL ELEM.,291848000998,No,-9,-9,-9,-9,-9,-9,-9,-9,-9,-9,-9,-9,-9,-9,-9,-9,-9,-9,-9,-9,-9,291848000998
MO,MISSOURI,2918480,LEXINGTON R-V,1000,LEXINGTON MIDDLE,291848001000,No,-9,-9,-9,-9,-9,-9,-9,-9,-9,-9,-9,-9,-9,-9,-9,-9,-9,-9,-9,-9,-9,291848001000
MO,MISSOURI,2918480,LEXINGTON R-V,1001,LEXINGTON HIGH,291848001001,No,Yes,0,0,0,0,0,1,0,0,0,0,4,33,1,1,5,35,0,0,0,0,291848001001
MO,MISSOURI,2918510,LIBERAL R-II,1002,LIBERAL ELEM.,291851001002,No,-9,-9,-9,-9,-9,-9,-9,-9,-9,-9,-9,-9,-9,-9,-9,-9,-9,-9,-9,-9,-9,291851001002
MO,MISSOURI,2918510,LIBERAL R-II,1003,LIBERAL HIGH,291851001003,No,Yes,0,0,0,0,0,0,0,0,0,0,3,6,0,0,3,6,0,0,0,0,291851001003
MO,MISSOURI,2918510,LIBERAL R-II,2719,LIBERAL MIDDLE,291851002719,No,-9,-9,-9,-9,-9,-9,-9,-9,-9,-9,-9,-9,-9,-9,-9,-9,-9,-9,-9,-9,-9,291851002719
MO,MISSOURI,2918540,LIBERTY 53,1004,ALEXANDER DONIPHAN ELEM.,291854001004,No,-9,-9,-9,-9,-9,-9,-9,-9,-9,-9,-9,-9,-9,-9,-9,-9,-9,-9,-9,-9,-9,291854001004
MO,MISSOURI,2918540,LIBERTY 53,1005,FRANKLIN ELEM.,291854001005,No,-9,-9,-9,-9,-9,-9,-9,-9,-9,-9,-9,-9,-9,-9,-9,-9,-9,-9,-9,-9,-9,291854001005
MO,MISSOURI,2918540,LIBERTY 53,1007,LEWIS AND CLARK ELEM.,291854001007,No,-9,-9,-9,-9,-9,-9,-9,-9,-9,-9,-9,-9,-9,-9,-9,-9,-9,-9,-9,-9,-9,291854001007
MO,MISSOURI,2918540,LIBERTY 53,1009,MANOR HILL ELEM.,291854001009,No,-9,-9,-9,-9,-9,-9,-9,-9,-9,-9,-9,-9,-9,-9,-9,-9,-9,-9,-9,-9,-9,291854001009
MO,MISSOURI,2918540,LIBERTY 53,1010,RIDGEVIEW ELEM.,291854001010,No,-9,-9,-9,-9,-9,-9,-9,-9,-9,-9,-9,-9,-9,-9,-9,-9,-9,-9,-9,-9,-9,291854001010
MO,MISSOURI,2918540,LIBERTY 53,1011,LIBERTY HIGH,291854001011,No,Yes,14,11,2,0,17,11,0,1,9,6,178,191,5,10,225,230,2,2,6,7,291854001011
MO,MISSOURI,2918540,LIBERTY 53,1665,LIBERTY ACADEMY,291854001665,No,No,-9,-9,-9,-9,-9,-9,-9,-9,-9,-9,-9,-9,-9,-9,-9,-9,-9,-9,-9,-9,291854001665
MO,MISSOURI,2918540,LIBERTY 53,2615,EARLY CHILD. EDUCATION CTR.,291854002615,No,-9,-9,-9,-9,-9,-9,-9,-9,-9,-9,-9,-9,-9,-9,-9,-9,-9,-9,-9,-9,-9,291854002615
MO,MISSOURI,2918540,LIBERTY 53,2616,LIBERTY MIDDLE SCHOOL,291854002616,No,-9,-9,-9,-9,-9,-9,-9,-9,-9,-9,-9,-9,-9,-9,-9,-9,-9,-9,-9,-9,-9,291854002616
MO,MISSOURI,2918540,LIBERTY 53,2658,JUVENILE JUSTICE CTR.,291854002658,Yes,No,-9,-9,-9,-9,-9,-9,-9,-9,-9,-9,-9,-9,-9,-9,-9,-9,-9,-9,-9,-9,291854002658
MO,MISSOURI,2918540,LIBERTY 53,2729,LILLIAN SCHUMACHER ELEM.,291854002729,No,-9,-9,-9,-9,-9,-9,-9,-9,-9,-9,-9,-9,-9,-9,-9,-9,-9,-9,-9,-9,-9,291854002729
MO,MISSOURI,2918540,LIBERTY 53,2800,SOUTH VALLEY MIDDLE,291854002800,No,-9,-9,-9,-9,-9,-9,-9,-9,-9,-9,-9,-9,-9,-9,-9,-9,-9,-9,-9,-9,-9,291854002800
MO,MISSOURI,2918540,LIBERTY 53,2804,SHOAL CREEK ELEM.,291854002804,No,-9,-9,-9,-9,-9,-9,-9,-9,-9,-9,-9,-9,-9,-9,-9,-9,-9,-9,-9,-9,-9,291854002804
MO,MISSOURI,2918540,LIBERTY 53,2863,LIBERTY OAKS ELEM.,291854002863,No,-9,-9,-9,-9,-9,-9,-9,-9,-9,-9,-9,-9,-9,-9,-9,-9,-9,-9,-9,-9,-9,291854002863
MO,MISSOURI,2918540,LIBERTY 53,2902,WARREN HILLS ELEM.,291854002902,No,-9,-9,-9,-9,-9,-9,-9,-9,-9,-9,-9,-9,-9,-9,-9,-9,-9,-9,-9,-9,-9,291854002902
MO,MISSOURI,2918540,LIBERTY 53,3113,KELLYBROOK ELEM SCHOOL,291854003113,No,-9,-9,-9,-9,-9,-9,-9,-9,-9,-9,-9,-9,-9,-9,-9,-9,-9,-9,-9,-9,-9,291854003113
MO,MISSOURI,2918540,LIBERTY 53,3148,LIBERTY NORTH HIGH SCHOOL,291854003148,No,Yes,21,18,0,1,11,13,1,1,4,18,201,264,6,8,244,323,0,1,6,7,291854003148
MO,MISSOURI,2918540,LIBERTY 53,3226,DISCOVERY MIDDLE SCHOOL,291854003226,No,-9,-9,-9,-9,-9,-9,-9,-9,-9,-9,-9,-9,-9,-9,-9,-9,-9,-9,-9,-9,-9,291854003226
MO,MISSOURI,2918540,LIBERTY 53,3238,HERITAGE MIDDLE SCHOOL,291854003238,No,-9,-9,-9,-9,-9,-9,-9,-9,-9,-9,-9,-9,-9,-9,-9,-9,-9,-9,-9,-9,-9,291854003238
MO,MISSOURI,2918540,LIBERTY 53,3253,EPIC ELEMENTARY,291854003253,No,-9,-9,-9,-9,-9,-9,-9,-9,-9,-9,-9,-9,-9,-9,-9,-9,-9,-9,-9,-9,-9,291854003253
MO,MISSOURI,2918600,LICKING R-VIII,1013,LICKING ELEM.,291860001013,No,-9,-9,-9,-9,-9,-9,-9,-9,-9,-9,-9,-9,-9,-9,-9,-9,-9,-9,-9,-9,-9,291860001013
MO,MISSOURI,2918600,LICKING R-VIII,1014,LICKING HIGH,291860001014,No,Yes,0,0,0,0,0,0,0,0,0,0,8,22,0,0,8,22,0,0,0,0,291860001014
MO,MISSOURI,2918670,LINCOLN R-II,1015,LINCOLN ELEM.,291867001015,No,-9,-9,-9,-9,-9,-9,-9,-9,-9,-9,-9,-9,-9,-9,-9,-9,-9,-9,-9,-9,-9,291867001015
MO,MISSOURI,2918670,LINCOLN R-II,1016,LINCOLN HIGH,291867001016,No,Yes,0,0,0,0,0,0,0,0,0,1,5,7,0,0,5,8,0,0,0,0,291867001016
MO,MISSOURI,2918690,LINDBERGH SCHOOLS,1018,CRESTWOOD ELEMENTARY,291869001018,No,-9,-9,-9,-9,-9,-9,-9,-9,-9,-9,-9,-9,-9,-9,-9,-9,-9,-9,-9,-9,-9,291869001018
MO,MISSOURI,2918690,LINDBERGH SCHOOLS,1021,KENNERLY ELEMENTARY,291869001021,No,-9,-9,-9,-9,-9,-9,-9,-9,-9,-9,-9,-9,-9,-9,-9,-9,-9,-9,-9,-9,-9,291869001021
MO,MISSOURI,2918690,LINDBERGH SCHOOLS,1022,LONG ELEMENTARY,291869001022,No,-9,-9,-9,-9,-9,-9,-9,-9,-9,-9,-9,-9,-9,-9,-9,-9,-9,-9,-9,-9,-9,291869001022
MO,MISSOURI,2918690,LINDBERGH SCHOOLS,1024,SPERRENG MIDDLE SCHOOL,291869001024,No,-9,-9,-9,-9,-9,-9,-9,-9,-9,-9,-9,-9,-9,-9,-9,-9,-9,-9,-9,-9,-9,291869001024
MO,MISSOURI,2918690,LINDBERGH SCHOOLS,1025,SAPPINGTON ELEMENTARY,291869001025,No,-9,-9,-9,-9,-9,-9,-9,-9,-9,-9,-9,-9,-9,-9,-9,-9,-9,-9,-9,-9,-9,291869001025
MO,MISSOURI,2918690,LINDBERGH SCHOOLS,1026,LINDBERGH HIGH SCHOOL,291869001026,No,Yes,1,0,0,0,0,0,0,0,0,0,2,4,0,0,3,4,0,0,0,0,291869001026
MO,MISSOURI,2918690,LINDBERGH SCHOOLS,2468,CONCORD ELEMENTARY,291869002468,No,-9,-9,-9,-9,-9,-9,-9,-9,-9,-9,-9,-9,-9,-9,-9,-9,-9,-9,-9,-9,-9,291869002468
MO,MISSOURI,2918690,LINDBERGH SCHOOLS,3200,TRUMAN MIDDLE SCHOOL,291869003200,No,-9,-9,-9,-9,-9,-9,-9,-9,-9,-9,-9,-9,-9,-9,-9,-9,-9,-9,-9,-9,-9,291869003200
MO,MISSOURI,2918690,LINDBERGH SCHOOLS,3278,EARLY CHILDHOOD ED CENTER,291869003278,No,-9,-9,-9,-9,-9,-9,-9,-9,-9,-9,-9,-9,-9,-9,-9,-9,-9,-9,-9,-9,-9,291869003278
MO,MISSOURI,2918690,LINDBERGH SCHOOLS,3306,DRESSEL ELEMENTARY,291869003306,No,-9,-9,-9,-9,-9,-9,-9,-9,-9,-9,-9,-9,-9,-9,-9,-9,-9,-9,-9,-9,-9,291869003306
MO,MISSOURI,2919080,OSAGE CO. R-II,1029,OSAGE CO. ELEM.,291908001029,No,-9,-9,-9,-9,-9,-9,-9,-9,-9,-9,-9,-9,-9,-9,-9,-9,-9,-9,-9,-9,-9,291908001029
MO,MISSOURI,2919080,OSAGE CO. R-II,1030,LINN HIGH,291908001030,No,Yes,0,0,0,0,0,0,0,0,0,0,1,10,0,0,1,10,0,0,0,0,291908001030
MO,MISSOURI,2919140,LOCKWOOD R-I,1032,LOCKWOOD ELEM.,291914001032,No,-9,-9,-9,-9,-9,-9,-9,-9,-9,-9,-9,-9,-9,-9,-9,-9,-9,-9,-9,-9,-9,291914001032
MO,MISSOURI,2919140,LOCKWOOD R-I,1033,LOCKWOOD HIGH,291914001033,No,Yes,0,0,0,0,1,0,0,0,0,0,13,3,0,1,14,4,0,0,0,0,291914001033
MO,MISSOURI,2919140,LOCKWOOD R-I,3283,LOCKWOOD MIDDLE SCHOOL,291914003283,No,-9,-9,-9,-9,-9,-9,-9,-9,-9,-9,-9,-9,-9,-9,-9,-9,-9,-9,-9,-9,-9,291914003283
MO,MISSOURI,2919170,LOGAN-ROGERSVILLE R-VIII,1037,LOGAN-ROGERSVILLE HIGH,291917001037,No,Yes,1,1,0,0,0,3,0,1,1,0,89,108,4,4,95,117,1,0,2,1,291917001037
MO,MISSOURI,2919170,LOGAN-ROGERSVILLE R-VIII,2433,LOGAN-ROGERSVILLE MIDDLE,291917002433,No,-9,-9,-9,-9,-9,-9,-9,-9,-9,-9,-9,-9,-9,-9,-9,-9,-9,-9,-9,-9,-9,291917002433
MO,MISSOURI,2919170,LOGAN-ROGERSVILLE R-VIII,2434,LOGAN-ROGERSVILLE PRIMARY,291917002434,No,-9,-9,-9,-9,-9,-9,-9,-9,-9,-9,-9,-9,-9,-9,-9,-9,-9,-9,-9,-9,-9,291917002434
MO,MISSOURI,2919170,LOGAN-ROGERSVILLE R-VIII,2677,LOGAN-ROGERSVILLE UPPER ELEM.,291917002677,No,-9,-9,-9,-9,-9,-9,-9,-9,-9,-9,-9,-9,-9,-9,-9,-9,-9,-9,-9,-9,-9,291917002677
MO,MISSOURI,2919170,LOGAN-ROGERSVILLE R-VIII,3128,LOGAN-ROGERSVILLE ELEMENTARY,291917003128,No,-9,-9,-9,-9,-9,-9,-9,-9,-9,-9,-9,-9,-9,-9,-9,-9,-9,-9,-9,-9,-9,291917003128
MO,MISSOURI,2919200,LONEDELL R-14,1038,LONEDELL R-14 SCHOOL DISTRICT,291920001038,No,-9,-9,-9,-9,-9,-9,-9,-9,-9,-9,-9,-9,-9,-9,-9,-9,-9,-9,-9,-9,-9,291920001038
MO,MISSOURI,2919230,LONE JACK C-6,1039,LONE JACK ELEM.,291923001039,No,-9,-9,-9,-9,-9,-9,-9,-9,-9,-9,-9,-9,-9,-9,-9,-9,-9,-9,-9,-9,-9,291923001039
MO,MISSOURI,2919230,LONE JACK C-6,1040,LONE JACK HIGH,291923001040,No,Yes,0,0,2,1,2,0,0,0,0,0,10,20,0,0,14,21,0,0,0,0,291923001040
MO,MISSOURI,2919260,LOUISIANA R-II,1041,LOUISIANA MIDDLE,291926001041,No,-9,-9,-9,-9,-9,-9,-9,-9,-9,-9,-9,-9,-9,-9,-9,-9,-9,-9,-9,-9,-9,291926001041
MO,MISSOURI,2919260,LOUISIANA R-II,1042,LOUISIANA ELEM.,291926001042,No,-9,-9,-9,-9,-9,-9,-9,-9,-9,-9,-9,-9,-9,-9,-9,-9,-9,-9,-9,-9,-9,291926001042
MO,MISSOURI,2919260,LOUISIANA R-II,1043,LOUISIANA HIGH,291926001043,No,Yes,0,0,0,0,0,0,0,0,0,0,14,12,0,0,14,12,0,0,0,0,291926001043
MO,MISSOURI,2919350,WOODLAND R-IV,1045,WOODLAND ELEM.,291935001045,No,-9,-9,-9,-9,-9,-9,-9,-9,-9,-9,-9,-9,-9,-9,-9,-9,-9,-9,-9,-9,-9,291935001045
MO,MISSOURI,2919350,WOODLAND R-IV,1046,WOODLAND HIGH,291935001046,No,Yes,0,0,0,0,0,0,0,0,0,0,7,18,0,0,7,18,0,0,0,0,291935001046
MO,MISSOURI,2919350,WOODLAND R-IV,2985,WOODLAND MIDDLE,291935002985,No,-9,-9,-9,-9,-9,-9,-9,-9,-9,-9,-9,-9,-9,-9,-9,-9,-9,-9,-9,-9,-9,291935002985
MO,MISSOURI,2919380,MACKS CREEK R-V,1048,MACKS CREEK ELEM.,291938001048,No,-9,-9,-9,-9,-9,-9,-9,-9,-9,-9,-9,-9,-9,-9,-9,-9,-9,-9,-9,-9,-9,291938001048
MO,MISSOURI,2919380,MACKS CREEK R-V,1049,MACKS CREEK HIGH,291938001049,No,Yes,0,0,0,0,0,1,0,0,0,0,2,5,0,0,2,6,0,0,0,0,291938001049
MO,MISSOURI,2919410,MACON CO. R-I,1050,MACON ELEMENTARY,291941001050,No,-9,-9,-9,-9,-9,-9,-9,-9,-9,-9,-9,-9,-9,-9,-9,-9,-9,-9,-9,-9,-9,291941001050
MO,MISSOURI,2919410,MACON CO. R-I,1052,MACON MIDDLE SCHOOL,291941001052,No,-9,-9,-9,-9,-9,-9,-9,-9,-9,-9,-9,-9,-9,-9,-9,-9,-9,-9,-9,-9,-9,291941001052
MO,MISSOURI,2919410,MACON CO. R-I,1053,MACON SENIOR HIGH,291941001053,No,Yes,0,1,0,0,3,0,0,0,0,0,21,4,1,0,25,5,0,0,1,0,291941001053
MO,MISSOURI,2919840,MADISON C-3,1054,MADISON ELEM.,291984001054,No,-9,-9,-9,-9,-9,-9,-9,-9,-9,-9,-9,-9,-9,-9,-9,-9,-9,-9,-9,-9,-9,291984001054
MO,MISSOURI,2919840,MADISON C-3,1055,MADISON HIGH,291984001055,No,Yes,0,0,0,0,0,0,0,0,0,0,6,4,0,0,6,4,0,0,1,1,291984001055
MO,MISSOURI,2919890,MALDEN R-I,1056,MALDEN LOWER ELEM.,291989001056,No,-9,-9,-9,-9,-9,-9,-9,-9,-9,-9,-9,-9,-9,-9,-9,-9,-9,-9,-9,-9,-9,291989001056
MO,MISSOURI,2919890,MALDEN R-I,1058,MALDEN HIGH,291989001058,No,Yes,0,1,0,0,0,0,0,0,1,3,25,28,0,6,26,38,0,0,2,2,291989001058
MO,MISSOURI,2919920,MALTA BEND R-V,1059,Malta Bend Elementary School,291992001059,No,-9,-9,-9,-9,-9,-9,-9,-9,-9,-9,-9,-9,-9,-9,-9,-9,-9,-9,-9,-9,-9,291992001059
MO,MISSOURI,2919920,MALTA BEND R-V,1060,Malta Bend High School,291992001060,No,Yes,0,0,0,0,0,0,0,0,0,0,1,2,0,0,1,2,0,0,0,0,291992001060
MO,MISSOURI,2919950,MANES R-V,1061,Manes R-V School District,291995001061,No,-9,-9,-9,-9,-9,-9,-9,-9,-9,-9,-9,-9,-9,-9,-9,-9,-9,-9,-9,-9,-9,291995001061
MO,MISSOURI,2919980,MANSFIELD R-IV,1062,WILDER ELEM.,291998001062,No,-9,-9,-9,-9,-9,-9,-9,-9,-9,-9,-9,-9,-9,-9,-9,-9,-9,-9,-9,-9,-9,291998001062
MO,MISSOURI,2919980,MANSFIELD R-IV,1063,MANSFIELD HIGH,291998001063,No,Yes,0,0,0,0,0,1,0,0,0,0,9,22,0,1,9,24,0,0,0,0,291998001063
MO,MISSOURI,2919980,MANSFIELD R-IV,2560,MANSFIELD JR. HIGH,291998002560,No,-9,-9,-9,-9,-9,-9,-9,-9,-9,-9,-9,-9,-9,-9,-9,-9,-9,-9,-9,-9,-9,291998002560
MO,MISSOURI,2920010,MAPLEWOOD-RICHMOND HEIGHTS,1067,MAPLEWOOD-RICHMOND HGTS. HIGH,292001001067,No,Yes,14,13,0,0,6,4,0,0,45,37,129,103,19,21,213,178,7,6,52,20,292001001067
MO,MISSOURI,2920010,MAPLEWOOD-RICHMOND HEIGHTS,1068,MRH EARLY CHILDHOOD CENTER,292001001068,No,-9,-9,-9,-9,-9,-9,-9,-9,-9,-9,-9,-9,-9,-9,-9,-9,-9,-9,-9,-9,-9,292001001068
MO,MISSOURI,2920010,MAPLEWOOD-RICHMOND HEIGHTS,1895,MRH MIDDLE,292001001895,No,-9,-9,-9,-9,-9,-9,-9,-9,-9,-9,-9,-9,-9,-9,-9,-9,-9,-9,-9,-9,-9,292001001895
MO,MISSOURI,2920010,MAPLEWOOD-RICHMOND HEIGHTS,2860,MRH ELEMENTARY,292001002860,No,-9,-9,-9,-9,-9,-9,-9,-9,-9,-9,-9,-9,-9,-9,-9,-9,-9,-9,-9,-9,-9,292001002860
MO,MISSOURI,2920050,MARCELINE R-V,1070,MARCELINE HIGH,292005001070,No,Yes,0,0,0,0,0,0,0,0,0,0,17,23,0,0,17,23,0,0,0,0,292005001070
MO,MISSOURI,2920050,MARCELINE R-V,1071,WALT DISNEY ELEM.,292005001071,No,-9,-9,-9,-9,-9,-9,-9,-9,-9,-9,-9,-9,-9,-9,-9,-9,-9,-9,-9,-9,-9,292005001071
MO,MISSOURI,2920050,MARCELINE R-V,2503,MARCELINE MIDDLE,292005002503,No,-9,-9,-9,-9,-9,-9,-9,-9,-9,-9,-9,-9,-9,-9,-9,-9,-9,-9,-9,-9,-9,292005002503
MO,MISSOURI,2920160,MARION C. EARLY R-V,1072,MARION C. EARLY ELEM.,292016001072,No,-9,-9,-9,-9,-9,-9,-9,-9,-9,-9,-9,-9,-9,-9,-9,-9,-9,-9,-9,-9,-9,292016001072
MO,MISSOURI,2920160,MARION C. EARLY R-V,1073,MARION C. EARLY HIGH,292016001073,No,Yes,0,0,0,0,0,0,0,0,0,0,5,13,0,0,5,13,0,0,0,0,292016001073
MO,MISSOURI,2920160,MARION C. EARLY R-V,3187,MARION C. EARLY JUNIOR HIGH,292016003187,No,-9,-9,-9,-9,-9,-9,-9,-9,-9,-9,-9,-9,-9,-9,-9,-9,-9,-9,-9,-9,-9,292016003187
MO,MISSOURI,2920280,MARION CO. R-II,1074,MARION CO. ELEM.,292028001074,No,-9,-9,-9,-9,-9,-9,-9,-9,-9,-9,-9,-9,-9,-9,-9,-9,-9,-9,-9,-9,-9,292028001074
MO,MISSOURI,2920280,MARION CO. R-II,1075,MARION CO. HIGH,292028001075,No,Yes,0,0,0,0,0,0,0,0,0,0,4,8,0,0,4,8,0,0,0,0,292028001075
MO,MISSOURI,2920310,MARIONVILLE R-IX,1076,MARIONVILLE ELEM,292031001076,No,-9,-9,-9,-9,-9,-9,-9,-9,-9,-9,-9,-9,-9,-9,-9,-9,-9,-9,-9,-9,-9,292031001076
MO,MISSOURI,2920310,MARIONVILLE R-IX,1077,MARIONVILLE HIGH,292031001077,No,Yes,1,1,0,0,0,1,0,0,0,0,17,18,0,0,18,20,1,1,0,0,292031001077
MO,MISSOURI,2920310,MARIONVILLE R-IX,3139,MARIONVILLE MIDDLE,292031003139,No,-9,-9,-9,-9,-9,-9,-9,-9,-9,-9,-9,-9,-9,-9,-9,-9,-9,-9,-9,-9,-9,292031003139
MO,MISSOURI,2920340,MARK TWAIN R-VIII,1078,MARK TWAIN ELEM.,292034001078,No,-9,-9,-9,-9,-9,-9,-9,-9,-9,-9,-9,-9,-9,-9,-9,-9,-9,-9,-9,-9,-9,292034001078
MO,MISSOURI,2920370,MARQUAND-ZION R-VI,1079,MARQUAND ELEM.,292037001079,No,-9,-9,-9,-9,-9,-9,-9,-9,-9,-9,-9,-9,-9,-9,-9,-9,-9,-9,-9,-9,-9,292037001079
MO,MISSOURI,2920370,MARQUAND-ZION R-VI,1080,MARQUAND-ZION HIGH,292037001080,No,Yes,0,0,0,0,0,0,0,0,0,0,0,3,0,0,0,3,0,0,0,0,292037001080
MO,MISSOURI,2920410,MARSHALL,1082,BENTON ELEM.,292041001082,No,-9,-9,-9,-9,-9,-9,-9,-9,-9,-9,-9,-9,-9,-9,-9,-9,-9,-9,-9,-9,-9,292041001082
MO,MISSOURI,2920410,MARSHALL,1083,BUEKER MIDDLE,292041001083,No,-9,-9,-9,-9,-9,-9,-9,-9,-9,-9,-9,-9,-9,-9,-9,-9,-9,-9,-9,-9,-9,292041001083
MO,MISSOURI,2920410,MARSHALL,1084,EASTWOOD ELEM.,292041001084,No,-9,-9,-9,-9,-9,-9,-9,-9,-9,-9,-9,-9,-9,-9,-9,-9,-9,-9,-9,-9,-9,292041001084
MO,MISSOURI,2920410,MARSHALL,1086,MARSHALL SR. HIGH,292041001086,No,Yes,7,14,0,0,0,1,1,4,1,1,34,50,0,0,43,70,0,0,0,0,292041001086
MO,MISSOURI,2920410,MARSHALL,1087,SOUTHEAST ELEM.,292041001087,No,-9,-9,-9,-9,-9,-9,-9,-9,-9,-9,-9,-9,-9,-9,-9,-9,-9,-9,-9,-9,-9,292041001087
MO,MISSOURI,2920410,MARSHALL,3349,SPAINHOWER PRIMARY SCHOOL,292041003349,No,-9,-9,-9,-9,-9,-9,-9,-9,-9,-9,-9,-9,-9,-9,-9,-9,-9,-9,-9,-9,-9,292041003349
MO,MISSOURI,2920430,MARSHFIELD R-I,1088,MARSHFIELD JR. HIGH,292043001088,No,-9,-9,-9,-9,-9,-9,-9,-9,-9,-9,-9,-9,-9,-9,-9,-9,-9,-9,-9,-9,-9,292043001088
MO,MISSOURI,2920430,MARSHFIELD R-I,1089,EDWIN P. HUBBLE ELEM.,292043001089,No,-9,-9,-9,-9,-9,-9,-9,-9,-9,-9,-9,-9,-9,-9,-9,-9,-9,-9,-9,-9,-9,292043001089
MO,MISSOURI,2920430,MARSHFIELD R-I,1090,MARSHFIELD HIGH,292043001090,No,Yes,0,2,0,0,0,0,0,0,0,0,15,24,0,2,15,28,0,0,1,0,292043001090
MO,MISSOURI,2920430,MARSHFIELD R-I,2470,DANIEL WEBSTER ELEM.,292043002470,No,-9,-9,-9,-9,-9,-9,-9,-9,-9,-9,-9,-9,-9,-9,-9,-9,-9,-9,-9,-9,-9,292043002470
MO,MISSOURI,2920430,MARSHFIELD R-I,2709,SHOOK ELEM.,292043002709,No,-9,-9,-9,-9,-9,-9,-9,-9,-9,-9,-9,-9,-9,-9,-9,-9,-9,-9,-9,-9,-9,292043002709
MO,MISSOURI,2920490,MARYVILLE R-II,1093,EUGENE FIELD ELEM.,292049001093,No,-9,-9,-9,-9,-9,-9,-9,-9,-9,-9,-9,-9,-9,-9,-9,-9,-9,-9,-9,-9,-9,292049001093
MO,MISSOURI,2920490,MARYVILLE R-II,1095,MARYVILLE HIGH,292049001095,No,Yes,0,0,0,0,0,0,0,0,1,2,32,46,0,0,33,48,1,0,3,6,292049001095
MO,MISSOURI,2920490,MARYVILLE R-II,1096,MARYVILLE MIDDLE,292049001096,No,-9,-9,-9,-9,-9,-9,-9,-9,-9,-9,-9,-9,-9,-9,-9,-9,-9,-9,-9,-9,-9,292049001096
MO,MISSOURI,2920490,MARYVILLE R-II,3336,EARLY CHILDHOOD CENTER,292049003336,No,-9,-9,-9,-9,-9,-9,-9,-9,-9,-9,-9,-9,-9,-9,-9,-9,-9,-9,-9,-9,-9,292049003336
MO,MISSOURI,2920550,MAYSVILLE R-I,1098,MAYSVILLE ELEM.,292055001098,No,-9,-9,-9,-9,-9,-9,-9,-9,-9,-9,-9,-9,-9,-9,-9,-9,-9,-9,-9,-9,-9,292055001098
MO,MISSOURI,2920550,MAYSVILLE R-I,1099,MAYSVILLE JR.-SR. HIGH,292055001099,No,Yes,0,0,0,0,0,0,0,0,0,0,27,42,0,0,27,42,0,0,0,1,292055001099
MO,MISSOURI,2920610,MCDONALD CO. R-I,1100,ANDERSON ELEM.,292061001100,No,-9,-9,-9,-9,-9,-9,-9,-9,-9,-9,-9,-9,-9,-9,-9,-9,-9,-9,-9,-9,-9,292061001100
MO,MISSOURI,2920610,MCDONALD CO. R-I,1101,NOEL ELEM.,292061001101,No,-9,-9,-9,-9,-9,-9,-9,-9,-9,-9,-9,-9,-9,-9,-9,-9,-9,-9,-9,-9,-9,292061001101
MO,MISSOURI,2920610,MCDONALD CO. R-I,1102,PINEVILLE ELEM.,292061001102,No,-9,-9,-9,-9,-9,-9,-9,-9,-9,-9,-9,-9,-9,-9,-9,-9,-9,-9,-9,-9,-9,292061001102
MO,MISSOURI,2920610,MCDONALD CO. R-I,1103,ROCKY COMFORT ELEM.,292061001103,No,-9,-9,-9,-9,-9,-9,-9,-9,-9,-9,-9,-9,-9,-9,-9,-9,-9,-9,-9,-9,-9,292061001103
MO,MISSOURI,2920610,MCDONALD CO. R-I,1104,MCDONALD COUNTY HIGH,292061001104,No,Yes,13,15,0,0,0,1,1,2,1,0,25,32,0,0,40,50,0,0,2,1,292061001104
MO,MISSOURI,2920610,MCDONALD CO. R-I,1105,SOUTHWEST CITY ELEM.,292061001105,No,-9,-9,-9,-9,-9,-9,-9,-9,-9,-9,-9,-9,-9,-9,-9,-9,-9,-9,-9,-9,-9,292061001105
MO,MISSOURI,2920610,MCDONALD CO. R-I,1106,WHITE ROCK ELEM.,292061001106,No,-9,-9,-9,-9,-9,-9,-9,-9,-9,-9,-9,-9,-9,-9,-9,-9,-9,-9,-9,-9,-9,292061001106
MO,MISSOURI,2920610,MCDONALD CO. R-I,3007,ANDERSON MIDDLE,292061003007,No,-9,-9,-9,-9,-9,-9,-9,-9,-9,-9,-9,-9,-9,-9,-9,-9,-9,-9,-9,-9,-9,292061003007
MO,MISSOURI,2920610,MCDONALD CO. R-I,3094,NOEL PRIMARY,292061003094,No,-9,-9,-9,-9,-9,-9,-9,-9,-9,-9,-9,-9,-9,-9,-9,-9,-9,-9,-9,-9,-9,292061003094
MO,MISSOURI,2920610,MCDONALD CO. R-I,3106,PINEVILLE PRIMARY,292061003106,No,-9,-9,-9,-9,-9,-9,-9,-9,-9,-9,-9,-9,-9,-9,-9,-9,-9,-9,-9,-9,-9,292061003106
MO,MISSOURI,2920640,MEADVILLE R-IV,1107,MEADVILLE ELEM.,292064001107,No,-9,-9,-9,-9,-9,-9,-9,-9,-9,-9,-9,-9,-9,-9,-9,-9,-9,-9,-9,-9,-9,292064001107
MO,MISSOURI,2920640,MEADVILLE R-IV,1108,MEADVILLE HIGH,292064001108,No,Yes,0,0,1,0,0,0,0,0,0,1,5,13,0,0,6,14,0,0,0,1,292064001108
MO,MISSOURI,2920670,MEHLVILLE R-IX,1097,HAGEMANN ELEM.,292067001097,No,-9,-9,-9,-9,-9,-9,-9,-9,-9,-9,-9,-9,-9,-9,-9,-9,-9,-9,-9,-9,-9,292067001097
MO,MISSOURI,2920670,MEHLVILLE R-IX,1109,BEASLEY ELEM.,292067001109,No,-9,-9,-9,-9,-9,-9,-9,-9,-9,-9,-9,-9,-9,-9,-9,-9,-9,-9,-9,-9,-9,292067001109
MO,MISSOURI,2920670,MEHLVILLE R-IX,1111,BIERBAUM ELEM.,292067001111,No,-9,-9,-9,-9,-9,-9,-9,-9,-9,-9,-9,-9,-9,-9,-9,-9,-9,-9,-9,-9,-9,292067001111
MO,MISSOURI,2920670,MEHLVILLE R-IX,1112,BLADES ELEM.,292067001112,No,-9,-9,-9,-9,-9,-9,-9,-9,-9,-9,-9,-9,-9,-9,-9,-9,-9,-9,-9,-9,-9,292067001112
MO,MISSOURI,2920670,MEHLVILLE R-IX,1114,MARGARET BUERKLE MIDDLE,292067001114,No,-9,-9,-9,-9,-9,-9,-9,-9,-9,-9,-9,-9,-9,-9,-9,-9,-9,-9,-9,-9,-9,292067001114
MO,MISSOURI,2920670,MEHLVILLE R-IX,1115,MEHLVILLE HIGH SCHOOL,292067001115,No,Yes,1,7,1,0,9,6,0,0,2,8,70,124,7,6,90,151,2,0,3,1,292067001115
MO,MISSOURI,2920670,MEHLVILLE R-IX,1116,OAKVILLE ELEM.,292067001116,No,-9,-9,-9,-9,-9,-9,-9,-9,-9,-9,-9,-9,-9,-9,-9,-9,-9,-9,-9,-9,-9,292067001116
MO,MISSOURI,2920670,MEHLVILLE R-IX,1117,OAKVILLE MIDDLE,292067001117,No,-9,-9,-9,-9,-9,-9,-9,-9,-9,-9,-9,-9,-9,-9,-9,-9,-9,-9,-9,-9,-9,292067001117
MO,MISSOURI,2920670,MEHLVILLE R-IX,1118,OAKVILLE SR. HIGH,292067001118,No,Yes,3,1,0,0,3,5,0,0,0,4,103,118,0,2,109,130,1,0,2,3,292067001118
MO,MISSOURI,2920670,MEHLVILLE R-IX,1119,POINT ELEM.,292067001119,No,-9,-9,-9,-9,-9,-9,-9,-9,-9,-9,-9,-9,-9,-9,-9,-9,-9,-9,-9,-9,-9,292067001119
MO,MISSOURI,2920670,MEHLVILLE R-IX,1121,TRAUTWEIN ELEM.,292067001121,No,-9,-9,-9,-9,-9,-9,-9,-9,-9,-9,-9,-9,-9,-9,-9,-9,-9,-9,-9,-9,-9,292067001121
MO,MISSOURI,2920670,MEHLVILLE R-IX,1123,WASHINGTON MIDDLE,292067001123,No,-9,-9,-9,-9,-9,-9,-9,-9,-9,-9,-9,-9,-9,-9,-9,-9,-9,-9,-9,-9,-9,292067001123
MO,MISSOURI,2920670,MEHLVILLE R-IX,1124,WOHLWEND ELEM.,292067001124,No,-9,-9,-9,-9,-9,-9,-9,-9,-9,-9,-9,-9,-9,-9,-9,-9,-9,-9,-9,-9,-9,292067001124
MO,MISSOURI,2920670,MEHLVILLE R-IX,2420,FORDER ELEM.,292067002420,No,-9,-9,-9,-9,-9,-9,-9,-9,-9,-9,-9,-9,-9,-9,-9,-9,-9,-9,-9,-9,-9,292067002420
MO,MISSOURI,2920670,MEHLVILLE R-IX,2683,ROGERS ELEM.,292067002683,No,-9,-9,-9,-9,-9,-9,-9,-9,-9,-9,-9,-9,-9,-9,-9,-9,-9,-9,-9,-9,-9,292067002683
MO,MISSOURI,2920670,MEHLVILLE R-IX,2996,JOHN CARY EARLY CHILDHOOD CTR.,292067002996,No,-9,-9,-9,-9,-9,-9,-9,-9,-9,-9,-9,-9,-9,-9,-9,-9,-9,-9,-9,-9,-9,292067002996
MO,MISSOURI,2920670,MEHLVILLE R-IX,3032,BERNARD MIDDLE,292067003032,No,-9,-9,-9,-9,-9,-9,-9,-9,-9,-9,-9,-9,-9,-9,-9,-9,-9,-9,-9,-9,-9,292067003032
MO,MISSOURI,2920670,MEHLVILLE R-IX,3320,MOSAIC ELEMENTARY,292067003320,No,-9,-9,-9,-9,-9,-9,-9,-9,-9,-9,-9,-9,-9,-9,-9,-9,-9,-9,-9,-9,-9,292067003320
MO,MISSOURI,2920700,SCOTLAND CO. R-I,1126,SCOTLAND CO. ELEM.,292070001126,No,No,-9,-9,-9,-9,-9,-9,-9,-9,-9,-9,-9,-9,-9,-9,-9,-9,-9,-9,-9,-9,292070001126
MO,MISSOURI,2920700,SCOTLAND CO. R-I,1127,SCOTLAND CO. HIGH,292070001127,No,Yes,0,0,0,0,0,0,0,0,0,0,8,18,0,0,8,18,0,0,0,1,292070001127
MO,MISSOURI,2920750,NORTH MERCER CO. R-III,1128,NORTH MERCER ELEM.,292075001128,No,-9,-9,-9,-9,-9,-9,-9,-9,-9,-9,-9,-9,-9,-9,-9,-9,-9,-9,-9,-9,-9,292075001128
MO,MISSOURI,2920750,NORTH MERCER CO. R-III,1129,MERCER HIGH,292075001129,No,Yes,0,0,0,0,0,0,0,0,0,0,1,5,0,0,1,5,0,0,0,0,292075001129
MO,MISSOURI,2920810,MEXICO 59,1132,EUGENE FIELD ELEM.,292081001132,No,-9,-9,-9,-9,-9,-9,-9,-9,-9,-9,-9,-9,-9,-9,-9,-9,-9,-9,-9,-9,-9,292081001132
MO,MISSOURI,2920810,MEXICO 59,1133,HAWTHORNE ELEM.,292081001133,No,-9,-9,-9,-9,-9,-9,-9,-9,-9,-9,-9,-9,-9,-9,-9,-9,-9,-9,-9,-9,-9,292081001133
MO,MISSOURI,2920810,MEXICO 59,1134,MCMILLAN EARLY LEARNING CENTER,292081001134,No,-9,-9,-9,-9,-9,-9,-9,-9,-9,-9,-9,-9,-9,-9,-9,-9,-9,-9,-9,-9,-9,292081001134
MO,MISSOURI,2920810,MEXICO 59,1136,MEXICO MIDDLE,292081001136,No,-9,-9,-9,-9,-9,-9,-9,-9,-9,-9,-9,-9,-9,-9,-9,-9,-9,-9,-9,-9,-9,292081001136
MO,MISSOURI,2920810,MEXICO 59,1137,MEXICO HIGH,292081001137,No,Yes,2,4,0,0,0,0,0,0,1,1,28,49,2,2,33,56,0,1,0,0,292081001137
MO,MISSOURI,2920810,MEXICO 59,99998,EARLY CHILDHOOD CENTER,292081099998,No,-9,-9,-9,-9,-9,-9,-9,-9,-9,-9,-9,-9,-9,-9,-9,-9,-9,-9,-9,-9,-9,292081099998
MO,MISSOURI,2920810,MEXICO 59,99999,Mexico Education Center,292081099999,No,No,-9,-9,-9,-9,-9,-9,-9,-9,-9,-9,-9,-9,-9,-9,-9,-9,-9,-9,-9,-9,292081099999
MO,MISSOURI,2920820,MIAMI R-I,1138,MIAMI ELEM.,292082001138,No,-9,-9,-9,-9,-9,-9,-9,-9,-9,-9,-9,-9,-9,-9,-9,-9,-9,-9,-9,-9,-9,292082001138
MO,MISSOURI,2920820,MIAMI R-I,1139,MIAMI HIGH,292082001139,No,No,-9,-9,-9,-9,-9,-9,-9,-9,-9,-9,-9,-9,-9,-9,-9,-9,-9,-9,-9,-9,292082001139
MO,MISSOURI,2920840,MIAMI R-I,1140,MIAMI ELEM.,292084001140,No,-9,-9,-9,-9,-9,-9,-9,-9,-9,-9,-9,-9,-9,-9,-9,-9,-9,-9,-9,-9,-9,292084001140
MO,MISSOURI,2920880,MIDDLE GROVE C-1,1141,MIDDLE GROVE ELEM.,292088001141,No,-9,-9,-9,-9,-9,-9,-9,-9,-9,-9,-9,-9,-9,-9,-9,-9,-9,-9,-9,-9,-9,292088001141
MO,MISSOURI,2920940,MILAN C-2,1143,MILAN ELEM.,292094001143,No,-9,-9,-9,-9,-9,-9,-9,-9,-9,-9,-9,-9,-9,-9,-9,-9,-9,-9,-9,-9,-9,292094001143
MO,MISSOURI,2920940,MILAN C-2,1144,MILAN HIGH,292094001144,No,Yes,2,3,0,0,0,0,0,0,0,0,2,8,0,0,4,11,2,3,0,0,292094001144
MO,MISSOURI,2921000,MILLER R-II,1146,CENTRAL ELEM.,292100001146,No,-9,-9,-9,-9,-9,-9,-9,-9,-9,-9,-9,-9,-9,-9,-9,-9,-9,-9,-9,-9,-9,292100001146
MO,MISSOURI,2921000,MILLER R-II,1148,MILLER HIGH,292100001148,No,Yes,0,0,0,0,0,0,0,0,0,0,5,6,0,0,5,6,0,0,0,0,292100001148
MO,MISSOURI,2921030,MIRABILE C-1,1150,MIRABILE ELEM.,292103001150,No,-9,-9,-9,-9,-9,-9,-9,-9,-9,-9,-9,-9,-9,-9,-9,-9,-9,-9,-9,-9,-9,292103001150
MO,MISSOURI,2921060,MISSOURI CITY 56,1151,MISSOURI CITY ELEM.,292106001151,No,-9,-9,-9,-9,-9,-9,-9,-9,-9,-9,-9,-9,-9,-9,-9,-9,-9,-9,-9,-9,-9,292106001151
MO,MISSOURI,2921100,MOBERLY,1154,MOBERLY HIGH SCHOOL,292110001154,No,Yes,1,2,0,0,1,1,0,0,1,1,33,62,1,6,37,72,0,0,1,0,292110001154
MO,MISSOURI,2921100,MOBERLY,1157,NORTH PARK ELEMENTARY,292110001157,No,-9,-9,-9,-9,-9,-9,-9,-9,-9,-9,-9,-9,-9,-9,-9,-9,-9,-9,-9,-9,-9,292110001157
MO,MISSOURI,2921100,MOBERLY,1158,SOUTH PARK ELEMENTARY,292110001158,No,-9,-9,-9,-9,-9,-9,-9,-9,-9,-9,-9,-9,-9,-9,-9,-9,-9,-9,-9,-9,-9,292110001158
MO,MISSOURI,2921100,MOBERLY,1853,NORTH CENTRAL REGIONAL,292110001853,No,No,-9,-9,-9,-9,-9,-9,-9,-9,-9,-9,-9,-9,-9,-9,-9,-9,-9,-9,-9,-9,292110001853
MO,MISSOURI,2921100,MOBERLY,2561,MOBERLY MIDDLE,292110002561,No,-9,-9,-9,-9,-9,-9,-9,-9,-9,-9,-9,-9,-9,-9,-9,-9,-9,-9,-9,-9,-9,292110002561
MO,MISSOURI,2921100,MOBERLY,2820,GRATZ BROWN ELEMENTARY,292110002820,No,-9,-9,-9,-9,-9,-9,-9,-9,-9,-9,-9,-9,-9,-9,-9,-9,-9,-9,-9,-9,-9,292110002820
MO,MISSOURI,2921100,MOBERLY,3386,Early Childhood Learning Center,292110003386,No,-9,-9,-9,-9,-9,-9,-9,-9,-9,-9,-9,-9,-9,-9,-9,-9,-9,-9,-9,-9,-9,292110003386
MO,MISSOURI,2921120,MONETT R-I,183,MONETT MIDDLE,292112000183,No,-9,-9,-9,-9,-9,-9,-9,-9,-9,-9,-9,-9,-9,-9,-9,-9,-9,-9,-9,-9,-9,292112000183
MO,MISSOURI,2921120,MONETT R-I,1160,MONETT ELEM.,292112001160,No,-9,-9,-9,-9,-9,-9,-9,-9,-9,-9,-9,-9,-9,-9,-9,-9,-9,-9,-9,-9,-9,292112001160
MO,MISSOURI,2921120,MONETT R-I,1162,MONETT HIGH,292112001162,No,Yes,6,4,0,0,0,1,0,1,1,0,15,34,0,0,22,40,0,0,0,0,292112001162
MO,MISSOURI,2921120,MONETT R-I,1595,MONETT INTERMEDIATE,292112001595,No,-9,-9,-9,-9,-9,-9,-9,-9,-9,-9,-9,-9,-9,-9,-9,-9,-9,-9,-9,-9,-9,292112001595
MO,MISSOURI,2921120,MONETT R-I,99999,Central Park Elementary,292112099999,No,-9,-9,-9,-9,-9,-9,-9,-9,-9,-9,-9,-9,-9,-9,-9,-9,-9,-9,-9,-9,-9,292112099999
MO,MISSOURI,2921150,HIGH POINT R-III,1163,HIGH POINT ELEM.,292115001163,No,-9,-9,-9,-9,-9,-9,-9,-9,-9,-9,-9,-9,-9,-9,-9,-9,-9,-9,-9,-9,-9,292115001163
MO,MISSOURI,2921180,MONITEAU CO. R-V,1164,LATHAM ELEM.,292118001164,No,-9,-9,-9,-9,-9,-9,-9,-9,-9,-9,-9,-9,-9,-9,-9,-9,-9,-9,-9,-9,-9,292118001164
MO,MISSOURI,2921210,MONROE CITY R-I,1165,MONROE CITY ELEM.,292121001165,No,-9,-9,-9,-9,-9,-9,-9,-9,-9,-9,-9,-9,-9,-9,-9,-9,-9,-9,-9,-9,-9,292121001165
MO,MISSOURI,2921210,MONROE CITY R-I,1167,MONROE CITY R-I HIGH,292121001167,No,Yes,0,0,0,0,0,0,0,0,0,0,18,32,3,3,21,35,0,0,0,0,292121001167
MO,MISSOURI,2921210,MONROE CITY R-I,1799,MONROE CITY MIDDLE,292121001799,No,-9,-9,-9,-9,-9,-9,-9,-9,-9,-9,-9,-9,-9,-9,-9,-9,-9,-9,-9,-9,-9,292121001799
MO,MISSOURI,2921330,MONTGOMERY CO. R-II,1169,MONTGOMERY CO. HIGH,292133001169,No,Yes,0,0,0,0,0,0,0,0,0,0,3,7,0,0,3,7,0,0,0,0,292133001169
MO,MISSOURI,2921330,MONTGOMERY CO. R-II,1170,JONESBURG ELEM.,292133001170,No,-9,-9,-9,-9,-9,-9,-9,-9,-9,-9,-9,-9,-9,-9,-9,-9,-9,-9,-9,-9,-9,292133001170
MO,MISSOURI,2921330,MONTGOMERY CO. R-II,1171,MONTGOMERY CO. MIDDLE,292133001171,No,-9,-9,-9,-9,-9,-9,-9,-9,-9,-9,-9,-9,-9,-9,-9,-9,-9,-9,-9,-9,-9,292133001171
MO,MISSOURI,2921330,MONTGOMERY CO. R-II,1172,MONTGOMERY CITY ELEM.,292133001172,No,-9,-9,-9,-9,-9,-9,-9,-9,-9,-9,-9,-9,-9,-9,-9,-9,-9,-9,-9,-9,-9,292133001172
MO,MISSOURI,2921360,MONTROSE R-XIV,1174,MONTROSE ELEM.,292136001174,No,-9,-9,-9,-9,-9,-9,-9,-9,-9,-9,-9,-9,-9,-9,-9,-9,-9,-9,-9,-9,-9,292136001174
MO,MISSOURI,2921360,MONTROSE R-XIV,1175,MONTROSE HIGH,292136001175,No,Yes,0,0,0,0,0,0,0,0,0,0,1,4,0,0,1,4,0,0,0,0,292136001175
MO,MISSOURI,2921420,SCOTT CO. CENTRAL,1176,SCOTT CO. CENTRAL ELEM.,292142001176,No,-9,-9,-9,-9,-9,-9,-9,-9,-9,-9,-9,-9,-9,-9,-9,-9,-9,-9,-9,-9,-9,292142001176
MO,MISSOURI,2921420,SCOTT CO. CENTRAL,1177,SCOTT CO. CENTRAL HIGH,292142001177,No,Yes,0,0,0,0,0,0,0,0,0,2,5,8,0,1,5,11,0,0,0,0,292142001177
MO,MISSOURI,2921480,MOUND CITY R-II,1179,MOUND CITY ELEM.,292148001179,No,-9,-9,-9,-9,-9,-9,-9,-9,-9,-9,-9,-9,-9,-9,-9,-9,-9,-9,-9,-9,-9,292148001179
MO,MISSOURI,2921480,MOUND CITY R-II,1180,MOUND CITY HIGH,292148001180,No,Yes,0,0,0,0,0,0,0,0,0,0,4,4,0,0,4,4,0,0,0,0,292148001180
MO,MISSOURI,2921480,MOUND CITY R-II,3112,MOUND CITY MIDDLE,292148003112,No,-9,-9,-9,-9,-9,-9,-9,-9,-9,-9,-9,-9,-9,-9,-9,-9,-9,-9,-9,-9,-9,292148003112
MO,MISSOURI,2921510,MOUNTAIN GROVE R-III,1181,MOUNTAIN GROVE ELEM.,292151001181,No,-9,-9,-9,-9,-9,-9,-9,-9,-9,-9,-9,-9,-9,-9,-9,-9,-9,-9,-9,-9,-9,292151001181
MO,MISSOURI,2921510,MOUNTAIN GROVE R-III,1182,MOUNTAIN GROVE HIGH,292151001182,No,Yes,0,1,0,1,1,0,0,0,1,0,13,29,0,1,15,32,0,0,0,0,292151001182
MO,MISSOURI,2921510,MOUNTAIN GROVE R-III,2619,MOUNTAIN GROVE MIDDLE,292151002619,No,-9,-9,-9,-9,-9,-9,-9,-9,-9,-9,-9,-9,-9,-9,-9,-9,-9,-9,-9,-9,-9,292151002619
MO,MISSOURI,2921540,MOUNTAIN VIEW-BIRCH TREE R-III,1184,BIRCH TREE ELEM.,292154001184,No,-9,-9,-9,-9,-9,-9,-9,-9,-9,-9,-9,-9,-9,-9,-9,-9,-9,-9,-9,-9,-9,292154001184
MO,MISSOURI,2921540,MOUNTAIN VIEW-BIRCH TREE R-III,1186,LIBERTY SR. HIGH,292154001186,No,Yes,0,1,0,0,2,0,0,1,0,0,28,40,0,1,30,43,0,0,0,0,292154001186
MO,MISSOURI,2921540,MOUNTAIN VIEW-BIRCH TREE R-III,1187,MOUNTAIN VIEW ELEM.,292154001187,No,-9,-9,-9,-9,-9,-9,-9,-9,-9,-9,-9,-9,-9,-9,-9,-9,-9,-9,-9,-9,-9,292154001187
MO,MISSOURI,2921540,MOUNTAIN VIEW-BIRCH TREE R-III,3026,LIBERTY MIDDLE,292154003026,No,-9,-9,-9,-9,-9,-9,-9,-9,-9,-9,-9,-9,-9,-9,-9,-9,-9,-9,-9,-9,-9,292154003026
MO,MISSOURI,2921600,MT. VERNON R-V,1188,MT. VERNON ELEM.,292160001188,No,-9,-9,-9,-9,-9,-9,-9,-9,-9,-9,-9,-9,-9,-9,-9,-9,-9,-9,-9,-9,-9,292160001188
MO,MISSOURI,2921600,MT. VERNON R-V,1189,MT. VERNON HIGH,292160001189,No,Yes,1,0,0,1,0,1,0,0,0,0,40,61,1,2,42,65,0,0,0,0,292160001189
MO,MISSOURI,2921600,MT. VERNON R-V,1988,MT. VERNON MIDDLE,292160001988,No,-9,-9,-9,-9,-9,-9,-9,-9,-9,-9,-9,-9,-9,-9,-9,-9,-9,-9,-9,-9,-9,292160001988
MO,MISSOURI,2921600,MT. VERNON R-V,3088,MT. VERNON INTERMEDIATE,292160003088,No,-9,-9,-9,-9,-9,-9,-9,-9,-9,-9,-9,-9,-9,-9,-9,-9,-9,-9,-9,-9,-9,292160003088
MO,MISSOURI,2921600,MT. VERNON R-V,3396,EARLY LEARNING CENTER,292160003396,No,-9,-9,-9,-9,-9,-9,-9,-9,-9,-9,-9,-9,-9,-9,-9,-9,-9,-9,-9,-9,-9,292160003396
MO,MISSOURI,2921660,NORTHEAST NODAWAY CO. R-V,1190,Northeast Nodaway Elementary,292166001190,No,-9,-9,-9,-9,-9,-9,-9,-9,-9,-9,-9,-9,-9,-9,-9,-9,-9,-9,-9,-9,-9,292166001190
MO,MISSOURI,2921660,NORTHEAST NODAWAY CO. R-V,1191,NORTHEAST NODAWAY HIGH,292166001191,No,Yes,0,0,0,0,0,0,0,0,0,0,5,1,0,0,5,1,0,0,0,0,292166001191
MO,MISSOURI,2921690,NORTH NODAWAY CO. R-VI,1194,NORTH NODAWAY JR.-SR. HIGH,292169001194,No,Yes,0,0,0,0,0,0,0,0,0,0,2,4,0,0,2,4,0,0,0,0,292169001194
MO,MISSOURI,2921690,NORTH NODAWAY CO. R-VI,1196,NORTH NODAWAY ELEM.,292169001196,No,-9,-9,-9,-9,-9,-9,-9,-9,-9,-9,-9,-9,-9,-9,-9,-9,-9,-9,-9,-9,-9,292169001196
MO,MISSOURI,2921720,NAYLOR R-II,1197,NAYLOR ELEM.,292172001197,No,-9,-9,-9,-9,-9,-9,-9,-9,-9,-9,-9,-9,-9,-9,-9,-9,-9,-9,-9,-9,-9,292172001197
MO,MISSOURI,2921720,NAYLOR R-II,1198,NAYLOR HIGH,292172001198,No,Yes,0,0,0,0,0,0,1,0,0,0,5,14,0,0,6,14,0,0,0,0,292172001198
MO,MISSOURI,2921750,NEELYVILLE R-IV,1200,NEELYVILLE HIGH,292175001200,No,Yes,0,0,0,0,0,1,0,0,0,0,2,5,0,0,2,6,0,0,0,0,292175001200
MO,MISSOURI,2921750,NEELYVILLE R-IV,1201,HILLVIEW ELEM.,292175001201,No,-9,-9,-9,-9,-9,-9,-9,-9,-9,-9,-9,-9,-9,-9,-9,-9,-9,-9,-9,-9,-9,292175001201
MO,MISSOURI,2921750,NEELYVILLE R-IV,1202,NEELYVILLE ELEM.,292175001202,No,-9,-9,-9,-9,-9,-9,-9,-9,-9,-9,-9,-9,-9,-9,-9,-9,-9,-9,-9,-9,-9,292175001202
MO,MISSOURI,2921810,NEOSHO SCHOOL DISTRICT,1203,BENTON ELEM.,292181001203,No,-9,-9,-9,-9,-9,-9,-9,-9,-9,-9,-9,-9,-9,-9,-9,-9,-9,-9,-9,-9,-9,292181001203
MO,MISSOURI,2921810,NEOSHO SCHOOL DISTRICT,1204,CENTRAL ELEM.,292181001204,No,-9,-9,-9,-9,-9,-9,-9,-9,-9,-9,-9,-9,-9,-9,-9,-9,-9,-9,-9,-9,-9,292181001204
MO,MISSOURI,2921810,NEOSHO SCHOOL DISTRICT,1205,FIELD EARLY CHILD./KDGN. CTR.,292181001205,No,-9,-9,-9,-9,-9,-9,-9,-9,-9,-9,-9,-9,-9,-9,-9,-9,-9,-9,-9,-9,-9,292181001205
MO,MISSOURI,2921810,NEOSHO SCHOOL DISTRICT,1206,GOODMAN ELEM.,292181001206,No,-9,-9,-9,-9,-9,-9,-9,-9,-9,-9,-9,-9,-9,-9,-9,-9,-9,-9,-9,-9,-9,292181001206
MO,MISSOURI,2921810,NEOSHO SCHOOL DISTRICT,1207,MIDDLE SCH.,292181001207,No,-9,-9,-9,-9,-9,-9,-9,-9,-9,-9,-9,-9,-9,-9,-9,-9,-9,-9,-9,-9,-9,292181001207
MO,MISSOURI,2921810,NEOSHO SCHOOL DISTRICT,1208,NEOSHO JR. HIGH,292181001208,No,-9,-9,-9,-9,-9,-9,-9,-9,-9,-9,-9,-9,-9,-9,-9,-9,-9,-9,-9,-9,-9,292181001208
MO,MISSOURI,2921810,NEOSHO SCHOOL DISTRICT,1209,NEOSHO HIGH,292181001209,No,Yes,2,2,0,2,0,0,1,0,2,1,9,13,2,0,16,18,0,0,0,0,292181001209
MO,MISSOURI,2921810,NEOSHO SCHOOL DISTRICT,1210,SOUTH ELEM.,292181001210,No,-9,-9,-9,-9,-9,-9,-9,-9,-9,-9,-9,-9,-9,-9,-9,-9,-9,-9,-9,-9,-9,292181001210
MO,MISSOURI,2921810,NEOSHO SCHOOL DISTRICT,3011,GEORGE WASHINGTON CARVER ELEM.,292181003011,No,-9,-9,-9,-9,-9,-9,-9,-9,-9,-9,-9,-9,-9,-9,-9,-9,-9,-9,-9,-9,-9,292181003011
MO,MISSOURI,2921810,NEOSHO SCHOOL DISTRICT,3212,MADDOX HILL CROWDER COLLEGE BEHAVIORAL SUPPORT CENTER,292181003212,No,-9,-9,-9,-9,-9,-9,-9,-9,-9,-9,-9,-9,-9,-9,-9,-9,-9,-9,-9,-9,-9,292181003212
MO,MISSOURI,2921810,NEOSHO SCHOOL DISTRICT,99996,JEFFERSON STREET CAMPUS,292181099996,No,No,-9,-9,-9,-9,-9,-9,-9,-9,-9,-9,-9,-9,-9,-9,-9,-9,-9,-9,-9,-9,292181099996
MO,MISSOURI,2921810,NEOSHO SCHOOL DISTRICT,99998,LINC,292181099998,No,-9,-9,-9,-9,-9,-9,-9,-9,-9,-9,-9,-9,-9,-9,-9,-9,-9,-9,-9,-9,-9,292181099998
MO,MISSOURI,2921840,NEVADA R-V,1122,TRUMAN ELEM.,292184001122,No,-9,-9,-9,-9,-9,-9,-9,-9,-9,-9,-9,-9,-9,-9,-9,-9,-9,-9,-9,-9,-9,292184001122
MO,MISSOURI,2921840,NEVADA R-V,1211,BENTON ELEM.,292184001211,No,-9,-9,-9,-9,-9,-9,-9,-9,-9,-9,-9,-9,-9,-9,-9,-9,-9,-9,-9,-9,-9,292184001211
MO,MISSOURI,2921840,NEVADA R-V,1212,BRYAN ELEM.,292184001212,No,-9,-9,-9,-9,-9,-9,-9,-9,-9,-9,-9,-9,-9,-9,-9,-9,-9,-9,-9,-9,-9,292184001212
MO,MISSOURI,2921840,NEVADA R-V,1214,NEVADA HIGH,292184001214,No,Yes,0,1,0,0,0,0,0,1,0,0,23,41,1,1,24,44,0,0,0,0,292184001214
MO,MISSOURI,2921840,NEVADA R-V,1216,NEVADA MIDDLE,292184001216,No,-9,-9,-9,-9,-9,-9,-9,-9,-9,-9,-9,-9,-9,-9,-9,-9,-9,-9,-9,-9,-9,292184001216
MO,MISSOURI,2921875,NEW BLOOMFIELD R-III,1218,NEW BLOOMFIELD ELEM.,292187501218,No,-9,-9,-9,-9,-9,-9,-9,-9,-9,-9,-9,-9,-9,-9,-9,-9,-9,-9,-9,-9,-9,292187501218
MO,MISSOURI,2921875,NEW BLOOMFIELD R-III,1219,NEW BLOOMFIELD HIGH,292187501219,No,Yes,0,0,0,0,0,0,0,0,0,0,5,13,1,0,6,13,0,0,0,0,292187501219
MO,MISSOURI,2921880,MACON CO. R-IV,1220,MACON CO. ELEM.,292188001220,No,-9,-9,-9,-9,-9,-9,-9,-9,-9,-9,-9,-9,-9,-9,-9,-9,-9,-9,-9,-9,-9,292188001220
MO,MISSOURI,2921880,MACON CO. R-IV,1221,MACON CO. HIGH,292188001221,No,Yes,0,0,0,0,0,0,0,0,0,0,0,5,0,0,0,5,0,0,0,0,292188001221
MO,MISSOURI,2921940,NEW FRANKLIN R-I,1222,New Franklin Elementary,292194001222,No,-9,-9,-9,-9,-9,-9,-9,-9,-9,-9,-9,-9,-9,-9,-9,-9,-9,-9,-9,-9,-9,292194001222
MO,MISSOURI,2921940,NEW FRANKLIN R-I,1223,New Franklin Middle-High,292194001223,No,Yes,0,0,0,0,0,0,0,0,0,1,0,3,0,1,0,5,0,0,0,0,292194001223
MO,MISSOURI,2921960,NEW HAVEN,1224,NEW HAVEN ELEM.,292196001224,No,-9,-9,-9,-9,-9,-9,-9,-9,-9,-9,-9,-9,-9,-9,-9,-9,-9,-9,-9,-9,-9,292196001224
MO,MISSOURI,2921960,NEW HAVEN,1225,NEW HAVEN HIGH,292196001225,No,Yes,0,1,0,0,0,0,0,0,0,0,8,20,0,0,8,21,0,0,0,0,292196001225
MO,MISSOURI,2921960,NEW HAVEN,2732,NEW HAVEN MIDDLE,292196002732,No,-9,-9,-9,-9,-9,-9,-9,-9,-9,-9,-9,-9,-9,-9,-9,-9,-9,-9,-9,-9,-9,292196002732
MO,MISSOURI,2922110,NEW YORK R-IV,1227,NEW YORK ELEM.,292211001227,No,-9,-9,-9,-9,-9,-9,-9,-9,-9,-9,-9,-9,-9,-9,-9,-9,-9,-9,-9,-9,-9,292211001227
MO,MISSOURI,2922140,NEWBURG R-II,1228,NEWBURG ELEM.,292214001228,No,-9,-9,-9,-9,-9,-9,-9,-9,-9,-9,-9,-9,-9,-9,-9,-9,-9,-9,-9,-9,-9,292214001228
MO,MISSOURI,2922140,NEWBURG R-II,1229,NEWBURG HIGH,292214001229,No,Yes,0,0,0,0,0,0,0,0,0,0,0,3,0,0,0,3,0,0,0,0,292214001229
MO,MISSOURI,2922470,NEWTOWN-HARRIS R-III,1230,NEWTOWN-HARRIS ELEM.,292247001230,No,-9,-9,-9,-9,-9,-9,-9,-9,-9,-9,-9,-9,-9,-9,-9,-9,-9,-9,-9,-9,-9,292247001230
MO,MISSOURI,2922470,NEWTOWN-HARRIS R-III,1231,NEWTOWN-HARRIS HIGH,292247001231,No,Yes,0,0,0,0,0,0,0,0,0,0,2,0,0,0,2,0,0,0,0,0,292247001231
MO,MISSOURI,2922500,NIANGUA R-V,1232,NIANGUA ELEMENTARY SCHOOL,292250001232,No,-9,-9,-9,-9,-9,-9,-9,-9,-9,-9,-9,-9,-9,-9,-9,-9,-9,-9,-9,-9,-9,292250001232
MO,MISSOURI,2922500,NIANGUA R-V,1233,NIANGUA HIGH SCHOOL,292250001233,No,Yes,0,0,0,0,0,0,0,0,0,0,2,3,0,0,2,3,0,0,0,0,292250001233
MO,MISSOURI,2922500,NIANGUA R-V,3343,NIANGUA MIDDLE SCHOOL,292250003343,No,-9,-9,-9,-9,-9,-9,-9,-9,-9,-9,-9,-9,-9,-9,-9,-9,-9,-9,-9,-9,-9,292250003343
MO,MISSOURI,2922530,Nixa Public Schools,424,NIXA HIGH,292253000424,No,Yes,14,29,0,3,5,13,0,0,3,3,329,448,24,36,375,532,1,0,4,5,292253000424
MO,MISSOURI,2922530,Nixa Public Schools,425,NIXA JUNIOR HIGH,292253000425,No,-9,-9,-9,-9,-9,-9,-9,-9,-9,-9,-9,-9,-9,-9,-9,-9,-9,-9,-9,-9,-9,292253000425
MO,MISSOURI,2922530,Nixa Public Schools,463,NICHOLAS A. INMAN INTERMEDIATE,292253000463,No,-9,-9,-9,-9,-9,-9,-9,-9,-9,-9,-9,-9,-9,-9,-9,-9,-9,-9,-9,-9,-9,292253000463
MO,MISSOURI,2922530,Nixa Public Schools,1651,MATHEWS ELEM.,292253001651,No,-9,-9,-9,-9,-9,-9,-9,-9,-9,-9,-9,-9,-9,-9,-9,-9,-9,-9,-9,-9,-9,292253001651
MO,MISSOURI,2922530,Nixa Public Schools,2504,ESPY ELEM.,292253002504,No,-9,-9,-9,-9,-9,-9,-9,-9,-9,-9,-9,-9,-9,-9,-9,-9,-9,-9,-9,-9,-9,292253002504
MO,MISSOURI,2922530,Nixa Public Schools,2771,CENTURY ELEM.,292253002771,No,-9,-9,-9,-9,-9,-9,-9,-9,-9,-9,-9,-9,-9,-9,-9,-9,-9,-9,-9,-9,-9,292253002771
MO,MISSOURI,2922530,Nixa Public Schools,2799,SUMMIT INTERMEDIATE SCHOOL,292253002799,No,-9,-9,-9,-9,-9,-9,-9,-9,-9,-9,-9,-9,-9,-9,-9,-9,-9,-9,-9,-9,-9,292253002799
MO,MISSOURI,2922530,Nixa Public Schools,2998,HIGH POINTE ELEM.,292253002998,No,-9,-9,-9,-9,-9,-9,-9,-9,-9,-9,-9,-9,-9,-9,-9,-9,-9,-9,-9,-9,-9,292253002998
MO,MISSOURI,2922530,Nixa Public Schools,3132,EARLY LEARNING CENTER,292253003132,No,-9,-9,-9,-9,-9,-9,-9,-9,-9,-9,-9,-9,-9,-9,-9,-9,-9,-9,-9,-9,-9,292253003132
MO,MISSOURI,2922530,Nixa Public Schools,3202,JOHN THOMAS SCHOOL OF DISCOVER,292253003202,No,-9,-9,-9,-9,-9,-9,-9,-9,-9,-9,-9,-9,-9,-9,-9,-9,-9,-9,-9,-9,-9,292253003202
MO,MISSOURI,2922530,Nixa Public Schools,3242,EARLY CHILDHOOD CENTER,292253003242,No,-9,-9,-9,-9,-9,-9,-9,-9,-9,-9,-9,-9,-9,-9,-9,-9,-9,-9,-9,-9,-9,292253003242
MO,MISSOURI,2922560,NODAWAY-HOLT R-VII,1234,Nodaway-Holt MS/HS,292256001234,No,Yes,0,0,0,0,0,0,0,0,0,0,1,6,0,0,1,6,0,0,0,0,292256001234
MO,MISSOURI,2922560,NODAWAY-HOLT R-VII,2816,NODAWAY-HOLT ELEM.,292256002816,No,-9,-9,-9,-9,-9,-9,-9,-9,-9,-9,-9,-9,-9,-9,-9,-9,-9,-9,-9,-9,-9,292256002816
MO,MISSOURI,2922620,NORBORNE R-VIII,1237,NORBORNE ELEM.,292262001237,No,-9,-9,-9,-9,-9,-9,-9,-9,-9,-9,-9,-9,-9,-9,-9,-9,-9,-9,-9,-9,-9,292262001237
MO,MISSOURI,2922620,NORBORNE R-VIII,1238,NORBORNE HIGH,292262001238,No,Yes,0,0,0,0,0,0,0,0,0,1,5,6,0,0,5,7,0,0,0,0,292262001238
MO,MISSOURI,2922650,NORMANDY SCHOOLS COLLABORATIVE,1243,JEFFERSON ELEM.,292265001243,No,-9,-9,-9,-9,-9,-9,-9,-9,-9,-9,-9,-9,-9,-9,-9,-9,-9,-9,-9,-9,-9,292265001243
MO,MISSOURI,2922650,NORMANDY SCHOOLS COLLABORATIVE,1248,NORMANDY HIGH,292265001248,No,No,-9,-9,-9,-9,-9,-9,-9,-9,-9,-9,-9,-9,-9,-9,-9,-9,-9,-9,-9,-9,292265001248
MO,MISSOURI,2922650,NORMANDY SCHOOLS COLLABORATIVE,1249,WASHINGTON ELEM.,292265001249,No,-9,-9,-9,-9,-9,-9,-9,-9,-9,-9,-9,-9,-9,-9,-9,-9,-9,-9,-9,-9,-9,292265001249
MO,MISSOURI,2922650,NORMANDY SCHOOLS COLLABORATIVE,2850,LUCAS CROSSING ELEM. COMPLEX,292265002850,No,-9,-9,-9,-9,-9,-9,-9,-9,-9,-9,-9,-9,-9,-9,-9,-9,-9,-9,-9,-9,-9,292265002850
MO,MISSOURI,2922650,NORMANDY SCHOOLS COLLABORATIVE,3189,BARACK OBAMA ELEMENTARY SCHOOL,292265003189,No,-9,-9,-9,-9,-9,-9,-9,-9,-9,-9,-9,-9,-9,-9,-9,-9,-9,-9,-9,-9,-9,292265003189
MO,MISSOURI,2922650,NORMANDY SCHOOLS COLLABORATIVE,3269,NORMANDY EARLY LEARNING CENTER,292265003269,No,-9,-9,-9,-9,-9,-9,-9,-9,-9,-9,-9,-9,-9,-9,-9,-9,-9,-9,-9,-9,-9,292265003269
MO,MISSOURI,2922650,NORMANDY SCHOOLS COLLABORATIVE,3369,BEL-NOR,292265003369,No,-9,-9,-9,-9,-9,-9,-9,-9,-9,-9,-9,-9,-9,-9,-9,-9,-9,-9,-9,-9,-9,292265003369
MO,MISSOURI,2922710,NORTH ANDREW CO. R-VI,6,NORTH ANDREW MIDDLE,292271000006,No,-9,-9,-9,-9,-9,-9,-9,-9,-9,-9,-9,-9,-9,-9,-9,-9,-9,-9,-9,-9,-9,292271000006
MO,MISSOURI,2922710,NORTH ANDREW CO. R-VI,1250,NORTH ANDREW ELEM.,292271001250,No,-9,-9,-9,-9,-9,-9,-9,-9,-9,-9,-9,-9,-9,-9,-9,-9,-9,-9,-9,-9,-9,292271001250
MO,MISSOURI,2922710,NORTH ANDREW CO. R-VI,1251,NORTH ANDREW HIGH,292271001251,No,Yes,0,0,0,0,0,1,0,0,0,0,7,24,0,1,7,26,0,0,0,1,292271001251
MO,MISSOURI,2922740,NORTH CALLAWAY CO. R-I,1253,HATTON-MCCREDIE ELEM.,292274001253,No,-9,-9,-9,-9,-9,-9,-9,-9,-9,-9,-9,-9,-9,-9,-9,-9,-9,-9,-9,-9,-9,292274001253
MO,MISSOURI,2922740,NORTH CALLAWAY CO. R-I,1254,NORTH CALLAWAY HIGH,292274001254,No,Yes,1,1,0,1,0,0,1,0,0,0,34,34,1,2,37,38,0,0,1,0,292274001254
MO,MISSOURI,2922740,NORTH CALLAWAY CO. R-I,1255,WILLIAMSBURG ELEM.,292274001255,No,-9,-9,-9,-9,-9,-9,-9,-9,-9,-9,-9,-9,-9,-9,-9,-9,-9,-9,-9,-9,-9,292274001255
MO,MISSOURI,2922740,NORTH CALLAWAY CO. R-I,3375,North Callaway Middle School,292274003375,No,-9,-9,-9,-9,-9,-9,-9,-9,-9,-9,-9,-9,-9,-9,-9,-9,-9,-9,-9,-9,-9,292274003375
MO,MISSOURI,2922770,NORTH HARRISON R-III,1256,NORTH HARRISON ELEM.,292277001256,No,-9,-9,-9,-9,-9,-9,-9,-9,-9,-9,-9,-9,-9,-9,-9,-9,-9,-9,-9,-9,-9,292277001256
MO,MISSOURI,2922770,NORTH HARRISON R-III,1257,NORTH HARRISON HIGH,292277001257,No,Yes,0,0,0,0,0,0,0,0,0,0,3,7,0,0,3,7,0,0,0,0,292277001257
MO,MISSOURI,2922800,NORTH KANSAS CITY 74,1258,ANTIOCH MIDDLE,292280001258,No,-9,-9,-9,-9,-9,-9,-9,-9,-9,-9,-9,-9,-9,-9,-9,-9,-9,-9,-9,-9,-9,292280001258
MO,MISSOURI,2922800,NORTH KANSAS CITY 74,1260,BRIARCLIFF ELEMENTARY,292280001260,No,-9,-9,-9,-9,-9,-9,-9,-9,-9,-9,-9,-9,-9,-9,-9,-9,-9,-9,-9,-9,-9,292280001260
MO,MISSOURI,2922800,NORTH KANSAS CITY 74,1262,CHAPEL HILL ELEMENTARY,292280001262,No,-9,-9,-9,-9,-9,-9,-9,-9,-9,-9,-9,-9,-9,-9,-9,-9,-9,-9,-9,-9,-9,292280001262
MO,MISSOURI,2922800,NORTH KANSAS CITY 74,1263,CHOUTEAU ELEMENTARY,292280001263,No,-9,-9,-9,-9,-9,-9,-9,-9,-9,-9,-9,-9,-9,-9,-9,-9,-9,-9,-9,-9,-9,292280001263
MO,MISSOURI,2922800,NORTH KANSAS CITY 74,1264,CLARDY ELEMENTARY,292280001264,No,-9,-9,-9,-9,-9,-9,-9,-9,-9,-9,-9,-9,-9,-9,-9,-9,-9,-9,-9,-9,-9,292280001264
MO,MISSOURI,2922800,NORTH KANSAS CITY 74,1266,CRESTVIEW ELEMENTARY,292280001266,No,-9,-9,-9,-9,-9,-9,-9,-9,-9,-9,-9,-9,-9,-9,-9,-9,-9,-9,-9,-9,-9,292280001266
MO,MISSOURI,2922800,NORTH KANSAS CITY 74,1267,DAVIDSON ELEMENTARY,292280001267,No,-9,-9,-9,-9,-9,-9,-9,-9,-9,-9,-9,-9,-9,-9,-9,-9,-9,-9,-9,-9,-9,292280001267
MO,MISSOURI,2922800,NORTH KANSAS CITY 74,1268,EASTGATE 6TH GRADE CENTER,292280001268,No,-9,-9,-9,-9,-9,-9,-9,-9,-9,-9,-9,-9,-9,-9,-9,-9,-9,-9,-9,-9,-9,292280001268
MO,MISSOURI,2922800,NORTH KANSAS CITY 74,1272,GASHLAND ELEMENTARY,292280001272,No,-9,-9,-9,-9,-9,-9,-9,-9,-9,-9,-9,-9,-9,-9,-9,-9,-9,-9,-9,-9,-9,292280001272
MO,MISSOURI,2922800,NORTH KANSAS CITY 74,1274,GRACEMOR ELEMENTARY,292280001274,No,-9,-9,-9,-9,-9,-9,-9,-9,-9,-9,-9,-9,-9,-9,-9,-9,-9,-9,-9,-9,-9,292280001274
MO,MISSOURI,2922800,NORTH KANSAS CITY 74,1275,LAKEWOOD ELEMENTARY,292280001275,No,-9,-9,-9,-9,-9,-9,-9,-9,-9,-9,-9,-9,-9,-9,-9,-9,-9,-9,-9,-9,-9,292280001275
MO,MISSOURI,2922800,NORTH KANSAS CITY 74,1277,LINDEN WEST ELEMENTARY,292280001277,No,-9,-9,-9,-9,-9,-9,-9,-9,-9,-9,-9,-9,-9,-9,-9,-9,-9,-9,-9,-9,-9,292280001277
MO,MISSOURI,2922800,NORTH KANSAS CITY 74,1278,MAPLE PARK MIDDLE,292280001278,No,-9,-9,-9,-9,-9,-9,-9,-9,-9,-9,-9,-9,-9,-9,-9,-9,-9,-9,-9,-9,-9,292280001278
MO,MISSOURI,2922800,NORTH KANSAS CITY 74,1279,MAPLEWOOD ELEMENTARY,292280001279,No,-9,-9,-9,-9,-9,-9,-9,-9,-9,-9,-9,-9,-9,-9,-9,-9,-9,-9,-9,-9,-9,292280001279
MO,MISSOURI,2922800,NORTH KANSAS CITY 74,1280,MEADOWBROOK ELEMENTARY,292280001280,No,-9,-9,-9,-9,-9,-9,-9,-9,-9,-9,-9,-9,-9,-9,-9,-9,-9,-9,-9,-9,-9,292280001280
MO,MISSOURI,2922800,NORTH KANSAS CITY 74,1281,NASHUA ELEMENTARY,292280001281,No,-9,-9,-9,-9,-9,-9,-9,-9,-9,-9,-9,-9,-9,-9,-9,-9,-9,-9,-9,-9,-9,292280001281
MO,MISSOURI,2922800,NORTH KANSAS CITY 74,1282,NEW MARK MIDDLE,292280001282,No,-9,-9,-9,-9,-9,-9,-9,-9,-9,-9,-9,-9,-9,-9,-9,-9,-9,-9,-9,-9,-9,292280001282
MO,MISSOURI,2922800,NORTH KANSAS CITY 74,1284,NORTH KANSAS CITY HIGH,292280001284,No,Yes,50,50,1,0,32,21,3,1,47,75,109,103,28,36,270,286,25,21,13,8,292280001284
MO,MISSOURI,2922800,NORTH KANSAS CITY 74,1286,OAK PARK HIGH,292280001286,No,Yes,60,62,0,1,12,12,3,7,52,47,245,236,39,30,411,395,12,9,39,11,292280001286
MO,MISSOURI,2922800,NORTH KANSAS CITY 74,1288,OAKWOOD MANOR ELEMENTARY,292280001288,No,-9,-9,-9,-9,-9,-9,-9,-9,-9,-9,-9,-9,-9,-9,-9,-9,-9,-9,-9,-9,-9,292280001288
MO,MISSOURI,2922800,NORTH KANSAS CITY 74,1290,RAVENWOOD ELEMENTARY,292280001290,No,-9,-9,-9,-9,-9,-9,-9,-9,-9,-9,-9,-9,-9,-9,-9,-9,-9,-9,-9,-9,-9,292280001290
MO,MISSOURI,2922800,NORTH KANSAS CITY 74,1291,TOPPING ELEMENTARY,292280001291,No,-9,-9,-9,-9,-9,-9,-9,-9,-9,-9,-9,-9,-9,-9,-9,-9,-9,-9,-9,-9,-9,292280001291
MO,MISSOURI,2922800,NORTH KANSAS CITY 74,1292,WEST ENGLEWOOD ELEMENTARY,292280001292,No,-9,-9,-9,-9,-9,-9,-9,-9,-9,-9,-9,-9,-9,-9,-9,-9,-9,-9,-9,-9,-9,292280001292
MO,MISSOURI,2922800,NORTH KANSAS CITY 74,1293,WINNETONKA HIGH,292280001293,No,Yes,16,33,0,1,9,2,0,0,20,32,80,83,14,15,139,166,4,5,9,11,292280001293
MO,MISSOURI,2922800,NORTH KANSAS CITY 74,1294,WINNWOOD ELEMENTARY,292280001294,No,-9,-9,-9,-9,-9,-9,-9,-9,-9,-9,-9,-9,-9,-9,-9,-9,-9,-9,-9,-9,-9,292280001294
MO,MISSOURI,2922800,NORTH KANSAS CITY 74,2621,FOX HILL ELEMENTARY,292280002621,No,-9,-9,-9,-9,-9,-9,-9,-9,-9,-9,-9,-9,-9,-9,-9,-9,-9,-9,-9,-9,-9,292280002621
MO,MISSOURI,2922800,NORTH KANSAS CITY 74,2662,EARLY EDUCATION CENTER,292280002662,No,-9,-9,-9,-9,-9,-9,-9,-9,-9,-9,-9,-9,-9,-9,-9,-9,-9,-9,-9,-9,-9,292280002662
MO,MISSOURI,2922800,NORTH KANSAS CITY 74,2730,NORTHGATE MIDDLE,292280002730,No,-9,-9,-9,-9,-9,-9,-9,-9,-9,-9,-9,-9,-9,-9,-9,-9,-9,-9,-9,-9,-9,292280002730
MO,MISSOURI,2922800,NORTH KANSAS CITY 74,2731,NORTHVIEW ELEMENTARY,292280002731,No,-9,-9,-9,-9,-9,-9,-9,-9,-9,-9,-9,-9,-9,-9,-9,-9,-9,-9,-9,-9,-9,292280002731
MO,MISSOURI,2922800,NORTH KANSAS CITY 74,3083,STALEY HIGH,292280003083,No,Yes,33,55,0,1,18,15,0,0,42,30,320,337,37,42,450,480,0,3,17,9,292280003083
MO,MISSOURI,2922800,NORTH KANSAS CITY 74,3115,BELL PRAIRIE ELEMENTARY,292280003115,No,-9,-9,-9,-9,-9,-9,-9,-9,-9,-9,-9,-9,-9,-9,-9,-9,-9,-9,-9,-9,-9,292280003115
MO,MISSOURI,2922800,NORTH KANSAS CITY 74,3321,GATEWAY 6TH GRADE CENTER,292280003321,No,-9,-9,-9,-9,-9,-9,-9,-9,-9,-9,-9,-9,-9,-9,-9,-9,-9,-9,-9,-9,-9,292280003321
MO,MISSOURI,2922800,NORTH KANSAS CITY 74,3335,RISING HILL ELEMENTARY,292280003335,No,-9,-9,-9,-9,-9,-9,-9,-9,-9,-9,-9,-9,-9,-9,-9,-9,-9,-9,-9,-9,-9,292280003335
MO,MISSOURI,2922830,NORTH PLATTE CO. R-I,1295,NORTH PLATTE ELEM.,292283001295,No,-9,-9,-9,-9,-9,-9,-9,-9,-9,-9,-9,-9,-9,-9,-9,-9,-9,-9,-9,-9,-9,292283001295
MO,MISSOURI,2922830,NORTH PLATTE CO. R-I,1297,NORTH PLATTE HIGH,292283001297,No,Yes,0,2,0,0,0,0,0,0,0,0,9,29,0,1,9,32,0,0,0,0,292283001297
MO,MISSOURI,2922830,NORTH PLATTE CO. R-I,2016,NORTH PLATTE JR. HIGH,292283002016,No,-9,-9,-9,-9,-9,-9,-9,-9,-9,-9,-9,-9,-9,-9,-9,-9,-9,-9,-9,-9,-9,292283002016
MO,MISSOURI,2922830,NORTH PLATTE CO. R-I,2021,NORTH PLATTE INTERMEDIATE,292283002021,No,-9,-9,-9,-9,-9,-9,-9,-9,-9,-9,-9,-9,-9,-9,-9,-9,-9,-9,-9,-9,-9,292283002021
MO,MISSOURI,2922860,NORTHEAST RANDOLPH CO. R-IV,1299,NORTHEAST HIGH,292286001299,No,Yes,0,0,0,0,0,0,0,0,0,0,17,26,0,0,17,26,0,0,1,0,292286001299
MO,MISSOURI,2922860,NORTHEAST RANDOLPH CO. R-IV,2536,NORTHEAST ELEM.,292286002536,No,-9,-9,-9,-9,-9,-9,-9,-9,-9,-9,-9,-9,-9,-9,-9,-9,-9,-9,-9,-9,-9,292286002536
MO,MISSOURI,2922890,NORTHWEST R-I,1301,BRENNAN WOODS ELEM.,292289001301,No,-9,-9,-9,-9,-9,-9,-9,-9,-9,-9,-9,-9,-9,-9,-9,-9,-9,-9,-9,-9,-9,292289001301
MO,MISSOURI,2922890,NORTHWEST R-I,1303,HIGH RIDGE ELEM.,292289001303,No,-9,-9,-9,-9,-9,-9,-9,-9,-9,-9,-9,-9,-9,-9,-9,-9,-9,-9,-9,-9,-9,292289001303
MO,MISSOURI,2922890,NORTHWEST R-I,1304,HOUSE SPRINGS ELEM.,292289001304,No,-9,-9,-9,-9,-9,-9,-9,-9,-9,-9,-9,-9,-9,-9,-9,-9,-9,-9,-9,-9,-9,292289001304
MO,MISSOURI,2922890,NORTHWEST R-I,1306,MAPLE GROVE ELEM.,292289001306,No,-9,-9,-9,-9,-9,-9,-9,-9,-9,-9,-9,-9,-9,-9,-9,-9,-9,-9,-9,-9,-9,292289001306
MO,MISSOURI,2922890,NORTHWEST R-I,1307,MURPHY ELEM.,292289001307,No,-9,-9,-9,-9,-9,-9,-9,-9,-9,-9,-9,-9,-9,-9,-9,-9,-9,-9,-9,-9,-9,292289001307
MO,MISSOURI,2922890,NORTHWEST R-I,1309,NORTHWEST HIGH,292289001309,No,Yes,5,16,0,0,2,4,0,0,2,3,181,248,4,9,194,280,1,0,6,1,292289001309
MO,MISSOURI,2922890,NORTHWEST R-I,2378,NORTHWEST VALLEY SCH.,292289002378,No,-9,-9,-9,-9,-9,-9,-9,-9,-9,-9,-9,-9,-9,-9,-9,-9,-9,-9,-9,-9,-9,292289002378
MO,MISSOURI,2922890,NORTHWEST R-I,2564,CEDAR SPRINGS ELEM.,292289002564,No,-9,-9,-9,-9,-9,-9,-9,-9,-9,-9,-9,-9,-9,-9,-9,-9,-9,-9,-9,-9,-9,292289002564
MO,MISSOURI,2922890,NORTHWEST R-I,3191,WOODRIDGE MIDDLE SCHOOL,292289003191,No,-9,-9,-9,-9,-9,-9,-9,-9,-9,-9,-9,-9,-9,-9,-9,-9,-9,-9,-9,-9,-9,292289003191
MO,MISSOURI,2922890,NORTHWEST R-I,3192,HOUSE SPRINGS EARLY CHILD CTR,292289003192,No,-9,-9,-9,-9,-9,-9,-9,-9,-9,-9,-9,-9,-9,-9,-9,-9,-9,-9,-9,-9,-9,292289003192
MO,MISSOURI,2922920,NORTHWESTERN R-I,1310,NORTHWESTERN ELEM.,292292001310,No,-9,-9,-9,-9,-9,-9,-9,-9,-9,-9,-9,-9,-9,-9,-9,-9,-9,-9,-9,-9,-9,292292001310
MO,MISSOURI,2922920,NORTHWESTERN R-I,1311,NORTHWESTERN HIGH,292292001311,No,Yes,0,0,0,0,0,0,0,0,0,0,1,4,0,0,1,4,0,0,0,0,292292001311
MO,MISSOURI,2922950,NORWOOD R-I,1312,NORWOOD ELEM.,292295001312,No,-9,-9,-9,-9,-9,-9,-9,-9,-9,-9,-9,-9,-9,-9,-9,-9,-9,-9,-9,-9,-9,292295001312
MO,MISSOURI,2922950,NORWOOD R-I,1313,NORWOOD HIGH,292295001313,No,Yes,1,0,0,0,0,0,0,0,0,0,6,8,0,0,7,8,0,0,0,0,292295001313
MO,MISSOURI,2922980,ADAIR CO. R-I,1314,ADAIR CO. ELEM.,292298001314,No,Yes,0,0,0,0,0,0,0,0,0,0,8,6,0,0,8,6,0,0,0,0,292298001314
MO,MISSOURI,2922980,ADAIR CO. R-I,1315,ADAIR CO. HIGH,292298001315,No,Yes,0,0,0,0,0,0,0,0,0,0,8,6,0,0,8,6,0,0,0,0,292298001315
MO,MISSOURI,2923010,OAK GROVE R-VI,141,OAK GROVE PRIMARY,292301000141,No,-9,-9,-9,-9,-9,-9,-9,-9,-9,-9,-9,-9,-9,-9,-9,-9,-9,-9,-9,-9,-9,292301000141
MO,MISSOURI,2923010,OAK GROVE R-VI,1316,OAK GROVE ELEM.,292301001316,No,-9,-9,-9,-9,-9,-9,-9,-9,-9,-9,-9,-9,-9,-9,-9,-9,-9,-9,-9,-9,-9,292301001316
MO,MISSOURI,2923010,OAK GROVE R-VI,1317,OAK GROVE HIGH,292301001317,No,Yes,6,3,0,0,0,0,0,0,0,5,57,68,1,3,64,79,0,0,1,0,292301001317
MO,MISSOURI,2923010,OAK GROVE R-VI,1318,OAK GROVE MIDDLE,292301001318,No,-9,-9,-9,-9,-9,-9,-9,-9,-9,-9,-9,-9,-9,-9,-9,-9,-9,-9,-9,-9,-9,292301001318
MO,MISSOURI,2923010,OAK GROVE R-VI,99999,OAK GROVE EARLY CHILDHOOD CENTER,292301099999,No,-9,-9,-9,-9,-9,-9,-9,-9,-9,-9,-9,-9,-9,-9,-9,-9,-9,-9,-9,-9,-9,292301099999
MO,MISSOURI,2923040,OAK HILL R-I,1319,OAK HILL ELEM.,292304001319,No,-9,-9,-9,-9,-9,-9,-9,-9,-9,-9,-9,-9,-9,-9,-9,-9,-9,-9,-9,-9,-9,292304001319
MO,MISSOURI,2923070,OAK RIDGE R-VI,1320,OAK RIDGE ELEM.,292307001320,No,-9,-9,-9,-9,-9,-9,-9,-9,-9,-9,-9,-9,-9,-9,-9,-9,-9,-9,-9,-9,-9,292307001320
MO,MISSOURI,2923070,OAK RIDGE R-VI,1321,OAK RIDGE HIGH,292307001321,No,Yes,0,0,0,0,0,0,0,0,0,0,3,5,0,0,3,5,0,0,0,0,292307001321
MO,MISSOURI,2923100,ODESSA R-VII,1323,MCQUERRY ELEMENTARY,292310001323,No,-9,-9,-9,-9,-9,-9,-9,-9,-9,-9,-9,-9,-9,-9,-9,-9,-9,-9,-9,-9,-9,292310001323
MO,MISSOURI,2923100,ODESSA R-VII,1325,ODESSA HIGH,292310001325,No,Yes,0,0,0,0,0,0,0,0,0,0,5,5,0,0,5,5,0,0,0,0,292310001325
MO,MISSOURI,2923100,ODESSA R-VII,1730,ODESSA MIDDLE,292310001730,No,-9,-9,-9,-9,-9,-9,-9,-9,-9,-9,-9,-9,-9,-9,-9,-9,-9,-9,-9,-9,-9,292310001730
MO,MISSOURI,2923100,ODESSA R-VII,1743,ODESSA UPPER ELEMENTARY,292310001743,No,-9,-9,-9,-9,-9,-9,-9,-9,-9,-9,-9,-9,-9,-9,-9,-9,-9,-9,-9,-9,-9,292310001743
MO,MISSOURI,2923130,ORAN R-III,1326,ORAN ELEMENTARY SCHOOL,292313001326,No,-9,-9,-9,-9,-9,-9,-9,-9,-9,-9,-9,-9,-9,-9,-9,-9,-9,-9,-9,-9,-9,292313001326
MO,MISSOURI,2923130,ORAN R-III,1327,ORAN HIGH SCHOOL,292313001327,No,Yes,0,0,0,0,0,0,0,0,0,0,11,17,1,0,12,17,0,0,0,0,292313001327
MO,MISSOURI,2923160,ORCHARD FARM R-V,1329,Orchard Farm Elementary,292316001329,No,-9,-9,-9,-9,-9,-9,-9,-9,-9,-9,-9,-9,-9,-9,-9,-9,-9,-9,-9,-9,-9,292316001329
MO,MISSOURI,2923160,ORCHARD FARM R-V,1330,Orchard Farm Middle School,292316001330,No,-9,-9,-9,-9,-9,-9,-9,-9,-9,-9,-9,-9,-9,-9,-9,-9,-9,-9,-9,-9,-9,292316001330
MO,MISSOURI,2923160,ORCHARD FARM R-V,1331,Orchard Farm High School,292316001331,No,No,-9,-9,-9,-9,-9,-9,-9,-9,-9,-9,-9,-9,-9,-9,-9,-9,-9,-9,-9,-9,292316001331
MO,MISSOURI,2923160,ORCHARD FARM R-V,3177,Discovery Elementary,292316003177,No,-9,-9,-9,-9,-9,-9,-9,-9,-9,-9,-9,-9,-9,-9,-9,-9,-9,-9,-9,-9,-9,292316003177
MO,MISSOURI,2923160,ORCHARD FARM R-V,3290,Early Learning Center,292316003290,No,-9,-9,-9,-9,-9,-9,-9,-9,-9,-9,-9,-9,-9,-9,-9,-9,-9,-9,-9,-9,-9,292316003290
MO,MISSOURI,2923190,SOUTH HOLT CO. R-I,1333,SOUTH HOLT ELEM.,292319001333,No,-9,-9,-9,-9,-9,-9,-9,-9,-9,-9,-9,-9,-9,-9,-9,-9,-9,-9,-9,-9,-9,292319001333
MO,MISSOURI,2923190,SOUTH HOLT CO. R-I,1334,SOUTH HOLT HIGH,292319001334,No,Yes,0,0,0,0,0,0,0,0,0,1,7,16,0,0,7,17,0,0,0,0,292319001334
MO,MISSOURI,2923220,ORRICK R-XI,1335,ORRICK ELEM.,292322001335,No,-9,-9,-9,-9,-9,-9,-9,-9,-9,-9,-9,-9,-9,-9,-9,-9,-9,-9,-9,-9,-9,292322001335
MO,MISSOURI,2923220,ORRICK R-XI,1336,ORRICK HIGH,292322001336,No,Yes,0,1,0,0,0,0,0,0,0,0,10,18,0,0,10,19,0,0,3,2,292322001336
MO,MISSOURI,2923250,OSBORN R-O,1337,OSBORN ELEM.,292325001337,No,-9,-9,-9,-9,-9,-9,-9,-9,-9,-9,-9,-9,-9,-9,-9,-9,-9,-9,-9,-9,-9,292325001337
MO,MISSOURI,2923250,OSBORN R-O,1338,OSBORN HIGH,292325001338,No,Yes,0,0,0,0,0,0,0,0,0,0,2,3,0,0,2,3,1,3,0,0,292325001338
MO,MISSOURI,2923270,OSCEOLA,1339,OSCEOLA ELEM.,292327001339,No,-9,-9,-9,-9,-9,-9,-9,-9,-9,-9,-9,-9,-9,-9,-9,-9,-9,-9,-9,-9,-9,292327001339
MO,MISSOURI,2923270,OSCEOLA,1340,OSCEOLA JR.-SR. HIGH,292327001340,No,Yes,0,1,0,0,0,0,0,0,0,1,11,16,0,0,11,18,0,0,0,0,292327001340
MO,MISSOURI,2923310,OTTERVILLE R-VI,1341,OTTERVILLE ELEM.,292331001341,No,-9,-9,-9,-9,-9,-9,-9,-9,-9,-9,-9,-9,-9,-9,-9,-9,-9,-9,-9,-9,-9,292331001341
MO,MISSOURI,2923310,OTTERVILLE R-VI,1342,OTTERVILLE HIGH,292331001342,No,Yes,0,0,0,0,0,0,0,0,0,0,2,4,0,0,2,4,0,0,0,0,292331001342
MO,MISSOURI,2923340,GASCONADE CO. R-II,1343,GERALD ELEM.,292334001343,No,-9,-9,-9,-9,-9,-9,-9,-9,-9,-9,-9,-9,-9,-9,-9,-9,-9,-9,-9,-9,-9,292334001343
MO,MISSOURI,2923340,GASCONADE CO. R-II,1347,OWENSVILLE HIGH,292334001347,No,Yes,0,0,0,1,1,0,0,0,1,0,21,11,0,1,23,13,0,0,0,0,292334001347
MO,MISSOURI,2923340,GASCONADE CO. R-II,1477,OWENSVILLE MIDDLE,292334001477,No,-9,-9,-9,-9,-9,-9,-9,-9,-9,-9,-9,-9,-9,-9,-9,-9,-9,-9,-9,-9,-9,292334001477
MO,MISSOURI,2923340,GASCONADE CO. R-II,3008,OWENSVILLE ELEM.,292334003008,No,-9,-9,-9,-9,-9,-9,-9,-9,-9,-9,-9,-9,-9,-9,-9,-9,-9,-9,-9,-9,-9,292334003008
MO,MISSOURI,2923370,THORNFIELD R-I,1348,THORNFIELD ELEM.,292337001348,No,-9,-9,-9,-9,-9,-9,-9,-9,-9,-9,-9,-9,-9,-9,-9,-9,-9,-9,-9,-9,-9,292337001348
MO,MISSOURI,2923400,LUTIE R-VI,1349,LUTIE ELEM.,292340001349,No,-9,-9,-9,-9,-9,-9,-9,-9,-9,-9,-9,-9,-9,-9,-9,-9,-9,-9,-9,-9,-9,292340001349
MO,MISSOURI,2923400,LUTIE R-VI,2565,LUTIE HIGH,292340002565,No,Yes,0,0,0,0,0,0,0,0,0,0,3,10,0,0,3,10,0,0,0,0,292340002565
MO,MISSOURI,2923430,OZARK R-VI,470,OZARK MIDDLE SCHOOL,292343000470,No,-9,-9,-9,-9,-9,-9,-9,-9,-9,-9,-9,-9,-9,-9,-9,-9,-9,-9,-9,-9,-9,292343000470
MO,MISSOURI,2923430,OZARK R-VI,1351,OZARK HIGH,292343001351,No,Yes,7,13,1,6,1,1,0,0,2,2,77,132,1,0,89,154,0,0,0,0,292343001351
MO,MISSOURI,2923430,OZARK R-VI,1433,EAST ELEM.,292343001433,No,-9,-9,-9,-9,-9,-9,-9,-9,-9,-9,-9,-9,-9,-9,-9,-9,-9,-9,-9,-9,-9,292343001433
MO,MISSOURI,2923430,OZARK R-VI,2438,OZARK JR. HIGH,292343002438,No,-9,-9,-9,-9,-9,-9,-9,-9,-9,-9,-9,-9,-9,-9,-9,-9,-9,-9,-9,-9,-9,292343002438
MO,MISSOURI,2923430,OZARK R-VI,2439,SOUTH ELEM.,292343002439,No,-9,-9,-9,-9,-9,-9,-9,-9,-9,-9,-9,-9,-9,-9,-9,-9,-9,-9,-9,-9,-9,292343002439
MO,MISSOURI,2923430,OZARK R-VI,2727,NORTH ELEM.,292343002727,No,-9,-9,-9,-9,-9,-9,-9,-9,-9,-9,-9,-9,-9,-9,-9,-9,-9,-9,-9,-9,-9,292343002727
MO,MISSOURI,2923430,OZARK R-VI,3001,WEST ELEM.,292343003001,No,-9,-9,-9,-9,-9,-9,-9,-9,-9,-9,-9,-9,-9,-9,-9,-9,-9,-9,-9,-9,-9,292343003001
MO,MISSOURI,2923430,OZARK R-VI,3333,OZARK TIGERPAW EARLY CHILD CTR,292343003333,No,-9,-9,-9,-9,-9,-9,-9,-9,-9,-9,-9,-9,-9,-9,-9,-9,-9,-9,-9,-9,-9,292343003333
MO,MISSOURI,2923460,MERAMEC VALLEY R-III,1353,COLEMAN ELEM.,292346001353,No,-9,-9,-9,-9,-9,-9,-9,-9,-9,-9,-9,-9,-9,-9,-9,-9,-9,-9,-9,-9,-9,292346001353
MO,MISSOURI,2923460,MERAMEC VALLEY R-III,1354,NIKE ELEM.,292346001354,No,-9,-9,-9,-9,-9,-9,-9,-9,-9,-9,-9,-9,-9,-9,-9,-9,-9,-9,-9,-9,-9,292346001354
MO,MISSOURI,2923460,MERAMEC VALLEY R-III,1355,PACIFIC INTERMEDIATE,292346001355,No,-9,-9,-9,-9,-9,-9,-9,-9,-9,-9,-9,-9,-9,-9,-9,-9,-9,-9,-9,-9,-9,292346001355
MO,MISSOURI,2923460,MERAMEC VALLEY R-III,1356,PACIFIC HIGH,292346001356,No,Yes,0,1,0,0,0,0,0,0,0,0,43,54,1,1,44,56,0,0,2,1,292346001356
MO,MISSOURI,2923460,MERAMEC VALLEY R-III,1357,ROBERTSVILLE ELEM.,292346001357,No,-9,-9,-9,-9,-9,-9,-9,-9,-9,-9,-9,-9,-9,-9,-9,-9,-9,-9,-9,-9,-9,292346001357
MO,MISSOURI,2923460,MERAMEC VALLEY R-III,1359,ZITZMAN ELEM.,292346001359,No,-9,-9,-9,-9,-9,-9,-9,-9,-9,-9,-9,-9,-9,-9,-9,-9,-9,-9,-9,-9,-9,292346001359
MO,MISSOURI,2923460,MERAMEC VALLEY R-III,2278,DORIS HOFFMAN EARLY LEARNING C,292346002278,No,-9,-9,-9,-9,-9,-9,-9,-9,-9,-9,-9,-9,-9,-9,-9,-9,-9,-9,-9,-9,-9,292346002278
MO,MISSOURI,2923460,MERAMEC VALLEY R-III,2472,TRUMAN ELEM.,292346002472,No,-9,-9,-9,-9,-9,-9,-9,-9,-9,-9,-9,-9,-9,-9,-9,-9,-9,-9,-9,-9,-9,292346002472
MO,MISSOURI,2923460,MERAMEC VALLEY R-III,2864,RIVERBEND MIDDLE SCH.,292346002864,No,-9,-9,-9,-9,-9,-9,-9,-9,-9,-9,-9,-9,-9,-9,-9,-9,-9,-9,-9,-9,-9,292346002864
MO,MISSOURI,2923490,PALMYRA R-I,1360,PALMYRA ELEM.,292349001360,No,-9,-9,-9,-9,-9,-9,-9,-9,-9,-9,-9,-9,-9,-9,-9,-9,-9,-9,-9,-9,-9,292349001360
MO,MISSOURI,2923490,PALMYRA R-I,1361,PALMYRA MIDDLE,292349001361,No,-9,-9,-9,-9,-9,-9,-9,-9,-9,-9,-9,-9,-9,-9,-9,-9,-9,-9,-9,-9,-9,292349001361
MO,MISSOURI,2923490,PALMYRA R-I,1362,PALMYRA HIGH,292349001362,No,Yes,0,0,0,0,1,0,0,0,0,0,22,37,2,2,25,39,0,0,0,1,292349001362
MO,MISSOURI,2923530,PARIS R-II,1363,PARIS ELEM.,292353001363,No,-9,-9,-9,-9,-9,-9,-9,-9,-9,-9,-9,-9,-9,-9,-9,-9,-9,-9,-9,-9,-9,292353001363
MO,MISSOURI,2923530,PARIS R-II,1365,PARIS HIGH,292353001365,No,Yes,0,0,0,2,0,0,0,0,0,0,17,20,0,1,17,23,0,0,0,1,292353001365
MO,MISSOURI,2923530,PARIS R-II,2440,PARIS JR. HIGH,292353002440,No,-9,-9,-9,-9,-9,-9,-9,-9,-9,-9,-9,-9,-9,-9,-9,-9,-9,-9,-9,-9,-9,292353002440
MO,MISSOURI,2923550,PARK HILL,615,ENGLISH LANDING ELEM.,292355000615,No,-9,-9,-9,-9,-9,-9,-9,-9,-9,-9,-9,-9,-9,-9,-9,-9,-9,-9,-9,-9,-9,292355000615
MO,MISSOURI,2923550,PARK HILL,1366,ALFRED L. RENNER ELEM.,292355001366,No,-9,-9,-9,-9,-9,-9,-9,-9,-9,-9,-9,-9,-9,-9,-9,-9,-9,-9,-9,-9,-9,292355001366
MO,MISSOURI,2923550,PARK HILL,1367,GRADEN ELEM.,292355001367,No,-9,-9,-9,-9,-9,-9,-9,-9,-9,-9,-9,-9,-9,-9,-9,-9,-9,-9,-9,-9,-9,292355001367
MO,MISSOURI,2923550,PARK HILL,1369,PLAZA MIDDLE,292355001369,No,-9,-9,-9,-9,-9,-9,-9,-9,-9,-9,-9,-9,-9,-9,-9,-9,-9,-9,-9,-9,-9,292355001369
MO,MISSOURI,2923550,PARK HILL,1370,LINE CREEK ELEM.,292355001370,No,-9,-9,-9,-9,-9,-9,-9,-9,-9,-9,-9,-9,-9,-9,-9,-9,-9,-9,-9,-9,-9,292355001370
MO,MISSOURI,2923550,PARK HILL,1371,PARK HILL HIGH,292355001371,No,Yes,18,22,1,0,3,13,0,0,14,19,97,119,6,12,139,185,3,4,6,6,292355001371
MO,MISSOURI,2923550,PARK HILL,1372,SOUTHEAST ELEM.,292355001372,No,-9,-9,-9,-9,-9,-9,-9,-9,-9,-9,-9,-9,-9,-9,-9,-9,-9,-9,-9,-9,-9,292355001372
MO,MISSOURI,2923550,PARK HILL,1373,THOMAS B. CHINN ELEM.,292355001373,No,-9,-9,-9,-9,-9,-9,-9,-9,-9,-9,-9,-9,-9,-9,-9,-9,-9,-9,-9,-9,-9,292355001373
MO,MISSOURI,2923550,PARK HILL,1374,UNION CHAPEL ELEM.,292355001374,No,-9,-9,-9,-9,-9,-9,-9,-9,-9,-9,-9,-9,-9,-9,-9,-9,-9,-9,-9,-9,-9,292355001374
MO,MISSOURI,2923550,PARK HILL,2025,PRAIRIE POINT ELEM.,292355002025,No,-9,-9,-9,-9,-9,-9,-9,-9,-9,-9,-9,-9,-9,-9,-9,-9,-9,-9,-9,-9,-9,292355002025
MO,MISSOURI,2923550,PARK HILL,2413,PARK HILL SOUTH HIGH,292355002413,No,Yes,8,15,0,2,3,7,1,0,7,18,89,98,2,9,110,149,1,1,0,1,292355002413
MO,MISSOURI,2923550,PARK HILL,2418,CONGRESS MIDDLE,292355002418,No,-9,-9,-9,-9,-9,-9,-9,-9,-9,-9,-9,-9,-9,-9,-9,-9,-9,-9,-9,-9,-9,292355002418
MO,MISSOURI,2923550,PARK HILL,2537,RUSSELL JONES ED CENTER,292355002537,No,No,-9,-9,-9,-9,-9,-9,-9,-9,-9,-9,-9,-9,-9,-9,-9,-9,-9,-9,-9,-9,292355002537
MO,MISSOURI,2923550,PARK HILL,2623,LAKEVIEW MIDDLE,292355002623,No,-9,-9,-9,-9,-9,-9,-9,-9,-9,-9,-9,-9,-9,-9,-9,-9,-9,-9,-9,-9,-9,292355002623
MO,MISSOURI,2923550,PARK HILL,2841,HAWTHORN ELEM.,292355002841,No,-9,-9,-9,-9,-9,-9,-9,-9,-9,-9,-9,-9,-9,-9,-9,-9,-9,-9,-9,-9,-9,292355002841
MO,MISSOURI,2923550,PARK HILL,3087,GERNER FAMILY EARLY ED CTR.,292355003087,No,-9,-9,-9,-9,-9,-9,-9,-9,-9,-9,-9,-9,-9,-9,-9,-9,-9,-9,-9,-9,-9,292355003087
MO,MISSOURI,2923550,PARK HILL,3221,TIFFANY RIDGE ELEMENTARY SCHL,292355003221,No,-9,-9,-9,-9,-9,-9,-9,-9,-9,-9,-9,-9,-9,-9,-9,-9,-9,-9,-9,-9,-9,292355003221
MO,MISSOURI,2923550,PARK HILL,3313,LEAD INNOVATION STUDIO,292355003313,No,Yes,0,0,0,0,0,0,0,0,0,1,9,20,0,1,9,22,0,0,0,0,292355003313
MO,MISSOURI,2923550,PARK HILL,3359,WALDEN MIDDLE,292355003359,No,-9,-9,-9,-9,-9,-9,-9,-9,-9,-9,-9,-9,-9,-9,-9,-9,-9,-9,-9,-9,-9,292355003359
MO,MISSOURI,2923550,PARK HILL,3368,HOPEWELL ELEMENTARY,292355003368,No,-9,-9,-9,-9,-9,-9,-9,-9,-9,-9,-9,-9,-9,-9,-9,-9,-9,-9,-9,-9,-9,292355003368
MO,MISSOURI,2923580,PARKWAY C-2,459,Fern Ridge,292358000459,No,No,-9,-9,-9,-9,-9,-9,-9,-9,-9,-9,-9,-9,-9,-9,-9,-9,-9,-9,-9,-9,292358000459
MO,MISSOURI,2923580,PARKWAY C-2,1375,BARRETTS ELEM.,292358001375,No,-9,-9,-9,-9,-9,-9,-9,-9,-9,-9,-9,-9,-9,-9,-9,-9,-9,-9,-9,-9,-9,292358001375
MO,MISSOURI,2923580,PARKWAY C-2,1376,BELLERIVE ELEM.,292358001376,No,-9,-9,-9,-9,-9,-9,-9,-9,-9,-9,-9,-9,-9,-9,-9,-9,-9,-9,-9,-9,-9,292358001376
MO,MISSOURI,2923580,PARKWAY C-2,1377,CARMAN TRAILS ELEM.,292358001377,No,-9,-9,-9,-9,-9,-9,-9,-9,-9,-9,-9,-9,-9,-9,-9,-9,-9,-9,-9,-9,-9,292358001377
MO,MISSOURI,2923580,PARKWAY C-2,1379,CENTRAL HIGH,292358001379,No,Yes,2,4,0,0,6,13,0,0,1,12,66,94,4,1,79,124,0,1,2,7,292358001379
MO,MISSOURI,2923580,PARKWAY C-2,1380,CLAYMONT ELEM.,292358001380,No,-9,-9,-9,-9,-9,-9,-9,-9,-9,-9,-9,-9,-9,-9,-9,-9,-9,-9,-9,-9,-9,292358001380
MO,MISSOURI,2923580,PARKWAY C-2,1382,CRAIG ELEM.,292358001382,No,-9,-9,-9,-9,-9,-9,-9,-9,-9,-9,-9,-9,-9,-9,-9,-9,-9,-9,-9,-9,-9,292358001382
MO,MISSOURI,2923580,PARKWAY C-2,1385,GREEN TRAILS ELEM.,292358001385,No,-9,-9,-9,-9,-9,-9,-9,-9,-9,-9,-9,-9,-9,-9,-9,-9,-9,-9,-9,-9,-9,292358001385
MO,MISSOURI,2923580,PARKWAY C-2,1386,HANNA WOODS ELEM.,292358001386,No,-9,-9,-9,-9,-9,-9,-9,-9,-9,-9,-9,-9,-9,-9,-9,-9,-9,-9,-9,-9,-9,292358001386
MO,MISSOURI,2923580,PARKWAY C-2,1387,HENRY ELEM.,292358001387,No,-9,-9,-9,-9,-9,-9,-9,-9,-9,-9,-9,-9,-9,-9,-9,-9,-9,-9,-9,-9,-9,292358001387
MO,MISSOURI,2923580,PARKWAY C-2,1388,HIGHCROFT RIDGE ELEM.,292358001388,No,-9,-9,-9,-9,-9,-9,-9,-9,-9,-9,-9,-9,-9,-9,-9,-9,-9,-9,-9,-9,-9,292358001388
MO,MISSOURI,2923580,PARKWAY C-2,1390,MASON RIDGE ELEM.,292358001390,No,-9,-9,-9,-9,-9,-9,-9,-9,-9,-9,-9,-9,-9,-9,-9,-9,-9,-9,-9,-9,-9,292358001390
MO,MISSOURI,2923580,PARKWAY C-2,1391,MCKELVEY INTERMEDIATE,292358001391,No,-9,-9,-9,-9,-9,-9,-9,-9,-9,-9,-9,-9,-9,-9,-9,-9,-9,-9,-9,-9,-9,292358001391
MO,MISSOURI,2923580,PARKWAY C-2,1393,NORTH HIGH,292358001393,No,Yes,1,3,0,0,4,12,0,0,4,6,23,36,3,3,35,60,0,2,1,3,292358001393
MO,MISSOURI,2923580,PARKWAY C-2,1394,SOUTH HIGH,292358001394,No,Yes,3,1,0,1,2,7,0,0,1,1,25,32,2,1,33,43,0,0,0,0,292358001394
MO,MISSOURI,2923580,PARKWAY C-2,1395,PIERREMONT ELEM.,292358001395,No,-9,-9,-9,-9,-9,-9,-9,-9,-9,-9,-9,-9,-9,-9,-9,-9,-9,-9,-9,-9,-9,292358001395
MO,MISSOURI,2923580,PARKWAY C-2,1396,RIVER BEND ELEM.,292358001396,No,-9,-9,-9,-9,-9,-9,-9,-9,-9,-9,-9,-9,-9,-9,-9,-9,-9,-9,-9,-9,-9,292358001396
MO,MISSOURI,2923580,PARKWAY C-2,1398,ROSS ELEM.,292358001398,No,-9,-9,-9,-9,-9,-9,-9,-9,-9,-9,-9,-9,-9,-9,-9,-9,-9,-9,-9,-9,-9,292358001398
MO,MISSOURI,2923580,PARKWAY C-2,1399,SHENANDOAH VALLEY ELEM.,292358001399,No,-9,-9,-9,-9,-9,-9,-9,-9,-9,-9,-9,-9,-9,-9,-9,-9,-9,-9,-9,-9,-9,292358001399
MO,MISSOURI,2923580,PARKWAY C-2,1400,SORRENTO SPRINGS ELEM.,292358001400,No,-9,-9,-9,-9,-9,-9,-9,-9,-9,-9,-9,-9,-9,-9,-9,-9,-9,-9,-9,-9,-9,292358001400
MO,MISSOURI,2923580,PARKWAY C-2,1404,WEST HIGH,292358001404,No,Yes,1,0,0,0,2,1,0,0,2,1,14,18,0,0,19,20,0,0,2,1,292358001404
MO,MISSOURI,2923580,PARKWAY C-2,1405,WREN HOLLOW ELEM.,292358001405,No,-9,-9,-9,-9,-9,-9,-9,-9,-9,-9,-9,-9,-9,-9,-9,-9,-9,-9,-9,-9,-9,292358001405
MO,MISSOURI,2923580,PARKWAY C-2,1540,SOUTHWEST MIDDLE,292358001540,No,-9,-9,-9,-9,-9,-9,-9,-9,-9,-9,-9,-9,-9,-9,-9,-9,-9,-9,-9,-9,-9,292358001540
MO,MISSOURI,2923580,PARKWAY C-2,1547,CENTRAL MIDDLE,292358001547,No,-9,-9,-9,-9,-9,-9,-9,-9,-9,-9,-9,-9,-9,-9,-9,-9,-9,-9,-9,-9,-9,292358001547
MO,MISSOURI,2923580,PARKWAY C-2,1549,NORTHEAST MIDDLE,292358001549,No,-9,-9,-9,-9,-9,-9,-9,-9,-9,-9,-9,-9,-9,-9,-9,-9,-9,-9,-9,-9,-9,292358001549
MO,MISSOURI,2923580,PARKWAY C-2,1553,SOUTH MIDDLE,292358001553,No,-9,-9,-9,-9,-9,-9,-9,-9,-9,-9,-9,-9,-9,-9,-9,-9,-9,-9,-9,-9,-9,292358001553
MO,MISSOURI,2923580,PARKWAY C-2,1555,WEST MIDDLE,292358001555,No,-9,-9,-9,-9,-9,-9,-9,-9,-9,-9,-9,-9,-9,-9,-9,-9,-9,-9,-9,-9,-9,292358001555
MO,MISSOURI,2923580,PARKWAY C-2,2626,OAK BROOK ELEM.,292358002626,No,-9,-9,-9,-9,-9,-9,-9,-9,-9,-9,-9,-9,-9,-9,-9,-9,-9,-9,-9,-9,-9,292358002626
MO,MISSOURI,2923580,PARKWAY C-2,3349,EARLY CHILDHOOD,292358003349,No,-9,-9,-9,-9,-9,-9,-9,-9,-9,-9,-9,-9,-9,-9,-9,-9,-9,-9,-9,-9,-9,292358003349
MO,MISSOURI,2923580,PARKWAY C-2,3388,McKelvey Primary School,292358003388,No,-9,-9,-9,-9,-9,-9,-9,-9,-9,-9,-9,-9,-9,-9,-9,-9,-9,-9,-9,-9,-9,292358003388
MO,MISSOURI,2923580,PARKWAY C-2,99996,North Area Preschool,292358099996,No,-9,-9,-9,-9,-9,-9,-9,-9,-9,-9,-9,-9,-9,-9,-9,-9,-9,-9,-9,-9,-9,292358099996
MO,MISSOURI,2923640,MEADOW HEIGHTS R-II,1406,MEADOW HEIGHTS HIGH,292364001406,No,No,-9,-9,-9,-9,-9,-9,-9,-9,-9,-9,-9,-9,-9,-9,-9,-9,-9,-9,-9,-9,292364001406
MO,MISSOURI,2923640,MEADOW HEIGHTS R-II,1407,MEADOW HEIGHTS ELEM.,292364001407,No,-9,-9,-9,-9,-9,-9,-9,-9,-9,-9,-9,-9,-9,-9,-9,-9,-9,-9,-9,-9,-9,292364001407
MO,MISSOURI,2923640,MEADOW HEIGHTS R-II,3339,MEADOW HEIGHTS MIDDLE SCHOOL,292364003339,No,-9,-9,-9,-9,-9,-9,-9,-9,-9,-9,-9,-9,-9,-9,-9,-9,-9,-9,-9,-9,-9,292364003339
MO,MISSOURI,2923670,PATTONSBURG R-II,1409,PATTONSBURG ELEM.,292367001409,No,Yes,0,0,0,0,0,0,0,0,0,0,4,5,0,0,4,5,0,0,0,0,292367001409
MO,MISSOURI,2923670,PATTONSBURG R-II,1410,PATTONSBURG HIGH,292367001410,No,Yes,0,0,0,0,0,0,0,0,0,0,5,8,0,0,5,8,0,0,0,0,292367001410
MO,MISSOURI,2923700,PATTONVILLE R-III,1412,BRIDGEWAY ELEM.,292370001412,No,-9,-9,-9,-9,-9,-9,-9,-9,-9,-9,-9,-9,-9,-9,-9,-9,-9,-9,-9,-9,-9,292370001412
MO,MISSOURI,2923700,PATTONVILLE R-III,1415,HOLMAN MIDDLE,292370001415,No,-9,-9,-9,-9,-9,-9,-9,-9,-9,-9,-9,-9,-9,-9,-9,-9,-9,-9,-9,-9,-9,292370001415
MO,MISSOURI,2923700,PATTONVILLE R-III,1416,PARKWOOD ELEM.,292370001416,No,-9,-9,-9,-9,-9,-9,-9,-9,-9,-9,-9,-9,-9,-9,-9,-9,-9,-9,-9,-9,-9,292370001416
MO,MISSOURI,2923700,PATTONVILLE R-III,1417,PATTONVILLE HEIGHTS MIDDLE,292370001417,No,-9,-9,-9,-9,-9,-9,-9,-9,-9,-9,-9,-9,-9,-9,-9,-9,-9,-9,-9,-9,-9,292370001417
MO,MISSOURI,2923700,PATTONVILLE R-III,1419,REMINGTON TRADITIONAL SCHOOL,292370001419,No,-9,-9,-9,-9,-9,-9,-9,-9,-9,-9,-9,-9,-9,-9,-9,-9,-9,-9,-9,-9,-9,292370001419
MO,MISSOURI,2923700,PATTONVILLE R-III,1420,ROSE ACRES ELEM.,292370001420,No,-9,-9,-9,-9,-9,-9,-9,-9,-9,-9,-9,-9,-9,-9,-9,-9,-9,-9,-9,-9,-9,292370001420
MO,MISSOURI,2923700,PATTONVILLE R-III,1421,PATTONVILLE SR. HIGH,292370001421,No,Yes,29,29,0,0,11,16,1,1,58,94,118,121,17,27,234,288,17,8,11,9,292370001421
MO,MISSOURI,2923700,PATTONVILLE R-III,1423,WILLOW BROOK ELEM.,292370001423,No,-9,-9,-9,-9,-9,-9,-9,-9,-9,-9,-9,-9,-9,-9,-9,-9,-9,-9,-9,-9,-9,292370001423
MO,MISSOURI,2923700,PATTONVILLE R-III,2848,ROBERT DRUMMOND ELEM.,292370002848,No,-9,-9,-9,-9,-9,-9,-9,-9,-9,-9,-9,-9,-9,-9,-9,-9,-9,-9,-9,-9,-9,292370002848
MO,MISSOURI,2923700,PATTONVILLE R-III,3328,PATTONVILLE EARLY CHILDHOOD,292370003328,No,-9,-9,-9,-9,-9,-9,-9,-9,-9,-9,-9,-9,-9,-9,-9,-9,-9,-9,-9,-9,-9,292370003328
MO,MISSOURI,2923730,RAYMORE-PECULIAR R-II,88,RAYMORE-PECULIAR EAST MIDDLE,292373000088,No,-9,-9,-9,-9,-9,-9,-9,-9,-9,-9,-9,-9,-9,-9,-9,-9,-9,-9,-9,-9,-9,292373000088
MO,MISSOURI,2923730,RAYMORE-PECULIAR R-II,1424,RAYMORE-PECULIAR SR. HIGH,292373001424,No,No,-9,-9,-9,-9,-9,-9,-9,-9,-9,-9,-9,-9,-9,-9,-9,-9,-9,-9,-9,-9,292373001424
MO,MISSOURI,2923730,RAYMORE-PECULIAR R-II,1426,PECULIAR ELEM.,292373001426,No,-9,-9,-9,-9,-9,-9,-9,-9,-9,-9,-9,-9,-9,-9,-9,-9,-9,-9,-9,-9,-9,292373001426
MO,MISSOURI,2923730,RAYMORE-PECULIAR R-II,1427,RAYMORE ELEM.,292373001427,No,-9,-9,-9,-9,-9,-9,-9,-9,-9,-9,-9,-9,-9,-9,-9,-9,-9,-9,-9,-9,-9,292373001427
MO,MISSOURI,2923730,RAYMORE-PECULIAR R-II,1959,TIMBER CREEK ELEM.,292373001959,No,-9,-9,-9,-9,-9,-9,-9,-9,-9,-9,-9,-9,-9,-9,-9,-9,-9,-9,-9,-9,-9,292373001959
MO,MISSOURI,2923730,RAYMORE-PECULIAR R-II,2723,STONEGATE ELEM.,292373002723,No,-9,-9,-9,-9,-9,-9,-9,-9,-9,-9,-9,-9,-9,-9,-9,-9,-9,-9,-9,-9,-9,292373002723
MO,MISSOURI,2923730,RAYMORE-PECULIAR R-II,2889,BRIDLE RIDGE ELEMENTARY,292373002889,No,-9,-9,-9,-9,-9,-9,-9,-9,-9,-9,-9,-9,-9,-9,-9,-9,-9,-9,-9,-9,-9,292373002889
MO,MISSOURI,2923730,RAYMORE-PECULIAR R-II,2913,CREEKMOOR ELEM.,292373002913,No,-9,-9,-9,-9,-9,-9,-9,-9,-9,-9,-9,-9,-9,-9,-9,-9,-9,-9,-9,-9,-9,292373002913
MO,MISSOURI,2923730,RAYMORE-PECULIAR R-II,3024,EAGLE GLEN ELEMENTARY,292373003024,No,-9,-9,-9,-9,-9,-9,-9,-9,-9,-9,-9,-9,-9,-9,-9,-9,-9,-9,-9,-9,-9,292373003024
MO,MISSOURI,2923730,RAYMORE-PECULIAR R-II,3312,RAYMORE-PECULIAR SOUTH MIDDLE,292373003312,No,-9,-9,-9,-9,-9,-9,-9,-9,-9,-9,-9,-9,-9,-9,-9,-9,-9,-9,-9,-9,-9,292373003312
MO,MISSOURI,2923730,RAYMORE-PECULIAR R-II,3316,SHULL EARLY LEARNING CENTER,292373003316,No,-9,-9,-9,-9,-9,-9,-9,-9,-9,-9,-9,-9,-9,-9,-9,-9,-9,-9,-9,-9,-9,292373003316
MO,MISSOURI,2923730,RAYMORE-PECULIAR R-II,99999,RAY-PEC ACADEMY,292373099999,No,No,-9,-9,-9,-9,-9,-9,-9,-9,-9,-9,-9,-9,-9,-9,-9,-9,-9,-9,-9,-9,292373099999
MO,MISSOURI,2923760,NORTH PEMISCOT CO. R-I,1429,ROSS ELEM.,292376001429,No,-9,-9,-9,-9,-9,-9,-9,-9,-9,-9,-9,-9,-9,-9,-9,-9,-9,-9,-9,-9,-9,292376001429
MO,MISSOURI,2923760,NORTH PEMISCOT CO. R-I,1431,NORTH PEMISCOT SR. HIGH,292376001431,No,Yes,0,0,0,0,0,0,0,0,0,0,3,3,0,1,3,4,0,0,0,0,292376001431
MO,MISSOURI,2923780,PEMISCOT CO. SPEC. SCH. DIST.,2380,DIAGNOSTIC CTR.,292378002380,No,-9,-9,-9,-9,-9,-9,-9,-9,-9,-9,-9,-9,-9,-9,-9,-9,-9,-9,-9,-9,-9,292378002380
MO,MISSOURI,2923780,PEMISCOT CO. SPEC. SCH. DIST.,2381,PEMISCOT CO CAREER  TECH CTR,292378002381,No,No,-9,-9,-9,-9,-9,-9,-9,-9,-9,-9,-9,-9,-9,-9,-9,-9,-9,-9,-9,-9,292378002381
MO,MISSOURI,2923780,PEMISCOT CO. SPEC. SCH. DIST.,2382,OAK VIEW LEARNING CTR.,292378002382,No,-9,-9,-9,-9,-9,-9,-9,-9,-9,-9,-9,-9,-9,-9,-9,-9,-9,-9,-9,-9,-9,292378002382
MO,MISSOURI,2923790,PEMISCOT CO. R-III,1436,PEMISCOT CO. R-III ELEM.,292379001436,No,-9,-9,-9,-9,-9,-9,-9,-9,-9,-9,-9,-9,-9,-9,-9,-9,-9,-9,-9,-9,-9,292379001436
MO,MISSOURI,2924530,PERRY CO. 32,1845,PERRY CO. MIDDLE,292453001845,No,-9,-9,-9,-9,-9,-9,-9,-9,-9,-9,-9,-9,-9,-9,-9,-9,-9,-9,-9,-9,-9,292453001845
MO,MISSOURI,2924530,PERRY CO. 32,2386,PERRYVILLE ELEM.,292453002386,No,-9,-9,-9,-9,-9,-9,-9,-9,-9,-9,-9,-9,-9,-9,-9,-9,-9,-9,-9,-9,-9,292453002386
MO,MISSOURI,2924530,PERRY CO. 32,2387,PERRYVILLE SR. HIGH,292453002387,No,Yes,0,2,0,0,1,0,0,0,0,1,22,53,0,0,23,56,0,0,6,4,292453002387
MO,MISSOURI,2924530,PERRY CO. 32,3361,PERRYVILLE PRIMARY CENTER,292453003361,No,-9,-9,-9,-9,-9,-9,-9,-9,-9,-9,-9,-9,-9,-9,-9,-9,-9,-9,-9,-9,-9,292453003361
MO,MISSOURI,2924690,PETTIS CO. R-XII,1713,PETTIS CO. ELEM.,292469001713,No,-9,-9,-9,-9,-9,-9,-9,-9,-9,-9,-9,-9,-9,-9,-9,-9,-9,-9,-9,-9,-9,292469001713
MO,MISSOURI,2925080,PHELPS CO. R-III,1439,PHELPS CO. ELEM.,292508001439,No,-9,-9,-9,-9,-9,-9,-9,-9,-9,-9,-9,-9,-9,-9,-9,-9,-9,-9,-9,-9,-9,292508001439
MO,MISSOURI,2925110,PIERCE CITY R-VI,1440,CENTRAL ELEM.,292511001440,No,Yes,0,0,0,0,2,0,0,0,0,0,7,7,0,0,9,7,0,0,0,0,292511001440
MO,MISSOURI,2925110,PIERCE CITY R-VI,1441,PIERCE CITY HIGH,292511001441,No,Yes,0,0,0,0,2,0,0,0,0,0,5,4,0,0,7,4,0,0,0,0,292511001441
MO,MISSOURI,2925110,PIERCE CITY R-VI,1987,PIERCE CITY MIDDLE,292511001987,No,-9,-9,-9,-9,-9,-9,-9,-9,-9,-9,-9,-9,-9,-9,-9,-9,-9,-9,-9,-9,-9,292511001987
MO,MISSOURI,2925140,PIKE CO. R-III,1444,CLOPTON ELEM.,292514001444,No,-9,-9,-9,-9,-9,-9,-9,-9,-9,-9,-9,-9,-9,-9,-9,-9,-9,-9,-9,-9,-9,292514001444
MO,MISSOURI,2925140,PIKE CO. R-III,1445,CLOPTON HIGH,292514001445,No,Yes,0,0,0,0,0,0,0,0,0,0,5,1,0,0,5,1,0,0,0,0,292514001445
MO,MISSOURI,2925170,PILOT GROVE C-4,1447,PILOT GROVE ELEM.,292517001447,No,-9,-9,-9,-9,-9,-9,-9,-9,-9,-9,-9,-9,-9,-9,-9,-9,-9,-9,-9,-9,-9,292517001447
MO,MISSOURI,2925170,PILOT GROVE C-4,1448,PILOT GROVE HIGH,292517001448,No,Yes,0,0,0,0,0,0,0,0,0,0,6,8,0,0,6,8,0,0,0,0,292517001448
MO,MISSOURI,2925210,PLATO R-V,1449,PLATO ELEM.,292521001449,No,-9,-9,-9,-9,-9,-9,-9,-9,-9,-9,-9,-9,-9,-9,-9,-9,-9,-9,-9,-9,-9,292521001449
MO,MISSOURI,2925210,PLATO R-V,1450,PLATO HIGH,292521001450,No,Yes,0,0,0,0,0,1,0,0,0,0,0,6,1,0,1,7,0,0,0,0,292521001450
MO,MISSOURI,2925230,PLATTE CO. R-III,1451,BARRY SCH.,292523001451,No,-9,-9,-9,-9,-9,-9,-9,-9,-9,-9,-9,-9,-9,-9,-9,-9,-9,-9,-9,-9,-9,292523001451
MO,MISSOURI,2925230,PLATTE CO. R-III,1455,PLATTE CITY MIDDLE,292523001455,No,-9,-9,-9,-9,-9,-9,-9,-9,-9,-9,-9,-9,-9,-9,-9,-9,-9,-9,-9,-9,-9,292523001455
MO,MISSOURI,2925230,PLATTE CO. R-III,1456,PLATTE COUNTY HIGH,292523001456,No,Yes,17,23,1,0,9,9,0,2,13,14,204,207,9,7,253,262,6,8,9,4,292523001456
MO,MISSOURI,2925230,PLATTE CO. R-III,2024,DONALD D. SIEGRIST ELEM.,292523002024,No,-9,-9,-9,-9,-9,-9,-9,-9,-9,-9,-9,-9,-9,-9,-9,-9,-9,-9,-9,-9,-9,292523002024
MO,MISSOURI,2925230,PLATTE CO. R-III,2298,NORTHLAND CAREER CTR.,292523002298,No,No,-9,-9,-9,-9,-9,-9,-9,-9,-9,-9,-9,-9,-9,-9,-9,-9,-9,-9,-9,-9,292523002298
MO,MISSOURI,2925230,PLATTE CO. R-III,3086,PATHFINDER ELEM.,292523003086,No,-9,-9,-9,-9,-9,-9,-9,-9,-9,-9,-9,-9,-9,-9,-9,-9,-9,-9,-9,-9,-9,292523003086
MO,MISSOURI,2925230,PLATTE CO. R-III,3288,COMPASS ELEMENTARY,292523003288,No,-9,-9,-9,-9,-9,-9,-9,-9,-9,-9,-9,-9,-9,-9,-9,-9,-9,-9,-9,-9,-9,292523003288
MO,MISSOURI,2925290,CLINTON CO. R-III,846,CLINTON CO. R-III MIDDLE,292529000846,No,-9,-9,-9,-9,-9,-9,-9,-9,-9,-9,-9,-9,-9,-9,-9,-9,-9,-9,-9,-9,-9,292529000846
MO,MISSOURI,2925290,CLINTON CO. R-III,1457,ELLIS ELEM.,292529001457,No,-9,-9,-9,-9,-9,-9,-9,-9,-9,-9,-9,-9,-9,-9,-9,-9,-9,-9,-9,-9,-9,292529001457
MO,MISSOURI,2925290,CLINTON CO. R-III,1458,PLATTSBURG HIGH,292529001458,No,Yes,0,0,0,0,0,0,0,0,0,0,1,3,0,2,1,5,0,0,0,1,292529001458
MO,MISSOURI,2925330,PLEASANT HILL R-III,1459,PLEASANT HILL MIDDLE,292533001459,No,-9,-9,-9,-9,-9,-9,-9,-9,-9,-9,-9,-9,-9,-9,-9,-9,-9,-9,-9,-9,-9,292533001459
MO,MISSOURI,2925330,PLEASANT HILL R-III,1460,PLEASANT HILL PRIMARY,292533001460,No,-9,-9,-9,-9,-9,-9,-9,-9,-9,-9,-9,-9,-9,-9,-9,-9,-9,-9,-9,-9,-9,292533001460
MO,MISSOURI,2925330,PLEASANT HILL R-III,1461,PLEASANT HILL HIGH,292533001461,No,Yes,4,5,0,2,0,0,0,0,0,0,91,150,0,0,95,157,0,0,0,0,292533001461
MO,MISSOURI,2925330,PLEASANT HILL R-III,2803,PLEASANT HILL ELEM.,292533002803,No,-9,-9,-9,-9,-9,-9,-9,-9,-9,-9,-9,-9,-9,-9,-9,-9,-9,-9,-9,-9,-9,292533002803
MO,MISSOURI,2925330,PLEASANT HILL R-III,2897,PLEASANT HILL INTERMEDIATE,292533002897,No,-9,-9,-9,-9,-9,-9,-9,-9,-9,-9,-9,-9,-9,-9,-9,-9,-9,-9,-9,-9,-9,292533002897
MO,MISSOURI,2925350,PLEASANT HOPE R-VI,1462,PLEASANT HOPE ELEM.,292535001462,No,-9,-9,-9,-9,-9,-9,-9,-9,-9,-9,-9,-9,-9,-9,-9,-9,-9,-9,-9,-9,-9,292535001462
MO,MISSOURI,2925350,PLEASANT HOPE R-VI,1463,PLEASANT HOPE HIGH,292535001463,No,Yes,0,0,1,0,0,0,0,0,0,1,43,57,0,0,44,58,0,1,5,4,292535001463
MO,MISSOURI,2925350,PLEASANT HOPE R-VI,2436,PLEASANT HOPE MIDDLE,292535002436,No,-9,-9,-9,-9,-9,-9,-9,-9,-9,-9,-9,-9,-9,-9,-9,-9,-9,-9,-9,-9,-9,292535002436
MO,MISSOURI,2925350,PLEASANT HOPE R-VI,2819,PLEASANT HOPE RANCH SCH.,292535002819,No,No,-9,-9,-9,-9,-9,-9,-9,-9,-9,-9,-9,-9,-9,-9,-9,-9,-9,-9,-9,-9,292535002819
MO,MISSOURI,2925410,POLO R-VII,227,POLO MIDDLE,292541000227,No,-9,-9,-9,-9,-9,-9,-9,-9,-9,-9,-9,-9,-9,-9,-9,-9,-9,-9,-9,-9,-9,292541000227
MO,MISSOURI,2925410,POLO R-VII,1464,POLO ELEM.,292541001464,No,-9,-9,-9,-9,-9,-9,-9,-9,-9,-9,-9,-9,-9,-9,-9,-9,-9,-9,-9,-9,-9,292541001464
MO,MISSOURI,2925410,POLO R-VII,1465,POLO HIGH,292541001465,No,Yes,0,0,0,0,0,1,0,0,0,0,4,16,0,0,4,17,0,0,0,1,292541001465
MO,MISSOURI,2925450,POPLAR BLUFF R-I,1466,POPLAR BLUFF TECH. CAREER CTR.,292545001466,No,No,-9,-9,-9,-9,-9,-9,-9,-9,-9,-9,-9,-9,-9,-9,-9,-9,-9,-9,-9,-9,292545001466
MO,MISSOURI,2925450,POPLAR BLUFF R-I,1467,EUGENE FIELD ELEM.,292545001467,No,-9,-9,-9,-9,-9,-9,-9,-9,-9,-9,-9,-9,-9,-9,-9,-9,-9,-9,-9,-9,-9,292545001467
MO,MISSOURI,2925450,POPLAR BLUFF R-I,1469,POPLAR BLUFF JR. HIGH,292545001469,No,-9,-9,-9,-9,-9,-9,-9,-9,-9,-9,-9,-9,-9,-9,-9,-9,-9,-9,-9,-9,-9,292545001469
MO,MISSOURI,2925450,POPLAR BLUFF R-I,1471,LAKE ROAD ELEM.,292545001471,No,-9,-9,-9,-9,-9,-9,-9,-9,-9,-9,-9,-9,-9,-9,-9,-9,-9,-9,-9,-9,-9,292545001471
MO,MISSOURI,2925450,POPLAR BLUFF R-I,1472,POPLAR BLUFF KINDERGARTEN CTR.,292545001472,No,-9,-9,-9,-9,-9,-9,-9,-9,-9,-9,-9,-9,-9,-9,-9,-9,-9,-9,-9,-9,-9,292545001472
MO,MISSOURI,2925450,POPLAR BLUFF R-I,1473,O'NEAL ELEM.,292545001473,No,-9,-9,-9,-9,-9,-9,-9,-9,-9,-9,-9,-9,-9,-9,-9,-9,-9,-9,-9,-9,-9,292545001473
MO,MISSOURI,2925450,POPLAR BLUFF R-I,1474,OAK GROVE ELEM.,292545001474,No,-9,-9,-9,-9,-9,-9,-9,-9,-9,-9,-9,-9,-9,-9,-9,-9,-9,-9,-9,-9,-9,292545001474
MO,MISSOURI,2925450,POPLAR BLUFF R-I,1475,POPLAR BLUFF HIGH,292545001475,No,Yes,0,0,0,0,0,0,0,0,2,1,7,15,0,0,9,16,0,0,0,0,292545001475
MO,MISSOURI,2925450,POPLAR BLUFF R-I,1947,POPLAR BLUFF MIDDLE SCHOOL,292545001947,No,-9,-9,-9,-9,-9,-9,-9,-9,-9,-9,-9,-9,-9,-9,-9,-9,-9,-9,-9,-9,-9,292545001947
MO,MISSOURI,2925450,POPLAR BLUFF R-I,2769,POPLAR BLUFF EARLY CHILDHOOD C,292545002769,No,-9,-9,-9,-9,-9,-9,-9,-9,-9,-9,-9,-9,-9,-9,-9,-9,-9,-9,-9,-9,-9,292545002769
MO,MISSOURI,2925500,POTOSI R-III,1493,POTOSI ELEM.,292550001493,No,-9,-9,-9,-9,-9,-9,-9,-9,-9,-9,-9,-9,-9,-9,-9,-9,-9,-9,-9,-9,-9,292550001493
MO,MISSOURI,2925500,POTOSI R-III,1495,JOHN A. EVANS MIDDLE,292550001495,No,-9,-9,-9,-9,-9,-9,-9,-9,-9,-9,-9,-9,-9,-9,-9,-9,-9,-9,-9,-9,-9,292550001495
MO,MISSOURI,2925500,POTOSI R-III,1497,POTOSI HIGH,292550001497,No,Yes,1,1,0,0,0,0,0,0,0,1,57,72,2,1,60,75,0,0,0,0,292550001497
MO,MISSOURI,2925500,POTOSI R-III,2766,TROJAN INTERMEDIATE,292550002766,No,-9,-9,-9,-9,-9,-9,-9,-9,-9,-9,-9,-9,-9,-9,-9,-9,-9,-9,-9,-9,-9,292550002766
MO,MISSOURI,2925530,PRAIRIE HOME R-V,1499,PRAIRIE HOME ELEM.,292553001499,No,-9,-9,-9,-9,-9,-9,-9,-9,-9,-9,-9,-9,-9,-9,-9,-9,-9,-9,-9,-9,-9,292553001499
MO,MISSOURI,2925530,PRAIRIE HOME R-V,1500,PRAIRIE HOME HIGH,292553001500,No,Yes,0,0,0,0,0,0,0,0,0,0,3,6,0,0,3,6,0,0,0,0,292553001500
MO,MISSOURI,2925590,PRINCETON R-V,2299,PRINCETON R-V ELEM.,292559002299,No,-9,-9,-9,-9,-9,-9,-9,-9,-9,-9,-9,-9,-9,-9,-9,-9,-9,-9,-9,-9,-9,292559002299
MO,MISSOURI,2925590,PRINCETON R-V,2300,PRINCETON R-V JR.-SR. HIGH,292559002300,No,Yes,0,0,0,0,0,0,0,0,0,0,49,51,1,1,50,52,0,0,14,6,292559002300
MO,MISSOURI,2925620,PURDY R-II,1501,PURDY ELEM.,292562001501,No,-9,-9,-9,-9,-9,-9,-9,-9,-9,-9,-9,-9,-9,-9,-9,-9,-9,-9,-9,-9,-9,292562001501
MO,MISSOURI,2925620,PURDY R-II,1502,PURDY HIGH,292562001502,No,Yes,3,3,0,0,1,1,0,0,0,0,6,5,0,0,10,9,3,3,0,0,292562001502
MO,MISSOURI,2925640,PUTNAM CO. R-I,1503,PUTNAM CO. HIGH,292564001503,No,Yes,0,1,0,0,0,0,0,0,0,1,8,19,0,0,8,21,0,0,0,0,292564001503
MO,MISSOURI,2925640,PUTNAM CO. R-I,1505,PUTNAM CO. ELEM.,292564001505,No,-9,-9,-9,-9,-9,-9,-9,-9,-9,-9,-9,-9,-9,-9,-9,-9,-9,-9,-9,-9,-9,292564001505
MO,MISSOURI,2925640,PUTNAM CO. R-I,1847,PUTNAM CO. MIDDLE,292564001847,No,-9,-9,-9,-9,-9,-9,-9,-9,-9,-9,-9,-9,-9,-9,-9,-9,-9,-9,-9,-9,-9,292564001847
MO,MISSOURI,2925650,PUXICO R-VIII,1507,PUXICO ELEM.,292565001507,No,-9,-9,-9,-9,-9,-9,-9,-9,-9,-9,-9,-9,-9,-9,-9,-9,-9,-9,-9,-9,-9,292565001507
MO,MISSOURI,2925650,PUXICO R-VIII,1508,PUXICO HIGH,292565001508,No,Yes,0,0,0,0,0,0,0,0,0,0,11,19,0,0,11,19,0,0,0,0,292565001508
MO,MISSOURI,2925650,PUXICO R-VIII,2704,MINGO PUXICO TECHNICAL HIGH,292565002704,No,No,-9,-9,-9,-9,-9,-9,-9,-9,-9,-9,-9,-9,-9,-9,-9,-9,-9,-9,-9,-9,292565002704
MO,MISSOURI,2925650,PUXICO R-VIII,2871,PUXICO JR. HIGH,292565002871,No,-9,-9,-9,-9,-9,-9,-9,-9,-9,-9,-9,-9,-9,-9,-9,-9,-9,-9,-9,-9,-9,292565002871
MO,MISSOURI,2925710,RALLS CO. R-II,1034,MARK TWAIN JR. HIGH,292571001034,No,-9,-9,-9,-9,-9,-9,-9,-9,-9,-9,-9,-9,-9,-9,-9,-9,-9,-9,-9,-9,-9,292571001034
MO,MISSOURI,2925710,RALLS CO. R-II,1510,MARK TWAIN SR. HIGH,292571001510,No,Yes,0,1,0,0,0,0,0,1,1,0,16,28,0,0,17,30,0,0,0,0,292571001510
MO,MISSOURI,2925710,RALLS CO. R-II,1512,RALLS COUNTY ELEMENTARY,292571001512,No,-9,-9,-9,-9,-9,-9,-9,-9,-9,-9,-9,-9,-9,-9,-9,-9,-9,-9,-9,-9,-9,292571001512
MO,MISSOURI,2926040,RAYMONDVILLE R-VII,1514,RAYMONDVILLE ELEM.,292604001514,No,-9,-9,-9,-9,-9,-9,-9,-9,-9,-9,-9,-9,-9,-9,-9,-9,-9,-9,-9,-9,-9,292604001514
MO,MISSOURI,2926070,RAYTOWN C-2,545,BLUE RIDGE ELEM.,292607000545,No,-9,-9,-9,-9,-9,-9,-9,-9,-9,-9,-9,-9,-9,-9,-9,-9,-9,-9,-9,-9,-9,292607000545
MO,MISSOURI,2926070,RAYTOWN C-2,945,NEW TRAILS EARLY LEARNING CTR.,292607000945,No,-9,-9,-9,-9,-9,-9,-9,-9,-9,-9,-9,-9,-9,-9,-9,-9,-9,-9,-9,-9,-9,292607000945
MO,MISSOURI,2926070,RAYTOWN C-2,1518,EASTWOOD HILLS ELEM.,292607001518,No,-9,-9,-9,-9,-9,-9,-9,-9,-9,-9,-9,-9,-9,-9,-9,-9,-9,-9,-9,-9,-9,292607001518
MO,MISSOURI,2926070,RAYTOWN C-2,1519,FLEETRIDGE ELEM.,292607001519,No,-9,-9,-9,-9,-9,-9,-9,-9,-9,-9,-9,-9,-9,-9,-9,-9,-9,-9,-9,-9,-9,292607001519
MO,MISSOURI,2926070,RAYTOWN C-2,1520,LAUREL HILLS ELEM.,292607001520,No,-9,-9,-9,-9,-9,-9,-9,-9,-9,-9,-9,-9,-9,-9,-9,-9,-9,-9,-9,-9,-9,292607001520
MO,MISSOURI,2926070,RAYTOWN C-2,1521,NORFLEET ELEM.,292607001521,No,-9,-9,-9,-9,-9,-9,-9,-9,-9,-9,-9,-9,-9,-9,-9,-9,-9,-9,-9,-9,-9,292607001521
MO,MISSOURI,2926070,RAYTOWN C-2,1523,RAYTOWN MIDDLE,292607001523,No,-9,-9,-9,-9,-9,-9,-9,-9,-9,-9,-9,-9,-9,-9,-9,-9,-9,-9,-9,-9,-9,292607001523
MO,MISSOURI,2926070,RAYTOWN C-2,1524,SOUTH MIDDLE,292607001524,No,-9,-9,-9,-9,-9,-9,-9,-9,-9,-9,-9,-9,-9,-9,-9,-9,-9,-9,-9,-9,-9,292607001524
MO,MISSOURI,2926070,RAYTOWN C-2,1525,RAYTOWN SR. HIGH,292607001525,No,No,-9,-9,-9,-9,-9,-9,-9,-9,-9,-9,-9,-9,-9,-9,-9,-9,-9,-9,-9,-9,292607001525
MO,MISSOURI,2926070,RAYTOWN C-2,1526,RAYTOWN SOUTH SR. HIGH,292607001526,No,No,-9,-9,-9,-9,-9,-9,-9,-9,-9,-9,-9,-9,-9,-9,-9,-9,-9,-9,-9,-9,292607001526
MO,MISSOURI,2926070,RAYTOWN C-2,1528,ROBINSON ELEM.,292607001528,No,-9,-9,-9,-9,-9,-9,-9,-9,-9,-9,-9,-9,-9,-9,-9,-9,-9,-9,-9,-9,-9,292607001528
MO,MISSOURI,2926070,RAYTOWN C-2,1530,SOUTHWOOD ELEM.,292607001530,No,-9,-9,-9,-9,-9,-9,-9,-9,-9,-9,-9,-9,-9,-9,-9,-9,-9,-9,-9,-9,-9,292607001530
MO,MISSOURI,2926070,RAYTOWN C-2,1531,SPRING VALLEY ELEM.,292607001531,No,-9,-9,-9,-9,-9,-9,-9,-9,-9,-9,-9,-9,-9,-9,-9,-9,-9,-9,-9,-9,-9,292607001531
MO,MISSOURI,2926070,RAYTOWN C-2,1532,WESTRIDGE ELEM.,292607001532,No,-9,-9,-9,-9,-9,-9,-9,-9,-9,-9,-9,-9,-9,-9,-9,-9,-9,-9,-9,-9,-9,292607001532
MO,MISSOURI,2926070,RAYTOWN C-2,2984,NORTHWOOD SCH.,292607002984,No,No,-9,-9,-9,-9,-9,-9,-9,-9,-9,-9,-9,-9,-9,-9,-9,-9,-9,-9,-9,-9,292607002984
MO,MISSOURI,2926070,RAYTOWN C-2,3085,RAYTOWN CENTRAL MIDDLE,292607003085,No,-9,-9,-9,-9,-9,-9,-9,-9,-9,-9,-9,-9,-9,-9,-9,-9,-9,-9,-9,-9,-9,292607003085
MO,MISSOURI,2926070,RAYTOWN C-2,3125,LITTLE BLUE ELEMENTARY,292607003125,No,-9,-9,-9,-9,-9,-9,-9,-9,-9,-9,-9,-9,-9,-9,-9,-9,-9,-9,-9,-9,-9,292607003125
MO,MISSOURI,2926070,RAYTOWN C-2,3318,THREE TRAILS PRESCHOOL,292607003318,No,-9,-9,-9,-9,-9,-9,-9,-9,-9,-9,-9,-9,-9,-9,-9,-9,-9,-9,-9,-9,-9,292607003318
MO,MISSOURI,2926070,RAYTOWN C-2,99999,RAYTOWN ALTERNATIVE SCHOOL,292607099999,No,No,-9,-9,-9,-9,-9,-9,-9,-9,-9,-9,-9,-9,-9,-9,-9,-9,-9,-9,-9,-9,292607099999
MO,MISSOURI,2926160,REEDS SPRING R-IV,786,REEDS SPRING MIDDLE,292616000786,No,-9,-9,-9,-9,-9,-9,-9,-9,-9,-9,-9,-9,-9,-9,-9,-9,-9,-9,-9,-9,-9,292616000786
MO,MISSOURI,2926160,REEDS SPRING R-IV,1533,GIBSON TECHNICAL CENTER,292616001533,No,No,-9,-9,-9,-9,-9,-9,-9,-9,-9,-9,-9,-9,-9,-9,-9,-9,-9,-9,-9,-9,292616001533
MO,MISSOURI,2926160,REEDS SPRING R-IV,1534,REEDS SPRING PRIMARY,292616001534,No,-9,-9,-9,-9,-9,-9,-9,-9,-9,-9,-9,-9,-9,-9,-9,-9,-9,-9,-9,-9,-9,292616001534
MO,MISSOURI,2926160,REEDS SPRING R-IV,1536,REEDS SPRING HIGH,292616001536,No,Yes,2,4,1,0,2,3,0,0,0,0,30,66,1,0,36,73,0,0,0,0,292616001536
MO,MISSOURI,2926160,REEDS SPRING R-IV,2150,REEDS SPRING INTERMEDIATE,292616002150,No,-9,-9,-9,-9,-9,-9,-9,-9,-9,-9,-9,-9,-9,-9,-9,-9,-9,-9,-9,-9,-9,292616002150
MO,MISSOURI,2926160,REEDS SPRING R-IV,2823,NEW HORIZONS ALTERNATIVE - GIBSON TECHNICAL CENTER,292616002823,No,No,-9,-9,-9,-9,-9,-9,-9,-9,-9,-9,-9,-9,-9,-9,-9,-9,-9,-9,-9,-9,292616002823
MO,MISSOURI,2926160,REEDS SPRING R-IV,3034,REEDS SPRING ELEM.,292616003034,No,-9,-9,-9,-9,-9,-9,-9,-9,-9,-9,-9,-9,-9,-9,-9,-9,-9,-9,-9,-9,-9,292616003034
MO,MISSOURI,2926190,RENICK R-V,1537,RENICK ELEM.,292619001537,No,-9,-9,-9,-9,-9,-9,-9,-9,-9,-9,-9,-9,-9,-9,-9,-9,-9,-9,-9,-9,-9,292619001537
MO,MISSOURI,2926220,REPUBLIC R-III,1541,REPUBLIC HIGH,292622001541,No,Yes,1,2,0,0,0,1,0,0,7,5,89,101,4,4,101,113,0,0,5,4,292622001541
MO,MISSOURI,2926220,REPUBLIC R-III,2302,REPUBLIC MIDDLE,292622002302,No,-9,-9,-9,-9,-9,-9,-9,-9,-9,-9,-9,-9,-9,-9,-9,-9,-9,-9,-9,-9,-9,292622002302
MO,MISSOURI,2926220,REPUBLIC R-III,2733,EARLY CHILDHOOD CENTER,292622002733,No,-9,-9,-9,-9,-9,-9,-9,-9,-9,-9,-9,-9,-9,-9,-9,-9,-9,-9,-9,-9,-9,292622002733
MO,MISSOURI,2926220,REPUBLIC R-III,3160,PRICE ELEMENTARY,292622003160,No,-9,-9,-9,-9,-9,-9,-9,-9,-9,-9,-9,-9,-9,-9,-9,-9,-9,-9,-9,-9,-9,292622003160
MO,MISSOURI,2926220,REPUBLIC R-III,3171,MCCULLOCH ELEMENTARY,292622003171,No,-9,-9,-9,-9,-9,-9,-9,-9,-9,-9,-9,-9,-9,-9,-9,-9,-9,-9,-9,-9,-9,292622003171
MO,MISSOURI,2926220,REPUBLIC R-III,3173,LYON ELEMENTARY,292622003173,No,-9,-9,-9,-9,-9,-9,-9,-9,-9,-9,-9,-9,-9,-9,-9,-9,-9,-9,-9,-9,-9,292622003173
MO,MISSOURI,2926220,REPUBLIC R-III,3175,SCHOFIELD ELEMENTARY,292622003175,No,-9,-9,-9,-9,-9,-9,-9,-9,-9,-9,-9,-9,-9,-9,-9,-9,-9,-9,-9,-9,-9,292622003175
MO,MISSOURI,2926220,REPUBLIC R-III,3234,SWEENY ELEMENTARY,292622003234,No,-9,-9,-9,-9,-9,-9,-9,-9,-9,-9,-9,-9,-9,-9,-9,-9,-9,-9,-9,-9,-9,292622003234
MO,MISSOURI,2926310,RICH HILL R-IV,1544,RICH HILL HIGH,292631001544,No,Yes,0,0,0,0,0,0,0,0,0,0,1,10,0,0,1,10,0,0,0,0,292631001544
MO,MISSOURI,2926310,RICH HILL R-IV,1545,RICH HILL ELEM.,292631001545,No,-9,-9,-9,-9,-9,-9,-9,-9,-9,-9,-9,-9,-9,-9,-9,-9,-9,-9,-9,-9,-9,292631001545
MO,MISSOURI,2926370,RICHARDS R-V,1546,RICHARDS ELEM.,292637001546,No,-9,-9,-9,-9,-9,-9,-9,-9,-9,-9,-9,-9,-9,-9,-9,-9,-9,-9,-9,-9,-9,292637001546
MO,MISSOURI,2926400,RICHLAND R-I,1548,RICHLAND HIGH,292640001548,No,Yes,0,0,0,0,0,0,0,0,0,0,11,12,0,0,11,12,0,0,1,0,292640001548
MO,MISSOURI,2926400,RICHLAND R-I,2443,RICHLAND ELEM.,292640002443,No,-9,-9,-9,-9,-9,-9,-9,-9,-9,-9,-9,-9,-9,-9,-9,-9,-9,-9,-9,-9,-9,292640002443
MO,MISSOURI,2926430,RICHLAND R-IV,1550,RICHLAND ELEM.,292643001550,No,-9,-9,-9,-9,-9,-9,-9,-9,-9,-9,-9,-9,-9,-9,-9,-9,-9,-9,-9,-9,-9,292643001550
MO,MISSOURI,2926430,RICHLAND R-IV,1551,RICHLAND HIGH,292643001551,No,Yes,0,0,0,0,0,0,0,0,0,0,1,4,0,0,1,4,0,0,0,0,292643001551
MO,MISSOURI,2926480,RICHMOND R-XVI,1552,DEAR ELEM.,292648001552,No,-9,-9,-9,-9,-9,-9,-9,-9,-9,-9,-9,-9,-9,-9,-9,-9,-9,-9,-9,-9,-9,292648001552
MO,MISSOURI,2926480,RICHMOND R-XVI,1554,RICHMOND HIGH,292648001554,No,Yes,2,0,0,0,0,1,0,0,0,0,16,21,1,2,19,24,0,0,0,0,292648001554
MO,MISSOURI,2926480,RICHMOND R-XVI,1878,SUNRISE ELEM.,292648001878,No,-9,-9,-9,-9,-9,-9,-9,-9,-9,-9,-9,-9,-9,-9,-9,-9,-9,-9,-9,-9,-9,292648001878
MO,MISSOURI,2926480,RICHMOND R-XVI,2444,RICHMOND MIDDLE,292648002444,No,-9,-9,-9,-9,-9,-9,-9,-9,-9,-9,-9,-9,-9,-9,-9,-9,-9,-9,-9,-9,-9,292648002444
MO,MISSOURI,2926490,RIDGEWAY R-V,1558,RIDGEWAY ELEM.,292649001558,No,-9,-9,-9,-9,-9,-9,-9,-9,-9,-9,-9,-9,-9,-9,-9,-9,-9,-9,-9,-9,-9,292649001558
MO,MISSOURI,2926490,RIDGEWAY R-V,1559,RIDGEWAY HIGH,292649001559,No,Yes,0,0,0,0,0,0,0,0,0,0,1,3,0,0,1,3,0,0,0,0,292649001559
MO,MISSOURI,2926550,RIPLEY CO. R-III,1560,RIPLEY CO. ELEM.,292655001560,No,-9,-9,-9,-9,-9,-9,-9,-9,-9,-9,-9,-9,-9,-9,-9,-9,-9,-9,-9,-9,-9,292655001560
MO,MISSOURI,2926580,RIPLEY CO. R-IV,1561,RIPLEY CO. ELEM.,292658001561,No,-9,-9,-9,-9,-9,-9,-9,-9,-9,-9,-9,-9,-9,-9,-9,-9,-9,-9,-9,-9,-9,292658001561
MO,MISSOURI,2926610,RISCO R-II,1563,RISCO ELEM.,292661001563,No,-9,-9,-9,-9,-9,-9,-9,-9,-9,-9,-9,-9,-9,-9,-9,-9,-9,-9,-9,-9,-9,292661001563
MO,MISSOURI,2926610,RISCO R-II,1564,RISCO HIGH,292661001564,No,Yes,0,0,0,0,0,0,0,0,0,0,1,5,0,0,1,5,0,0,0,0,292661001564
MO,MISSOURI,2926640,RITENOUR,1567,HOECH MIDDLE,292664001567,No,-9,-9,-9,-9,-9,-9,-9,-9,-9,-9,-9,-9,-9,-9,-9,-9,-9,-9,-9,-9,-9,292664001567
MO,MISSOURI,2926640,RITENOUR,1568,IVELAND ELEM.,292664001568,No,-9,-9,-9,-9,-9,-9,-9,-9,-9,-9,-9,-9,-9,-9,-9,-9,-9,-9,-9,-9,-9,292664001568
MO,MISSOURI,2926640,RITENOUR,1569,KRATZ ELEM.,292664001569,No,-9,-9,-9,-9,-9,-9,-9,-9,-9,-9,-9,-9,-9,-9,-9,-9,-9,-9,-9,-9,-9,292664001569
MO,MISSOURI,2926640,RITENOUR,1570,MARION ELEM.,292664001570,No,-9,-9,-9,-9,-9,-9,-9,-9,-9,-9,-9,-9,-9,-9,-9,-9,-9,-9,-9,-9,-9,292664001570
MO,MISSOURI,2926640,RITENOUR,1571,MARVIN ELEM.,292664001571,No,-9,-9,-9,-9,-9,-9,-9,-9,-9,-9,-9,-9,-9,-9,-9,-9,-9,-9,-9,-9,-9,292664001571
MO,MISSOURI,2926640,RITENOUR,1572,RITENOUR MIDDLE,292664001572,No,-9,-9,-9,-9,-9,-9,-9,-9,-9,-9,-9,-9,-9,-9,-9,-9,-9,-9,-9,-9,-9,292664001572
MO,MISSOURI,2926640,RITENOUR,1573,RITENOUR SR. HIGH,292664001573,No,Yes,3,20,0,0,3,3,0,0,13,30,10,16,2,6,31,75,0,0,1,2,292664001573
MO,MISSOURI,2926640,RITENOUR,1575,WYLAND ELEM.,292664001575,No,-9,-9,-9,-9,-9,-9,-9,-9,-9,-9,-9,-9,-9,-9,-9,-9,-9,-9,-9,-9,-9,292664001575
MO,MISSOURI,2926640,RITENOUR,2473,BUDER ELEM.,292664002473,No,-9,-9,-9,-9,-9,-9,-9,-9,-9,-9,-9,-9,-9,-9,-9,-9,-9,-9,-9,-9,-9,292664002473
MO,MISSOURI,2926640,RITENOUR,3300,RITENOUR EARLY CHILDHOOD CTR,292664003300,No,-9,-9,-9,-9,-9,-9,-9,-9,-9,-9,-9,-9,-9,-9,-9,-9,-9,-9,-9,-9,-9,292664003300
MO,MISSOURI,2926670,RIVERVIEW GARDENS,726,GIBSON ELEM.,292667000726,No,-9,-9,-9,-9,-9,-9,-9,-9,-9,-9,-9,-9,-9,-9,-9,-9,-9,-9,-9,-9,-9,292667000726
MO,MISSOURI,2926670,RIVERVIEW GARDENS,1577,DANFORTH ELEM.,292667001577,No,-9,-9,-9,-9,-9,-9,-9,-9,-9,-9,-9,-9,-9,-9,-9,-9,-9,-9,-9,-9,-9,292667001577
MO,MISSOURI,2926670,RIVERVIEW GARDENS,1579,GLASGOW ELEM.,292667001579,No,-9,-9,-9,-9,-9,-9,-9,-9,-9,-9,-9,-9,-9,-9,-9,-9,-9,-9,-9,-9,-9,292667001579
MO,MISSOURI,2926670,RIVERVIEW GARDENS,1581,KOCH ELEM.,292667001581,No,-9,-9,-9,-9,-9,-9,-9,-9,-9,-9,-9,-9,-9,-9,-9,-9,-9,-9,-9,-9,-9,292667001581
MO,MISSOURI,2926670,RIVERVIEW GARDENS,1582,LEMASTERS ELEM.,292667001582,No,-9,-9,-9,-9,-9,-9,-9,-9,-9,-9,-9,-9,-9,-9,-9,-9,-9,-9,-9,-9,-9,292667001582
MO,MISSOURI,2926670,RIVERVIEW GARDENS,1583,LEWIS AND CLARK ELEM.,292667001583,No,-9,-9,-9,-9,-9,-9,-9,-9,-9,-9,-9,-9,-9,-9,-9,-9,-9,-9,-9,-9,-9,292667001583
MO,MISSOURI,2926670,RIVERVIEW GARDENS,1584,MEADOWS ELEM.,292667001584,No,-9,-9,-9,-9,-9,-9,-9,-9,-9,-9,-9,-9,-9,-9,-9,-9,-9,-9,-9,-9,-9,292667001584
MO,MISSOURI,2926670,RIVERVIEW GARDENS,1586,RIVERVIEW GARDENS SR. HIGH,292667001586,No,Yes,0,0,0,0,0,0,0,0,0,0,0,0,0,0,0,0,0,0,0,0,292667001586
MO,MISSOURI,2926670,RIVERVIEW GARDENS,2539,R. G. CENTRAL MIDDLE,292667002539,No,-9,-9,-9,-9,-9,-9,-9,-9,-9,-9,-9,-9,-9,-9,-9,-9,-9,-9,-9,-9,-9,292667002539
MO,MISSOURI,2926670,RIVERVIEW GARDENS,2627,HIGHLAND ELEM.,292667002627,No,-9,-9,-9,-9,-9,-9,-9,-9,-9,-9,-9,-9,-9,-9,-9,-9,-9,-9,-9,-9,-9,292667002627
MO,MISSOURI,2926670,RIVERVIEW GARDENS,2687,WESTVIEW MIDDLE,292667002687,No,-9,-9,-9,-9,-9,-9,-9,-9,-9,-9,-9,-9,-9,-9,-9,-9,-9,-9,-9,-9,-9,292667002687
MO,MISSOURI,2926670,RIVERVIEW GARDENS,2701,MOLINE ELEM.,292667002701,No,-9,-9,-9,-9,-9,-9,-9,-9,-9,-9,-9,-9,-9,-9,-9,-9,-9,-9,-9,-9,-9,292667002701
MO,MISSOURI,2926670,RIVERVIEW GARDENS,2765,EARLY CHILD. EDUCATION,292667002765,No,-9,-9,-9,-9,-9,-9,-9,-9,-9,-9,-9,-9,-9,-9,-9,-9,-9,-9,-9,-9,-9,292667002765
MO,MISSOURI,2926760,SPECL. SCH. DST. ST. LOUIS CO.,1588,ACKERMAN,292676001588,No,-9,-9,-9,-9,-9,-9,-9,-9,-9,-9,-9,-9,-9,-9,-9,-9,-9,-9,-9,-9,-9,292676001588
MO,MISSOURI,2926760,SPECL. SCH. DST. ST. LOUIS CO.,1599,LITZSINGER,292676001599,No,-9,-9,-9,-9,-9,-9,-9,-9,-9,-9,-9,-9,-9,-9,-9,-9,-9,-9,-9,-9,-9,292676001599
MO,MISSOURI,2926760,SPECL. SCH. DST. ST. LOUIS CO.,1608,SOUTHVIEW,292676001608,No,-9,-9,-9,-9,-9,-9,-9,-9,-9,-9,-9,-9,-9,-9,-9,-9,-9,-9,-9,-9,-9,292676001608
MO,MISSOURI,2926760,SPECL. SCH. DST. ST. LOUIS CO.,2628,EXTERNAL SITES,292676002628,No,No,-9,-9,-9,-9,-9,-9,-9,-9,-9,-9,-9,-9,-9,-9,-9,-9,-9,-9,-9,-9,292676002628
MO,MISSOURI,2926760,SPECL. SCH. DST. ST. LOUIS CO.,2630,JUVENILE DETENTION CTR.,292676002630,Yes,No,-9,-9,-9,-9,-9,-9,-9,-9,-9,-9,-9,-9,-9,-9,-9,-9,-9,-9,-9,-9,292676002630
MO,MISSOURI,2926760,SPECL. SCH. DST. ST. LOUIS CO.,2632,NORTHVIEW,292676002632,No,No,-9,-9,-9,-9,-9,-9,-9,-9,-9,-9,-9,-9,-9,-9,-9,-9,-9,-9,-9,-9,292676002632
MO,MISSOURI,2926760,SPECL. SCH. DST. ST. LOUIS CO.,3154,HIRAM NEUWOEHNER,292676003154,No,No,-9,-9,-9,-9,-9,-9,-9,-9,-9,-9,-9,-9,-9,-9,-9,-9,-9,-9,-9,-9,292676003154
MO,MISSOURI,2926760,SPECL. SCH. DST. ST. LOUIS CO.,3168,SOUTHVIEW HIGH,292676003168,No,No,-9,-9,-9,-9,-9,-9,-9,-9,-9,-9,-9,-9,-9,-9,-9,-9,-9,-9,-9,-9,292676003168
MO,MISSOURI,2926790,ROCK PORT R-II,1612,ROCK PORT ELEM.,292679001612,No,-9,-9,-9,-9,-9,-9,-9,-9,-9,-9,-9,-9,-9,-9,-9,-9,-9,-9,-9,-9,-9,292679001612
MO,MISSOURI,2926790,ROCK PORT R-II,1613,ROCK PORT HIGH,292679001613,No,Yes,0,0,0,0,0,0,0,0,0,0,2,6,0,0,2,6,0,0,0,0,292679001613
MO,MISSOURI,2926850,ROCKWOOD R-VI,657,MARQUETTE SR. HIGH,292685000657,No,Yes,0,0,0,2,1,4,0,0,4,4,22,25,2,1,29,36,0,0,14,4,292685000657
MO,MISSOURI,2926850,ROCKWOOD R-VI,665,ROCKWOOD SUMMIT SR. HIGH,292685000665,No,Yes,0,3,0,0,2,1,0,0,5,3,13,12,1,1,21,20,1,0,5,3,292685000665
MO,MISSOURI,2926850,ROCKWOOD R-VI,670,CRESTVIEW MIDDLE,292685000670,No,-9,-9,-9,-9,-9,-9,-9,-9,-9,-9,-9,-9,-9,-9,-9,-9,-9,-9,-9,-9,-9,292685000670
MO,MISSOURI,2926850,ROCKWOOD R-VI,671,LASALLE SPRINGS MIDDLE,292685000671,No,-9,-9,-9,-9,-9,-9,-9,-9,-9,-9,-9,-9,-9,-9,-9,-9,-9,-9,-9,-9,-9,292685000671
MO,MISSOURI,2926850,ROCKWOOD R-VI,706,ROCKWOOD SOUTH MIDDLE,292685000706,No,-9,-9,-9,-9,-9,-9,-9,-9,-9,-9,-9,-9,-9,-9,-9,-9,-9,-9,-9,-9,-9,292685000706
MO,MISSOURI,2926850,ROCKWOOD R-VI,712,SELVIDGE MIDDLE,292685000712,No,-9,-9,-9,-9,-9,-9,-9,-9,-9,-9,-9,-9,-9,-9,-9,-9,-9,-9,-9,-9,-9,292685000712
MO,MISSOURI,2926850,ROCKWOOD R-VI,1614,BALLWIN ELEM.,292685001614,No,-9,-9,-9,-9,-9,-9,-9,-9,-9,-9,-9,-9,-9,-9,-9,-9,-9,-9,-9,-9,-9,292685001614
MO,MISSOURI,2926850,ROCKWOOD R-VI,1615,BOWLES ELEM.,292685001615,No,-9,-9,-9,-9,-9,-9,-9,-9,-9,-9,-9,-9,-9,-9,-9,-9,-9,-9,-9,-9,-9,292685001615
MO,MISSOURI,2926850,ROCKWOOD R-VI,1616,CHESTERFIELD ELEM.,292685001616,No,-9,-9,-9,-9,-9,-9,-9,-9,-9,-9,-9,-9,-9,-9,-9,-9,-9,-9,-9,-9,-9,292685001616
MO,MISSOURI,2926850,ROCKWOOD R-VI,1618,ELLISVILLE ELEM.,292685001618,No,-9,-9,-9,-9,-9,-9,-9,-9,-9,-9,-9,-9,-9,-9,-9,-9,-9,-9,-9,-9,-9,292685001618
MO,MISSOURI,2926850,ROCKWOOD R-VI,1619,EUREKA ELEM.,292685001619,No,-9,-9,-9,-9,-9,-9,-9,-9,-9,-9,-9,-9,-9,-9,-9,-9,-9,-9,-9,-9,-9,292685001619
MO,MISSOURI,2926850,ROCKWOOD R-VI,1621,EUREKA SR. HIGH,292685001621,No,Yes,1,1,0,0,1,1,0,0,0,5,27,27,1,1,30,35,2,0,11,5,292685001621
MO,MISSOURI,2926850,ROCKWOOD R-VI,1622,GEGGIE ELEM.,292685001622,No,-9,-9,-9,-9,-9,-9,-9,-9,-9,-9,-9,-9,-9,-9,-9,-9,-9,-9,-9,-9,-9,292685001622
MO,MISSOURI,2926850,ROCKWOOD R-VI,1623,KELLISON ELEM.,292685001623,No,-9,-9,-9,-9,-9,-9,-9,-9,-9,-9,-9,-9,-9,-9,-9,-9,-9,-9,-9,-9,-9,292685001623
MO,MISSOURI,2926850,ROCKWOOD R-VI,1624,LAFAYETTE SR. HIGH,292685001624,No,Yes,1,1,1,0,1,0,0,0,1,4,17,14,0,0,21,19,0,0,6,6,292685001624
MO,MISSOURI,2926850,ROCKWOOD R-VI,1626,POND ELEM.,292685001626,No,-9,-9,-9,-9,-9,-9,-9,-9,-9,-9,-9,-9,-9,-9,-9,-9,-9,-9,-9,-9,-9,292685001626
MO,MISSOURI,2926850,ROCKWOOD R-VI,1627,STANTON ELEM.,292685001627,No,-9,-9,-9,-9,-9,-9,-9,-9,-9,-9,-9,-9,-9,-9,-9,-9,-9,-9,-9,-9,-9,292685001627
MO,MISSOURI,2926850,ROCKWOOD R-VI,1628,WESTRIDGE ELEM.,292685001628,No,-9,-9,-9,-9,-9,-9,-9,-9,-9,-9,-9,-9,-9,-9,-9,-9,-9,-9,-9,-9,-9,292685001628
MO,MISSOURI,2926850,ROCKWOOD R-VI,1629,WOERTHER ELEM.,292685001629,No,-9,-9,-9,-9,-9,-9,-9,-9,-9,-9,-9,-9,-9,-9,-9,-9,-9,-9,-9,-9,-9,292685001629
MO,MISSOURI,2926850,ROCKWOOD R-VI,2478,GREEN PINES ELEM.,292685002478,No,-9,-9,-9,-9,-9,-9,-9,-9,-9,-9,-9,-9,-9,-9,-9,-9,-9,-9,-9,-9,-9,292685002478
MO,MISSOURI,2926850,ROCKWOOD R-VI,2507,RIDGE MEADOWS ELEM.,292685002507,No,-9,-9,-9,-9,-9,-9,-9,-9,-9,-9,-9,-9,-9,-9,-9,-9,-9,-9,-9,-9,-9,292685002507
MO,MISSOURI,2926850,ROCKWOOD R-VI,2566,BABLER ELEM.,292685002566,No,-9,-9,-9,-9,-9,-9,-9,-9,-9,-9,-9,-9,-9,-9,-9,-9,-9,-9,-9,-9,-9,292685002566
MO,MISSOURI,2926850,ROCKWOOD R-VI,2567,KEHRS MILL ELEM.,292685002567,No,-9,-9,-9,-9,-9,-9,-9,-9,-9,-9,-9,-9,-9,-9,-9,-9,-9,-9,-9,-9,-9,292685002567
MO,MISSOURI,2926850,ROCKWOOD R-VI,2637,UTHOFF VALLEY ELEM.,292685002637,No,-9,-9,-9,-9,-9,-9,-9,-9,-9,-9,-9,-9,-9,-9,-9,-9,-9,-9,-9,-9,-9,292685002637
MO,MISSOURI,2926850,ROCKWOOD R-VI,2688,ROCKWOOD VALLEY MIDDLE,292685002688,No,-9,-9,-9,-9,-9,-9,-9,-9,-9,-9,-9,-9,-9,-9,-9,-9,-9,-9,-9,-9,-9,292685002688
MO,MISSOURI,2926850,ROCKWOOD R-VI,2700,WILD HORSE ELEM.,292685002700,No,-9,-9,-9,-9,-9,-9,-9,-9,-9,-9,-9,-9,-9,-9,-9,-9,-9,-9,-9,-9,-9,292685002700
MO,MISSOURI,2926850,ROCKWOOD R-VI,2762,BLEVINS ELEM.,292685002762,No,-9,-9,-9,-9,-9,-9,-9,-9,-9,-9,-9,-9,-9,-9,-9,-9,-9,-9,-9,-9,-9,292685002762
MO,MISSOURI,2926850,ROCKWOOD R-VI,2785,WILDWOOD MIDDLE,292685002785,No,-9,-9,-9,-9,-9,-9,-9,-9,-9,-9,-9,-9,-9,-9,-9,-9,-9,-9,-9,-9,-9,292685002785
MO,MISSOURI,2926850,ROCKWOOD R-VI,2849,ROCKWOOD EARLY CHILDHOOD EDUCATION CENTER,292685002849,No,-9,-9,-9,-9,-9,-9,-9,-9,-9,-9,-9,-9,-9,-9,-9,-9,-9,-9,-9,-9,-9,292685002849
MO,MISSOURI,2926850,ROCKWOOD R-VI,2859,FAIRWAY ELEM.,292685002859,No,-9,-9,-9,-9,-9,-9,-9,-9,-9,-9,-9,-9,-9,-9,-9,-9,-9,-9,-9,-9,-9,292685002859
MO,MISSOURI,2926890,ROLLA 31,1631,COL. JOHN B. WYMAN ELEM.,292689001631,No,-9,-9,-9,-9,-9,-9,-9,-9,-9,-9,-9,-9,-9,-9,-9,-9,-9,-9,-9,-9,-9,292689001631
MO,MISSOURI,2926890,ROLLA 31,1632,HARRY S. TRUMAN ELEM.,292689001632,No,-9,-9,-9,-9,-9,-9,-9,-9,-9,-9,-9,-9,-9,-9,-9,-9,-9,-9,-9,-9,-9,292689001632
MO,MISSOURI,2926890,ROLLA 31,1633,ROLLA JR. HIGH,292689001633,No,-9,-9,-9,-9,-9,-9,-9,-9,-9,-9,-9,-9,-9,-9,-9,-9,-9,-9,-9,-9,-9,292689001633
MO,MISSOURI,2926890,ROLLA 31,1634,MARK TWAIN ELEM.,292689001634,No,-9,-9,-9,-9,-9,-9,-9,-9,-9,-9,-9,-9,-9,-9,-9,-9,-9,-9,-9,-9,-9,292689001634
MO,MISSOURI,2926890,ROLLA 31,1635,ROLLA MIDDLE,292689001635,No,-9,-9,-9,-9,-9,-9,-9,-9,-9,-9,-9,-9,-9,-9,-9,-9,-9,-9,-9,-9,-9,292689001635
MO,MISSOURI,2926890,ROLLA 31,1636,ROLLA SR. HIGH,292689001636,No,Yes,0,0,0,0,2,0,0,0,0,0,1,3,0,0,3,3,0,0,0,0,292689001636
MO,MISSOURI,2926940,ROSCOE C-1,1637,Roscoe Elementary,292694001637,No,-9,-9,-9,-9,-9,-9,-9,-9,-9,-9,-9,-9,-9,-9,-9,-9,-9,-9,-9,-9,-9,292694001637
MO,MISSOURI,2926970,COLE CO. R-I,847,COLE CO. R-I MIDDLE,292697000847,No,-9,-9,-9,-9,-9,-9,-9,-9,-9,-9,-9,-9,-9,-9,-9,-9,-9,-9,-9,-9,-9,292697000847
MO,MISSOURI,2926970,COLE CO. R-I,1638,COLE CO. R-I ELEM.,292697001638,No,-9,-9,-9,-9,-9,-9,-9,-9,-9,-9,-9,-9,-9,-9,-9,-9,-9,-9,-9,-9,-9,292697001638
MO,MISSOURI,2926970,COLE CO. R-I,1639,RUSSELLVILLE HIGH,292697001639,No,Yes,0,0,0,0,0,0,0,0,0,0,5,16,0,1,5,17,0,0,0,0,292697001639
MO,MISSOURI,2927060,ST. JOSEPH,1644,BENTON HIGH,292706001644,No,Yes,0,2,0,0,0,0,0,0,0,1,10,15,0,0,10,18,0,0,0,0,292706001644
MO,MISSOURI,2927060,ST. JOSEPH,1646,BODE MIDDLE,292706001646,No,-9,-9,-9,-9,-9,-9,-9,-9,-9,-9,-9,-9,-9,-9,-9,-9,-9,-9,-9,-9,-9,292706001646
MO,MISSOURI,2927060,ST. JOSEPH,1648,CENTRAL HIGH,292706001648,No,Yes,4,5,0,0,2,7,0,0,1,1,42,85,1,7,50,105,0,0,0,0,292706001648
MO,MISSOURI,2927060,ST. JOSEPH,1649,EDISON ELEM.,292706001649,No,-9,-9,-9,-9,-9,-9,-9,-9,-9,-9,-9,-9,-9,-9,-9,-9,-9,-9,-9,-9,-9,292706001649
MO,MISSOURI,2927060,ST. JOSEPH,1650,ELLISON ELEM.,292706001650,No,-9,-9,-9,-9,-9,-9,-9,-9,-9,-9,-9,-9,-9,-9,-9,-9,-9,-9,-9,-9,-9,292706001650
MO,MISSOURI,2927060,ST. JOSEPH,1652,FIELD ELEM.,292706001652,No,-9,-9,-9,-9,-9,-9,-9,-9,-9,-9,-9,-9,-9,-9,-9,-9,-9,-9,-9,-9,-9,292706001652
MO,MISSOURI,2927060,ST. JOSEPH,1654,COLEMAN ELEM.,292706001654,No,-9,-9,-9,-9,-9,-9,-9,-9,-9,-9,-9,-9,-9,-9,-9,-9,-9,-9,-9,-9,-9,292706001654
MO,MISSOURI,2927060,ST. JOSEPH,1657,HOSEA ELEM.,292706001657,No,-9,-9,-9,-9,-9,-9,-9,-9,-9,-9,-9,-9,-9,-9,-9,-9,-9,-9,-9,-9,-9,292706001657
MO,MISSOURI,2927060,ST. JOSEPH,1659,HYDE ELEM.,292706001659,No,-9,-9,-9,-9,-9,-9,-9,-9,-9,-9,-9,-9,-9,-9,-9,-9,-9,-9,-9,-9,-9,292706001659
MO,MISSOURI,2927060,ST. JOSEPH,1660,LAFAYETTE HIGH,292706001660,No,Yes,1,0,0,0,1,0,0,0,1,2,7,32,2,4,12,38,0,0,0,0,292706001660
MO,MISSOURI,2927060,ST. JOSEPH,1662,LINDBERGH ELEM.,292706001662,No,-9,-9,-9,-9,-9,-9,-9,-9,-9,-9,-9,-9,-9,-9,-9,-9,-9,-9,-9,-9,-9,292706001662
MO,MISSOURI,2927060,ST. JOSEPH,1663,MARK TWAIN ELEM.,292706001663,No,-9,-9,-9,-9,-9,-9,-9,-9,-9,-9,-9,-9,-9,-9,-9,-9,-9,-9,-9,-9,-9,292706001663
MO,MISSOURI,2927060,ST. JOSEPH,1667,PARKWAY ELEM.,292706001667,No,-9,-9,-9,-9,-9,-9,-9,-9,-9,-9,-9,-9,-9,-9,-9,-9,-9,-9,-9,-9,-9,292706001667
MO,MISSOURI,2927060,ST. JOSEPH,1668,PERSHING ELEM.,292706001668,No,-9,-9,-9,-9,-9,-9,-9,-9,-9,-9,-9,-9,-9,-9,-9,-9,-9,-9,-9,-9,-9,292706001668
MO,MISSOURI,2927060,ST. JOSEPH,1669,PICKETT ELEM.,292706001669,No,-9,-9,-9,-9,-9,-9,-9,-9,-9,-9,-9,-9,-9,-9,-9,-9,-9,-9,-9,-9,-9,292706001669
MO,MISSOURI,2927060,ST. JOSEPH,1670,ROBIDOUX MIDDLE,292706001670,No,-9,-9,-9,-9,-9,-9,-9,-9,-9,-9,-9,-9,-9,-9,-9,-9,-9,-9,-9,-9,-9,292706001670
MO,MISSOURI,2927060,ST. JOSEPH,1672,SKAITH ELEM.,292706001672,No,-9,-9,-9,-9,-9,-9,-9,-9,-9,-9,-9,-9,-9,-9,-9,-9,-9,-9,-9,-9,-9,292706001672
MO,MISSOURI,2927060,ST. JOSEPH,1673,SPRING GARDEN MIDDLE,292706001673,No,-9,-9,-9,-9,-9,-9,-9,-9,-9,-9,-9,-9,-9,-9,-9,-9,-9,-9,-9,-9,-9,292706001673
MO,MISSOURI,2927060,ST. JOSEPH,1674,TRUMAN MIDDLE,292706001674,No,-9,-9,-9,-9,-9,-9,-9,-9,-9,-9,-9,-9,-9,-9,-9,-9,-9,-9,-9,-9,-9,292706001674
MO,MISSOURI,2927060,ST. JOSEPH,3250,CARDEN PARK ELEM,292706003250,No,-9,-9,-9,-9,-9,-9,-9,-9,-9,-9,-9,-9,-9,-9,-9,-9,-9,-9,-9,-9,-9,292706003250
MO,MISSOURI,2927060,ST. JOSEPH,3255,OAK GROVE ELEM,292706003255,No,-9,-9,-9,-9,-9,-9,-9,-9,-9,-9,-9,-9,-9,-9,-9,-9,-9,-9,-9,-9,-9,292706003255
MO,MISSOURI,2927090,SALEM R-80,1676,SALEM UPPER ELEM.,292709001676,No,-9,-9,-9,-9,-9,-9,-9,-9,-9,-9,-9,-9,-9,-9,-9,-9,-9,-9,-9,-9,-9,292709001676
MO,MISSOURI,2927090,SALEM R-80,1677,SALEM MIDDLE SCHOOL,292709001677,No,-9,-9,-9,-9,-9,-9,-9,-9,-9,-9,-9,-9,-9,-9,-9,-9,-9,-9,-9,-9,-9,292709001677
MO,MISSOURI,2927090,SALEM R-80,1678,SALEM SR. HIGH,292709001678,No,No,-9,-9,-9,-9,-9,-9,-9,-9,-9,-9,-9,-9,-9,-9,-9,-9,-9,-9,-9,-9,292709001678
MO,MISSOURI,2927090,SALEM R-80,1679,WM. H. LYNCH ELEM.,292709001679,No,-9,-9,-9,-9,-9,-9,-9,-9,-9,-9,-9,-9,-9,-9,-9,-9,-9,-9,-9,-9,-9,292709001679
MO,MISSOURI,2927330,HARDEMAN R-X,1680,HARDEMAN ELEM.,292733001680,No,-9,-9,-9,-9,-9,-9,-9,-9,-9,-9,-9,-9,-9,-9,-9,-9,-9,-9,-9,-9,-9,292733001680
MO,MISSOURI,2927450,OREARVILLE R-IV,1682,OREARVILLE ELEM.,292745001682,No,-9,-9,-9,-9,-9,-9,-9,-9,-9,-9,-9,-9,-9,-9,-9,-9,-9,-9,-9,-9,-9,292745001682
MO,MISSOURI,2927520,SALISBURY R-IV,1683,SALISBURY ELEM.,292752001683,No,-9,-9,-9,-9,-9,-9,-9,-9,-9,-9,-9,-9,-9,-9,-9,-9,-9,-9,-9,-9,-9,292752001683
MO,MISSOURI,2927520,SALISBURY R-IV,1685,SALISBURY HIGH,292752001685,No,Yes,0,0,0,0,0,0,0,0,0,1,17,53,0,0,17,54,17,54,0,0,292752001685
MO,MISSOURI,2927540,SARCOXIE R-II,1686,SARCOXIE HIGH,292754001686,No,Yes,0,0,0,0,0,0,0,0,0,0,6,8,0,0,6,8,0,0,0,0,292754001686
MO,MISSOURI,2927540,SARCOXIE R-II,1687,WILDWOOD ELEM.,292754001687,No,-9,-9,-9,-9,-9,-9,-9,-9,-9,-9,-9,-9,-9,-9,-9,-9,-9,-9,-9,-9,-9,292754001687
MO,MISSOURI,2927570,SAVANNAH R-III,1688,AMAZONIA ELEM.,292757001688,No,-9,-9,-9,-9,-9,-9,-9,-9,-9,-9,-9,-9,-9,-9,-9,-9,-9,-9,-9,-9,-9,292757001688
MO,MISSOURI,2927570,SAVANNAH R-III,1689,HELENA ELEM.,292757001689,No,-9,-9,-9,-9,-9,-9,-9,-9,-9,-9,-9,-9,-9,-9,-9,-9,-9,-9,-9,-9,-9,292757001689
MO,MISSOURI,2927570,SAVANNAH R-III,1690,JOHN GLENN ELEM.,292757001690,No,-9,-9,-9,-9,-9,-9,-9,-9,-9,-9,-9,-9,-9,-9,-9,-9,-9,-9,-9,-9,-9,292757001690
MO,MISSOURI,2927570,SAVANNAH R-III,1691,SAVANNAH MIDDLE,292757001691,No,-9,-9,-9,-9,-9,-9,-9,-9,-9,-9,-9,-9,-9,-9,-9,-9,-9,-9,-9,-9,-9,292757001691
MO,MISSOURI,2927570,SAVANNAH R-III,1692,MINNIE CLINE ELEM.,292757001692,No,-9,-9,-9,-9,-9,-9,-9,-9,-9,-9,-9,-9,-9,-9,-9,-9,-9,-9,-9,-9,-9,292757001692
MO,MISSOURI,2927570,SAVANNAH R-III,1693,SAVANNAH HIGH,292757001693,No,Yes,1,0,0,0,0,0,0,0,0,0,14,24,0,0,15,24,0,0,0,0,292757001693
MO,MISSOURI,2927570,SAVANNAH R-III,3186,EARLY CHILDHOOD LEARNING CTR,292757003186,No,-9,-9,-9,-9,-9,-9,-9,-9,-9,-9,-9,-9,-9,-9,-9,-9,-9,-9,-9,-9,-9,292757003186
MO,MISSOURI,2927600,NORTHEAST VERNON CO. R-I,1694,NORTHEAST VERNON CO. R-I ELEM.,292760001694,No,-9,-9,-9,-9,-9,-9,-9,-9,-9,-9,-9,-9,-9,-9,-9,-9,-9,-9,-9,-9,-9,292760001694
MO,MISSOURI,2927600,NORTHEAST VERNON CO. R-I,1695,NORTHEAST VERNON CO. R-I HIGH,292760001695,No,Yes,0,0,0,0,0,0,0,0,0,0,1,0,0,0,1,0,0,0,0,0,292760001695
MO,MISSOURI,2927630,SCHOOL OF THE OSAGE,1020,OSAGE MIDDLE,292763001020,No,-9,-9,-9,-9,-9,-9,-9,-9,-9,-9,-9,-9,-9,-9,-9,-9,-9,-9,-9,-9,-9,292763001020
MO,MISSOURI,2927630,SCHOOL OF THE OSAGE,1696,HERITAGE ELEMENTARY,292763001696,No,-9,-9,-9,-9,-9,-9,-9,-9,-9,-9,-9,-9,-9,-9,-9,-9,-9,-9,-9,-9,-9,292763001696
MO,MISSOURI,2927630,SCHOOL OF THE OSAGE,1697,OSAGE HIGH,292763001697,No,Yes,1,8,0,0,1,1,0,0,1,4,45,64,0,4,48,81,0,0,0,1,292763001697
MO,MISSOURI,2927630,SCHOOL OF THE OSAGE,2479,OSAGE UPPER ELEM.,292763002479,No,-9,-9,-9,-9,-9,-9,-9,-9,-9,-9,-9,-9,-9,-9,-9,-9,-9,-9,-9,-9,-9,292763002479
MO,MISSOURI,2927630,SCHOOL OF THE OSAGE,3358,EARLY CHILDHOOD CENTER,292763003358,No,-9,-9,-9,-9,-9,-9,-9,-9,-9,-9,-9,-9,-9,-9,-9,-9,-9,-9,-9,-9,-9,292763003358
MO,MISSOURI,2927660,SCHUYLER CO. R-I,1698,SCHUYLER CO. ELEM.,292766001698,No,-9,-9,-9,-9,-9,-9,-9,-9,-9,-9,-9,-9,-9,-9,-9,-9,-9,-9,-9,-9,-9,292766001698
MO,MISSOURI,2927660,SCHUYLER CO. R-I,1702,SCHUYLER CO. HIGH,292766001702,No,Yes,0,0,0,0,0,0,0,0,0,0,12,29,1,0,13,29,0,0,0,0,292766001702
MO,MISSOURI,2927830,SEDALIA 200,1703,HEBER HUNT ELEM.,292783001703,No,-9,-9,-9,-9,-9,-9,-9,-9,-9,-9,-9,-9,-9,-9,-9,-9,-9,-9,-9,-9,-9,292783001703
MO,MISSOURI,2927830,SEDALIA 200,1704,HORACE MANN ELEM.,292783001704,No,-9,-9,-9,-9,-9,-9,-9,-9,-9,-9,-9,-9,-9,-9,-9,-9,-9,-9,-9,-9,-9,292783001704
MO,MISSOURI,2927830,SEDALIA 200,1709,SMITH-COTTON HIGH SCHOOL,292783001709,No,Yes,16,20,0,2,2,2,0,1,1,3,108,105,5,10,132,143,0,0,3,1,292783001709
MO,MISSOURI,2927830,SEDALIA 200,1711,WASHINGTON ELEM.,292783001711,No,-9,-9,-9,-9,-9,-9,-9,-9,-9,-9,-9,-9,-9,-9,-9,-9,-9,-9,-9,-9,-9,292783001711
MO,MISSOURI,2927830,SEDALIA 200,2304,SEDALIA MIDDLE SCHOOL,292783002304,No,-9,-9,-9,-9,-9,-9,-9,-9,-9,-9,-9,-9,-9,-9,-9,-9,-9,-9,-9,-9,-9,292783002304
MO,MISSOURI,2927830,SEDALIA 200,2639,PARKVIEW ELEM.,292783002639,No,-9,-9,-9,-9,-9,-9,-9,-9,-9,-9,-9,-9,-9,-9,-9,-9,-9,-9,-9,-9,-9,292783002639
MO,MISSOURI,2927830,SEDALIA 200,2640,SKYLINE ELEM.,292783002640,No,-9,-9,-9,-9,-9,-9,-9,-9,-9,-9,-9,-9,-9,-9,-9,-9,-9,-9,-9,-9,-9,292783002640
MO,MISSOURI,2927830,SEDALIA 200,2678,EARLY CHILDHOOD CTR.,292783002678,No,-9,-9,-9,-9,-9,-9,-9,-9,-9,-9,-9,-9,-9,-9,-9,-9,-9,-9,-9,-9,-9,292783002678
MO,MISSOURI,2927830,SEDALIA 200,3143,SMITH COTTON JUNIOR HIGH SCHL,292783003143,No,-9,-9,-9,-9,-9,-9,-9,-9,-9,-9,-9,-9,-9,-9,-9,-9,-9,-9,-9,-9,-9,292783003143
MO,MISSOURI,2927870,SENATH-HORNERSVILLE C-8,1714,SENATH-HORNERSVILLE MIDDLE SCH,292787001714,No,-9,-9,-9,-9,-9,-9,-9,-9,-9,-9,-9,-9,-9,-9,-9,-9,-9,-9,-9,-9,-9,292787001714
MO,MISSOURI,2927870,SENATH-HORNERSVILLE C-8,1715,SENATH-HORNERSVILLE ELEM SCH,292787001715,No,-9,-9,-9,-9,-9,-9,-9,-9,-9,-9,-9,-9,-9,-9,-9,-9,-9,-9,-9,-9,-9,292787001715
MO,MISSOURI,2927870,SENATH-HORNERSVILLE C-8,1716,SENATH-HORNERSVILLE HIGH SCHOO,292787001716,No,Yes,1,4,0,0,0,0,0,0,0,0,4,7,0,0,5,11,0,0,0,0,292787001716
MO,MISSOURI,2927900,SENECA R-VII,1717,SENECA ELEM.,292790001717,No,-9,-9,-9,-9,-9,-9,-9,-9,-9,-9,-9,-9,-9,-9,-9,-9,-9,-9,-9,-9,-9,292790001717
MO,MISSOURI,2927900,SENECA R-VII,1719,SENECA HIGH,292790001719,No,Yes,1,0,1,4,0,0,0,0,0,0,24,26,0,0,26,30,0,0,0,0,292790001719
MO,MISSOURI,2927900,SENECA R-VII,2446,SENECA JUNIOR HIGH,292790002446,No,-9,-9,-9,-9,-9,-9,-9,-9,-9,-9,-9,-9,-9,-9,-9,-9,-9,-9,-9,-9,-9,292790002446
MO,MISSOURI,2927900,SENECA R-VII,3164,SENECA INTERMEDIATE SCHOOL,292790003164,No,-9,-9,-9,-9,-9,-9,-9,-9,-9,-9,-9,-9,-9,-9,-9,-9,-9,-9,-9,-9,-9,292790003164
MO,MISSOURI,2927900,SENECA R-VII,3303,SENECA EARLY CHILDHOOD SCHOOL,292790003303,No,-9,-9,-9,-9,-9,-9,-9,-9,-9,-9,-9,-9,-9,-9,-9,-9,-9,-9,-9,-9,-9,292790003303
MO,MISSOURI,2927930,SEYMOUR R-II,1580,SEYMOUR MIDDLE,292793001580,No,-9,-9,-9,-9,-9,-9,-9,-9,-9,-9,-9,-9,-9,-9,-9,-9,-9,-9,-9,-9,-9,292793001580
MO,MISSOURI,2927930,SEYMOUR R-II,1720,SEYMOUR ELEM.,292793001720,No,-9,-9,-9,-9,-9,-9,-9,-9,-9,-9,-9,-9,-9,-9,-9,-9,-9,-9,-9,-9,-9,292793001720
MO,MISSOURI,2927930,SEYMOUR R-II,1721,SEYMOUR HIGH,292793001721,No,Yes,2,2,0,0,0,0,0,0,1,0,42,44,0,0,45,46,0,0,2,4,292793001721
MO,MISSOURI,2928080,SHAWNEE R-III,1723,SHAWNEE ELEM.,292808001723,No,-9,-9,-9,-9,-9,-9,-9,-9,-9,-9,-9,-9,-9,-9,-9,-9,-9,-9,-9,-9,-9,292808001723
MO,MISSOURI,2928110,SHELBY CO. R-IV,1726,SOUTH SHELBY ELEMENTARY,292811001726,No,-9,-9,-9,-9,-9,-9,-9,-9,-9,-9,-9,-9,-9,-9,-9,-9,-9,-9,-9,-9,-9,292811001726
MO,MISSOURI,2928110,SHELBY CO. R-IV,1728,SOUTH SHELBY HIGH,292811001728,No,Yes,0,0,0,0,0,0,0,0,0,0,14,23,1,1,15,24,0,0,0,0,292811001728
MO,MISSOURI,2928110,SHELBY CO. R-IV,3130,SOUTH SHELBY MIDDLE SCHOOL,292811003130,No,-9,-9,-9,-9,-9,-9,-9,-9,-9,-9,-9,-9,-9,-9,-9,-9,-9,-9,-9,-9,-9,292811003130
MO,MISSOURI,2928140,NORTH SHELBY,1731,NORTH SHELBY HIGH,292814001731,No,Yes,0,0,0,0,0,0,0,0,0,0,18,13,0,0,18,13,0,0,0,0,292814001731
MO,MISSOURI,2928140,NORTH SHELBY,1732,NORTH SHELBY ELEM.,292814001732,No,-9,-9,-9,-9,-9,-9,-9,-9,-9,-9,-9,-9,-9,-9,-9,-9,-9,-9,-9,-9,-9,292814001732
MO,MISSOURI,2928170,SHELDON R-VIII,1733,SHELDON ELEM.,292817001733,No,-9,-9,-9,-9,-9,-9,-9,-9,-9,-9,-9,-9,-9,-9,-9,-9,-9,-9,-9,-9,-9,292817001733
MO,MISSOURI,2928170,SHELDON R-VIII,1734,SHELDON HIGH,292817001734,No,Yes,0,0,0,0,0,0,0,0,0,0,1,5,0,0,1,5,0,0,0,0,292817001734
MO,MISSOURI,2928200,SHELL KNOB 78,1735,SHELL KNOB ELEM.,292820001735,No,-9,-9,-9,-9,-9,-9,-9,-9,-9,-9,-9,-9,-9,-9,-9,-9,-9,-9,-9,-9,-9,292820001735
MO,MISSOURI,2928260,SIKESTON R-6,1566,WING ELEM.,292826001566,No,-9,-9,-9,-9,-9,-9,-9,-9,-9,-9,-9,-9,-9,-9,-9,-9,-9,-9,-9,-9,-9,292826001566
MO,MISSOURI,2928260,SIKESTON R-6,1736,SIKESTON CAREER  TECH. CTR.,292826001736,No,No,-9,-9,-9,-9,-9,-9,-9,-9,-9,-9,-9,-9,-9,-9,-9,-9,-9,-9,-9,-9,292826001736
MO,MISSOURI,2928260,SIKESTON R-6,1737,SIKESTON JUNIOR HIGH,292826001737,No,-9,-9,-9,-9,-9,-9,-9,-9,-9,-9,-9,-9,-9,-9,-9,-9,-9,-9,-9,-9,-9,292826001737
MO,MISSOURI,2928260,SIKESTON R-6,1738,SIKESTON KINDERGARTEN CTR.,292826001738,No,-9,-9,-9,-9,-9,-9,-9,-9,-9,-9,-9,-9,-9,-9,-9,-9,-9,-9,-9,-9,-9,292826001738
MO,MISSOURI,2928260,SIKESTON R-6,1739,LEE HUNTER ELEM.,292826001739,No,-9,-9,-9,-9,-9,-9,-9,-9,-9,-9,-9,-9,-9,-9,-9,-9,-9,-9,-9,-9,-9,292826001739
MO,MISSOURI,2928260,SIKESTON R-6,1741,SIKESTON MIDDLE SCHOOL,292826001741,No,-9,-9,-9,-9,-9,-9,-9,-9,-9,-9,-9,-9,-9,-9,-9,-9,-9,-9,-9,-9,-9,292826001741
MO,MISSOURI,2928260,SIKESTON R-6,1742,SOUTHEAST ELEM.,292826001742,No,-9,-9,-9,-9,-9,-9,-9,-9,-9,-9,-9,-9,-9,-9,-9,-9,-9,-9,-9,-9,-9,292826001742
MO,MISSOURI,2928260,SIKESTON R-6,1744,SIKESTON SR. HIGH,292826001744,No,Yes,0,0,0,0,0,0,0,0,4,10,35,55,0,0,39,65,0,0,1,0,292826001744
MO,MISSOURI,2928260,SIKESTON R-6,99999,SIKESTON ALTERNATIVE SCHOOL,292826099999,No,No,-9,-9,-9,-9,-9,-9,-9,-9,-9,-9,-9,-9,-9,-9,-9,-9,-9,-9,-9,-9,292826099999
MO,MISSOURI,2928290,SILEX R-I,1747,SILEX ELEM.,292829001747,No,-9,-9,-9,-9,-9,-9,-9,-9,-9,-9,-9,-9,-9,-9,-9,-9,-9,-9,-9,-9,-9,292829001747
MO,MISSOURI,2928290,SILEX R-I,1748,SILEX HIGH,292829001748,No,Yes,0,0,0,0,0,0,0,0,0,0,5,7,0,0,5,7,0,0,0,0,292829001748
MO,MISSOURI,2928360,SLATER,1749,ALEXANDER ELEM.,292836001749,No,-9,-9,-9,-9,-9,-9,-9,-9,-9,-9,-9,-9,-9,-9,-9,-9,-9,-9,-9,-9,-9,292836001749
MO,MISSOURI,2928360,SLATER,1750,SLATER HIGH,292836001750,No,Yes,0,2,0,0,0,0,0,0,0,1,3,7,0,0,3,10,0,0,0,0,292836001750
MO,MISSOURI,2928380,SMITHTON R-VI,1751,SMITHTON ELEM.,292838001751,No,-9,-9,-9,-9,-9,-9,-9,-9,-9,-9,-9,-9,-9,-9,-9,-9,-9,-9,-9,-9,-9,292838001751
MO,MISSOURI,2928380,SMITHTON R-VI,1752,SMITHTON HIGH,292838001752,No,Yes,1,8,0,0,0,0,0,0,2,0,29,62,0,0,32,70,0,0,1,1,292838001752
MO,MISSOURI,2928410,SMITHVILLE R-II,70,Smithville Middle School,292841000070,No,-9,-9,-9,-9,-9,-9,-9,-9,-9,-9,-9,-9,-9,-9,-9,-9,-9,-9,-9,-9,-9,292841000070
MO,MISSOURI,2928410,SMITHVILLE R-II,1753,Maple Elementary School,292841001753,No,-9,-9,-9,-9,-9,-9,-9,-9,-9,-9,-9,-9,-9,-9,-9,-9,-9,-9,-9,-9,-9,292841001753
MO,MISSOURI,2928410,SMITHVILLE R-II,1754,Smithville High School,292841001754,No,Yes,5,9,1,0,0,6,0,0,0,3,141,170,7,3,154,191,0,0,0,2,292841001754
MO,MISSOURI,2928410,SMITHVILLE R-II,2274,Horizon Elementary School,292841002274,No,-9,-9,-9,-9,-9,-9,-9,-9,-9,-9,-9,-9,-9,-9,-9,-9,-9,-9,-9,-9,-9,292841002274
MO,MISSOURI,2928410,SMITHVILLE R-II,3341,Eagle Heights Elementary School,292841003341,No,-9,-9,-9,-9,-9,-9,-9,-9,-9,-9,-9,-9,-9,-9,-9,-9,-9,-9,-9,-9,-9,292841003341
MO,MISSOURI,2928430,SOUTH CALLAWAY CO. R-II,1756,SOUTH CALLAWAY ELEM.,292843001756,No,-9,-9,-9,-9,-9,-9,-9,-9,-9,-9,-9,-9,-9,-9,-9,-9,-9,-9,-9,-9,-9,292843001756
MO,MISSOURI,2928430,SOUTH CALLAWAY CO. R-II,1757,SOUTH CALLAWAY HIGH,292843001757,No,Yes,0,0,0,1,0,2,0,0,0,0,14,16,0,0,14,19,0,0,0,0,292843001757
MO,MISSOURI,2928430,SOUTH CALLAWAY CO. R-II,2401,SOUTH CALLAWAY MIDDLE,292843002401,No,-9,-9,-9,-9,-9,-9,-9,-9,-9,-9,-9,-9,-9,-9,-9,-9,-9,-9,-9,-9,-9,292843002401
MO,MISSOURI,2928430,SOUTH CALLAWAY CO. R-II,3120,SOUTH CALLAWAY EARLY CHD PK-02,292843003120,No,-9,-9,-9,-9,-9,-9,-9,-9,-9,-9,-9,-9,-9,-9,-9,-9,-9,-9,-9,-9,-9,292843003120
MO,MISSOURI,2928470,SOUTH IRON CO. R-I,1758,SOUTH IRON ELEM.,292847001758,No,No,-9,-9,-9,-9,-9,-9,-9,-9,-9,-9,-9,-9,-9,-9,-9,-9,-9,-9,-9,-9,292847001758
MO,MISSOURI,2928470,SOUTH IRON CO. R-I,1759,SOUTH IRON HIGH,292847001759,No,Yes,0,0,0,0,0,0,0,0,1,1,11,10,0,0,12,11,0,0,1,0,292847001759
MO,MISSOURI,2928500,SOUTH NODAWAY CO. R-IV,1760,SOUTH NODAWAY ELEM.,292850001760,No,-9,-9,-9,-9,-9,-9,-9,-9,-9,-9,-9,-9,-9,-9,-9,-9,-9,-9,-9,-9,-9,292850001760
MO,MISSOURI,2928500,SOUTH NODAWAY CO. R-IV,1761,SOUTH NODAWAY HIGH,292850001761,No,Yes,0,0,0,0,0,0,0,0,0,0,1,3,0,0,1,3,0,0,0,0,292850001761
MO,MISSOURI,2928530,SOUTH PEMISCOT CO. R-V,1764,SOUTH PEMISCOT HIGH,292853001764,No,Yes,0,1,0,0,0,0,0,0,0,4,12,8,0,0,12,13,0,0,0,0,292853001764
MO,MISSOURI,2928530,SOUTH PEMISCOT CO. R-V,2670,CENTRAL ELEMENTARY,292853002670,No,-9,-9,-9,-9,-9,-9,-9,-9,-9,-9,-9,-9,-9,-9,-9,-9,-9,-9,-9,-9,-9,292853002670
MO,MISSOURI,2928530,SOUTH PEMISCOT CO. R-V,3384,EAST ELEMENTARY,292853003384,No,-9,-9,-9,-9,-9,-9,-9,-9,-9,-9,-9,-9,-9,-9,-9,-9,-9,-9,-9,-9,-9,292853003384
MO,MISSOURI,2928560,SOUTHERN BOONE CO. R-I,1596,SOUTHERN BOONE MIDDLE,292856001596,No,-9,-9,-9,-9,-9,-9,-9,-9,-9,-9,-9,-9,-9,-9,-9,-9,-9,-9,-9,-9,-9,292856001596
MO,MISSOURI,2928560,SOUTHERN BOONE CO. R-I,1765,SOUTHERN BOONE ELEM.,292856001765,No,-9,-9,-9,-9,-9,-9,-9,-9,-9,-9,-9,-9,-9,-9,-9,-9,-9,-9,-9,-9,-9,292856001765
MO,MISSOURI,2928560,SOUTHERN BOONE CO. R-I,1766,Southern Boone High,292856001766,No,Yes,0,0,0,0,0,0,0,0,0,1,18,53,1,3,19,57,0,0,0,0,292856001766
MO,MISSOURI,2928560,SOUTHERN BOONE CO. R-I,2802,SOUTHERN BOONE PRIMARY,292856002802,No,-9,-9,-9,-9,-9,-9,-9,-9,-9,-9,-9,-9,-9,-9,-9,-9,-9,-9,-9,-9,-9,292856002802
MO,MISSOURI,2928590,SOUTHERN REYNOLDS CO. R-II,1767,ELLINGTON ELEMENTARY,292859001767,No,-9,-9,-9,-9,-9,-9,-9,-9,-9,-9,-9,-9,-9,-9,-9,-9,-9,-9,-9,-9,-9,292859001767
MO,MISSOURI,2928590,SOUTHERN REYNOLDS CO. R-II,1768,ELLINGTON HIGH SCHOOL,292859001768,No,Yes,0,0,0,0,0,0,0,0,0,0,12,15,0,0,12,15,0,0,0,0,292859001768
MO,MISSOURI,2928620,SOUTHLAND C-9,1769,SOUTHLAND Elementary,292862001769,No,-9,-9,-9,-9,-9,-9,-9,-9,-9,-9,-9,-9,-9,-9,-9,-9,-9,-9,-9,-9,-9,292862001769
MO,MISSOURI,2928620,SOUTHLAND C-9,1770,SOUTHLAND HIGH,292862001770,No,Yes,0,0,0,0,0,0,0,0,0,0,3,3,0,0,3,3,0,0,0,0,292862001770
MO,MISSOURI,2928680,SOUTHWEST LIVINGSTON CO. R-I,1771,SOUTHWEST LIVINGSTON CO R-1 EL,292868001771,No,-9,-9,-9,-9,-9,-9,-9,-9,-9,-9,-9,-9,-9,-9,-9,-9,-9,-9,-9,-9,-9,292868001771
MO,MISSOURI,2928680,SOUTHWEST LIVINGSTON CO. R-I,1772,SOUTHWEST LIVINGSTON CO R-1 HS,292868001772,No,Yes,0,0,0,0,0,0,0,0,0,0,5,4,0,0,5,4,0,0,0,0,292868001772
MO,MISSOURI,2928710,SOUTHWEST R-V,1773,SOUTHWEST ELEM.,292871001773,No,-9,-9,-9,-9,-9,-9,-9,-9,-9,-9,-9,-9,-9,-9,-9,-9,-9,-9,-9,-9,-9,292871001773
MO,MISSOURI,2928710,SOUTHWEST R-V,1774,SOUTHWEST HIGH,292871001774,No,Yes,2,0,0,0,0,1,0,0,0,0,14,9,0,0,16,10,0,0,0,0,292871001774
MO,MISSOURI,2928710,SOUTHWEST R-V,2801,SOUTHWEST MIDDLE,292871002801,No,-9,-9,-9,-9,-9,-9,-9,-9,-9,-9,-9,-9,-9,-9,-9,-9,-9,-9,-9,-9,-9,292871002801
MO,MISSOURI,2928740,SPARTA R-III,1430,SPARTA MIDDLE,292874001430,No,-9,-9,-9,-9,-9,-9,-9,-9,-9,-9,-9,-9,-9,-9,-9,-9,-9,-9,-9,-9,-9,292874001430
MO,MISSOURI,2928740,SPARTA R-III,1775,SPARTA ELEM.,292874001775,No,-9,-9,-9,-9,-9,-9,-9,-9,-9,-9,-9,-9,-9,-9,-9,-9,-9,-9,-9,-9,-9,292874001775
MO,MISSOURI,2928740,SPARTA R-III,1776,SPARTA HIGH,292874001776,No,Yes,0,0,0,0,0,0,0,0,0,0,15,12,0,0,15,12,0,0,0,0,292874001776
MO,MISSOURI,2928740,SPARTA R-III,3260,SPARTA PK CENTER,292874003260,No,-9,-9,-9,-9,-9,-9,-9,-9,-9,-9,-9,-9,-9,-9,-9,-9,-9,-9,-9,-9,-9,292874003260
MO,MISSOURI,2928770,SPICKARD R-II,1777,SPICKARD ELEM.,292877001777,No,-9,-9,-9,-9,-9,-9,-9,-9,-9,-9,-9,-9,-9,-9,-9,-9,-9,-9,-9,-9,-9,292877001777
MO,MISSOURI,2928800,SPOKANE R-VII,8,SPOKANE MIDDLE,292880000008,No,-9,-9,-9,-9,-9,-9,-9,-9,-9,-9,-9,-9,-9,-9,-9,-9,-9,-9,-9,-9,-9,292880000008
MO,MISSOURI,2928800,SPOKANE R-VII,1778,HIGHLANDVILLE ELEM.,292880001778,No,-9,-9,-9,-9,-9,-9,-9,-9,-9,-9,-9,-9,-9,-9,-9,-9,-9,-9,-9,-9,-9,292880001778
MO,MISSOURI,2928800,SPOKANE R-VII,1779,SPOKANE HIGH,292880001779,No,Yes,0,0,0,0,0,0,0,0,0,0,4,6,0,0,4,6,0,0,0,0,292880001779
MO,MISSOURI,2928860,SPRINGFIELD R-XII,901,CARVER MIDDLE,292886000901,No,-9,-9,-9,-9,-9,-9,-9,-9,-9,-9,-9,-9,-9,-9,-9,-9,-9,-9,-9,-9,-9,292886000901
MO,MISSOURI,2928860,SPRINGFIELD R-XII,1480,JUVENILE JUSTICE CTR.,292886001480,Yes,No,-9,-9,-9,-9,-9,-9,-9,-9,-9,-9,-9,-9,-9,-9,-9,-9,-9,-9,-9,-9,292886001480
MO,MISSOURI,2928860,SPRINGFIELD R-XII,1781,BINGHAM ELEM.,292886001781,No,-9,-9,-9,-9,-9,-9,-9,-9,-9,-9,-9,-9,-9,-9,-9,-9,-9,-9,-9,-9,-9,292886001781
MO,MISSOURI,2928860,SPRINGFIELD R-XII,1782,BISSETT ELEM.,292886001782,No,-9,-9,-9,-9,-9,-9,-9,-9,-9,-9,-9,-9,-9,-9,-9,-9,-9,-9,-9,-9,-9,292886001782
MO,MISSOURI,2928860,SPRINGFIELD R-XII,1783,BOWERMAN ELEM.,292886001783,No,-9,-9,-9,-9,-9,-9,-9,-9,-9,-9,-9,-9,-9,-9,-9,-9,-9,-9,-9,-9,-9,292886001783
MO,MISSOURI,2928860,SPRINGFIELD R-XII,1784,BOYD ELEM.,292886001784,No,-9,-9,-9,-9,-9,-9,-9,-9,-9,-9,-9,-9,-9,-9,-9,-9,-9,-9,-9,-9,-9,292886001784
MO,MISSOURI,2928860,SPRINGFIELD R-XII,1785,CAMPBELL EARLY CHILDHOOD CENTER,292886001785,No,-9,-9,-9,-9,-9,-9,-9,-9,-9,-9,-9,-9,-9,-9,-9,-9,-9,-9,-9,-9,-9,292886001785
MO,MISSOURI,2928860,SPRINGFIELD R-XII,1786,CENTRAL HIGH,292886001786,No,Yes,15,11,0,3,22,20,1,1,12,18,133,157,13,9,196,219,5,4,9,2,292886001786
MO,MISSOURI,2928860,SPRINGFIELD R-XII,1788,CHEROKEE MIDDLE,292886001788,No,-9,-9,-9,-9,-9,-9,-9,-9,-9,-9,-9,-9,-9,-9,-9,-9,-9,-9,-9,-9,-9,292886001788
MO,MISSOURI,2928860,SPRINGFIELD R-XII,1789,COWDEN ELEM.,292886001789,No,-9,-9,-9,-9,-9,-9,-9,-9,-9,-9,-9,-9,-9,-9,-9,-9,-9,-9,-9,-9,-9,292886001789
MO,MISSOURI,2928860,SPRINGFIELD R-XII,1790,DELAWARE ELEM.,292886001790,No,-9,-9,-9,-9,-9,-9,-9,-9,-9,-9,-9,-9,-9,-9,-9,-9,-9,-9,-9,-9,-9,292886001790
MO,MISSOURI,2928860,SPRINGFIELD R-XII,1794,FIELD ELEM.,292886001794,No,-9,-9,-9,-9,-9,-9,-9,-9,-9,-9,-9,-9,-9,-9,-9,-9,-9,-9,-9,-9,-9,292886001794
MO,MISSOURI,2928860,SPRINGFIELD R-XII,1795,FREMONT ELEM.,292886001795,No,-9,-9,-9,-9,-9,-9,-9,-9,-9,-9,-9,-9,-9,-9,-9,-9,-9,-9,-9,-9,-9,292886001795
MO,MISSOURI,2928860,SPRINGFIELD R-XII,1796,GLENDALE HIGH,292886001796,No,Yes,9,17,1,2,2,9,0,0,11,7,193,211,10,12,226,258,3,3,17,8,292886001796
MO,MISSOURI,2928860,SPRINGFIELD R-XII,1797,HICKORY HILLS ELEM.,292886001797,No,-9,-9,-9,-9,-9,-9,-9,-9,-9,-9,-9,-9,-9,-9,-9,-9,-9,-9,-9,-9,-9,292886001797
MO,MISSOURI,2928860,SPRINGFIELD R-XII,1798,HICKORY HILLS MIDDLE,292886001798,No,-9,-9,-9,-9,-9,-9,-9,-9,-9,-9,-9,-9,-9,-9,-9,-9,-9,-9,-9,-9,-9,292886001798
MO,MISSOURI,2928860,SPRINGFIELD R-XII,1800,HILLCREST HIGH,292886001800,No,Yes,4,4,1,3,0,0,0,2,12,7,48,87,3,6,68,109,1,3,4,6,292886001800
MO,MISSOURI,2928860,SPRINGFIELD R-XII,1801,HOLLAND ELEM.,292886001801,No,-9,-9,-9,-9,-9,-9,-9,-9,-9,-9,-9,-9,-9,-9,-9,-9,-9,-9,-9,-9,-9,292886001801
MO,MISSOURI,2928860,SPRINGFIELD R-XII,1802,HORACE MANN ELEM.,292886001802,No,-9,-9,-9,-9,-9,-9,-9,-9,-9,-9,-9,-9,-9,-9,-9,-9,-9,-9,-9,-9,-9,292886001802
MO,MISSOURI,2928860,SPRINGFIELD R-XII,1803,JARRETT MIDDLE,292886001803,No,-9,-9,-9,-9,-9,-9,-9,-9,-9,-9,-9,-9,-9,-9,-9,-9,-9,-9,-9,-9,-9,292886001803
MO,MISSOURI,2928860,SPRINGFIELD R-XII,1804,KICKAPOO HIGH,292886001804,No,Yes,29,3,2,5,29,30,2,0,18,23,462,475,16,19,558,555,2,5,34,12,292886001804
MO,MISSOURI,2928860,SPRINGFIELD R-XII,1805,MARK TWAIN ELEM.,292886001805,No,-9,-9,-9,-9,-9,-9,-9,-9,-9,-9,-9,-9,-9,-9,-9,-9,-9,-9,-9,-9,-9,292886001805
MO,MISSOURI,2928860,SPRINGFIELD R-XII,1806,MCGREGOR ELEM.,292886001806,No,-9,-9,-9,-9,-9,-9,-9,-9,-9,-9,-9,-9,-9,-9,-9,-9,-9,-9,-9,-9,-9,292886001806
MO,MISSOURI,2928860,SPRINGFIELD R-XII,1808,PARKVIEW HIGH,292886001808,No,Yes,12,20,1,1,9,5,1,2,15,15,85,115,5,7,128,165,2,5,10,5,292886001808
MO,MISSOURI,2928860,SPRINGFIELD R-XII,1810,PERSHING ELEM.,292886001810,No,-9,-9,-9,-9,-9,-9,-9,-9,-9,-9,-9,-9,-9,-9,-9,-9,-9,-9,-9,-9,-9,292886001810
MO,MISSOURI,2928860,SPRINGFIELD R-XII,1811,PERSHING MIDDLE,292886001811,No,-9,-9,-9,-9,-9,-9,-9,-9,-9,-9,-9,-9,-9,-9,-9,-9,-9,-9,-9,-9,-9,292886001811
MO,MISSOURI,2928860,SPRINGFIELD R-XII,1813,PIPKIN MIDDLE,292886001813,No,-9,-9,-9,-9,-9,-9,-9,-9,-9,-9,-9,-9,-9,-9,-9,-9,-9,-9,-9,-9,-9,292886001813
MO,MISSOURI,2928860,SPRINGFIELD R-XII,1814,PITTMAN ELEM.,292886001814,No,-9,-9,-9,-9,-9,-9,-9,-9,-9,-9,-9,-9,-9,-9,-9,-9,-9,-9,-9,-9,-9,292886001814
MO,MISSOURI,2928860,SPRINGFIELD R-XII,1815,PLEASANT VIEW ELEM.,292886001815,No,-9,-9,-9,-9,-9,-9,-9,-9,-9,-9,-9,-9,-9,-9,-9,-9,-9,-9,-9,-9,-9,292886001815
MO,MISSOURI,2928860,SPRINGFIELD R-XII,1818,REED MIDDLE,292886001818,No,-9,-9,-9,-9,-9,-9,-9,-9,-9,-9,-9,-9,-9,-9,-9,-9,-9,-9,-9,-9,-9,292886001818
MO,MISSOURI,2928860,SPRINGFIELD R-XII,1820,ROBBERSON ELEM.,292886001820,No,-9,-9,-9,-9,-9,-9,-9,-9,-9,-9,-9,-9,-9,-9,-9,-9,-9,-9,-9,-9,-9,292886001820
MO,MISSOURI,2928860,SPRINGFIELD R-XII,1821,ROUNTREE ELEM.,292886001821,No,-9,-9,-9,-9,-9,-9,-9,-9,-9,-9,-9,-9,-9,-9,-9,-9,-9,-9,-9,-9,-9,292886001821
MO,MISSOURI,2928860,SPRINGFIELD R-XII,1822,SEQUIOTA ELEM.,292886001822,No,-9,-9,-9,-9,-9,-9,-9,-9,-9,-9,-9,-9,-9,-9,-9,-9,-9,-9,-9,-9,-9,292886001822
MO,MISSOURI,2928860,SPRINGFIELD R-XII,1824,SHERWOOD ELEM.,292886001824,No,-9,-9,-9,-9,-9,-9,-9,-9,-9,-9,-9,-9,-9,-9,-9,-9,-9,-9,-9,-9,-9,292886001824
MO,MISSOURI,2928860,SPRINGFIELD R-XII,1827,WESTPORT MIDDLE SCHOOL,292886001827,No,-9,-9,-9,-9,-9,-9,-9,-9,-9,-9,-9,-9,-9,-9,-9,-9,-9,-9,-9,-9,-9,292886001827
MO,MISSOURI,2928860,SPRINGFIELD R-XII,1828,SUNSHINE ELEM.,292886001828,No,-9,-9,-9,-9,-9,-9,-9,-9,-9,-9,-9,-9,-9,-9,-9,-9,-9,-9,-9,-9,-9,292886001828
MO,MISSOURI,2928860,SPRINGFIELD R-XII,1830,WALT DISNEY ELEM.,292886001830,No,-9,-9,-9,-9,-9,-9,-9,-9,-9,-9,-9,-9,-9,-9,-9,-9,-9,-9,-9,-9,-9,292886001830
MO,MISSOURI,2928860,SPRINGFIELD R-XII,1831,WATKINS ELEM.,292886001831,No,-9,-9,-9,-9,-9,-9,-9,-9,-9,-9,-9,-9,-9,-9,-9,-9,-9,-9,-9,-9,-9,292886001831
MO,MISSOURI,2928860,SPRINGFIELD R-XII,1832,WEAVER ELEM.,292886001832,No,-9,-9,-9,-9,-9,-9,-9,-9,-9,-9,-9,-9,-9,-9,-9,-9,-9,-9,-9,-9,-9,292886001832
MO,MISSOURI,2928860,SPRINGFIELD R-XII,1833,WELLER ELEM.,292886001833,No,-9,-9,-9,-9,-9,-9,-9,-9,-9,-9,-9,-9,-9,-9,-9,-9,-9,-9,-9,-9,-9,292886001833
MO,MISSOURI,2928860,SPRINGFIELD R-XII,1834,WESTPORT ELEM.,292886001834,No,-9,-9,-9,-9,-9,-9,-9,-9,-9,-9,-9,-9,-9,-9,-9,-9,-9,-9,-9,-9,-9,292886001834
MO,MISSOURI,2928860,SPRINGFIELD R-XII,1835,WILDER ELEM.,292886001835,No,-9,-9,-9,-9,-9,-9,-9,-9,-9,-9,-9,-9,-9,-9,-9,-9,-9,-9,-9,-9,-9,292886001835
MO,MISSOURI,2928860,SPRINGFIELD R-XII,1837,WILLIAMS ELEM.,292886001837,No,-9,-9,-9,-9,-9,-9,-9,-9,-9,-9,-9,-9,-9,-9,-9,-9,-9,-9,-9,-9,-9,292886001837
MO,MISSOURI,2928860,SPRINGFIELD R-XII,1838,YORK ELEM.,292886001838,No,-9,-9,-9,-9,-9,-9,-9,-9,-9,-9,-9,-9,-9,-9,-9,-9,-9,-9,-9,-9,-9,292886001838
MO,MISSOURI,2928860,SPRINGFIELD R-XII,2305,JEFFRIES ELEM.,292886002305,No,-9,-9,-9,-9,-9,-9,-9,-9,-9,-9,-9,-9,-9,-9,-9,-9,-9,-9,-9,-9,-9,292886002305
MO,MISSOURI,2928860,SPRINGFIELD R-XII,2306,MCBRIDE ELEM.,292886002306,No,-9,-9,-9,-9,-9,-9,-9,-9,-9,-9,-9,-9,-9,-9,-9,-9,-9,-9,-9,-9,-9,292886002306
MO,MISSOURI,2928860,SPRINGFIELD R-XII,2480,GRAY ELEM.,292886002480,No,-9,-9,-9,-9,-9,-9,-9,-9,-9,-9,-9,-9,-9,-9,-9,-9,-9,-9,-9,-9,-9,292886002480
MO,MISSOURI,2928860,SPRINGFIELD R-XII,2541,STUDY ALTERNATIVE HIGH,292886002541,No,Yes,0,0,0,0,0,0,0,0,0,0,1,0,0,0,1,0,0,0,0,0,292886002541
MO,MISSOURI,2928860,SPRINGFIELD R-XII,2675,TRUMAN ELEM.,292886002675,No,-9,-9,-9,-9,-9,-9,-9,-9,-9,-9,-9,-9,-9,-9,-9,-9,-9,-9,-9,-9,-9,292886002675
MO,MISSOURI,2928860,SPRINGFIELD R-XII,2680,PLEASANT VIEW MIDDLE,292886002680,No,-9,-9,-9,-9,-9,-9,-9,-9,-9,-9,-9,-9,-9,-9,-9,-9,-9,-9,-9,-9,-9,292886002680
MO,MISSOURI,2928860,SPRINGFIELD R-XII,2865,WILSON'S CREEK 5-6 INTER. CTR.,292886002865,No,-9,-9,-9,-9,-9,-9,-9,-9,-9,-9,-9,-9,-9,-9,-9,-9,-9,-9,-9,-9,-9,292886002865
MO,MISSOURI,2928860,SPRINGFIELD R-XII,2905,SHADY DELL EARLY CHILDHOOD CTR,292886002905,No,-9,-9,-9,-9,-9,-9,-9,-9,-9,-9,-9,-9,-9,-9,-9,-9,-9,-9,-9,-9,-9,292886002905
MO,MISSOURI,2928860,SPRINGFIELD R-XII,3119,DAVID HARRISON ELEMENTARY,292886003119,No,-9,-9,-9,-9,-9,-9,-9,-9,-9,-9,-9,-9,-9,-9,-9,-9,-9,-9,-9,-9,-9,292886003119
MO,MISSOURI,2928860,SPRINGFIELD R-XII,3378,ADAH FULBRIGHT EARLY CHILDHOOD,292886003378,No,-9,-9,-9,-9,-9,-9,-9,-9,-9,-9,-9,-9,-9,-9,-9,-9,-9,-9,-9,-9,-9,292886003378
MO,MISSOURI,2928860,SPRINGFIELD R-XII,99999,GREENE CO JUVENILE DETENTION,292886099999,No,No,-9,-9,-9,-9,-9,-9,-9,-9,-9,-9,-9,-9,-9,-9,-9,-9,-9,-9,-9,-9,292886099999
MO,MISSOURI,2928920,ST. CHARLES R-VI,1840,GEORGE M. NULL ELEM.,292892001840,No,-9,-9,-9,-9,-9,-9,-9,-9,-9,-9,-9,-9,-9,-9,-9,-9,-9,-9,-9,-9,-9,292892001840
MO,MISSOURI,2928920,ST. CHARLES R-VI,1841,JEFFERSON INTERMEDIATE SCHOOL,292892001841,No,-9,-9,-9,-9,-9,-9,-9,-9,-9,-9,-9,-9,-9,-9,-9,-9,-9,-9,-9,-9,-9,292892001841
MO,MISSOURI,2928920,ST. CHARLES R-VI,1842,LEWIS  CLARK CAREER CTR.,292892001842,No,Yes,8,4,0,0,0,0,0,0,1,4,28,14,2,1,39,23,0,0,6,2,292892001842
MO,MISSOURI,2928920,ST. CHARLES R-VI,1843,LINCOLN ELEM.,292892001843,No,-9,-9,-9,-9,-9,-9,-9,-9,-9,-9,-9,-9,-9,-9,-9,-9,-9,-9,-9,-9,-9,292892001843
MO,MISSOURI,2928920,ST. CHARLES R-VI,1844,COVERDELL ELEM.,292892001844,No,-9,-9,-9,-9,-9,-9,-9,-9,-9,-9,-9,-9,-9,-9,-9,-9,-9,-9,-9,-9,-9,292892001844
MO,MISSOURI,2928920,ST. CHARLES R-VI,1846,MONROE ELEM.,292892001846,No,-9,-9,-9,-9,-9,-9,-9,-9,-9,-9,-9,-9,-9,-9,-9,-9,-9,-9,-9,-9,-9,292892001846
MO,MISSOURI,2928920,ST. CHARLES R-VI,1848,ST. CHARLES HIGH,292892001848,No,Yes,0,0,0,0,0,0,0,0,1,3,9,19,0,0,10,22,0,0,1,1,292892001848
MO,MISSOURI,2928920,ST. CHARLES R-VI,1850,HARDIN MIDDLE,292892001850,No,-9,-9,-9,-9,-9,-9,-9,-9,-9,-9,-9,-9,-9,-9,-9,-9,-9,-9,-9,-9,-9,292892001850
MO,MISSOURI,2928920,ST. CHARLES R-VI,1851,ST. CHARLES WEST HIGH,292892001851,No,Yes,4,9,0,0,4,0,0,0,12,7,43,48,2,5,65,69,2,2,2,1,292892001851
MO,MISSOURI,2928920,ST. CHARLES R-VI,1852,HARRIS ELEM.,292892001852,No,-9,-9,-9,-9,-9,-9,-9,-9,-9,-9,-9,-9,-9,-9,-9,-9,-9,-9,-9,-9,-9,292892001852
MO,MISSOURI,2928920,ST. CHARLES R-VI,3199,BLACKHURST ELEMENTARY,292892003199,No,-9,-9,-9,-9,-9,-9,-9,-9,-9,-9,-9,-9,-9,-9,-9,-9,-9,-9,-9,-9,-9,292892003199
MO,MISSOURI,2928920,ST. CHARLES R-VI,3334,ST.CHARLES EARLY CHILDHOOD CTR,292892003334,No,-9,-9,-9,-9,-9,-9,-9,-9,-9,-9,-9,-9,-9,-9,-9,-9,-9,-9,-9,-9,-9,292892003334
MO,MISSOURI,2928950,FRANCIS HOWELL R-III,220,FRANCIS HOWELL MIDDLE,292895000220,No,-9,-9,-9,-9,-9,-9,-9,-9,-9,-9,-9,-9,-9,-9,-9,-9,-9,-9,-9,-9,-9,292895000220
MO,MISSOURI,2928950,FRANCIS HOWELL R-III,643,EARLY CHILD FAMILY EDUC. CTR.,292895000643,No,-9,-9,-9,-9,-9,-9,-9,-9,-9,-9,-9,-9,-9,-9,-9,-9,-9,-9,-9,-9,-9,292895000643
MO,MISSOURI,2928950,FRANCIS HOWELL R-III,1854,BECKY-DAVID ELEM.,292895001854,No,-9,-9,-9,-9,-9,-9,-9,-9,-9,-9,-9,-9,-9,-9,-9,-9,-9,-9,-9,-9,-9,292895001854
MO,MISSOURI,2928950,FRANCIS HOWELL R-III,1855,HOLLENBECK MIDDLE,292895001855,No,-9,-9,-9,-9,-9,-9,-9,-9,-9,-9,-9,-9,-9,-9,-9,-9,-9,-9,-9,-9,-9,292895001855
MO,MISSOURI,2928950,FRANCIS HOWELL R-III,1856,CASTLIO ELEM.,292895001856,No,-9,-9,-9,-9,-9,-9,-9,-9,-9,-9,-9,-9,-9,-9,-9,-9,-9,-9,-9,-9,-9,292895001856
MO,MISSOURI,2928950,FRANCIS HOWELL R-III,1857,CENTRAL ELEM.,292895001857,No,-9,-9,-9,-9,-9,-9,-9,-9,-9,-9,-9,-9,-9,-9,-9,-9,-9,-9,-9,-9,-9,292895001857
MO,MISSOURI,2928950,FRANCIS HOWELL R-III,1858,DANIEL BOONE ELEM.,292895001858,No,-9,-9,-9,-9,-9,-9,-9,-9,-9,-9,-9,-9,-9,-9,-9,-9,-9,-9,-9,-9,-9,292895001858
MO,MISSOURI,2928950,FRANCIS HOWELL R-III,1859,FAIRMOUNT ELEM.,292895001859,No,-9,-9,-9,-9,-9,-9,-9,-9,-9,-9,-9,-9,-9,-9,-9,-9,-9,-9,-9,-9,-9,292895001859
MO,MISSOURI,2928950,FRANCIS HOWELL R-III,1860,FRANCIS HOWELL HIGH,292895001860,No,Yes,1,3,0,1,3,2,0,0,2,2,32,70,0,2,38,80,0,0,0,1,292895001860
MO,MISSOURI,2928950,FRANCIS HOWELL R-III,1884,SAEGER MIDDLE,292895001884,No,-9,-9,-9,-9,-9,-9,-9,-9,-9,-9,-9,-9,-9,-9,-9,-9,-9,-9,-9,-9,-9,292895001884
MO,MISSOURI,2928950,FRANCIS HOWELL R-III,2063,FRANCIS HOWELL UNION HIGH,292895002063,No,No,-9,-9,-9,-9,-9,-9,-9,-9,-9,-9,-9,-9,-9,-9,-9,-9,-9,-9,-9,-9,292895002063
MO,MISSOURI,2928950,FRANCIS HOWELL R-III,2072,FRANCIS HOWELL CENTRAL HIGH,292895002072,No,Yes,1,1,0,0,0,1,0,0,0,2,7,16,0,0,8,20,0,0,0,0,292895002072
MO,MISSOURI,2928950,FRANCIS HOWELL R-III,2077,EARLY CHILD. FAMILY EDUC CTR.,292895002077,No,-9,-9,-9,-9,-9,-9,-9,-9,-9,-9,-9,-9,-9,-9,-9,-9,-9,-9,-9,-9,-9,292895002077
MO,MISSOURI,2928950,FRANCIS HOWELL R-III,2108,EARLY CHILD. FAMILY EDUC. CTR,292895002108,No,-9,-9,-9,-9,-9,-9,-9,-9,-9,-9,-9,-9,-9,-9,-9,-9,-9,-9,-9,-9,-9,292895002108
MO,MISSOURI,2928950,FRANCIS HOWELL R-III,2307,BARNWELL MIDDLE,292895002307,No,-9,-9,-9,-9,-9,-9,-9,-9,-9,-9,-9,-9,-9,-9,-9,-9,-9,-9,-9,-9,-9,292895002307
MO,MISSOURI,2928950,FRANCIS HOWELL R-III,2447,HENDERSON ELEM.,292895002447,No,-9,-9,-9,-9,-9,-9,-9,-9,-9,-9,-9,-9,-9,-9,-9,-9,-9,-9,-9,-9,-9,292895002447
MO,MISSOURI,2928950,FRANCIS HOWELL R-III,2481,FRANCIS HOWELL NORTH HIGH,292895002481,No,Yes,0,2,0,1,1,1,0,0,1,3,9,12,1,1,12,20,0,0,0,0,292895002481
MO,MISSOURI,2928950,FRANCIS HOWELL R-III,2666,JOHN WELDON ELEM.,292895002666,No,-9,-9,-9,-9,-9,-9,-9,-9,-9,-9,-9,-9,-9,-9,-9,-9,-9,-9,-9,-9,-9,292895002666
MO,MISSOURI,2928950,FRANCIS HOWELL R-III,2681,HARVEST RIDGE ELEM.,292895002681,No,-9,-9,-9,-9,-9,-9,-9,-9,-9,-9,-9,-9,-9,-9,-9,-9,-9,-9,-9,-9,-9,292895002681
MO,MISSOURI,2928950,FRANCIS HOWELL R-III,2698,BRYAN MIDDLE,292895002698,No,-9,-9,-9,-9,-9,-9,-9,-9,-9,-9,-9,-9,-9,-9,-9,-9,-9,-9,-9,-9,-9,292895002698
MO,MISSOURI,2928950,FRANCIS HOWELL R-III,2761,INDEPENDENCE ELEM.,292895002761,No,-9,-9,-9,-9,-9,-9,-9,-9,-9,-9,-9,-9,-9,-9,-9,-9,-9,-9,-9,-9,-9,292895002761
MO,MISSOURI,2928950,FRANCIS HOWELL R-III,2822,WARREN ELEM.,292895002822,No,-9,-9,-9,-9,-9,-9,-9,-9,-9,-9,-9,-9,-9,-9,-9,-9,-9,-9,-9,-9,-9,292895002822
MO,MISSOURI,2928950,FRANCIS HOWELL R-III,3030,WESTWOOD TRAIL ACADEMY,292895003030,No,No,-9,-9,-9,-9,-9,-9,-9,-9,-9,-9,-9,-9,-9,-9,-9,-9,-9,-9,-9,-9,292895003030
MO,MISSOURI,2929100,ST. CLAIR R-XIII,1862,EDGAR MURRAY ELEM.,292910001862,No,-9,-9,-9,-9,-9,-9,-9,-9,-9,-9,-9,-9,-9,-9,-9,-9,-9,-9,-9,-9,-9,292910001862
MO,MISSOURI,2929100,ST. CLAIR R-XIII,1863,ST. CLAIR JR. HIGH,292910001863,No,-9,-9,-9,-9,-9,-9,-9,-9,-9,-9,-9,-9,-9,-9,-9,-9,-9,-9,-9,-9,-9,292910001863
MO,MISSOURI,2929100,ST. CLAIR R-XIII,1864,ST. CLAIR HIGH,292910001864,No,Yes,1,0,0,0,0,0,0,0,1,1,48,92,1,1,51,94,0,0,0,0,292910001864
MO,MISSOURI,2929100,ST. CLAIR R-XIII,1865,ST. CLAIR ELEM.,292910001865,No,-9,-9,-9,-9,-9,-9,-9,-9,-9,-9,-9,-9,-9,-9,-9,-9,-9,-9,-9,-9,-9,292910001865
MO,MISSOURI,2929100,ST. CLAIR R-XIII,2568,FRANKLIN CO. SPECL. ED. COOP.,292910002568,No,No,-9,-9,-9,-9,-9,-9,-9,-9,-9,-9,-9,-9,-9,-9,-9,-9,-9,-9,-9,-9,292910002568
MO,MISSOURI,2929130,ST. ELIZABETH R-IV,1866,ST. ELIZABETH ELEM.,292913001866,No,-9,-9,-9,-9,-9,-9,-9,-9,-9,-9,-9,-9,-9,-9,-9,-9,-9,-9,-9,-9,-9,292913001866
MO,MISSOURI,2929130,ST. ELIZABETH R-IV,1867,ST. ELIZABETH HIGH,292913001867,No,Yes,0,0,0,0,0,0,0,0,0,0,2,12,0,0,2,12,0,0,0,0,292913001867
MO,MISSOURI,2929170,CENTRAL R-III,1868,CENTRAL ELEM.,292917001868,No,-9,-9,-9,-9,-9,-9,-9,-9,-9,-9,-9,-9,-9,-9,-9,-9,-9,-9,-9,-9,-9,292917001868
MO,MISSOURI,2929170,CENTRAL R-III,1869,CENTRAL HIGH,292917001869,No,Yes,0,1,0,0,0,2,0,0,1,1,30,63,0,1,31,68,0,0,0,0,292917001869
MO,MISSOURI,2929170,CENTRAL R-III,1871,WEST ELEM.,292917001871,No,-9,-9,-9,-9,-9,-9,-9,-9,-9,-9,-9,-9,-9,-9,-9,-9,-9,-9,-9,-9,-9,292917001871
MO,MISSOURI,2929170,CENTRAL R-III,2449,CENTRAL MIDDLE,292917002449,No,-9,-9,-9,-9,-9,-9,-9,-9,-9,-9,-9,-9,-9,-9,-9,-9,-9,-9,-9,-9,-9,292917002449
MO,MISSOURI,2929250,ST. JAMES R-I,1872,ST. JAMES HIGH,292925001872,No,Yes,0,1,1,0,1,1,0,0,2,1,29,44,0,0,33,47,1,2,0,0,292925001872
MO,MISSOURI,2929250,ST. JAMES R-I,1873,LUCY WORTHAM JAMES ELEM.,292925001873,No,-9,-9,-9,-9,-9,-9,-9,-9,-9,-9,-9,-9,-9,-9,-9,-9,-9,-9,-9,-9,-9,292925001873
MO,MISSOURI,2929250,ST. JAMES R-I,2840,ST. JAMES MIDDLE,292925002840,No,-9,-9,-9,-9,-9,-9,-9,-9,-9,-9,-9,-9,-9,-9,-9,-9,-9,-9,-9,-9,-9,292925002840
MO,MISSOURI,2929280,ST. LOUIS CITY,434,GATEWAY HIGH,292928000434,No,Yes,1,0,0,0,2,2,0,0,2,12,0,3,0,0,5,17,3,6,1,0,292928000434
MO,MISSOURI,2929280,ST. LOUIS CITY,444,HICKEY ELEM.,292928000444,No,-9,-9,-9,-9,-9,-9,-9,-9,-9,-9,-9,-9,-9,-9,-9,-9,-9,-9,-9,-9,-9,292928000444
MO,MISSOURI,2929280,ST. LOUIS CITY,790,SOLDAN INTERNATIONAL STUDIES,292928000790,No,No,-9,-9,-9,-9,-9,-9,-9,-9,-9,-9,-9,-9,-9,-9,-9,-9,-9,-9,-9,-9,292928000790
MO,MISSOURI,2929280,ST. LOUIS CITY,792,CARR LANE VPA MIDDLE,292928000792,No,-9,-9,-9,-9,-9,-9,-9,-9,-9,-9,-9,-9,-9,-9,-9,-9,-9,-9,-9,-9,-9,292928000792
MO,MISSOURI,2929280,ST. LOUIS CITY,798,MULLANPHY BOTANICAL GARDENS,292928000798,No,-9,-9,-9,-9,-9,-9,-9,-9,-9,-9,-9,-9,-9,-9,-9,-9,-9,-9,-9,-9,-9,292928000798
MO,MISSOURI,2929280,ST. LOUIS CITY,1585,GATEWAY MIDDLE,292928001585,No,-9,-9,-9,-9,-9,-9,-9,-9,-9,-9,-9,-9,-9,-9,-9,-9,-9,-9,-9,-9,-9,292928001585
MO,MISSOURI,2929280,ST. LOUIS CITY,1587,GATEWAY ELEM.,292928001587,No,-9,-9,-9,-9,-9,-9,-9,-9,-9,-9,-9,-9,-9,-9,-9,-9,-9,-9,-9,-9,-9,292928001587
MO,MISSOURI,2929280,ST. LOUIS CITY,1590,STIX EARLY CHILDHOOD CTR.,292928001590,No,-9,-9,-9,-9,-9,-9,-9,-9,-9,-9,-9,-9,-9,-9,-9,-9,-9,-9,-9,-9,-9,292928001590
MO,MISSOURI,2929280,ST. LOUIS CITY,1877,ASHLAND ELEM. AND BR.,292928001877,No,-9,-9,-9,-9,-9,-9,-9,-9,-9,-9,-9,-9,-9,-9,-9,-9,-9,-9,-9,-9,-9,292928001877
MO,MISSOURI,2929280,ST. LOUIS CITY,1882,BEAUMONT CTE HIGH SCHOOL,292928001882,No,Yes,0,0,0,0,0,0,0,0,4,4,0,0,0,0,4,4,0,0,2,0,292928001882
MO,MISSOURI,2929280,ST. LOUIS CITY,1888,BRYAN HILL ELEM.,292928001888,No,-9,-9,-9,-9,-9,-9,-9,-9,-9,-9,-9,-9,-9,-9,-9,-9,-9,-9,-9,-9,-9,292928001888
MO,MISSOURI,2929280,ST. LOUIS CITY,1889,BUDER ELEM.,292928001889,No,-9,-9,-9,-9,-9,-9,-9,-9,-9,-9,-9,-9,-9,-9,-9,-9,-9,-9,-9,-9,-9,292928001889
MO,MISSOURI,2929280,ST. LOUIS CITY,1906,COLE ELEM.,292928001906,No,-9,-9,-9,-9,-9,-9,-9,-9,-9,-9,-9,-9,-9,-9,-9,-9,-9,-9,-9,-9,-9,292928001906
MO,MISSOURI,2929280,ST. LOUIS CITY,1917,ELIAS MICHAEL ELEM.,292928001917,No,-9,-9,-9,-9,-9,-9,-9,-9,-9,-9,-9,-9,-9,-9,-9,-9,-9,-9,-9,-9,-9,292928001917
MO,MISSOURI,2929280,ST. LOUIS CITY,1926,COMMUNITY ACCESS JOB TRAINING,292928001926,No,No,-9,-9,-9,-9,-9,-9,-9,-9,-9,-9,-9,-9,-9,-9,-9,-9,-9,-9,-9,-9,292928001926
MO,MISSOURI,2929280,ST. LOUIS CITY,1927,COMPTON-DREW ILC MIDDLE,292928001927,No,-9,-9,-9,-9,-9,-9,-9,-9,-9,-9,-9,-9,-9,-9,-9,-9,-9,-9,-9,-9,-9,292928001927
MO,MISSOURI,2929280,ST. LOUIS CITY,1928,FROEBEL ELEM.,292928001928,No,-9,-9,-9,-9,-9,-9,-9,-9,-9,-9,-9,-9,-9,-9,-9,-9,-9,-9,-9,-9,-9,292928001928
MO,MISSOURI,2929280,ST. LOUIS CITY,1930,MASON ELEM.,292928001930,No,-9,-9,-9,-9,-9,-9,-9,-9,-9,-9,-9,-9,-9,-9,-9,-9,-9,-9,-9,-9,-9,292928001930
MO,MISSOURI,2929280,ST. LOUIS CITY,1937,HAMILTON ELEM. COMMUNITY ED.,292928001937,No,-9,-9,-9,-9,-9,-9,-9,-9,-9,-9,-9,-9,-9,-9,-9,-9,-9,-9,-9,-9,-9,292928001937
MO,MISSOURI,2929280,ST. LOUIS CITY,1942,HENRY ELEM.,292928001942,No,-9,-9,-9,-9,-9,-9,-9,-9,-9,-9,-9,-9,-9,-9,-9,-9,-9,-9,-9,-9,-9,292928001942
MO,MISSOURI,2929280,ST. LOUIS CITY,1943,HERZOG ELEM.,292928001943,No,-9,-9,-9,-9,-9,-9,-9,-9,-9,-9,-9,-9,-9,-9,-9,-9,-9,-9,-9,-9,-9,292928001943
MO,MISSOURI,2929280,ST. LOUIS CITY,1950,JEFFERSON ELEM.,292928001950,No,-9,-9,-9,-9,-9,-9,-9,-9,-9,-9,-9,-9,-9,-9,-9,-9,-9,-9,-9,-9,-9,292928001950
MO,MISSOURI,2929280,ST. LOUIS CITY,1955,LACLEDE ELEM.,292928001955,No,-9,-9,-9,-9,-9,-9,-9,-9,-9,-9,-9,-9,-9,-9,-9,-9,-9,-9,-9,-9,-9,292928001955
MO,MISSOURI,2929280,ST. LOUIS CITY,1958,LEXINGTON ELEM.,292928001958,No,-9,-9,-9,-9,-9,-9,-9,-9,-9,-9,-9,-9,-9,-9,-9,-9,-9,-9,-9,-9,-9,292928001958
MO,MISSOURI,2929280,ST. LOUIS CITY,1960,LONG MIDDLE COMMUNITY ED. CTR.,292928001960,No,-9,-9,-9,-9,-9,-9,-9,-9,-9,-9,-9,-9,-9,-9,-9,-9,-9,-9,-9,-9,-9,292928001960
MO,MISSOURI,2929280,ST. LOUIS CITY,1967,MALLINCKRODT A.B.I. ELEM.,292928001967,No,-9,-9,-9,-9,-9,-9,-9,-9,-9,-9,-9,-9,-9,-9,-9,-9,-9,-9,-9,-9,-9,292928001967
MO,MISSOURI,2929280,ST. LOUIS CITY,1968,MANN ELEM.,292928001968,No,-9,-9,-9,-9,-9,-9,-9,-9,-9,-9,-9,-9,-9,-9,-9,-9,-9,-9,-9,-9,-9,292928001968
MO,MISSOURI,2929280,ST. LOUIS CITY,1975,MERAMEC ELEM.,292928001975,No,-9,-9,-9,-9,-9,-9,-9,-9,-9,-9,-9,-9,-9,-9,-9,-9,-9,-9,-9,-9,-9,292928001975
MO,MISSOURI,2929280,ST. LOUIS CITY,1976,METRO HIGH,292928001976,No,Yes,0,0,0,0,0,1,0,0,1,5,0,2,0,0,1,8,0,3,0,0,292928001976
MO,MISSOURI,2929280,ST. LOUIS CITY,1986,OAK HILL ELEM.,292928001986,No,-9,-9,-9,-9,-9,-9,-9,-9,-9,-9,-9,-9,-9,-9,-9,-9,-9,-9,-9,-9,-9,292928001986
MO,MISSOURI,2929280,ST. LOUIS CITY,1994,ROOSEVELT HIGH,292928001994,No,No,-9,-9,-9,-9,-9,-9,-9,-9,-9,-9,-9,-9,-9,-9,-9,-9,-9,-9,-9,-9,292928001994
MO,MISSOURI,2929280,ST. LOUIS CITY,1997,SHENANDOAH ELEM.,292928001997,No,-9,-9,-9,-9,-9,-9,-9,-9,-9,-9,-9,-9,-9,-9,-9,-9,-9,-9,-9,-9,-9,292928001997
MO,MISSOURI,2929280,ST. LOUIS CITY,2000,SIGEL ELEM. COMM. ED. CTR.,292928002000,No,-9,-9,-9,-9,-9,-9,-9,-9,-9,-9,-9,-9,-9,-9,-9,-9,-9,-9,-9,-9,-9,292928002000
MO,MISSOURI,2929280,ST. LOUIS CITY,2009,SUMNER HIGH,292928002009,No,No,-9,-9,-9,-9,-9,-9,-9,-9,-9,-9,-9,-9,-9,-9,-9,-9,-9,-9,-9,-9,292928002009
MO,MISSOURI,2929280,ST. LOUIS CITY,2011,VASHON HIGH,292928002011,No,Yes,0,0,0,0,0,0,0,0,0,1,0,0,0,0,0,1,0,0,0,0,292928002011
MO,MISSOURI,2929280,ST. LOUIS CITY,2013,CENTRAL VISUAL/PERF. ARTS HIGH,292928002013,No,Yes,0,0,0,0,0,0,0,0,0,1,0,0,0,0,0,1,0,0,0,0,292928002013
MO,MISSOURI,2929280,ST. LOUIS CITY,2015,WALBRIDGE ELEM. COMMUNITY ED.,292928002015,No,-9,-9,-9,-9,-9,-9,-9,-9,-9,-9,-9,-9,-9,-9,-9,-9,-9,-9,-9,-9,-9,292928002015
MO,MISSOURI,2929280,ST. LOUIS CITY,2026,WOODWARD ELEM.,292928002026,No,-9,-9,-9,-9,-9,-9,-9,-9,-9,-9,-9,-9,-9,-9,-9,-9,-9,-9,-9,-9,-9,292928002026
MO,MISSOURI,2929280,ST. LOUIS CITY,2170,HODGEN ELEM.,292928002170,No,-9,-9,-9,-9,-9,-9,-9,-9,-9,-9,-9,-9,-9,-9,-9,-9,-9,-9,-9,-9,-9,292928002170
MO,MISSOURI,2929280,ST. LOUIS CITY,2403,LYON AT BLOW ELEM.,292928002403,No,-9,-9,-9,-9,-9,-9,-9,-9,-9,-9,-9,-9,-9,-9,-9,-9,-9,-9,-9,-9,-9,292928002403
MO,MISSOURI,2929280,ST. LOUIS CITY,2404,SHAW VISUAL/PERF. ARTS CTR.,292928002404,No,-9,-9,-9,-9,-9,-9,-9,-9,-9,-9,-9,-9,-9,-9,-9,-9,-9,-9,-9,-9,-9,292928002404
MO,MISSOURI,2929280,ST. LOUIS CITY,2454,PEABODY ELEM.,292928002454,No,-9,-9,-9,-9,-9,-9,-9,-9,-9,-9,-9,-9,-9,-9,-9,-9,-9,-9,-9,-9,-9,292928002454
MO,MISSOURI,2929280,ST. LOUIS CITY,2569,BUSCH MS CHARACTER  ATHLETICS,292928002569,No,-9,-9,-9,-9,-9,-9,-9,-9,-9,-9,-9,-9,-9,-9,-9,-9,-9,-9,-9,-9,-9,292928002569
MO,MISSOURI,2929280,ST. LOUIS CITY,2570,AMES VISUAL/PERF. ARTS,292928002570,No,-9,-9,-9,-9,-9,-9,-9,-9,-9,-9,-9,-9,-9,-9,-9,-9,-9,-9,-9,-9,-9,292928002570
MO,MISSOURI,2929280,ST. LOUIS CITY,2572,WASHINGTON MONTESSORI,292928002572,No,-9,-9,-9,-9,-9,-9,-9,-9,-9,-9,-9,-9,-9,-9,-9,-9,-9,-9,-9,-9,-9,292928002572
MO,MISSOURI,2929280,ST. LOUIS CITY,2641,DEWEY SCH.-INTERNAT'L. STUDIES,292928002641,No,-9,-9,-9,-9,-9,-9,-9,-9,-9,-9,-9,-9,-9,-9,-9,-9,-9,-9,-9,-9,-9,292928002641
MO,MISSOURI,2929280,ST. LOUIS CITY,2645,BETTY WHEELER CLASSICAL JR. ACAD.,292928002645,No,-9,-9,-9,-9,-9,-9,-9,-9,-9,-9,-9,-9,-9,-9,-9,-9,-9,-9,-9,-9,-9,292928002645
MO,MISSOURI,2929280,ST. LOUIS CITY,2646,WILKINSON EARLY CHILDHOOD CTR.,292928002646,No,-9,-9,-9,-9,-9,-9,-9,-9,-9,-9,-9,-9,-9,-9,-9,-9,-9,-9,-9,-9,-9,292928002646
MO,MISSOURI,2929280,ST. LOUIS CITY,2693,COLUMBIA ELEM. COMM. ED. CTR.,292928002693,No,-9,-9,-9,-9,-9,-9,-9,-9,-9,-9,-9,-9,-9,-9,-9,-9,-9,-9,-9,-9,-9,292928002693
MO,MISSOURI,2929280,ST. LOUIS CITY,2767,MILLER CAREER ACADEMY,292928002767,No,Yes,0,1,0,0,0,1,0,0,13,33,2,2,0,0,15,37,0,1,0,0,292928002767
MO,MISSOURI,2929280,ST. LOUIS CITY,2789,ADAMS ELEM.,292928002789,No,-9,-9,-9,-9,-9,-9,-9,-9,-9,-9,-9,-9,-9,-9,-9,-9,-9,-9,-9,-9,-9,292928002789
MO,MISSOURI,2929280,ST. LOUIS CITY,2790,MONROE ELEM.,292928002790,No,-9,-9,-9,-9,-9,-9,-9,-9,-9,-9,-9,-9,-9,-9,-9,-9,-9,-9,-9,-9,-9,292928002790
MO,MISSOURI,2929280,ST. LOUIS CITY,2829,WOERNER ELEM.,292928002829,No,-9,-9,-9,-9,-9,-9,-9,-9,-9,-9,-9,-9,-9,-9,-9,-9,-9,-9,-9,-9,-9,292928002829
MO,MISSOURI,2929280,ST. LOUIS CITY,2853,EARL NANCE SR. ELEM.,292928002853,No,-9,-9,-9,-9,-9,-9,-9,-9,-9,-9,-9,-9,-9,-9,-9,-9,-9,-9,-9,-9,-9,292928002853
MO,MISSOURI,2929280,ST. LOUIS CITY,2873,CARNAHAN SCH. OF THE FUTURE,292928002873,No,Yes,0,0,0,0,0,0,0,0,4,4,0,1,0,0,4,5,0,1,2,0,292928002873
MO,MISSOURI,2929280,ST. LOUIS CITY,2878,YEATMAN-LIDDELL MIDDLE SCHOOL,292928002878,No,-9,-9,-9,-9,-9,-9,-9,-9,-9,-9,-9,-9,-9,-9,-9,-9,-9,-9,-9,-9,-9,292928002878
MO,MISSOURI,2929280,ST. LOUIS CITY,2990,MCKINLEY CLASS. LEADERSHIP AC.,292928002990,No,Yes,0,1,0,0,0,0,0,0,2,7,1,0,0,1,3,9,2,0,0,0,292928002990
MO,MISSOURI,2929280,ST. LOUIS CITY,3193,HUMBOLDT ACAD OF HIGHER LRNING,292928003193,No,-9,-9,-9,-9,-9,-9,-9,-9,-9,-9,-9,-9,-9,-9,-9,-9,-9,-9,-9,-9,-9,292928003193
MO,MISSOURI,2929280,ST. LOUIS CITY,3211,GEORGE WASHINGTON CARVER ELEM,292928003211,No,-9,-9,-9,-9,-9,-9,-9,-9,-9,-9,-9,-9,-9,-9,-9,-9,-9,-9,-9,-9,-9,292928003211
MO,MISSOURI,2929280,ST. LOUIS CITY,3215,ACAD OF ENTRE STDY@LOUVERTURE,292928003215,No,-9,-9,-9,-9,-9,-9,-9,-9,-9,-9,-9,-9,-9,-9,-9,-9,-9,-9,-9,-9,-9,292928003215
MO,MISSOURI,2929280,ST. LOUIS CITY,3231,COLLEGIATE SCHOOL OF MED/BIO,292928003231,No,Yes,0,1,0,0,2,6,0,0,5,10,8,13,0,1,15,31,1,2,0,0,292928003231
MO,MISSOURI,2929280,ST. LOUIS CITY,3252,GRISCOM JUVENILE DETENTION CTR,292928003252,Yes,No,-9,-9,-9,-9,-9,-9,-9,-9,-9,-9,-9,-9,-9,-9,-9,-9,-9,-9,-9,-9,292928003252
MO,MISSOURI,2929280,ST. LOUIS CITY,3276,NAHED CHAPMAN NEW AMERICAN ACA,292928003276,No,-9,-9,-9,-9,-9,-9,-9,-9,-9,-9,-9,-9,-9,-9,-9,-9,-9,-9,-9,-9,-9,292928003276
MO,MISSOURI,2929280,ST. LOUIS CITY,3280,EDUC THERAP SUPPORT AT MADISON,292928003280,No,-9,-9,-9,-9,-9,-9,-9,-9,-9,-9,-9,-9,-9,-9,-9,-9,-9,-9,-9,-9,-9,292928003280
MO,MISSOURI,2929340,STANBERRY R-II,2029,STANBERRY ELEM.,292934002029,No,-9,-9,-9,-9,-9,-9,-9,-9,-9,-9,-9,-9,-9,-9,-9,-9,-9,-9,-9,-9,-9,292934002029
MO,MISSOURI,2929340,STANBERRY R-II,2030,STANBERRY HIGH,292934002030,No,Yes,0,0,0,0,0,0,0,0,2,0,0,7,0,0,2,7,0,0,0,0,292934002030
MO,MISSOURI,2929370,STE. GENEVIEVE CO. R-II,2031,BLOOMSDALE ELEMENTARY,292937002031,No,-9,-9,-9,-9,-9,-9,-9,-9,-9,-9,-9,-9,-9,-9,-9,-9,-9,-9,-9,-9,-9,292937002031
MO,MISSOURI,2929370,STE. GENEVIEVE CO. R-II,2032,STE. GENEVIEVE MIDDLE SCHOOL,292937002032,No,-9,-9,-9,-9,-9,-9,-9,-9,-9,-9,-9,-9,-9,-9,-9,-9,-9,-9,-9,-9,-9,292937002032
MO,MISSOURI,2929370,STE. GENEVIEVE CO. R-II,2033,STE. GENEVIEVE SR. HIGH SCHOOL,292937002033,No,No,-9,-9,-9,-9,-9,-9,-9,-9,-9,-9,-9,-9,-9,-9,-9,-9,-9,-9,-9,-9,292937002033
MO,MISSOURI,2929370,STE. GENEVIEVE CO. R-II,2034,STE. GENEVIEVE ELEMENTARY,292937002034,No,-9,-9,-9,-9,-9,-9,-9,-9,-9,-9,-9,-9,-9,-9,-9,-9,-9,-9,-9,-9,-9,292937002034
MO,MISSOURI,2929430,STEELVILLE R-III,2036,STEELVILLE ELEM.,292943002036,No,-9,-9,-9,-9,-9,-9,-9,-9,-9,-9,-9,-9,-9,-9,-9,-9,-9,-9,-9,-9,-9,292943002036
MO,MISSOURI,2929430,STEELVILLE R-III,2037,STEELVILLE HIGH,292943002037,No,Yes,0,0,1,0,0,0,0,0,0,1,9,21,0,0,10,22,0,0,1,1,292943002037
MO,MISSOURI,2929430,STEELVILLE R-III,2482,STEELVILLE MIDDLE,292943002482,No,-9,-9,-9,-9,-9,-9,-9,-9,-9,-9,-9,-9,-9,-9,-9,-9,-9,-9,-9,-9,-9,292943002482
MO,MISSOURI,2929490,STEWARTSVILLE C-2,2041,STEWARTSVILLE ELEM.,292949002041,No,-9,-9,-9,-9,-9,-9,-9,-9,-9,-9,-9,-9,-9,-9,-9,-9,-9,-9,-9,-9,-9,292949002041
MO,MISSOURI,2929490,STEWARTSVILLE C-2,2042,STEWARTSVILLE HIGH,292949002042,No,Yes,0,0,0,0,0,0,0,0,0,0,4,4,0,0,4,4,0,0,0,0,292949002042
MO,MISSOURI,2929520,STOCKTON R-I,89,STOCKTON MIDDLE,292952000089,No,-9,-9,-9,-9,-9,-9,-9,-9,-9,-9,-9,-9,-9,-9,-9,-9,-9,-9,-9,-9,-9,292952000089
MO,MISSOURI,2929520,STOCKTON R-I,2043,STOCKTON ELEM.,292952002043,No,-9,-9,-9,-9,-9,-9,-9,-9,-9,-9,-9,-9,-9,-9,-9,-9,-9,-9,-9,-9,-9,292952002043
MO,MISSOURI,2929520,STOCKTON R-I,2044,STOCKTON HIGH,292952002044,No,Yes,1,0,0,0,0,0,0,0,0,0,14,15,0,0,15,15,0,0,0,0,292952002044
MO,MISSOURI,2929520,STOCKTON R-I,3323,LITTLE TIGER PRESCHOOL,292952003323,No,-9,-9,-9,-9,-9,-9,-9,-9,-9,-9,-9,-9,-9,-9,-9,-9,-9,-9,-9,-9,-9,292952003323
MO,MISSOURI,2929520,STOCKTON R-I,3351,EXCEPTIONAL PUPIL COOP. - ECSE,292952003351,No,-9,-9,-9,-9,-9,-9,-9,-9,-9,-9,-9,-9,-9,-9,-9,-9,-9,-9,-9,-9,-9,292952003351
MO,MISSOURI,2929580,STOUTLAND R-II,2045,Stoutland Elementary,292958002045,No,-9,-9,-9,-9,-9,-9,-9,-9,-9,-9,-9,-9,-9,-9,-9,-9,-9,-9,-9,-9,-9,292958002045
MO,MISSOURI,2929580,STOUTLAND R-II,2046,Stoutland High School,292958002046,No,Yes,0,0,0,0,0,0,0,0,0,0,1,11,0,0,1,11,0,0,0,0,292958002046
MO,MISSOURI,2929610,MORGAN CO. R-I,2047,MORGAN CO. R-I ELEM.,292961002047,No,-9,-9,-9,-9,-9,-9,-9,-9,-9,-9,-9,-9,-9,-9,-9,-9,-9,-9,-9,-9,-9,292961002047
MO,MISSOURI,2929610,MORGAN CO. R-I,2048,MORGAN CO. R-I HIGH,292961002048,No,Yes,0,0,0,0,0,0,0,0,0,1,5,17,0,0,5,18,0,0,0,0,292961002048
MO,MISSOURI,2929640,STRAFFORD R-VI,1479,STRAFFORD MIDDLE,292964001479,No,-9,-9,-9,-9,-9,-9,-9,-9,-9,-9,-9,-9,-9,-9,-9,-9,-9,-9,-9,-9,-9,292964001479
MO,MISSOURI,2929640,STRAFFORD R-VI,2049,STRAFFORD ELEM.,292964002049,No,-9,-9,-9,-9,-9,-9,-9,-9,-9,-9,-9,-9,-9,-9,-9,-9,-9,-9,-9,-9,-9,292964002049
MO,MISSOURI,2929640,STRAFFORD R-VI,2050,STRAFFORD HIGH,292964002050,No,Yes,0,0,0,0,0,0,0,0,1,1,51,41,0,0,52,42,0,0,3,0,292964002050
MO,MISSOURI,2929640,STRAFFORD R-VI,3330,COGDILL EARLY CHILDHOOD CENTER,292964003330,No,-9,-9,-9,-9,-9,-9,-9,-9,-9,-9,-9,-9,-9,-9,-9,-9,-9,-9,-9,-9,-9,292964003330
MO,MISSOURI,2929670,STRASBURG C-3,2051,STRASBURG ELEM.,292967002051,No,-9,-9,-9,-9,-9,-9,-9,-9,-9,-9,-9,-9,-9,-9,-9,-9,-9,-9,-9,-9,-9,292967002051
MO,MISSOURI,2929700,STURGEON R-V,1392,STURGEON MIDDLE,292970001392,No,-9,-9,-9,-9,-9,-9,-9,-9,-9,-9,-9,-9,-9,-9,-9,-9,-9,-9,-9,-9,-9,292970001392
MO,MISSOURI,2929700,STURGEON R-V,2052,STURGEON ELEM.,292970002052,No,-9,-9,-9,-9,-9,-9,-9,-9,-9,-9,-9,-9,-9,-9,-9,-9,-9,-9,-9,-9,-9,292970002052
MO,MISSOURI,2929700,STURGEON R-V,2053,STURGEON HIGH,292970002053,No,Yes,0,0,0,0,0,0,1,0,1,0,20,19,1,2,23,21,0,0,2,0,292970002053
MO,MISSOURI,2929730,SUCCESS R-VI,2054,SUCCESS ELEM.,292973002054,No,-9,-9,-9,-9,-9,-9,-9,-9,-9,-9,-9,-9,-9,-9,-9,-9,-9,-9,-9,-9,-9,292973002054
MO,MISSOURI,2929760,SULLIVAN,2055,SULLIVAN ELEM.,292976002055,No,-9,-9,-9,-9,-9,-9,-9,-9,-9,-9,-9,-9,-9,-9,-9,-9,-9,-9,-9,-9,-9,292976002055
MO,MISSOURI,2929760,SULLIVAN,2056,SULLIVAN MIDDLE,292976002056,No,-9,-9,-9,-9,-9,-9,-9,-9,-9,-9,-9,-9,-9,-9,-9,-9,-9,-9,-9,-9,-9,292976002056
MO,MISSOURI,2929760,SULLIVAN,2057,SULLIVAN SR. HIGH,292976002057,No,Yes,0,0,1,0,0,1,0,0,1,1,67,87,0,0,69,89,0,0,2,1,292976002057
MO,MISSOURI,2929760,SULLIVAN,2805,SULLIVAN PRIMARY,292976002805,No,-9,-9,-9,-9,-9,-9,-9,-9,-9,-9,-9,-9,-9,-9,-9,-9,-9,-9,-9,-9,-9,292976002805
MO,MISSOURI,2929810,SUMMERSVILLE R-II,2058,SUMMERSVILLE ELEM.,292981002058,No,-9,-9,-9,-9,-9,-9,-9,-9,-9,-9,-9,-9,-9,-9,-9,-9,-9,-9,-9,-9,-9,292981002058
MO,MISSOURI,2929810,SUMMERSVILLE R-II,2059,SUMMERSVILLE HIGH,292981002059,No,No,-9,-9,-9,-9,-9,-9,-9,-9,-9,-9,-9,-9,-9,-9,-9,-9,-9,-9,-9,-9,292981002059
MO,MISSOURI,2929820,SUNRISE R-IX,2060,SUNRISE ELEM.,292982002060,No,-9,-9,-9,-9,-9,-9,-9,-9,-9,-9,-9,-9,-9,-9,-9,-9,-9,-9,-9,-9,-9,292982002060
MO,MISSOURI,2929850,SWEDEBORG R-III,2061,SWEDEBORG ELEM.,292985002061,No,-9,-9,-9,-9,-9,-9,-9,-9,-9,-9,-9,-9,-9,-9,-9,-9,-9,-9,-9,-9,-9,292985002061
MO,MISSOURI,2929880,SWEET SPRINGS R-VII,2062,SWEET SPRINGS ELEM.,292988002062,No,-9,-9,-9,-9,-9,-9,-9,-9,-9,-9,-9,-9,-9,-9,-9,-9,-9,-9,-9,-9,-9,292988002062
MO,MISSOURI,2929880,SWEET SPRINGS R-VII,2064,SWEET SPRINGS HIGH,292988002064,No,Yes,0,0,0,0,0,0,0,0,0,0,17,24,0,0,17,24,0,0,0,0,292988002064
MO,MISSOURI,2929910,TANEYVILLE R-II,2065,TANEYVILLE ELEM.,292991002065,No,-9,-9,-9,-9,-9,-9,-9,-9,-9,-9,-9,-9,-9,-9,-9,-9,-9,-9,-9,-9,-9,292991002065
MO,MISSOURI,2929940,TARKIO R-I,2066,TARKIO ELEM.,292994002066,No,-9,-9,-9,-9,-9,-9,-9,-9,-9,-9,-9,-9,-9,-9,-9,-9,-9,-9,-9,-9,-9,292994002066
MO,MISSOURI,2929940,TARKIO R-I,2067,TARKIO HIGH,292994002067,No,Yes,0,0,0,0,0,0,0,0,0,0,10,10,0,0,10,10,0,0,0,0,292994002067
MO,MISSOURI,2930270,THAYER R-II,2068,THAYER ELEM.,293027002068,No,Yes,0,0,0,0,0,0,0,0,0,0,2,2,0,0,2,2,0,0,0,0,293027002068
MO,MISSOURI,2930270,THAYER R-II,2069,THAYER SR. HIGH,293027002069,No,Yes,0,0,0,0,0,0,0,0,0,0,2,2,0,0,2,2,0,0,0,0,293027002069
MO,MISSOURI,2930300,TINA-AVALON R-II,2070,TINA-AVALON ELEM.,293030002070,No,-9,-9,-9,-9,-9,-9,-9,-9,-9,-9,-9,-9,-9,-9,-9,-9,-9,-9,-9,-9,-9,293030002070
MO,MISSOURI,2930300,TINA-AVALON R-II,2071,TINA-AVALON HIGH,293030002071,No,Yes,0,0,0,0,0,0,0,0,0,0,2,9,0,0,2,9,0,0,0,0,293030002071
MO,MISSOURI,2930330,TIPTON R-VI,2073,TIPTON HIGH,293033002073,No,Yes,0,0,0,0,0,0,0,0,1,0,13,29,0,0,14,29,0,0,0,0,293033002073
MO,MISSOURI,2930330,TIPTON R-VI,2075,TIPTON ELEM.,293033002075,No,-9,-9,-9,-9,-9,-9,-9,-9,-9,-9,-9,-9,-9,-9,-9,-9,-9,-9,-9,-9,-9,293033002075
MO,MISSOURI,2930330,TIPTON R-VI,3383,Tipton Middle School,293033003383,No,-9,-9,-9,-9,-9,-9,-9,-9,-9,-9,-9,-9,-9,-9,-9,-9,-9,-9,-9,-9,-9,293033003383
MO,MISSOURI,2930360,TRENTON R-IX,2079,RISSLER ELEM.,293036002079,No,-9,-9,-9,-9,-9,-9,-9,-9,-9,-9,-9,-9,-9,-9,-9,-9,-9,-9,-9,-9,-9,293036002079
MO,MISSOURI,2930360,TRENTON R-IX,2080,TRENTON SR. HIGH,293036002080,No,Yes,0,0,0,0,1,1,0,0,0,0,14,25,0,0,15,26,0,0,0,0,293036002080
MO,MISSOURI,2930360,TRENTON R-IX,2573,TRENTON MIDDLE,293036002573,No,-9,-9,-9,-9,-9,-9,-9,-9,-9,-9,-9,-9,-9,-9,-9,-9,-9,-9,-9,-9,-9,293036002573
MO,MISSOURI,2930390,TRI-COUNTY R-VII,2081,TRI-COUNTY ELEM.,293039002081,No,-9,-9,-9,-9,-9,-9,-9,-9,-9,-9,-9,-9,-9,-9,-9,-9,-9,-9,-9,-9,-9,293039002081
MO,MISSOURI,2930390,TRI-COUNTY R-VII,2082,TRI-COUNTY HIGH,293039002082,No,Yes,0,0,0,0,0,0,0,0,0,0,3,6,0,0,3,6,0,0,0,0,293039002082
MO,MISSOURI,2930420,EAST NEWTON CO. R-VI,2083,GRANBY,293042002083,No,-9,-9,-9,-9,-9,-9,-9,-9,-9,-9,-9,-9,-9,-9,-9,-9,-9,-9,-9,-9,-9,293042002083
MO,MISSOURI,2930420,EAST NEWTON CO. R-VI,2084,EAST NEWTON HIGH,293042002084,No,Yes,0,0,0,0,1,0,0,0,0,0,3,10,0,0,4,10,1,0,0,0,293042002084
MO,MISSOURI,2930420,EAST NEWTON CO. R-VI,2085,TRIWAY,293042002085,No,-9,-9,-9,-9,-9,-9,-9,-9,-9,-9,-9,-9,-9,-9,-9,-9,-9,-9,-9,-9,-9,293042002085
MO,MISSOURI,2930450,TROY R-III,2087,HAWK POINT ELEM.,293045002087,No,-9,-9,-9,-9,-9,-9,-9,-9,-9,-9,-9,-9,-9,-9,-9,-9,-9,-9,-9,-9,-9,293045002087
MO,MISSOURI,2930450,TROY R-III,2088,TROY MIDDLE,293045002088,No,-9,-9,-9,-9,-9,-9,-9,-9,-9,-9,-9,-9,-9,-9,-9,-9,-9,-9,-9,-9,-9,293045002088
MO,MISSOURI,2930450,TROY R-III,2089,WM. R. CAPPEL ELEM.,293045002089,No,-9,-9,-9,-9,-9,-9,-9,-9,-9,-9,-9,-9,-9,-9,-9,-9,-9,-9,-9,-9,-9,293045002089
MO,MISSOURI,2930450,TROY R-III,2090,TROY BUCHANAN HIGH,293045002090,No,Yes,3,4,0,1,1,3,0,0,0,1,68,99,0,4,72,112,2,1,6,0,293045002090
MO,MISSOURI,2930450,TROY R-III,2574,MAIN STREET ELEM.,293045002574,No,-9,-9,-9,-9,-9,-9,-9,-9,-9,-9,-9,-9,-9,-9,-9,-9,-9,-9,-9,-9,-9,293045002574
MO,MISSOURI,2930450,TROY R-III,2855,BOONE ELEM.,293045002855,No,-9,-9,-9,-9,-9,-9,-9,-9,-9,-9,-9,-9,-9,-9,-9,-9,-9,-9,-9,-9,-9,293045002855
MO,MISSOURI,2930450,TROY R-III,2856,LINCOLN ELEM.,293045002856,No,-9,-9,-9,-9,-9,-9,-9,-9,-9,-9,-9,-9,-9,-9,-9,-9,-9,-9,-9,-9,-9,293045002856
MO,MISSOURI,2930450,TROY R-III,3136,CUIVRE PARK ELEMENTARY,293045003136,No,-9,-9,-9,-9,-9,-9,-9,-9,-9,-9,-9,-9,-9,-9,-9,-9,-9,-9,-9,-9,-9,293045003136
MO,MISSOURI,2930450,TROY R-III,3229,CLAUDE BROWN ELEMENTARY,293045003229,No,-9,-9,-9,-9,-9,-9,-9,-9,-9,-9,-9,-9,-9,-9,-9,-9,-9,-9,-9,-9,-9,293045003229
MO,MISSOURI,2930450,TROY R-III,3293,TROY SOUTH MIDDLE SCHOOL,293045003293,No,-9,-9,-9,-9,-9,-9,-9,-9,-9,-9,-9,-9,-9,-9,-9,-9,-9,-9,-9,-9,-9,293045003293
MO,MISSOURI,2930450,TROY R-III,3347,LINCOLN CO EARLY CHILDHOOD CTR,293045003347,No,-9,-9,-9,-9,-9,-9,-9,-9,-9,-9,-9,-9,-9,-9,-9,-9,-9,-9,-9,-9,-9,293045003347
MO,MISSOURI,2930510,MILLER CO. R-III,2091,MILLER CO. ELEM.,293051002091,No,-9,-9,-9,-9,-9,-9,-9,-9,-9,-9,-9,-9,-9,-9,-9,-9,-9,-9,-9,-9,-9,293051002091
MO,MISSOURI,2930510,MILLER CO. R-III,2092,TUSCUMBIA HIGH,293051002092,No,Yes,0,0,0,0,0,0,0,0,0,0,2,3,0,0,2,3,0,0,0,0,293051002092
MO,MISSOURI,2930520,TWIN RIVERS R-X,2093,FISK ELEMENTARY,293052002093,No,-9,-9,-9,-9,-9,-9,-9,-9,-9,-9,-9,-9,-9,-9,-9,-9,-9,-9,-9,-9,-9,293052002093
MO,MISSOURI,2930520,TWIN RIVERS R-X,2094,QULIN ELEMENTARY,293052002094,No,-9,-9,-9,-9,-9,-9,-9,-9,-9,-9,-9,-9,-9,-9,-9,-9,-9,-9,-9,-9,-9,293052002094
MO,MISSOURI,2930520,TWIN RIVERS R-X,2095,TWIN RIVERS HIGH,293052002095,No,Yes,0,1,0,0,0,0,0,0,0,0,3,19,0,0,3,20,0,0,0,0,293052002095
MO,MISSOURI,2930520,TWIN RIVERS R-X,3337,QULIN MIDDLE,293052003337,No,-9,-9,-9,-9,-9,-9,-9,-9,-9,-9,-9,-9,-9,-9,-9,-9,-9,-9,-9,-9,-9,293052003337
MO,MISSOURI,2930570,UNION R-XI,2097,BEAUFORT ELEM.,293057002097,No,-9,-9,-9,-9,-9,-9,-9,-9,-9,-9,-9,-9,-9,-9,-9,-9,-9,-9,-9,-9,-9,293057002097
MO,MISSOURI,2930570,UNION R-XI,2098,CENTRAL ELEM.,293057002098,No,-9,-9,-9,-9,-9,-9,-9,-9,-9,-9,-9,-9,-9,-9,-9,-9,-9,-9,-9,-9,-9,293057002098
MO,MISSOURI,2930570,UNION R-XI,2101,UNION HIGH,293057002101,No,Yes,0,2,0,0,0,1,0,0,0,3,35,45,1,2,36,53,0,0,1,0,293057002101
MO,MISSOURI,2930570,UNION R-XI,2575,UNION MIDDLE,293057002575,No,-9,-9,-9,-9,-9,-9,-9,-9,-9,-9,-9,-9,-9,-9,-9,-9,-9,-9,-9,-9,-9,293057002575
MO,MISSOURI,2930570,UNION R-XI,3377,Prairie Dell Elementary,293057003377,No,-9,-9,-9,-9,-9,-9,-9,-9,-9,-9,-9,-9,-9,-9,-9,-9,-9,-9,-9,-9,-9,293057003377
MO,MISSOURI,2930600,UNION STAR R-II,2102,UNION STAR ELEM.,293060002102,No,-9,-9,-9,-9,-9,-9,-9,-9,-9,-9,-9,-9,-9,-9,-9,-9,-9,-9,-9,-9,-9,293060002102
MO,MISSOURI,2930600,UNION STAR R-II,2103,UNION STAR HIGH,293060002103,No,Yes,0,0,0,0,0,0,0,0,0,0,5,4,0,0,5,4,0,0,0,0,293060002103
MO,MISSOURI,2930600,UNION STAR R-II,3376,UNION STAR PRESCHOOL,293060003376,No,-9,-9,-9,-9,-9,-9,-9,-9,-9,-9,-9,-9,-9,-9,-9,-9,-9,-9,-9,-9,-9,293060003376
MO,MISSOURI,2930660,UNIVERSITY CITY,1898,JULIA GOLDSTEIN EARLY CHILD.,293066001898,No,-9,-9,-9,-9,-9,-9,-9,-9,-9,-9,-9,-9,-9,-9,-9,-9,-9,-9,-9,-9,-9,293066001898
MO,MISSOURI,2930660,UNIVERSITY CITY,2105,BARBARA JORDAN ELEM.,293066002105,No,-9,-9,-9,-9,-9,-9,-9,-9,-9,-9,-9,-9,-9,-9,-9,-9,-9,-9,-9,-9,-9,293066002105
MO,MISSOURI,2930660,UNIVERSITY CITY,2107,FLYNN PARK ELEM.,293066002107,No,-9,-9,-9,-9,-9,-9,-9,-9,-9,-9,-9,-9,-9,-9,-9,-9,-9,-9,-9,-9,-9,293066002107
MO,MISSOURI,2930660,UNIVERSITY CITY,2109,JACKSON PARK ELEM.,293066002109,No,-9,-9,-9,-9,-9,-9,-9,-9,-9,-9,-9,-9,-9,-9,-9,-9,-9,-9,-9,-9,-9,293066002109
MO,MISSOURI,2930660,UNIVERSITY CITY,2112,PERSHING ELEM.,293066002112,No,-9,-9,-9,-9,-9,-9,-9,-9,-9,-9,-9,-9,-9,-9,-9,-9,-9,-9,-9,-9,-9,293066002112
MO,MISSOURI,2930660,UNIVERSITY CITY,2113,UNIVERSITY CITY SR. HIGH,293066002113,No,Yes,0,0,0,0,0,0,0,0,20,22,11,9,1,5,32,36,0,0,2,0,293066002113
MO,MISSOURI,2930660,UNIVERSITY CITY,2511,BRITTANY WOODS,293066002511,No,-9,-9,-9,-9,-9,-9,-9,-9,-9,-9,-9,-9,-9,-9,-9,-9,-9,-9,-9,-9,-9,293066002511
MO,MISSOURI,2930660,UNIVERSITY CITY,99999,LIEBERMAN LEARNING CENTER,293066099999,No,No,-9,-9,-9,-9,-9,-9,-9,-9,-9,-9,-9,-9,-9,-9,-9,-9,-9,-9,-9,-9,293066099999
MO,MISSOURI,2930690,VALLEY PARK,1557,VALLEY PARK MIDDLE,293069001557,No,-9,-9,-9,-9,-9,-9,-9,-9,-9,-9,-9,-9,-9,-9,-9,-9,-9,-9,-9,-9,-9,293069001557
MO,MISSOURI,2930690,VALLEY PARK,2115,VALLEY PARK ELEM.,293069002115,No,-9,-9,-9,-9,-9,-9,-9,-9,-9,-9,-9,-9,-9,-9,-9,-9,-9,-9,-9,-9,-9,293069002115
MO,MISSOURI,2930690,VALLEY PARK,2116,VALLEY PARK SR. HIGH,293069002116,No,Yes,0,1,0,0,2,2,0,0,6,8,28,33,1,1,37,45,0,0,4,0,293069002116
MO,MISSOURI,2930720,VALLEY R-VI,2118,CALEDONIA ELEM.,293072002118,No,-9,-9,-9,-9,-9,-9,-9,-9,-9,-9,-9,-9,-9,-9,-9,-9,-9,-9,-9,-9,-9,293072002118
MO,MISSOURI,2930720,VALLEY R-VI,2119,VALLEY HIGH,293072002119,No,Yes,0,0,0,0,0,0,0,0,0,0,21,15,0,0,21,15,0,0,5,4,293072002119
MO,MISSOURI,2930750,VAN BUREN R-I,2121,VAN BUREN HIGH,293075002121,No,Yes,0,0,0,0,0,0,0,0,0,0,5,11,0,0,5,11,0,0,0,0,293075002121
MO,MISSOURI,2930750,VAN BUREN R-I,2122,VAN BUREN ELEM.,293075002122,No,-9,-9,-9,-9,-9,-9,-9,-9,-9,-9,-9,-9,-9,-9,-9,-9,-9,-9,-9,-9,-9,293075002122
MO,MISSOURI,2930780,VAN-FAR R-I,2124,VAN-FAR JR./SR. HIGH,293078002124,No,Yes,0,0,0,0,0,0,0,0,0,1,3,3,2,1,5,5,0,0,0,0,293078002124
MO,MISSOURI,2930780,VAN-FAR R-I,2125,VAN-FAR ELEM.,293078002125,No,-9,-9,-9,-9,-9,-9,-9,-9,-9,-9,-9,-9,-9,-9,-9,-9,-9,-9,-9,-9,-9,293078002125
MO,MISSOURI,2930810,VERONA R-VII,2127,VERONA ELEM.,293081002127,No,-9,-9,-9,-9,-9,-9,-9,-9,-9,-9,-9,-9,-9,-9,-9,-9,-9,-9,-9,-9,-9,293081002127
MO,MISSOURI,2930810,VERONA R-VII,2128,VERONA HIGH,293081002128,No,Yes,2,6,0,0,0,1,0,0,0,0,4,4,0,0,6,11,1,4,0,0,293081002128
MO,MISSOURI,2930840,MORGAN CO. R-II,2129,MORGAN COUNTY R-II ELEMEMENTARY,293084002129,No,-9,-9,-9,-9,-9,-9,-9,-9,-9,-9,-9,-9,-9,-9,-9,-9,-9,-9,-9,-9,-9,293084002129
MO,MISSOURI,2930840,MORGAN CO. R-II,2131,MORGAN COUNTY R-II HIGH SCHOOL,293084002131,No,Yes,0,1,0,0,1,0,0,0,0,0,22,27,0,1,23,29,0,0,0,1,293084002131
MO,MISSOURI,2930840,MORGAN CO. R-II,2132,MORGAN COUNTY R-II SOUTH ELEMENTARY,293084002132,No,-9,-9,-9,-9,-9,-9,-9,-9,-9,-9,-9,-9,-9,-9,-9,-9,-9,-9,-9,-9,-9,293084002132
MO,MISSOURI,2930840,MORGAN CO. R-II,2542,MORGAN COUNTY R-II MIDDLE SCHOOL,293084002542,No,-9,-9,-9,-9,-9,-9,-9,-9,-9,-9,-9,-9,-9,-9,-9,-9,-9,-9,-9,-9,-9,293084002542
MO,MISSOURI,2930870,MARIES CO. R-I,2133,VIENNA ELEM.,293087002133,No,-9,-9,-9,-9,-9,-9,-9,-9,-9,-9,-9,-9,-9,-9,-9,-9,-9,-9,-9,-9,-9,293087002133
MO,MISSOURI,2930870,MARIES CO. R-I,2134,VIENNA HIGH,293087002134,No,Yes,0,0,0,0,0,0,0,0,0,0,43,51,3,0,46,51,0,0,0,1,293087002134
MO,MISSOURI,2930870,MARIES CO. R-I,3324,VIENNA MIDDLE,293087003324,No,-9,-9,-9,-9,-9,-9,-9,-9,-9,-9,-9,-9,-9,-9,-9,-9,-9,-9,-9,-9,-9,293087003324
MO,MISSOURI,2930900,WEST NODAWAY CO. R-I,2135,WEST NODAWAY R-I ELEM.,293090002135,No,-9,-9,-9,-9,-9,-9,-9,-9,-9,-9,-9,-9,-9,-9,-9,-9,-9,-9,-9,-9,-9,293090002135
MO,MISSOURI,2930900,WEST NODAWAY CO. R-I,2136,WEST NODAWAY HIGH,293090002136,No,Yes,0,0,0,0,0,0,0,0,0,0,4,4,0,0,4,4,0,0,1,1,293090002136
MO,MISSOURI,2930990,WALNUT GROVE R-V,2140,WALNUT GROVE ELEM.,293099002140,No,-9,-9,-9,-9,-9,-9,-9,-9,-9,-9,-9,-9,-9,-9,-9,-9,-9,-9,-9,-9,-9,293099002140
MO,MISSOURI,2930990,WALNUT GROVE R-V,2141,WALNUT GROVE HIGH,293099002141,No,Yes,0,0,0,0,0,0,0,0,0,0,18,8,0,0,18,8,0,0,0,0,293099002141
MO,MISSOURI,2931020,WARRENSBURG R-VI,1511,GATEWAY EDUCATIONAL CTR.,293102001511,No,No,-9,-9,-9,-9,-9,-9,-9,-9,-9,-9,-9,-9,-9,-9,-9,-9,-9,-9,-9,-9,293102001511
MO,MISSOURI,2931020,WARRENSBURG R-VI,1729,STERLING ELEM.,293102001729,No,-9,-9,-9,-9,-9,-9,-9,-9,-9,-9,-9,-9,-9,-9,-9,-9,-9,-9,-9,-9,-9,293102001729
MO,MISSOURI,2931020,WARRENSBURG R-VI,2142,WARRENSBURG MIDDLE,293102002142,No,-9,-9,-9,-9,-9,-9,-9,-9,-9,-9,-9,-9,-9,-9,-9,-9,-9,-9,-9,-9,-9,293102002142
MO,MISSOURI,2931020,WARRENSBURG R-VI,2144,RIDGE VIEW ELEM.,293102002144,No,-9,-9,-9,-9,-9,-9,-9,-9,-9,-9,-9,-9,-9,-9,-9,-9,-9,-9,-9,-9,-9,293102002144
MO,MISSOURI,2931020,WARRENSBURG R-VI,2145,WARRENSBURG HIGH,293102002145,No,Yes,7,12,0,1,7,4,2,1,7,10,157,177,12,28,192,233,2,0,8,3,293102002145
MO,MISSOURI,2931020,WARRENSBURG R-VI,2513,MARTIN WARREN ELEM.,293102002513,No,-9,-9,-9,-9,-9,-9,-9,-9,-9,-9,-9,-9,-9,-9,-9,-9,-9,-9,-9,-9,-9,293102002513
MO,MISSOURI,2931020,WARRENSBURG R-VI,3185,MAPLE GROVE ELEMENTARY,293102003185,No,-9,-9,-9,-9,-9,-9,-9,-9,-9,-9,-9,-9,-9,-9,-9,-9,-9,-9,-9,-9,-9,293102003185
MO,MISSOURI,2931050,WARREN CO. R-III,2149,DANIEL BOONE ELEM.,293105002149,No,-9,-9,-9,-9,-9,-9,-9,-9,-9,-9,-9,-9,-9,-9,-9,-9,-9,-9,-9,-9,-9,293105002149
MO,MISSOURI,2931050,WARREN CO. R-III,2151,WARRENTON HIGH,293105002151,No,Yes,1,1,0,0,0,0,0,0,1,5,34,32,0,1,36,39,0,0,0,0,293105002151
MO,MISSOURI,2931050,WARREN CO. R-III,2416,REBECCA BOONE ELEM.,293105002416,No,-9,-9,-9,-9,-9,-9,-9,-9,-9,-9,-9,-9,-9,-9,-9,-9,-9,-9,-9,-9,-9,293105002416
MO,MISSOURI,2931050,WARREN CO. R-III,2649,BLACK HAWK MIDDLE,293105002649,No,-9,-9,-9,-9,-9,-9,-9,-9,-9,-9,-9,-9,-9,-9,-9,-9,-9,-9,-9,-9,-9,293105002649
MO,MISSOURI,2931050,WARREN CO. R-III,2989,WARRIOR RIDGE ELEM.,293105002989,No,-9,-9,-9,-9,-9,-9,-9,-9,-9,-9,-9,-9,-9,-9,-9,-9,-9,-9,-9,-9,-9,293105002989
MO,MISSOURI,2931050,WARREN CO. R-III,3355,EARLY LEARNING CENTER,293105003355,No,-9,-9,-9,-9,-9,-9,-9,-9,-9,-9,-9,-9,-9,-9,-9,-9,-9,-9,-9,-9,-9,293105003355
MO,MISSOURI,2931070,WARSAW R-IX,2152,WARSAW HIGH,293107002152,No,Yes,0,0,0,0,0,1,0,0,0,0,11,22,1,0,12,23,0,0,0,1,293107002152
MO,MISSOURI,2931070,WARSAW R-IX,2153,NORTH ELEM.,293107002153,No,-9,-9,-9,-9,-9,-9,-9,-9,-9,-9,-9,-9,-9,-9,-9,-9,-9,-9,-9,-9,-9,293107002153
MO,MISSOURI,2931070,WARSAW R-IX,2154,SOUTH ELEM.,293107002154,No,-9,-9,-9,-9,-9,-9,-9,-9,-9,-9,-9,-9,-9,-9,-9,-9,-9,-9,-9,-9,-9,293107002154
MO,MISSOURI,2931070,WARSAW R-IX,2650,JOHN BOISE MIDDLE,293107002650,No,-9,-9,-9,-9,-9,-9,-9,-9,-9,-9,-9,-9,-9,-9,-9,-9,-9,-9,-9,-9,-9,293107002650
MO,MISSOURI,2931110,WASHINGTON,2156,AUGUSTA ELEM.,293111002156,No,-9,-9,-9,-9,-9,-9,-9,-9,-9,-9,-9,-9,-9,-9,-9,-9,-9,-9,-9,-9,-9,293111002156
MO,MISSOURI,2931110,WASHINGTON,2157,CAMPBELLTON ELEM.,293111002157,No,-9,-9,-9,-9,-9,-9,-9,-9,-9,-9,-9,-9,-9,-9,-9,-9,-9,-9,-9,-9,-9,293111002157
MO,MISSOURI,2931110,WASHINGTON,2158,CLEARVIEW ELEM.,293111002158,No,-9,-9,-9,-9,-9,-9,-9,-9,-9,-9,-9,-9,-9,-9,-9,-9,-9,-9,-9,-9,-9,293111002158
MO,MISSOURI,2931110,WASHINGTON,2160,WASHINGTON MIDDLE,293111002160,No,-9,-9,-9,-9,-9,-9,-9,-9,-9,-9,-9,-9,-9,-9,-9,-9,-9,-9,-9,-9,-9,293111002160
MO,MISSOURI,2931110,WASHINGTON,2161,LABADIE ELEM.,293111002161,No,-9,-9,-9,-9,-9,-9,-9,-9,-9,-9,-9,-9,-9,-9,-9,-9,-9,-9,-9,-9,-9,293111002161
MO,MISSOURI,2931110,WASHINGTON,2162,MARTHASVILLE ELEM.,293111002162,No,-9,-9,-9,-9,-9,-9,-9,-9,-9,-9,-9,-9,-9,-9,-9,-9,-9,-9,-9,-9,-9,293111002162
MO,MISSOURI,2931110,WASHINGTON,2163,WASHINGTON HIGH,293111002163,No,Yes,11,9,1,0,3,2,0,0,2,5,429,379,9,9,455,404,4,2,51,16,293111002163
MO,MISSOURI,2931110,WASHINGTON,2164,SOUTH POINT ELEM.,293111002164,No,-9,-9,-9,-9,-9,-9,-9,-9,-9,-9,-9,-9,-9,-9,-9,-9,-9,-9,-9,-9,-9,293111002164
MO,MISSOURI,2931110,WASHINGTON,2295,WASHINGTON WEST ELEM.,293111002295,No,-9,-9,-9,-9,-9,-9,-9,-9,-9,-9,-9,-9,-9,-9,-9,-9,-9,-9,-9,-9,-9,293111002295
MO,MISSOURI,2931110,WASHINGTON,2833,EARLY LEARNING CENTER,293111002833,No,-9,-9,-9,-9,-9,-9,-9,-9,-9,-9,-9,-9,-9,-9,-9,-9,-9,-9,-9,-9,-9,293111002833
MO,MISSOURI,2931140,KINGSTON K-14,1901,KINGSTON HIGH SCHOOL,293114001901,No,Yes,0,0,0,0,0,0,0,0,0,0,15,26,0,0,15,26,0,0,0,0,293114001901
MO,MISSOURI,2931140,KINGSTON K-14,2165,KINGSTON ELEM.,293114002165,No,-9,-9,-9,-9,-9,-9,-9,-9,-9,-9,-9,-9,-9,-9,-9,-9,-9,-9,-9,-9,-9,293114002165
MO,MISSOURI,2931140,KINGSTON K-14,2708,KINGSTON MIDDLE SCHOOL,293114002708,No,-9,-9,-9,-9,-9,-9,-9,-9,-9,-9,-9,-9,-9,-9,-9,-9,-9,-9,-9,-9,-9,293114002708
MO,MISSOURI,2931140,KINGSTON K-14,3105,KINGSTON PRIMARY,293114003105,No,-9,-9,-9,-9,-9,-9,-9,-9,-9,-9,-9,-9,-9,-9,-9,-9,-9,-9,-9,-9,-9,293114003105
MO,MISSOURI,2931230,RICHWOODS R-VII,2167,RICHWOODS ELEM.,293123002167,No,-9,-9,-9,-9,-9,-9,-9,-9,-9,-9,-9,-9,-9,-9,-9,-9,-9,-9,-9,-9,-9,293123002167
MO,MISSOURI,2931440,WAYNESVILLE R-VI,2168,EAST ELEMENTARY,293144002168,No,-9,-9,-9,-9,-9,-9,-9,-9,-9,-9,-9,-9,-9,-9,-9,-9,-9,-9,-9,-9,-9,293144002168
MO,MISSOURI,2931440,WAYNESVILLE R-VI,2171,PARTRIDGE ELEMENTARY,293144002171,No,-9,-9,-9,-9,-9,-9,-9,-9,-9,-9,-9,-9,-9,-9,-9,-9,-9,-9,-9,-9,-9,293144002171
MO,MISSOURI,2931440,WAYNESVILLE R-VI,2175,WAYNESVILLE HIGH SCHOOL,293144002175,No,Yes,5,9,0,0,3,3,2,0,0,4,30,42,2,3,42,61,1,0,1,0,293144002175
MO,MISSOURI,2931440,WAYNESVILLE R-VI,2176,THAYER ELEMENTARY,293144002176,No,-9,-9,-9,-9,-9,-9,-9,-9,-9,-9,-9,-9,-9,-9,-9,-9,-9,-9,-9,-9,-9,293144002176
MO,MISSOURI,2931440,WAYNESVILLE R-VI,2484,WAYNESVILLE MIDDLE SCHOOL,293144002484,No,-9,-9,-9,-9,-9,-9,-9,-9,-9,-9,-9,-9,-9,-9,-9,-9,-9,-9,-9,-9,-9,293144002484
MO,MISSOURI,2931440,WAYNESVILLE R-VI,2874,WOOD ELEMENTARY,293144002874,No,-9,-9,-9,-9,-9,-9,-9,-9,-9,-9,-9,-9,-9,-9,-9,-9,-9,-9,-9,-9,-9,293144002874
MO,MISSOURI,2931440,WAYNESVILLE R-VI,2898,FREEDOM ELEMENTARY,293144002898,No,-9,-9,-9,-9,-9,-9,-9,-9,-9,-9,-9,-9,-9,-9,-9,-9,-9,-9,-9,-9,-9,293144002898
MO,MISSOURI,2931440,WAYNESVILLE R-VI,3207,WAYNESVILLE SIXTH GRADE CENTER,293144003207,No,-9,-9,-9,-9,-9,-9,-9,-9,-9,-9,-9,-9,-9,-9,-9,-9,-9,-9,-9,-9,-9,293144003207
MO,MISSOURI,2931440,WAYNESVILLE R-VI,3332,WILLIAMS EARLY CHILDHOOD CENTER,293144003332,No,-9,-9,-9,-9,-9,-9,-9,-9,-9,-9,-9,-9,-9,-9,-9,-9,-9,-9,-9,-9,-9,293144003332
MO,MISSOURI,2931460,WEAUBLEAU R-III,2180,WEAUBLEAU ELEM.,293146002180,No,-9,-9,-9,-9,-9,-9,-9,-9,-9,-9,-9,-9,-9,-9,-9,-9,-9,-9,-9,-9,-9,293146002180
MO,MISSOURI,2931460,WEAUBLEAU R-III,2181,WEAUBLEAU HIGH,293146002181,No,Yes,0,0,0,0,1,0,0,0,0,0,9,6,0,0,10,6,0,0,0,0,293146002181
MO,MISSOURI,2931500,WEBB CITY R-VII,559,WEBB CITY MIDDLE,293150000559,No,-9,-9,-9,-9,-9,-9,-9,-9,-9,-9,-9,-9,-9,-9,-9,-9,-9,-9,-9,-9,-9,293150000559
MO,MISSOURI,2931500,WEBB CITY R-VII,2182,HARRY S. TRUMAN ELEM.,293150002182,No,-9,-9,-9,-9,-9,-9,-9,-9,-9,-9,-9,-9,-9,-9,-9,-9,-9,-9,-9,-9,-9,293150002182
MO,MISSOURI,2931500,WEBB CITY R-VII,2183,CARTERVILLE ELEM.,293150002183,No,-9,-9,-9,-9,-9,-9,-9,-9,-9,-9,-9,-9,-9,-9,-9,-9,-9,-9,-9,-9,-9,293150002183
MO,MISSOURI,2931500,WEBB CITY R-VII,2184,EUGENE FIELD ELEM.,293150002184,No,-9,-9,-9,-9,-9,-9,-9,-9,-9,-9,-9,-9,-9,-9,-9,-9,-9,-9,-9,-9,-9,293150002184
MO,MISSOURI,2931500,WEBB CITY R-VII,2185,MADGE T. JAMES KIND. CTR.,293150002185,No,-9,-9,-9,-9,-9,-9,-9,-9,-9,-9,-9,-9,-9,-9,-9,-9,-9,-9,-9,-9,-9,293150002185
MO,MISSOURI,2931500,WEBB CITY R-VII,2186,WEBB CITY HIGH,293150002186,No,Yes,5,6,0,1,0,0,0,0,2,1,52,105,0,3,59,116,0,0,0,0,293150002186
MO,MISSOURI,2931500,WEBB CITY R-VII,2188,MARK TWAIN ELEM.,293150002188,No,-9,-9,-9,-9,-9,-9,-9,-9,-9,-9,-9,-9,-9,-9,-9,-9,-9,-9,-9,-9,-9,293150002188
MO,MISSOURI,2931500,WEBB CITY R-VII,2189,WEBSTER PRIMARY CTR.,293150002189,No,-9,-9,-9,-9,-9,-9,-9,-9,-9,-9,-9,-9,-9,-9,-9,-9,-9,-9,-9,-9,-9,293150002189
MO,MISSOURI,2931500,WEBB CITY R-VII,2377,HERITAGE PRESCHOOL,293150002377,No,-9,-9,-9,-9,-9,-9,-9,-9,-9,-9,-9,-9,-9,-9,-9,-9,-9,-9,-9,-9,-9,293150002377
MO,MISSOURI,2931500,WEBB CITY R-VII,2756,WEBB CITY JR. HIGH,293150002756,No,-9,-9,-9,-9,-9,-9,-9,-9,-9,-9,-9,-9,-9,-9,-9,-9,-9,-9,-9,-9,-9,293150002756
MO,MISSOURI,2931500,WEBB CITY R-VII,2991,BESS TRUMAN PRIMARY CTR.,293150002991,No,-9,-9,-9,-9,-9,-9,-9,-9,-9,-9,-9,-9,-9,-9,-9,-9,-9,-9,-9,-9,-9,293150002991
MO,MISSOURI,2931530,WEBSTER GROVES,2190,AVERY ELEM.,293153002190,No,-9,-9,-9,-9,-9,-9,-9,-9,-9,-9,-9,-9,-9,-9,-9,-9,-9,-9,-9,-9,-9,293153002190
MO,MISSOURI,2931530,WEBSTER GROVES,2191,BRISTOL ELEM.,293153002191,No,-9,-9,-9,-9,-9,-9,-9,-9,-9,-9,-9,-9,-9,-9,-9,-9,-9,-9,-9,-9,-9,293153002191
MO,MISSOURI,2931530,WEBSTER GROVES,2192,CLARK ELEM.,293153002192,No,-9,-9,-9,-9,-9,-9,-9,-9,-9,-9,-9,-9,-9,-9,-9,-9,-9,-9,-9,-9,-9,293153002192
MO,MISSOURI,2931530,WEBSTER GROVES,2193,EDGAR ROAD ELEM.,293153002193,No,-9,-9,-9,-9,-9,-9,-9,-9,-9,-9,-9,-9,-9,-9,-9,-9,-9,-9,-9,-9,-9,293153002193
MO,MISSOURI,2931530,WEBSTER GROVES,2194,HIXSON MIDDLE,293153002194,No,-9,-9,-9,-9,-9,-9,-9,-9,-9,-9,-9,-9,-9,-9,-9,-9,-9,-9,-9,-9,-9,293153002194
MO,MISSOURI,2931530,WEBSTER GROVES,2197,WEBSTER GROVES HIGH,293153002197,No,Yes,7,4,1,0,2,9,0,0,6,10,137,173,6,9,159,205,3,6,14,15,293153002197
MO,MISSOURI,2931530,WEBSTER GROVES,2417,HUDSON ELEM.,293153002417,No,-9,-9,-9,-9,-9,-9,-9,-9,-9,-9,-9,-9,-9,-9,-9,-9,-9,-9,-9,-9,-9,293153002417
MO,MISSOURI,2931530,WEBSTER GROVES,2486,DR. HENRY GIVENS JR. ELEM.,293153002486,No,-9,-9,-9,-9,-9,-9,-9,-9,-9,-9,-9,-9,-9,-9,-9,-9,-9,-9,-9,-9,-9,293153002486
MO,MISSOURI,2931530,WEBSTER GROVES,2651,WALTER AMBROSE FAMILY CENTER,293153002651,No,-9,-9,-9,-9,-9,-9,-9,-9,-9,-9,-9,-9,-9,-9,-9,-9,-9,-9,-9,-9,-9,293153002651
MO,MISSOURI,2931560,WELLINGTON-NAPOLEON R-IX,2198,WELLINGTON-NAPOLEON ELEM.,293156002198,No,-9,-9,-9,-9,-9,-9,-9,-9,-9,-9,-9,-9,-9,-9,-9,-9,-9,-9,-9,-9,-9,293156002198
MO,MISSOURI,2931560,WELLINGTON-NAPOLEON R-IX,2199,WELLINGTON-NAPOLEON HIGH,293156002199,No,Yes,0,0,0,0,0,0,0,0,0,0,12,11,1,0,13,11,0,0,1,0,293156002199
MO,MISSOURI,2931620,WELLSVILLE MIDDLETOWN R-I,2204,WELLSVILLE-MIDDLETOWN HS,293162002204,No,Yes,0,0,0,0,0,0,0,0,0,0,7,14,0,0,7,14,0,0,0,0,293162002204
MO,MISSOURI,2931620,WELLSVILLE MIDDLETOWN R-I,2206,WELLSVILLE-MIDDLETOWN ELEM.,293162002206,No,-9,-9,-9,-9,-9,-9,-9,-9,-9,-9,-9,-9,-9,-9,-9,-9,-9,-9,-9,-9,-9,293162002206
MO,MISSOURI,2931650,WENTZVILLE R-IV,1036,WENTZVILLE SOUTH MIDDLE,293165001036,No,-9,-9,-9,-9,-9,-9,-9,-9,-9,-9,-9,-9,-9,-9,-9,-9,-9,-9,-9,-9,-9,293165001036
MO,MISSOURI,2931650,WENTZVILLE R-IV,2110,GREEN TREE ELEM.,293165002110,No,-9,-9,-9,-9,-9,-9,-9,-9,-9,-9,-9,-9,-9,-9,-9,-9,-9,-9,-9,-9,-9,293165002110
MO,MISSOURI,2931650,WENTZVILLE R-IV,2207,HERITAGE PRIMARY,293165002207,No,-9,-9,-9,-9,-9,-9,-9,-9,-9,-9,-9,-9,-9,-9,-9,-9,-9,-9,-9,-9,-9,293165002207
MO,MISSOURI,2931650,WENTZVILLE R-IV,2208,EMIL E. HOLT SR. HIGH,293165002208,No,Yes,0,0,0,0,0,0,0,0,1,3,11,19,0,0,12,22,0,0,0,0,293165002208
MO,MISSOURI,2931650,WENTZVILLE R-IV,2209,WENTZVILLE MIDDLE,293165002209,No,-9,-9,-9,-9,-9,-9,-9,-9,-9,-9,-9,-9,-9,-9,-9,-9,-9,-9,-9,-9,-9,293165002209
MO,MISSOURI,2931650,WENTZVILLE R-IV,2456,HERITAGE INTERMEDIATE,293165002456,No,-9,-9,-9,-9,-9,-9,-9,-9,-9,-9,-9,-9,-9,-9,-9,-9,-9,-9,-9,-9,-9,293165002456
MO,MISSOURI,2931650,WENTZVILLE R-IV,2652,BOONE TRAIL ELEM.,293165002652,No,-9,-9,-9,-9,-9,-9,-9,-9,-9,-9,-9,-9,-9,-9,-9,-9,-9,-9,-9,-9,-9,293165002652
MO,MISSOURI,2931650,WENTZVILLE R-IV,2844,TIMBERLAND HIGH,293165002844,No,Yes,0,1,0,0,0,1,0,0,1,1,11,33,0,0,12,36,0,0,0,1,293165002844
MO,MISSOURI,2931650,WENTZVILLE R-IV,2845,CROSSROADS ELEM.,293165002845,No,-9,-9,-9,-9,-9,-9,-9,-9,-9,-9,-9,-9,-9,-9,-9,-9,-9,-9,-9,-9,-9,293165002845
MO,MISSOURI,2931650,WENTZVILLE R-IV,2869,FRONTIER MIDDLE,293165002869,No,-9,-9,-9,-9,-9,-9,-9,-9,-9,-9,-9,-9,-9,-9,-9,-9,-9,-9,-9,-9,-9,293165002869
MO,MISSOURI,2931650,WENTZVILLE R-IV,2870,PRAIRIE VIEW ELEM.,293165002870,No,-9,-9,-9,-9,-9,-9,-9,-9,-9,-9,-9,-9,-9,-9,-9,-9,-9,-9,-9,-9,-9,293165002870
MO,MISSOURI,2931650,WENTZVILLE R-IV,2903,PEINE RIDGE ELEM.,293165002903,No,-9,-9,-9,-9,-9,-9,-9,-9,-9,-9,-9,-9,-9,-9,-9,-9,-9,-9,-9,-9,-9,293165002903
MO,MISSOURI,2931650,WENTZVILLE R-IV,3006,EARLY CHILDHOOD CTR.,293165003006,No,-9,-9,-9,-9,-9,-9,-9,-9,-9,-9,-9,-9,-9,-9,-9,-9,-9,-9,-9,-9,-9,293165003006
MO,MISSOURI,2931650,WENTZVILLE R-IV,3080,DUELLO ELEM.,293165003080,No,-9,-9,-9,-9,-9,-9,-9,-9,-9,-9,-9,-9,-9,-9,-9,-9,-9,-9,-9,-9,-9,293165003080
MO,MISSOURI,2931650,WENTZVILLE R-IV,3149,LAKEVIEW ELEMENTARY,293165003149,No,-9,-9,-9,-9,-9,-9,-9,-9,-9,-9,-9,-9,-9,-9,-9,-9,-9,-9,-9,-9,-9,293165003149
MO,MISSOURI,2931650,WENTZVILLE R-IV,3155,DISCOVERY RIDGE ELEMENTARY,293165003155,No,-9,-9,-9,-9,-9,-9,-9,-9,-9,-9,-9,-9,-9,-9,-9,-9,-9,-9,-9,-9,-9,293165003155
MO,MISSOURI,2931650,WENTZVILLE R-IV,3227,LIBERTY HIGH SCHOOL,293165003227,No,Yes,1,1,1,0,0,3,0,0,0,1,5,36,0,1,7,42,0,0,0,4,293165003227
MO,MISSOURI,2931650,WENTZVILLE R-IV,3309,STONE CREEK ELEMENTARY,293165003309,No,-9,-9,-9,-9,-9,-9,-9,-9,-9,-9,-9,-9,-9,-9,-9,-9,-9,-9,-9,-9,-9,293165003309
MO,MISSOURI,2931650,WENTZVILLE R-IV,3310,WABASH ELEMENTARY,293165003310,No,-9,-9,-9,-9,-9,-9,-9,-9,-9,-9,-9,-9,-9,-9,-9,-9,-9,-9,-9,-9,-9,293165003310
MO,MISSOURI,2931650,WENTZVILLE R-IV,3387,JOURNEY ELEMENTARY,293165003387,No,-9,-9,-9,-9,-9,-9,-9,-9,-9,-9,-9,-9,-9,-9,-9,-9,-9,-9,-9,-9,-9,293165003387
MO,MISSOURI,2931650,WENTZVILLE R-IV,3398,NORTH POINT HIGH SCHOOL,293165003398,No,Yes,0,0,0,0,0,0,0,0,0,0,0,1,0,0,0,1,0,0,0,0,293165003398
MO,MISSOURI,2931680,WEST PLAINS R-VII,2213,WEST PLAINS MIDDLE,293168002213,No,-9,-9,-9,-9,-9,-9,-9,-9,-9,-9,-9,-9,-9,-9,-9,-9,-9,-9,-9,-9,-9,293168002213
MO,MISSOURI,2931680,WEST PLAINS R-VII,2215,WEST PLAINS SR. HIGH,293168002215,No,Yes,1,1,0,0,0,0,0,0,0,1,35,72,0,2,36,76,0,0,0,0,293168002215
MO,MISSOURI,2931680,WEST PLAINS R-VII,2216,SOUTH CENTRAL CAREER CTR.,293168002216,No,No,-9,-9,-9,-9,-9,-9,-9,-9,-9,-9,-9,-9,-9,-9,-9,-9,-9,-9,-9,-9,293168002216
MO,MISSOURI,2931680,WEST PLAINS R-VII,2217,SOUTH FORK ELEM.,293168002217,No,-9,-9,-9,-9,-9,-9,-9,-9,-9,-9,-9,-9,-9,-9,-9,-9,-9,-9,-9,-9,-9,293168002217
MO,MISSOURI,2931680,WEST PLAINS R-VII,2543,WEST PLAINS ELEM.,293168002543,No,-9,-9,-9,-9,-9,-9,-9,-9,-9,-9,-9,-9,-9,-9,-9,-9,-9,-9,-9,-9,-9,293168002543
MO,MISSOURI,2931710,WEST PLATTE CO. R-II,2218,CENTRAL ELEM.,293171002218,No,-9,-9,-9,-9,-9,-9,-9,-9,-9,-9,-9,-9,-9,-9,-9,-9,-9,-9,-9,-9,-9,293171002218
MO,MISSOURI,2931710,WEST PLATTE CO. R-II,2220,WEST PLATTE HIGH,293171002220,No,Yes,0,0,0,0,0,0,0,0,0,0,0,0,0,0,0,0,0,0,0,0,293171002220
MO,MISSOURI,2931710,WEST PLATTE CO. R-II,3397,WEST PLATTE MIDDLE,293171003397,No,-9,-9,-9,-9,-9,-9,-9,-9,-9,-9,-9,-9,-9,-9,-9,-9,-9,-9,-9,-9,-9,293171003397
MO,MISSOURI,2931800,MIDWAY R-I,2223,MIDWAY ELEM.,293180002223,No,-9,-9,-9,-9,-9,-9,-9,-9,-9,-9,-9,-9,-9,-9,-9,-9,-9,-9,-9,-9,-9,293180002223
MO,MISSOURI,2931800,MIDWAY R-I,2224,MIDWAY HIGH,293180002224,No,Yes,0,1,0,0,0,0,0,0,0,0,5,12,0,0,5,13,0,0,0,0,293180002224
MO,MISSOURI,2931830,OSAGE CO. R-III,2226,FATIMA HIGH,293183002226,No,Yes,0,0,0,0,0,0,0,0,0,0,85,146,1,0,86,146,0,0,0,3,293183002226
MO,MISSOURI,2931830,OSAGE CO. R-III,2229,FATIMA ELEM.,293183002229,No,-9,-9,-9,-9,-9,-9,-9,-9,-9,-9,-9,-9,-9,-9,-9,-9,-9,-9,-9,-9,-9,293183002229
MO,MISSOURI,2931830,OSAGE CO. R-III,3348,OSAGE CO. R-III PRESCHOOL,293183003348,No,-9,-9,-9,-9,-9,-9,-9,-9,-9,-9,-9,-9,-9,-9,-9,-9,-9,-9,-9,-9,-9,293183003348
MO,MISSOURI,2931860,WESTRAN R-I,2230,WESTRAN ELEM.,293186002230,No,-9,-9,-9,-9,-9,-9,-9,-9,-9,-9,-9,-9,-9,-9,-9,-9,-9,-9,-9,-9,-9,293186002230
MO,MISSOURI,2931860,WESTRAN R-I,2232,WESTRAN HIGH,293186002232,No,Yes,0,1,0,0,0,0,0,0,0,2,11,22,2,0,13,25,0,0,2,1,293186002232
MO,MISSOURI,2931860,WESTRAN R-I,2514,WESTRAN MIDDLE,293186002514,No,-9,-9,-9,-9,-9,-9,-9,-9,-9,-9,-9,-9,-9,-9,-9,-9,-9,-9,-9,-9,-9,293186002514
MO,MISSOURI,2931890,WESTVIEW C-6,2233,WESTVIEW ELEM.,293189002233,No,-9,-9,-9,-9,-9,-9,-9,-9,-9,-9,-9,-9,-9,-9,-9,-9,-9,-9,-9,-9,-9,293189002233
MO,MISSOURI,2931920,WHEATLAND R-II,2234,WHEATLAND ELEM.,293192002234,No,-9,-9,-9,-9,-9,-9,-9,-9,-9,-9,-9,-9,-9,-9,-9,-9,-9,-9,-9,-9,-9,293192002234
MO,MISSOURI,2931920,WHEATLAND R-II,2235,WHEATLAND HIGH,293192002235,No,Yes,0,0,0,0,0,0,0,0,0,0,2,4,0,0,2,4,0,0,0,0,293192002235
MO,MISSOURI,2931950,WHEATON R-III,2236,WHEATON ELEM.,293195002236,No,-9,-9,-9,-9,-9,-9,-9,-9,-9,-9,-9,-9,-9,-9,-9,-9,-9,-9,-9,-9,-9,293195002236
MO,MISSOURI,2931950,WHEATON R-III,2237,WHEATON HIGH,293195002237,No,Yes,0,0,0,0,0,4,0,0,0,0,7,2,0,0,7,6,0,4,0,0,293195002237
MO,MISSOURI,2932010,WILLARD R-II,1700,WILLARD CENTRAL ELEM.,293201001700,No,-9,-9,-9,-9,-9,-9,-9,-9,-9,-9,-9,-9,-9,-9,-9,-9,-9,-9,-9,-9,-9,293201001700
MO,MISSOURI,2932010,WILLARD R-II,2241,WILLARD SOUTH ELEM.,293201002241,No,-9,-9,-9,-9,-9,-9,-9,-9,-9,-9,-9,-9,-9,-9,-9,-9,-9,-9,-9,-9,-9,293201002241
MO,MISSOURI,2932010,WILLARD R-II,2242,WILLARD MIDDLE,293201002242,No,-9,-9,-9,-9,-9,-9,-9,-9,-9,-9,-9,-9,-9,-9,-9,-9,-9,-9,-9,-9,-9,293201002242
MO,MISSOURI,2932010,WILLARD R-II,2243,WILLARD HIGH,293201002243,No,Yes,1,3,2,1,3,3,0,0,0,0,111,128,0,0,117,135,2,4,0,0,293201002243
MO,MISSOURI,2932010,WILLARD R-II,2244,WILLARD NORTH ELEM.,293201002244,No,-9,-9,-9,-9,-9,-9,-9,-9,-9,-9,-9,-9,-9,-9,-9,-9,-9,-9,-9,-9,-9,293201002244
MO,MISSOURI,2932010,WILLARD R-II,2773,WILLARD EAST ELEM.,293201002773,No,-9,-9,-9,-9,-9,-9,-9,-9,-9,-9,-9,-9,-9,-9,-9,-9,-9,-9,-9,-9,-9,293201002773
MO,MISSOURI,2932010,WILLARD R-II,2879,WILLARD INTERMEDIATE NORTH,293201002879,No,-9,-9,-9,-9,-9,-9,-9,-9,-9,-9,-9,-9,-9,-9,-9,-9,-9,-9,-9,-9,-9,293201002879
MO,MISSOURI,2932010,WILLARD R-II,3116,WILLARD ORCHARD HILLS ELEM,293201003116,No,-9,-9,-9,-9,-9,-9,-9,-9,-9,-9,-9,-9,-9,-9,-9,-9,-9,-9,-9,-9,-9,293201003116
MO,MISSOURI,2932010,WILLARD R-II,3354,WILLARD INTERMEDIATE-SOUTH,293201003354,No,-9,-9,-9,-9,-9,-9,-9,-9,-9,-9,-9,-9,-9,-9,-9,-9,-9,-9,-9,-9,-9,293201003354
MO,MISSOURI,2932070,WILLOW SPRINGS R-IV,2245,WILLOW SPRINGS HIGH,293207002245,No,Yes,0,1,0,0,0,3,0,0,0,0,15,22,0,0,15,26,0,0,0,0,293207002245
MO,MISSOURI,2932070,WILLOW SPRINGS R-IV,2246,WILLOW SPRINGS MIDDLE,293207002246,No,-9,-9,-9,-9,-9,-9,-9,-9,-9,-9,-9,-9,-9,-9,-9,-9,-9,-9,-9,-9,-9,293207002246
MO,MISSOURI,2932070,WILLOW SPRINGS R-IV,2249,WILLOW SPRINGS ELEM.,293207002249,No,-9,-9,-9,-9,-9,-9,-9,-9,-9,-9,-9,-9,-9,-9,-9,-9,-9,-9,-9,-9,-9,293207002249
MO,MISSOURI,2932100,WINDSOR C-1,2250,WINDSOR INTERMEDIATE,293210002250,No,-9,-9,-9,-9,-9,-9,-9,-9,-9,-9,-9,-9,-9,-9,-9,-9,-9,-9,-9,-9,-9,293210002250
MO,MISSOURI,2932100,WINDSOR C-1,2251,JAMES E. FREER ELEM.,293210002251,No,-9,-9,-9,-9,-9,-9,-9,-9,-9,-9,-9,-9,-9,-9,-9,-9,-9,-9,-9,-9,-9,293210002251
MO,MISSOURI,2932100,WINDSOR C-1,2253,WINDSOR HIGH,293210002253,No,Yes,0,0,0,0,0,0,0,0,0,0,29,11,1,0,30,11,0,0,1,2,293210002253
MO,MISSOURI,2932100,WINDSOR C-1,2653,WINDSOR MIDDLE,293210002653,No,-9,-9,-9,-9,-9,-9,-9,-9,-9,-9,-9,-9,-9,-9,-9,-9,-9,-9,-9,-9,-9,293210002653
MO,MISSOURI,2932100,WINDSOR C-1,2868,WINDSOR ELEM.,293210002868,No,-9,-9,-9,-9,-9,-9,-9,-9,-9,-9,-9,-9,-9,-9,-9,-9,-9,-9,-9,-9,-9,293210002868
MO,MISSOURI,2932110,HENRY CO. R-I,2254,WINDSOR ELEM.,293211002254,No,-9,-9,-9,-9,-9,-9,-9,-9,-9,-9,-9,-9,-9,-9,-9,-9,-9,-9,-9,-9,-9,293211002254
MO,MISSOURI,2932110,HENRY CO. R-I,2255,WINDSOR HIGH,293211002255,No,Yes,0,0,0,0,0,0,0,0,0,0,15,15,0,0,15,15,0,0,0,0,293211002255
MO,MISSOURI,2932190,WINFIELD R-IV,2256,WINFIELD ELEM.,293219002256,No,-9,-9,-9,-9,-9,-9,-9,-9,-9,-9,-9,-9,-9,-9,-9,-9,-9,-9,-9,-9,-9,293219002256
MO,MISSOURI,2932190,WINFIELD R-IV,2257,WINFIELD HIGH,293219002257,No,Yes,0,0,0,1,0,0,0,0,3,0,6,10,1,0,10,11,0,0,0,0,293219002257
MO,MISSOURI,2932190,WINFIELD R-IV,2545,WINFIELD INTERMEDIATE,293219002545,No,-9,-9,-9,-9,-9,-9,-9,-9,-9,-9,-9,-9,-9,-9,-9,-9,-9,-9,-9,-9,-9,293219002545
MO,MISSOURI,2932190,WINFIELD R-IV,2814,WINFIELD MIDDLE,293219002814,No,-9,-9,-9,-9,-9,-9,-9,-9,-9,-9,-9,-9,-9,-9,-9,-9,-9,-9,-9,-9,-9,293219002814
MO,MISSOURI,2932220,WINONA R-III,2259,WINONA ELEM.,293222002259,No,-9,-9,-9,-9,-9,-9,-9,-9,-9,-9,-9,-9,-9,-9,-9,-9,-9,-9,-9,-9,-9,293222002259
MO,MISSOURI,2932220,WINONA R-III,2260,WINONA HIGH,293222002260,No,Yes,0,0,0,0,0,0,0,0,0,0,4,12,0,0,4,12,0,0,0,0,293222002260
MO,MISSOURI,2932250,WINSTON R-VI,2261,WINSTON ELEM.,293225002261,No,-9,-9,-9,-9,-9,-9,-9,-9,-9,-9,-9,-9,-9,-9,-9,-9,-9,-9,-9,-9,-9,293225002261
MO,MISSOURI,2932250,WINSTON R-VI,2262,WINSTON HIGH,293225002262,No,Yes,0,0,0,0,0,0,0,0,0,0,3,9,0,0,3,9,0,0,0,0,293225002262
MO,MISSOURI,2932300,WORTH CO. R-III,2263,WORTH CO. ELEMENTARY,293230002263,No,-9,-9,-9,-9,-9,-9,-9,-9,-9,-9,-9,-9,-9,-9,-9,-9,-9,-9,-9,-9,-9,293230002263
MO,MISSOURI,2932300,WORTH CO. R-III,2264,WORTH CO. HIGH,293230002264,No,Yes,1,0,0,0,0,0,0,0,0,0,4,9,0,0,5,9,0,0,0,1,293230002264
MO,MISSOURI,2932310,WRIGHT CITY R-II OF WARREN CO.,2265,WRIGHT CITY WEST ELEM.,293231002265,No,-9,-9,-9,-9,-9,-9,-9,-9,-9,-9,-9,-9,-9,-9,-9,-9,-9,-9,-9,-9,-9,293231002265
MO,MISSOURI,2932310,WRIGHT CITY R-II OF WARREN CO.,2266,WRIGHT CITY HIGH,293231002266,No,Yes,0,0,0,0,0,0,0,0,0,0,10,21,0,0,10,21,0,0,0,0,293231002266
MO,MISSOURI,2932310,WRIGHT CITY R-II OF WARREN CO.,2576,WRIGHT CITY MIDDLE,293231002576,No,-9,-9,-9,-9,-9,-9,-9,-9,-9,-9,-9,-9,-9,-9,-9,-9,-9,-9,-9,-9,-9,293231002576
MO,MISSOURI,2932310,WRIGHT CITY R-II OF WARREN CO.,3138,WRIGHT CITY EAST ELEM,293231003138,No,-9,-9,-9,-9,-9,-9,-9,-9,-9,-9,-9,-9,-9,-9,-9,-9,-9,-9,-9,-9,-9,293231003138
MO,MISSOURI,2932310,WRIGHT CITY R-II OF WARREN CO.,3273,WRIGHT START PRESCHOOL,293231003273,No,-9,-9,-9,-9,-9,-9,-9,-9,-9,-9,-9,-9,-9,-9,-9,-9,-9,-9,-9,-9,-9,293231003273
MO,MISSOURI,2932490,ZALMA R-V,2269,ZALMA ELEM.,293249002269,No,-9,-9,-9,-9,-9,-9,-9,-9,-9,-9,-9,-9,-9,-9,-9,-9,-9,-9,-9,-9,-9,293249002269
MO,MISSOURI,2932490,ZALMA R-V,2270,ZALMA HIGH,293249002270,No,Yes,0,0,0,0,0,0,0,0,0,0,3,8,0,0,3,8,0,0,0,0,293249002270
