school_year,nces_lea_id,district_name,lea_name,state,county_primary,operating_schools_count,regular_schools_count,enrollment_total,enrollment_pk,enrollment_k12,enrollment_kg,teachers_prek_fte,teachers_kindergarten_fte,teachers_elementary_fte,teachers_secondary_fte,teachers_ungraded_fte,teachers_total_reported_fte,teachers_k12_fte,teachers_k12_fte_components,teachers_sum_diff_reported,paraprofessionals_fte,instructional_coordinators_fte,counselors_fte,psychologists_fte,student_support_staff_fte,librarians_fte,school_administrators_fte,school_admin_support_fte,lea_administrators_fte,lea_admin_support_fte,other_support_staff_fte,total_staff_fte,teacher_k12_valid,students_per_teacher_fte_k12,students_per_teacher_para_fte_k12,teachers_k12_per_1000,paraprofessionals_per_1000,counselors_per_1000,school_administrators_per_1000,lea_total_operating_schools_national,lea_operating_schools_in_region,lea_operating_schools_outside_region,lea_geographic_coverage_share,lea_fully_within_region
2014-2015,2000018,School for Blind,School for Blind,KS,Wyandotte County,2,0,32,0,32,2,1.0,3.1,1.0,11.7,,16.8,15.8,15.8,0.0,0.0,1.0,0.0,,0.0,0.0,0.0,,0.4,,0.0,18.2,True,2.03,2.03,493.75,0.0,0.0,0.0,2,2,0,1.0,True
2014-2015,2000019,School for Deaf,School for Deaf,KS,Johnson County,2,0,96,10,86,4,3.0,4.0,8.0,14.2,,29.2,26.2,26.2,0.0,0.0,5.0,0.0,,1.0,1.0,2.0,,1.6,,0.0,39.8,True,3.28,3.28,304.65,0.0,0.0,23.26,2,2,0,1.0,True
2014-2015,2000025,KS. State Penitentiary,KS. State Penitentiary,KS,Leavenworth County,1,1,0,0,0,0,0.0,,,0.0,,0.0,0.0,0.0,0.0,0.0,0.0,0.0,,0.0,0.0,0.0,,0.0,,0.0,0.0,True,,,,,,,1,1,0,1.0,True
2014-2015,2003780,Basehor-Linwood,Basehor-Linwood,KS,Leavenworth County,5,5,2414,21,2393,176,2.0,26.0,56.0,79.1,,163.1,161.1,161.1,0.0,30.6,0.0,5.0,,13.4,0.0,9.9,,3.0,,52.2,277.2,True,14.85,12.48,67.32,12.79,2.09,4.14,5,5,0,1.0,True
2014-2015,2004050,Bonner Springs,Bonner Springs,KS,Wyandotte County,5,5,2660,62,2598,205,3.0,51.2,49.0,94.6,,197.8,194.8,194.8,0.0,24.8,6.7,7.0,,18.5,2.0,10.3,,1.0,,52.0,320.1,True,13.34,11.83,74.98,9.55,2.69,3.96,5,5,0,1.0,True
2014-2015,2005490,De Soto,De Soto,KS,Johnson County,12,12,7089,145,6944,480,6.0,103.0,134.5,256.3,,499.8,493.8,493.8,0.0,84.2,8.0,17.4,,55.5,5.0,26.0,,2.0,,103.9,801.8,True,14.06,12.01,71.11,12.13,2.51,3.74,12,12,0,1.0,True
2014-2015,2005640,Easton,Easton,KS,Leavenworth County,3,3,639,10,629,37,0.1,13.4,10.4,35.9,,59.8,59.7,59.7,0.0,0.8,1.0,2.0,,6.5,0.0,4.1,,1.0,,16.0,91.2,True,10.54,10.4,94.91,1.27,3.18,6.52,3,3,0,1.0,True
2014-2015,2006330,Ft Leavenworth,Ft Leavenworth,KS,Leavenworth County,4,4,1769,25,1744,229,2.0,35.8,65.0,24.5,,127.3,125.3,125.3,0.0,28.7,4.0,4.0,,19.6,4.0,6.0,,3.7,,41.8,239.1,True,13.92,11.32,71.85,16.46,2.29,3.44,4,4,0,1.0,True
2014-2015,2006420,Gardner Edgerton,Gardner Edgerton,KS,Johnson County,11,11,5730,214,5516,467,9.6,91.4,93.5,186.1,,380.6,371.0,371.0,0.0,95.2,3.8,12.5,,41.8,10.6,22.0,,2.0,,84.8,653.3,True,14.87,11.83,67.26,17.26,2.27,3.99,11,11,0,1.0,True
2014-2015,2007950,Kansas City,Kansas City,KS,Wyandotte County,43,43,22129,971,21158,1875,86.5,222.6,483.3,685.7,,1478.1,1391.6,1391.6,0.0,292.0,106.9,52.6,,210.9,28.0,93.7,,4.0,,764.0,3030.2,True,15.2,12.57,65.77,13.8,2.49,4.43,43,43,0,1.0,True
2014-2015,2008250,Prairie View,Prairie View,KS,Miami County,0,0,934,54,880,56,1.0,13.6,25.4,42.8,,82.8,81.8,81.8,0.0,10.2,1.0,2.0,,8.7,1.0,5.0,,1.0,,28.9,140.6,True,10.76,9.57,92.95,11.59,2.27,5.68,4,0,4,0.0,False
2014-2015,2008340,Lansing,Lansing,KS,Leavenworth County,3,3,2503,0,2503,164,3.0,32.5,47.0,111.1,,193.6,190.6,190.6,0.0,66.0,0.0,4.0,,21.4,3.0,8.0,,3.0,,44.3,343.3,True,13.13,9.75,76.15,26.37,1.6,3.2,3,3,0,1.0,True
2014-2015,2008430,Leavenworth,Leavenworth,KS,Leavenworth County,7,7,3905,183,3722,281,10.0,53.1,77.7,132.1,,272.9,262.9,262.9,0.0,91.0,5.0,8.0,,62.0,5.0,19.0,,3.0,,110.0,575.9,True,14.16,10.52,70.63,24.45,2.15,5.1,7,7,0,1.0,True
2014-2015,2008970,Louisburg,Louisburg,KS,Miami County,5,5,1786,88,1698,117,2.0,18.1,34.5,62.3,,116.9,114.9,114.9,0.0,15.9,1.0,2.0,,9.0,2.0,5.0,,2.0,,34.6,188.4,True,14.78,12.98,67.67,9.36,1.18,2.94,5,5,0,1.0,True
2014-2015,2010140,Olathe,Olathe,KS,Johnson County,48,48,29296,857,28439,2115,81.0,374.2,564.9,1000.9,,2021.0,1940.0,1940.0,0.0,650.7,31.9,56.0,,293.5,36.1,90.0,,9.0,,484.7,3672.9,True,14.66,10.98,68.22,22.88,1.97,3.16,48,48,0,1.0,True
2014-2015,2010260,Osawatomie,Osawatomie,KS,Miami County,4,4,1281,110,1171,93,4.0,11.0,21.5,45.0,,81.5,77.5,77.5,0.0,2.0,4.8,2.0,,8.5,2.6,6.0,,1.0,,53.0,161.4,True,15.11,14.73,66.18,1.71,1.71,5.12,4,4,0,1.0,True
2014-2015,2010500,Paola,Paola,KS,Miami County,4,4,2025,49,1976,160,1.0,36.5,41.0,83.6,,162.1,161.1,161.1,0.0,248.0,0.0,2.0,,16.0,2.9,8.0,,4.0,,38.0,481.0,True,12.27,4.83,81.53,125.51,1.01,4.05,4,4,0,1.0,True
2014-2015,2010680,Piper-Kansas City,Piper-Kansas City,KS,Wyandotte County,4,4,2052,87,1965,166,4.1,18.4,35.3,61.0,,118.8,114.7,114.7,0.0,9.5,1.0,4.0,,8.5,2.0,7.0,,1.0,,35.2,187.0,True,17.13,15.82,58.37,4.83,2.04,3.56,4,4,0,1.0,True
2014-2015,2011640,Shawnee Mission Pub Sch,Shawnee Mission Pub Sch,KS,Johnson County,43,43,27470,372,27098,2113,25.5,400.4,580.0,737.6,,1743.5,1718.0,1718.0,0.0,360.5,27.6,35.5,,208.0,37.5,68.0,,5.0,,443.5,2929.1,True,15.77,13.04,63.4,13.3,1.31,2.51,43,43,0,1.0,True
2014-2015,2011850,Spring Hill,Spring Hill,KS,Johnson County,7,7,3349,92,3257,223,5.0,37.3,54.7,108.2,,205.2,200.2,200.2,0.0,76.2,4.0,7.0,,25.3,4.0,10.0,,4.0,,55.2,390.9,True,16.27,11.78,61.47,23.4,2.15,3.07,7,7,0,1.0,True
2014-2015,2012000,Blue Valley,Blue Valley,KS,Johnson County,34,34,22398,516,21882,1380,26.8,284.2,355.8,786.5,,1453.3,1426.5,1426.5,0.0,401.8,35.8,59.5,,214.4,39.0,66.0,,6.0,,354.4,2630.2,True,15.34,11.97,65.19,18.36,2.72,3.02,34,34,0,1.0,True
2014-2015,2012210,Tonganoxie,Tonganoxie,KS,Leavenworth County,3,3,1985,26,1959,126,1.5,24.9,48.5,85.0,,159.9,158.4,158.4,0.0,46.0,0.0,4.0,,9.8,2.0,6.5,,2.5,,74.0,304.7,True,12.37,9.58,80.86,23.48,2.04,3.32,3,3,0,1.0,True
2014-2015,2012360,Turner-Kansas City,Turner-Kansas City,KS,Wyandotte County,7,7,4222,187,4035,319,4.0,44.0,82.4,130.9,,261.3,257.3,257.3,0.0,67.7,11.0,10.0,,36.6,3.0,16.0,,5.0,,106.9,517.5,True,15.68,12.42,63.77,16.78,2.48,3.97,7,7,0,1.0,True
2014-2015,2900009,DIVISION OF YOUTH SERVICE,DIVISION OF YOUTH SERVICE,MO,Clay County,5,4,748,0,748,0,0.0,,0.0,118.5,,118.5,118.5,118.5,0.0,0.0,6.0,0.0,,0.0,0.0,0.0,,1.0,,0.0,125.5,True,6.31,6.31,158.42,0.0,0.0,0.0,42,5,37,0.119,False
2014-2015,2900011,B. BANNEKER ACADEMY,B. BANNEKER ACADEMY,MO,Jackson County,1,1,349,20,329,42,1.0,2.28,20.72,,,24.0,23.0,23.0,0.0,6.5,0.0,0.0,,2.0,0.0,2.0,,0.0,,8.0,42.5,True,14.3,11.15,69.91,19.76,0.0,6.08,1,1,0,1.0,True
2014-2015,2900013,DELLA LAMB ELEM.,DELLA LAMB ELEM.,MO,Jackson County,1,1,604,0,604,71,0.0,9.11,47.89,,,57.0,57.0,57.0,0.0,2.0,1.0,0.0,,20.5,0.0,1.0,,1.0,,11.0,93.5,True,10.6,10.24,94.37,3.31,0.0,1.66,1,1,0,1.0,True
2014-2015,2900014,HOGAN PREPARATORY ACADEMY,HOGAN PREPARATORY ACADEMY,MO,Jackson County,3,3,1034,0,1034,38,0.0,2.33,20.27,63.56,,86.16,86.16,86.16,0.0,6.0,3.05,1.99,,6.57,2.93,5.99,,1.0,,5.24,118.93,True,12.0,11.22,83.33,5.8,1.92,5.79,3,3,0,1.0,True
2014-2015,2900015,GORDON PARKS ELEM.,GORDON PARKS ELEM.,MO,Jackson County,1,1,126,0,126,49,0.0,4.62,13.13,,,17.75,17.75,17.75,0.0,2.0,1.35,0.0,,2.0,0.9,1.0,,0.0,,3.0,28.0,True,7.1,6.38,140.87,15.87,0.0,7.94,1,1,0,1.0,True
2014-2015,2900016,GENESIS SCHOOL INC.,GENESIS SCHOOL INC.,MO,Jackson County,1,1,271,0,271,38,0.0,1.0,0.0,18.0,,19.0,19.0,19.0,0.0,7.0,1.0,0.0,,11.0,1.0,1.0,,1.0,,2.0,43.0,True,14.26,10.42,70.11,25.83,0.0,3.69,1,1,0,1.0,True
2014-2015,2900017,ACADEMIE LAFAYETTE,ACADEMIE LAFAYETTE,MO,Jackson County,2,2,871,0,871,120,0.0,6.9,54.8,,,61.7,61.7,61.7,0.0,3.9,2.0,0.0,,3.8,1.8,2.0,,0.2,,1.0,76.4,True,14.12,13.28,70.84,4.48,0.0,2.3,2,2,0,1.0,True
2014-2015,2900019,SCUOLA VITA NUOVA,SCUOLA VITA NUOVA,MO,Jackson County,1,1,200,0,200,23,0.0,2.74,16.66,,,19.4,19.4,19.4,0.0,0.0,0.0,1.0,,0.6,0.0,2.0,,0.0,,2.0,25.0,True,10.31,10.31,97.0,0.0,5.0,10.0,1,1,0,1.0,True
2014-2015,2900022,MO SCHLS FOR THE SEV DISABLED,MO SCHLS FOR THE SEV DISABLED,MO,Jackson County,5,0,865,0,865,21,0.0,1.0,176.0,0.0,,177.0,177.0,177.0,0.0,306.6,0.0,0.0,,0.0,0.0,22.4,,2.0,,0.0,508.0,True,4.89,1.79,204.62,354.45,0.0,25.9,35,5,30,0.1429,False
2014-2015,2900024,BROOKSIDE CHARTER SCH.,BROOKSIDE CHARTER SCH.,MO,Jackson County,2,2,568,0,568,68,0.0,4.14,23.38,15.48,,43.0,43.0,43.0,0.0,0.0,0.1,0.0,,4.5,1.0,3.9,,2.0,,0.0,54.5,True,13.21,13.21,75.7,0.0,0.0,6.87,2,2,0,1.0,True
2014-2015,2900025,ALLEN VILLAGE,ALLEN VILLAGE,MO,Jackson County,2,2,639,0,639,35,0.0,2.21,28.42,10.1,,40.73,40.73,40.73,0.0,12.0,2.5,1.25,,1.0,0.0,2.25,,0.0,,7.0,66.73,True,15.69,12.12,63.74,18.78,1.96,3.52,2,2,0,1.0,True
2014-2015,2900027,UNIVERSITY ACADEMY,UNIVERSITY ACADEMY,MO,Jackson County,3,3,1001,0,1001,135,0.0,8.28,32.97,33.25,,74.5,74.5,74.5,0.0,6.0,0.0,4.0,,4.0,2.0,7.0,,1.0,,130.0,228.5,True,13.44,12.43,74.43,5.99,4.0,6.99,3,3,0,1.0,True
2014-2015,2900028,LEE A. TOLBERT COM. ACADEMY,LEE A. TOLBERT COM. ACADEMY,MO,Jackson County,1,1,514,0,514,77,0.0,5.51,32.1,,,37.61,37.61,37.61,0.0,9.0,2.28,0.0,,2.0,0.0,3.0,,0.0,,5.0,58.89,True,13.67,11.03,73.17,17.51,0.0,5.84,1,1,0,1.0,True
2014-2015,2900029,ALTA VISTA CHARTER SCH.,ALTA VISTA CHARTER SCH.,MO,Jackson County,3,3,711,0,711,75,0.0,4.0,14.0,47.0,,65.0,65.0,65.0,0.0,0.0,2.0,3.0,,10.0,0.0,4.0,,1.0,,0.0,85.0,True,10.94,10.94,91.42,0.0,4.22,5.63,3,3,0,1.0,True
2014-2015,2900031,KIPP: ENDEAVOR ACADEMY,KIPP: ENDEAVOR ACADEMY,MO,Jackson County,1,1,282,0,282,0,0.0,,0.0,24.62,,24.62,24.62,24.62,0.0,0.0,2.88,0.5,,0.0,0.0,1.0,,0.0,,0.0,29.0,True,11.45,11.45,87.3,0.0,1.77,3.55,1,1,0,1.0,True
2014-2015,2900587,PATHWAY ACADEMY,PATHWAY ACADEMY,MO,Jackson County,1,1,434,0,434,64,0.0,2.99,24.51,,,27.5,27.5,27.5,0.0,4.0,0.5,1.0,,2.0,0.0,1.0,,0.0,,1.5,37.5,True,15.78,13.78,63.36,9.22,2.3,2.3,1,1,0,1.0,True
2014-2015,2900590,FRONTIER SCHOOL OF INNOVATION,FRONTIER SCHOOL OF INNOVATION,MO,Jackson County,5,5,1262,0,1262,115,0.0,5.85,33.45,51.4,,90.7,90.7,90.7,0.0,0.0,1.9,0.0,,5.0,0.0,13.4,,1.0,,4.0,116.0,True,13.91,13.91,71.87,0.0,0.0,10.62,5,5,0,1.0,True
2014-2015,2900593,DELASALLE CHARTER SCHOOL,DELASALLE CHARTER SCHOOL,MO,Jackson County,1,1,299,0,299,0,0.0,,,20.0,,20.0,20.0,20.0,0.0,1.0,4.0,6.0,,5.5,0.0,0.0,,1.0,,2.0,39.5,True,14.95,14.24,66.89,3.34,20.07,0.0,1,1,0,1.0,True
2014-2015,2900597,EWING MARION KAUFFMAN SCHOOL,EWING MARION KAUFFMAN SCHOOL,MO,Jackson County,1,1,532,0,532,0,0.0,,0.0,45.25,,45.25,45.25,45.25,0.0,3.0,4.75,0.0,,2.0,0.0,3.0,,0.0,,0.0,58.0,True,11.76,11.03,85.06,5.64,0.0,5.64,1,1,0,1.0,True
2014-2015,2900601,HOPE LEADERSHIP ACADEMY,HOPE LEADERSHIP ACADEMY,MO,Jackson County,1,1,138,0,138,25,0.0,1.0,8.7,,,9.7,9.7,9.7,0.0,1.5,0.0,1.0,,0.0,0.0,1.0,,0.0,,1.0,14.2,True,14.23,12.32,70.29,10.87,7.25,7.25,1,1,0,1.0,True
2014-2015,2900603,CROSSROADS ACAD OF KANSAS CITY,CROSSROADS ACAD OF KANSAS CITY,MO,Jackson County,1,1,280,0,280,48,0.0,5.21,16.39,,,21.6,21.6,21.6,0.0,0.0,0.0,0.0,,0.0,0.0,0.0,,0.0,,0.0,21.6,True,12.96,12.96,77.14,0.0,0.0,0.0,1,1,0,1.0,True
2014-2015,2900604,ACADEMY FOR INTEGRATED ARTS,ACADEMY FOR INTEGRATED ARTS,MO,Jackson County,1,1,88,0,88,17,0.0,1.0,5.0,,,6.0,6.0,6.0,0.0,2.55,0.0,0.7,,0.0,0.0,1.0,,0.0,,1.0,11.25,True,14.67,10.29,68.18,28.98,7.95,11.36,1,1,0,1.0,True
2014-2015,2903200,ARCHIE R-V,ARCHIE R-V,MO,Cass County,2,2,544,5,539,41,1.23,2.16,15.43,27.16,,45.98,44.75,44.75,0.0,7.74,0.25,0.83,,2.14,0.56,2.0,,1.0,,7.0,67.5,True,12.04,10.27,83.02,14.36,1.54,3.71,2,2,0,1.0,True
2014-2015,2904620,BELTON 124,BELTON 124,MO,Cass County,9,8,4971,282,4689,358,13.67,20.91,153.59,123.68,,311.85,298.18,298.18,0.0,67.0,8.73,13.0,,23.93,6.94,14.1,,5.0,,81.11,531.66,True,15.73,12.84,63.59,14.29,2.77,3.01,9,9,0,1.0,True
2014-2015,2905310,BLUE SPRINGS R-IV,BLUE SPRINGS R-IV,MO,Jackson County,22,21,14466,181,14285,1005,19.72,59.61,354.69,464.18,,898.2,878.48,878.48,0.0,147.5,17.5,36.0,,59.3,11.72,48.0,,6.0,,155.0,1379.22,True,16.26,13.92,61.5,10.33,2.52,3.36,22,22,0,1.0,True
2014-2015,2908250,CENTER 58,CENTER 58,MO,Jackson County,8,6,2637,205,2432,242,9.47,11.0,86.14,114.5,,221.11,211.64,211.64,-0.0,42.0,9.08,6.84,,28.15,4.0,10.8,,1.0,,81.2,404.18,True,11.49,9.59,87.02,17.27,2.81,4.44,8,8,0,1.0,True
2014-2015,2910320,SHERWOOD CASS R-VIII,SHERWOOD CASS R-VIII,MO,Cass County,3,3,819,30,789,49,2.72,0.5,26.5,35.18,,64.9,62.18,62.18,0.0,14.0,2.0,3.0,,3.28,1.75,3.0,,1.0,,23.0,115.93,True,12.69,10.36,78.81,17.74,3.8,3.8,3,3,0,1.0,True
2014-2015,2911070,DREXEL R-IV,DREXEL R-IV,MO,Cass County,2,2,336,10,326,21,1.0,1.0,9.0,18.18,,29.18,28.18,28.18,0.0,4.0,0.0,0.85,,2.25,1.0,2.0,,1.0,,0.0,40.28,True,11.57,10.13,86.44,12.27,2.61,6.13,2,2,0,1.0,True
2014-2015,2911160,EAST LYNNE 40,EAST LYNNE 40,MO,Cass County,1,1,206,21,185,13,1.0,1.25,12.35,0.0,,14.6,13.6,13.6,0.0,4.0,0.0,0.0,,0.0,0.0,0.0,,1.0,,3.0,22.6,True,13.6,10.51,73.51,21.62,0.0,0.0,1,1,0,1.0,True
2014-2015,2911650,EXCELSIOR SPRINGS 40,EXCELSIOR SPRINGS 40,MO,Clay County,7,5,2872,97,2775,190,6.0,11.32,75.93,130.94,,224.19,218.19,218.19,0.0,33.04,12.0,7.0,,17.23,4.0,10.0,,4.0,,48.5,359.96,True,12.72,11.05,78.63,11.91,2.52,3.6,7,7,0,1.0,True
2014-2015,2912290,FORT OSAGE R-I,FORT OSAGE R-I,MO,Jackson County,12,8,5092,112,4980,414,8.2,25.36,154.54,150.9,,339.0,330.8,330.8,0.0,94.18,9.1,14.0,,20.45,13.0,13.9,,6.75,,200.18,710.56,True,15.05,11.72,66.43,18.91,2.81,2.79,12,12,0,1.0,True
2014-2015,2913080,GRAIN VALLEY R-V,GRAIN VALLEY R-V,MO,Jackson County,8,7,4023,68,3955,318,6.94,18.8,109.68,134.58,,270.0,263.06,263.06,0.0,69.28,5.0,10.0,,20.8,7.0,11.0,,3.0,,135.0,531.08,True,15.03,11.9,66.51,17.52,2.53,2.78,8,8,0,1.0,True
2014-2015,2913140,GRANDVIEW C-4,GRANDVIEW C-4,MO,Jackson County,9,8,4363,131,4232,371,5.0,20.83,139.97,116.71,,282.51,277.51,277.51,0.0,41.24,8.0,12.98,,12.06,7.99,16.0,,4.0,,0.0,384.78,True,15.25,13.28,65.57,9.74,3.07,3.78,9,9,0,1.0,True
2014-2015,2913680,HARDIN-CENTRAL C-2,HARDIN-CENTRAL C-2,MO,Ray County,2,2,236,19,217,22,0.24,1.18,10.71,11.2,,23.33,23.09,23.09,0.0,4.81,0.0,0.47,,1.19,1.0,1.83,,0.87,,4.0,37.5,True,9.4,7.78,106.41,22.17,2.17,8.43,2,2,0,1.0,True
2014-2015,2913760,HARRISONVILLE R-IX,HARRISONVILLE R-IX,MO,Cass County,7,5,2609,152,2457,166,2.85,9.75,63.8,111.11,,187.51,184.66,184.66,0.0,26.4,5.5,8.52,,11.4,3.86,8.5,,5.0,,116.0,372.69,True,13.31,11.64,75.16,10.74,3.47,3.46,7,7,0,1.0,True
2014-2015,2914340,HICKMAN MILLS C-1,HICKMAN MILLS C-1,MO,Jackson County,15,14,6739,495,6244,571,40.5,38.06,229.23,191.84,,499.63,459.13,459.13,0.0,102.79,7.1,15.0,,38.5,14.0,23.64,,3.5,,230.0,934.16,True,13.6,11.11,73.53,16.46,2.4,3.79,15,15,0,1.0,True
2014-2015,2915480,INDEPENDENCE 30,INDEPENDENCE 30,MO,Jackson County,30,27,15065,759,14306,1221,17.0,63.13,371.87,430.33,,882.33,865.33,865.33,0.0,117.47,25.0,33.1,,103.39,20.0,50.0,,7.0,,916.0,2154.29,True,16.53,14.56,60.49,8.21,2.31,3.5,30,30,0,1.0,True
2014-2015,2916400,KANSAS CITY 33,KANSAS CITY 33,MO,Jackson County,37,35,15386,1038,14348,1468,63.0,85.48,548.94,398.63,,1096.05,1033.05,1033.05,0.0,249.05,21.0,49.0,,137.65,24.0,67.5,,6.0,,651.0,2301.25,True,13.89,11.19,72.0,17.36,3.42,4.7,37,37,0,1.0,True
2014-2015,2916450,KEARNEY R-I,KEARNEY R-I,MO,Clay County,7,7,3501,0,3501,234,3.0,13.0,97.25,123.61,,236.86,233.86,233.86,0.0,44.73,2.5,8.0,,15.28,7.0,11.0,,4.0,,121.67,451.04,True,14.97,12.57,66.8,12.78,2.29,3.14,7,7,0,1.0,True
2014-2015,2918220,LAWSON R-XIV,LAWSON R-XIV,MO,Ray County,3,3,1148,0,1148,77,0.94,5.97,25.36,49.45,,81.72,80.78,80.78,0.0,6.44,0.5,3.0,,4.0,3.5,5.5,,1.0,,13.5,119.16,True,14.21,13.16,70.37,5.61,2.61,4.79,3,3,0,1.0,True
2014-2015,2918300,LEE'S SUMMIT R-VII,LEE'S SUMMIT R-VII,MO,Jackson County,27,25,17848,259,17589,1237,25.2,60.74,508.09,583.3,,1177.33,1152.13,1152.13,0.0,205.6,21.5,39.0,,129.41,18.5,53.5,,6.0,,783.98,2434.82,True,15.27,12.95,65.5,11.69,2.22,3.04,27,27,0,1.0,True
2014-2015,2918540,LIBERTY 53,LIBERTY 53,MO,Clay County,20,17,12009,253,11756,873,21.4,47.32,316.76,378.01,,763.49,742.09,742.09,0.0,125.62,12.2,29.6,,54.81,13.7,34.1,,3.5,,643.23,1680.25,True,15.84,13.55,63.12,10.69,2.52,2.9,20,20,0,1.0,True
2014-2015,2919230,LONE JACK C-6,LONE JACK C-6,MO,Jackson County,2,2,604,40,564,42,1.06,2.19,19.19,22.29,,44.73,43.67,43.67,0.0,12.27,1.0,2.0,,2.3,1.0,2.0,,1.0,,11.0,77.3,True,12.92,10.08,77.43,21.76,3.55,3.55,2,2,0,1.0,True
2014-2015,2921060,MISSOURI CITY 56,MISSOURI CITY 56,MO,Clay County,1,1,39,0,39,5,0.0,0.37,3.38,0.0,,3.75,3.75,3.75,0.0,0.0,0.0,0.2,,0.0,0.2,0.45,,0.0,,1.1,5.7,True,10.4,10.4,96.15,0.0,5.13,11.54,1,1,0,1.0,True
2014-2015,2922800,NORTH KANSAS CITY 74,NORTH KANSAS CITY 74,MO,Clay County,32,30,19862,600,19262,1494,33.5,69.42,487.24,674.25,,1264.41,1230.91,1230.91,0.0,133.0,15.0,49.5,,74.67,27.93,53.35,,6.5,,1069.54,2693.9,True,15.65,14.12,63.9,6.9,2.57,2.77,32,32,0,1.0,True
2014-2015,2922830,NORTH PLATTE CO. R-I,NORTH PLATTE CO. R-I,MO,Platte County,5,4,607,5,602,42,1.0,3.41,22.95,27.26,,54.62,53.62,53.62,0.0,7.9,1.59,2.0,,1.53,2.0,2.59,,1.0,,9.0,82.23,True,11.23,9.79,89.07,13.12,3.32,4.3,5,5,0,1.0,True
2014-2015,2923010,OAK GROVE R-VI,OAK GROVE R-VI,MO,Jackson County,4,4,2003,34,1969,135,3.7,7.0,51.0,78.73,,140.43,136.73,136.73,-0.0,22.0,2.29,5.0,,11.57,4.0,6.0,,2.0,,0.68,193.97,True,14.4,12.4,69.44,11.17,2.54,3.05,4,4,0,1.0,True
2014-2015,2923220,ORRICK R-XI,ORRICK R-XI,MO,Ray County,2,2,349,20,329,21,1.0,2.06,13.16,12.92,,29.14,28.14,28.14,0.0,6.0,0.43,1.43,,0.65,0.0,2.0,,1.0,,0.0,40.65,True,11.69,9.64,85.53,18.24,4.35,6.08,2,2,0,1.0,True
2014-2015,2923550,PARK HILL,PARK HILL,MO,Platte County,17,16,10924,208,10716,822,16.7,44.79,271.81,389.6,,722.9,706.2,706.2,0.0,138.84,2.5,26.0,,39.15,16.0,34.0,,5.0,,379.49,1363.88,True,15.17,12.68,65.9,12.96,2.43,3.17,17,17,0,1.0,True
2014-2015,2923730,RAYMORE-PECULIAR R-II,RAYMORE-PECULIAR R-II,MO,Cass County,10,10,6036,37,5999,400,6.03,26.72,189.81,168.96,,391.52,385.49,385.49,0.0,67.4,8.02,15.08,,36.77,9.95,20.12,,4.0,,81.0,633.86,True,15.56,13.25,64.26,11.24,2.51,3.35,10,10,0,1.0,True
2014-2015,2925230,PLATTE CO. R-III,PLATTE CO. R-III,MO,Platte County,8,7,3964,71,3893,291,4.2,18.16,133.82,125.92,,282.1,277.9,277.9,-0.0,37.0,11.25,12.1,,17.75,3.46,13.0,,4.0,,44.0,424.66,True,14.01,12.36,71.38,9.5,3.11,3.34,8,8,0,1.0,True
2014-2015,2925330,PLEASANT HILL R-III,PLEASANT HILL R-III,MO,Cass County,5,5,2210,169,2041,158,2.86,9.46,62.65,61.9,,136.87,134.01,134.01,0.0,21.17,3.0,6.85,,9.18,5.5,6.44,,3.0,,25.0,217.01,True,15.23,13.15,65.66,10.37,3.36,3.16,5,5,0,1.0,True
2014-2015,2926070,RAYTOWN C-2,RAYTOWN C-2,MO,Jackson County,19,16,9113,257,8856,682,18.37,35.23,254.94,320.31,,628.85,610.48,610.48,0.0,203.93,23.25,25.0,,51.27,9.81,28.95,,9.0,,520.0,1500.06,True,14.51,10.87,68.93,23.03,2.82,3.27,19,19,0,1.0,True
2014-2015,2926480,RICHMOND R-XVI,RICHMOND R-XVI,MO,Ray County,4,4,1586,33,1553,121,2.5,6.0,46.94,52.4,,107.84,105.34,105.34,0.0,12.33,2.17,4.5,,5.27,2.79,6.0,,2.0,,22.18,165.08,True,14.74,13.2,67.83,7.94,2.9,3.86,4,4,0,1.0,True
2014-2015,2928410,SMITHVILLE R-II,SMITHVILLE R-II,MO,Clay County,4,4,2564,39,2525,185,4.5,11.12,57.78,87.75,,161.15,156.65,156.65,0.0,35.39,7.8,5.9,,6.8,4.9,7.5,,3.0,,22.0,254.44,True,16.12,13.15,62.04,14.02,2.34,2.97,4,4,0,1.0,True
2014-2015,2929670,STRASBURG C-3,STRASBURG C-3,MO,Cass County,1,1,146,0,146,9,0.0,1.39,10.36,0.0,,11.75,11.75,11.75,0.0,0.0,0.25,0.0,,0.0,0.0,0.0,,0.0,,4.0,16.0,True,12.43,12.43,80.48,0.0,0.0,0.0,1,1,0,1.0,True
2014-2015,2931110,WASHINGTON,WASHINGTON,MO,Clay County,2,1,4201,161,4040,286,13.18,15.28,144.56,147.5,,320.52,307.34,307.34,0.0,79.97,3.8,13.38,,33.84,7.38,14.5,,3.5,,2.89,479.78,True,13.15,10.43,76.07,19.79,3.31,3.59,12,2,10,0.1667,False
2014-2015,2931710,WEST PLATTE CO. R-II,WEST PLATTE CO. R-II,MO,Platte County,2,2,595,39,556,40,2.0,4.73,24.14,27.96,,58.83,56.83,56.83,0.0,4.94,3.29,1.68,,2.29,1.96,2.87,,0.43,,11.93,88.22,True,9.78,9.0,102.21,8.88,3.02,5.16,2,2,0,1.0,True
2014-2015,2931800,MIDWAY R-I,MIDWAY R-I,MO,Cass County,2,2,437,0,437,23,0.09,2.25,17.66,19.57,,39.57,39.48,39.48,0.0,7.0,0.0,2.0,,3.5,1.8,2.0,,1.0,,9.0,65.87,True,11.07,9.4,90.34,16.02,4.58,4.58,2,2,0,1.0,True
2015-2016,2000018,School for Blind,School for Blind,KS,Wyandotte County,2,0,38,1,37,1,1.0,0.6,1.0,9.2,,11.8,10.8,,0.0,0.0,1.0,0.0,,0.0,0.0,0.0,,0.0,,0.0,12.8,True,3.43,3.43,291.89,0.0,0.0,0.0,2,2,0,1.0,True
2015-2016,2000019,School for Deaf,School for Deaf,KS,Johnson County,2,0,110,13,97,6,3.0,4.0,8.0,15.7,,30.7,27.7,,0.0,0.0,2.0,0.0,,1.0,1.0,2.0,,1.6,,0.0,38.3,True,3.5,3.5,285.57,0.0,0.0,20.62,2,2,0,1.0,True
2015-2016,2000025,KS. State Penitentiary,KS. State Penitentiary,KS,Leavenworth County,1,1,0,0,0,0,0.0,0.0,0.0,0.0,,0.0,0.0,,0.0,0.0,0.0,0.0,,0.0,0.0,0.0,,0.0,,0.0,0.0,True,,,,,,,1,1,0,1.0,True
2015-2016,2003780,Basehor-Linwood,Basehor-Linwood,KS,Leavenworth County,5,5,2454,25,2429,145,1.5,20.5,52.1,76.3,,150.4,148.9,,0.0,36.7,0.5,4.0,,14.1,2.0,11.3,,2.5,,47.6,269.1,True,16.31,13.09,61.3,15.11,1.65,4.65,5,5,0,1.0,True
2015-2016,2004050,Bonner Springs,Bonner Springs,KS,Wyandotte County,5,5,2768,80,2688,201,3.0,50.5,52.0,84.8,,190.3,187.3,,0.0,31.0,4.0,8.0,,20.0,3.0,11.3,,1.0,,60.0,328.6,True,14.35,12.31,69.68,11.53,2.98,4.2,5,5,0,1.0,True
2015-2016,2005490,De Soto,De Soto,KS,Johnson County,12,12,7054,145,6909,457,6.0,99.0,127.3,249.9,,482.2,476.2,,0.0,81.4,10.5,13.4,,54.5,3.0,22.0,,2.0,,101.8,770.8,True,14.51,12.39,68.92,11.78,1.94,3.18,12,12,0,1.0,True
2015-2016,2005640,Easton,Easton,KS,Leavenworth County,3,3,621,5,616,41,0.5,11.1,11.1,33.2,,55.9,55.4,,0.0,0.8,1.0,1.0,,6.3,0.0,4.1,,1.0,,18.3,88.4,True,11.12,10.96,89.94,1.3,1.62,6.66,3,3,0,1.0,True
2015-2016,2006330,Ft Leavenworth,Ft Leavenworth,KS,Leavenworth County,4,4,1863,176,1687,238,6.0,38.5,62.0,22.5,,129.0,123.0,123.0,0.0,40.4,4.0,4.0,,23.5,3.0,5.0,,1.7,,44.4,255.0,True,13.72,10.32,72.91,23.95,2.37,2.96,4,4,0,1.0,True
2015-2016,2006420,Gardner Edgerton,Gardner Edgerton,KS,Johnson County,11,11,5860,249,5611,460,,,,,,,,,,,,,,,,,,,,,,False,,,,,,,11,11,0,1.0,True
2015-2016,2007950,Kansas City,Kansas City,KS,Wyandotte County,43,43,22052,805,21247,1765,64.5,210.2,523.5,704.8,,1503.0,1438.5,,0.0,293.0,119.5,47.0,,188.0,21.0,93.0,,15.0,,771.0,3050.5,True,14.77,12.27,67.7,13.79,2.21,4.38,43,43,0,1.0,True
2015-2016,2008340,Lansing,Lansing,KS,Leavenworth County,3,3,2640,35,2605,184,2.9,36.5,47.0,112.1,,198.5,195.6,,0.0,58.4,0.0,3.0,,21.4,3.0,7.0,,3.0,,42.3,336.6,True,13.32,10.26,75.09,22.42,1.15,2.69,3,3,0,1.0,True
2015-2016,2008430,Leavenworth,Leavenworth,KS,Leavenworth County,7,7,3836,151,3685,287,9.0,56.1,75.2,126.3,,266.6,257.6,,0.0,92.0,5.0,8.0,,51.0,3.5,18.0,,2.0,,100.0,546.1,True,14.31,10.54,69.91,24.97,2.17,4.88,7,7,0,1.0,True
2015-2016,2008970,Louisburg,Louisburg,KS,Miami County,4,4,1795,82,1713,114,2.7,14.8,32.1,58.8,,108.4,105.7,,0.0,19.0,1.0,2.0,,7.0,2.0,5.5,,1.5,,36.5,182.9,True,16.21,13.74,61.7,11.09,1.17,3.21,4,4,0,1.0,True
2015-2016,2010140,Olathe,Olathe,KS,Johnson County,48,48,29430,863,28567,2123,,,,,,,,,,,,,,,,,,,,,,False,,,,,,,48,48,0,1.0,True
2015-2016,2010260,Osawatomie,Osawatomie,KS,Miami County,4,4,1185,60,1125,81,4.0,11.0,23.5,48.0,,86.5,82.5,82.5,0.0,2.0,4.0,2.0,,11.5,1.6,5.0,,1.0,,48.0,161.6,True,13.64,13.31,73.33,1.78,1.78,4.44,4,4,0,1.0,True
2015-2016,2010500,Paola,Paola,KS,Miami County,4,4,2018,38,1980,142,1.0,23.5,40.8,69.8,,135.1,134.1,134.1,0.0,227.0,0.0,2.0,,20.0,2.9,6.0,,4.0,,36.0,433.0,True,14.77,5.48,67.73,114.65,1.01,3.03,4,4,0,1.0,True
2015-2016,2010680,Piper-Kansas City,Piper-Kansas City,KS,Wyandotte County,4,4,2128,110,2018,146,4.5,15.6,37.0,65.0,,122.1,117.6,,0.0,13.5,1.0,4.0,,8.0,3.0,6.0,,1.0,,36.9,195.5,True,17.16,15.39,58.28,6.69,1.98,2.97,4,4,0,1.0,True
2015-2016,2011640,Shawnee Mission Pub Sch,Shawnee Mission Pub Sch,KS,Johnson County,43,43,27643,368,27275,2091,15.0,405.8,603.0,723.0,,1746.8,1731.8,,0.0,328.9,43.6,26.5,,195.1,5.0,67.8,,8.0,,422.3,2844.0,True,15.75,13.24,63.49,12.06,0.97,2.49,43,43,0,1.0,True
2015-2016,2011850,Spring Hill,Spring Hill,KS,Johnson County,7,7,3649,83,3566,257,5.0,38.0,53.1,114.9,,211.0,206.0,,0.0,80.9,2.0,7.0,,25.6,0.0,10.0,,2.0,,54.9,393.4,True,17.31,12.43,57.77,22.69,1.96,2.8,7,7,0,1.0,True
2015-2016,2012000,Blue Valley,Blue Valley,KS,Johnson County,34,34,22614,509,22105,1424,26.8,294.4,358.6,807.8,,1487.6,1460.8,,0.0,375.9,33.0,60.4,,209.4,39.0,66.0,,8.0,,343.1,2622.4,True,15.13,12.04,66.08,17.01,2.73,2.99,34,34,0,1.0,True
2015-2016,2012210,Tonganoxie,Tonganoxie,KS,Leavenworth County,3,3,1966,19,1947,130,2.1,28.2,44.2,79.5,,154.0,151.9,,0.0,44.0,1.5,4.0,,9.5,1.0,5.5,,2.5,,77.0,299.0,True,12.82,9.94,78.02,22.6,2.05,2.82,3,3,0,1.0,True
2015-2016,2012360,Turner-Kansas City,Turner-Kansas City,KS,Wyandotte County,7,7,4249,212,4037,338,6.0,46.8,77.9,131.9,,262.6,256.6,,0.0,73.0,13.0,10.0,,38.1,1.0,15.0,,5.0,,105.2,522.9,True,15.73,12.25,63.56,18.08,2.48,3.72,7,7,0,1.0,True
2015-2016,2900009,DIVISION OF YOUTH SERVICE,DIVISION OF YOUTH SERVICE,MO,Clay County,5,4,748,0,748,0,,,,113.46,,113.46,113.46,,,0.0,7.0,1.0,,0.0,0.0,0.0,,1.0,,0.0,122.46,True,6.59,6.59,151.68,0.0,1.34,0.0,42,5,37,0.119,False
2015-2016,2900011,B. BANNEKER ACADEMY,B. BANNEKER ACADEMY,MO,Jackson County,1,1,369,12,357,45,1.0,2.0,20.2,,,23.2,22.2,22.2,0.0,4.35,0.0,0.0,,3.0,0.0,2.0,,0.0,,6.0,38.55,True,16.08,13.45,62.18,12.18,0.0,5.6,1,1,0,1.0,True
2015-2016,2900013,DELLA LAMB ELEM.,DELLA LAMB ELEM.,MO,Jackson County,2,2,548,0,548,72,,7.08,46.92,,,54.0,54.0,54.0,,1.79,3.0,0.0,,41.96,0.0,1.0,,1.0,,8.0,110.75,True,10.15,9.82,98.54,3.27,0.0,1.82,2,2,0,1.0,True
2015-2016,2900014,HOGAN PREPARATORY ACADEMY,HOGAN PREPARATORY ACADEMY,MO,Jackson County,3,3,1003,0,1003,43,,3.8,20.8,61.8,,86.4,86.4,86.4,,7.0,3.06,2.0,,6.57,5.0,7.99,,1.0,,3.23,122.25,True,11.61,10.74,86.14,6.98,1.99,7.97,3,3,0,1.0,True
2015-2016,2900015,GORDON PARKS ELEM.,GORDON PARKS ELEM.,MO,Jackson County,1,1,173,0,173,55,,3.47,18.53,,,22.0,22.0,22.0,,3.0,0.25,0.8,,2.0,0.0,1.0,,0.0,,3.0,32.05,True,7.86,6.92,127.17,17.34,4.62,5.78,1,1,0,1.0,True
2015-2016,2900016,GENESIS SCHOOL INC.,GENESIS SCHOOL INC.,MO,Jackson County,1,1,285,0,285,42,,1.0,0.0,18.0,,19.0,19.0,19.0,,6.0,1.0,0.0,,13.0,1.0,1.0,,1.0,,3.0,45.0,True,15.0,11.4,66.67,21.05,0.0,3.51,1,1,0,1.0,True
2015-2016,2900017,ACADEMIE LAFAYETTE,ACADEMIE LAFAYETTE,MO,Jackson County,2,2,907,0,907,120,,7.14,56.96,,,64.1,64.1,64.1,,3.9,0.0,0.0,,5.9,1.5,5.0,,0.1,,1.0,81.5,True,14.15,13.34,70.67,4.3,0.0,5.51,2,2,0,1.0,True
2015-2016,2900019,SCUOLA VITA NUOVA,SCUOLA VITA NUOVA,MO,Jackson County,1,1,202,0,202,23,,1.14,18.76,,,19.9,19.9,19.9,,2.0,0.0,1.0,,0.3,0.0,2.0,,0.0,,2.0,27.2,True,10.15,9.22,98.51,9.9,4.95,9.9,1,1,0,1.0,True
2015-2016,2900022,MO SCHLS FOR THE SEV DISABLED,MO SCHLS FOR THE SEV DISABLED,MO,Jackson County,5,0,845,0,845,23,,2.0,173.85,0.0,,175.85,175.85,175.85,,309.75,0.0,0.0,,0.0,0.0,25.4,,2.0,,0.0,513.0,True,4.81,1.74,208.11,366.57,0.0,30.06,35,5,30,0.1429,False
2015-2016,2900024,BROOKSIDE CHARTER SCH.,BROOKSIDE CHARTER SCH.,MO,Jackson County,2,2,534,0,534,49,,4.19,24.62,15.19,,44.0,44.0,44.0,,0.0,0.1,0.0,,2.0,1.0,4.8,,1.0,,0.0,52.9,True,12.14,12.14,82.4,0.0,0.0,8.99,2,2,0,1.0,True
2015-2016,2900025,ALLEN VILLAGE,ALLEN VILLAGE,MO,Jackson County,2,2,672,0,672,34,,2.42,29.71,12.1,,44.23,44.23,44.23,,12.0,2.25,1.5,,1.0,0.0,2.25,,0.25,,0.0,63.48,True,15.19,11.95,65.82,17.86,2.23,3.35,2,2,0,1.0,True
2015-2016,2900027,UNIVERSITY ACADEMY,UNIVERSITY ACADEMY,MO,Jackson County,3,3,1003,0,1003,124,,8.08,32.47,32.45,,73.0,73.0,73.0,,6.0,0.0,3.0,,5.0,2.0,7.0,,2.0,,0.0,98.0,True,13.74,12.7,72.78,5.98,2.99,6.98,3,3,0,1.0,True
2015-2016,2900028,LEE A. TOLBERT COM. ACADEMY,LEE A. TOLBERT COM. ACADEMY,MO,Jackson County,1,1,541,0,541,70,,5.71,31.8,,,37.51,37.51,37.51,,9.0,2.29,0.0,,2.0,1.0,3.0,,0.0,,5.0,59.8,True,14.42,11.63,69.33,16.64,0.0,5.55,1,1,0,1.0,True
2015-2016,2900029,ALTA VISTA CHARTER SCH.,ALTA VISTA CHARTER SCH.,MO,Jackson County,3,3,849,0,849,76,,4.0,20.0,48.63,,72.63,72.63,72.63,,4.0,1.98,4.0,,8.96,0.0,6.0,,0.99,,0.0,98.56,True,11.69,11.08,85.55,4.71,4.71,7.07,3,3,0,1.0,True
2015-2016,2900031,KIPP: ENDEAVOR ACADEMY,KIPP: ENDEAVOR ACADEMY,MO,Jackson County,1,1,289,0,289,0,,,0.0,23.65,,23.65,23.65,23.65,,1.0,1.0,2.75,,0.0,0.0,1.2,,1.0,,0.0,30.6,True,12.22,11.72,81.83,3.46,9.52,4.15,1,1,0,1.0,True
2015-2016,2900587,PATHWAY ACADEMY,PATHWAY ACADEMY,MO,Jackson County,1,1,369,0,369,65,,2.62,21.88,,,24.5,24.5,24.5,,4.0,0.0,1.0,,3.0,0.0,1.0,,0.0,,1.5,35.0,True,15.06,12.95,66.4,10.84,2.71,2.71,1,1,0,1.0,True
2015-2016,2900590,FRONTIER SCHOOL OF INNOVATION,FRONTIER SCHOOL OF INNOVATION,MO,Jackson County,5,5,1487,0,1487,115,,6.18,37.72,60.2,,104.1,104.1,104.1,,2.0,1.9,0.0,,4.0,2.0,16.6,,1.0,,0.0,131.6,True,14.28,14.02,70.01,1.34,0.0,11.16,5,5,0,1.0,True
2015-2016,2900593,DELASALLE CHARTER SCHOOL,DELASALLE CHARTER SCHOOL,MO,Jackson County,1,1,227,0,227,0,,,,20.0,,20.0,20.0,20.0,,0.0,0.0,0.0,,0.0,0.0,0.0,,0.0,,2.0,22.0,True,11.35,11.35,88.11,0.0,0.0,0.0,1,1,0,1.0,True
2015-2016,2900597,EWING MARION KAUFFMAN SCHOOL,EWING MARION KAUFFMAN SCHOOL,MO,Jackson County,2,2,690,0,690,0,,,0.0,63.72,,63.72,63.72,63.72,,4.0,6.28,0.0,,3.0,0.0,3.5,,0.5,,0.0,81.0,True,10.83,10.19,92.35,5.8,0.0,5.07,2,2,0,1.0,True
2015-2016,2900601,HOPE LEADERSHIP ACADEMY,HOPE LEADERSHIP ACADEMY,MO,Jackson County,1,1,120,0,120,44,,2.0,9.0,,,11.0,11.0,11.0,,1.0,0.0,1.0,,0.0,0.0,2.0,,0.0,,0.0,15.0,True,10.91,10.0,91.67,8.33,8.33,16.67,1,1,0,1.0,True
2015-2016,2900603,CROSSROADS ACAD OF KANSAS CITY,CROSSROADS ACAD OF KANSAS CITY,MO,Jackson County,1,1,349,0,349,55,,3.9,22.7,,,26.6,26.6,26.6,,0.0,0.0,0.31,,1.0,0.0,0.0,,0.0,,0.0,27.91,True,13.12,13.12,76.22,0.0,0.89,0.0,1,1,0,1.0,True
2015-2016,2900604,ACADEMY FOR INTEGRATED ARTS,ACADEMY FOR INTEGRATED ARTS,MO,Jackson County,1,1,120,0,120,22,,1.0,7.0,,,8.0,8.0,8.0,,2.5,0.0,0.6,,0.0,0.0,2.0,,0.0,,1.0,14.1,True,15.0,11.43,66.67,20.83,5.0,16.67,1,1,0,1.0,True
2015-2016,2900612,CITIZENS OF THE WORLD CHARTER,CITIZENS OF THE WORLD CHARTER,MO,Jackson County,0,0,0,0,0,0,,,,,,,,,,,,,,,,,,,,,,False,,,,,,,0,0,0,0.0,True
2015-2016,2903200,ARCHIE R-V,ARCHIE R-V,MO,Cass County,2,2,546,8,538,37,1.26,2.19,14.55,26.05,,44.05,42.79,42.79,0.0,7.75,0.21,0.7,,2.15,0.52,2.0,,1.0,,8.15,66.53,True,12.57,10.65,79.54,14.41,1.3,3.72,2,2,0,1.0,True
2015-2016,2904620,BELTON 124,BELTON 124,MO,Cass County,9,8,4924,263,4661,350,15.03,19.17,152.21,124.2,,310.61,295.58,295.58,-0.0,83.0,11.7,12.0,,24.5,7.95,15.9,,6.0,,81.25,552.91,True,15.77,12.31,63.42,17.81,2.57,3.41,9,9,0,1.0,True
2015-2016,2905310,BLUE SPRINGS R-IV,BLUE SPRINGS R-IV,MO,Jackson County,22,21,14317,176,14141,933,18.74,58.14,357.67,463.87,,898.42,879.68,879.68,0.0,158.5,17.5,36.0,,55.28,12.72,47.0,,6.0,,143.5,1374.92,True,16.08,13.62,62.21,11.21,2.55,3.32,22,22,0,1.0,True
2015-2016,2908250,CENTER 58,CENTER 58,MO,Jackson County,8,6,2679,177,2502,214,10.18,11.0,85.62,110.35,,217.15,206.97,206.97,0.0,49.0,10.42,6.4,,34.4,3.0,10.8,,1.0,,80.2,412.37,True,12.09,9.77,82.72,19.58,2.56,4.32,8,8,0,1.0,True
2015-2016,2910320,SHERWOOD CASS R-VIII,SHERWOOD CASS R-VIII,MO,Cass County,3,3,849,40,809,66,2.0,1.69,25.31,33.29,,62.29,60.29,60.29,0.0,20.0,1.0,3.0,,5.0,1.75,3.0,,1.0,,23.0,120.04,True,13.42,10.08,74.52,24.72,3.71,3.71,3,3,0,1.0,True
2015-2016,2911070,DREXEL R-IV,DREXEL R-IV,MO,Cass County,2,2,333,20,313,17,1.0,1.0,10.2,18.05,,30.25,29.25,29.25,0.0,5.0,0.0,1.0,,1.66,1.0,1.79,,1.6,,0.0,42.3,True,10.7,9.14,93.45,15.97,3.19,5.72,2,2,0,1.0,True
2015-2016,2911160,EAST LYNNE 40,EAST LYNNE 40,MO,Cass County,1,1,194,18,176,16,1.0,1.23,11.62,0.0,,13.85,12.85,12.85,0.0,3.75,0.4,0.0,,0.0,0.35,0.0,,1.0,,2.2,21.55,True,13.7,10.6,73.01,21.31,0.0,0.0,1,1,0,1.0,True
2015-2016,2911650,EXCELSIOR SPRINGS 40,EXCELSIOR SPRINGS 40,MO,Clay County,7,5,2946,144,2802,183,6.0,11.33,76.94,125.86,,220.13,214.13,214.13,0.0,29.96,12.0,7.0,,17.11,4.87,10.0,,4.0,,48.58,353.65,True,13.09,11.48,76.42,10.69,2.5,3.57,7,7,0,1.0,True
2015-2016,2912290,FORT OSAGE R-I,FORT OSAGE R-I,MO,Jackson County,11,8,5084,106,4978,371,8.2,23.16,155.74,152.9,,340.0,331.8,331.8,0.0,94.78,9.6,14.0,,22.45,13.0,13.9,,6.75,,92.25,606.73,True,15.0,11.67,66.65,19.04,2.81,2.79,11,11,0,1.0,True
2015-2016,2913080,GRAIN VALLEY R-V,GRAIN VALLEY R-V,MO,Jackson County,8,7,4121,84,4037,301,7.0,17.69,113.49,147.82,,286.0,279.0,279.0,0.0,63.0,5.0,10.0,,22.0,7.0,11.0,,3.0,,3.0,410.0,True,14.47,11.8,69.11,15.61,2.48,2.72,8,8,0,1.0,True
2015-2016,2913140,GRANDVIEW C-4,GRANDVIEW C-4,MO,Jackson County,9,8,4414,129,4285,369,5.85,20.69,138.26,117.54,,282.34,276.49,276.49,0.0,41.85,6.0,13.0,,13.87,7.96,15.0,,4.0,,89.8,473.82,True,15.5,13.46,64.53,9.77,3.03,3.5,9,9,0,1.0,True
2015-2016,2913680,HARDIN-CENTRAL C-2,HARDIN-CENTRAL C-2,MO,Ray County,2,2,227,20,207,15,1.13,1.17,8.94,10.63,,21.87,20.74,20.74,-0.0,5.0,0.0,0.47,,2.24,0.8,2.0,,1.0,,4.0,37.38,True,9.98,8.04,100.19,24.15,2.27,9.66,2,2,0,1.0,True
2015-2016,2913760,HARRISONVILLE R-IX,HARRISONVILLE R-IX,MO,Cass County,7,5,2539,135,2404,178,2.69,9.91,62.8,113.11,,188.51,185.82,185.82,0.0,31.72,5.5,8.5,,11.73,3.86,8.5,,4.0,,112.0,374.32,True,12.94,11.05,77.3,13.19,3.54,3.54,7,7,0,1.0,True
2015-2016,2914340,HICKMAN MILLS C-1,HICKMAN MILLS C-1,MO,Jackson County,15,14,6341,502,5839,515,38.0,38.0,217.9,181.71,,475.61,437.61,437.61,0.0,100.41,13.5,14.96,,38.8,13.0,20.0,,4.5,,790.0,1470.78,True,13.34,10.85,74.95,17.2,2.56,3.43,15,15,0,1.0,True
2015-2016,2915480,INDEPENDENCE 30,INDEPENDENCE 30,MO,Jackson County,30,27,15083,839,14244,1112,21.46,74.85,387.0,436.46,,919.77,898.31,898.31,0.0,177.19,42.0,34.0,,106.79,18.0,51.0,,9.0,,905.0,2262.75,True,15.86,13.24,63.07,12.44,2.39,3.58,30,30,0,1.0,True
2015-2016,2916400,KANSAS CITY 33,KANSAS CITY 33,MO,Jackson County,37,35,15724,1001,14723,1404,72.0,80.79,531.03,407.1,,1090.92,1018.92,1018.92,0.0,229.2,21.5,47.0,,130.4,24.62,65.0,,6.0,,731.0,2345.64,True,14.45,11.8,69.21,15.57,3.19,4.41,37,37,0,1.0,True
2015-2016,2916450,KEARNEY R-I,KEARNEY R-I,MO,Clay County,7,7,3477,52,3425,184,4.0,11.0,97.25,124.43,,236.68,232.68,232.68,0.0,53.64,2.2,8.0,,22.6,7.0,10.93,,3.7,,144.81,489.56,True,14.72,11.96,67.94,15.66,2.34,3.19,7,7,0,1.0,True
2015-2016,2918220,LAWSON R-XIV,LAWSON R-XIV,MO,Ray County,3,3,1135,8,1127,76,1.47,6.04,23.92,49.09,,80.52,79.05,79.05,0.0,5.44,1.5,3.0,,5.65,2.5,5.5,,1.0,,13.5,118.61,True,14.26,13.34,70.14,4.83,2.66,4.88,3,3,0,1.0,True
2015-2016,2918300,LEE'S SUMMIT R-VII,LEE'S SUMMIT R-VII,MO,Jackson County,27,25,18084,334,17750,1253,29.45,65.22,508.14,591.25,,1194.06,1164.61,1164.61,0.0,193.58,16.61,39.0,,125.26,19.0,54.5,,6.0,,821.0,2469.01,True,15.24,13.07,65.61,10.91,2.2,3.07,27,27,0,1.0,True
2015-2016,2918540,LIBERTY 53,LIBERTY 53,MO,Clay County,20,17,12257,253,12004,896,23.75,48.74,312.36,392.24,,777.09,753.34,753.34,0.0,128.36,10.3,32.7,,58.88,12.95,38.99,,6.0,,635.38,1700.65,True,15.93,13.61,62.76,10.69,2.72,3.25,20,20,0,1.0,True
2015-2016,2919230,LONE JACK C-6,LONE JACK C-6,MO,Jackson County,2,2,599,42,557,39,1.11,2.0,19.12,24.51,,46.74,45.63,45.63,0.0,11.1,1.32,1.0,,2.8,1.58,2.0,,1.0,,11.5,79.04,True,12.21,9.82,81.92,19.93,1.8,3.59,2,2,0,1.0,True
2015-2016,2921060,MISSOURI CITY 56,MISSOURI CITY 56,MO,Clay County,1,1,34,0,34,7,,0.36,3.43,0.0,,3.79,3.79,3.79,,0.5,0.0,0.2,,0.0,0.2,0.45,,0.0,,0.0,5.14,True,8.97,7.93,111.47,14.71,5.88,13.24,1,1,0,1.0,True
2015-2016,2922800,NORTH KANSAS CITY 74,NORTH KANSAS CITY 74,MO,Clay County,32,30,19997,602,19395,1503,33.86,88.66,465.21,679.33,,1267.06,1233.2,1233.2,0.0,108.68,13.13,48.31,,53.58,27.0,60.87,,6.0,,910.03,2494.66,True,15.73,14.45,63.58,5.6,2.49,3.14,32,32,0,1.0,True
2015-2016,2922830,NORTH PLATTE CO. R-I,NORTH PLATTE CO. R-I,MO,Platte County,5,4,623,8,615,53,1.0,3.94,20.14,26.12,,51.2,50.2,50.2,0.0,7.45,1.69,2.0,,2.41,2.0,2.75,,1.0,,0.0,70.5,True,12.25,10.67,81.63,12.11,3.25,4.47,5,5,0,1.0,True
2015-2016,2923010,OAK GROVE R-VI,OAK GROVE R-VI,MO,Jackson County,4,4,2038,53,1985,145,3.7,10.0,49.0,78.3,,141.0,137.3,137.3,0.0,26.0,4.43,5.0,,7.57,4.0,6.0,,2.0,,0.29,196.29,True,14.46,12.16,69.17,13.1,2.52,3.02,4,4,0,1.0,True
2015-2016,2923220,ORRICK R-XI,ORRICK R-XI,MO,Ray County,2,2,330,23,307,9,0.0,1.15,10.01,12.11,,23.27,23.27,23.27,0.0,8.0,0.25,1.43,,1.32,0.0,2.05,,1.0,,0.0,37.32,True,13.19,9.82,75.8,26.06,4.66,6.68,2,2,0,1.0,True
2015-2016,2923550,PARK HILL,PARK HILL,MO,Platte County,17,16,11537,422,11115,852,17.2,47.27,284.03,392.43,,740.93,723.73,723.73,0.0,130.05,2.5,26.5,,40.5,16.0,32.2,,4.0,,390.31,1382.99,True,15.36,13.02,65.11,11.7,2.38,2.9,17,17,0,1.0,True
2015-2016,2923730,RAYMORE-PECULIAR R-II,RAYMORE-PECULIAR R-II,MO,Cass County,10,10,6092,160,5932,408,5.88,25.07,193.16,171.75,,395.86,389.98,389.98,0.0,68.74,7.95,15.02,,33.8,9.8,19.97,,4.0,,161.0,716.14,True,15.21,12.93,65.74,11.59,2.53,3.37,10,10,0,1.0,True
2015-2016,2925230,PLATTE CO. R-III,PLATTE CO. R-III,MO,Platte County,8,7,4030,69,3961,339,5.26,19.87,139.1,129.78,,294.01,288.75,288.75,0.0,48.0,10.0,12.6,,19.47,2.66,13.0,,4.0,,0.0,403.74,True,13.72,11.76,72.9,12.12,3.18,3.28,8,8,0,1.0,True
2015-2016,2925330,PLEASANT HILL R-III,PLEASANT HILL R-III,MO,Cass County,5,5,2083,40,2043,177,2.91,9.59,63.37,63.43,,139.3,136.39,136.39,-0.0,23.3,3.0,7.0,,8.43,5.5,6.38,,3.0,,27.0,222.91,True,14.98,12.79,66.76,11.4,3.43,3.12,5,5,0,1.0,True
2015-2016,2926070,RAYTOWN C-2,RAYTOWN C-2,MO,Jackson County,19,16,9498,497,9001,684,17.8,35.12,261.79,325.59,,640.3,622.5,622.5,0.0,184.5,22.8,26.0,,46.76,9.81,29.0,,8.0,,577.5,1544.67,True,14.46,11.15,69.16,20.5,2.89,3.22,19,19,0,1.0,True
2015-2016,2926480,RICHMOND R-XVI,RICHMOND R-XVI,MO,Ray County,4,4,1596,43,1553,122,2.5,6.0,45.82,52.48,,106.8,104.3,104.3,0.0,13.33,2.17,5.0,,5.27,2.79,6.0,,2.0,,21.79,165.15,True,14.89,13.2,67.16,8.58,3.22,3.86,4,4,0,1.0,True
2015-2016,2928410,SMITHVILLE R-II,SMITHVILLE R-II,MO,Clay County,4,4,2623,36,2587,176,5.0,10.04,59.06,91.04,,165.14,160.14,160.14,0.0,42.89,8.3,5.8,,7.5,4.9,8.8,,3.0,,20.0,266.33,True,16.15,12.74,61.9,16.58,2.24,3.4,4,4,0,1.0,True
2015-2016,2929670,STRASBURG C-3,STRASBURG C-3,MO,Cass County,1,1,156,0,156,11,,1.39,10.61,0.0,,12.0,12.0,12.0,,0.0,0.0,0.0,,0.0,0.0,0.0,,0.0,,4.1,16.1,True,13.0,13.0,76.92,0.0,0.0,0.0,1,1,0,1.0,True
2015-2016,2931710,WEST PLATTE CO. R-II,WEST PLATTE CO. R-II,MO,Platte County,2,2,582,37,545,38,2.0,3.67,27.33,28.53,,61.53,59.53,59.53,0.0,4.92,4.0,1.78,,2.2,1.96,2.87,,1.0,,12.43,92.69,True,9.16,8.46,109.23,9.03,3.27,5.27,2,2,0,1.0,True
2015-2016,2931800,MIDWAY R-I,MIDWAY R-I,MO,Cass County,2,2,424,0,424,35,0.21,2.25,17.54,19.47,,39.47,39.26,39.26,0.0,8.0,0.0,2.0,,3.5,1.9,2.0,,1.0,,9.0,66.87,True,10.8,8.97,92.59,18.87,4.72,4.72,2,2,0,1.0,True
2016-2017,2000018,School for Blind,School for Blind,KS,Wyandotte County,2,0,28,0,28,0,0.0,2.9,1.6,4.0,0.0,8.5,8.5,8.5,0.0,0.0,2.1,0.0,0.0,0.0,0.0,2.0,0.0,0.4,0.0,5.0,18.0,True,3.29,3.29,303.57,0.0,0.0,71.43,2,2,0,1.0,True
2016-2017,2000019,School for Deaf,School for Deaf,KS,Johnson County,2,0,104,12,92,6,3.0,6.0,7.0,12.7,0.0,28.7,25.7,25.7,0.0,0.0,2.0,0.0,0.0,0.0,0.5,1.0,0.0,1.6,0.0,0.0,33.8,True,3.58,3.58,279.35,0.0,0.0,10.87,2,2,0,1.0,True
2016-2017,2000025,KS. State Penitentiary,KS. State Penitentiary,KS,Leavenworth County,1,1,0,0,0,0,0.0,0.0,0.0,0.0,0.0,0.0,0.0,0.0,0.0,0.0,0.0,0.0,0.0,0.0,0.0,0.0,0.0,0.0,0.0,0.0,0.0,True,,,,,,,1,1,0,1.0,True
2016-2017,2003780,Basehor-Linwood,Basehor-Linwood,KS,Leavenworth County,5,5,2537,19,2518,164,1.8,22.1,58.0,79.5,0.0,161.4,159.6,159.6,0.0,50.1,0.1,5.0,0.0,0.0,2.0,9.0,8.6,3.5,4.0,47.0,290.7,True,15.78,12.01,63.38,19.9,1.99,3.57,5,5,0,1.0,True
2016-2017,2004050,Bonner Springs,Bonner Springs,KS,Wyandotte County,5,5,2722,54,2668,213,2.0,51.5,51.0,83.1,0.0,187.6,185.6,185.6,0.0,48.0,5.0,8.0,0.0,0.0,3.0,11.6,15.0,1.0,8.0,55.0,342.2,True,14.38,11.42,69.57,17.99,3.0,4.35,5,5,0,1.0,True
2016-2017,2005490,De Soto,De Soto,KS,Johnson County,12,12,7189,131,7058,473,6.0,90.6,125.3,257.8,0.0,479.7,473.7,473.7,0.0,84.7,8.0,16.0,0.0,0.0,8.0,23.0,21.7,4.0,9.0,104.7,758.8,True,14.9,12.64,67.12,12.0,2.27,3.26,12,12,0,1.0,True
2016-2017,2005640,Easton,Easton,KS,Leavenworth County,3,3,609,8,601,29,0.4,13.0,10.1,32.0,0.0,55.5,55.1,55.1,0.0,0.6,1.0,1.0,0.0,0.0,0.0,4.1,3.9,1.0,2.0,16.4,85.5,True,10.91,10.79,91.68,1.0,1.66,6.82,3,3,0,1.0,True
2016-2017,2006330,Ft Leavenworth,Ft Leavenworth,KS,Leavenworth County,4,4,1818,165,1653,238,9.0,38.5,59.5,22.0,0.0,129.0,120.0,120.0,0.0,42.6,6.0,4.0,0.0,0.0,4.0,5.0,3.2,3.0,7.0,46.8,250.6,True,13.78,10.17,72.6,25.77,2.42,3.02,4,4,0,1.0,True
2016-2017,2006420,Gardner Edgerton,Gardner Edgerton,KS,Johnson County,11,11,6036,281,5755,453,11.5,85.3,96.0,218.7,0.0,411.5,400.0,400.0,0.0,107.1,4.0,12.6,0.0,0.0,11.0,22.0,18.9,2.0,13.9,87.3,690.3,True,14.39,11.35,69.5,18.61,2.19,3.82,11,11,0,1.0,True
2016-2017,2007950,Kansas City,Kansas City,KS,Wyandotte County,43,43,22044,908,21136,1678,81.0,335.2,504.3,673.8,0.0,1594.3,1513.3,1513.3,0.0,297.0,93.4,49.0,0.0,0.0,23.0,97.0,128.0,7.0,43.0,764.0,3095.7,True,13.97,11.68,71.6,14.05,2.32,4.59,43,43,0,1.0,True
2016-2017,2008340,Lansing,Lansing,KS,Leavenworth County,3,3,2676,26,2650,147,3.9,35.7,48.0,109.1,0.0,196.7,192.8,192.8,0.0,55.9,0.0,3.0,0.0,0.0,3.0,7.0,6.5,2.0,5.0,42.3,321.4,True,13.74,10.66,72.75,21.09,1.13,2.64,3,3,0,1.0,True
2016-2017,2008430,Leavenworth,Leavenworth,KS,Leavenworth County,7,6,3870,151,3719,285,8.0,58.6,73.0,121.9,0.0,261.5,253.5,253.5,0.0,112.0,6.0,10.0,0.0,0.0,4.0,18.0,19.0,2.0,8.0,99.0,539.5,True,14.67,10.18,68.16,30.12,2.69,4.84,7,7,0,1.0,True
2016-2017,2008970,Louisburg,Louisburg,KS,Miami County,4,4,1790,94,1696,121,2.7,15.3,31.1,56.9,0.0,106.0,103.3,103.3,0.0,17.5,0.0,2.0,0.0,0.0,2.0,4.8,8.0,1.2,3.0,40.0,184.5,True,16.42,14.04,60.91,10.32,1.18,2.83,4,4,0,1.0,True
2016-2017,2010140,Olathe,Olathe,KS,Johnson County,48,48,29411,792,28619,2031,58.0,405.7,567.8,1010.3,0.0,2041.8,1983.8,1983.8,0.0,605.8,37.75,58.2,0.0,0.0,37.7,51.0,88.6,5.0,33.0,485.9,3444.75,True,14.43,11.05,69.32,21.17,2.03,1.78,48,48,0,1.0,True
2016-2017,2010260,Osawatomie,Osawatomie,KS,Miami County,4,4,1158,62,1096,71,4.0,12.0,23.0,45.6,0.0,84.6,80.6,80.6,0.0,2.0,2.0,2.0,0.0,0.0,2.6,5.1,5.0,0.9,3.0,49.0,156.2,True,13.6,13.27,73.54,1.82,1.82,4.65,4,4,0,1.0,True
2016-2017,2010500,Paola,Paola,KS,Miami County,4,4,2029,34,1995,142,1.0,21.1,40.5,69.8,0.0,132.4,131.4,131.4,0.0,220.0,0.0,2.0,0.0,0.0,2.9,6.0,13.0,4.0,6.0,35.0,421.3,True,15.18,5.68,65.86,110.28,1.0,3.01,4,4,0,1.0,True
2016-2017,2010680,Piper-Kansas City,Piper-Kansas City,KS,Wyandotte County,4,4,2270,116,2154,189,5.0,25.0,39.0,65.0,0.0,134.0,129.0,129.0,0.0,19.8,1.0,4.0,0.0,0.0,2.0,7.0,8.0,1.0,3.0,36.9,216.7,True,16.7,14.48,59.89,9.19,1.86,3.25,4,4,0,1.0,True
2016-2017,2011640,Shawnee Mission Pub Sch,Shawnee Mission Pub Sch,KS,Johnson County,43,43,27512,582,26930,2115,13.0,402.7,616.0,715.7,0.0,1747.4,1734.4,1734.4,0.0,320.0,53.4,28.5,0.0,0.0,5.0,77.0,72.7,10.0,36.0,411.0,2761.0,True,15.53,13.11,64.4,11.88,1.06,2.86,43,43,0,1.0,True
2016-2017,2011850,Spring Hill,Spring Hill,KS,Johnson County,7,5,3919,92,3827,261,5.0,42.1,57.1,108.7,0.0,212.9,207.9,207.9,0.0,85.9,8.0,1.5,0.0,0.0,0.0,10.0,12.0,3.0,7.4,54.8,395.5,True,18.41,13.03,54.32,22.45,0.39,2.61,7,7,0,1.0,True
2016-2017,2012000,Blue Valley,Blue Valley,KS,Johnson County,34,34,22676,520,22156,1439,26.8,215.5,436.39,819.21,0.0,1497.9,1471.1,1471.1,-0.0,385.1,37.0,62.5,0.0,0.0,39.0,70.0,91.1,5.0,71.2,343.6,2602.4,True,15.06,11.94,66.4,17.38,2.82,3.16,34,34,0,1.0,True
2016-2017,2012210,Tonganoxie,Tonganoxie,KS,Leavenworth County,3,3,1963,27,1936,110,1.0,27.3,40.1,77.2,0.0,145.6,144.6,144.6,0.0,41.5,1.0,4.0,0.0,0.0,1.0,6.0,9.0,2.0,3.5,54.5,268.1,True,13.39,10.4,74.69,21.44,2.07,3.1,3,3,0,1.0,True
2016-2017,2012360,Turner-Kansas City,Turner-Kansas City,KS,Wyandotte County,7,7,4102,201,3901,317,6.0,48.7,76.6,125.1,0.0,256.4,250.4,250.4,0.0,61.2,10.0,10.0,0.0,0.0,2.0,18.0,16.0,4.0,9.0,103.0,489.6,True,15.58,12.52,64.19,15.69,2.56,4.61,7,7,0,1.0,True
2016-2017,2900009,DIVISION OF YOUTH SERVICE,DIVISION OF YOUTH SERVICE,MO,Clay County,5,4,649,0,649,0,0.0,0.0,0.0,111.5,0.0,111.5,111.5,111.5,0.0,0.0,6.0,0.0,0.0,0.0,0.0,0.0,0.0,1.0,0.0,0.0,118.5,True,5.82,5.82,171.8,0.0,0.0,0.0,41,5,36,0.122,False
2016-2017,2900011,B. BANNEKER ACADEMY,B. BANNEKER ACADEMY,MO,Jackson County,1,1,356,11,345,36,1.0,2.0,19.5,0.0,0.0,22.5,21.5,21.5,0.0,1.0,2.0,0.0,0.0,0.0,0.0,1.0,0.0,1.0,5.0,6.0,38.5,True,16.05,15.33,62.32,2.9,0.0,2.9,1,1,0,1.0,True
2016-2017,2900013,DELLA LAMB ELEM.,DELLA LAMB ELEM.,MO,Jackson County,2,2,557,0,557,59,0.0,4.89,48.11,0.0,0.0,53.0,53.0,53.0,0.0,2.0,0.0,0.0,0.0,0.0,0.0,1.0,0.0,2.0,0.0,0.0,58.0,True,10.51,10.13,95.15,3.59,0.0,1.8,2,2,0,1.0,True
2016-2017,2900014,HOGAN PREPARATORY ACADEMY,HOGAN PREPARATORY ACADEMY,MO,Jackson County,3,3,968,0,968,39,0.0,2.31,19.29,65.76,0.0,87.36,87.36,87.36,0.0,10.0,3.0,1.0,0.0,0.0,3.99,7.49,0.0,2.0,12.0,3.6,130.44,True,11.08,9.94,90.25,10.33,1.03,7.74,3,3,0,1.0,True
2016-2017,2900015,GORDON PARKS ELEM.,GORDON PARKS ELEM.,MO,Jackson County,1,1,169,0,169,38,0.0,2.42,20.58,0.0,0.0,23.0,23.0,23.0,0.0,2.0,0.2,1.8,0.0,0.0,0.0,1.0,0.0,0.0,1.0,3.0,32.0,True,7.35,6.76,136.09,11.83,10.65,5.92,1,1,0,1.0,True
2016-2017,2900016,GENESIS SCHOOL INC.,GENESIS SCHOOL INC.,MO,Jackson County,1,1,288,0,288,33,0.0,0.0,0.0,20.0,0.0,20.0,20.0,20.0,0.0,8.0,1.0,0.0,0.0,0.0,1.0,1.0,0.0,1.0,2.0,3.0,37.0,True,14.4,10.29,69.44,27.78,0.0,3.47,1,1,0,1.0,True
2016-2017,2900017,ACADEMIE LAFAYETTE,ACADEMIE LAFAYETTE,MO,Jackson County,2,2,936,0,936,119,0.0,7.28,58.32,0.0,0.0,65.6,65.6,65.6,0.0,2.4,3.0,0.0,0.0,0.0,0.5,3.0,0.0,0.0,10.0,1.0,85.5,True,14.27,13.76,70.09,2.56,0.0,3.21,2,2,0,1.0,True
2016-2017,2900019,SCUOLA VITA NUOVA,SCUOLA VITA NUOVA,MO,Jackson County,1,1,207,0,207,23,0.0,1.24,18.56,0.0,0.0,19.8,19.8,19.8,0.0,2.0,0.0,0.0,0.0,0.0,0.0,2.0,1.0,0.0,5.0,2.0,31.8,True,10.45,9.5,95.65,9.66,0.0,9.66,1,1,0,1.0,True
2016-2017,2900022,MO SCHLS FOR THE SEV DISABLED,MO SCHLS FOR THE SEV DISABLED,MO,Jackson County,5,0,825,0,825,26,0.0,0.0,130.0,0.0,0.0,130.0,130.0,130.0,0.0,0.0,0.0,0.0,0.0,0.0,0.0,0.0,0.0,0.0,0.0,0.0,130.0,True,6.35,6.35,157.58,0.0,0.0,0.0,35,5,30,0.1429,False
2016-2017,2900024,BROOKSIDE CHARTER SCH.,BROOKSIDE CHARTER SCH.,MO,Jackson County,2,2,545,0,545,60,0.0,3.28,24.07,20.15,0.0,47.5,47.5,47.5,0.0,0.0,1.1,2.0,0.0,0.0,1.0,5.9,0.0,1.0,0.0,0.0,58.5,True,11.47,11.47,87.16,0.0,3.67,10.83,2,2,0,1.0,True
2016-2017,2900025,ALLEN VILLAGE,ALLEN VILLAGE,MO,Jackson County,2,2,613,0,613,37,0.0,2.63,22.95,11.5,0.0,37.08,37.08,37.08,0.0,16.5,2.5,1.0,0.0,0.0,0.0,1.25,0.0,1.5,3.0,4.0,66.83,True,16.53,11.44,60.49,26.92,1.63,2.04,2,2,0,1.0,True
2016-2017,2900027,UNIVERSITY ACADEMY,UNIVERSITY ACADEMY,MO,Jackson County,3,3,1066,0,1066,135,0.0,7.86,31.94,34.2,0.0,74.0,74.0,74.0,0.0,6.0,0.0,2.0,0.0,0.0,2.0,7.0,0.0,2.0,0.0,0.0,93.0,True,14.41,13.32,69.42,5.63,1.88,6.57,3,3,0,1.0,True
2016-2017,2900028,LEE A. TOLBERT COM. ACADEMY,LEE A. TOLBERT COM. ACADEMY,MO,Jackson County,1,1,518,0,518,66,0.0,5.25,33.29,0.0,0.0,38.54,38.54,38.54,0.0,10.0,1.2,0.0,0.0,0.0,1.0,1.0,0.0,0.0,6.0,4.0,61.74,True,13.44,10.67,74.4,19.31,0.0,1.93,1,1,0,1.0,True
2016-2017,2900029,ALTA VISTA CHARTER SCH.,ALTA VISTA CHARTER SCH.,MO,Jackson County,3,3,923,0,923,78,0.0,4.0,23.0,51.0,0.0,78.0,78.0,78.0,0.0,4.0,2.0,3.0,0.0,0.0,0.0,6.0,0.0,2.0,0.0,0.0,95.0,True,11.83,11.26,84.51,4.33,3.25,6.5,3,3,0,1.0,True
2016-2017,2900031,KIPP: ENDEAVOR ACADEMY,KIPP: ENDEAVOR ACADEMY,MO,Jackson County,1,1,420,0,420,39,0.0,2.29,0.0,29.71,0.0,32.0,32.0,32.0,0.0,1.0,0.0,0.0,0.0,0.0,0.0,0.0,0.0,0.0,0.0,0.0,33.0,True,13.12,12.73,76.19,2.38,0.0,0.0,1,1,0,1.0,True
2016-2017,2900587,PATHWAY ACADEMY,PATHWAY ACADEMY,MO,Jackson County,1,1,367,0,367,58,0.0,4.69,21.81,0.0,0.0,26.5,26.5,26.5,0.0,4.0,0.0,1.0,0.0,0.0,0.0,2.0,0.0,0.0,2.5,1.5,37.5,True,13.85,12.03,72.21,10.9,2.72,5.45,1,1,0,1.0,True
2016-2017,2900590,FRONTIER SCHOOL OF INNOVATION,FRONTIER SCHOOL OF INNOVATION,MO,Jackson County,5,5,1613,0,1613,122,0.0,6.42,43.62,77.82,0.0,127.86,127.86,127.86,0.0,4.14,3.0,0.0,0.0,0.0,2.0,15.0,0.0,1.0,0.0,0.0,153.0,True,12.62,12.22,79.27,2.57,0.0,9.3,5,5,0,1.0,True
2016-2017,2900593,DELASALLE CHARTER SCHOOL,DELASALLE CHARTER SCHOOL,MO,Jackson County,1,1,222,0,222,0,0.0,0.0,0.0,15.5,0.0,15.5,15.5,15.5,0.0,0.0,0.0,0.0,0.0,0.0,0.0,0.0,0.0,0.0,0.0,0.0,15.5,True,14.32,14.32,69.82,0.0,0.0,0.0,1,1,0,1.0,True
2016-2017,2900597,EWING MARION KAUFFMAN SCHOOL,EWING MARION KAUFFMAN SCHOOL,MO,Jackson County,2,2,839,0,839,0,0.0,0.0,0.0,75.38,0.0,75.38,75.38,75.38,0.0,4.0,5.6,0.0,0.0,0.0,0.0,3.0,0.0,0.99,10.0,0.0,98.97,True,11.13,10.57,89.85,4.77,0.0,3.58,2,2,0,1.0,True
2016-2017,2900601,HOPE LEADERSHIP ACADEMY,HOPE LEADERSHIP ACADEMY,MO,Jackson County,1,1,135,0,135,44,0.0,2.0,8.5,0.0,0.0,10.5,10.5,10.5,0.0,2.5,0.0,0.0,0.0,0.0,0.0,2.0,0.0,0.0,0.0,0.0,15.0,True,12.86,10.38,77.78,18.52,0.0,14.81,1,1,0,1.0,True
2016-2017,2900603,CROSSROADS ACAD OF KANSAS CITY,CROSSROADS ACAD OF KANSAS CITY,MO,Jackson County,2,2,561,0,561,105,0.0,7.9,41.3,0.0,0.0,49.2,49.2,49.2,0.0,5.0,0.8,1.0,0.0,0.0,0.0,3.0,0.0,1.0,2.0,4.0,66.0,True,11.4,10.35,87.7,8.91,1.78,5.35,2,2,0,1.0,True
2016-2017,2900604,ACADEMY FOR INTEGRATED ARTS,ACADEMY FOR INTEGRATED ARTS,MO,Jackson County,1,1,177,5,172,34,0.0,2.0,9.0,0.0,0.0,11.0,11.0,11.0,0.0,4.75,0.0,0.0,0.0,0.0,0.0,1.0,0.0,1.0,1.0,0.0,18.75,True,15.64,10.92,63.95,27.62,0.0,5.81,1,1,0,1.0,True
2016-2017,2900612,CITIZENS OF THE WORLD CHARTER,CITIZENS OF THE WORLD CHARTER,MO,Jackson County,1,1,130,0,130,91,0.0,7.14,5.46,0.0,0.0,12.6,12.6,12.6,0.0,3.0,1.0,0.0,0.0,0.0,0.0,1.0,0.0,1.0,0.0,0.0,18.6,True,10.32,8.33,96.92,23.08,0.0,7.69,1,1,0,1.0,True
2016-2017,2903200,ARCHIE R-V,ARCHIE R-V,MO,Cass County,2,2,547,5,542,43,1.13,2.22,14.39,26.8,0.0,44.54,43.41,43.41,0.0,7.38,0.22,0.7,0.0,0.0,0.43,2.0,0.0,1.0,4.62,6.0,66.89,True,12.49,10.67,80.09,13.62,1.29,3.69,2,2,0,1.0,True
2016-2017,2904620,BELTON 124,BELTON 124,MO,Cass County,9,8,4969,332,4637,333,15.53,18.29,152.09,126.17,0.0,312.08,296.55,296.55,0.0,85.0,12.2,13.0,0.0,0.0,7.95,15.0,0.0,5.0,41.5,76.75,568.48,True,15.64,12.15,63.95,18.33,2.8,3.23,9,9,0,1.0,True
2016-2017,2905310,BLUE SPRINGS R-IV,BLUE SPRINGS R-IV,MO,Jackson County,22,21,14318,158,14160,916,18.62,56.57,332.39,455.71,0.0,863.29,844.67,844.67,0.0,142.65,19.5,35.0,0.0,0.0,11.86,48.0,11.0,6.0,0.0,158.6,1295.9,True,16.76,14.34,59.65,10.07,2.47,3.39,22,22,0,1.0,True
2016-2017,2908250,CENTER 58,CENTER 58,MO,Jackson County,8,6,2645,151,2494,209,10.0,11.0,87.3,108.12,0.0,216.42,206.42,206.42,0.0,44.5,10.42,6.42,0.0,0.0,3.0,11.8,0.0,1.0,29.0,96.04,418.6,True,12.08,9.94,82.77,17.84,2.57,4.73,8,8,0,1.0,True
2016-2017,2910320,SHERWOOD CASS R-VIII,SHERWOOD CASS R-VIII,MO,Cass County,3,3,823,40,783,54,2.2,0.62,27.04,32.68,0.0,62.54,60.34,60.34,0.0,18.0,3.0,3.0,0.0,0.0,1.75,3.0,0.0,1.0,7.0,23.0,122.29,True,12.98,9.99,77.06,22.99,3.83,3.83,3,3,0,1.0,True
2016-2017,2911070,DREXEL R-IV,DREXEL R-IV,MO,Cass County,2,2,313,4,309,25,1.0,2.22,11.69,16.79,0.0,31.7,30.7,30.7,0.0,7.0,0.0,0.85,0.0,0.0,0.85,2.0,0.0,1.0,0.0,0.0,43.4,True,10.07,8.2,99.35,22.65,2.75,6.47,2,2,0,1.0,True
2016-2017,2911160,EAST LYNNE 40,EAST LYNNE 40,MO,Cass County,1,1,197,17,180,12,1.0,1.23,12.62,0.0,0.0,14.85,13.85,13.85,0.0,3.75,0.4,0.0,0.0,0.0,0.35,0.0,0.0,1.0,2.0,2.2,24.55,True,13.0,10.23,76.94,20.83,0.0,0.0,1,1,0,1.0,True
2016-2017,2911650,EXCELSIOR SPRINGS 40,EXCELSIOR SPRINGS 40,MO,Clay County,7,5,2938,136,2802,193,6.0,11.28,73.22,126.92,0.0,217.42,211.42,211.42,0.0,35.04,18.82,7.0,0.0,0.0,4.0,10.0,0.0,4.0,25.0,46.45,367.73,True,13.25,11.37,75.45,12.51,2.5,3.57,7,7,0,1.0,True
2016-2017,2912290,FORT OSAGE R-I,FORT OSAGE R-I,MO,Jackson County,11,8,4835,0,4835,364,11.12,22.1,159.77,150.68,0.0,343.67,332.55,332.55,0.0,82.78,9.6,15.0,0.0,0.0,13.0,13.9,1.0,6.75,94.33,77.92,657.95,True,14.54,11.64,68.78,17.12,3.1,2.87,11,11,0,1.0,True
2016-2017,2913080,GRAIN VALLEY R-V,GRAIN VALLEY R-V,MO,Jackson County,8,7,4257,79,4178,321,8.0,19.91,130.19,150.9,0.0,309.0,301.0,301.0,0.0,66.2,5.0,10.0,0.0,0.0,7.0,12.0,0.0,4.0,0.0,5.0,418.2,True,13.88,11.38,72.04,15.84,2.39,2.87,8,8,0,1.0,True
2016-2017,2913140,GRANDVIEW C-4,GRANDVIEW C-4,MO,Jackson County,9,7,4446,136,4310,314,5.0,19.7,135.17,106.19,0.0,266.06,261.06,261.06,0.0,41.55,8.0,13.98,0.0,0.0,8.0,15.0,0.0,4.0,0.0,30.0,386.59,True,16.51,14.24,60.57,9.64,3.24,3.48,9,9,0,1.0,True
2016-2017,2913680,HARDIN-CENTRAL C-2,HARDIN-CENTRAL C-2,MO,Ray County,2,2,241,19,222,20,0.36,1.23,9.73,9.9,0.0,21.22,20.86,20.86,0.0,5.0,0.0,0.47,0.0,0.0,0.8,2.0,0.0,1.0,2.0,4.0,36.49,True,10.64,8.58,93.96,22.52,2.12,9.01,2,2,0,1.0,True
2016-2017,2913760,HARRISONVILLE R-IX,HARRISONVILLE R-IX,MO,Cass County,7,5,2459,139,2320,170,3.19,11.08,63.03,114.91,0.0,192.21,189.02,189.02,0.0,27.8,5.8,8.5,0.0,0.0,3.86,8.5,0.0,4.0,30.0,115.0,395.67,True,12.27,10.7,81.47,11.98,3.66,3.66,7,7,0,1.0,True
2016-2017,2914340,HICKMAN MILLS C-1,HICKMAN MILLS C-1,MO,Jackson County,15,14,6328,508,5820,499,40.0,35.0,215.17,180.23,0.0,470.4,430.4,430.4,0.0,87.41,13.05,15.4,0.0,0.0,13.0,21.0,0.0,5.0,59.0,857.0,1541.26,True,13.52,11.24,73.95,15.02,2.65,3.61,15,15,0,1.0,True
2016-2017,2915480,INDEPENDENCE 30,INDEPENDENCE 30,MO,Jackson County,30,27,15095,846,14249,1106,23.0,73.39,392.72,458.49,0.0,947.6,924.6,924.6,0.0,234.58,21.0,35.0,0.0,0.0,20.0,52.0,0.0,9.0,139.0,876.0,2334.18,True,15.41,12.29,64.89,16.46,2.46,3.65,30,30,0,1.0,True
2016-2017,2916400,KANSAS CITY 33,KANSAS CITY 33,MO,Jackson County,35,33,15418,1101,14317,1222,58.0,89.98,521.56,394.91,0.0,1064.45,1006.45,1006.45,0.0,198.66,23.0,45.0,0.0,0.0,28.0,66.0,0.0,6.0,70.0,651.0,2152.11,True,14.23,11.88,70.3,13.88,3.14,4.61,35,35,0,1.0,True
2016-2017,2916450,KEARNEY R-I,KEARNEY R-I,MO,Clay County,7,7,3456,15,3441,222,4.0,12.0,94.3,126.7,0.0,237.0,233.0,233.0,0.0,59.41,1.7,8.0,0.0,0.0,7.0,11.5,0.0,3.7,24.0,144.25,496.56,True,14.77,11.77,67.71,17.27,2.32,3.34,7,7,0,1.0,True
2016-2017,2918220,LAWSON R-XIV,LAWSON R-XIV,MO,Ray County,3,3,1146,18,1128,87,1.26,5.88,22.42,46.8,0.0,76.36,75.1,75.1,0.0,7.97,1.5,3.0,0.0,0.0,1.6,5.5,0.47,1.0,7.5,13.5,118.4,True,15.02,13.58,66.58,7.07,2.66,4.88,3,3,0,1.0,True
2016-2017,2918300,LEE'S SUMMIT R-VII,LEE'S SUMMIT R-VII,MO,Jackson County,27,25,18261,346,17915,1194,30.06,67.1,512.4,605.0,0.0,1214.56,1184.5,1184.5,0.0,201.0,8.03,42.0,0.0,0.0,18.54,56.0,0.0,6.0,151.0,769.6,2466.73,True,15.12,12.93,66.12,11.22,2.34,3.13,27,27,0,1.0,True
2016-2017,2918540,LIBERTY 53,LIBERTY 53,MO,Clay County,20,17,12427,276,12151,840,23.6,48.65,317.01,400.66,0.0,789.92,766.32,766.32,0.0,113.51,12.5,30.15,0.0,0.0,14.93,37.8,0.0,5.0,79.0,632.09,1714.9,True,15.86,13.81,63.07,9.34,2.48,3.11,20,20,0,1.0,True
2016-2017,2919230,LONE JACK C-6,LONE JACK C-6,MO,Jackson County,2,2,631,60,571,36,1.59,2.07,18.6,25.24,0.0,47.5,45.91,45.91,0.0,12.48,0.79,1.0,0.0,0.0,1.47,4.0,0.0,1.0,7.0,8.0,83.24,True,12.44,9.78,80.4,21.86,1.75,7.01,2,2,0,1.0,True
2016-2017,2921060,MISSOURI CITY 56,MISSOURI CITY 56,MO,Clay County,1,1,34,0,34,0,0.0,0.03,3.76,0.0,0.0,3.79,3.79,3.79,0.0,0.6,0.0,0.2,0.0,0.0,0.2,0.45,0.15,0.0,1.5,1.11,8.0,True,8.97,7.74,111.47,17.65,5.88,13.24,1,1,0,1.0,True
2016-2017,2922800,NORTH KANSAS CITY 74,NORTH KANSAS CITY 74,MO,Clay County,32,30,20188,597,19591,1503,12.0,91.61,454.41,699.7,0.0,1257.72,1245.72,1245.72,0.0,147.0,18.73,49.02,0.0,0.0,27.0,69.64,2.0,4.0,0.0,6.0,1581.11,True,15.73,14.07,63.59,7.5,2.5,3.55,32,32,0,1.0,True
2016-2017,2922830,NORTH PLATTE CO. R-I,NORTH PLATTE CO. R-I,MO,Platte County,5,4,615,0,615,49,1.0,3.41,18.5,27.24,0.0,50.15,49.15,49.15,0.0,10.0,1.69,2.0,0.0,0.0,1.0,2.65,0.0,1.0,0.0,0.0,68.49,True,12.51,10.4,79.92,16.26,3.25,4.31,5,5,0,1.0,True
2016-2017,2923010,OAK GROVE R-VI,OAK GROVE R-VI,MO,Jackson County,4,4,2023,44,1979,140,3.7,10.0,49.0,78.15,0.0,140.85,137.15,137.15,0.0,26.0,4.43,5.0,0.0,0.0,4.0,6.0,3.0,2.0,0.14,0.29,191.71,True,14.43,12.13,69.3,13.14,2.53,3.03,4,4,0,1.0,True
2016-2017,2923220,ORRICK R-XI,ORRICK R-XI,MO,Ray County,2,2,310,17,293,18,0.0,1.15,11.07,15.05,0.0,27.27,27.27,27.27,0.0,8.0,0.25,1.93,0.0,0.0,0.0,2.05,0.0,1.0,3.0,6.63,50.13,True,10.74,8.31,93.07,27.3,6.59,7.0,2,2,0,1.0,True
2016-2017,2923550,PARK HILL,PARK HILL,MO,Platte County,17,16,11659,384,11275,793,20.2,44.2,290.85,409.45,0.0,764.7,744.5,744.5,0.0,131.21,3.38,26.4,0.0,0.0,17.0,34.0,0.0,6.0,87.28,400.44,1470.41,True,15.14,12.88,66.03,11.64,2.34,3.02,17,17,0,1.0,True
2016-2017,2923730,RAYMORE-PECULIAR R-II,RAYMORE-PECULIAR R-II,MO,Cass County,10,10,6226,180,6046,407,6.52,25.83,195.06,171.3,0.0,398.71,392.19,392.19,0.0,69.75,9.0,15.17,0.0,0.0,8.78,19.92,7.5,4.0,23.33,169.5,725.66,True,15.42,13.09,64.87,11.54,2.51,3.29,10,10,0,1.0,True
2016-2017,2925230,PLATTE CO. R-III,PLATTE CO. R-III,MO,Platte County,7,6,4079,79,4000,300,5.5,19.69,141.91,132.48,0.0,299.58,294.08,294.08,0.0,50.0,6.0,11.54,0.0,0.0,3.07,13.0,0.0,5.0,0.0,0.0,388.19,True,13.6,11.63,73.52,12.5,2.88,3.25,7,7,0,1.0,True
2016-2017,2925330,PLEASANT HILL R-III,PLEASANT HILL R-III,MO,Cass County,5,5,2326,216,2110,161,2.82,9.6,63.38,62.06,0.0,137.86,135.04,135.04,-0.0,22.17,3.0,6.96,0.0,0.0,5.5,6.38,0.0,3.0,18.0,26.0,228.87,True,15.63,13.42,64.0,10.51,3.3,3.02,5,5,0,1.0,True
2016-2017,2926070,RAYTOWN C-2,RAYTOWN C-2,MO,Jackson County,19,16,9432,548,8884,592,16.8,34.58,268.0,329.59,0.0,648.97,632.17,632.17,-0.0,192.0,23.05,26.0,0.0,0.0,10.0,29.0,0.0,8.0,82.14,346.85,1366.01,True,14.05,10.78,71.16,21.61,2.93,3.26,19,19,0,1.0,True
2016-2017,2926480,RICHMOND R-XVI,RICHMOND R-XVI,MO,Ray County,4,4,1583,43,1540,100,2.5,6.0,45.09,52.65,0.0,106.24,103.74,103.74,0.0,14.83,2.17,5.0,0.0,0.0,2.62,6.0,4.0,2.0,14.0,21.49,178.35,True,14.84,12.99,67.36,9.63,3.25,3.9,4,4,0,1.0,True
2016-2017,2928410,SMITHVILLE R-II,SMITHVILLE R-II,MO,Clay County,4,4,2623,36,2587,163,6.5,10.03,59.57,91.08,0.0,167.18,160.68,160.68,0.0,41.89,7.1,5.85,0.0,0.0,3.9,8.8,1.0,3.0,16.8,20.0,275.52,True,16.1,12.77,62.11,16.19,2.26,3.4,4,4,0,1.0,True
2016-2017,2929670,STRASBURG C-3,STRASBURG C-3,MO,Cass County,1,1,162,0,162,19,0.0,1.28,10.62,0.0,0.0,11.9,11.9,11.9,0.0,0.0,0.0,0.0,0.0,0.0,0.0,0.0,0.0,0.0,3.0,4.1,19.0,True,13.61,13.61,73.46,0.0,0.0,0.0,1,1,0,1.0,True
2016-2017,2931710,WEST PLATTE CO. R-II,WEST PLATTE CO. R-II,MO,Platte County,2,2,632,46,586,43,2.0,3.68,27.46,29.88,0.0,63.02,61.02,61.02,0.0,5.0,4.0,1.06,0.0,0.0,1.96,2.14,0.0,1.43,5.0,10.42,94.03,True,9.6,8.88,104.13,8.53,1.81,3.65,2,2,0,1.0,True
2016-2017,2931800,MIDWAY R-I,MIDWAY R-I,MO,Cass County,2,2,426,0,426,25,0.05,2.25,17.1,19.44,0.0,38.84,38.79,38.79,-0.0,7.0,0.0,2.0,0.0,0.0,1.9,2.0,0.0,1.0,4.0,9.0,65.74,True,10.98,9.3,91.06,16.43,4.69,4.69,2,2,0,1.0,True
2017-2018,2000018,School for Blind,School for Blind,KS,Wyandotte County,2,0,20,0,20,0,0.0,0.9,0.0,6.1,0.0,7.0,7.0,7.0,0.0,0.0,7.5,0.0,0.0,0.0,0.0,0.0,0.0,2.0,0.0,1.0,17.5,True,2.86,2.86,350.0,0.0,0.0,0.0,2,2,0,1.0,True
2017-2018,2000019,School for Deaf,School for Deaf,KS,Johnson County,2,0,105,10,95,7,4.0,5.0,8.0,13.7,0.0,30.7,26.7,26.7,0.0,0.0,1.0,0.0,0.0,0.0,0.0,2.0,0.0,1.0,0.0,0.0,34.7,True,3.56,3.56,281.05,0.0,0.0,21.05,2,2,0,1.0,True
2017-2018,2000025,Lansing Correctional Facility,Lansing Correctional Facility,KS,Leavenworth County,1,1,0,0,0,0,0.0,0.0,0.0,0.0,0.0,0.0,0.0,0.0,0.0,0.0,0.0,0.0,0.0,0.0,0.0,0.0,0.0,0.0,0.0,0.0,0.0,True,,,,,,,1,1,0,1.0,True
2017-2018,2003780,Basehor-Linwood,Basehor-Linwood,KS,Leavenworth County,5,5,2641,48,2593,173,2.0,22.4,57.9,76.6,0.0,158.9,156.9,156.9,0.0,50.1,0.6,5.0,0.0,0.0,2.0,9.0,9.3,3.5,5.0,42.7,286.1,True,16.53,12.53,60.51,19.32,1.93,3.47,5,5,0,1.0,True
2017-2018,2004050,Bonner Springs,Bonner Springs,KS,Wyandotte County,5,5,2744,78,2666,179,3.0,53.5,52.0,83.0,0.0,191.5,188.5,188.5,0.0,47.0,6.0,8.0,0.0,0.0,3.0,11.6,13.0,1.0,9.0,44.8,334.9,True,14.14,11.32,70.71,17.63,3.0,4.35,5,5,0,1.0,True
2017-2018,2005490,De Soto,De Soto,KS,Johnson County,12,12,7464,277,7187,520,6.0,92.2,124.5,257.0,0.0,479.7,473.7,473.7,0.0,86.7,9.0,18.6,0.0,0.0,12.0,26.0,21.7,4.0,9.0,106.3,773.0,True,15.17,12.82,65.91,12.06,2.59,3.62,12,12,0,1.0,True
2017-2018,2005640,Easton,Easton,KS,Leavenworth County,3,3,628,6,622,54,0.5,13.4,10.1,32.6,0.0,56.6,56.1,56.1,0.0,0.0,1.0,1.0,0.0,0.0,0.0,3.0,0.0,1.0,3.0,19.4,85.0,True,11.09,11.09,90.19,0.0,1.61,4.82,3,3,0,1.0,True
2017-2018,2006330,Ft Leavenworth,Ft Leavenworth,KS,Leavenworth County,4,4,1913,179,1734,252,9.0,38.0,62.5,22.5,0.0,132.0,123.0,123.0,0.0,39.4,8.0,4.0,0.0,0.0,4.0,5.0,3.2,3.0,8.0,43.1,249.7,True,14.1,10.68,70.93,22.72,2.31,2.88,4,4,0,1.0,True
2017-2018,2006420,Gardner Edgerton,Gardner Edgerton,KS,Johnson County,11,11,6113,273,5840,480,11.5,86.0,96.0,243.0,0.0,436.5,425.0,425.0,0.0,114.5,3.0,13.6,0.0,0.0,10.0,25.0,16.6,2.0,14.0,93.6,728.8,True,13.74,10.82,72.77,19.61,2.33,4.28,11,11,0,1.0,True
2017-2018,2007950,Kansas City,Kansas City,KS,Wyandotte County,47,47,22902,1165,21737,1829,90.0,382.3,496.3,747.9,0.0,1716.5,1626.5,1626.5,0.0,184.0,99.6,60.5,0.0,0.0,22.0,92.5,106.0,7.0,46.0,708.0,3042.1,True,13.36,12.01,74.83,8.46,2.78,4.26,47,47,0,1.0,True
2017-2018,2008340,Lansing,Lansing,KS,Leavenworth County,3,3,2641,8,2633,184,3.1,35.7,43.0,97.7,0.0,179.5,176.4,176.4,0.0,56.0,0.0,3.0,0.0,0.0,2.0,10.0,6.5,4.0,4.0,41.3,306.3,True,14.93,11.33,67.0,21.27,1.14,3.8,3,3,0,1.0,True
2017-2018,2008430,Leavenworth,Leavenworth,KS,Leavenworth County,7,6,3827,139,3688,282,7.0,65.2,76.0,115.0,0.0,263.2,256.2,256.2,0.0,106.0,6.0,10.0,0.0,0.0,3.0,19.0,16.0,2.0,9.0,98.0,532.2,True,14.4,10.18,69.47,28.74,2.71,5.15,7,7,0,1.0,True
2017-2018,2008970,Louisburg,Louisburg,KS,Miami County,4,4,1729,34,1695,115,3.7,15.8,30.6,55.7,0.0,105.8,102.1,102.1,0.0,17.0,0.0,2.0,0.0,0.0,1.0,3.8,8.0,1.2,3.0,41.5,183.3,True,16.6,14.23,60.24,10.03,1.18,2.24,4,4,0,1.0,True
2017-2018,2010140,Olathe,Olathe,KS,Johnson County,49,49,29939,1031,28908,1991,63.7,415.5,546.1,1068.2,0.0,2093.5,2029.8,2029.8,0.0,630.1,33.85,60.0,0.0,0.0,43.5,51.0,97.9,5.0,33.0,505.5,3553.35,True,14.24,10.87,70.22,21.8,2.08,1.76,49,49,0,1.0,True
2017-2018,2010260,Osawatomie,Osawatomie,KS,Miami County,4,4,1156,73,1083,94,4.0,12.0,23.0,41.6,0.0,80.6,76.6,76.6,0.0,2.0,2.0,2.0,0.0,0.0,1.0,5.1,5.0,0.9,3.0,49.0,150.6,True,14.14,13.78,70.73,1.85,1.85,4.71,4,4,0,1.0,True
2017-2018,2010500,Paola,Paola,KS,Miami County,4,4,2059,38,2021,158,1.0,22.5,41.0,71.6,0.0,136.1,135.1,135.1,0.0,232.0,0.0,2.0,0.0,0.0,2.9,6.0,13.0,4.0,6.0,36.0,438.0,True,14.96,5.51,66.85,114.79,0.99,2.97,4,4,0,1.0,True
2017-2018,2010680,Piper-Kansas City,Piper-Kansas City,KS,Wyandotte County,4,4,2375,120,2255,175,6.0,24.0,42.0,70.0,0.0,142.0,136.0,136.0,0.0,27.0,1.0,5.0,0.0,0.0,2.0,8.0,8.0,1.0,3.0,38.0,235.0,True,16.58,13.83,60.31,11.97,2.22,3.55,4,4,0,1.0,True
2017-2018,2011640,Shawnee Mission Pub Sch,Shawnee Mission Pub Sch,KS,Johnson County,43,43,27584,689,26895,2136,33.0,392.0,608.5,732.7,0.0,1766.2,1733.2,1733.2,0.0,329.7,57.5,22.0,0.0,0.0,0.0,82.8,73.7,9.0,39.1,408.2,2788.2,True,15.52,13.04,64.44,12.26,0.82,3.08,43,43,0,1.0,True
2017-2018,2011850,Spring Hill,Spring Hill,KS,Johnson County,7,5,4018,108,3910,269,4.0,49.75,63.25,116.85,0.0,233.85,229.85,229.85,0.0,66.3,6.0,2.0,0.0,0.0,0.0,9.0,13.0,3.0,7.4,50.2,390.75,True,17.01,13.2,58.79,16.96,0.51,2.3,7,7,0,1.0,True
2017-2018,2012000,Blue Valley,Blue Valley,KS,Johnson County,35,35,22717,467,22250,1457,28.8,324.8,446.65,833.68,0.0,1633.93,1605.13,1605.13,0.0,354.7,42.0,63.0,0.0,0.0,40.0,69.0,91.3,6.0,68.1,352.3,2720.33,True,13.86,11.35,72.14,15.94,2.83,3.1,35,35,0,1.0,True
2017-2018,2012210,Tonganoxie,Tonganoxie,KS,Leavenworth County,3,3,1976,25,1951,136,0.9,22.0,41.1,74.3,0.0,138.3,137.4,137.4,0.0,41.8,1.7,5.0,0.0,0.0,0.0,7.0,9.0,1.0,3.5,55.5,262.8,True,14.2,10.89,70.43,21.42,2.56,3.59,3,3,0,1.0,True
2017-2018,2012360,Turner-Kansas City,Turner-Kansas City,KS,Wyandotte County,7,7,4187,201,3986,283,6.0,57.6,80.1,125.5,0.0,269.2,263.2,263.2,0.0,57.5,8.0,10.0,0.0,0.0,0.0,20.0,16.0,4.0,9.0,98.0,491.7,True,15.14,12.43,66.03,14.43,2.51,5.02,7,7,0,1.0,True
2017-2018,2900009,DIVISION OF YOUTH SERVICE,DIVISION OF YOUTH SERVICE,MO,Clay County,5,4,619,0,619,0,0.0,0.0,0.0,114.5,0.0,114.5,114.5,114.5,0.0,0.0,4.0,0.0,0.0,0.0,0.0,0.0,0.0,1.0,0.0,0.0,119.5,True,5.41,5.41,184.98,0.0,0.0,0.0,41,5,36,0.122,False
2017-2018,2900011,B. BANNEKER ACADEMY,B. BANNEKER ACADEMY,MO,Jackson County,1,1,357,27,330,34,2.0,2.85,17.1,0.0,0.0,21.95,19.95,19.95,0.0,4.0,1.0,0.0,0.0,0.0,0.0,2.0,0.0,1.0,4.0,2.0,35.95,True,16.54,13.78,60.45,12.12,0.0,6.06,1,1,0,1.0,True
2017-2018,2900013,KC INTERNATIONAL ACADEMY,KC INTERNATIONAL ACADEMY,MO,Jackson County,1,1,602,0,602,64,0.0,7.28,49.42,0.0,0.0,56.7,56.7,56.7,0.0,2.0,1.0,2.0,0.0,0.0,0.0,1.0,0.0,2.0,0.0,0.0,64.7,True,10.62,10.26,94.19,3.32,3.32,1.66,1,1,0,1.0,True
2017-2018,2900014,HOGAN PREPARATORY ACADEMY,HOGAN PREPARATORY ACADEMY,MO,Jackson County,3,3,1088,0,1088,65,0.0,3.0,26.33,66.43,0.0,95.76,95.76,95.76,0.0,10.0,2.0,1.0,0.0,0.0,1.0,7.0,0.0,2.0,10.0,2.0,130.76,True,11.36,10.29,88.01,9.19,0.92,6.43,3,3,0,1.0,True
2017-2018,2900015,GORDON PARKS ELEM.,GORDON PARKS ELEM.,MO,Jackson County,1,1,180,0,180,40,0.0,2.41,20.19,0.0,0.0,22.6,22.6,22.6,0.0,3.0,0.2,0.6,0.0,0.0,0.0,1.0,0.0,0.0,1.0,3.75,32.15,True,7.96,7.03,125.56,16.67,3.33,5.56,1,1,0,1.0,True
2017-2018,2900016,GENESIS SCHOOL INC.,GENESIS SCHOOL INC.,MO,Jackson County,1,1,278,0,278,26,0.0,0.0,0.0,20.13,0.0,20.13,20.13,20.13,0.0,7.5,1.0,0.0,0.0,0.0,1.0,1.0,0.0,1.0,4.0,1.5,37.13,True,13.81,10.06,72.41,26.98,0.0,3.6,1,1,0,1.0,True
2017-2018,2900017,ACADEMIE LAFAYETTE,ACADEMIE LAFAYETTE,MO,Jackson County,2,2,969,0,969,132,0.0,9.5,57.1,0.0,0.0,66.6,66.6,66.6,0.0,1.65,2.0,0.0,0.0,0.0,0.5,3.0,0.0,0.0,10.0,1.0,84.75,True,14.55,14.2,68.73,1.7,0.0,3.1,2,2,0,1.0,True
2017-2018,2900019,SCUOLA VITA NUOVA,SCUOLA VITA NUOVA,MO,Jackson County,1,1,253,0,253,43,0.0,2.41,21.59,0.0,0.0,24.0,24.0,24.0,0.0,2.0,0.0,0.8,0.0,0.0,0.0,2.8,1.0,0.0,1.0,2.0,33.6,True,10.54,9.73,94.86,7.91,3.16,11.07,1,1,0,1.0,True
2017-2018,2900022,MO SCHLS FOR THE SEV DISABLED,MO SCHLS FOR THE SEV DISABLED,MO,Jackson County,5,0,785,0,785,20,0.0,0.0,158.6,0.0,0.0,158.6,158.6,158.6,0.0,301.67,0.0,0.0,0.0,0.0,0.0,21.4,0.0,2.0,0.0,1.0,484.67,True,4.95,1.71,202.04,384.29,0.0,27.26,35,5,30,0.1429,False
2017-2018,2900024,BROOKSIDE CHARTER SCH.,BROOKSIDE CHARTER SCH.,MO,Jackson County,2,2,630,20,610,71,2.0,7.13,31.12,19.25,0.0,59.5,57.5,57.5,0.0,3.0,1.1,2.0,0.0,0.0,0.0,3.9,0.0,1.0,0.0,0.0,70.5,True,10.61,10.08,94.26,4.92,3.28,6.39,2,2,0,1.0,True
2017-2018,2900025,ALLEN VILLAGE,ALLEN VILLAGE,MO,Jackson County,2,2,605,0,605,28,0.0,1.21,21.04,12.35,0.0,34.6,34.6,34.6,0.0,12.0,2.5,2.0,0.0,0.0,0.0,0.75,0.0,1.5,3.0,5.0,61.35,True,17.49,12.98,57.19,19.83,3.31,1.24,2,2,0,1.0,True
2017-2018,2900027,UNIVERSITY ACADEMY,UNIVERSITY ACADEMY,MO,Jackson County,3,3,1100,0,1100,134,0.0,8.13,33.87,34.0,0.0,76.0,76.0,76.0,0.0,6.0,0.0,2.0,0.0,0.0,2.0,8.0,0.0,2.0,0.0,0.0,96.0,True,14.47,13.41,69.09,5.45,1.82,7.27,3,3,0,1.0,True
2017-2018,2900028,LEE A. TOLBERT COM. ACADEMY,LEE A. TOLBERT COM. ACADEMY,MO,Jackson County,1,1,485,0,485,58,0.0,6.86,31.18,0.0,0.0,38.04,38.04,38.04,0.0,10.0,1.2,0.0,0.0,0.0,1.0,1.0,0.0,0.0,6.0,3.0,60.24,True,12.75,10.1,78.43,20.62,0.0,2.06,1,1,0,1.0,True
2017-2018,2900029,GUADALUPE CENTERS SCHOOLS,GUADALUPE CENTERS SCHOOLS,MO,Jackson County,3,3,1112,60,1052,91,4.0,5.0,32.0,51.0,0.0,92.0,88.0,88.0,0.0,7.0,2.0,3.34,0.0,0.0,0.0,6.0,0.0,1.5,0.0,0.0,111.84,True,11.95,11.07,83.65,6.65,3.17,5.7,3,3,0,1.0,True
2017-2018,2900031,KIPP: ENDEAVOR ACADEMY,KIPP: ENDEAVOR ACADEMY,MO,Jackson County,1,1,548,0,548,56,0.0,3.0,0.0,40.25,0.0,43.25,43.25,43.25,0.0,4.0,0.0,0.0,0.0,0.0,0.0,0.0,0.0,0.0,0.0,0.0,47.25,True,12.67,11.6,78.92,7.3,0.0,0.0,1,1,0,1.0,True
2017-2018,2900587,PATHWAY ACADEMY,PATHWAY ACADEMY,MO,Jackson County,1,1,210,10,200,49,1.09,4.81,15.09,0.0,0.0,20.99,19.9,19.9,0.0,3.0,3.0,1.0,0.0,0.0,0.0,1.0,0.0,0.0,2.5,1.5,32.99,True,10.05,8.73,99.5,15.0,5.0,5.0,1,1,0,1.0,True
2017-2018,2900590,FRONTIER SCHOOLS,FRONTIER SCHOOLS,MO,Jackson County,5,5,1632,0,1632,113,0.0,6.26,44.34,86.02,0.0,136.62,136.62,136.62,0.0,7.0,3.0,3.0,0.0,0.0,2.8,10.08,0.0,1.0,0.0,0.0,163.5,True,11.95,11.36,83.71,4.29,1.84,6.18,5,5,0,1.0,True
2017-2018,2900593,DELASALLE CHARTER SCHOOL,DELASALLE CHARTER SCHOOL,MO,Jackson County,1,1,196,0,196,0,0.0,0.0,0.0,9.38,0.0,9.38,9.38,9.38,0.0,4.0,2.89,0.0,0.0,0.0,0.45,0.0,0.0,1.0,11.0,3.0,31.72,True,20.9,14.65,47.86,20.41,0.0,0.0,1,1,0,1.0,True
2017-2018,2900597,EWING MARION KAUFFMAN SCHOOL,EWING MARION KAUFFMAN SCHOOL,MO,Jackson County,2,2,962,0,962,0,0.0,0.0,0.0,90.4,0.0,90.4,90.4,90.4,0.0,5.0,6.6,0.0,0.0,0.0,0.0,3.0,0.0,1.0,0.0,0.0,106.0,True,10.64,10.08,93.97,5.2,0.0,3.12,2,2,0,1.0,True
2017-2018,2900601,HOPE LEADERSHIP ACADEMY,HOPE LEADERSHIP ACADEMY,MO,Jackson County,1,1,113,0,113,36,0.0,2.0,6.2,0.0,0.0,8.2,8.2,8.2,0.0,3.8,0.0,0.0,0.0,0.0,0.0,2.0,0.0,0.0,1.5,1.0,16.5,True,13.78,9.42,72.57,33.63,0.0,17.7,1,1,0,1.0,True
2017-2018,2900603,CROSSROADS CHARTER SCHOOLS,CROSSROADS CHARTER SCHOOLS,MO,Jackson County,2,2,683,0,683,106,0.0,8.53,49.47,4.1,0.0,62.1,62.1,62.1,0.0,7.0,1.0,2.0,0.0,0.0,0.0,3.5,0.0,1.0,9.5,0.0,86.1,True,11.0,9.88,90.92,10.25,2.93,5.12,2,2,0,1.0,True
2017-2018,2900604,ACADEMY FOR INTEGRATED ARTS,ACADEMY FOR INTEGRATED ARTS,MO,Jackson County,1,1,207,17,190,44,0.0,4.0,9.75,0.0,0.0,13.75,13.75,13.75,0.0,5.65,0.25,0.0,0.0,0.0,0.0,1.0,0.0,1.0,2.0,0.0,23.65,True,13.82,9.79,72.37,29.74,0.0,5.26,1,1,0,1.0,True
2017-2018,2900612,CITIZENS OF THE WORLD CHARTER,CITIZENS OF THE WORLD CHARTER,MO,Jackson County,1,1,221,0,221,93,0.0,6.41,11.99,0.0,0.0,18.4,18.4,18.4,0.0,0.0,1.0,0.0,0.0,0.0,0.0,1.0,8.0,1.0,0.0,0.0,29.4,True,12.01,12.01,83.26,0.0,0.0,4.52,1,1,0,1.0,True
2017-2018,2903200,ARCHIE R-V,ARCHIE R-V,MO,Cass County,2,2,537,6,531,34,1.05,2.24,14.83,24.73,0.0,42.85,41.8,41.8,-0.0,6.38,0.22,0.81,0.0,0.0,0.51,3.0,0.0,1.0,4.62,6.0,65.39,True,12.7,11.02,78.72,12.02,1.53,5.65,2,2,0,1.0,True
2017-2018,2904620,BELTON 124,BELTON 124,MO,Cass County,9,8,4868,306,4562,355,14.93,18.89,148.56,129.37,0.0,311.75,296.82,296.82,0.0,67.95,13.5,13.0,0.0,0.0,7.93,15.0,0.0,5.0,41.5,83.33,558.96,True,15.37,12.51,65.06,14.89,2.85,3.29,9,9,0,1.0,True
2017-2018,2905310,BLUE SPRINGS R-IV,BLUE SPRINGS R-IV,MO,Jackson County,22,21,14489,161,14328,998,19.31,57.38,348.84,459.74,0.0,885.27,865.96,865.96,0.0,145.63,19.0,34.72,0.0,0.0,12.86,46.0,14.0,6.0,0.0,157.37,1320.85,True,16.55,14.16,60.44,10.16,2.42,3.21,22,22,0,1.0,True
2017-2018,2908250,CENTER 58,CENTER 58,MO,Jackson County,8,6,2625,162,2463,219,9.25,11.0,89.4,111.4,0.0,221.05,211.8,211.8,0.0,45.0,9.42,6.75,0.0,0.0,2.8,11.8,0.0,2.0,27.0,98.2,424.02,True,11.63,9.59,85.99,18.27,2.74,4.79,8,8,0,1.0,True
2017-2018,2910320,SHERWOOD CASS R-VIII,SHERWOOD CASS R-VIII,MO,Cass County,3,3,835,45,790,67,2.13,4.91,23.64,31.89,0.0,62.57,60.44,60.44,0.0,17.71,3.2,3.0,0.0,0.0,0.66,3.0,0.0,1.0,7.0,20.0,118.14,True,13.07,10.11,76.51,22.42,3.8,3.8,3,3,0,1.0,True
2017-2018,2911070,DREXEL R-IV,DREXEL R-IV,MO,Cass County,2,2,342,30,312,17,1.0,0.41,12.31,16.78,0.0,30.5,29.5,29.5,0.0,7.0,0.5,1.0,0.0,0.0,0.8,2.0,0.0,1.0,4.0,8.58,55.38,True,10.58,8.55,94.55,22.44,3.21,6.41,2,2,0,1.0,True
2017-2018,2911160,EAST LYNNE 40,EAST LYNNE 40,MO,Cass County,1,1,125,10,115,16,0.0,1.23,12.22,0.0,0.0,13.45,13.45,13.45,0.0,3.75,0.0,0.0,0.0,0.0,0.35,0.8,0.0,0.5,2.0,2.2,23.05,True,8.55,6.69,116.96,32.61,0.0,6.96,1,1,0,1.0,True
2017-2018,2911650,EXCELSIOR SPRINGS 40,EXCELSIOR SPRINGS 40,MO,Clay County,7,5,2841,76,2765,216,7.0,12.2,76.66,130.21,0.0,226.07,219.07,219.07,0.0,32.5,19.3,7.0,0.0,0.0,4.0,10.0,0.0,4.0,24.0,41.0,367.87,True,12.62,10.99,79.23,11.75,2.53,3.62,7,7,0,1.0,True
2017-2018,2912290,FORT OSAGE R-I,FORT OSAGE R-I,MO,Jackson County,11,8,5069,119,4950,360,10.4,22.12,157.73,151.95,0.0,342.2,331.8,331.8,0.0,87.58,9.6,15.0,0.0,0.0,13.0,13.9,1.0,6.75,90.0,85.42,664.45,True,14.92,11.8,67.03,17.69,3.03,2.81,11,11,0,1.0,True
2017-2018,2913080,GRAIN VALLEY R-V,GRAIN VALLEY R-V,MO,Jackson County,8,7,4433,109,4324,320,9.4,18.8,142.87,156.73,0.0,327.8,318.4,318.4,-0.0,72.0,6.0,10.0,0.0,0.0,7.0,18.0,0.0,3.0,0.0,0.0,443.8,True,13.58,11.08,73.64,16.65,2.31,4.16,8,8,0,1.0,True
2017-2018,2913140,GRANDVIEW C-4,GRANDVIEW C-4,MO,Jackson County,9,7,4301,141,4160,320,5.8,18.4,148.05,121.25,0.0,293.5,287.7,287.7,0.0,47.63,8.0,14.0,0.0,0.0,7.0,15.0,0.0,5.0,0.0,0.0,390.13,True,14.46,12.41,69.16,11.45,3.37,3.61,9,9,0,1.0,True
2017-2018,2913680,HARDIN-CENTRAL C-2,HARDIN-CENTRAL C-2,MO,Ray County,2,2,84,0,84,5,0.96,1.17,9.13,10.19,0.0,21.45,20.49,20.49,0.0,3.0,0.0,0.47,0.0,0.0,0.8,1.0,0.0,1.0,2.0,4.0,33.72,True,4.1,3.58,243.93,35.71,5.6,11.9,2,2,0,1.0,True
2017-2018,2913760,HARRISONVILLE R-IX,HARRISONVILLE R-IX,MO,Cass County,7,5,2537,140,2397,167,4.44,11.38,62.78,114.92,0.0,193.52,189.08,189.08,0.0,26.4,4.6,10.0,0.0,0.0,3.98,8.5,0.0,5.0,26.0,112.0,390.0,True,12.68,11.12,78.88,11.01,4.17,3.55,7,7,0,1.0,True
2017-2018,2914340,HICKMAN MILLS C-1,HICKMAN MILLS C-1,MO,Jackson County,15,14,6019,469,5550,504,33.96,35.54,207.5,162.93,0.0,439.93,405.97,405.97,0.0,85.0,14.24,15.4,0.0,0.0,11.0,18.0,0.0,6.66,0.0,1.0,591.23,True,13.67,11.3,73.15,15.32,2.77,3.24,15,15,0,1.0,True
2017-2018,2915480,INDEPENDENCE 30,INDEPENDENCE 30,MO,Jackson County,30,27,15143,851,14292,1122,25.0,70.8,404.97,443.85,0.0,944.62,919.62,919.62,0.0,228.46,21.0,35.0,0.0,0.0,21.0,52.0,0.0,9.0,135.6,417.68,1864.36,True,15.54,12.45,64.35,15.99,2.45,3.64,30,30,0,1.0,True
2017-2018,2916400,KANSAS CITY 33,KANSAS CITY 33,MO,Jackson County,35,33,15370,1162,14208,1239,59.0,79.8,518.62,406.78,0.0,1064.2,1005.2,1005.2,0.0,223.12,22.5,43.0,0.0,0.0,27.97,65.7,0.0,8.5,73.0,581.0,2108.99,True,14.13,11.57,70.75,15.7,3.03,4.62,35,35,0,1.0,True
2017-2018,2916450,KEARNEY R-I,KEARNEY R-I,MO,Clay County,7,7,3507,50,3457,252,4.0,12.0,93.44,125.5,0.0,234.94,230.94,230.94,0.0,57.12,2.7,8.0,0.0,0.0,7.0,11.5,0.0,3.7,0.0,14.14,339.1,True,14.97,12.0,66.8,16.52,2.31,3.33,7,7,0,1.0,True
2017-2018,2918220,LAWSON R-XIV,LAWSON R-XIV,MO,Ray County,3,3,1159,16,1143,72,1.24,4.76,24.47,46.62,0.0,77.09,75.85,75.85,-0.0,9.12,1.5,2.0,0.0,0.0,1.6,5.5,0.32,1.0,7.5,13.5,119.13,True,15.07,13.45,66.36,7.98,1.75,4.81,3,3,0,1.0,True
2017-2018,2918300,LEE'S SUMMIT R-VII,LEE'S SUMMIT R-VII,MO,Jackson County,27,25,18287,359,17928,1216,29.7,69.33,511.88,610.23,0.0,1221.14,1191.44,1191.44,0.0,207.0,8.0,42.54,0.0,0.0,19.0,56.0,0.0,6.0,161.0,792.1,2512.78,True,15.05,12.82,66.46,11.55,2.37,3.12,27,27,0,1.0,True
2017-2018,2918540,LIBERTY 53,LIBERTY 53,MO,Clay County,20,17,12611,265,12346,875,25.15,49.85,314.15,417.36,0.0,806.51,781.36,781.36,0.0,141.95,9.24,31.05,0.0,0.0,14.15,41.33,0.0,6.0,80.0,640.0,1770.23,True,15.8,13.37,63.29,11.5,2.51,3.35,20,20,0,1.0,True
2017-2018,2919230,LONE JACK C-6,LONE JACK C-6,MO,Jackson County,2,2,676,53,623,55,1.5,3.17,19.57,24.94,0.0,49.18,47.68,47.68,0.0,9.3,0.5,1.88,0.0,0.0,1.62,3.0,0.0,1.0,7.0,8.0,81.48,True,13.07,10.93,76.53,14.93,3.02,4.82,2,2,0,1.0,True
2017-2018,2921060,MISSOURI CITY 56,MISSOURI CITY 56,MO,Clay County,1,1,19,0,19,2,0.0,0.56,3.23,0.0,0.0,3.79,3.79,3.79,0.0,0.8,0.0,0.2,0.0,0.0,0.2,0.45,0.15,0.0,1.5,1.1,8.19,True,5.01,4.14,199.47,42.11,10.53,23.68,1,1,0,1.0,True
2017-2018,2922800,NORTH KANSAS CITY 74,NORTH KANSAS CITY 74,MO,Clay County,32,30,20309,628,19681,1502,41.41,90.83,540.81,721.49,0.0,1394.54,1353.13,1353.13,0.0,244.0,20.52,48.49,0.0,0.0,27.0,69.18,0.0,5.0,201.05,861.18,2870.96,True,14.54,12.32,68.75,12.4,2.46,3.52,32,32,0,1.0,True
2017-2018,2922830,NORTH PLATTE CO. R-I,NORTH PLATTE CO. R-I,MO,Platte County,5,4,602,0,602,50,1.0,3.41,20.64,27.24,0.0,52.29,51.29,51.29,0.0,9.0,1.69,2.0,0.0,0.0,1.0,2.65,0.0,1.0,0.0,0.0,69.63,True,11.74,9.99,85.2,14.95,3.32,4.4,5,5,0,1.0,True
2017-2018,2923010,OAK GROVE R-VI,OAK GROVE R-VI,MO,Jackson County,4,4,1980,34,1946,152,3.7,10.0,49.0,78.15,0.0,140.85,137.15,137.15,0.0,24.0,4.43,5.0,0.0,0.0,4.0,6.0,3.0,2.0,0.12,0.28,189.68,True,14.19,12.08,70.48,12.33,2.57,3.08,4,4,0,1.0,True
2017-2018,2923220,ORRICK R-XI,ORRICK R-XI,MO,Ray County,2,2,306,18,288,16,1.03,1.12,12.42,14.5,0.0,29.07,28.04,28.04,0.0,8.0,0.5,0.93,0.0,0.0,0.0,2.0,0.0,1.0,3.5,6.63,51.63,True,10.27,7.99,97.36,27.78,3.23,6.94,2,2,0,1.0,True
2017-2018,2923550,PARK HILL,PARK HILL,MO,Platte County,17,16,11878,441,11437,831,20.8,45.27,299.61,416.67,0.0,782.35,761.55,761.55,-0.0,132.98,4.5,29.0,0.0,0.0,17.0,34.75,0.0,6.0,91.1,392.32,1490.0,True,15.02,12.79,66.59,11.63,2.54,3.04,17,17,0,1.0,True
2017-2018,2923730,RAYMORE-PECULIAR R-II,RAYMORE-PECULIAR R-II,MO,Cass County,9,9,6251,171,6080,402,6.59,25.26,166.55,205.65,0.0,404.05,397.46,397.46,-0.0,70.0,9.49,15.86,0.0,0.0,9.27,20.41,10.0,4.0,14.37,154.0,711.45,True,15.3,13.01,65.37,11.51,2.61,3.36,9,9,0,1.0,True
2017-2018,2925230,PLATTE CO. R-III,PLATTE CO. R-III,MO,Platte County,7,6,4164,85,4079,298,5.1,18.37,138.93,128.59,0.0,290.99,285.89,285.89,0.0,50.0,7.0,11.6,0.0,0.0,1.52,13.0,0.0,5.0,0.0,0.0,379.11,True,14.27,12.14,70.09,12.26,2.84,3.19,7,7,0,1.0,True
2017-2018,2925330,PLEASANT HILL R-III,PLEASANT HILL R-III,MO,Cass County,5,5,2200,44,2156,163,3.03,9.55,64.5,62.63,0.0,139.71,136.68,136.68,0.0,22.67,3.75,6.96,0.0,0.0,5.75,6.41,0.0,3.0,17.75,24.0,230.0,True,15.77,13.53,63.4,10.51,3.23,2.97,5,5,0,1.0,True
2017-2018,2926070,RAYTOWN C-2,RAYTOWN C-2,MO,Jackson County,19,16,9424,719,8705,599,19.0,35.57,262.56,330.63,0.0,647.76,628.76,628.76,0.0,177.3,21.8,27.0,0.0,0.0,10.0,30.0,0.0,8.2,92.0,338.73,1352.79,True,13.84,10.8,72.23,20.37,3.1,3.45,19,19,0,1.0,True
2017-2018,2926480,RICHMOND R-XVI,RICHMOND R-XVI,MO,Ray County,4,4,1456,0,1456,105,2.5,5.0,46.7,52.65,0.0,106.85,104.35,104.35,0.0,15.0,1.6,5.0,0.0,0.0,2.0,6.0,2.0,2.0,8.0,22.42,170.87,True,13.95,12.2,71.67,10.3,3.43,4.12,4,4,0,1.0,True
2017-2018,2928410,SMITHVILLE R-II,SMITHVILLE R-II,MO,Clay County,4,4,2631,40,2591,160,6.0,10.07,58.81,91.71,0.0,166.59,160.59,160.59,0.0,43.5,5.1,5.9,0.0,0.0,3.9,9.8,0.9,3.0,17.5,20.5,276.69,True,16.13,12.7,61.98,16.79,2.28,3.78,4,4,0,1.0,True
2017-2018,2929670,STRASBURG C-3,STRASBURG C-3,MO,Cass County,1,1,118,0,118,7,0.0,1.23,11.77,0.0,0.0,13.0,13.0,13.0,0.0,0.0,0.0,0.0,0.0,0.0,0.0,0.0,0.0,1.0,3.0,4.1,21.1,True,9.08,9.08,110.17,0.0,0.0,0.0,1,1,0,1.0,True
2017-2018,2931710,WEST PLATTE CO. R-II,WEST PLATTE CO. R-II,MO,Platte County,2,2,657,53,604,47,2.43,4.59,26.91,28.08,0.0,62.01,59.58,59.58,0.0,7.43,4.0,1.8,0.0,0.0,1.95,2.86,0.0,1.0,5.0,11.42,97.47,True,10.14,9.01,98.64,12.3,2.98,4.74,2,2,0,1.0,True
2017-2018,2931800,MIDWAY R-I,MIDWAY R-I,MO,Cass County,2,2,429,0,429,36,0.07,2.25,17.18,19.34,0.0,38.84,38.77,38.77,0.0,9.0,0.5,2.0,0.0,0.0,1.9,2.0,0.0,1.0,4.0,9.0,68.24,True,11.07,8.98,90.37,20.98,4.66,4.66,2,2,0,1.0,True
2018-2019,2000018,School for Blind,School for Blind,KS,Wyandotte County,2,0,28,0,28,0,0.0,1.3,2.0,6.2,0.0,9.5,9.5,9.5,0.0,0.0,1.5,0.0,0.0,0.0,0.0,1.0,0.0,1.0,0.0,8.0,21.0,True,2.95,2.95,339.29,0.0,0.0,35.71,2,2,0,1.0,True
2018-2019,2000019,School for Deaf,School for Deaf,KS,Johnson County,2,0,114,14,100,2,3.0,5.0,7.0,15.2,0.0,30.2,27.2,27.2,0.0,0.0,1.0,0.0,0.0,0.0,1.0,2.0,0.0,1.0,0.0,0.0,35.2,True,3.68,3.68,272.0,0.0,0.0,20.0,2,2,0,1.0,True
2018-2019,2000025,Lansing Correctional Facility,Lansing Correctional Facility,KS,Leavenworth County,0,0,0,0,0,0,0.0,0.0,0.0,0.0,0.0,0.0,0.0,0.0,0.0,0.0,0.0,0.0,0.0,0.0,0.0,0.0,0.0,0.0,0.0,0.0,0.0,True,,,,,,,0,0,0,0.0,True
2018-2019,2003780,Basehor-Linwood,Basehor-Linwood,KS,Leavenworth County,5,5,2730,42,2688,202,2.0,30.7,50.6,85.2,0.0,168.5,166.5,166.5,0.0,42.4,0.5,5.9,0.0,0.0,2.0,9.0,9.3,5.0,4.0,44.2,290.8,True,16.14,12.87,61.94,15.77,2.19,3.35,5,5,0,1.0,True
2018-2019,2004050,Bonner Springs,Bonner Springs,KS,Wyandotte County,5,5,2739,68,2671,194,3.0,52.95,56.0,83.5,0.0,195.45,192.45,192.45,0.0,51.0,6.33,8.0,0.0,0.0,2.0,11.6,13.0,1.0,9.0,54.0,351.38,True,13.88,10.97,72.05,19.09,3.0,4.34,5,5,0,1.0,True
2018-2019,2005490,De Soto,De Soto,KS,Johnson County,12,12,7422,196,7226,482,7.0,98.0,128.5,260.3,0.0,493.8,486.8,486.8,0.0,95.3,9.0,17.8,0.0,0.0,12.0,26.0,21.8,4.0,10.0,106.9,796.6,True,14.84,12.41,67.37,13.19,2.46,3.6,12,12,0,1.0,True
2018-2019,2005640,Easton,Easton,KS,Leavenworth County,3,3,657,8,649,49,1.0,13.65,11.2,32.15,0.0,58.0,57.0,57.0,0.0,0.0,1.0,2.0,0.0,0.0,0.0,3.05,0.0,1.0,2.7,18.4,86.15,True,11.39,11.39,87.83,0.0,3.08,4.7,3,3,0,1.0,True
2018-2019,2006330,Ft Leavenworth,Ft Leavenworth,KS,Leavenworth County,4,4,1840,160,1680,239,9.0,37.0,61.5,22.5,0.0,130.0,121.0,121.0,0.0,36.9,8.0,4.0,0.0,0.0,4.0,5.0,3.2,3.0,7.0,42.7,243.8,True,13.88,10.64,72.02,21.96,2.38,2.98,4,4,0,1.0,True
2018-2019,2006420,Gardner Edgerton,Gardner Edgerton,KS,Johnson County,11,11,6120,300,5820,430,16.0,93.6,97.5,244.0,0.0,451.1,435.1,435.1,0.0,128.8,0.0,14.0,0.0,0.0,11.0,28.0,16.6,2.0,15.0,94.6,761.1,True,13.38,10.32,74.76,22.13,2.41,4.81,11,11,0,1.0,True
2018-2019,2007950,Kansas City,Kansas City,KS,Wyandotte County,47,47,23292,1459,21833,1703,84.0,400.25,464.83,699.98,0.0,1649.06,1565.06,1565.06,0.0,277.0,99.61,54.0,0.0,0.0,24.5,100.0,113.0,1.0,58.0,841.0,3217.17,True,13.95,11.85,71.68,12.69,2.47,4.58,47,47,0,1.0,True
2018-2019,2008340,Lansing,Lansing,KS,Leavenworth County,4,4,2563,54,2509,116,8.0,38.02,42.98,96.7,0.0,185.7,177.7,177.7,0.0,39.7,0.0,3.0,0.0,0.0,1.0,10.0,6.8,4.0,4.0,48.1,302.3,True,14.12,11.54,70.83,15.82,1.2,3.99,4,4,0,1.0,True
2018-2019,2008430,Leavenworth,Leavenworth,KS,Leavenworth County,7,6,3871,155,3716,269,7.0,76.9,76.0,107.0,0.0,266.9,259.9,259.9,0.0,106.0,6.0,10.0,0.0,0.0,2.0,20.0,16.0,2.0,9.0,101.0,538.9,True,14.3,10.16,69.94,28.53,2.69,5.38,7,7,0,1.0,True
2018-2019,2008970,Louisburg,Louisburg,KS,Miami County,4,4,1778,94,1684,112,4.0,14.5,31.6,59.7,0.0,109.8,105.8,105.8,0.0,15.0,0.0,1.0,0.0,0.0,2.0,6.0,8.0,1.1,4.0,66.0,212.9,True,15.92,13.94,62.83,8.91,0.59,3.56,4,4,0,1.0,True
2018-2019,2010140,Olathe,Olathe,KS,Johnson County,50,50,30022,989,29033,2112,69.7,434.6,552.7,1132.75,0.0,2189.75,2120.05,2120.05,0.0,668.7,39.3,84.0,0.0,0.0,51.7,94.9,106.7,10.0,34.9,530.7,3810.65,True,13.69,10.41,73.02,23.03,2.89,3.27,50,50,0,1.0,True
2018-2019,2010260,Osawatomie,Osawatomie,KS,Miami County,4,4,1164,95,1069,77,3.0,10.0,25.0,40.6,0.0,78.6,75.6,75.6,0.0,2.0,2.0,2.0,0.0,0.0,1.0,5.1,5.0,0.9,3.0,49.0,148.6,True,14.14,13.78,70.72,1.87,1.87,4.77,4,4,0,1.0,True
2018-2019,2010500,Paola,Paola,KS,Miami County,4,4,1963,42,1921,128,1.0,20.5,43.0,72.1,0.0,136.6,135.6,135.6,0.0,242.0,0.0,3.0,0.0,0.0,2.9,7.0,13.0,3.0,6.0,36.0,449.5,True,14.17,5.09,70.59,125.98,1.56,3.64,4,4,0,1.0,True
2018-2019,2010680,Piper-Kansas City,Piper-Kansas City,KS,Wyandotte County,4,4,2430,120,2310,170,7.0,29.0,44.0,72.3,0.0,152.3,145.3,145.3,0.0,32.0,2.8,6.0,0.0,0.0,2.0,9.0,6.0,1.0,4.0,37.7,252.8,True,15.9,13.03,62.9,13.85,2.6,3.9,4,4,0,1.0,True
2018-2019,2011640,Shawnee Mission Pub Sch,Shawnee Mission Pub Sch,KS,Johnson County,44,44,27590,783,26807,2023,34.0,415.9,602.9,727.19,0.0,1779.99,1745.99,1745.99,0.0,521.0,46.5,30.5,0.0,0.0,34.0,87.7,83.0,9.4,52.5,510.4,3154.99,True,15.35,11.82,65.13,19.44,1.14,3.27,44,44,0,1.0,True
2018-2019,2011850,Spring Hill,Spring Hill,KS,Johnson County,8,6,4311,105,4206,317,2.0,50.9,70.0,131.6,0.0,254.5,252.5,252.5,0.0,72.4,7.0,2.0,0.0,0.0,1.0,12.0,15.0,3.0,8.4,56.4,431.7,True,16.66,12.95,60.03,17.21,0.48,2.85,8,8,0,1.0,True
2018-2019,2012000,Blue Valley,Blue Valley,KS,Johnson County,35,35,22783,477,22306,1550,26.8,257.2,453.07,857.16,0.0,1594.23,1567.43,1567.43,0.0,393.8,44.9,63.5,0.0,0.0,40.0,69.0,88.5,6.0,70.0,352.8,2722.73,True,14.23,11.37,70.27,17.65,2.85,3.09,35,35,0,1.0,True
2018-2019,2012210,Tonganoxie,Tonganoxie,KS,Leavenworth County,3,3,1945,22,1923,129,1.0,25.8,43.1,75.4,0.0,145.3,144.3,144.3,0.0,56.6,1.7,5.0,0.0,0.0,0.0,8.0,8.0,2.0,3.5,56.5,286.6,True,13.33,9.57,75.04,29.43,2.6,4.16,3,3,0,1.0,True
2018-2019,2012360,Turner-Kansas City,Turner-Kansas City,KS,Wyandotte County,7,7,4087,179,3908,314,6.0,54.5,82.6,124.9,0.0,268.0,262.0,262.0,0.0,58.0,8.0,9.0,0.0,0.0,0.0,20.0,16.5,4.0,9.0,94.0,486.5,True,14.92,12.21,67.04,14.84,2.3,5.12,7,7,0,1.0,True
2018-2019,2900009,DIVISION OF YOUTH SERVICE,DIVISION OF YOUTH SERVICE,MO,Clay County,5,4,620,0,620,0,0.0,0.0,0.0,115.5,0.0,115.5,115.5,115.5,0.0,0.0,0.0,0.0,0.0,0.0,0.0,1.0,0.0,0.0,0.0,0.0,116.5,True,5.37,5.37,186.29,0.0,0.0,1.61,41,5,36,0.122,False
2018-2019,2900011,B. BANNEKER ACADEMY,B. BANNEKER ACADEMY,MO,Jackson County,0,0,0,0,0,0,0.0,0.0,0.0,0.0,0.0,0.0,0.0,0.0,0.0,0.0,0.0,0.0,0.0,0.0,0.0,0.0,0.0,0.0,0.0,0.0,0.0,True,,,,,,,0,0,0,0.0,True
2018-2019,2900013,KC INTERNATIONAL ACADEMY,KC INTERNATIONAL ACADEMY,MO,Jackson County,1,1,620,0,620,73,0.0,8.45,58.85,0.0,0.0,67.3,67.3,67.3,0.0,2.0,1.0,1.8,0.0,0.0,0.0,1.0,0.0,2.0,3.0,3.0,81.1,True,9.21,8.95,108.55,3.23,2.9,1.61,1,1,0,1.0,True
2018-2019,2900014,HOGAN PREPARATORY ACADEMY,HOGAN PREPARATORY ACADEMY,MO,Jackson County,3,3,987,0,987,45,0.0,2.24,21.76,55.0,0.0,79.0,79.0,79.0,0.0,10.0,2.75,1.0,0.0,0.0,0.0,7.0,0.0,1.0,11.0,0.0,111.75,True,12.49,11.09,80.04,10.13,1.01,7.09,3,3,0,1.0,True
2018-2019,2900015,GORDON PARKS ELEM.,GORDON PARKS ELEM.,MO,Jackson County,1,1,151,0,151,31,0.0,2.46,17.59,0.0,0.0,20.05,20.05,20.05,0.0,2.75,1.2,1.0,0.0,0.0,0.65,1.0,0.0,0.0,1.0,1.0,28.65,True,7.53,6.62,132.78,18.21,6.62,6.62,1,1,0,1.0,True
2018-2019,2900016,GENESIS SCHOOL INC.,GENESIS SCHOOL INC.,MO,Jackson County,1,1,268,0,268,35,0.0,2.0,0.0,20.5,0.0,22.5,22.5,22.5,0.0,4.0,1.0,0.0,0.0,0.0,1.0,3.0,0.0,1.0,0.0,1.0,33.5,True,11.91,10.11,83.96,14.93,0.0,11.19,1,1,0,1.0,True
2018-2019,2900017,ACADEMIE LAFAYETTE,ACADEMIE LAFAYETTE,MO,Jackson County,2,2,1069,0,1069,187,0.0,10.98,41.27,21.25,0.0,73.5,73.5,73.5,0.0,1.0,1.5,0.0,0.0,0.0,0.0,3.0,0.0,0.0,9.0,1.0,89.0,True,14.54,14.35,68.76,0.94,0.0,2.81,2,2,0,1.0,True
2018-2019,2900019,SCUOLA VITA NUOVA,SCUOLA VITA NUOVA,MO,Jackson County,1,1,279,0,279,43,0.0,2.42,20.58,0.0,0.0,23.0,23.0,23.0,0.0,4.0,0.0,1.0,0.0,0.0,0.0,4.0,0.0,0.0,3.0,4.0,39.0,True,12.13,10.33,82.44,14.34,3.58,14.34,1,1,0,1.0,True
2018-2019,2900022,MO SCHLS FOR THE SEV DISABLED,MO SCHLS FOR THE SEV DISABLED,MO,Jackson County,5,0,796,0,796,19,0.0,0.0,157.0,0.0,0.0,157.0,157.0,157.0,0.0,280.27,0.0,0.0,0.0,0.0,0.0,21.4,0.0,1.0,0.0,1.0,460.67,True,5.07,1.82,197.24,352.1,0.0,26.88,35,5,30,0.1429,False
2018-2019,2900024,BROOKSIDE CHARTER SCH.,BROOKSIDE CHARTER SCH.,MO,Jackson County,2,2,699,30,669,72,1.0,5.23,31.07,17.5,0.0,54.8,53.8,53.8,0.0,13.0,2.5,2.0,0.0,0.0,0.0,4.9,0.0,1.0,0.0,0.0,78.2,True,12.43,10.01,80.42,19.43,2.99,7.32,2,2,0,1.0,True
2018-2019,2900025,ALLEN VILLAGE,ALLEN VILLAGE,MO,Jackson County,2,2,574,0,574,38,0.0,2.17,12.48,16.76,0.0,31.41,31.41,31.41,0.0,11.0,1.5,2.0,0.0,0.0,0.0,1.5,0.0,1.5,3.0,4.0,55.91,True,18.27,13.53,54.72,19.16,3.48,2.61,2,2,0,1.0,True
2018-2019,2900027,UNIVERSITY ACADEMY,UNIVERSITY ACADEMY,MO,Jackson County,3,3,1123,0,1123,110,0.0,6.97,35.03,36.3,0.0,78.3,78.3,78.3,0.0,6.0,0.0,2.7,0.0,0.0,2.0,8.0,0.0,2.0,0.0,0.0,99.0,True,14.34,13.32,69.72,5.34,2.4,7.12,3,3,0,1.0,True
2018-2019,2900028,LEE A. TOLBERT COM. ACADEMY,LEE A. TOLBERT COM. ACADEMY,MO,Jackson County,1,1,492,0,492,63,0.0,4.61,35.26,0.0,0.0,39.87,39.87,39.87,0.0,7.0,1.2,0.0,0.0,0.0,1.0,2.0,0.0,0.0,6.0,5.0,62.07,True,12.34,10.5,81.04,14.23,0.0,4.07,1,1,0,1.0,True
2018-2019,2900029,GUADALUPE CENTERS SCHOOLS,GUADALUPE CENTERS SCHOOLS,MO,Jackson County,3,3,1286,86,1200,98,1.0,5.77,27.23,58.0,0.0,92.0,91.0,91.0,0.0,2.0,2.0,4.0,0.0,0.0,0.0,6.0,0.0,3.0,0.0,0.0,109.0,True,13.19,12.9,75.83,1.67,3.33,5.0,3,3,0,1.0,True
2018-2019,2900031,KIPP: ENDEAVOR ACADEMY,KIPP: ENDEAVOR ACADEMY,MO,Jackson County,1,1,674,0,674,57,0.0,3.0,0.0,39.5,0.0,42.5,42.5,42.5,0.0,4.0,0.0,0.0,0.0,0.0,0.0,0.0,0.0,0.0,0.0,0.0,46.5,True,15.86,14.49,63.06,5.93,0.0,0.0,1,1,0,1.0,True
2018-2019,2900587,PATHWAY ACADEMY,PATHWAY ACADEMY,MO,Jackson County,1,1,181,8,173,53,1.0,3.82,11.18,0.0,0.0,16.0,15.0,15.0,0.0,0.0,0.0,0.0,0.0,0.0,0.0,1.0,0.0,0.0,2.0,0.5,19.5,True,11.53,11.53,86.71,0.0,0.0,5.78,1,1,0,1.0,True
2018-2019,2900590,FRONTIER SCHOOLS,FRONTIER SCHOOLS,MO,Jackson County,5,5,1626,20,1606,102,1.0,5.33,51.97,96.62,0.0,154.92,153.92,153.92,0.0,9.0,2.0,4.0,0.0,0.0,4.0,10.08,0.0,1.0,0.0,0.0,185.0,True,10.43,9.86,95.84,5.6,2.49,6.28,5,5,0,1.0,True
2018-2019,2900593,DELASALLE CHARTER SCHOOL,DELASALLE CHARTER SCHOOL,MO,Jackson County,1,1,113,0,113,0,0.0,0.0,0.0,8.5,0.0,8.5,8.5,8.5,0.0,0.5,0.0,2.0,0.0,0.0,0.0,0.0,0.0,0.0,6.0,11.0,28.0,True,13.29,12.56,75.22,4.42,17.7,0.0,1,1,0,1.0,True
2018-2019,2900597,EWING MARION KAUFFMAN SCHOOL,EWING MARION KAUFFMAN SCHOOL,MO,Jackson County,2,2,1078,0,1078,0,0.0,0.0,0.0,92.9,0.0,92.9,92.9,92.9,0.0,6.0,9.1,0.0,0.0,0.0,0.0,4.0,0.0,1.0,0.0,0.0,113.0,True,11.6,10.9,86.18,5.57,0.0,3.71,2,2,0,1.0,True
2018-2019,2900601,HOPE LEADERSHIP ACADEMY,HOPE LEADERSHIP ACADEMY,MO,Jackson County,1,1,99,0,99,35,0.0,1.0,4.4,0.0,0.0,5.4,5.4,5.4,0.0,2.6,0.0,0.0,0.0,0.0,0.0,1.0,0.0,0.0,3.0,10.5,22.5,True,18.33,12.38,54.55,26.26,0.0,10.1,1,1,0,1.0,True
2018-2019,2900603,CROSSROADS CHARTER SCHOOLS,CROSSROADS CHARTER SCHOOLS,MO,Jackson County,3,3,780,0,780,95,0.0,7.98,45.27,16.25,0.0,69.5,69.5,69.5,0.0,5.0,1.0,1.0,0.0,0.0,0.0,4.5,0.0,2.0,11.0,0.0,94.0,True,11.22,10.47,89.1,6.41,1.28,5.77,3,3,0,1.0,True
2018-2019,2900604,ACADEMY FOR INTEGRATED ARTS,ACADEMY FOR INTEGRATED ARTS,MO,Jackson County,1,1,230,11,219,55,0.0,3.0,10.78,0.0,0.0,13.78,13.78,13.78,0.0,4.37,0.25,0.0,0.0,0.0,0.0,1.0,0.0,1.0,2.0,0.0,22.4,True,15.89,12.07,62.92,19.95,0.0,4.57,1,1,0,1.0,True
2018-2019,2900612,CITIZENS OF THE WORLD CHARTER,CITIZENS OF THE WORLD CHARTER,MO,Jackson County,1,1,290,0,290,78,0.0,5.14,17.2,0.0,0.0,22.34,22.34,22.34,0.0,6.0,1.66,0.0,0.0,0.0,0.0,0.5,0.0,0.5,0.0,0.0,31.0,True,12.98,10.23,77.03,20.69,0.0,1.72,1,1,0,1.0,True
2018-2019,2903200,ARCHIE R-V,ARCHIE R-V,MO,Cass County,2,2,514,8,506,31,1.19,2.21,14.34,25.49,0.0,43.23,42.04,42.04,0.0,7.3,0.09,0.88,0.0,0.0,0.31,2.88,0.0,1.0,5.0,5.5,66.19,True,12.04,10.26,83.08,14.43,1.74,5.69,2,2,0,1.0,True
2018-2019,2904620,BELTON 124,BELTON 124,MO,Cass County,9,8,4712,298,4414,282,14.93,18.01,138.81,128.46,0.0,300.21,285.28,285.28,0.0,56.05,5.5,14.0,0.0,0.0,7.0,16.0,0.0,7.0,41.5,77.33,524.59,True,15.47,12.93,64.63,12.7,3.17,3.62,9,9,0,1.0,True
2018-2019,2905310,BLUE SPRINGS R-IV,BLUE SPRINGS R-IV,MO,Jackson County,22,21,14533,175,14358,1039,18.88,63.23,354.65,470.59,0.0,907.35,888.47,888.47,0.0,141.29,18.98,35.0,0.0,0.0,11.86,44.0,9.0,5.0,0.0,168.0,1340.48,True,16.16,13.94,61.88,9.84,2.44,3.06,22,22,0,1.0,True
2018-2019,2908250,CENTER 58,CENTER 58,MO,Jackson County,8,6,2639,114,2525,226,8.0,12.0,92.45,110.6,0.0,223.05,215.05,215.05,0.0,47.0,7.42,7.0,0.0,0.0,2.5,11.8,0.0,2.0,17.0,43.2,360.97,True,11.74,9.64,85.17,18.61,2.77,4.67,8,8,0,1.0,True
2018-2019,2910320,SHERWOOD CASS R-VIII,SHERWOOD CASS R-VIII,MO,Cass County,3,3,805,41,764,57,2.13,3.44,25.3,32.76,0.0,63.63,61.5,61.5,0.0,19.71,3.0,3.0,0.0,0.0,0.8,3.0,0.0,0.8,7.0,20.0,120.94,True,12.42,9.41,80.5,25.8,3.93,3.93,3,3,0,1.0,True
2018-2019,2911070,DREXEL R-IV,DREXEL R-IV,MO,Cass County,2,2,312,10,302,20,0.0,1.2,10.77,14.03,0.0,26.0,26.0,26.0,0.0,8.5,0.0,0.0,0.0,0.0,0.0,0.0,0.0,0.0,4.0,6.15,44.65,True,11.62,8.75,86.09,28.15,0.0,0.0,2,2,0,1.0,True
2018-2019,2911160,EAST LYNNE 40,EAST LYNNE 40,MO,Cass County,1,1,117,13,104,12,0.0,1.25,10.15,0.0,0.0,11.4,11.4,11.4,0.0,4.0,0.0,0.0,0.0,0.0,0.2,1.0,0.0,1.0,2.0,2.2,21.8,True,9.12,6.75,109.62,38.46,0.0,9.62,1,1,0,1.0,True
2018-2019,2911650,EXCELSIOR SPRINGS 40,EXCELSIOR SPRINGS 40,MO,Clay County,7,5,2886,90,2796,181,5.0,11.22,79.44,127.98,0.0,223.64,218.64,218.64,0.0,28.42,11.0,7.0,0.0,0.0,4.0,10.0,0.0,4.0,23.0,51.88,362.94,True,12.79,11.32,78.2,10.16,2.5,3.58,7,7,0,1.0,True
2018-2019,2912290,FORT OSAGE R-I,FORT OSAGE R-I,MO,Jackson County,11,8,5019,129,4890,339,9.96,24.46,154.83,147.65,0.0,336.9,326.94,326.94,0.0,84.58,8.3,15.0,0.0,0.0,13.0,14.9,1.0,7.0,56.0,212.58,749.26,True,14.96,11.88,66.86,17.3,3.07,3.05,11,11,0,1.0,True
2018-2019,2913080,GRAIN VALLEY R-V,GRAIN VALLEY R-V,MO,Jackson County,8,7,4471,123,4348,310,10.2,18.76,141.26,156.78,0.0,327.0,316.8,316.8,0.0,75.2,8.0,10.0,0.0,0.0,7.0,18.0,0.0,3.0,0.0,0.0,448.2,True,13.72,11.09,72.86,17.3,2.3,4.14,8,8,0,1.0,True
2018-2019,2913140,GRANDVIEW C-4,GRANDVIEW C-4,MO,Jackson County,9,7,4280,151,4129,292,5.0,18.42,143.08,117.05,0.0,283.55,278.55,278.55,0.0,44.38,8.0,14.0,0.0,0.0,7.0,16.0,0.0,5.0,0.0,0.0,377.93,True,14.82,12.79,67.46,10.75,3.39,3.88,9,9,0,1.0,True
2018-2019,2913680,HARDIN-CENTRAL C-2,HARDIN-CENTRAL C-2,MO,Ray County,2,2,239,18,221,18,1.46,1.13,8.57,10.09,0.0,21.25,19.79,19.79,0.0,4.0,0.0,0.47,0.0,0.0,1.0,2.0,0.0,1.0,0.0,0.0,29.72,True,11.17,9.29,89.55,18.1,2.13,9.05,2,2,0,1.0,True
2018-2019,2913760,HARRISONVILLE R-IX,HARRISONVILLE R-IX,MO,Cass County,7,5,2505,133,2372,159,3.5,11.07,62.43,114.02,0.0,191.02,187.52,187.52,0.0,30.4,4.5,9.0,0.0,0.0,3.98,8.5,0.0,5.0,26.0,113.0,391.4,True,12.65,10.88,79.06,12.82,3.79,3.58,7,7,0,1.0,True
2018-2019,2914340,HICKMAN MILLS C-1,HICKMAN MILLS C-1,MO,Jackson County,14,13,5830,487,5343,464,35.0,32.0,215.12,160.51,0.0,442.63,407.63,407.63,0.0,96.0,12.9,15.34,0.0,0.0,13.0,20.0,0.0,5.5,66.0,166.0,837.37,True,13.11,10.61,76.29,17.97,2.87,3.74,14,14,0,1.0,True
2018-2019,2915480,INDEPENDENCE 30,INDEPENDENCE 30,MO,Jackson County,30,27,14644,534,14110,1082,21.0,66.88,397.01,455.05,0.0,939.94,918.94,918.94,0.0,233.47,21.4,36.0,0.0,0.0,20.0,53.0,0.0,10.0,135.0,454.0,1902.81,True,15.35,12.24,65.13,16.55,2.55,3.76,30,30,0,1.0,True
2018-2019,2916400,KANSAS CITY 33,KANSAS CITY 33,MO,Jackson County,35,33,15345,1099,14246,1254,53.48,88.14,537.06,409.26,0.0,1087.94,1034.46,1034.46,0.0,107.68,20.5,42.8,0.0,0.0,17.31,72.08,0.0,8.0,47.0,749.0,2152.31,True,13.77,12.47,72.61,7.56,3.0,5.06,35,35,0,1.0,True
2018-2019,2916450,KEARNEY R-I,KEARNEY R-I,MO,Clay County,7,7,3605,71,3534,259,5.0,12.0,97.64,124.8,0.0,239.44,234.44,234.44,0.0,64.74,4.72,9.0,0.0,0.0,7.0,11.5,0.0,2.72,0.0,14.25,353.37,True,15.07,11.81,66.34,18.32,2.55,3.25,7,7,0,1.0,True
2018-2019,2918220,LAWSON R-XIV,LAWSON R-XIV,MO,Ray County,3,3,1113,6,1107,84,0.55,6.28,22.19,46.34,0.0,75.36,74.81,74.81,0.0,8.2,1.5,3.0,0.0,0.0,1.6,4.5,0.24,1.0,7.5,13.5,116.4,True,14.8,13.34,67.58,7.41,2.71,4.07,3,3,0,1.0,True
2018-2019,2918300,LEE'S SUMMIT R-VII,LEE'S SUMMIT R-VII,MO,Jackson County,27,25,18410,338,18072,1267,27.71,72.25,514.69,605.45,0.0,1220.1,1192.39,1192.39,0.0,207.0,8.0,45.55,0.0,0.0,19.0,61.5,0.0,7.0,162.0,819.5,2549.65,True,15.16,12.91,65.98,11.45,2.52,3.4,27,27,0,1.0,True
2018-2019,2918540,LIBERTY 53,LIBERTY 53,MO,Clay County,20,17,12724,249,12475,891,24.75,52.73,322.47,432.46,0.0,832.41,807.66,807.66,0.0,117.62,10.99,32.0,0.0,0.0,14.1,41.15,0.0,6.0,80.0,614.37,1748.64,True,15.45,13.48,64.74,9.43,2.57,3.3,20,20,0,1.0,True
2018-2019,2919230,LONE JACK C-6,LONE JACK C-6,MO,Jackson County,2,2,681,50,631,47,1.5,3.13,16.78,28.92,0.0,50.33,48.83,48.83,0.0,8.3,0.97,1.86,0.0,0.0,1.44,3.0,0.0,1.0,6.0,7.0,79.9,True,12.92,11.04,77.39,13.15,2.95,4.75,2,2,0,1.0,True
2018-2019,2921060,MISSOURI CITY 56,MISSOURI CITY 56,MO,Clay County,1,1,29,0,29,4,0.0,0.36,3.33,0.0,0.0,3.69,3.69,3.69,0.0,0.0,0.0,0.2,0.0,0.0,0.2,0.45,0.35,0.0,1.5,1.1,7.49,True,7.86,7.86,127.24,0.0,6.9,15.52,1,1,0,1.0,True
2018-2019,2922800,NORTH KANSAS CITY 74,NORTH KANSAS CITY 74,MO,Clay County,32,30,20763,711,20052,1521,40.81,88.15,509.25,733.76,0.0,1371.97,1331.16,1331.16,0.0,241.0,21.4,50.44,0.0,0.0,28.0,70.69,14.0,3.0,199.05,806.28,2805.83,True,15.06,12.75,66.39,12.02,2.52,3.53,32,32,0,1.0,True
2018-2019,2922830,NORTH PLATTE CO. R-I,NORTH PLATTE CO. R-I,MO,Platte County,5,4,641,8,633,43,1.0,3.41,20.49,27.59,0.0,52.49,51.49,51.49,0.0,9.0,1.95,2.0,0.0,0.0,1.0,2.8,0.0,0.9,0.0,0.0,70.14,True,12.29,10.46,81.34,14.22,3.16,4.42,5,5,0,1.0,True
2018-2019,2923010,OAK GROVE R-VI,OAK GROVE R-VI,MO,Jackson County,4,4,2003,72,1931,140,3.7,7.0,54.0,77.93,0.0,142.63,138.93,138.93,0.0,24.0,4.0,5.0,0.0,0.0,3.63,6.0,3.0,2.0,12.0,22.0,224.26,True,13.9,11.85,71.95,12.43,2.59,3.11,4,4,0,1.0,True
2018-2019,2923220,ORRICK R-XI,ORRICK R-XI,MO,Ray County,2,2,293,18,275,19,1.03,1.13,13.29,14.58,0.0,30.03,29.0,29.0,0.0,7.0,1.0,1.97,0.0,0.0,0.0,2.0,0.0,1.0,3.0,6.63,52.63,True,9.48,7.64,105.45,25.45,7.16,7.27,2,2,0,1.0,True
2018-2019,2923550,PARK HILL,PARK HILL,MO,Platte County,18,16,12038,441,11597,817,21.0,42.65,311.86,429.75,0.0,805.26,784.26,784.26,0.0,138.97,3.9,30.0,0.0,0.0,17.0,37.75,0.0,6.0,93.23,397.12,1529.23,True,14.79,12.56,67.63,11.98,2.59,3.26,18,18,0,1.0,True
2018-2019,2923730,RAYMORE-PECULIAR R-II,RAYMORE-PECULIAR R-II,MO,Cass County,11,10,6402,164,6238,451,7.01,28.27,167.61,211.45,0.0,414.34,407.33,407.33,0.0,76.5,9.14,15.6,0.0,0.0,8.91,19.25,6.0,4.0,45.37,152.74,751.85,True,15.31,12.89,65.3,12.26,2.5,3.09,11,11,0,1.0,True
2018-2019,2925230,PLATTE CO. R-III,PLATTE CO. R-III,MO,Platte County,7,6,4244,68,4176,335,4.1,19.96,136.14,125.69,0.0,285.89,281.79,281.79,0.0,47.0,5.0,10.0,0.0,0.0,0.52,14.0,0.0,4.0,0.0,0.0,366.41,True,14.82,12.7,67.48,11.25,2.39,3.35,7,7,0,1.0,True
2018-2019,2925330,PLEASANT HILL R-III,PLEASANT HILL R-III,MO,Cass County,5,5,2224,42,2182,155,2.93,9.55,66.09,62.19,0.0,140.76,137.83,137.83,0.0,21.03,4.88,6.0,0.0,0.0,5.75,6.38,0.0,2.0,17.75,25.0,229.55,True,15.83,13.74,63.17,9.64,2.75,2.92,5,5,0,1.0,True
2018-2019,2926070,RAYTOWN C-2,RAYTOWN C-2,MO,Jackson County,20,16,8854,438,8416,564,21.1,34.71,258.53,331.31,0.0,645.65,624.55,624.55,0.0,176.6,22.8,26.97,0.0,0.0,10.0,31.0,8.0,7.2,93.67,375.27,1397.16,True,13.48,10.5,74.21,20.98,3.2,3.68,20,20,0,1.0,True
2018-2019,2926480,RICHMOND R-XVI,RICHMOND R-XVI,MO,Ray County,4,4,1480,38,1442,95,2.5,5.0,44.15,51.69,0.0,103.34,100.84,100.84,0.0,16.25,2.61,5.0,0.0,0.0,1.0,6.0,2.0,2.5,0.0,1.0,139.7,True,14.3,12.32,69.93,11.27,3.47,4.16,4,4,0,1.0,True
2018-2019,2928410,SMITHVILLE R-II,SMITHVILLE R-II,MO,Clay County,4,4,2637,43,2594,170,5.0,9.73,78.77,84.33,0.0,177.83,172.83,172.83,0.0,40.0,4.1,6.9,0.0,0.0,4.9,11.8,1.5,3.0,19.6,23.0,292.63,True,15.01,12.19,66.63,15.42,2.66,4.55,4,4,0,1.0,True
2018-2019,2929670,STRASBURG C-3,STRASBURG C-3,MO,Cass County,1,1,132,0,132,15,0.0,1.23,11.77,0.0,0.0,13.0,13.0,13.0,0.0,0.0,0.0,0.0,0.0,0.0,0.0,0.0,0.0,1.0,2.0,4.1,20.1,True,10.15,10.15,98.48,0.0,0.0,0.0,1,1,0,1.0,True
2018-2019,2931710,WEST PLATTE CO. R-II,WEST PLATTE CO. R-II,MO,Platte County,2,2,699,50,649,59,3.0,3.53,27.61,27.29,0.0,61.43,58.43,58.43,0.0,8.0,4.0,1.86,0.0,0.0,2.0,2.72,0.0,1.0,5.0,11.57,97.58,True,11.11,9.77,90.03,12.33,2.87,4.19,2,2,0,1.0,True
2018-2019,2931800,MIDWAY R-I,MIDWAY R-I,MO,Cass County,2,2,434,0,434,31,0.07,2.25,18.18,19.34,0.0,39.84,39.77,39.77,0.0,9.0,0.45,2.0,0.0,0.0,1.9,2.0,0.0,1.0,4.0,9.0,69.19,True,10.91,8.9,91.64,20.74,4.61,4.61,2,2,0,1.0,True
2019-2020,2000018,School for Blind,School for Blind,KS,Wyandotte County,2,0,8,1,7,0,0.0,1.3,2.5,6.5,0.0,10.3,10.3,10.3,0.0,0.0,2.0,0.0,0.0,0.0,0.0,1.0,0.0,2.0,0.0,7.0,22.3,True,0.68,0.68,1471.43,0.0,0.0,142.86,2,2,0,1.0,True
2019-2020,2000019,School for Deaf,School for Deaf,KS,Johnson County,2,0,113,15,98,7,3.0,4.0,7.0,15.2,0.0,29.2,26.2,26.2,0.0,0.0,1.0,0.0,1.0,0.0,0.0,2.0,0.0,1.0,0.0,0.0,34.2,True,3.74,3.74,267.35,0.0,0.0,20.41,2,2,0,1.0,True
2019-2020,2003780,Basehor-Linwood,Basehor-Linwood,KS,Leavenworth County,5,5,2832,92,2740,192,1.9,32.7,52.2,89.4,0.0,176.2,174.3,174.3,0.0,40.0,1.7,7.0,4.0,20.9,2.0,9.5,9.7,3.5,5.7,42.1,322.3,True,15.72,12.79,63.61,14.6,2.55,3.47,5,5,0,1.0,True
2019-2020,2004050,Bonner Springs,Bonner Springs,KS,Wyandotte County,5,5,2764,96,2668,168,4.0,66.45,46.0,85.2,0.0,201.65,197.65,197.65,0.0,50.0,7.33,8.0,0.0,21.0,2.0,12.2,7.0,1.0,10.0,56.0,376.18,True,13.5,10.77,74.08,18.74,3.0,4.57,5,5,0,1.0,True
2019-2020,2005490,De Soto,De Soto,KS,Johnson County,12,12,7467,194,7273,531,7.0,95.8,129.0,258.3,0.0,490.1,483.1,483.1,0.0,108.9,8.0,18.0,3.0,52.2,10.0,27.5,22.6,2.0,10.0,106.4,858.7,True,15.05,12.29,66.42,14.97,2.47,3.78,12,12,0,1.0,True
2019-2020,2005640,Easton,Easton,KS,Leavenworth County,3,3,655,32,623,45,1.0,9.0,11.0,25.35,0.0,46.35,45.35,45.35,0.0,16.0,1.0,2.0,0.0,5.1,0.0,3.0,3.0,1.0,3.0,16.9,97.35,True,13.74,10.15,72.79,25.68,3.21,4.82,3,3,0,1.0,True
2019-2020,2006330,Ft Leavenworth,Ft Leavenworth,KS,Leavenworth County,4,4,1817,185,1632,228,10.0,38.0,59.0,23.0,0.0,130.0,120.0,120.0,0.0,38.3,7.0,4.0,2.0,24.0,4.0,5.0,3.3,3.0,8.0,39.5,268.1,True,13.6,10.31,73.53,23.47,2.45,3.06,4,4,0,1.0,True
2019-2020,2006420,Gardner Edgerton,Gardner Edgerton,KS,Johnson County,11,11,6173,271,5902,443,13.5,98.6,93.0,254.34,0.0,459.44,445.94,445.94,0.0,122.2,0.5,14.1,5.6,38.1,9.5,31.0,16.6,1.0,16.0,98.0,812.04,True,13.23,10.39,75.56,20.7,2.39,5.25,11,11,0,1.0,True
2019-2020,2007950,Kansas City,Kansas City,KS,Wyandotte County,44,44,23690,1413,22277,1768,77.0,358.7,481.12,724.85,0.0,1641.67,1564.67,1564.67,0.0,252.0,107.61,59.0,21.0,216.0,27.5,98.0,132.0,8.0,67.0,769.0,3398.78,True,14.24,12.26,70.24,11.31,2.65,4.4,44,44,0,1.0,True
2019-2020,2008340,Lansing,Lansing,KS,Leavenworth County,4,4,2654,90,2564,189,9.0,48.02,41.98,87.0,0.0,186.0,177.0,177.0,0.0,56.0,0.0,4.0,3.0,22.8,1.0,10.0,6.5,3.0,4.0,41.3,337.6,True,14.49,11.0,69.03,21.84,1.56,3.9,4,4,0,1.0,True
2019-2020,2008430,Leavenworth,Leavenworth,KS,Leavenworth County,7,6,3814,177,3637,235,7.0,77.5,75.0,111.5,0.0,271.0,264.0,264.0,0.0,121.0,7.0,10.0,5.0,43.0,2.0,19.0,17.0,4.0,10.0,103.0,612.0,True,13.78,9.45,72.59,33.27,2.75,5.22,7,7,0,1.0,True
2019-2020,2008970,Louisburg,Louisburg,KS,Miami County,4,4,1804,101,1703,130,4.3,11.5,27.75,60.25,0.0,103.8,99.5,99.5,0.0,16.0,0.0,1.0,2.0,8.0,2.0,6.0,9.0,1.1,4.0,65.0,217.9,True,17.12,14.74,58.43,9.4,0.59,3.52,4,4,0,1.0,True
2019-2020,2010140,Olathe,Olathe,KS,Johnson County,51,51,30164,941,29223,2127,44.7,439.7,554.2,1166.05,0.0,2204.65,2159.95,2159.95,-0.0,680.6,42.7,82.0,35.5,245.7,52.7,95.0,106.9,10.0,32.0,563.3,4151.05,True,13.53,10.29,73.91,23.29,2.81,3.25,51,51,0,1.0,True
2019-2020,2010260,Osawatomie,Osawatomie,KS,Miami County,4,4,1156,74,1082,94,3.0,11.0,28.0,45.0,0.0,87.0,84.0,84.0,0.0,14.0,2.0,2.0,1.0,8.0,1.0,5.0,5.7,1.0,2.0,31.5,160.2,True,12.88,11.04,77.63,12.94,1.85,4.62,4,4,0,1.0,True
2019-2020,2010500,Paola,Paola,KS,Miami County,4,4,1941,40,1901,155,3.0,21.0,40.5,72.5,0.0,137.0,134.0,134.0,0.0,258.0,1.0,4.0,2.0,43.0,2.0,5.0,16.0,4.0,6.0,36.0,514.0,True,14.19,4.85,70.49,135.72,2.1,2.63,4,4,0,1.0,True
2019-2020,2010680,Piper-Kansas City,Piper-Kansas City,KS,Wyandotte County,4,4,2560,115,2445,189,7.0,35.0,47.0,76.8,0.0,165.8,158.8,158.8,0.0,21.5,3.0,6.0,1.5,7.8,2.0,10.0,4.7,1.0,4.0,29.6,256.9,True,15.4,13.56,64.95,8.79,2.45,4.09,4,4,0,1.0,True
2019-2020,2011640,Shawnee Mission Pub Sch,Shawnee Mission Pub Sch,KS,Johnson County,44,44,27587,846,26741,2051,34.0,464.85,602.5,728.75,0.0,1830.1,1796.1,1796.1,0.0,540.6,78.0,31.4,21.0,205.4,33.9,89.0,83.0,12.0,51.5,516.5,3492.4,True,14.89,11.44,67.17,20.22,1.17,3.33,44,44,0,1.0,True
2019-2020,2011850,Spring Hill,Spring Hill,KS,Johnson County,9,7,4457,83,4374,311,3.0,77.0,74.0,137.75,0.0,291.75,288.75,288.75,0.0,77.9,12.5,12.0,5.0,29.0,7.0,14.5,15.5,4.0,9.4,62.8,541.35,True,15.15,11.93,66.02,17.81,2.74,3.32,9,9,0,1.0,True
2019-2020,2012000,Blue Valley,Blue Valley,KS,Johnson County,35,35,22887,512,22375,1559,27.8,305.9,435.93,856.0,0.0,1625.63,1597.83,1597.83,-0.0,405.7,48.25,63.1,23.8,208.5,40.0,71.0,89.3,5.0,67.4,360.1,3007.78,True,14.0,11.17,71.41,18.13,2.82,3.17,35,35,0,1.0,True
2019-2020,2012210,Tonganoxie,Tonganoxie,KS,Leavenworth County,3,3,1969,53,1916,122,2.0,27.5,42.7,78.43,0.0,150.63,148.63,148.63,0.0,54.0,2.7,5.0,0.0,11.5,0.0,8.0,9.0,2.0,3.8,56.9,303.53,True,12.89,9.46,77.57,28.18,2.61,4.18,3,3,0,1.0,True
2019-2020,2012360,Turner-Kansas City,Turner-Kansas City,KS,Wyandotte County,7,7,3986,192,3794,262,6.0,52.6,84.8,123.2,0.0,266.6,260.6,260.6,0.0,56.1,8.0,9.0,4.0,44.1,1.0,19.0,14.4,4.0,10.0,88.8,525.0,True,14.56,11.98,68.69,14.79,2.37,5.01,7,7,0,1.0,True
2019-2020,2900009,DIVISION OF YOUTH SERVICE,DIVISION OF YOUTH SERVICE,MO,Clay County,5,4,0,0,0,0,0.0,0.0,0.0,94.5,0.0,94.5,94.5,94.5,0.0,0.0,5.0,0.0,0.0,1.0,0.0,1.0,0.0,0.0,0.0,0.0,101.5,True,0.0,0.0,,,,,41,5,36,0.122,False
2019-2020,2900013,KC INTERNATIONAL ACADEMY,KC INTERNATIONAL ACADEMY,MO,Jackson County,1,1,677,0,677,86,0.0,9.25,57.75,0.0,0.0,67.0,67.0,67.0,0.0,5.0,2.0,1.8,0.0,11.6,0.0,2.0,0.0,2.6,2.0,4.0,98.0,True,10.1,9.4,98.97,7.39,2.66,2.95,1,1,0,1.0,True
2019-2020,2900014,HOGAN PREPARATORY ACADEMY,HOGAN PREPARATORY ACADEMY,MO,Jackson County,3,3,1053,37,1016,45,0.0,3.0,23.0,60.77,0.0,86.77,86.77,86.77,0.0,6.0,4.0,1.0,0.0,8.97,0.0,8.0,0.0,1.0,4.0,1.0,120.74,True,11.71,10.95,85.4,5.91,0.98,7.87,3,3,0,1.0,True
2019-2020,2900015,GORDON PARKS ELEM.,GORDON PARKS ELEM.,MO,Jackson County,1,1,180,0,180,40,0.0,2.46,19.89,0.0,0.0,22.35,22.35,22.35,0.0,3.0,2.2,1.0,0.0,4.0,0.65,1.0,0.0,0.0,1.0,1.5,36.7,True,8.05,7.1,124.17,16.67,5.56,5.56,1,1,0,1.0,True
2019-2020,2900016,GENESIS SCHOOL INC.,GENESIS SCHOOL INC.,MO,Jackson County,1,1,278,8,270,32,1.0,1.0,0.0,19.0,0.0,21.0,20.0,20.0,0.0,5.0,2.0,0.0,0.0,7.0,1.0,3.0,1.0,1.0,3.0,2.5,46.5,True,13.5,10.8,74.07,18.52,0.0,11.11,1,1,0,1.0,True
2019-2020,2900017,ACADEMIE LAFAYETTE,ACADEMIE LAFAYETTE,MO,Jackson County,3,3,1117,0,1117,189,0.0,10.96,44.94,20.85,0.0,76.75,76.75,76.75,0.0,2.0,1.25,1.0,0.0,3.0,0.0,4.0,0.0,0.0,11.0,1.0,100.0,True,14.55,14.18,68.71,1.79,0.9,3.58,3,3,0,1.0,True
2019-2020,2900019,SCUOLA VITA NUOVA,SCUOLA VITA NUOVA,MO,Jackson County,1,1,314,0,314,46,0.0,2.56,24.44,0.0,0.0,27.0,27.0,27.0,0.0,4.0,0.0,0.0,0.0,0.0,0.0,4.0,0.0,0.0,2.0,3.0,40.0,True,11.63,10.13,85.99,12.74,0.0,12.74,1,1,0,1.0,True
2019-2020,2900022,MO SCHLS FOR THE SEV DISABLED,MO SCHLS FOR THE SEV DISABLED,MO,Jackson County,5,0,771,0,771,17,0.0,0.0,155.7,0.0,0.0,155.7,155.7,155.7,0.0,240.1,0.0,0.0,0.0,31.0,0.0,19.4,0.0,0.0,0.0,0.0,446.2,True,4.95,1.95,201.95,311.41,0.0,25.16,35,5,30,0.1429,False
2019-2020,2900024,BROOKSIDE CHARTER SCH.,BROOKSIDE CHARTER SCH.,MO,Jackson County,2,2,744,30,714,80,1.0,5.98,35.02,21.3,0.0,63.3,62.3,62.3,0.0,11.0,3.1,3.0,0.0,5.3,0.0,4.8,0.0,2.0,0.0,0.0,92.5,True,11.46,9.74,87.25,15.41,4.2,6.72,2,2,0,1.0,True
2019-2020,2900025,ALLEN VILLAGE,ALLEN VILLAGE,MO,Jackson County,4,4,548,0,548,25,0.0,1.06,14.56,22.31,0.0,37.93,37.93,37.93,0.0,3.0,2.2,2.0,0.0,1.0,0.0,2.17,0.0,0.4,3.0,4.0,55.7,True,14.45,13.39,69.22,5.47,3.65,3.96,4,4,0,1.0,True
2019-2020,2900027,UNIVERSITY ACADEMY,UNIVERSITY ACADEMY,MO,Jackson County,3,3,1130,12,1118,99,1.0,5.81,36.19,36.3,0.0,79.3,78.3,78.3,0.0,7.0,0.0,2.7,0.0,6.0,2.0,8.0,0.0,2.0,0.0,0.0,107.0,True,14.28,13.11,70.04,6.26,2.42,7.16,3,3,0,1.0,True
2019-2020,2900028,LEE A. TOLBERT COM. ACADEMY,LEE A. TOLBERT COM. ACADEMY,MO,Jackson County,1,1,513,0,513,58,0.0,4.32,34.63,0.0,0.0,38.95,38.95,38.95,0.0,4.0,1.2,0.0,0.0,3.92,1.0,2.0,0.0,0.0,0.0,0.0,51.07,True,13.17,11.94,75.93,7.8,0.0,3.9,1,1,0,1.0,True
2019-2020,2900029,GUADALUPE CENTERS SCHOOLS,GUADALUPE CENTERS SCHOOLS,MO,Jackson County,3,3,1380,104,1276,107,6.5,7.1,35.9,61.0,0.0,110.5,104.0,104.0,0.0,16.0,5.33,4.0,0.0,14.17,0.0,6.0,0.0,3.0,7.0,0.0,166.0,True,12.27,10.63,81.5,12.54,3.13,4.7,3,3,0,1.0,True
2019-2020,2900031,KIPP: ENDEAVOR ACADEMY,KIPP: ENDEAVOR ACADEMY,MO,Jackson County,1,1,545,0,545,58,0.0,2.0,0.0,12.0,0.0,14.0,14.0,14.0,0.0,0.0,0.0,0.0,0.0,0.0,0.0,0.0,0.0,0.0,1.0,0.0,15.0,True,38.93,38.93,25.69,0.0,0.0,0.0,1,1,0,1.0,True
2019-2020,2900587,PATHWAY ACADEMY,PATHWAY ACADEMY,MO,Jackson County,0,0,0,0,0,0,0.0,0.0,0.0,0.0,0.0,0.0,0.0,0.0,0.0,0.0,0.0,0.0,0.0,0.0,0.0,0.0,0.0,0.0,0.0,0.0,0.0,True,,,,,,,0,0,0,0.0,True
2019-2020,2900590,FRONTIER SCHOOLS,FRONTIER SCHOOLS,MO,Jackson County,5,5,1564,19,1545,98,1.0,6.87,49.03,98.35,0.0,155.25,154.25,154.25,0.0,10.19,2.0,4.0,0.0,10.81,4.75,13.0,0.0,1.0,0.0,0.0,201.0,True,10.02,9.4,99.84,6.6,2.59,8.41,5,5,0,1.0,True
2019-2020,2900593,DELASALLE CHARTER SCHOOL,DELASALLE CHARTER SCHOOL,MO,Jackson County,1,1,140,0,140,0,0.0,0.0,0.0,12.6,0.0,12.6,12.6,12.6,0.0,0.0,1.0,1.0,0.0,1.0,0.0,0.0,0.0,1.4,1.0,1.0,19.0,True,11.11,11.11,90.0,0.0,7.14,0.0,1,1,0,1.0,True
2019-2020,2900597,EWING MARION KAUFFMAN SCHOOL,EWING MARION KAUFFMAN SCHOOL,MO,Jackson County,2,2,1137,0,1137,0,0.0,0.0,0.0,94.29,0.0,94.29,94.29,94.29,0.0,5.74,9.1,2.87,0.0,4.0,0.0,4.0,0.0,1.0,0.0,0.0,121.0,True,12.06,11.37,82.93,5.05,2.52,3.52,2,2,0,1.0,True
2019-2020,2900601,HOPE LEADERSHIP ACADEMY,HOPE LEADERSHIP ACADEMY,MO,Jackson County,1,1,117,0,117,39,0.0,3.0,5.4,0.0,0.0,8.4,8.4,8.4,0.0,0.6,0.0,0.0,0.0,2.0,0.0,1.0,0.0,0.0,1.0,1.0,14.0,True,13.93,13.0,71.79,5.13,0.0,8.55,1,1,0,1.0,True
2019-2020,2900603,CROSSROADS CHARTER SCHOOLS,CROSSROADS CHARTER SCHOOLS,MO,Jackson County,3,3,891,16,875,102,0.0,8.27,43.13,21.37,0.0,72.77,72.77,72.77,0.0,7.0,1.0,0.0,0.0,5.99,0.0,6.9,0.0,2.0,0.0,0.0,95.66,True,12.02,10.97,83.17,8.0,0.0,7.89,3,3,0,1.0,True
2019-2020,2900604,ACADEMY FOR INTEGRATED ARTS,ACADEMY FOR INTEGRATED ARTS,MO,Jackson County,1,1,258,10,248,57,0.0,3.15,14.95,0.0,0.0,18.1,18.1,18.1,0.0,5.0,0.65,0.0,0.0,1.1,0.0,1.0,0.0,1.35,2.5,1.0,30.7,True,13.7,10.74,72.98,20.16,0.0,4.03,1,1,0,1.0,True
2019-2020,2900612,CITIZENS OF THE WORLD CHARTER,CITIZENS OF THE WORLD CHARTER,MO,Jackson County,1,1,421,0,421,92,0.0,5.51,18.96,4.09,0.0,28.56,28.56,28.56,0.0,7.27,3.6,0.0,0.0,2.0,0.0,1.0,0.0,1.0,0.0,0.0,43.43,True,14.74,11.75,67.84,17.27,0.0,2.38,1,1,0,1.0,True
2019-2020,2900615,KANSAS CITY GIRLS PREP ACADEMY,KANSAS CITY GIRLS PREP ACADEMY,MO,Jackson County,0,0,76,0,76,0,0.0,0.0,0.0,7.6,0.0,7.6,7.6,7.6,0.0,0.0,1.5,0.0,0.0,1.9,0.0,1.0,0.0,1.0,0.0,0.0,13.0,True,10.0,10.0,100.0,0.0,0.0,13.16,0,0,0,0.0,True
2019-2020,2903200,ARCHIE R-V,ARCHIE R-V,MO,Cass County,2,2,505,7,498,42,1.36,2.22,14.41,24.32,0.0,42.31,40.95,40.95,0.0,7.3,0.37,0.73,0.0,2.29,0.4,2.0,0.0,1.0,3.4,6.0,65.8,True,12.16,10.32,82.23,14.66,1.47,4.02,2,2,0,1.0,True
2019-2020,2904620,BELTON 124,BELTON 124,MO,Cass County,8,7,4680,303,4377,294,15.07,15.21,133.26,134.89,0.0,298.43,283.36,283.36,0.0,71.28,6.5,12.0,1.0,23.53,7.0,17.0,0.0,6.0,41.5,76.31,560.55,True,15.45,12.34,64.74,16.29,2.74,3.88,8,8,0,1.0,True
2019-2020,2905310,BLUE SPRINGS R-IV,BLUE SPRINGS R-IV,MO,Jackson County,22,21,14669,192,14477,1126,19.19,63.56,358.8,476.01,0.0,917.56,898.37,898.37,0.0,144.0,23.1,36.0,2.0,59.28,10.91,47.0,15.0,5.0,0.0,176.0,1435.85,True,16.11,13.89,62.05,9.95,2.49,3.25,22,22,0,1.0,True
2019-2020,2908250,CENTER 58,CENTER 58,MO,Jackson County,8,6,2644,128,2516,209,8.21,12.0,94.69,104.1,0.0,219.0,210.79,210.79,0.0,52.0,7.42,7.0,2.0,26.0,2.4,11.8,0.0,1.0,36.0,73.2,437.82,True,11.94,9.57,83.78,20.67,2.78,4.69,8,8,0,1.0,True
2019-2020,2910320,SHERWOOD CASS R-VIII,SHERWOOD CASS R-VIII,MO,Cass County,3,3,815,41,774,63,2.13,4.7,24.03,32.77,0.0,63.63,61.5,61.5,0.0,21.71,4.0,3.0,0.0,3.0,0.8,3.0,0.0,1.0,7.0,20.0,127.14,True,12.59,9.3,79.46,28.05,3.88,3.88,3,3,0,1.0,True
2019-2020,2911070,DREXEL R-IV,DREXEL R-IV,MO,Cass County,2,2,291,6,285,23,0.0,1.14,11.83,15.63,0.0,28.6,28.6,28.6,0.0,5.5,0.0,0.9,0.0,0.5,0.0,2.0,0.0,1.0,0.0,0.0,38.5,True,9.97,8.36,100.35,19.3,3.16,7.02,2,2,0,1.0,True
2019-2020,2911160,EAST LYNNE 40,EAST LYNNE 40,MO,Cass County,1,1,103,0,103,16,0.0,1.26,10.54,0.0,0.0,11.8,11.8,11.8,0.0,3.7,0.0,0.25,0.0,0.5,0.2,1.0,0.0,0.0,2.0,3.0,22.45,True,8.73,6.65,114.56,35.92,2.43,9.71,1,1,0,1.0,True
2019-2020,2911650,EXCELSIOR SPRINGS 40,EXCELSIOR SPRINGS 40,MO,Clay County,7,5,2655,129,2526,179,7.0,11.31,76.19,124.46,0.0,218.96,211.96,211.96,0.0,33.25,13.0,6.8,0.0,17.19,3.5,12.6,0.0,5.0,22.0,54.16,386.46,True,11.92,10.3,83.91,13.16,2.69,4.99,7,7,0,1.0,True
2019-2020,2912290,FORT OSAGE R-I,FORT OSAGE R-I,MO,Jackson County,11,8,5042,143,4899,352,10.4,22.61,157.63,151.96,0.0,342.6,332.2,332.2,-0.0,80.6,8.1,15.0,0.0,23.46,12.0,14.9,1.0,7.0,12.5,185.36,702.52,True,14.75,11.87,67.81,16.45,3.06,3.04,11,11,0,1.0,True
2019-2020,2913080,GRAIN VALLEY R-V,GRAIN VALLEY R-V,MO,Jackson County,8,7,4416,44,4372,313,9.4,17.7,136.51,158.31,0.0,321.92,312.52,312.52,-0.0,70.71,8.2,10.0,2.0,23.6,6.88,19.0,0.0,3.0,0.0,2.0,467.31,True,13.99,11.41,71.48,16.17,2.29,4.35,8,8,0,1.0,True
2019-2020,2913140,GRANDVIEW C-4,GRANDVIEW C-4,MO,Jackson County,9,7,4256,159,4097,319,6.5,18.58,138.57,116.92,0.0,280.57,274.07,274.07,0.0,48.71,7.0,14.0,4.0,15.56,8.0,16.0,2.0,4.0,36.0,207.0,642.84,True,14.95,12.69,66.9,11.89,3.42,3.91,9,9,0,1.0,True
2019-2020,2913680,HARDIN-CENTRAL C-2,HARDIN-CENTRAL C-2,MO,Ray County,2,2,230,19,211,9,0.9,1.21,9.29,11.67,0.0,23.07,22.17,22.17,0.0,3.0,0.0,1.0,0.0,0.1,0.0,2.0,0.0,1.0,0.0,0.0,30.17,True,9.52,8.38,105.07,14.22,4.74,9.48,2,2,0,1.0,True
2019-2020,2913760,HARRISONVILLE R-IX,HARRISONVILLE R-IX,MO,Cass County,7,5,2395,88,2307,143,3.5,11.14,60.86,108.02,0.0,183.52,180.02,180.02,0.0,27.0,5.0,9.0,0.0,14.65,3.98,8.5,0.0,4.0,27.0,62.0,344.65,True,12.82,11.14,78.03,11.7,3.9,3.68,7,7,0,1.0,True
2019-2020,2914340,HICKMAN MILLS C-1,HICKMAN MILLS C-1,MO,Jackson County,11,10,5543,453,5090,483,34.2,27.78,165.72,181.32,0.0,409.02,374.82,374.82,0.0,94.0,13.3,15.0,5.4,61.74,10.0,19.0,0.0,5.5,60.0,155.0,847.96,True,13.58,10.86,73.64,18.47,2.95,3.73,11,11,0,1.0,True
2019-2020,2915480,INDEPENDENCE 30,INDEPENDENCE 30,MO,Jackson County,30,27,14711,638,14073,1075,26.0,71.35,401.16,468.11,0.0,966.62,940.62,940.62,0.0,243.57,21.4,37.0,6.0,116.06,21.0,54.0,0.0,9.0,137.0,451.0,2062.65,True,14.96,11.88,66.84,17.31,2.63,3.84,30,30,0,1.0,True
2019-2020,2916400,KANSAS CITY 33,KANSAS CITY 33,MO,Jackson County,35,34,15147,1072,14075,1243,46.0,93.44,541.08,418.58,0.0,1099.1,1053.1,1053.1,0.0,108.89,29.0,4.0,13.0,108.11,3.4,73.0,0.0,9.0,86.0,647.0,2180.5,True,13.37,12.11,74.82,7.74,0.28,5.19,35,35,0,1.0,True
2019-2020,2916450,KEARNEY R-I,KEARNEY R-I,MO,Clay County,8,7,3580,73,3507,245,5.0,12.0,104.34,124.6,0.0,245.94,240.94,240.94,0.0,70.42,7.0,9.0,0.0,22.4,7.0,12.5,0.0,2.0,0.0,13.78,390.04,True,14.56,11.26,68.7,20.08,2.57,3.56,8,8,0,1.0,True
2019-2020,2918220,LAWSON R-XIV,LAWSON R-XIV,MO,Ray County,3,3,1126,13,1113,59,1.23,4.65,23.08,46.46,0.0,75.42,74.19,74.19,0.0,8.18,1.5,3.0,0.0,4.33,1.6,4.5,0.24,1.0,7.5,14.0,121.27,True,15.0,13.51,66.66,7.35,2.7,4.04,3,3,0,1.0,True
2019-2020,2918300,LEE'S SUMMIT R-VII,LEE'S SUMMIT R-VII,MO,Jackson County,27,25,18220,315,17905,1226,30.76,72.29,510.18,605.01,0.0,1218.24,1187.48,1187.48,0.0,218.0,9.92,44.54,1.0,133.78,19.0,61.23,0.0,5.0,160.0,847.85,2718.56,True,15.08,12.74,66.32,12.18,2.49,3.42,27,27,0,1.0,True
2019-2020,2918540,LIBERTY 53,LIBERTY 53,MO,Clay County,20,17,12583,41,12542,840,25.0,48.79,325.11,451.08,0.0,849.98,824.98,824.98,0.0,132.75,8.11,31.8,11.0,57.34,16.0,44.35,0.0,4.0,81.0,545.47,1781.8,True,15.2,13.1,65.78,10.58,2.54,3.54,20,20,0,1.0,True
2019-2020,2919230,LONE JACK C-6,LONE JACK C-6,MO,Jackson County,2,2,730,59,671,59,1.8,3.28,17.66,26.27,0.0,49.01,47.21,47.21,0.0,7.8,1.13,2.36,0.0,3.0,1.5,4.0,0.0,1.0,5.0,6.0,80.8,True,14.21,12.2,70.36,11.62,3.52,5.96,2,2,0,1.0,True
2019-2020,2921060,MISSOURI CITY 56,MISSOURI CITY 56,MO,Clay County,1,1,0,0,0,0,0.0,0.32,3.37,0.0,0.0,3.69,3.69,3.69,0.0,0.0,0.0,0.2,0.0,0.7,0.2,0.45,0.0,0.0,3.0,2.0,10.24,True,0.0,0.0,,,,,1,1,0,1.0,True
2019-2020,2922800,NORTH KANSAS CITY 74,NORTH KANSAS CITY 74,MO,Clay County,34,32,20342,2,20340,1620,49.44,91.51,547.04,746.54,0.0,1434.53,1385.09,1385.09,0.0,246.5,24.46,50.69,7.0,51.85,27.82,75.0,12.0,6.0,196.19,801.25,2933.29,True,14.68,12.47,68.1,12.12,2.49,3.69,34,34,0,1.0,True
2019-2020,2922830,NORTH PLATTE CO. R-I,NORTH PLATTE CO. R-I,MO,Platte County,5,4,588,0,588,39,1.91,2.37,19.61,27.84,0.0,51.73,49.82,49.82,0.0,9.0,1.96,2.0,0.0,2.14,1.0,3.3,0.0,0.9,0.0,0.0,72.03,True,11.8,10.0,84.73,15.31,3.4,5.61,5,5,0,1.0,True
2019-2020,2923010,OAK GROVE R-VI,OAK GROVE R-VI,MO,Jackson County,4,4,2022,65,1957,162,3.7,10.0,52.0,78.07,0.0,143.77,140.07,140.07,-0.0,24.0,4.0,5.0,0.0,7.0,3.63,6.0,3.0,2.0,10.0,22.0,230.4,True,13.97,11.93,71.57,12.26,2.55,3.07,4,4,0,1.0,True
2019-2020,2923220,ORRICK R-XI,ORRICK R-XI,MO,Ray County,2,2,280,14,266,22,1.0,1.14,11.31,14.28,0.0,27.73,26.73,26.73,0.0,8.25,1.0,1.97,0.0,0.64,0.0,2.0,0.0,1.0,4.0,6.63,53.22,True,9.95,7.6,100.49,31.02,7.41,7.52,2,2,0,1.0,True
2019-2020,2923550,PARK HILL,PARK HILL,MO,Platte County,18,16,12138,438,11700,865,21.0,46.34,324.56,459.2,0.0,851.1,830.1,830.1,0.0,148.09,4.9,32.0,6.0,65.5,19.0,45.0,0.0,5.0,97.5,398.73,1672.82,True,14.09,11.96,70.95,12.66,2.74,3.85,18,18,0,1.0,True
2019-2020,2923730,RAYMORE-PECULIAR R-II,RAYMORE-PECULIAR R-II,MO,Cass County,11,10,6460,173,6287,420,9.6,26.54,172.86,219.29,0.0,428.29,418.69,418.69,0.0,76.0,10.88,15.66,2.0,29.96,9.23,21.25,15.0,5.0,47.0,164.29,824.56,True,15.02,12.71,66.6,12.09,2.49,3.38,11,11,0,1.0,True
2019-2020,2925230,PLATTE CO. R-III,PLATTE CO. R-III,MO,Platte County,7,6,4338,85,4253,305,4.0,18.89,135.01,132.19,0.0,290.09,286.09,286.09,0.0,48.0,5.0,10.0,4.0,31.0,2.32,15.0,0.0,4.0,0.0,0.0,409.41,True,14.87,12.73,67.27,11.29,2.35,3.53,7,7,0,1.0,True
2019-2020,2925330,PLEASANT HILL R-III,PLEASANT HILL R-III,MO,Cass County,5,5,2248,44,2204,151,2.48,9.07,65.99,53.6,0.0,131.14,128.66,128.66,0.0,19.05,4.88,6.0,0.0,10.13,4.75,7.38,0.0,2.0,12.0,24.0,221.33,True,17.13,14.92,58.38,8.64,2.72,3.35,5,5,0,1.0,True
2019-2020,2926070,RAYTOWN C-2,RAYTOWN C-2,MO,Jackson County,20,16,8552,335,8217,569,26.0,35.05,244.57,323.48,0.0,629.1,603.1,603.1,0.0,140.5,21.51,24.0,3.0,63.29,9.95,30.0,4.0,7.0,112.0,476.83,1521.18,True,13.62,11.05,73.4,17.1,2.92,3.65,20,20,0,1.0,True
2019-2020,2926480,RICHMOND R-XVI,RICHMOND R-XVI,MO,Ray County,4,4,1483,46,1437,119,3.5,7.0,44.8,51.91,0.0,107.21,103.71,103.71,0.0,19.25,1.79,5.0,0.0,5.57,1.0,7.0,1.0,2.0,15.0,23.92,188.74,True,13.86,11.69,72.17,13.4,3.48,4.87,4,4,0,1.0,True
2019-2020,2928410,SMITHVILLE R-II,SMITHVILLE R-II,MO,Clay County,5,5,2675,30,2645,177,3.0,11.85,76.83,81.37,0.0,173.05,170.05,170.05,0.0,35.0,3.1,6.9,0.0,10.8,4.9,11.8,0.0,3.0,19.3,27.0,294.85,True,15.55,12.9,64.29,13.23,2.61,4.46,5,5,0,1.0,True
2019-2020,2929670,STRASBURG C-3,STRASBURG C-3,MO,Cass County,1,1,120,0,120,12,0.0,1.23,11.52,0.0,0.0,12.75,12.75,12.75,0.0,0.0,0.0,0.0,0.0,0.35,0.0,0.0,0.0,1.0,3.0,3.0,20.1,True,9.41,9.41,106.25,0.0,0.0,0.0,1,1,0,1.0,True
2019-2020,2931710,WEST PLATTE CO. R-II,WEST PLATTE CO. R-II,MO,Platte County,2,2,700,38,662,52,2.0,3.49,28.01,26.5,0.0,60.0,58.0,58.0,0.0,7.0,2.43,1.78,0.0,2.38,2.0,2.72,0.0,1.0,5.0,11.57,95.88,True,11.41,10.18,87.61,10.57,2.69,4.11,2,2,0,1.0,True
2019-2020,2931800,MIDWAY R-I,MIDWAY R-I,MO,Cass County,2,2,441,0,441,36,0.07,2.28,18.22,19.19,0.0,39.76,39.69,39.69,0.0,9.5,0.45,2.0,0.0,2.05,1.9,2.0,0.0,1.0,4.0,9.0,71.66,True,11.11,8.97,90.0,21.54,4.54,4.54,2,2,0,1.0,True
2020-2021,2000018,School for Blind,School for Blind,KS,Wyandotte County,2,0,32,0,32,1,0.0,1.6,1.5,8.13,0.0,11.23,11.23,11.23,0.0,0.0,3.0,0.0,0.0,0.0,0.0,0.0,0.0,2.0,0.0,9.5,25.73,True,2.85,2.85,350.94,0.0,0.0,0.0,2,2,0,1.0,True
2020-2021,2000019,School for Deaf,School for Deaf,KS,Johnson County,2,0,114,18,96,7,3.0,5.5,7.0,16.5,0.0,32.0,29.0,29.0,0.0,0.0,1.0,0.0,1.0,0.0,1.0,2.0,0.0,1.0,0.0,0.0,38.0,True,3.31,3.31,302.08,0.0,0.0,20.83,2,2,0,1.0,True
2020-2021,2003780,Basehor-Linwood,Basehor-Linwood,KS,Leavenworth County,5,5,2905,76,2829,195,4.0,29.7,60.6,92.1,0.0,186.4,182.4,182.4,0.0,28.5,5.9,7.0,4.5,20.8,2.0,10.0,10.0,4.0,5.7,42.7,327.5,True,15.51,13.41,64.48,10.07,2.47,3.53,5,5,0,1.0,True
2020-2021,2004050,Bonner Springs,Bonner Springs,KS,Wyandotte County,5,5,2634,71,2563,150,6.0,69.45,41.0,85.0,0.0,201.45,195.45,195.45,0.0,55.0,7.33,8.0,0.0,24.0,2.0,11.0,8.0,1.0,8.0,52.0,377.78,True,13.11,10.23,76.26,21.46,3.12,4.29,5,5,0,1.0,True
2020-2021,2005490,De Soto,De Soto,KS,Johnson County,12,12,7112,129,6983,458,6.0,110.3,128.0,252.0,0.0,496.3,490.3,490.3,0.0,117.5,5.0,14.0,1.0,55.2,3.0,33.0,22.0,2.0,9.5,106.4,864.9,True,14.24,11.49,70.21,16.83,2.0,4.73,12,12,0,1.0,True
2020-2021,2005640,Easton,Easton,KS,Leavenworth County,3,3,651,25,626,42,1.0,8.0,14.0,26.9,0.0,49.9,48.9,48.9,0.0,2.4,1.0,1.0,0.0,4.9,0.0,3.0,4.8,1.0,2.0,13.0,83.0,True,12.8,12.2,78.12,3.83,1.6,4.79,3,3,0,1.0,True
2020-2021,2006330,Ft Leavenworth,Ft Leavenworth,KS,Leavenworth County,4,4,1534,194,1340,175,10.0,32.0,69.0,25.0,0.0,136.0,126.0,126.0,0.0,34.9,7.0,4.0,2.0,24.0,0.0,4.0,3.3,3.0,8.0,34.2,260.4,True,10.63,8.33,94.03,26.04,2.99,2.99,4,4,0,1.0,True
2020-2021,2006420,Gardner Edgerton,Gardner Edgerton,KS,Johnson County,11,11,5831,173,5658,411,11.0,108.0,100.0,254.5,0.0,473.5,462.5,462.5,0.0,112.1,1.5,14.1,6.0,41.7,10.5,28.0,16.6,2.0,15.0,98.0,819.0,True,12.23,9.85,81.74,19.81,2.49,4.95,11,11,0,1.0,True
2020-2021,2007950,Kansas City,Kansas City,KS,Wyandotte County,43,43,22140,1039,21101,1508,77.0,391.4,432.44,668.55,0.0,1569.39,1492.39,1492.39,0.0,248.0,98.0,66.0,19.0,218.0,30.0,105.0,128.0,8.0,67.0,766.0,3322.39,True,14.14,12.12,70.73,11.75,3.13,4.98,43,43,0,1.0,True
2020-2021,2008340,Lansing,Lansing,KS,Leavenworth County,4,4,2564,74,2490,157,7.9,53.02,42.45,86.97,0.0,190.34,182.44,182.44,0.0,56.0,0.0,4.0,4.0,25.8,1.0,9.43,6.5,2.4,5.0,53.8,358.27,True,13.65,10.44,73.27,22.49,1.61,3.79,4,4,0,1.0,True
2020-2021,2008430,Leavenworth,Leavenworth,KS,Leavenworth County,7,6,3607,103,3504,260,7.0,75.5,71.0,111.5,0.0,265.0,258.0,258.0,0.0,89.0,2.0,10.0,5.0,46.0,1.0,18.0,15.0,3.0,10.0,95.0,559.0,True,13.58,10.1,73.63,25.4,2.85,5.14,7,7,0,1.0,True
2020-2021,2008970,Louisburg,Louisburg,KS,Miami County,4,4,1687,69,1618,116,7.0,11.5,30.75,61.75,0.0,111.0,104.0,104.0,0.0,16.0,0.0,1.0,2.0,8.0,2.0,6.0,8.0,1.1,4.0,61.0,220.1,True,15.56,13.48,64.28,9.89,0.62,3.71,4,4,0,1.0,True
2020-2021,2010140,Olathe,Olathe,KS,Johnson County,51,51,29128,786,28342,1860,46.7,522.95,577.0,1159.65,0.0,2306.3,2259.6,2259.6,-0.0,608.8,56.25,89.0,35.8,289.8,53.1,97.0,100.0,11.0,56.5,496.7,4200.25,True,12.54,9.88,79.73,21.48,3.14,3.42,51,51,0,1.0,True
2020-2021,2010260,Osawatomie,Osawatomie,KS,Miami County,4,4,1090,62,1028,74,5.0,21.0,23.0,40.5,0.0,89.5,84.5,84.5,0.0,11.5,1.0,3.0,1.0,9.5,1.0,5.0,5.7,2.0,3.5,30.0,162.7,True,12.17,10.71,82.2,11.19,2.92,4.86,4,4,0,1.0,True
2020-2021,2010500,Paola,Paola,KS,Miami County,4,4,1779,37,1742,102,2.0,22.0,47.7,70.7,0.0,142.4,140.4,140.4,0.0,256.0,0.5,4.0,1.0,46.0,3.0,6.0,16.0,4.0,6.0,36.0,520.9,True,12.41,4.39,80.6,146.96,2.3,3.44,4,4,0,1.0,True
2020-2021,2010680,Piper-Kansas City,Piper-Kansas City,KS,Wyandotte County,4,4,2561,79,2482,158,7.0,36.2,47.0,81.0,0.0,171.2,164.2,164.2,0.0,21.5,3.0,6.0,2.0,9.8,2.0,10.0,7.8,1.0,4.0,30.5,268.8,True,15.12,13.37,66.16,8.66,2.42,4.03,4,4,0,1.0,True
2020-2021,2011640,Shawnee Mission Pub Sch,Shawnee Mission Pub Sch,KS,Johnson County,44,44,26117,597,25520,1820,36.0,457.15,597.0,738.7,0.0,1828.85,1792.85,1792.85,0.0,537.2,105.0,32.0,21.0,207.9,31.7,92.5,83.0,12.0,50.5,517.5,3519.15,True,14.23,10.95,70.25,21.05,1.25,3.62,44,44,0,1.0,True
2020-2021,2011850,Spring Hill,Spring Hill,KS,Johnson County,9,7,5836,92,5744,423,5.0,83.0,90.0,151.75,0.0,329.75,324.75,324.75,0.0,70.7,7.0,13.0,5.0,29.5,7.0,16.0,15.5,3.0,9.2,65.4,571.05,True,17.69,14.53,56.54,12.31,2.26,2.79,9,9,0,1.0,True
2020-2021,2012000,Blue Valley,Blue Valley,KS,Johnson County,35,35,22148,393,21755,1391,28.8,277.1,465.1,802.73,0.0,1573.73,1544.93,1544.93,0.0,343.3,38.5,64.2,23.8,214.1,39.6,70.8,84.7,4.0,65.2,346.7,2868.63,True,14.08,11.52,71.01,15.78,2.95,3.25,35,35,0,1.0,True
2020-2021,2012210,Tonganoxie,Tonganoxie,KS,Leavenworth County,3,3,1897,64,1833,113,3.0,27.4,44.0,78.83,0.0,153.23,150.23,150.23,0.0,43.8,2.9,5.0,0.0,12.5,0.0,7.0,9.0,2.0,3.8,50.3,289.53,True,12.2,9.45,81.96,23.9,2.73,3.82,3,3,0,1.0,True
2020-2021,2012360,Turner-Kansas City,Turner-Kansas City,KS,Wyandotte County,7,7,3856,153,3703,252,5.0,51.6,81.7,129.8,0.0,268.1,263.1,263.1,0.0,53.0,9.0,9.0,4.0,47.7,2.0,19.0,15.2,4.0,11.0,86.4,528.4,True,14.07,11.71,71.05,14.31,2.43,5.13,7,7,0,1.0,True
2020-2021,2900009,DIVISION OF YOUTH SERVICE,DIVISION OF YOUTH SERVICE,MO,Clay County,5,4,384,0,384,0,0.0,0.0,0.0,90.0,0.0,90.0,90.0,90.0,0.0,0.0,4.0,0.0,0.0,1.0,0.0,1.0,0.0,0.0,0.0,0.0,96.0,True,4.27,4.27,234.38,0.0,0.0,2.6,41,5,36,0.122,False
2020-2021,2900013,KC INTERNATIONAL ACADEMY,KC INTERNATIONAL ACADEMY,MO,Jackson County,1,1,655,12,643,78,1.0,9.79,61.71,0.0,0.0,72.5,71.5,71.5,0.0,2.0,1.0,2.8,0.0,12.9,0.0,2.0,0.0,2.0,3.0,5.0,103.2,True,8.99,8.75,111.2,3.11,4.35,3.11,1,1,0,1.0,True
2020-2021,2900014,HOGAN PREPARATORY ACADEMY,HOGAN PREPARATORY ACADEMY,MO,Jackson County,3,3,1006,37,969,58,0.0,3.0,21.0,50.0,0.0,74.0,74.0,74.0,0.0,7.0,5.99,2.0,0.0,9.98,0.0,8.0,0.0,1.0,8.0,0.0,115.97,True,13.09,11.96,76.37,7.22,2.06,8.26,3,3,0,1.0,True
2020-2021,2900015,GORDON PARKS ELEM.,GORDON PARKS ELEM.,MO,Jackson County,1,1,134,0,134,31,1.0,2.4,14.7,0.0,0.0,18.1,17.1,17.1,0.0,3.43,1.0,1.0,0.0,2.57,0.65,1.0,0.0,0.0,1.0,1.75,30.5,True,7.84,6.53,127.61,25.6,7.46,7.46,1,1,0,1.0,True
2020-2021,2900016,GENESIS SCHOOL INC.,GENESIS SCHOOL INC.,MO,Jackson County,1,1,202,7,195,17,1.05,1.05,0.0,16.4,0.0,18.5,17.45,17.45,0.0,8.0,1.0,0.0,0.0,7.5,1.0,2.0,0.0,1.0,2.0,2.0,43.0,True,11.17,7.66,89.49,41.03,0.0,10.26,1,1,0,1.0,True
2020-2021,2900017,ACADEMIE LAFAYETTE,ACADEMIE LAFAYETTE,MO,Jackson County,3,3,1201,5,1196,195,0.0,12.92,46.49,25.58,0.0,84.99,84.99,84.99,0.0,4.0,0.0,1.0,0.0,5.0,0.0,5.0,0.0,0.0,5.0,1.0,105.99,True,14.07,13.44,71.06,3.34,0.84,4.18,3,3,0,1.0,True
2020-2021,2900019,SCUOLA VITA NUOVA,SCUOLA VITA NUOVA,MO,Jackson County,1,1,335,0,335,45,0.0,2.09,23.91,0.0,0.0,26.0,26.0,26.0,0.0,4.0,0.0,0.0,0.0,0.0,0.0,2.0,0.0,1.0,2.0,5.0,40.0,True,12.88,11.17,77.61,11.94,0.0,5.97,1,1,0,1.0,True
2020-2021,2900022,MO SCHLS FOR THE SEV DISABLED,MO SCHLS FOR THE SEV DISABLED,MO,Jackson County,5,0,702,0,702,9,0.0,0.0,149.1,0.0,0.0,149.1,149.1,149.1,0.0,279.07,0.0,0.0,0.0,23.6,0.0,17.4,0.0,0.0,0.0,0.0,469.17,True,4.71,1.64,212.39,397.54,0.0,24.79,35,5,30,0.1429,False
2020-2021,2900024,BROOKSIDE CHARTER SCH.,BROOKSIDE CHARTER SCH.,MO,Jackson County,2,2,718,27,691,65,1.0,5.0,36.8,18.7,0.0,61.5,60.5,60.5,0.0,13.0,3.1,3.0,0.0,6.9,0.0,3.9,0.0,1.0,0.0,0.0,92.4,True,11.42,9.4,87.55,18.81,4.34,5.64,2,2,0,1.0,True
2020-2021,2900025,ALLEN VILLAGE,ALLEN VILLAGE,MO,Jackson County,4,4,500,11,489,29,4.0,1.47,15.09,19.47,0.0,40.03,36.03,36.03,0.0,2.0,2.92,1.0,0.0,1.0,0.0,1.5,0.0,0.3,4.0,0.0,52.75,True,13.57,12.86,73.68,4.09,2.04,3.07,4,4,0,1.0,True
2020-2021,2900027,UNIVERSITY ACADEMY,UNIVERSITY ACADEMY,MO,Jackson County,3,3,1102,13,1089,103,1.0,5.62,35.23,36.55,0.0,78.4,77.4,77.4,0.0,2.0,0.0,2.1,0.0,5.8,2.0,8.0,0.0,2.2,0.0,0.0,100.5,True,14.07,13.72,71.07,1.84,1.93,7.35,3,3,0,1.0,True
2020-2021,2900028,LEE A. TOLBERT COM. ACADEMY,LEE A. TOLBERT COM. ACADEMY,MO,Jackson County,1,1,453,16,437,36,0.0,2.34,32.46,0.0,0.0,34.8,34.8,34.8,0.0,6.0,4.05,0.0,0.0,5.0,0.0,2.0,0.0,0.0,3.0,3.0,57.85,True,12.56,10.71,79.63,13.73,0.0,4.58,1,1,0,1.0,True
2020-2021,2900029,GUADALUPE CENTERS SCHOOLS,GUADALUPE CENTERS SCHOOLS,MO,Jackson County,3,3,1444,79,1365,114,13.0,5.86,35.64,61.5,0.0,116.0,103.0,103.0,0.0,10.0,4.33,3.0,0.0,11.67,0.0,7.0,0.0,3.0,10.0,10.0,175.0,True,13.25,12.08,75.46,7.33,2.2,5.13,3,3,0,1.0,True
2020-2021,2900031,KIPP: ENDEAVOR ACADEMY,KIPP: ENDEAVOR ACADEMY,MO,Jackson County,1,1,675,16,659,58,0.0,3.2,0.0,46.8,0.0,50.0,50.0,50.0,0.0,2.0,1.0,2.0,0.0,8.0,0.0,8.0,0.0,1.0,4.0,0.0,76.0,True,13.18,12.67,75.87,3.03,3.03,12.14,1,1,0,1.0,True
2020-2021,2900590,FRONTIER SCHOOLS,FRONTIER SCHOOLS,MO,Jackson County,5,5,1595,42,1553,84,3.0,5.79,49.7,90.01,0.0,148.5,145.5,145.5,0.0,8.5,1.0,3.0,0.0,10.5,4.0,14.0,0.0,1.0,0.0,0.0,190.5,True,10.67,10.08,93.69,5.47,1.93,9.01,5,5,0,1.0,True
2020-2021,2900593,DELASALLE CHARTER SCHOOL,DELASALLE CHARTER SCHOOL,MO,Jackson County,1,1,162,0,162,0,0.0,0.0,0.0,10.39,0.0,10.39,10.39,10.39,0.0,0.0,1.61,2.0,0.0,1.0,0.0,1.0,0.0,1.0,2.0,1.0,20.0,True,15.59,15.59,64.14,0.0,12.35,6.17,1,1,0,1.0,True
2020-2021,2900597,EWING MARION KAUFFMAN SCHOOL,EWING MARION KAUFFMAN SCHOOL,MO,Jackson County,2,2,1190,0,1190,0,0.0,0.0,0.0,101.5,0.0,101.5,101.5,101.5,0.0,0.0,6.5,0.0,0.0,1.0,0.0,5.0,0.0,1.0,0.0,0.0,115.0,True,11.72,11.72,85.29,0.0,0.0,4.2,2,2,0,1.0,True
2020-2021,2900601,HOPE LEADERSHIP ACADEMY,HOPE LEADERSHIP ACADEMY,MO,Jackson County,1,1,114,0,114,38,0.0,2.0,8.0,0.0,0.0,10.0,10.0,10.0,0.0,1.0,0.0,1.0,0.0,1.51,0.0,1.0,0.0,0.0,1.0,1.0,16.51,True,11.4,10.36,87.72,8.77,8.77,8.77,1,1,0,1.0,True
2020-2021,2900603,CROSSROADS CHARTER SCHOOLS,CROSSROADS CHARTER SCHOOLS,MO,Jackson County,3,3,1052,19,1033,99,0.0,7.72,47.95,36.33,0.0,92.0,92.0,92.0,0.0,7.0,0.99,0.0,0.0,12.0,0.0,7.0,0.0,2.0,14.0,0.0,134.99,True,11.23,10.43,89.06,6.78,0.0,6.78,3,3,0,1.0,True
2020-2021,2900604,ACADEMY FOR INTEGRATED ARTS,ACADEMY FOR INTEGRATED ARTS,MO,Jackson County,1,1,255,12,243,46,0.0,3.0,14.5,0.0,0.0,17.5,17.5,17.5,0.0,2.0,0.8,0.0,0.0,5.0,0.0,2.0,0.0,1.0,2.0,1.0,31.3,True,13.89,12.46,72.02,8.23,0.0,8.23,1,1,0,1.0,True
2020-2021,2900612,CITIZENS OF THE WORLD CHARTER,CITIZENS OF THE WORLD CHARTER,MO,Jackson County,2,2,527,10,517,73,0.0,3.59,23.26,6.25,0.0,33.1,33.1,33.1,0.0,8.0,1.5,0.0,0.0,2.0,0.0,3.0,0.0,1.0,0.0,0.0,48.6,True,15.62,12.58,64.02,15.47,0.0,5.8,2,2,0,1.0,True
2020-2021,2900615,KANSAS CITY GIRLS PREP ACADEMY,KANSAS CITY GIRLS PREP ACADEMY,MO,Jackson County,1,1,137,0,137,0,0.0,0.0,0.0,16.02,0.0,16.02,16.02,16.02,0.0,1.0,2.58,0.0,0.0,3.0,0.0,1.0,0.0,1.0,0.0,0.0,24.6,True,8.55,8.05,116.93,7.3,0.0,7.3,1,1,0,1.0,True
2020-2021,2903200,ARCHIE R-V,ARCHIE R-V,MO,Cass County,2,2,500,5,495,28,1.15,2.23,14.48,20.98,0.0,38.84,37.69,37.69,-0.0,7.32,0.39,0.7,0.0,2.31,0.46,2.0,0.0,1.0,4.0,6.0,63.02,True,13.13,11.0,76.14,14.79,1.41,4.04,2,2,0,1.0,True
2020-2021,2904620,BELTON 124,BELTON 124,MO,Cass County,8,7,4583,249,4334,324,14.79,14.64,120.72,132.85,0.0,283.0,268.21,268.21,0.0,54.1,9.66,12.0,0.0,22.54,7.0,16.0,0.0,4.0,28.0,66.57,502.87,True,16.16,13.45,61.89,12.48,2.77,3.69,8,8,0,1.0,True
2020-2021,2905310,BLUE SPRINGS R-IV,BLUE SPRINGS R-IV,MO,Jackson County,22,21,14687,166,14521,1025,12.66,63.16,344.28,485.66,0.0,905.76,893.1,893.1,0.0,117.5,26.72,36.0,1.0,81.68,11.74,47.6,13.0,6.0,123.0,972.0,2342.0,True,16.26,14.37,61.5,8.09,2.48,3.28,22,22,0,1.0,True
2020-2021,2908250,CENTER 58,CENTER 58,MO,Jackson County,8,6,2507,91,2416,156,10.81,12.0,94.26,104.8,0.0,221.87,211.06,211.06,0.0,45.0,8.17,6.25,2.0,25.0,3.0,12.8,0.0,2.0,26.0,97.2,449.29,True,11.45,9.44,87.36,18.63,2.59,5.3,8,8,0,1.0,True
2020-2021,2910320,SHERWOOD CASS R-VIII,SHERWOOD CASS R-VIII,MO,Cass County,3,3,793,33,760,54,2.13,3.49,25.24,31.28,0.0,62.14,60.01,60.01,0.0,21.71,1.95,3.0,0.0,3.05,0.86,3.0,0.0,1.0,7.0,21.0,124.71,True,12.66,9.3,78.96,28.57,3.95,3.95,3,3,0,1.0,True
2020-2021,2911070,DREXEL R-IV,DREXEL R-IV,MO,Cass County,2,2,275,3,272,19,0.0,3.29,9.18,16.13,0.0,28.6,28.6,28.6,0.0,5.0,0.0,0.9,0.0,0.5,0.0,2.0,0.0,1.0,3.0,7.0,48.0,True,9.51,8.1,105.15,18.38,3.31,7.35,2,2,0,1.0,True
2020-2021,2911160,EAST LYNNE 40,EAST LYNNE 40,MO,Cass County,1,1,138,9,129,16,1.0,1.27,11.53,0.0,0.0,13.8,12.8,12.8,0.0,1.8,0.0,0.25,0.0,0.5,0.2,0.5,0.0,0.0,2.0,2.0,21.05,True,10.08,8.84,99.22,13.95,1.94,3.88,1,1,0,1.0,True
2020-2021,2911650,EXCELSIOR SPRINGS 40,EXCELSIOR SPRINGS 40,MO,Clay County,8,5,2693,96,2597,179,8.0,12.19,74.81,128.38,0.0,223.38,215.38,215.38,0.0,31.0,9.0,6.75,0.0,16.64,3.42,13.9,0.0,5.0,0.0,6.51,315.6,True,12.06,10.54,82.93,11.94,2.6,5.35,8,8,0,1.0,True
2020-2021,2912290,FORT OSAGE R-I,FORT OSAGE R-I,MO,Jackson County,11,8,4872,121,4751,338,12.33,24.0,166.1,151.31,0.0,353.74,341.41,341.41,0.0,80.52,8.1,15.0,0.0,24.48,6.86,14.9,1.0,7.0,45.0,194.98,751.58,True,13.92,11.26,71.86,16.95,3.16,3.14,11,11,0,1.0,True
2020-2021,2913080,GRAIN VALLEY R-V,GRAIN VALLEY R-V,MO,Jackson County,8,7,4503,86,4417,281,9.0,15.98,134.88,158.65,0.0,318.51,309.51,309.51,0.0,72.4,8.49,10.0,2.33,22.47,7.0,20.0,0.0,3.0,36.0,177.0,677.2,True,14.27,11.57,70.07,16.39,2.26,4.53,8,8,0,1.0,True
2020-2021,2913140,GRANDVIEW C-4,GRANDVIEW C-4,MO,Jackson County,9,7,3750,114,3636,251,7.0,13.26,136.24,116.53,0.0,273.03,266.03,266.03,0.0,54.22,6.4,13.0,2.4,17.15,7.67,16.75,1.0,4.0,39.0,85.0,519.62,True,13.67,11.35,73.17,14.91,3.58,4.61,9,9,0,1.0,True
2020-2021,2913680,HARDIN-CENTRAL C-2,HARDIN-CENTRAL C-2,MO,Ray County,2,2,237,19,218,17,0.9,1.13,3.37,7.67,0.0,13.07,12.17,12.17,0.0,0.0,0.0,1.0,0.0,0.3,0.0,2.0,0.0,1.0,0.0,0.0,17.37,True,17.91,17.91,55.83,0.0,4.59,9.17,2,2,0,1.0,True
2020-2021,2913760,HARRISONVILLE R-IX,HARRISONVILLE R-IX,MO,Cass County,7,5,2277,61,2216,145,3.63,11.13,58.45,102.92,0.0,176.13,172.5,172.5,0.0,27.0,5.0,8.0,0.0,14.98,3.88,8.42,0.0,4.0,25.0,50.0,322.41,True,12.85,11.11,77.84,12.18,3.61,3.8,7,7,0,1.0,True
2020-2021,2914340,HICKMAN MILLS C-1,HICKMAN MILLS C-1,MO,Jackson County,12,11,5007,226,4781,403,32.2,26.94,162.6,179.58,0.0,401.32,369.12,369.12,0.0,46.8,21.3,15.0,4.98,62.75,10.0,19.0,0.0,5.5,62.0,123.4,772.05,True,12.95,11.49,77.21,9.79,3.14,3.97,12,12,0,1.0,True
2020-2021,2915480,INDEPENDENCE 30,INDEPENDENCE 30,MO,Jackson County,31,28,14240,527,13713,1054,31.5,24.48,437.4,454.6,0.0,947.98,916.48,916.48,0.0,149.31,22.9,36.0,5.0,117.16,19.9,53.0,0.0,9.0,135.0,846.0,2341.25,True,14.96,12.87,66.83,10.89,2.63,3.86,31,31,0,1.0,True
2020-2021,2916400,KANSAS CITY 33,KANSAS CITY 33,MO,Jackson County,35,34,14113,779,13334,935,47.6,86.7,549.78,437.52,0.0,1121.6,1074.0,1074.0,0.0,127.12,34.0,5.0,20.0,95.98,4.4,65.7,0.0,13.0,50.0,742.0,2278.8,True,12.42,11.1,80.55,9.53,0.37,4.93,35,35,0,1.0,True
2020-2021,2916450,KEARNEY R-I,KEARNEY R-I,MO,Clay County,9,8,3570,67,3503,235,5.0,12.0,104.94,124.56,0.0,246.5,241.5,241.5,0.0,71.18,5.0,11.0,0.0,23.0,5.0,12.5,0.0,2.0,25.0,46.91,448.09,True,14.51,11.2,68.94,20.32,3.14,3.57,9,9,0,1.0,True
2020-2021,2918220,LAWSON R-XIV,LAWSON R-XIV,MO,Ray County,3,3,1109,14,1095,86,1.25,6.08,22.09,46.4,0.0,75.82,74.57,74.57,0.0,8.14,1.5,3.0,0.0,4.33,1.6,5.5,0.28,1.0,7.5,14.0,122.67,True,14.68,13.24,68.1,7.43,2.74,5.02,3,3,0,1.0,True
2020-2021,2918300,LEE'S SUMMIT R-VII,LEE'S SUMMIT R-VII,MO,Jackson County,27,25,17790,296,17494,1120,29.24,129.37,459.98,598.42,0.0,1217.01,1187.77,1187.77,0.0,201.0,12.2,45.0,4.0,130.61,19.54,61.23,0.0,6.0,159.0,809.57,2665.16,True,14.73,12.6,67.9,11.49,2.57,3.5,27,27,0,1.0,True
2020-2021,2918540,LIBERTY 53,LIBERTY 53,MO,Clay County,20,17,12632,88,12544,815,24.0,50.75,328.3,450.37,0.0,853.42,829.42,829.42,0.0,128.03,6.44,32.15,11.0,59.99,15.45,43.92,0.0,7.0,80.0,518.35,1755.75,True,15.12,13.1,66.12,10.21,2.56,3.5,20,20,0,1.0,True
2020-2021,2919230,LONE JACK C-6,LONE JACK C-6,MO,Jackson County,2,2,738,53,685,49,1.5,3.2,19.3,27.8,0.0,51.8,50.3,50.3,0.0,9.0,2.26,2.46,0.0,3.05,1.42,2.95,0.0,1.0,6.5,4.0,84.44,True,13.62,11.55,73.43,13.14,3.59,4.31,2,2,0,1.0,True
2020-2021,2921060,MISSOURI CITY 56,MISSOURI CITY 56,MO,Clay County,1,1,27,0,27,2,0.0,0.32,2.88,0.0,0.0,3.2,3.2,3.2,0.0,0.0,0.0,0.18,0.0,1.52,0.2,0.45,0.0,0.0,2.0,2.0,9.55,True,8.44,8.44,118.52,0.0,6.67,16.67,1,1,0,1.0,True
2020-2021,2922800,NORTH KANSAS CITY 74,NORTH KANSAS CITY 74,MO,Clay County,34,32,19673,1,19672,1355,40.5,88.14,560.9,772.19,0.0,1461.73,1421.23,1421.23,0.0,261.62,37.2,49.16,7.5,60.34,28.0,74.96,0.0,6.0,195.55,831.14,3013.2,True,13.84,11.69,72.25,13.3,2.5,3.81,34,34,0,1.0,True
2020-2021,2922830,NORTH PLATTE CO. R-I,NORTH PLATTE CO. R-I,MO,Platte County,5,4,580,0,580,40,1.0,2.91,18.45,27.34,0.0,49.7,48.7,48.7,0.0,10.0,1.96,2.0,0.0,2.14,1.0,3.4,0.0,0.8,0.0,0.0,71.0,True,11.91,9.88,83.97,17.24,3.45,5.86,5,5,0,1.0,True
2020-2021,2923010,OAK GROVE R-VI,OAK GROVE R-VI,MO,Jackson County,4,4,1985,42,1943,145,3.7,7.0,54.75,79.37,0.0,144.82,141.12,141.12,0.0,23.5,5.0,5.0,0.0,7.0,3.58,6.0,3.0,2.0,0.0,0.0,199.9,True,13.77,11.8,72.63,12.09,2.57,3.09,4,4,0,1.0,True
2020-2021,2923220,ORRICK R-XI,ORRICK R-XI,MO,Ray County,2,2,254,5,249,19,1.19,1.12,10.81,14.37,0.0,27.49,26.3,26.3,0.0,7.0,1.0,1.91,0.0,2.27,0.0,1.95,0.0,1.0,4.0,6.75,53.37,True,9.47,7.48,105.62,28.11,7.67,7.83,2,2,0,1.0,True
2020-2021,2923550,PARK HILL,PARK HILL,MO,Platte County,20,18,11992,303,11689,812,22.0,45.68,329.46,475.65,0.0,872.79,850.79,850.79,0.0,151.06,4.67,32.0,5.0,65.0,19.0,47.0,0.0,4.0,99.66,433.57,1733.75,True,13.74,11.67,72.79,12.92,2.74,4.02,20,20,0,1.0,True
2020-2021,2923730,RAYMORE-PECULIAR R-II,RAYMORE-PECULIAR R-II,MO,Cass County,11,10,6290,105,6185,378,10.19,27.68,173.59,227.59,0.0,439.05,428.86,428.86,0.0,67.43,9.01,15.9,4.0,33.56,9.04,21.45,13.96,5.0,48.0,210.4,876.8,True,14.42,12.46,69.34,10.9,2.57,3.47,11,11,0,1.0,True
2020-2021,2925230,PLATTE CO. R-III,PLATTE CO. R-III,MO,Platte County,7,6,4269,65,4204,321,4.25,21.82,107.28,171.14,0.0,304.49,300.24,300.24,0.0,49.0,5.0,12.0,4.0,34.0,1.52,15.0,0.0,4.0,0.0,0.0,429.01,True,14.0,12.04,71.42,11.66,2.85,3.57,7,7,0,1.0,True
2020-2021,2925330,PLEASANT HILL R-III,PLEASANT HILL R-III,MO,Cass County,5,5,2161,44,2117,148,2.16,9.04,65.6,64.57,0.0,141.37,139.21,139.21,0.0,20.8,2.71,6.0,0.0,12.33,4.0,8.38,0.5,2.0,0.0,0.0,198.09,True,15.21,13.23,65.76,9.83,2.83,3.96,5,5,0,1.0,True
2020-2021,2926070,RAYTOWN C-2,RAYTOWN C-2,MO,Jackson County,20,16,7906,74,7832,539,24.0,36.09,250.64,320.74,0.0,631.47,607.47,607.47,0.0,159.0,21.48,23.85,3.0,74.17,9.0,31.0,4.0,8.0,78.0,401.0,1443.97,True,12.89,10.22,77.56,20.3,3.05,3.96,20,20,0,1.0,True
2020-2021,2926480,RICHMOND R-XVI,RICHMOND R-XVI,MO,Ray County,4,4,1446,41,1405,116,3.5,9.0,45.9,51.4,0.0,109.8,106.3,106.3,0.0,16.9,3.4,4.0,0.0,5.9,1.0,6.0,1.0,2.0,9.0,26.05,185.05,True,13.22,11.4,75.66,12.03,2.85,4.27,4,4,0,1.0,True
2020-2021,2928410,SMITHVILLE R-II,SMITHVILLE R-II,MO,Clay County,5,5,2643,32,2611,174,3.0,11.49,78.27,81.28,0.0,174.04,171.04,171.04,0.0,37.5,6.72,6.9,0.0,9.3,4.9,9.8,0.0,1.98,23.0,29.46,303.6,True,15.27,12.52,65.51,14.36,2.64,3.75,5,5,0,1.0,True
2020-2021,2929670,STRASBURG C-3,STRASBURG C-3,MO,Cass County,1,1,119,0,119,11,0.0,1.23,11.52,0.0,0.0,12.75,12.75,12.75,0.0,0.0,0.0,0.0,0.0,0.1,0.0,0.0,0.0,1.0,3.0,3.0,19.85,True,9.33,9.33,107.14,0.0,0.0,0.0,1,1,0,1.0,True
2020-2021,2931710,WEST PLATTE CO. R-II,WEST PLATTE CO. R-II,MO,Platte County,2,2,666,48,618,32,2.5,2.63,30.73,26.21,0.0,62.07,59.57,59.57,0.0,6.0,2.43,1.86,0.0,2.86,1.94,3.72,0.0,1.0,5.0,11.0,97.88,True,10.37,9.43,96.39,9.71,3.01,6.02,2,2,0,1.0,True
2020-2021,2931800,MIDWAY R-I,MIDWAY R-I,MO,Cass County,2,2,430,0,430,34,0.07,2.35,18.65,15.33,0.0,36.4,36.33,36.33,0.0,7.5,0.45,1.43,0.07,2.05,1.9,1.5,0.0,0.5,5.0,8.0,64.8,True,11.84,9.81,84.49,17.44,3.33,3.49,2,2,0,1.0,True
2021-2022,2000018,School for Blind,School for Blind,KS,Wyandotte County,2,0,16,0,16,0,0.0,0.0,0.0,0.0,0.0,0.0,0.0,0.0,0.0,0.0,0.0,0.0,0.0,0.0,0.0,0.0,0.0,0.0,0.0,0.0,0.0,True,,,0.0,0.0,0.0,0.0,2,2,0,1.0,True
2021-2022,2000019,School for Deaf,School for Deaf,KS,Johnson County,2,0,122,16,106,8,3.0,3.5,7.0,14.5,0.0,28.0,25.0,25.0,0.0,0.0,0.0,0.0,1.0,0.0,1.0,2.0,0.0,1.0,0.0,0.0,33.0,True,4.24,4.24,235.85,0.0,0.0,18.87,2,2,0,1.0,True
2021-2022,2003780,Basehor-Linwood,Basehor-Linwood,KS,Leavenworth County,7,6,2996,134,2862,196,6.0,37.5,58.8,93.25,0.0,195.55,189.55,189.55,0.0,33.2,9.4,7.0,5.5,24.5,2.0,11.0,12.4,3.5,7.0,47.0,358.05,True,15.1,12.85,66.23,11.6,2.45,3.84,7,7,0,1.0,True
2021-2022,2004050,Bonner Springs,Bonner Springs,KS,Wyandotte County,5,5,2552,92,2460,170,6.0,74.45,35.0,85.0,0.0,200.45,194.45,194.45,0.0,62.0,7.0,8.0,0.0,25.0,2.0,11.0,4.0,2.0,8.0,53.0,382.45,True,12.65,9.59,79.04,25.2,3.25,4.47,5,5,0,1.0,True
2021-2022,2005490,De Soto,De Soto,KS,Johnson County,13,12,7396,178,7218,498,6.0,126.3,136.45,256.2,0.0,524.95,518.95,518.95,0.0,113.7,6.0,16.0,8.5,58.6,8.5,33.0,22.0,2.0,9.5,106.5,909.25,True,13.91,11.41,71.9,15.75,2.22,4.57,13,13,0,1.0,True
2021-2022,2005640,Easton,Easton,KS,Leavenworth County,3,3,659,38,621,46,1.0,9.0,16.0,25.9,0.0,51.9,50.9,50.9,0.0,2.4,1.0,1.0,0.0,3.7,0.0,3.0,4.8,1.0,2.0,20.8,91.6,True,12.2,11.65,81.96,3.86,1.61,4.83,3,3,0,1.0,True
2021-2022,2006330,Ft Leavenworth,Ft Leavenworth,KS,Leavenworth County,4,4,1649,219,1430,202,11.0,43.5,57.0,20.5,0.0,132.0,121.0,121.0,0.0,23.1,12.25,4.0,2.0,22.0,4.0,4.0,3.0,3.0,8.0,30.5,247.85,True,11.82,9.92,84.62,16.15,2.8,2.8,4,4,0,1.0,True
2021-2022,2006420,Gardner Edgerton,Gardner Edgerton,KS,Johnson County,11,11,5918,253,5665,398,11.5,128.5,95.0,257.88,0.0,492.88,481.38,481.38,0.0,135.0,3.5,17.5,6.0,43.3,11.0,30.0,16.6,3.0,17.0,99.5,875.28,True,11.77,9.19,84.97,23.83,3.09,5.3,11,11,0,1.0,True
2021-2022,2007950,Kansas City,Kansas City,KS,Wyandotte County,43,43,21593,1100,20493,1614,77.0,323.6,464.61,703.28,0.0,1568.49,1491.49,1491.49,0.0,148.4,92.0,53.0,10.0,426.2,8.0,90.0,50.9,5.0,103.6,610.1,3165.69,True,13.74,12.5,72.78,7.24,2.59,4.39,43,43,0,1.0,True
2021-2022,2008340,Lansing,Lansing,KS,Leavenworth County,4,4,2596,73,2523,161,6.0,48.02,44.65,89.0,0.0,187.67,181.67,181.67,0.0,59.7,2.0,5.0,4.0,25.8,1.0,10.0,6.3,2.0,12.0,57.7,373.17,True,13.89,10.45,72.01,23.66,1.98,3.96,4,4,0,1.0,True
2021-2022,2008430,Leavenworth,Leavenworth,KS,Leavenworth County,8,7,3695,149,3546,267,8.5,60.5,72.5,111.0,0.0,252.5,244.0,244.0,0.0,106.0,5.0,12.0,6.0,44.0,2.0,21.0,17.0,3.0,12.0,101.0,581.5,True,14.53,10.13,68.81,29.89,3.38,5.92,8,8,0,1.0,True
2021-2022,2008970,Louisburg,Louisburg,KS,Miami County,5,4,1788,107,1681,134,7.0,12.5,31.75,61.75,0.0,113.0,106.0,106.0,0.0,16.4,0.0,1.0,2.0,8.0,2.0,6.0,8.0,1.1,4.0,63.0,224.5,True,15.86,13.73,63.06,9.76,0.59,3.57,5,5,0,1.0,True
2021-2022,2010140,Olathe,Olathe,KS,Johnson County,52,51,29305,923,28382,2024,75.0,460.6,596.5,1277.3,0.0,2409.4,2334.4,2334.4,0.0,602.4,81.05,88.0,37.3,334.7,52.7,96.0,100.7,12.0,56.5,490.8,4361.55,True,12.16,9.66,82.25,21.22,3.1,3.38,52,52,0,1.0,True
2021-2022,2010260,Osawatomie,Osawatomie,KS,Miami County,5,4,1083,82,1001,85,5.0,25.5,23.0,40.75,0.0,94.25,89.25,89.25,0.0,10.5,1.0,3.0,1.0,10.0,1.0,5.0,6.0,1.0,3.0,36.7,172.45,True,11.22,10.04,89.16,10.49,3.0,5.0,5,5,0,1.0,True
2021-2022,2010500,Paola,Paola,KS,Miami County,4,4,1801,26,1775,102,2.0,22.5,46.0,70.5,0.0,141.0,139.0,139.0,0.0,251.0,0.5,4.0,1.0,48.0,3.0,6.0,16.0,4.0,6.0,33.0,513.5,True,12.77,4.55,78.31,141.41,2.25,3.38,4,4,0,1.0,True
2021-2022,2010680,Piper-Kansas City,Piper-Kansas City,KS,Wyandotte County,4,4,2615,112,2503,162,7.0,32.0,46.0,82.5,0.0,167.5,160.5,160.5,0.0,22.5,3.0,9.0,0.0,9.0,4.0,11.0,6.9,1.0,5.0,33.6,272.5,True,15.6,13.68,64.12,8.99,3.6,4.39,4,4,0,1.0,True
2021-2022,2011640,Shawnee Mission Pub Sch,Shawnee Mission Pub Sch,KS,Johnson County,45,44,26462,744,25718,1954,35.0,491.3,624.5,766.1,0.0,1916.9,1881.9,1881.9,0.0,547.8,113.0,38.5,21.0,217.4,37.7,93.0,83.0,12.7,50.5,516.0,3647.5,True,13.67,10.58,73.17,21.3,1.5,3.62,45,45,0,1.0,True
2021-2022,2011850,Spring Hill,Spring Hill,KS,Johnson County,10,8,5379,105,5274,356,6.0,87.5,88.0,162.75,0.0,344.25,338.25,338.25,0.0,68.9,12.0,13.0,5.0,28.8,8.0,16.0,22.2,3.0,12.7,57.3,591.15,True,15.59,12.95,64.14,13.06,2.46,3.03,10,10,0,1.0,True
2021-2022,2012000,Blue Valley,Blue Valley,KS,Johnson County,35,35,22376,424,21952,1575,27.8,296.5,457.0,787.73,0.0,1569.03,1541.23,1541.23,0.0,348.8,37.6,64.0,23.6,201.8,39.6,73.0,81.6,4.0,62.9,330.3,2836.23,True,14.24,11.61,70.21,15.89,2.92,3.33,35,35,0,1.0,True
2021-2022,2012210,Tonganoxie,Tonganoxie,KS,Leavenworth County,3,3,1903,30,1873,146,3.0,32.8,43.2,78.73,0.0,157.73,154.73,154.73,0.0,39.2,4.0,6.0,0.0,14.8,0.0,6.0,9.0,2.0,3.8,44.9,287.43,True,12.1,9.66,82.61,20.93,3.2,3.2,3,3,0,1.0,True
2021-2022,2012360,Turner-Kansas City,Turner-Kansas City,KS,Wyandotte County,8,7,3899,163,3736,306,4.0,58.6,88.35,128.15,0.0,279.1,275.1,275.1,0.0,55.0,8.0,10.0,4.0,49.4,5.0,20.0,15.5,4.0,11.0,82.6,543.6,True,13.58,11.32,73.63,14.72,2.68,5.35,8,8,0,1.0,True
2021-2022,2900009,DIVISION OF YOUTH SERVICE,DIVISION OF YOUTH SERVICE,MO,Clay County,5,4,415,0,415,0,0.0,0.0,0.0,74.0,0.0,74.0,74.0,74.0,0.0,0.0,0.0,0.0,0.0,5.0,0.0,1.0,0.0,0.0,0.0,0.0,80.0,True,5.61,5.61,178.31,0.0,0.0,2.41,41,5,36,0.122,False
2021-2022,2900013,KC INTERNATIONAL ACADEMY,KC INTERNATIONAL ACADEMY,MO,Jackson County,1,1,672,19,653,84,0.0,7.83,73.37,0.0,0.0,81.2,81.2,81.2,0.0,3.0,2.0,2.8,0.0,13.65,0.0,3.0,0.0,1.0,3.0,5.0,114.65,True,8.04,7.76,124.35,4.59,4.29,4.59,1,1,0,1.0,True
2021-2022,2900014,HOGAN PREPARATORY ACADEMY,HOGAN PREPARATORY ACADEMY,MO,Jackson County,3,3,907,1,906,61,0.0,3.51,20.99,59.5,0.0,84.0,84.0,84.0,0.0,5.0,1.1,1.0,0.0,9.0,0.0,7.8,0.0,1.1,0.0,0.0,109.0,True,10.79,10.18,92.72,5.52,1.1,8.61,3,3,0,1.0,True
2021-2022,2900015,GORDON PARKS ELEM.,GORDON PARKS ELEM.,MO,Jackson County,1,1,137,0,137,34,1.0,2.43,11.97,0.0,0.0,15.4,14.4,14.4,0.0,4.4,1.0,0.0,0.0,3.0,0.6,1.0,0.0,0.0,2.0,24.0,51.4,True,9.51,7.29,105.11,32.12,0.0,7.3,1,1,0,1.0,True
2021-2022,2900016,GENESIS SCHOOL INC.,GENESIS SCHOOL INC.,MO,Jackson County,1,1,214,9,205,16,1.0,1.13,0.0,20.87,0.0,23.0,22.0,22.0,0.0,5.0,2.0,0.0,0.0,8.0,0.5,2.0,0.0,1.0,0.0,0.0,41.5,True,9.32,7.59,107.32,24.39,0.0,9.76,1,1,0,1.0,True
2021-2022,2900017,ACADEMIE LAFAYETTE,ACADEMIE LAFAYETTE,MO,Jackson County,3,3,1246,8,1238,200,1.0,12.61,51.05,28.63,0.0,93.29,92.29,92.29,0.0,4.5,0.0,1.0,0.0,4.0,2.0,6.0,0.0,0.0,5.0,6.0,121.79,True,13.41,12.79,74.55,3.63,0.81,4.85,3,3,0,1.0,True
2021-2022,2900019,SCUOLA VITA NUOVA,SCUOLA VITA NUOVA,MO,Jackson County,1,1,379,0,379,47,0.0,2.55,25.45,0.0,0.0,28.0,28.0,28.0,0.0,0.0,0.0,0.0,0.0,1.0,0.0,2.0,0.0,1.0,5.0,8.0,45.0,True,13.54,13.54,73.88,0.0,0.0,5.28,1,1,0,1.0,True
2021-2022,2900022,MO SCHLS FOR THE SEV DISABLED,MO SCHLS FOR THE SEV DISABLED,MO,Jackson County,5,0,701,0,701,11,0.0,0.0,130.6,0.0,0.0,130.6,130.6,130.6,0.0,231.87,0.0,0.0,0.0,18.6,0.0,14.4,0.0,0.0,0.0,0.0,395.47,True,5.37,1.93,186.31,330.77,0.0,20.54,35,5,30,0.1429,False
2021-2022,2900024,BROOKSIDE CHARTER SCH.,BROOKSIDE CHARTER SCH.,MO,Jackson County,2,2,745,30,715,84,1.1,7.11,46.69,21.1,0.0,76.0,74.9,74.9,0.0,6.0,3.0,3.0,0.0,7.0,0.0,4.0,0.0,1.0,0.0,0.0,100.0,True,9.55,8.84,104.76,8.39,4.2,5.59,2,2,0,1.0,True
2021-2022,2900025,ALLEN VILLAGE,ALLEN VILLAGE,MO,Jackson County,5,4,473,11,462,27,0.0,1.35,13.65,20.7,0.0,35.7,35.7,35.7,0.0,2.5,2.23,2.0,0.0,0.0,0.0,1.5,0.0,1.57,0.0,0.0,45.5,True,12.94,12.09,77.27,5.41,4.33,3.25,5,5,0,1.0,True
2021-2022,2900027,UNIVERSITY ACADEMY,UNIVERSITY ACADEMY,MO,Jackson County,3,3,1120,14,1106,95,1.0,6.38,34.62,38.4,0.0,80.4,79.4,79.4,0.0,3.0,0.0,3.0,0.0,5.8,1.0,7.6,0.0,1.2,0.0,0.0,102.0,True,13.93,13.42,71.79,2.71,2.71,6.87,3,3,0,1.0,True
2021-2022,2900028,LEE A. TOLBERT COM. ACADEMY,LEE A. TOLBERT COM. ACADEMY,MO,Jackson County,1,1,409,18,391,35,0.0,2.97,35.64,0.0,0.0,38.61,38.61,38.61,0.0,15.0,4.05,0.7,0.0,4.45,0.0,2.0,0.0,0.0,0.0,0.0,64.81,True,10.13,7.29,98.75,38.36,1.79,5.12,1,1,0,1.0,True
2021-2022,2900029,GUADALUPE CENTERS SCHOOLS,GUADALUPE CENTERS SCHOOLS,MO,Jackson County,3,3,1442,54,1388,118,3.75,6.83,41.17,61.0,0.0,112.75,109.0,109.0,0.0,3.0,3.97,4.0,0.0,23.49,0.0,7.0,0.0,2.97,0.0,0.0,157.18,True,12.73,12.39,78.53,2.16,2.88,5.04,3,3,0,1.0,True
2021-2022,2900031,KIPP: ENDEAVOR ACADEMY,KIPP: ENDEAVOR ACADEMY,MO,Jackson County,1,1,692,17,675,58,1.0,3.97,0.0,57.13,0.0,62.1,61.1,61.1,0.0,6.4,4.0,7.0,0.0,4.0,0.0,9.5,0.0,1.0,4.0,0.0,98.0,True,11.05,10.0,90.52,9.48,10.37,14.07,1,1,0,1.0,True
2021-2022,2900590,FRONTIER SCHOOLS,FRONTIER SCHOOLS,MO,Jackson County,5,5,1593,35,1558,95,2.0,5.63,45.75,89.92,0.0,143.3,141.3,141.3,0.0,10.0,2.0,3.5,0.0,9.0,2.7,12.0,0.0,2.0,0.0,0.0,184.5,True,11.03,10.3,90.69,6.42,2.25,7.7,5,5,0,1.0,True
2021-2022,2900593,DELASALLE CHARTER SCHOOL,DELASALLE CHARTER SCHOOL,MO,Jackson County,1,1,186,0,186,0,0.0,0.0,0.0,9.95,0.0,9.95,9.95,9.95,0.0,0.75,0.75,1.0,0.0,0.0,0.0,0.75,0.0,2.55,0.0,0.0,15.75,True,18.69,17.38,53.49,4.03,5.38,4.03,1,1,0,1.0,True
2021-2022,2900597,EWING MARION KAUFFMAN SCHOOL,EWING MARION KAUFFMAN SCHOOL,MO,Jackson County,2,2,0,0,0,0,0.0,0.0,0.0,90.0,0.0,90.0,90.0,90.0,0.0,0.0,1.0,0.0,0.0,0.0,0.0,4.0,0.0,1.0,0.0,0.0,96.0,True,0.0,0.0,,,,,2,2,0,1.0,True
2021-2022,2900601,HOPE LEADERSHIP ACADEMY,HOPE LEADERSHIP ACADEMY,MO,Jackson County,1,1,118,0,118,35,0.0,2.0,9.6,0.0,0.0,11.6,11.6,11.6,0.0,1.0,0.0,0.0,0.0,3.2,0.0,1.0,0.0,0.0,1.0,1.0,18.8,True,10.17,9.37,98.31,8.47,0.0,8.47,1,1,0,1.0,True
2021-2022,2900603,CROSSROADS CHARTER SCHOOLS,CROSSROADS CHARTER SCHOOLS,MO,Jackson County,3,3,1094,20,1074,104,0.0,8.01,52.99,43.3,0.0,104.3,104.3,104.3,0.0,9.0,2.0,0.8,0.0,14.0,0.0,7.9,0.0,1.0,10.0,0.0,149.0,True,10.3,9.48,97.11,8.38,0.74,7.36,3,3,0,1.0,True
2021-2022,2900604,ACADEMY FOR INTEGRATED ARTS,ACADEMY FOR INTEGRATED ARTS,MO,Jackson County,1,1,253,12,241,48,0.0,3.0,18.85,0.0,0.0,21.85,21.85,21.85,0.0,2.0,0.25,0.0,0.0,6.0,0.0,2.0,0.0,1.0,2.0,1.0,36.1,True,11.03,10.1,90.66,8.3,0.0,8.3,1,1,0,1.0,True
2021-2022,2900612,CITIZENS OF THE WORLD CHARTER,CITIZENS OF THE WORLD CHARTER,MO,Jackson County,2,2,530,11,519,69,0.0,3.71,24.58,13.28,0.0,41.57,41.57,41.57,0.0,9.63,3.44,0.0,0.0,1.85,0.0,2.0,0.0,2.0,0.0,0.85,61.34,True,12.48,10.14,80.1,18.55,0.0,3.85,2,2,0,1.0,True
2021-2022,2900615,KANSAS CITY GIRLS PREP ACADEMY,KANSAS CITY GIRLS PREP ACADEMY,MO,Jackson County,1,1,168,0,168,0,0.0,0.0,0.0,24.17,0.0,24.17,24.17,24.17,0.0,2.0,4.5,0.0,0.0,4.0,0.0,1.0,0.0,1.0,0.0,0.0,36.67,True,6.95,6.42,143.87,11.9,0.0,5.95,1,1,0,1.0,True
2021-2022,2903200,ARCHIE R-V,ARCHIE R-V,MO,Cass County,2,2,496,6,490,32,1.34,2.27,14.11,21.78,0.0,39.5,38.16,38.16,0.0,8.0,0.59,1.05,0.0,1.1,0.46,2.0,0.0,1.0,3.6,7.4,64.7,True,12.84,10.62,77.88,16.33,2.14,4.08,2,2,0,1.0,True
2021-2022,2904620,BELTON 124,BELTON 124,MO,Cass County,8,7,4476,275,4201,290,14.35,17.44,131.44,139.11,0.0,302.34,287.99,287.99,0.0,60.6,8.78,11.9,0.0,24.01,6.98,17.0,0.0,5.0,28.0,65.0,529.61,True,14.59,12.05,68.55,14.43,2.83,4.05,8,8,0,1.0,True
2021-2022,2905310,BLUE SPRINGS R-IV,BLUE SPRINGS R-IV,MO,Jackson County,22,21,14767,179,14588,976,14.21,59.81,367.13,494.83,0.0,935.98,921.77,921.77,0.0,123.5,28.1,37.0,2.0,89.68,11.88,49.0,31.0,7.0,0.0,143.0,1458.14,True,15.83,13.96,63.19,8.47,2.54,3.36,22,22,0,1.0,True
2021-2022,2908250,CENTER 58,CENTER 58,MO,Jackson County,8,6,2524,120,2404,178,11.0,12.0,95.27,110.09,0.0,228.36,217.36,217.36,0.0,45.0,7.02,7.25,1.09,24.41,2.8,12.0,0.0,2.0,0.0,6.65,336.58,True,11.06,9.16,90.42,18.72,3.02,4.99,8,8,0,1.0,True
2021-2022,2910320,SHERWOOD CASS R-VIII,SHERWOOD CASS R-VIII,MO,Cass County,3,3,807,38,769,49,2.0,4.06,23.94,32.11,0.0,62.11,60.11,60.11,0.0,22.71,2.09,3.0,0.0,4.05,0.75,3.0,0.0,1.0,7.0,21.0,126.71,True,12.79,9.29,78.17,29.53,3.9,3.9,3,3,0,1.0,True
2021-2022,2911070,DREXEL R-IV,DREXEL R-IV,MO,Cass County,2,2,290,6,284,16,0.0,1.0,10.85,14.65,0.0,26.5,26.5,26.5,0.0,6.5,0.0,0.0,0.0,1.6,0.0,1.9,0.0,1.0,3.0,7.0,47.5,True,10.72,8.61,93.31,22.89,0.0,6.69,2,2,0,1.0,True
2021-2022,2911160,EAST LYNNE 40,EAST LYNNE 40,MO,Cass County,1,1,149,10,139,9,1.0,1.21,12.19,0.0,0.0,14.4,13.4,13.4,0.0,2.0,0.0,1.0,0.0,0.0,0.2,1.0,0.0,0.0,2.0,2.0,22.6,True,10.37,9.03,96.4,14.39,7.19,7.19,1,1,0,1.0,True
2021-2022,2911650,EXCELSIOR SPRINGS 40,EXCELSIOR SPRINGS 40,MO,Clay County,8,5,2650,132,2518,180,9.0,10.65,74.85,121.96,0.0,216.46,207.46,207.46,0.0,38.8,9.98,7.0,0.0,16.98,2.87,12.9,0.0,5.0,0.0,8.71,318.7,True,12.14,10.22,82.39,15.41,2.78,5.12,8,8,0,1.0,True
2021-2022,2912290,FORT OSAGE R-I,FORT OSAGE R-I,MO,Jackson County,11,8,4804,117,4687,327,11.33,22.15,161.99,159.0,0.0,354.47,343.14,343.14,-0.0,91.72,8.1,15.0,0.0,23.68,12.0,14.9,0.0,7.0,52.0,188.96,767.83,True,13.66,10.78,73.21,19.57,3.2,3.18,11,11,0,1.0,True
2021-2022,2913080,GRAIN VALLEY R-V,GRAIN VALLEY R-V,MO,Jackson County,8,7,4553,91,4462,308,9.0,16.59,132.28,162.29,0.0,320.16,311.16,311.16,0.0,73.8,8.5,11.0,2.33,22.87,6.74,20.0,0.0,3.0,50.0,278.0,796.4,True,14.34,11.59,69.74,16.54,2.47,4.48,8,8,0,1.0,True
2021-2022,2913140,GRANDVIEW C-4,GRANDVIEW C-4,MO,Jackson County,9,7,3734,131,3603,254,9.0,17.44,134.88,117.52,0.0,278.84,269.84,269.84,0.0,53.29,5.67,13.06,4.0,21.18,7.2,15.75,0.0,4.0,39.5,58.35,500.84,True,13.35,11.15,74.89,14.79,3.62,4.37,9,9,0,1.0,True
2021-2022,2913680,HARDIN-CENTRAL C-2,HARDIN-CENTRAL C-2,MO,Ray County,2,2,236,20,216,20,1.03,1.21,9.72,10.75,0.0,22.71,21.68,21.68,0.0,2.0,0.0,0.0,0.0,1.53,0.0,2.0,0.0,1.0,0.0,0.0,29.24,True,9.96,9.12,100.37,9.26,0.0,9.26,2,2,0,1.0,True
2021-2022,2913760,HARRISONVILLE R-IX,HARRISONVILLE R-IX,MO,Cass County,7,5,2215,64,2151,136,3.5,11.0,57.6,98.23,0.0,170.33,166.83,166.83,0.0,27.5,6.0,8.0,0.0,13.9,3.98,7.3,0.0,4.0,25.0,14.1,280.11,True,12.89,11.07,77.56,12.78,3.72,3.39,7,7,0,1.0,True
2021-2022,2914340,HICKMAN MILLS C-1,HICKMAN MILLS C-1,MO,Jackson County,12,10,5177,347,4830,390,32.6,28.38,162.59,178.37,0.0,401.94,369.34,369.34,0.0,77.2,22.3,15.0,5.98,53.9,10.0,18.0,0.0,6.5,62.0,117.47,790.29,True,13.08,10.82,76.47,15.98,3.11,3.73,12,12,0,1.0,True
2021-2022,2915480,INDEPENDENCE 30,INDEPENDENCE 30,MO,Jackson County,31,28,14396,722,13674,1048,34.0,69.27,366.68,469.3,0.0,939.25,905.25,905.25,0.0,135.82,22.9,37.0,6.0,148.9,26.0,56.0,0.0,9.0,0.0,13.0,1393.87,True,15.11,13.13,66.2,9.93,2.71,4.1,31,31,0,1.0,True
2021-2022,2916400,KANSAS CITY 33,KANSAS CITY 33,MO,Jackson County,35,34,14094,826,13268,1144,33.27,64.87,417.31,367.36,0.0,882.81,849.54,849.54,0.0,15.0,1.0,2.0,0.0,19.0,0.0,0.0,0.0,0.0,53.0,664.0,1636.81,True,15.62,15.35,64.03,1.13,0.15,0.0,35,35,0,1.0,True
2021-2022,2916450,KEARNEY R-I,KEARNEY R-I,MO,Clay County,9,8,3557,75,3482,233,6.0,12.0,94.98,127.32,0.0,240.3,234.3,234.3,0.0,77.07,6.0,11.0,0.0,22.5,6.9,13.0,0.0,3.0,28.0,50.35,458.12,True,14.86,11.18,67.29,22.13,3.16,3.73,9,9,0,1.0,True
2021-2022,2918220,LAWSON R-XIV,LAWSON R-XIV,MO,Ray County,3,3,1077,13,1064,66,1.25,6.3,21.55,47.16,0.0,76.26,75.01,75.01,0.0,11.08,1.5,3.0,0.0,4.33,1.6,5.5,0.0,1.0,7.5,13.0,124.77,True,14.18,12.36,70.5,10.41,2.82,5.17,3,3,0,1.0,True
2021-2022,2918300,LEE'S SUMMIT R-VII,LEE'S SUMMIT R-VII,MO,Jackson County,27,25,17844,300,17544,1191,30.04,83.15,501.87,625.41,0.0,1240.47,1210.43,1210.43,0.0,210.0,9.82,47.06,2.0,141.01,20.0,62.0,0.0,7.18,154.0,676.0,2569.54,True,14.49,12.35,68.99,11.97,2.68,3.53,27,27,0,1.0,True
2021-2022,2918540,LIBERTY 53,LIBERTY 53,MO,Clay County,20,17,12427,36,12391,814,25.5,49.47,331.28,444.22,0.0,850.47,824.97,824.97,0.0,131.72,7.11,33.35,11.0,58.09,15.35,43.2,0.0,6.0,85.0,560.46,1801.75,True,15.02,12.95,66.58,10.63,2.69,3.49,20,20,0,1.0,True
2021-2022,2919230,LONE JACK C-6,LONE JACK C-6,MO,Jackson County,2,2,767,65,702,41,2.16,3.2,18.58,30.02,0.0,53.96,51.8,51.8,-0.0,8.0,2.39,2.5,0.0,3.01,1.29,2.99,0.0,1.0,7.0,3.0,85.14,True,13.55,11.74,73.79,11.4,3.56,4.26,2,2,0,1.0,True
2021-2022,2921060,MISSOURI CITY 56,MISSOURI CITY 56,MO,Clay County,1,1,22,0,22,2,0.0,0.36,3.27,0.0,0.0,3.63,3.63,3.63,0.0,0.0,0.0,0.2,0.0,0.5,0.2,1.0,0.0,0.0,2.0,2.0,9.53,True,6.06,6.06,165.0,0.0,9.09,45.45,1,1,0,1.0,True
2021-2022,2922800,NORTH KANSAS CITY 74,NORTH KANSAS CITY 74,MO,Clay County,34,32,19875,155,19720,1465,56.0,88.12,584.92,774.72,0.0,1503.76,1447.76,1447.76,0.0,233.5,33.89,50.16,5.0,60.05,28.61,75.0,25.0,8.0,198.05,844.44,3065.46,True,13.62,11.73,73.42,11.84,2.54,3.8,34,34,0,1.0,True
2021-2022,2922830,NORTH PLATTE CO. R-I,NORTH PLATTE CO. R-I,MO,Platte County,5,4,570,0,570,38,1.0,2.37,19.51,26.52,0.0,49.4,48.4,48.4,0.0,9.0,1.45,1.9,0.0,1.85,0.8,3.1,0.0,1.0,0.0,0.0,68.5,True,11.78,9.93,84.91,15.79,3.33,5.44,5,5,0,1.0,True
2021-2022,2923010,OAK GROVE R-VI,OAK GROVE R-VI,MO,Jackson County,4,4,1945,55,1890,147,3.7,8.0,54.9,78.22,0.0,144.82,141.12,141.12,0.0,25.5,6.0,5.0,0.0,6.0,3.58,6.0,3.0,1.0,0.0,0.0,200.9,True,13.39,11.34,74.67,13.49,2.65,3.17,4,4,0,1.0,True
2021-2022,2923220,ORRICK R-XI,ORRICK R-XI,MO,Ray County,2,2,276,19,257,17,1.0,1.1,10.95,14.61,0.0,27.66,26.66,26.66,0.0,8.0,1.0,1.79,0.0,1.57,0.0,1.95,0.0,1.0,4.0,6.75,53.72,True,9.64,7.41,103.74,31.13,6.96,7.59,2,2,0,1.0,True
2021-2022,2923550,PARK HILL,PARK HILL,MO,Platte County,20,18,11991,329,11662,821,19.0,48.06,336.48,478.73,0.0,882.27,863.27,863.27,0.0,151.64,4.34,33.0,5.0,71.58,19.0,48.0,0.0,6.0,106.13,438.75,1765.71,True,13.51,11.49,74.02,13.0,2.83,4.12,20,20,0,1.0,True
2021-2022,2923730,RAYMORE-PECULIAR R-II,RAYMORE-PECULIAR R-II,MO,Cass County,11,10,6432,165,6267,411,12.8,27.51,172.49,225.85,0.0,438.65,425.85,425.85,0.0,60.96,9.43,15.68,3.0,36.31,8.52,21.51,13.96,5.0,18.37,173.24,804.63,True,14.72,12.87,67.95,9.73,2.5,3.43,11,11,0,1.0,True
2021-2022,2925230,PLATTE CO. R-III,PLATTE CO. R-III,MO,Platte County,7,6,4273,60,4213,291,4.23,18.62,112.96,174.52,0.0,310.33,306.1,306.1,0.0,46.87,5.0,13.0,6.0,28.1,2.32,15.0,0.0,4.0,20.0,119.0,569.62,True,13.76,11.94,72.66,11.13,3.09,3.56,7,7,0,1.0,True
2021-2022,2925330,PLEASANT HILL R-III,PLEASANT HILL R-III,MO,Cass County,5,5,2191,33,2158,148,1.65,9.0,68.48,64.93,0.0,144.06,142.41,142.41,0.0,18.0,2.25,6.0,0.0,10.75,5.0,8.38,1.5,1.0,14.0,18.0,228.94,True,15.15,13.45,65.99,8.34,2.78,3.88,5,5,0,1.0,True
2021-2022,2926070,RAYTOWN C-2,RAYTOWN C-2,MO,Jackson County,20,16,8037,284,7753,532,24.0,34.48,259.23,334.64,0.0,652.35,628.35,628.35,0.0,179.0,17.0,25.95,3.0,76.24,9.95,29.93,8.0,6.0,86.0,556.35,1649.77,True,12.34,9.6,81.05,23.09,3.35,3.86,20,20,0,1.0,True
2021-2022,2926480,RICHMOND R-XVI,RICHMOND R-XVI,MO,Ray County,4,4,1521,54,1467,100,4.5,6.0,49.65,48.95,0.0,109.1,104.6,104.6,0.0,23.5,2.0,4.0,0.0,7.0,1.0,5.0,1.0,2.0,8.0,22.25,184.85,True,14.02,11.45,71.3,16.02,2.73,3.41,4,4,0,1.0,True
2021-2022,2928410,SMITHVILLE R-II,SMITHVILLE R-II,MO,Clay County,5,5,2581,29,2552,173,3.08,10.39,77.65,80.93,0.0,172.05,168.97,168.97,0.0,40.47,6.4,6.9,0.0,8.5,4.95,9.9,0.0,2.25,23.4,37.78,312.6,True,15.1,12.18,66.21,15.86,2.7,3.88,5,5,0,1.0,True
2021-2022,2929670,STRASBURG C-3,STRASBURG C-3,MO,Cass County,1,1,120,0,120,12,0.0,1.2,12.05,0.0,0.0,13.25,13.25,13.25,0.0,0.0,0.0,0.0,0.0,0.0,0.0,0.0,0.0,1.0,3.0,4.1,21.35,True,9.06,9.06,110.42,0.0,0.0,0.0,1,1,0,1.0,True
2021-2022,2931710,WEST PLATTE CO. R-II,WEST PLATTE CO. R-II,MO,Platte County,2,2,709,60,649,53,2.5,3.61,23.68,32.62,0.0,62.41,59.91,59.91,0.0,8.0,2.43,3.0,0.0,1.81,2.0,3.53,0.0,1.0,5.0,11.0,100.18,True,10.83,9.56,92.31,12.33,4.62,5.44,2,2,0,1.0,True
2021-2022,2931800,MIDWAY R-I,MIDWAY R-I,MO,Cass County,2,2,444,0,444,25,0.05,2.28,18.74,17.33,0.0,38.4,38.35,38.35,0.0,10.5,0.45,1.43,0.07,2.18,1.9,1.87,0.0,1.0,4.0,3.0,64.8,True,11.58,9.09,86.37,23.65,3.22,4.21,2,2,0,1.0,True
2022-2023,2000018,School for Blind,School for Blind,KS,Wyandotte County,2,0,13,0,13,0,0.0,20.5,0.0,13.5,0.0,34.0,34.0,34.0,0.0,0.0,0.0,0.0,0.0,0.0,0.0,1.0,0.0,2.0,0.0,0.0,37.0,True,0.38,0.38,2615.38,0.0,0.0,76.92,2,2,0,1.0,True
2022-2023,2000019,School for Deaf,School for Deaf,KS,Johnson County,2,0,117,9,108,6,3.0,3.0,6.0,13.0,0.0,25.0,22.0,22.0,0.0,0.0,1.0,0.0,0.0,0.0,1.0,2.0,0.0,1.0,0.0,0.0,30.0,True,4.91,4.91,203.7,0.0,0.0,18.52,2,2,0,1.0,True
2022-2023,2003780,Basehor-Linwood,Basehor-Linwood,KS,Leavenworth County,7,6,3043,139,2904,187,7.0,40.3,64.3,99.9,0.0,211.5,204.5,204.5,0.0,41.2,10.4,9.0,6.7,20.7,2.0,10.9,12.5,3.5,7.0,50.0,385.4,True,14.2,11.82,70.42,14.19,3.1,3.75,7,7,0,1.0,True
2022-2023,2004050,Bonner Springs,Bonner Springs,KS,Wyandotte County,5,5,2520,117,2403,175,6.0,57.45,46.0,86.95,0.0,196.4,190.4,190.4,0.0,58.0,7.0,7.0,0.0,24.5,2.0,11.0,5.0,3.0,7.0,55.0,375.9,True,12.62,9.67,79.23,24.14,2.91,4.58,5,5,0,1.0,True
2022-2023,2005490,De Soto,De Soto,KS,Johnson County,13,12,7441,213,7228,466,9.0,108.91,132.83,253.47,0.0,504.21,495.21,495.21,0.0,117.3,8.0,17.0,8.2,63.7,8.5,37.0,25.0,2.0,13.0,99.4,903.31,True,14.6,11.8,68.51,16.23,2.35,5.12,13,13,0,1.0,True
2022-2023,2005640,Easton,Easton,KS,Leavenworth County,3,3,645,33,612,53,1.0,9.0,16.0,25.1,0.0,51.1,50.1,50.1,0.0,0.0,1.0,1.0,0.0,8.3,0.0,3.0,3.0,1.0,2.0,20.8,91.2,True,12.22,12.22,81.86,0.0,1.63,4.9,3,3,0,1.0,True
2022-2023,2006330,Fort Leavenworth,Fort Leavenworth,KS,Leavenworth County,4,4,1729,218,1511,204,8.5,41.85,57.15,21.5,0.0,129.0,120.5,120.5,0.0,28.5,11.5,4.0,1.0,23.0,4.0,5.0,6.3,3.0,6.0,21.0,242.3,True,12.54,10.14,79.75,18.86,2.65,3.31,4,4,0,1.0,True
2022-2023,2006420,Gardner Edgerton,Gardner Edgerton,KS,Johnson County,11,11,5994,288,5706,418,10.5,130.5,89.0,212.0,0.0,442.0,431.5,431.5,0.0,136.5,2.0,16.0,6.0,50.4,11.0,24.0,16.6,3.0,13.8,103.1,824.4,True,13.22,10.05,75.62,23.92,2.8,4.21,11,11,0,1.0,True
2022-2023,2007950,Kansas City,Kansas City,KS,Wyandotte County,43,43,22015,1141,20874,1560,30.5,413.06,452.92,682.42,0.0,1578.9,1548.4,1548.4,0.0,154.7,112.5,66.55,4.0,385.1,8.0,124.0,43.6,7.0,132.0,605.8,3222.15,True,13.48,12.26,74.18,7.41,3.19,5.94,43,43,0,1.0,True
2022-2023,2008340,Lansing,Lansing,KS,Leavenworth County,4,4,2654,80,2574,167,6.0,32.02,44.98,94.0,0.0,177.0,171.0,171.0,0.0,81.6,7.0,5.0,3.0,30.0,1.0,10.0,6.0,2.0,5.0,49.9,377.5,True,15.05,10.19,66.43,31.7,1.94,3.89,4,4,0,1.0,True
2022-2023,2008430,Leavenworth,Leavenworth,KS,Leavenworth County,8,7,3604,117,3487,246,6.5,56.0,69.0,99.0,0.0,230.5,224.0,224.0,0.0,119.0,14.0,13.0,4.0,49.0,3.0,20.0,18.0,3.0,11.0,102.0,586.5,True,15.57,10.17,64.24,34.13,3.73,5.74,8,8,0,1.0,True
2022-2023,2008970,Louisburg,Louisburg,KS,Miami County,5,4,1802,109,1693,120,7.6,9.5,33.75,63.75,0.0,114.6,107.0,107.0,0.0,17.0,0.0,1.0,2.0,8.0,2.0,6.0,8.0,1.1,4.0,54.0,217.7,True,15.82,13.65,63.2,10.04,0.59,3.54,5,5,0,1.0,True
2022-2023,2010140,Olathe,Olathe,KS,Johnson County,51,51,29034,891,28143,1995,81.0,587.0,537.1,1152.2,0.0,2357.3,2276.3,2276.3,0.0,603.8,67.8,86.0,35.8,210.2,51.0,98.0,52.6,13.0,58.0,522.5,4156.0,True,12.36,9.77,80.88,21.45,3.06,3.48,51,51,0,1.0,True
2022-2023,2010260,Osawatomie,Osawatomie,KS,Miami County,5,4,1063,99,964,77,5.0,24.5,23.0,39.75,0.0,92.25,87.25,87.25,0.0,9.5,1.0,3.0,1.0,10.0,1.0,5.0,6.0,1.0,3.0,40.2,172.95,True,11.05,9.96,90.51,9.85,3.11,5.19,5,5,0,1.0,True
2022-2023,2010500,Paola,Paola,KS,Miami County,4,4,1815,37,1778,120,0.0,19.62,51.0,70.0,0.0,140.62,140.62,140.62,0.0,242.0,0.62,1.0,0.0,46.0,1.0,5.0,15.0,0.0,6.0,35.0,492.24,True,12.64,4.65,79.09,136.11,0.56,2.81,4,4,0,1.0,True
2022-2023,2010680,Piper-Kansas City,Piper-Kansas City,KS,Wyandotte County,4,4,2780,117,2663,166,9.0,30.5,49.0,92.95,0.0,181.45,172.45,172.45,0.0,27.1,8.0,9.0,0.0,18.8,4.0,10.25,8.1,3.0,5.0,28.1,302.8,True,15.44,13.35,64.76,10.18,3.38,3.85,4,4,0,1.0,True
2022-2023,2011640,Shawnee Mission Pub Sch,Shawnee Mission Pub Sch,KS,Johnson County,45,44,26618,769,25849,1975,33.5,526.9,621.0,786.99,0.0,1968.39,1934.89,1934.89,0.0,539.4,93.0,38.0,21.0,220.8,38.0,93.0,83.0,12.7,50.5,515.0,3672.79,True,13.36,10.45,74.85,20.87,1.47,3.6,45,45,0,1.0,True
2022-2023,2011850,Spring Hill,Spring Hill,KS,Johnson County,10,8,5371,139,5232,347,6.0,89.0,87.0,155.0,0.0,337.0,331.0,331.0,0.0,63.3,11.0,11.0,5.0,29.8,8.0,18.0,24.0,3.0,15.6,58.8,584.5,True,15.81,13.27,63.26,12.1,2.1,3.44,10,10,0,1.0,True
2022-2023,2012000,Blue Valley,Blue Valley,KS,Johnson County,36,35,22384,490,21894,1499,26.8,297.1,460.1,858.27,0.0,1642.27,1615.47,1615.47,0.0,346.8,34.0,64.8,25.6,206.0,38.6,75.0,83.5,3.0,62.4,305.5,2887.47,True,13.55,11.16,73.79,15.84,2.96,3.43,36,36,0,1.0,True
2022-2023,2012210,Tonganoxie,Tonganoxie,KS,Leavenworth County,3,3,1944,34,1910,129,4.0,32.2,45.3,76.73,0.0,158.23,154.23,154.23,0.0,39.0,4.0,6.0,0.0,11.5,0.0,7.0,9.0,2.0,3.8,52.8,293.33,True,12.38,9.88,80.75,20.42,3.14,3.66,3,3,0,1.0,True
2022-2023,2012360,Turner-Kansas City,Turner-Kansas City,KS,Wyandotte County,8,7,3891,231,3660,258,7.0,61.86,86.02,130.98,0.0,285.86,278.86,278.86,0.0,46.8,11.0,11.0,4.0,49.5,4.0,20.0,14.9,5.0,11.0,78.2,541.26,True,13.12,11.24,76.19,12.79,3.01,5.46,8,8,0,1.0,True
2022-2023,2900009,DIVISION OF YOUTH SERVICE,DIVISION OF YOUTH SERVICE,MO,Clay County,5,4,459,0,459,0,0.0,0.0,0.0,69.4,0.0,69.4,69.4,69.4,0.0,0.0,2.0,0.0,0.0,6.0,0.0,0.0,0.0,0.0,0.0,0.0,77.4,True,6.61,6.61,151.2,0.0,0.0,0.0,41,5,36,0.122,False
2022-2023,2900013,KC INTERNATIONAL ACADEMY,KC INTERNATIONAL ACADEMY,MO,Jackson County,1,1,665,16,649,75,0.0,9.24,81.44,0.0,0.0,90.68,90.68,90.68,0.0,6.0,2.0,2.8,0.0,19.13,0.0,3.0,0.0,1.0,3.0,4.0,131.61,True,7.16,6.71,139.72,9.24,4.31,4.62,1,1,0,1.0,True
2022-2023,2900014,HOGAN PREPARATORY ACADEMY,HOGAN PREPARATORY ACADEMY,MO,Jackson County,3,3,1029,20,1009,61,0.0,3.18,19.02,38.75,0.0,60.95,60.95,60.95,0.0,5.0,5.1,2.35,0.0,6.8,0.0,6.8,0.0,3.0,5.0,0.0,95.0,True,16.55,15.3,60.41,4.96,2.33,6.74,3,3,0,1.0,True
2022-2023,2900015,GORDON PARKS ELEM.,GORDON PARKS ELEM.,MO,Jackson County,1,1,130,5,125,25,0.0,3.27,11.73,0.0,0.0,15.0,15.0,15.0,0.0,7.0,0.0,3.0,0.0,2.0,0.0,1.0,0.0,0.0,8.0,22.0,58.0,True,8.33,5.68,120.0,56.0,24.0,8.0,1,1,0,1.0,True
2022-2023,2900016,GENESIS SCHOOL INC.,GENESIS SCHOOL INC.,MO,Jackson County,1,1,225,6,219,21,1.0,1.12,0.0,21.38,0.0,23.5,22.5,22.5,0.0,6.0,1.0,0.0,0.0,6.0,0.0,1.0,0.0,0.0,3.0,0.0,40.5,True,9.73,7.68,102.74,27.4,0.0,4.57,1,1,0,1.0,True
2022-2023,2900017,ACADEMIE LAFAYETTE,ACADEMIE LAFAYETTE,MO,Jackson County,4,4,1291,6,1285,186,1.0,10.25,51.25,27.5,0.0,90.0,89.0,89.0,0.0,3.0,0.0,2.0,0.0,6.0,2.0,6.0,0.0,0.0,6.0,4.0,119.0,True,14.44,13.97,69.26,2.33,1.56,4.67,4,4,0,1.0,True
2022-2023,2900019,SCUOLA VITA NUOVA,SCUOLA VITA NUOVA,MO,Jackson County,1,1,405,0,405,48,0.0,2.29,26.71,0.0,0.0,29.0,29.0,29.0,0.0,0.0,0.0,0.0,0.0,0.0,0.0,0.0,0.0,1.0,2.0,3.0,35.0,True,13.97,13.97,71.6,0.0,0.0,0.0,1,1,0,1.0,True
2022-2023,2900022,MO SCHLS FOR THE SEV DISABLED,MO SCHLS FOR THE SEV DISABLED,MO,Jackson County,5,0,704,0,704,17,0.0,0.0,124.5,0.0,0.0,124.5,124.5,124.5,0.0,199.5,0.0,0.0,0.0,11.0,0.0,0.0,0.0,0.0,0.0,0.0,335.0,True,5.65,2.17,176.85,283.38,0.0,0.0,35,5,30,0.1429,False
2022-2023,2900024,BROOKSIDE CHARTER SCH.,BROOKSIDE CHARTER SCH.,MO,Jackson County,2,2,742,29,713,86,1.0,6.71,39.29,23.5,0.0,70.5,69.5,69.5,0.0,10.0,1.5,3.0,0.0,6.0,0.0,5.0,0.0,1.0,6.0,13.0,116.0,True,10.26,8.97,97.48,14.03,4.21,7.01,2,2,0,1.0,True
2022-2023,2900025,ALLEN VILLAGE,ALLEN VILLAGE,MO,Jackson County,5,4,422,12,410,21,0.0,2.3,12.13,19.25,0.0,33.68,33.68,33.68,0.0,4.0,1.75,1.4,0.0,1.37,0.0,1.7,0.0,1.0,0.0,0.0,44.9,True,12.17,10.88,82.15,9.76,3.41,4.15,5,5,0,1.0,True
2022-2023,2900027,UNIVERSITY ACADEMY,UNIVERSITY ACADEMY,MO,Jackson County,3,3,1107,26,1081,100,2.0,5.86,33.14,38.0,0.0,79.0,77.0,77.0,0.0,8.0,0.0,2.0,0.0,6.8,2.0,8.0,0.0,1.2,0.0,0.0,107.0,True,14.04,12.72,71.23,7.4,1.85,7.4,3,3,0,1.0,True
2022-2023,2900028,LEE A. TOLBERT COM. ACADEMY,LEE A. TOLBERT COM. ACADEMY,MO,Jackson County,1,1,364,18,346,40,0.0,2.52,29.09,0.0,0.0,31.61,31.61,31.61,0.0,14.0,1.0,0.7,0.0,3.4,1.0,1.8,0.0,1.0,0.0,6.0,60.51,True,10.95,7.59,91.36,40.46,2.02,5.2,1,1,0,1.0,True
2022-2023,2900029,GUADALUPE CENTERS SCHOOLS,GUADALUPE CENTERS SCHOOLS,MO,Jackson County,3,3,1569,67,1502,124,4.0,7.11,47.89,68.0,0.0,127.0,123.0,123.0,0.0,10.0,4.0,5.0,0.0,19.15,0.0,7.0,0.0,3.0,0.0,0.0,175.15,True,12.21,11.29,81.89,6.66,3.33,4.66,3,3,0,1.0,True
2022-2023,2900031,KIPP: ENDEAVOR ACADEMY,KIPP: ENDEAVOR ACADEMY,MO,Jackson County,2,2,801,20,781,47,1.0,4.64,0.0,72.76,0.0,78.4,77.4,77.4,0.0,5.0,4.0,6.0,0.0,9.5,0.0,8.8,0.0,2.0,2.0,9.0,124.7,True,10.09,9.48,99.1,6.4,7.68,11.27,2,2,0,1.0,True
2022-2023,2900590,FRONTIER SCHOOLS,FRONTIER SCHOOLS,MO,Jackson County,5,5,1560,57,1503,91,3.0,7.56,47.54,96.0,0.0,154.1,151.1,151.1,0.0,14.4,3.0,6.0,0.0,9.0,2.3,13.0,0.0,2.0,0.0,0.0,203.8,True,9.95,9.08,100.53,9.58,3.99,8.65,5,5,0,1.0,True
2022-2023,2900593,DELASALLE CHARTER SCHOOL,DELASALLE CHARTER SCHOOL,MO,Jackson County,1,1,187,0,187,0,0.0,0.0,0.0,14.1,0.0,14.1,14.1,14.1,0.0,1.0,2.4,3.85,0.0,3.5,0.0,0.6,0.0,1.0,1.0,0.0,27.45,True,13.26,12.38,75.4,5.35,20.59,3.21,1,1,0,1.0,True
2022-2023,2900597,EWING MARION KAUFFMAN SCHOOL,EWING MARION KAUFFMAN SCHOOL,MO,Jackson County,2,2,960,0,960,0,0.0,0.0,0.0,85.0,0.0,85.0,85.0,85.0,0.0,1.0,0.5,0.5,0.0,0.0,0.0,6.0,0.0,1.0,0.0,0.0,94.0,True,11.29,11.16,88.54,1.04,0.52,6.25,2,2,0,1.0,True
2022-2023,2900601,HOPE LEADERSHIP ACADEMY,HOPE LEADERSHIP ACADEMY,MO,Jackson County,1,1,101,0,101,20,0.0,2.67,13.83,0.0,0.0,16.5,16.5,16.5,0.0,1.0,1.5,1.0,0.0,0.9,0.0,1.0,0.0,0.0,1.0,1.0,23.9,True,6.12,5.77,163.37,9.9,9.9,9.9,1,1,0,1.0,True
2022-2023,2900603,CROSSROADS CHARTER SCHOOLS,CROSSROADS CHARTER SCHOOLS,MO,Jackson County,3,3,1033,16,1017,101,0.0,10.05,49.95,42.04,0.0,102.04,102.04,102.04,0.0,7.0,3.0,7.0,0.0,10.0,0.0,7.96,0.0,1.0,13.0,0.0,151.0,True,9.97,9.33,100.33,6.88,6.88,7.83,3,3,0,1.0,True
2022-2023,2900604,ACADEMY FOR INTEGRATED ARTS,ACADEMY FOR INTEGRATED ARTS,MO,Jackson County,1,1,270,16,254,42,1.0,4.0,21.25,0.0,0.0,26.25,25.25,25.25,0.0,4.0,0.25,0.0,0.0,6.0,0.0,2.0,0.0,1.0,2.0,0.0,41.5,True,10.06,8.68,99.41,15.75,0.0,7.87,1,1,0,1.0,True
2022-2023,2900612,CITIZENS OF THE WORLD CHARTER,CITIZENS OF THE WORLD CHARTER,MO,Jackson County,2,2,411,8,403,43,0.0,3.48,18.62,9.4,0.0,31.5,31.5,31.5,0.0,7.7,3.0,2.0,0.0,2.0,0.0,1.8,0.0,1.0,0.0,0.0,49.0,True,12.79,10.28,78.16,19.11,4.96,4.47,2,2,0,1.0,True
2022-2023,2900615,KANSAS CITY GIRLS PREP ACADEMY,KANSAS CITY GIRLS PREP ACADEMY,MO,Jackson County,1,1,141,0,141,0,0.0,0.0,0.0,20.0,0.0,20.0,20.0,20.0,0.0,0.0,3.25,0.0,0.0,5.0,0.0,3.0,1.0,1.0,0.0,0.0,33.25,True,7.05,7.05,141.84,0.0,0.0,21.28,1,1,0,1.0,True
2022-2023,2903200,ARCHIE R-V,ARCHIE R-V,MO,Cass County,2,2,516,9,507,43,1.28,3.32,14.27,25.77,0.0,44.64,43.36,43.36,0.0,9.5,0.19,1.0,0.0,1.1,0.57,2.0,0.0,1.0,4.0,7.0,71.0,True,11.69,9.59,85.52,18.74,1.97,3.94,2,2,0,1.0,True
2022-2023,2904620,BELTON 124,BELTON 124,MO,Cass County,8,7,4342,241,4101,293,14.35,15.79,130.86,141.05,0.0,302.05,287.7,287.7,0.0,63.6,11.78,11.97,0.0,29.47,7.0,16.0,0.0,6.0,35.0,84.0,566.87,True,14.25,11.67,70.15,15.51,2.92,3.9,8,8,0,1.0,True
2022-2023,2905310,BLUE SPRINGS R-IV,BLUE SPRINGS R-IV,MO,Jackson County,22,21,14595,184,14411,965,15.7,62.28,382.55,504.01,0.0,964.54,948.84,948.84,0.0,130.0,21.63,43.0,2.0,87.95,12.72,50.0,23.0,7.0,165.0,691.0,2197.84,True,15.19,13.36,65.84,9.02,2.98,3.47,22,22,0,1.0,True
2022-2023,2908250,CENTER 58,CENTER 58,MO,Jackson County,8,6,2558,126,2432,202,11.0,9.0,83.5,110.4,0.0,213.9,202.9,202.9,0.0,40.0,7.87,7.95,2.0,24.0,1.75,13.0,0.0,1.0,26.0,30.75,368.22,True,11.99,10.01,83.43,16.45,3.27,5.35,8,8,0,1.0,True
2022-2023,2910320,SHERWOOD CASS R-VIII,SHERWOOD CASS R-VIII,MO,Cass County,3,3,799,39,760,52,2.0,3.93,24.07,32.0,0.0,62.0,60.0,60.0,0.0,21.32,3.09,3.0,0.0,4.05,0.86,3.0,0.0,1.0,7.0,20.0,125.32,True,12.67,9.35,78.95,28.05,3.95,3.95,3,3,0,1.0,True
2022-2023,2911070,DREXEL R-IV,DREXEL R-IV,MO,Cass County,2,2,290,2,288,32,0.0,2.42,11.88,14.5,0.0,28.8,28.8,28.8,0.0,2.5,0.0,0.0,0.0,0.7,0.0,0.0,0.0,0.0,3.0,7.0,42.0,True,10.0,9.2,100.0,8.68,0.0,0.0,2,2,0,1.0,True
2022-2023,2911160,EAST LYNNE 40,EAST LYNNE 40,MO,Cass County,1,1,157,12,145,13,1.0,1.21,15.19,0.0,0.0,17.4,16.4,16.4,0.0,3.0,0.0,0.5,0.0,0.0,0.2,1.0,0.0,0.0,2.0,3.0,27.1,True,8.84,7.47,113.1,20.69,3.45,6.9,1,1,0,1.0,True
2022-2023,2911650,EXCELSIOR SPRINGS 40,EXCELSIOR SPRINGS 40,MO,Clay County,8,5,2687,155,2532,186,9.0,10.53,73.22,118.71,0.0,211.46,202.46,202.46,0.0,34.0,9.0,6.75,0.25,17.09,2.86,11.05,0.0,6.0,0.0,5.51,303.97,True,12.51,10.71,79.96,13.43,2.67,4.36,8,8,0,1.0,True
2022-2023,2912290,FORT OSAGE R-I,FORT OSAGE R-I,MO,Jackson County,11,8,4846,121,4725,320,11.37,21.2,157.97,159.91,0.0,350.45,339.08,339.08,0.0,86.6,2.1,15.0,0.0,32.55,12.0,14.9,0.0,7.0,50.0,181.98,752.58,True,13.93,11.1,71.76,18.33,3.17,3.15,11,11,0,1.0,True
2022-2023,2913080,GRAIN VALLEY R-V,GRAIN VALLEY R-V,MO,Jackson County,8,7,4506,89,4417,288,10.0,16.83,145.62,169.19,0.0,341.64,331.64,331.64,0.0,70.6,8.5,12.0,2.33,23.67,6.86,20.0,0.0,3.0,35.0,211.0,734.6,True,13.32,10.98,75.08,15.98,2.72,4.53,8,8,0,1.0,True
2022-2023,2913140,GRANDVIEW C-4,GRANDVIEW C-4,MO,Jackson County,9,7,3689,135,3554,249,13.0,17.79,136.89,121.4,0.0,289.08,276.08,276.08,0.0,60.78,7.5,13.5,2.93,23.35,7.9,16.25,0.0,4.0,51.07,55.45,531.81,True,12.87,10.55,77.68,17.1,3.8,4.57,9,9,0,1.0,True
2022-2023,2913680,HARDIN-CENTRAL C-2,HARDIN-CENTRAL C-2,MO,Ray County,2,2,229,20,209,17,0.97,1.21,7.29,10.75,0.0,20.22,19.25,19.25,0.0,2.0,0.0,0.0,0.0,1.53,0.0,2.0,0.0,1.0,0.0,0.0,26.75,True,10.86,9.84,92.11,9.57,0.0,9.57,2,2,0,1.0,True
2022-2023,2913760,HARRISONVILLE R-IX,HARRISONVILLE R-IX,MO,Cass County,7,5,2207,65,2142,134,3.13,11.0,55.8,97.45,0.0,167.38,164.25,164.25,0.0,25.57,6.5,9.0,0.0,15.4,4.0,7.3,0.0,4.0,25.0,18.52,282.67,True,13.04,11.28,76.68,11.94,4.2,3.41,7,7,0,1.0,True
2022-2023,2914340,HICKMAN MILLS C-1,HICKMAN MILLS C-1,MO,Jackson County,13,11,5121,368,4753,403,29.4,19.88,142.61,168.61,0.0,360.5,331.1,331.1,0.0,65.8,14.8,13.0,4.97,53.0,7.0,23.0,0.0,4.0,65.0,117.65,728.72,True,14.36,11.98,69.66,13.84,2.74,4.84,13,13,0,1.0,True
2022-2023,2915480,INDEPENDENCE 30,INDEPENDENCE 30,MO,Jackson County,31,28,14406,723,13683,1040,33.0,66.05,353.21,474.59,0.0,926.85,893.85,893.85,0.0,121.16,21.0,38.0,6.0,157.98,26.0,59.0,0.0,10.0,0.0,18.58,1384.57,True,15.31,13.48,65.33,8.85,2.78,4.31,31,31,0,1.0,True
2022-2023,2916400,KANSAS CITY 33,KANSAS CITY 33,MO,Jackson County,35,34,14413,1058,13355,1094,28.17,87.46,559.12,489.7,0.0,1164.45,1136.28,1136.28,0.0,146.5,39.1,47.2,22.0,138.21,16.6,78.0,0.0,3.34,0.0,0.0,1655.4,True,11.75,10.41,85.08,10.97,3.53,5.84,35,35,0,1.0,True
2022-2023,2916450,KEARNEY R-I,KEARNEY R-I,MO,Clay County,9,8,3561,107,3454,229,8.0,12.0,96.04,135.46,0.0,251.5,243.5,243.5,0.0,73.9,6.2,11.4,0.0,25.82,7.0,13.0,0.0,3.0,29.0,46.06,466.88,True,14.18,10.88,70.5,21.4,3.3,3.76,9,9,0,1.0,True
2022-2023,2918220,LAWSON R-XIV,LAWSON R-XIV,MO,Ray County,3,3,1090,12,1078,75,1.0,5.99,20.87,47.78,0.0,75.64,74.64,74.64,0.0,11.08,1.0,2.86,0.0,4.99,0.0,6.0,0.0,1.0,0.0,0.0,102.57,True,14.44,12.58,69.24,10.28,2.65,5.57,3,3,0,1.0,True
2022-2023,2918300,LEE'S SUMMIT R-VII,LEE'S SUMMIT R-VII,MO,Jackson County,29,27,17775,311,17464,1186,29.0,73.39,443.35,705.28,0.0,1251.02,1222.02,1222.02,0.0,222.0,12.27,49.52,4.0,148.0,21.0,64.73,0.0,11.0,159.0,628.0,2570.54,True,14.29,12.09,69.97,12.71,2.84,3.71,29,29,0,1.0,True
2022-2023,2918540,LIBERTY 53,LIBERTY 53,MO,Clay County,20,17,12367,45,12322,766,25.8,47.64,331.61,458.68,0.0,863.73,837.93,837.93,-0.0,124.17,8.11,35.9,10.0,57.13,15.4,45.25,0.0,4.37,79.0,565.28,1808.34,True,14.71,12.81,68.0,10.08,2.91,3.67,20,20,0,1.0,True
2022-2023,2919230,LONE JACK C-6,LONE JACK C-6,MO,Jackson County,2,2,750,57,693,42,1.5,3.27,20.24,29.28,0.0,54.29,52.79,52.79,0.0,7.25,3.51,2.74,0.0,5.04,0.29,3.0,0.0,1.0,6.0,6.5,89.62,True,13.13,11.54,76.18,10.46,3.95,4.33,2,2,0,1.0,True
2022-2023,2921060,MISSOURI CITY 56,MISSOURI CITY 56,MO,Clay County,1,1,19,0,19,1,0.0,0.33,3.27,0.0,0.0,3.6,3.6,3.6,0.0,0.0,0.0,0.2,0.0,0.62,0.2,0.38,0.0,0.0,1.5,2.0,8.5,True,5.28,5.28,189.47,0.0,10.53,20.0,1,1,0,1.0,True
2022-2023,2922800,NORTH KANSAS CITY 74,NORTH KANSAS CITY 74,MO,Clay County,34,32,20561,209,20352,1440,58.0,89.89,577.48,771.53,0.0,1496.9,1438.9,1438.9,0.0,248.0,33.69,49.19,21.0,87.0,28.62,75.0,0.0,7.0,190.69,862.47,3099.56,True,14.14,12.06,70.7,12.19,2.42,3.69,34,34,0,1.0,True
2022-2023,2922830,NORTH PLATTE CO. R-I,NORTH PLATTE CO. R-I,MO,Platte County,5,4,590,8,582,38,1.05,3.48,16.16,27.15,0.0,47.84,46.79,46.79,-0.0,9.0,1.53,2.0,0.0,2.67,0.8,2.4,0.0,0.75,0.0,0.0,66.99,True,12.44,10.43,80.4,15.46,3.44,4.12,5,5,0,1.0,True
2022-2023,2923010,OAK GROVE R-VI,OAK GROVE R-VI,MO,Jackson County,4,4,1960,66,1894,131,3.7,7.6,56.4,79.11,0.0,146.81,143.11,143.11,0.0,18.0,5.15,5.0,0.0,7.0,3.58,7.0,2.0,1.0,9.5,24.5,229.54,True,13.23,11.76,75.56,9.5,2.64,3.7,4,4,0,1.0,True
2022-2023,2923220,ORRICK R-XI,ORRICK R-XI,MO,Ray County,2,2,291,13,278,25,1.14,1.28,10.63,14.55,0.0,27.6,26.46,26.46,0.0,7.0,1.0,1.9,0.0,1.52,0.0,1.95,0.0,1.0,0.0,0.0,41.97,True,10.51,8.31,95.18,25.18,6.83,7.01,2,2,0,1.0,True
2022-2023,2923550,PARK HILL,PARK HILL,MO,Platte County,20,18,11976,399,11577,802,17.7,48.69,332.35,485.62,0.0,884.36,866.66,866.66,0.0,148.4,4.17,33.5,5.0,76.26,19.0,50.0,0.0,6.0,111.0,534.8,1872.49,True,13.36,11.41,74.86,12.82,2.89,4.32,20,20,0,1.0,True
2022-2023,2923730,RAYMORE-PECULIAR R-II,RAYMORE-PECULIAR R-II,MO,Cass County,11,10,6377,177,6200,442,14.2,29.21,169.47,224.1,0.0,436.98,422.78,422.78,-0.0,59.5,9.93,16.81,4.0,29.94,8.37,24.02,12.0,5.0,19.0,164.6,790.15,True,14.66,12.86,68.19,9.6,2.71,3.87,11,11,0,1.0,True
2022-2023,2925230,PLATTE CO. R-III,PLATTE CO. R-III,MO,Platte County,7,6,4283,74,4209,294,4.23,20.76,112.3,178.83,0.0,316.12,311.89,311.89,0.0,53.8,6.0,13.05,6.0,27.16,1.52,15.06,0.0,5.0,0.0,0.0,443.71,True,13.5,11.51,74.1,12.78,3.1,3.58,7,7,0,1.0,True
2022-2023,2925330,PLEASANT HILL R-III,PLEASANT HILL R-III,MO,Cass County,5,5,2197,46,2151,131,2.51,9.0,68.44,68.39,0.0,148.34,145.83,145.83,0.0,15.0,3.2,5.0,0.0,11.3,3.0,8.0,3.0,3.0,13.0,16.0,228.84,True,14.75,13.37,67.8,6.97,2.32,3.72,5,5,0,1.0,True
2022-2023,2926070,RAYTOWN C-2,RAYTOWN C-2,MO,Jackson County,20,16,8012,285,7727,563,25.0,33.32,245.73,324.01,0.0,628.06,603.06,603.06,0.0,169.5,22.0,25.5,3.0,60.32,9.83,31.0,0.0,7.0,82.5,481.58,1520.29,True,12.81,10.0,78.05,21.94,3.3,4.01,20,20,0,1.0,True
2022-2023,2926480,RICHMOND R-XVI,RICHMOND R-XVI,MO,Ray County,4,4,1559,82,1477,116,6.5,12.0,49.17,58.33,0.0,126.0,119.5,119.5,0.0,26.0,1.0,3.0,0.0,8.0,1.0,6.0,0.0,2.0,9.0,33.0,215.0,True,12.36,10.15,80.91,17.6,2.03,4.06,4,4,0,1.0,True
2022-2023,2928410,SMITHVILLE R-II,SMITHVILLE R-II,MO,Clay County,5,5,2584,30,2554,169,3.0,9.44,83.74,85.27,0.0,181.45,178.45,178.45,0.0,46.7,3.28,6.85,0.0,9.02,4.95,11.9,0.0,3.25,22.5,43.05,332.95,True,14.31,11.34,69.87,18.29,2.68,4.66,5,5,0,1.0,True
2022-2023,2929670,STRASBURG C-3,STRASBURG C-3,MO,Cass County,1,1,126,0,126,11,0.0,1.15,12.1,0.0,0.0,13.25,13.25,13.25,0.0,0.82,0.0,0.0,0.0,1.47,0.0,0.5,0.0,0.0,0.0,0.0,16.04,True,9.51,8.96,105.16,6.51,0.0,3.97,1,1,0,1.0,True
2022-2023,2931710,WEST PLATTE CO. R-II,WEST PLATTE CO. R-II,MO,Platte County,3,3,739,61,678,57,3.0,3.0,24.17,32.97,0.0,63.14,60.14,60.14,0.0,9.0,2.43,2.86,0.0,2.0,2.0,3.86,0.0,1.0,5.0,8.0,99.29,True,11.27,9.81,88.7,13.27,4.22,5.69,3,3,0,1.0,True
2022-2023,2931800,MIDWAY R-I,MIDWAY R-I,MO,Cass County,2,2,449,0,449,32,1.1,2.28,18.94,17.08,0.0,39.4,38.3,38.3,0.0,16.1,0.45,1.5,0.0,2.17,1.9,1.88,0.0,1.0,4.0,1.0,69.4,True,11.72,8.25,85.3,35.86,3.34,4.19,2,2,0,1.0,True
2023-2024,2000018,School for Blind,School for Blind,KS,Wyandotte County,2,0,29,0,29,0,0.0,28.0,0.0,25.0,0.0,53.0,53.0,53.0,0.0,0.0,0.0,0.0,0.0,0.0,0.0,1.0,0.0,2.0,0.0,0.0,56.0,True,0.55,0.55,1827.59,0.0,0.0,34.48,2,2,0,1.0,True
2023-2024,2000019,School for Deaf,School for Deaf,KS,Johnson County,2,0,130,15,115,4,3.0,3.0,8.0,14.5,0.0,28.5,25.5,25.5,0.0,0.0,1.0,0.0,0.0,0.0,1.0,2.0,0.0,1.0,0.0,0.0,33.5,True,4.51,4.51,221.74,0.0,0.0,17.39,2,2,0,1.0,True
2023-2024,2003780,Basehor-Linwood,Basehor-Linwood,KS,Leavenworth County,7,6,3097,136,2961,190,7.0,42.3,65.5,103.6,0.0,218.4,211.4,211.4,0.0,38.3,10.7,8.8,6.0,22.9,2.0,13.1,10.4,3.0,6.3,39.9,379.8,True,14.01,11.86,71.39,12.93,2.97,4.42,7,7,0,1.0,True
2023-2024,2004050,Bonner Springs,Bonner Springs,KS,Wyandotte County,5,5,2560,124,2436,177,6.0,51.7,45.0,107.9,0.0,210.6,204.6,204.6,0.0,59.0,6.9,8.0,0.0,18.0,2.0,11.0,10.0,3.0,8.0,49.0,385.5,True,11.91,9.24,83.99,24.22,3.28,4.52,5,5,0,1.0,True
2023-2024,2005490,De Soto,De Soto,KS,Johnson County,13,12,7364,220,7144,429,8.0,114.7,133.3,259.9,0.0,515.9,507.9,507.9,0.0,121.0,7.2,18.0,8.2,69.0,7.5,37.0,24.3,2.0,13.0,99.9,923.0,True,14.07,11.36,71.09,16.94,2.52,5.18,13,13,0,1.0,True
2023-2024,2005640,Easton,Easton,KS,Leavenworth County,3,3,674,35,639,49,1.0,9.0,16.0,25.0,0.0,51.0,50.0,50.0,0.0,3.0,1.0,1.0,0.0,4.4,0.0,2.0,6.0,1.0,2.0,13.0,84.4,True,12.78,12.06,78.25,4.69,1.56,3.13,3,3,0,1.0,True
2023-2024,2006330,Fort Leavenworth,Fort Leavenworth,KS,Leavenworth County,4,4,1648,218,1430,170,9.5,40.5,63.25,27.5,0.0,140.75,131.25,131.25,0.0,32.0,9.0,4.0,1.0,26.0,4.0,6.0,4.0,3.0,5.0,37.0,271.75,True,10.9,8.76,91.78,22.38,2.8,4.2,4,4,0,1.0,True
2023-2024,2006420,Gardner Edgerton,Gardner Edgerton,KS,Johnson County,11,11,5895,275,5620,392,10.0,137.5,91.0,206.5,0.0,445.0,435.0,435.0,0.0,141.0,4.0,17.0,8.5,41.2,11.0,25.0,16.6,4.0,14.1,100.3,827.7,True,12.92,9.76,77.4,25.09,3.02,4.45,11,11,0,1.0,True
2023-2024,2007950,Kansas City,Kansas City,KS,Wyandotte County,43,43,21132,1218,19914,1411,63.6,351.0,385.14,612.21,0.0,1411.95,1348.35,1348.35,-0.0,268.8,106.8,75.55,3.8,343.3,27.0,141.0,91.0,6.0,95.0,780.5,3350.7,True,14.77,12.31,67.71,13.5,3.79,7.08,43,43,0,1.0,True
2023-2024,2008340,Lansing,Lansing,KS,Leavenworth County,4,4,2511,66,2445,145,6.0,32.02,41.98,89.0,0.0,169.0,163.0,163.0,0.0,87.0,11.0,7.0,2.0,26.0,1.0,10.0,6.0,2.0,5.0,50.7,376.7,True,15.0,9.78,66.67,35.58,2.86,4.09,4,4,0,1.0,True
2023-2024,2008430,Leavenworth,Leavenworth,KS,Leavenworth County,8,7,3457,98,3359,194,5.5,49.5,63.5,100.0,0.0,218.5,213.0,213.0,0.0,107.0,12.0,13.0,6.0,44.0,2.0,18.0,18.0,4.0,11.0,84.0,537.5,True,15.77,10.5,63.41,31.85,3.87,5.36,8,8,0,1.0,True
2023-2024,2008970,Louisburg,Louisburg,KS,Miami County,5,4,1760,97,1663,123,6.6,12.4,32.0,63.2,0.0,114.2,107.6,107.6,-0.0,17.5,0.0,3.0,2.0,5.2,1.7,6.0,8.0,2.0,3.8,59.0,222.4,True,15.46,13.29,64.7,10.52,1.8,3.61,5,5,0,1.0,True
2023-2024,2010140,Olathe,Olathe,KS,Johnson County,52,51,28590,824,27766,1859,87.0,465.3,523.9,1147.4,0.0,2223.6,2136.6,2136.6,0.0,655.5,85.55,85.0,35.8,262.5,51.0,99.0,103.0,12.0,22.0,552.9,4187.85,True,13.0,9.94,76.95,23.61,3.06,3.57,52,52,0,1.0,True
2023-2024,2010260,Osawatomie,Osawatomie,KS,Miami County,5,4,1047,112,935,78,5.0,22.5,21.0,36.75,0.0,85.25,80.25,80.25,0.0,13.0,4.0,5.0,1.0,8.0,1.0,5.0,7.0,2.0,4.0,44.0,179.25,True,11.65,10.03,85.83,13.9,5.35,5.35,5,5,0,1.0,True
2023-2024,2010500,Paola,Paola,KS,Miami County,4,4,1810,27,1783,106,1.94,20.62,45.5,65.0,0.0,133.06,131.12,131.12,0.0,256.0,2.62,2.0,2.0,45.0,0.0,6.0,15.0,0.0,6.0,30.0,497.68,True,13.6,4.61,73.54,143.58,1.12,3.37,4,4,0,1.0,True
2023-2024,2010680,Piper-Kansas City,Piper-Kansas City,KS,Wyandotte County,4,4,2774,130,2644,176,8.0,34.0,47.0,103.0,0.0,192.0,184.0,184.0,0.0,27.4,7.0,9.0,4.0,19.2,4.0,13.0,10.0,4.0,5.0,19.4,314.0,True,14.37,12.51,69.59,10.36,3.4,4.92,4,4,0,1.0,True
2023-2024,2011640,Shawnee Mission Pub Sch,Shawnee Mission Pub Sch,KS,Johnson County,45,44,26464,777,25687,1893,33.0,490.9,619.9,756.49,0.0,1900.29,1867.29,1867.29,0.0,562.7,123.71,36.0,22.0,221.5,34.7,95.5,83.0,13.0,50.5,489.3,3632.2,True,13.76,10.57,72.69,21.91,1.4,3.72,45,45,0,1.0,True
2023-2024,2011850,Spring Hill,Spring Hill,KS,Johnson County,11,9,5633,135,5498,378,7.0,92.0,87.0,168.52,0.0,354.52,347.52,347.52,0.0,59.4,11.5,13.0,5.0,28.3,9.0,19.0,25.2,3.0,11.1,62.0,601.02,True,15.82,13.51,63.21,10.8,2.36,3.46,11,11,0,1.0,True
2023-2024,2012000,Blue Valley,Blue Valley,KS,Johnson County,37,36,22393,515,21878,1480,30.8,422.5,417.7,831.67,0.0,1702.67,1671.87,1671.87,-0.0,361.9,36.4,66.8,23.6,208.5,42.2,75.0,85.0,3.0,64.6,311.4,2981.07,True,13.09,10.76,76.42,16.54,3.05,3.43,37,37,0,1.0,True
2023-2024,2012210,Tonganoxie,Tonganoxie,KS,Leavenworth County,3,3,2010,109,1901,119,3.0,29.4,44.7,78.93,0.0,156.03,153.03,153.03,0.0,43.7,12.9,6.0,0.0,12.5,0.0,7.0,9.0,2.0,3.8,48.3,301.23,True,12.42,9.66,80.5,22.99,3.16,3.68,3,3,0,1.0,True
2023-2024,2012360,Turner-Kansas City,Turner-Kansas City,KS,Wyandotte County,8,7,3901,204,3697,250,7.0,58.42,85.42,131.58,0.0,282.42,275.42,275.42,0.0,44.9,9.0,11.0,4.0,46.7,4.0,20.0,15.9,5.0,11.0,84.0,537.92,True,13.42,11.54,74.5,12.14,2.98,5.41,8,8,0,1.0,True
2023-2024,2900009,DIVISION OF YOUTH SERVICE,DIVISION OF YOUTH SERVICE,MO,Clay County,5,4,570,0,570,0,0.0,0.0,0.0,77.0,0.0,77.0,77.0,77.0,0.0,0.0,6.0,0.0,0.0,1.0,0.0,0.0,0.0,0.0,0.0,0.0,84.0,True,7.4,7.4,135.09,0.0,0.0,0.0,41,5,36,0.122,False
2023-2024,2900013,KC INTERNATIONAL ACADEMY,KC INTERNATIONAL ACADEMY,MO,Jackson County,1,1,654,17,637,52,0.0,4.62,81.03,0.0,0.0,85.65,85.65,85.65,0.0,6.0,2.0,3.0,0.0,16.38,0.0,4.0,0.0,1.0,2.0,4.0,124.03,True,7.44,6.95,134.46,9.42,4.71,6.28,1,1,0,1.0,True
2023-2024,2900014,HOGAN PREPARATORY ACADEMY,HOGAN PREPARATORY ACADEMY,MO,Jackson County,3,3,901,15,886,50,0.0,3.14,32.36,51.5,0.0,87.0,87.0,87.0,0.0,2.0,2.0,4.0,0.0,6.0,0.0,6.0,0.0,0.3,7.0,0.0,114.3,True,10.18,9.96,98.19,2.26,4.51,6.77,3,3,0,1.0,True
2023-2024,2900015,GORDON PARKS ELEM.,GORDON PARKS ELEM.,MO,Jackson County,1,1,114,8,106,24,0.0,3.42,9.06,0.0,0.0,12.48,12.48,12.48,0.0,4.0,2.0,1.0,0.0,1.0,0.0,2.0,0.0,0.0,2.0,2.5,26.98,True,8.49,6.43,117.74,37.74,9.43,18.87,1,1,0,1.0,True
2023-2024,2900016,GENESIS SCHOOL INC.,GENESIS SCHOOL INC.,MO,Jackson County,1,1,209,8,201,16,1.0,1.1,0.0,16.2,0.0,18.3,17.3,17.3,0.0,12.5,3.0,0.0,0.0,7.0,0.0,2.0,0.0,1.0,3.0,0.0,46.8,True,11.62,6.74,86.07,62.19,0.0,9.95,1,1,0,1.0,True
2023-2024,2900017,ACADEMIE LAFAYETTE,ACADEMIE LAFAYETTE,MO,Jackson County,4,4,1352,11,1341,168,0.0,7.67,35.16,21.0,0.0,63.83,63.83,63.83,0.0,3.0,0.0,1.0,0.0,4.75,3.0,3.5,0.0,0.5,8.0,2.0,89.58,True,21.01,20.07,47.6,2.24,0.75,2.61,4,4,0,1.0,True
2023-2024,2900019,SCUOLA VITA NUOVA,SCUOLA VITA NUOVA,MO,Jackson County,1,1,391,0,391,44,0.0,2.32,24.88,0.0,0.0,27.2,27.2,27.2,0.0,1.0,0.0,0.0,0.0,1.0,0.0,3.0,0.0,1.0,0.0,0.0,33.2,True,14.38,13.87,69.57,2.56,0.0,7.67,1,1,0,1.0,True
2023-2024,2900022,MO SCHLS FOR THE SEV DISABLED,MO SCHLS FOR THE SEV DISABLED,MO,Jackson County,5,0,692,0,692,9,0.0,0.0,119.0,0.0,0.0,119.0,119.0,119.0,0.0,0.0,0.0,0.0,0.0,0.0,0.0,0.0,0.0,0.0,0.0,0.0,119.0,True,5.82,5.82,171.97,0.0,0.0,0.0,35,5,30,0.1429,False
2023-2024,2900024,BROOKSIDE CHARTER SCH.,BROOKSIDE CHARTER SCH.,MO,Jackson County,2,2,713,30,683,74,1.0,6.78,46.34,22.64,0.0,76.76,75.76,75.76,0.0,8.7,3.0,2.9,0.0,6.34,1.0,5.0,0.0,1.0,5.0,7.0,116.7,True,9.02,8.09,110.92,12.74,4.25,7.32,2,2,0,1.0,True
2023-2024,2900025,ALLEN VILLAGE,ALLEN VILLAGE,MO,Jackson County,5,4,422,12,410,22,0.0,1.28,12.79,18.28,0.0,32.35,32.35,32.35,0.0,4.0,2.0,1.9,0.0,1.4,0.0,1.0,0.0,0.75,0.0,0.0,43.4,True,12.67,11.28,78.9,9.76,4.63,2.44,5,5,0,1.0,True
2023-2024,2900027,UNIVERSITY ACADEMY,UNIVERSITY ACADEMY,MO,Jackson County,3,3,1091,19,1072,109,2.0,5.69,32.31,37.5,0.0,77.5,75.5,75.5,0.0,8.0,0.0,2.75,0.0,5.8,2.0,5.75,0.0,1.2,0.0,0.0,103.0,True,14.2,12.84,70.43,7.46,2.57,5.36,3,3,0,1.0,True
2023-2024,2900028,LEE A. TOLBERT COM. ACADEMY,LEE A. TOLBERT COM. ACADEMY,MO,Jackson County,1,1,422,16,406,60,0.0,3.94,29.86,0.0,0.0,33.8,33.8,33.8,0.0,11.0,1.0,0.0,0.0,3.0,0.0,0.7,0.0,1.0,7.0,6.0,63.5,True,12.01,9.06,83.25,27.09,0.0,1.72,1,1,0,1.0,True
2023-2024,2900029,GUADALUPE CENTERS SCHOOLS,GUADALUPE CENTERS SCHOOLS,MO,Jackson County,3,3,1609,73,1536,116,3.0,7.85,56.15,69.0,0.0,136.0,133.0,133.0,0.0,29.0,4.0,1.0,0.0,17.0,0.0,8.0,0.0,3.0,0.0,0.0,198.0,True,11.55,9.48,86.59,18.88,0.65,5.21,3,3,0,1.0,True
2023-2024,2900031,KIPP: ENDEAVOR ACADEMY,KIPP: ENDEAVOR ACADEMY,MO,Jackson County,2,2,852,35,817,55,2.5,3.75,0.0,82.45,0.0,88.7,86.2,86.2,0.0,9.0,3.16,7.8,0.0,14.44,0.25,9.4,0.0,3.0,3.0,9.0,147.75,True,9.48,8.58,105.51,11.02,9.55,11.51,2,2,0,1.0,True
2023-2024,2900590,FRONTIER SCHOOLS,FRONTIER SCHOOLS,MO,Jackson County,5,5,1539,53,1486,99,2.0,5.61,51.49,102.8,0.0,161.9,159.9,159.9,0.0,9.0,6.0,4.0,0.0,11.0,3.0,13.0,0.0,2.0,0.0,0.0,209.9,True,9.29,8.8,107.6,6.06,2.69,8.75,5,5,0,1.0,True
2023-2024,2900593,DELASALLE CHARTER SCHOOL,DELASALLE CHARTER SCHOOL,MO,Jackson County,2,2,206,0,206,0,0.0,0.0,0.0,10.92,0.0,10.92,10.92,10.92,0.0,2.0,2.24,2.85,0.0,1.7,0.0,1.29,0.0,2.0,4.0,10.0,37.0,True,18.86,15.94,53.01,9.71,13.83,6.26,2,2,0,1.0,True
2023-2024,2900597,EWING MARION KAUFFMAN SCHOOL,EWING MARION KAUFFMAN SCHOOL,MO,Jackson County,2,2,909,0,909,0,0.0,0.0,0.0,83.0,0.0,83.0,83.0,83.0,0.0,0.0,8.63,0.0,0.0,4.0,0.0,5.0,0.0,1.37,0.0,0.0,102.0,True,10.95,10.95,91.31,0.0,0.0,5.5,2,2,0,1.0,True
2023-2024,2900601,HOPE LEADERSHIP ACADEMY,HOPE LEADERSHIP ACADEMY,MO,Jackson County,1,1,96,0,96,11,0.0,1.33,10.07,0.0,0.0,11.4,11.4,11.4,0.0,1.0,1.0,0.0,0.0,3.0,0.0,0.85,0.0,0.0,5.0,1.0,23.25,True,8.42,7.74,118.75,10.42,0.0,8.85,1,1,0,1.0,True
2023-2024,2900603,CROSSROADS CHARTER SCHOOLS,CROSSROADS CHARTER SCHOOLS,MO,Jackson County,3,3,1020,13,1007,79,0.0,8.05,49.95,40.0,0.0,98.0,98.0,98.0,0.0,11.0,3.0,4.0,0.0,15.0,0.0,7.0,0.0,1.0,13.0,0.0,152.0,True,10.28,9.24,97.32,10.92,3.97,6.95,3,3,0,1.0,True
2023-2024,2900604,ACADEMY FOR INTEGRATED ARTS,ACADEMY FOR INTEGRATED ARTS,MO,Jackson County,1,1,270,11,259,48,1.0,4.0,21.25,0.0,0.0,26.25,25.25,25.25,0.0,6.0,0.25,0.0,0.0,4.0,0.0,3.0,0.0,1.0,2.0,0.0,42.5,True,10.26,8.29,97.49,23.17,0.0,11.58,1,1,0,1.0,True
2023-2024,2900612,CITIZENS OF THE WORLD CHARTER,CITIZENS OF THE WORLD CHARTER,MO,Jackson County,2,2,368,9,359,43,0.0,3.69,15.06,10.45,0.0,29.2,29.2,29.2,0.0,5.0,2.0,2.0,0.0,3.0,0.0,1.8,0.0,1.0,2.0,1.0,47.0,True,12.29,10.5,81.34,13.93,5.57,5.01,2,2,0,1.0,True
2023-2024,2900615,KANSAS CITY GIRLS PREP ACADEMY,KANSAS CITY GIRLS PREP ACADEMY,MO,Jackson County,2,2,162,0,162,0,0.0,0.0,0.0,28.16,0.0,28.16,28.16,28.16,0.0,0.0,3.0,0.0,0.0,6.84,0.0,3.0,0.0,0.0,0.0,0.0,41.0,True,5.75,5.75,173.83,0.0,0.0,18.52,2,2,0,1.0,True
2023-2024,2903200,ARCHIE R-V,ARCHIE R-V,MO,Cass County,2,2,524,9,515,35,1.23,2.27,13.6,24.5,0.0,41.6,40.37,40.37,-0.0,10.71,0.0,1.0,0.0,1.79,0.57,2.5,0.0,1.0,4.0,7.5,70.67,True,12.76,10.08,78.39,20.8,1.94,4.85,2,2,0,1.0,True
2023-2024,2904620,BELTON 124,BELTON 124,MO,Cass County,8,7,4205,224,3981,308,14.49,16.05,121.97,136.02,0.0,288.53,274.04,274.04,0.0,70.78,12.51,13.0,0.0,29.4,6.0,16.0,0.0,6.0,35.0,72.0,549.22,True,14.53,11.55,68.84,17.78,3.27,4.02,8,8,0,1.0,True
2023-2024,2905310,BLUE SPRINGS R-IV,BLUE SPRINGS R-IV,MO,Jackson County,21,20,14744,175,14569,1037,18.17,65.9,390.98,515.78,0.0,990.83,972.66,972.66,-0.0,125.0,23.56,54.0,2.0,79.4,12.0,61.0,2.0,7.0,164.0,763.0,2283.79,True,14.98,13.27,66.76,8.58,3.71,4.19,21,21,0,1.0,True
2023-2024,2908250,CENTER 58,CENTER 58,MO,Jackson County,8,6,2454,118,2336,196,12.0,8.0,81.6,105.84,0.0,207.44,195.44,195.44,0.0,51.0,7.12,7.8,2.0,31.9,1.75,13.0,0.0,1.0,39.0,34.0,396.01,True,11.95,9.48,83.66,21.83,3.34,5.57,8,8,0,1.0,True
2023-2024,2910320,SHERWOOD CASS R-VIII,SHERWOOD CASS R-VIII,MO,Cass County,3,3,778,40,738,47,2.0,3.68,23.32,32.0,0.0,61.0,59.0,59.0,0.0,22.21,3.09,3.0,0.0,3.55,0.85,3.0,0.0,1.0,7.0,18.0,122.7,True,12.51,9.09,79.95,30.09,4.07,4.07,3,3,0,1.0,True
2023-2024,2911070,DREXEL R-IV,DREXEL R-IV,MO,Cass County,2,2,274,0,274,20,0.0,2.47,11.8,15.63,0.0,29.9,29.9,29.9,0.0,6.0,0.0,0.0,0.0,1.2,0.0,1.9,0.0,1.0,3.0,3.0,46.0,True,9.16,7.63,109.12,21.9,0.0,6.93,2,2,0,1.0,True
2023-2024,2911160,EAST LYNNE 40,EAST LYNNE 40,MO,Cass County,1,1,166,12,154,17,1.0,1.21,14.79,0.0,0.0,17.0,16.0,16.0,0.0,4.0,0.0,0.5,0.0,0.0,0.0,0.0,0.0,1.0,2.0,4.0,28.5,True,9.62,7.7,103.9,25.97,3.25,0.0,1,1,0,1.0,True
2023-2024,2911650,EXCELSIOR SPRINGS 40,EXCELSIOR SPRINGS 40,MO,Clay County,8,5,2638,171,2467,186,8.0,10.58,69.92,108.87,0.0,197.37,189.37,189.37,0.0,35.0,9.0,6.46,0.0,17.45,4.0,12.59,0.0,5.0,0.0,1.51,288.38,True,13.03,11.0,76.76,14.19,2.62,5.1,8,8,0,1.0,True
2023-2024,2912290,FORT OSAGE R-I,FORT OSAGE R-I,MO,Jackson County,11,8,4796,134,4662,334,11.21,21.0,161.42,164.37,0.0,358.0,346.79,346.79,0.0,95.35,2.2,16.0,0.0,31.3,12.0,15.8,0.0,8.0,56.0,175.23,769.88,True,13.44,10.54,74.39,20.45,3.43,3.39,11,11,0,1.0,True
2023-2024,2913080,GRAIN VALLEY R-V,GRAIN VALLEY R-V,MO,Jackson County,8,7,4448,87,4361,294,11.0,17.62,141.55,172.37,0.0,342.54,331.54,331.54,0.0,72.4,10.46,12.0,2.0,26.0,6.8,19.0,0.0,3.0,35.0,199.0,728.2,True,13.15,10.8,76.02,16.6,2.75,4.36,8,8,0,1.0,True
2023-2024,2913140,GRANDVIEW C-4,GRANDVIEW C-4,MO,Jackson County,9,7,3689,141,3548,260,12.5,17.38,131.26,118.37,0.0,279.51,267.01,267.01,0.0,52.62,6.8,13.0,3.0,18.05,7.25,15.95,0.0,4.0,52.93,51.76,504.87,True,13.29,11.1,75.26,14.83,3.66,4.5,9,9,0,1.0,True
2023-2024,2913680,HARDIN-CENTRAL C-2,HARDIN-CENTRAL C-2,MO,Ray County,2,2,224,20,204,18,1.05,1.12,10.47,11.36,0.0,24.0,22.95,22.95,0.0,3.4,0.0,1.0,0.0,1.2,0.0,1.9,0.0,1.0,0.0,0.0,32.5,True,8.89,7.74,112.5,16.67,4.9,9.31,2,2,0,1.0,True
2023-2024,2913760,HARRISONVILLE R-IX,HARRISONVILLE R-IX,MO,Cass County,7,5,2208,85,2123,131,3.5,8.37,58.77,100.61,0.0,171.25,167.75,167.75,0.0,25.5,6.75,9.0,0.0,16.25,4.0,7.3,0.0,5.0,25.0,15.14,285.19,True,12.66,10.99,79.02,12.01,4.24,3.44,7,7,0,1.0,True
2023-2024,2914340,HICKMAN MILLS C-1,HICKMAN MILLS C-1,MO,Jackson County,13,11,4981,371,4610,416,30.9,21.17,160.5,179.09,0.0,391.66,360.76,360.76,-0.0,59.0,16.0,13.0,6.37,58.4,9.0,20.0,0.0,5.0,63.0,115.4,756.83,True,12.78,10.98,78.26,12.8,2.82,4.34,13,13,0,1.0,True
2023-2024,2915480,INDEPENDENCE 30,INDEPENDENCE 30,MO,Jackson County,31,28,14168,535,13633,1014,19.77,28.54,418.05,472.68,0.0,939.04,919.27,919.27,0.0,130.62,22.0,38.42,5.98,150.46,25.9,59.0,0.0,10.0,0.0,13.0,1394.42,True,14.83,12.99,67.43,9.58,2.82,4.33,31,31,0,1.0,True
2023-2024,2916400,KANSAS CITY 33,KANSAS CITY 33,MO,Jackson County,33,32,14694,1074,13620,1126,28.99,83.45,574.81,488.64,0.0,1175.89,1146.9,1146.9,0.0,147.96,41.0,41.69,20.5,137.14,14.5,66.0,0.0,6.7,46.0,914.0,2611.38,True,11.88,10.52,84.21,10.86,3.06,4.85,33,33,0,1.0,True
2023-2024,2916450,KEARNEY R-I,KEARNEY R-I,MO,Clay County,9,8,3500,77,3423,248,7.5,13.0,97.5,137.63,0.0,255.63,248.13,248.13,0.0,75.91,6.2,11.5,0.0,25.41,7.0,13.0,0.0,3.0,28.0,52.66,478.31,True,13.8,10.56,72.49,22.18,3.36,3.8,9,9,0,1.0,True
2023-2024,2918220,LAWSON R-XIV,LAWSON R-XIV,MO,Ray County,3,3,1114,0,1114,68,1.15,4.84,24.77,48.89,0.0,79.65,78.5,78.5,0.0,14.5,1.0,2.75,0.0,5.1,0.0,6.0,0.0,1.0,0.0,0.0,110.0,True,14.19,11.98,70.47,13.02,2.47,5.39,3,3,0,1.0,True
2023-2024,2918300,LEE'S SUMMIT R-VII,LEE'S SUMMIT R-VII,MO,Jackson County,29,27,17797,284,17513,1115,24.75,71.0,458.45,660.72,0.0,1214.92,1190.17,1190.17,0.0,210.0,11.0,52.5,7.0,154.0,21.0,66.5,0.0,8.0,163.0,641.0,2548.92,True,14.71,12.51,67.96,11.99,3.0,3.8,29,29,0,1.0,True
2023-2024,2918540,LIBERTY 53,LIBERTY 53,MO,Clay County,20,17,12154,28,12126,759,25.8,47.56,336.26,462.39,0.0,872.01,846.21,846.21,0.0,129.12,12.01,39.6,10.0,55.63,15.35,46.7,0.0,6.0,100.0,609.88,1896.3,True,14.33,12.43,69.78,10.65,3.27,3.85,20,20,0,1.0,True
2023-2024,2919230,LONE JACK C-6,LONE JACK C-6,MO,Jackson County,2,2,740,46,694,47,1.5,3.45,20.05,30.13,0.0,55.13,53.63,53.63,0.0,7.75,2.63,2.74,0.0,7.0,0.93,3.0,0.0,1.0,7.25,7.5,94.93,True,12.94,11.31,77.28,11.17,3.95,4.32,2,2,0,1.0,True
2023-2024,2921060,MISSOURI CITY 56,MISSOURI CITY 56,MO,Clay County,1,1,19,0,19,0,0.0,0.0,3.7,0.0,0.0,3.7,3.7,3.7,0.0,0.0,0.0,0.1,0.0,0.52,0.2,1.0,0.0,0.38,3.0,2.0,10.9,True,5.14,5.14,194.74,0.0,5.26,52.63,1,1,0,1.0,True
2023-2024,2922800,NORTH KANSAS CITY 74,NORTH KANSAS CITY 74,MO,Clay County,34,32,21015,349,20666,1511,64.0,100.54,575.69,778.31,0.0,1518.54,1454.54,1454.54,0.0,251.2,36.55,50.56,24.0,70.28,29.0,76.0,2.8,8.0,182.06,886.85,3135.84,True,14.21,12.12,70.38,12.16,2.45,3.68,34,34,0,1.0,True
2023-2024,2922830,NORTH PLATTE CO. R-I,NORTH PLATTE CO. R-I,MO,Platte County,5,4,550,0,550,32,0.59,2.38,16.83,28.05,0.0,47.85,47.26,47.26,0.0,8.0,1.61,1.9,0.0,3.29,0.8,2.4,0.0,0.75,0.0,0.0,66.6,True,11.64,9.95,85.93,14.55,3.45,4.36,5,5,0,1.0,True
2023-2024,2923010,OAK GROVE R-VI,OAK GROVE R-VI,MO,Jackson County,4,4,1986,84,1902,128,3.0,7.78,54.53,72.85,0.0,138.16,135.16,135.16,0.0,20.73,6.0,5.0,0.0,5.3,4.0,6.0,1.27,2.0,0.0,0.0,188.46,True,14.07,12.2,71.06,10.9,2.63,3.15,4,4,0,1.0,True
2023-2024,2923220,ORRICK R-XI,ORRICK R-XI,MO,Ray County,2,2,278,14,264,23,0.15,1.18,12.04,14.57,0.0,27.94,27.79,27.79,-0.0,8.0,1.0,1.9,0.0,1.69,0.0,2.95,0.0,1.0,0.0,0.0,44.48,True,9.5,7.38,105.27,30.3,7.2,11.17,2,2,0,1.0,True
2023-2024,2923550,PARK HILL,PARK HILL,MO,Platte County,20,18,11915,398,11517,775,21.0,44.28,344.13,480.96,0.0,890.37,869.37,869.37,0.0,178.99,4.17,34.5,4.0,72.75,19.0,50.0,0.0,6.0,108.0,494.91,1862.69,True,13.25,10.99,75.49,15.54,3.0,4.34,20,20,0,1.0,True
2023-2024,2923730,RAYMORE-PECULIAR R-II,RAYMORE-PECULIAR R-II,MO,Cass County,12,11,6314,166,6148,443,14.2,28.14,171.65,234.33,0.0,448.32,434.12,434.12,0.0,63.63,8.37,18.0,3.0,28.5,9.38,23.5,12.87,5.0,14.0,184.7,819.27,True,14.16,12.35,70.61,10.35,2.93,3.82,12,12,0,1.0,True
2023-2024,2925230,PLATTE CO. R-III,PLATTE CO. R-III,MO,Platte County,8,7,4283,18,4265,310,4.0,19.51,121.68,166.57,0.0,311.76,307.76,307.76,0.0,51.0,12.08,12.0,1.0,24.95,7.75,17.1,0.0,0.0,42.0,140.0,619.64,True,13.86,11.89,72.16,11.96,2.81,4.01,8,8,0,1.0,True
2023-2024,2925330,PLEASANT HILL R-III,PLEASANT HILL R-III,MO,Cass County,5,5,2130,45,2085,122,2.57,9.39,70.2,69.62,0.0,151.78,149.21,149.21,0.0,19.8,3.5,5.0,0.0,13.0,2.67,9.5,1.0,2.0,19.0,18.0,245.25,True,13.97,12.34,71.56,9.5,2.4,4.56,5,5,0,1.0,True
2023-2024,2926070,RAYTOWN C-2,RAYTOWN C-2,MO,Jackson County,20,16,7953,213,7740,559,23.94,31.74,228.0,294.86,0.0,578.54,554.6,554.6,0.0,146.75,16.75,25.95,2.0,54.29,8.76,33.0,4.0,7.0,73.0,533.51,1483.55,True,13.96,11.04,71.65,18.96,3.35,4.26,20,20,0,1.0,True
2023-2024,2926480,RICHMOND R-XVI,RICHMOND R-XVI,MO,Ray County,4,4,1549,77,1472,106,6.48,11.5,43.69,58.06,0.0,119.73,113.25,113.25,0.0,28.84,3.75,4.9,1.0,6.93,0.0,5.9,0.0,2.0,9.0,31.0,213.05,True,13.0,10.36,76.94,19.59,3.33,4.01,4,4,0,1.0,True
2023-2024,2928410,SMITHVILLE R-II,SMITHVILLE R-II,MO,Clay County,5,5,2536,27,2509,173,4.17,11.05,80.55,85.99,0.0,181.76,177.59,177.59,0.0,41.99,5.34,7.9,0.0,9.61,4.8,11.85,0.0,3.0,22.5,42.77,331.52,True,14.13,11.43,70.78,16.74,3.15,4.72,5,5,0,1.0,True
2023-2024,2929670,STRASBURG C-3,STRASBURG C-3,MO,Cass County,1,1,134,0,134,16,0.0,1.13,12.7,0.0,0.0,13.83,13.83,13.83,0.0,0.0,0.0,1.0,0.0,1.1,0.0,0.17,0.0,0.9,3.0,5.0,25.0,True,9.69,9.69,103.21,0.0,7.46,1.27,1,1,0,1.0,True
2023-2024,2931710,WEST PLATTE CO. R-II,WEST PLATTE CO. R-II,MO,Platte County,3,3,731,54,677,42,3.0,3.0,25.4,33.46,0.0,64.86,61.86,61.86,0.0,11.0,2.64,3.0,0.0,2.07,1.93,4.86,0.0,0.0,4.25,9.0,103.61,True,10.94,9.29,91.37,16.25,4.43,7.18,3,3,0,1.0,True
2023-2024,2931800,MIDWAY R-I,MIDWAY R-I,MO,Cass County,2,2,432,0,432,22,1.1,2.26,18.71,19.08,0.0,41.15,40.05,40.05,0.0,15.1,0.45,0.75,0.0,2.05,0.9,2.0,0.0,1.0,0.0,0.0,63.4,True,10.79,7.83,92.71,34.95,1.74,4.63,2,2,0,1.0,True
2024-2025,2000018,School for Blind,School for Blind,KS,Wyandotte County,2,0,38,0,38,0,7.58,5.9,11.73,6.12,0.0,31.33,23.75,23.75,0.0,0.0,0.0,0.0,0.0,0.0,0.0,0.17,0.0,2.0,0.0,0.0,33.5,True,1.6,1.6,625.0,0.0,0.0,4.47,2,2,0,1.0,True
2024-2025,2000019,School for Deaf,School for Deaf,KS,Johnson County,2,0,118,11,107,6,2.0,1.83,12.0,9.21,0.0,25.04,23.04,23.04,0.0,0.0,1.0,0.0,0.0,0.0,0.75,1.2,0.0,1.0,0.0,0.0,28.99,True,4.64,4.64,215.33,0.0,0.0,11.21,2,2,0,1.0,True
2024-2025,2003780,Basehor-Linwood,Basehor-Linwood,KS,Leavenworth County,7,6,3096,154,2942,200,8.24,25.61,126.01,67.92,0.0,227.78,219.54,219.54,0.0,38.3,11.53,7.65,5.0,22.9,1.0,9.43,10.4,2.0,6.3,39.9,382.19,True,13.4,11.41,74.62,13.02,2.6,3.21,7,7,0,1.0,True
2024-2025,2004050,Bonner Springs,Bonner Springs,KS,Wyandotte County,5,5,2535,147,2388,144,6.5,23.5,111.02,61.55,0.0,202.57,196.07,196.07,0.0,59.0,3.64,6.0,1.0,18.0,2.0,9.83,10.0,3.0,8.0,49.0,372.04,True,12.18,9.36,82.11,24.71,2.51,4.12,5,5,0,1.0,True
2024-2025,2005490,De Soto,De Soto,KS,Johnson County,13,12,7295,228,7067,418,14.5,69.87,301.7,167.93,0.0,554.0,539.5,539.5,0.0,121.0,4.7,14.5,7.8,69.0,0.0,21.0,24.3,3.0,13.0,99.9,932.2,True,13.1,10.7,76.34,17.12,2.05,2.97,13,13,0,1.0,True
2024-2025,2005640,Easton,Easton,KS,Leavenworth County,3,3,687,41,646,44,2.47,4.87,32.13,16.9,0.0,56.37,53.9,53.9,0.0,3.0,1.0,1.0,0.78,4.4,0.0,3.12,6.0,1.0,2.0,13.0,91.67,True,11.99,11.35,83.44,4.64,1.55,4.83,3,3,0,1.0,True
2024-2025,2006330,Fort Leavenworth,Fort Leavenworth,KS,Leavenworth County,4,4,1542,176,1366,163,10.42,23.67,93.0,8.92,0.0,136.01,125.59,125.59,0.0,32.0,10.0,4.0,2.0,26.0,3.0,4.0,4.0,2.0,5.0,37.0,265.01,True,10.88,8.67,91.94,23.43,2.93,2.93,4,4,0,1.0,True
2024-2025,2006420,Gardner Edgerton,Gardner Edgerton,KS,Johnson County,11,11,5858,277,5581,361,20.53,57.75,268.4,118.78,0.0,465.46,444.93,444.93,0.0,141.0,4.03,16.5,7.0,41.2,7.67,18.0,16.6,2.0,14.1,100.3,833.86,True,12.54,9.53,79.72,25.26,2.96,3.23,11,11,0,1.0,True
2024-2025,2007950,Kansas City,Kansas City,KS,Wyandotte County,43,43,21538,1328,20210,1606,46.58,201.25,787.53,364.2,0.0,1399.56,1352.98,1352.98,0.0,268.8,120.96,69.0,2.0,343.3,10.0,76.0,91.0,3.0,95.0,780.5,3259.12,True,14.94,12.46,66.95,13.3,3.41,3.76,43,43,0,1.0,True
2024-2025,2008340,Lansing,Lansing,KS,Leavenworth County,5,4,2626,87,2539,162,6.03,14.85,98.49,56.47,0.0,175.84,169.81,169.81,0.0,87.0,11.5,8.67,1.0,26.0,1.0,6.0,6.0,2.0,5.0,50.7,380.71,True,14.95,9.89,66.88,34.27,3.41,2.36,5,5,0,1.0,True
2024-2025,2008430,Leavenworth,Leavenworth,KS,Leavenworth County,8,7,3269,96,3173,189,7.0,17.75,125.75,77.17,0.0,227.67,220.67,220.67,0.0,107.0,12.5,11.0,5.0,44.0,0.33,7.0,18.0,2.0,11.0,84.0,529.5,True,14.38,9.68,69.55,33.72,3.47,2.21,8,8,0,1.0,True
2024-2025,2008970,Louisburg,Louisburg,KS,Miami County,5,4,1745,104,1641,93,2.85,8.8,63.35,37.12,0.0,112.12,109.27,109.27,-0.0,17.5,0.0,1.33,2.0,5.2,2.35,4.5,8.0,1.0,3.8,59.0,216.8,True,15.02,12.94,66.59,10.66,0.81,2.74,5,5,0,1.0,True
2024-2025,2010140,Olathe,Olathe,KS,Johnson County,52,51,28195,696,27499,1868,48.33,260.0,1201.57,679.42,0.0,2189.32,2140.99,2140.99,-0.0,655.5,61.95,82.43,36.0,262.5,48.5,65.3,103.0,4.9,22.0,552.9,4084.3,True,12.84,9.83,77.86,23.84,3.0,2.37,52,52,0,1.0,True
2024-2025,2010260,Osawatomie,Osawatomie,KS,Miami County,5,4,1021,103,918,69,6.83,6.33,44.58,27.5,0.0,85.24,78.41,78.41,0.0,13.0,3.0,3.0,1.5,8.0,1.0,4.0,7.0,2.0,4.0,44.0,175.74,True,11.71,10.04,85.41,14.16,3.27,4.36,5,5,0,1.0,True
2024-2025,2010500,Paola,Paola,KS,Miami County,4,4,1785,34,1751,111,2.75,9.94,78.06,40.75,0.0,131.5,128.75,128.75,0.0,256.0,2.0,2.0,0.0,45.0,0.0,4.0,15.0,2.0,6.0,30.0,493.5,True,13.6,4.55,73.53,146.2,1.14,2.28,4,4,0,1.0,True
2024-2025,2010680,Piper-Kansas City,Piper-Kansas City,KS,Wyandotte County,4,4,2840,129,2711,170,11.5,13.66,109.58,63.49,0.0,198.23,186.73,186.73,0.0,27.4,10.0,9.0,4.0,19.2,3.2,7.0,10.0,1.0,5.0,19.4,313.43,True,14.52,12.66,68.88,10.11,3.32,2.58,4,4,0,1.0,True
2024-2025,2011640,Shawnee Mission Pub Sch,Shawnee Mission Pub Sch,KS,Johnson County,45,44,26513,739,25774,1867,67.98,218.1,1015.35,558.56,0.0,1859.99,1792.01,1792.01,0.0,562.7,116.04,33.67,25.0,221.5,16.71,70.8,83.0,8.0,50.5,489.3,3537.21,True,14.38,10.95,69.53,21.83,1.31,2.75,45,45,0,1.0,True
2024-2025,2011850,Spring Hill,Spring Hill,KS,Johnson County,11,9,5860,149,5711,374,9.42,45.43,206.03,103.46,0.0,364.34,354.92,354.92,0.0,59.4,13.67,12.5,6.0,28.3,8.5,17.0,25.2,2.0,11.1,62.0,610.01,True,16.09,13.78,62.15,10.4,2.19,2.98,11,11,0,1.0,True
2024-2025,2012000,Blue Valley,Blue Valley,KS,Johnson County,37,36,22252,456,21796,1417,32.2,289.66,834.3,516.31,0.0,1672.47,1640.27,1640.27,0.0,361.9,47.5,63.5,24.6,208.5,40.2,46.33,85.0,2.0,64.6,311.4,2928.0,True,13.29,10.89,75.26,16.6,2.91,2.13,37,37,0,1.0,True
2024-2025,2012210,Tonganoxie,Tonganoxie,KS,Leavenworth County,3,3,1988,73,1915,133,4.96,13.9,79.16,48.85,0.0,146.87,141.91,141.91,0.0,43.7,14.53,4.5,4.0,12.5,0.0,2.0,9.0,1.5,3.8,48.3,290.7,True,13.49,10.32,74.1,22.82,2.35,1.04,3,3,0,1.0,True
2024-2025,2012360,Turner-Kansas City,Turner-Kansas City,KS,Wyandotte County,8,7,3926,218,3708,264,9.0,28.88,151.96,80.63,0.0,270.47,261.47,261.47,0.0,44.9,6.33,9.2,2.0,46.7,4.0,10.0,15.9,5.0,11.0,84.0,509.5,True,14.18,12.1,70.52,12.11,2.48,2.7,8,8,0,1.0,True
2024-2025,2900009,DIVISION OF YOUTH SERVICE,DIVISION OF YOUTH SERVICE,MO,Clay County,5,4,496,0,496,0,0.0,0.0,0.0,74.0,0.0,74.0,74.0,74.0,0.0,0.0,5.0,0.0,0.0,1.0,0.0,0.0,0.0,0.0,0.0,0.0,80.0,True,6.7,6.7,149.19,0.0,0.0,0.0,30,5,25,0.1667,False
2024-2025,2900013,KC INTERNATIONAL ACADEMY,KC INTERNATIONAL ACADEMY,MO,Jackson County,1,1,662,28,634,61,0.0,7.58,73.12,0.0,0.0,80.7,80.7,80.7,0.0,4.0,4.0,3.0,0.0,14.75,0.0,3.0,0.0,1.0,0.0,0.0,110.45,True,7.86,7.49,127.29,6.31,4.73,4.73,1,1,0,1.0,True
2024-2025,2900014,HOGAN PREPARATORY ACADEMY,HOGAN PREPARATORY ACADEMY,MO,Jackson County,3,3,843,33,810,39,0.0,3.0,33.0,55.5,0.0,91.5,91.5,91.5,0.0,0.0,0.0,3.0,0.0,4.0,0.0,5.5,1.0,0.0,7.0,0.0,112.0,True,8.85,8.85,112.96,0.0,3.7,6.79,3,3,0,1.0,True
2024-2025,2900015,GORDON PARKS ELEM.,GORDON PARKS ELEM.,MO,Jackson County,1,1,131,14,117,30,0.0,2.74,10.26,0.0,0.0,13.0,13.0,13.0,0.0,7.0,2.0,0.75,0.0,0.0,0.0,1.0,0.0,0.0,2.0,0.0,25.75,True,9.0,5.85,111.11,59.83,6.41,8.55,1,1,0,1.0,True
2024-2025,2900016,GENESIS SCHOOL INC.,GENESIS SCHOOL INC.,MO,Jackson County,1,1,180,8,172,13,1.0,1.11,0.0,16.89,0.0,19.0,18.0,18.0,0.0,8.0,1.5,0.0,0.0,7.0,0.0,2.0,0.0,0.0,4.0,1.0,42.5,True,9.56,6.62,104.65,46.51,0.0,11.63,1,1,0,1.0,True
2024-2025,2900017,ACADEMIE LAFAYETTE,ACADEMIE LAFAYETTE,MO,Jackson County,4,4,1425,12,1413,180,0.0,11.79,59.61,46.4,0.0,117.8,117.8,117.8,0.0,2.75,0.0,1.0,0.0,9.0,2.0,6.0,0.0,1.0,20.0,16.25,175.8,True,11.99,11.72,83.37,1.95,0.71,4.25,4,4,0,1.0,True
2024-2025,2900019,SCUOLA VITA NUOVA,SCUOLA VITA NUOVA,MO,Jackson County,1,1,363,0,363,40,0.0,2.32,21.68,0.0,0.0,24.0,24.0,24.0,0.0,13.6,0.0,0.0,0.0,0.0,0.0,2.0,0.0,1.0,0.0,0.0,40.6,True,15.12,9.65,66.12,37.47,0.0,5.51,1,1,0,1.0,True
2024-2025,2900022,MO SCHLS FOR THE SEV DISABLED,MO SCHLS FOR THE SEV DISABLED,MO,Jackson County,5,0,652,0,652,2,0.0,0.0,128.0,0.0,0.0,128.0,128.0,128.0,0.0,1.0,0.0,0.0,0.0,0.0,0.0,0.0,0.0,0.0,0.0,0.0,129.0,True,5.09,5.05,196.32,1.53,0.0,0.0,35,5,30,0.1429,False
2024-2025,2900024,BROOKSIDE CHARTER SCH.,BROOKSIDE CHARTER SCH.,MO,Jackson County,2,2,800,39,761,86,2.5,7.43,46.47,25.6,0.0,82.0,79.5,79.5,0.0,10.0,4.1,5.0,0.0,14.2,1.0,6.0,0.0,1.9,5.0,17.0,146.2,True,9.57,8.5,104.47,13.14,6.57,7.88,2,2,0,1.0,True
2024-2025,2900025,ALLEN VILLAGE,ALLEN VILLAGE,MO,Jackson County,5,4,384,9,375,20,0.0,1.15,11.05,17.28,0.0,29.48,29.48,29.48,0.0,6.4,1.97,1.8,0.0,2.0,0.0,1.0,0.0,1.15,0.0,0.0,43.8,True,12.72,10.45,78.61,17.07,4.8,2.67,5,5,0,1.0,True
2024-2025,2900027,UNIVERSITY ACADEMY,UNIVERSITY ACADEMY,MO,Jackson County,3,3,1111,30,1081,108,2.0,6.86,30.34,39.3,0.0,78.5,76.5,76.5,0.0,8.0,0.0,2.75,0.0,6.8,2.0,5.75,0.0,1.2,0.0,0.0,105.0,True,14.13,12.79,70.77,7.4,2.54,5.32,3,3,0,1.0,True
2024-2025,2900028,LEE A. TOLBERT COM. ACADEMY,LEE A. TOLBERT COM. ACADEMY,MO,Jackson County,1,1,401,19,382,37,0.0,2.72,30.18,0.0,0.0,32.9,32.9,32.9,0.0,9.0,1.0,0.0,0.0,4.0,0.0,1.9,0.0,1.0,7.0,6.0,62.8,True,11.61,9.12,86.13,23.56,0.0,4.97,1,1,0,1.0,True
2024-2025,2900029,GUADALUPE CENTERS SCHOOLS,GUADALUPE CENTERS SCHOOLS,MO,Jackson County,3,3,1614,77,1537,121,4.0,8.0,62.0,74.0,0.0,148.0,144.0,144.0,0.0,28.0,6.0,3.0,0.0,10.0,1.0,7.0,0.0,4.0,0.0,0.0,207.0,True,10.67,8.94,93.69,18.22,1.95,4.55,3,3,0,1.0,True
2024-2025,2900031,KIPP: ENDEAVOR ACADEMY,KIPP: ENDEAVOR ACADEMY,MO,Jackson County,2,2,1047,70,977,57,4.9,5.12,0.0,89.58,0.0,99.6,94.7,94.7,0.0,13.0,5.9,9.1,0.0,16.5,1.2,14.4,0.0,2.0,2.0,11.0,174.7,True,10.32,9.07,96.93,13.31,9.31,14.74,2,2,0,1.0,True
2024-2025,2900590,FRONTIER SCHOOLS,FRONTIER SCHOOLS,MO,Jackson County,5,5,1587,50,1537,103,3.0,6.85,47.38,108.27,0.0,165.5,162.5,162.5,0.0,22.0,3.8,1.0,0.0,1.0,1.7,13.0,0.0,2.0,0.0,0.0,210.0,True,9.46,8.33,105.73,14.31,0.65,8.46,5,5,0,1.0,True
2024-2025,2900593,DELASALLE CHARTER SCHOOL,DELASALLE CHARTER SCHOOL,MO,Jackson County,2,2,220,0,220,0,0.0,0.0,0.0,13.0,0.0,13.0,13.0,13.0,0.0,1.0,3.0,2.0,0.0,0.0,0.0,3.0,0.0,3.0,8.0,3.0,36.0,True,16.92,15.71,59.09,4.55,9.09,13.64,2,2,0,1.0,True
2024-2025,2900597,EWING MARION KAUFFMAN SCHOOL,EWING MARION KAUFFMAN SCHOOL,MO,Jackson County,2,2,961,0,961,0,0.0,0.0,0.0,97.0,0.0,97.0,97.0,97.0,0.0,0.0,9.0,0.0,0.0,4.0,0.0,4.0,0.0,1.0,0.0,0.0,115.0,True,9.91,9.91,100.94,0.0,0.0,4.16,2,2,0,1.0,True
2024-2025,2900601,HOPE LEADERSHIP ACADEMY,HOPE LEADERSHIP ACADEMY,MO,Jackson County,1,1,108,0,108,20,0.0,1.14,12.21,0.0,0.0,13.35,13.35,13.35,0.0,0.65,2.0,0.0,0.0,2.5,0.0,1.0,0.0,0.0,2.0,1.0,22.5,True,8.09,7.71,123.61,6.02,0.0,9.26,1,1,0,1.0,True
2024-2025,2900603,CROSSROADS CHARTER SCHOOLS,CROSSROADS CHARTER SCHOOLS,MO,Jackson County,3,3,1003,16,987,73,0.0,6.05,47.95,38.5,0.0,92.5,92.5,92.5,0.0,6.0,2.0,2.5,0.0,15.0,0.0,9.0,0.0,1.0,15.0,0.0,143.0,True,10.67,10.02,93.72,6.08,2.53,9.12,3,3,0,1.0,True
2024-2025,2900604,ACADEMY FOR INTEGRATED ARTS,ACADEMY FOR INTEGRATED ARTS,MO,Jackson County,1,1,244,18,226,38,1.0,3.0,22.0,0.0,0.0,26.0,25.0,25.0,0.0,4.0,1.0,0.0,0.0,3.0,0.0,3.0,0.0,1.0,0.0,0.0,38.0,True,9.04,7.79,110.62,17.7,0.0,13.27,1,1,0,1.0,True
2024-2025,2900612,CITIZENS OF THE WORLD CHARTER,CITIZENS OF THE WORLD CHARTER,MO,Jackson County,2,2,388,22,366,51,0.0,3.94,15.68,10.39,0.0,30.01,30.01,30.01,0.0,6.0,1.0,2.0,0.0,3.0,0.0,2.0,0.0,1.0,8.0,5.0,58.01,True,12.2,10.16,81.99,16.39,5.46,5.46,2,2,0,1.0,True
2024-2025,2900615,KANSAS CITY GIRLS PREP ACADEMY,KANSAS CITY GIRLS PREP ACADEMY,MO,Jackson County,1,1,111,0,111,0,0.0,0.0,0.0,24.99,0.0,24.99,24.99,24.99,0.0,1.0,3.0,1.0,0.0,4.16,0.0,3.0,0.0,1.0,0.0,0.0,38.15,True,4.44,4.27,225.14,9.01,9.01,27.03,1,1,0,1.0,True
2024-2025,2903200,ARCHIE R-V,ARCHIE R-V,MO,Cass County,2,2,569,53,516,39,2.38,2.2,15.12,25.42,0.0,45.12,42.74,42.74,0.0,13.47,1.68,1.0,0.0,1.49,0.88,3.0,0.0,1.0,4.5,6.5,78.64,True,12.07,9.18,82.83,26.1,1.94,5.81,2,2,0,1.0,True
2024-2025,2904620,BELTON 124,BELTON 124,MO,Cass County,8,7,4230,228,4002,274,15.63,16.47,133.68,140.25,0.0,306.03,290.4,290.4,0.0,84.41,9.45,12.0,0.0,23.39,7.0,17.0,0.0,5.0,42.0,63.0,569.28,True,13.78,10.68,72.56,21.09,3.0,4.25,8,8,0,1.0,True
2024-2025,2905310,BLUE SPRINGS R-IV,BLUE SPRINGS R-IV,MO,Jackson County,21,20,14657,210,14447,946,21.5,61.45,391.78,526.81,0.0,1001.54,980.04,980.04,0.0,138.0,18.1,54.0,2.0,85.39,13.0,61.0,0.0,9.0,158.0,864.0,2404.03,True,14.74,12.92,67.84,9.55,3.74,4.22,21,21,0,1.0,True
2024-2025,2908250,CENTER 58,CENTER 58,MO,Jackson County,8,6,2339,120,2219,177,11.3,9.0,82.61,107.19,0.0,210.1,198.8,198.8,0.0,52.0,9.0,10.0,3.0,31.16,1.0,13.0,0.0,3.34,35.0,47.0,414.6,True,11.16,8.85,89.59,23.43,4.51,5.86,8,8,0,1.0,True
2024-2025,2910320,SHERWOOD CASS R-VIII,SHERWOOD CASS R-VIII,MO,Cass County,3,3,733,38,695,50,1.0,3.93,24.07,33.14,0.0,62.14,61.14,61.14,0.0,18.71,2.95,3.0,0.0,4.55,0.86,3.0,0.0,1.0,6.0,17.0,119.21,True,11.37,8.7,87.97,26.92,4.32,4.32,3,3,0,1.0,True
2024-2025,2911070,DREXEL R-IV,DREXEL R-IV,MO,Cass County,2,2,259,0,259,17,0.0,1.5,11.47,14.93,0.0,27.9,27.9,27.9,0.0,6.0,0.0,0.0,0.0,1.2,0.0,2.0,0.0,0.9,3.0,3.0,44.0,True,9.28,7.64,107.72,23.17,0.0,7.72,2,2,0,1.0,True
2024-2025,2911160,EAST LYNNE 40,EAST LYNNE 40,MO,Cass County,1,1,155,11,144,12,1.0,1.44,13.36,0.0,0.0,15.8,14.8,14.8,0.0,5.0,0.0,0.5,0.0,0.0,0.2,0.0,0.0,1.0,2.0,8.0,32.5,True,9.73,7.27,102.78,34.72,3.47,0.0,1,1,0,1.0,True
2024-2025,2911650,EXCELSIOR SPRINGS 40,EXCELSIOR SPRINGS 40,MO,Clay County,8,5,2661,151,2510,183,8.0,10.55,72.2,102.62,0.0,193.37,185.37,185.37,0.0,42.0,8.0,7.0,0.0,14.45,3.5,12.05,0.0,4.75,0.0,1.51,286.63,True,13.54,11.04,73.85,16.73,2.79,4.8,8,8,0,1.0,True
2024-2025,2912290,FORT OSAGE R-I,FORT OSAGE R-I,MO,Jackson County,11,8,4718,133,4585,311,10.29,20.98,158.78,166.72,0.0,356.77,346.48,346.48,0.0,87.8,3.1,16.0,0.0,32.95,11.0,15.9,0.0,7.25,70.0,194.88,795.65,True,13.23,10.56,75.57,19.15,3.49,3.47,11,11,0,1.0,True
2024-2025,2913080,GRAIN VALLEY R-V,GRAIN VALLEY R-V,MO,Jackson County,8,7,4546,83,4463,298,10.0,17.67,156.54,172.12,0.0,356.33,346.33,346.33,0.0,79.5,10.6,12.0,2.0,26.57,6.88,19.33,0.0,3.0,36.0,165.75,717.96,True,12.89,10.48,77.6,17.81,2.69,4.33,8,8,0,1.0,True
2024-2025,2913140,GRANDVIEW C-4,GRANDVIEW C-4,MO,Jackson County,9,7,3665,132,3533,237,8.0,16.46,120.54,114.54,0.0,259.54,251.54,251.54,-0.0,44.44,12.0,11.0,4.0,18.75,4.25,13.95,0.0,4.0,43.0,60.5,475.43,True,14.05,11.94,71.2,12.58,3.11,3.95,9,9,0,1.0,True
2024-2025,2913680,HARDIN-CENTRAL C-2,HARDIN-CENTRAL C-2,MO,Ray County,2,2,205,10,195,15,1.04,1.13,9.4,12.58,0.0,24.15,23.11,23.11,0.0,2.9,0.0,1.0,0.0,2.06,0.0,1.9,0.0,1.0,0.0,0.0,33.01,True,8.44,7.5,118.51,14.87,5.13,9.74,2,2,0,1.0,True
2024-2025,2913760,HARRISONVILLE R-IX,HARRISONVILLE R-IX,MO,Cass County,7,5,2187,96,2091,147,4.0,7.0,54.64,99.51,0.0,165.15,161.15,161.15,0.0,24.0,6.75,9.0,0.0,18.5,4.0,7.3,0.0,5.0,25.0,13.56,278.26,True,12.98,11.29,77.07,11.48,4.3,3.49,7,7,0,1.0,True
2024-2025,2914340,HICKMAN MILLS C-1,HICKMAN MILLS C-1,MO,Jackson County,12,10,5067,366,4701,434,30.4,23.79,151.06,194.34,0.0,399.59,369.19,369.19,0.0,54.0,17.0,15.01,4.37,56.4,10.0,21.0,0.0,4.0,76.0,111.1,768.47,True,12.73,11.11,78.53,11.49,3.19,4.47,12,12,0,1.0,True
2024-2025,2915480,INDEPENDENCE 30,INDEPENDENCE 30,MO,Jackson County,31,28,14272,709,13563,974,32.0,65.09,389.84,483.52,0.0,970.45,938.45,938.45,0.0,142.58,22.0,38.42,6.0,139.62,25.9,59.0,0.0,10.0,0.0,15.0,1428.97,True,14.45,12.55,69.19,10.51,2.83,4.35,31,31,0,1.0,True
2024-2025,2916400,KANSAS CITY 33,KANSAS CITY 33,MO,Jackson County,33,32,15079,1104,13975,1142,42.01,80.73,545.43,455.11,0.0,1123.28,1081.27,1081.27,0.0,130.4,35.56,37.5,23.0,87.31,16.3,57.3,0.0,5.5,0.0,0.0,1516.15,True,12.92,11.53,77.37,9.33,2.68,4.1,33,33,0,1.0,True
2024-2025,2916450,KEARNEY R-I,KEARNEY R-I,MO,Clay County,9,8,3424,44,3380,234,7.27,12.0,96.81,135.35,0.0,251.43,244.16,244.16,0.0,74.81,5.35,11.0,0.0,26.15,7.0,13.0,0.0,3.0,28.0,55.14,474.88,True,13.84,10.6,72.24,22.13,3.25,3.85,9,9,0,1.0,True
2024-2025,2918220,LAWSON R-XIV,LAWSON R-XIV,MO,Ray County,3,3,1143,46,1097,79,2.75,4.85,25.15,49.75,0.0,82.5,79.75,79.75,0.0,13.5,0.9,2.75,0.0,3.35,0.0,6.0,0.0,1.0,0.0,0.0,110.0,True,13.76,11.76,72.7,12.31,2.51,5.47,3,3,0,1.0,True
2024-2025,2918300,LEE'S SUMMIT R-VII,LEE'S SUMMIT R-VII,MO,Jackson County,29,26,17870,506,17364,1063,40.53,73.03,449.56,661.73,0.0,1224.85,1184.32,1184.32,0.0,187.43,9.75,49.0,4.0,125.76,22.0,69.0,0.0,8.0,161.0,667.0,2527.79,True,14.66,12.66,68.21,10.79,2.82,3.97,29,29,0,1.0,True
2024-2025,2918540,LIBERTY 53,LIBERTY 53,MO,Clay County,20,17,11826,45,11781,671,25.0,45.34,327.97,458.19,0.0,856.5,831.5,831.5,0.0,149.37,22.72,39.9,10.0,61.98,15.76,42.85,6.37,7.0,84.64,722.47,2019.56,True,14.17,12.01,70.58,12.68,3.39,3.64,20,20,0,1.0,True
2024-2025,2919230,LONE JACK C-6,LONE JACK C-6,MO,Jackson County,2,2,733,61,672,31,2.0,2.3,20.2,31.4,0.0,55.9,53.9,53.9,0.0,9.25,3.36,2.74,0.0,5.5,0.93,3.0,0.0,1.0,6.75,9.0,97.43,True,12.47,10.64,80.21,13.76,4.08,4.46,2,2,0,1.0,True
2024-2025,2921060,MISSOURI CITY 56,MISSOURI CITY 56,MO,Clay County,1,1,14,0,14,0,0.0,0.0,3.3,0.0,0.0,3.3,3.3,3.3,0.0,0.0,0.0,0.2,0.0,0.5,0.2,1.0,0.0,0.1,0.0,0.0,5.3,True,4.24,4.24,235.71,0.0,14.29,71.43,1,1,0,1.0,True
2024-2025,2922800,NORTH KANSAS CITY 74,NORTH KANSAS CITY 74,MO,Clay County,34,32,21252,428,20824,1558,72.0,98.29,564.57,772.35,0.0,1507.21,1435.21,1435.21,0.0,283.86,37.93,55.0,24.0,85.44,31.0,80.0,0.0,7.0,195.46,1010.51,3317.41,True,14.51,12.11,68.92,13.63,2.64,3.84,34,34,0,1.0,True
2024-2025,2922830,NORTH PLATTE CO. R-I,NORTH PLATTE CO. R-I,MO,Platte County,5,4,556,5,551,27,0.62,2.57,16.61,27.0,0.0,46.8,46.18,46.18,0.0,8.0,1.45,2.0,0.0,2.45,0.8,2.4,0.0,0.7,17.0,9.0,90.6,True,11.93,10.17,83.81,14.52,3.63,4.36,5,5,0,1.0,True
2024-2025,2923010,OAK GROVE R-VI,OAK GROVE R-VI,MO,Jackson County,4,4,1853,78,1775,159,5.5,9.18,55.78,75.71,0.0,146.17,140.67,140.67,0.0,19.88,4.25,5.0,0.0,8.37,4.0,9.0,1.0,2.0,38.0,212.0,449.67,True,12.62,11.06,79.25,11.2,2.82,5.07,4,4,0,1.0,True
2024-2025,2923220,ORRICK R-XI,ORRICK R-XI,MO,Ray County,2,2,293,14,279,13,0.18,1.2,11.55,14.67,0.0,27.6,27.42,27.42,0.0,9.0,1.0,1.9,0.0,1.3,0.0,1.95,0.0,1.0,0.0,0.0,43.75,True,10.18,7.66,98.28,32.26,6.81,6.99,2,2,0,1.0,True
2024-2025,2923550,PARK HILL,PARK HILL,MO,Platte County,20,18,11937,392,11545,779,19.5,44.51,340.44,484.54,0.0,888.99,869.49,869.49,0.0,200.88,7.67,34.4,5.0,80.24,18.0,51.0,0.0,6.0,108.0,521.46,1921.64,True,13.28,10.79,75.31,17.4,2.98,4.42,20,20,0,1.0,True
2024-2025,2923730,RAYMORE-PECULIAR R-II,RAYMORE-PECULIAR R-II,MO,Cass County,12,11,6332,189,6143,393,17.0,32.11,164.98,233.19,0.0,447.28,430.28,430.28,0.0,76.63,7.37,18.72,3.0,29.12,9.36,24.92,14.0,5.0,18.0,191.08,844.48,True,14.28,12.12,70.04,12.47,3.05,4.06,12,12,0,1.0,True
2024-2025,2925230,PLATTE CO. R-III,PLATTE CO. R-III,MO,Platte County,8,7,4374,63,4311,322,6.0,21.26,121.47,170.59,0.0,319.32,313.32,313.32,0.0,68.0,8.0,13.0,1.0,30.0,7.75,17.0,0.0,2.0,0.0,7.0,473.07,True,13.76,11.31,72.68,15.77,3.02,3.94,8,8,0,1.0,True
2024-2025,2925330,PLEASANT HILL R-III,PLEASANT HILL R-III,MO,Cass County,5,5,2080,46,2034,107,2.0,8.0,69.64,73.71,0.0,153.35,151.35,151.35,0.0,27.3,5.04,5.46,0.0,15.75,3.54,9.61,0.0,2.0,19.0,20.0,261.05,True,13.44,11.39,74.41,13.42,2.68,4.72,5,5,0,1.0,True
2024-2025,2926070,RAYTOWN C-2,RAYTOWN C-2,MO,Jackson County,20,16,7676,273,7403,541,24.37,31.29,237.66,288.0,0.0,581.32,556.95,556.95,0.0,144.5,17.95,26.0,3.0,46.95,9.23,34.0,0.0,7.0,110.0,480.0,1459.95,True,13.29,10.55,75.23,19.52,3.51,4.59,20,20,0,1.0,True
2024-2025,2926480,RICHMOND R-XVI,RICHMOND R-XVI,MO,Ray County,4,4,1543,75,1468,122,6.5,12.0,43.5,56.68,0.0,118.68,112.18,112.18,0.0,27.0,4.66,5.0,0.0,7.86,0.1,5.9,0.0,2.0,0.0,1.0,172.2,True,13.09,10.55,76.42,18.39,3.41,4.02,4,4,0,1.0,True
2024-2025,2928410,SMITHVILLE R-II,SMITHVILLE R-II,MO,Clay County,5,5,2514,19,2495,168,3.15,11.16,82.81,82.23,0.0,179.35,176.2,176.2,0.0,41.0,0.31,7.63,0.0,12.77,4.88,11.9,0.0,5.0,22.0,46.89,331.73,True,14.16,11.49,70.62,16.43,3.06,4.77,5,5,0,1.0,True
2024-2025,2929670,STRASBURG C-3,STRASBURG C-3,MO,Cass County,1,1,111,0,111,8,0.0,1.12,12.68,0.0,0.0,13.8,13.8,13.8,0.0,1.0,0.0,0.9,0.0,1.5,0.0,1.0,0.0,0.8,0.0,0.0,19.0,True,8.04,7.5,124.32,9.01,8.11,9.01,1,1,0,1.0,True
2024-2025,2931710,WEST PLATTE CO. R-II,WEST PLATTE CO. R-II,MO,Platte County,3,3,745,54,691,44,3.0,3.0,24.87,33.55,0.0,64.42,61.42,61.42,0.0,11.4,1.5,2.86,0.0,1.6,1.86,4.72,0.0,1.0,5.25,9.0,103.61,True,11.25,9.49,88.89,16.5,4.14,6.83,3,3,0,1.0,True
2024-2025,2931800,MIDWAY R-I,MIDWAY R-I,MO,Cass County,2,2,428,0,428,25,1.1,2.26,18.07,19.79,0.0,41.22,40.12,40.12,0.0,12.5,0.95,0.75,0.0,2.55,1.9,2.0,0.0,1.0,0.0,0.0,62.87,True,10.67,8.13,93.74,29.21,1.75,4.67,2,2,0,1.0,True
