school_year,district_code,building_code,DISTRICT_NAME,SCHOOL_NAME,BEG_GRADE,END_GRADE,apr_points_possible,apr_points_earned,apr_pct,performance_points_possible,performance_points_earned,performance_points_pct,ci_points_possible,ci_points_earned,ci_points_pct,ela_status_mpi,math_status_mpi,science_status_mpi,soc_stud_status_mpi,ela_status_pts_earned,ela_status_pts_possible,ela_status_pts_pct,math_status_pts_earned,math_status_pts_possible,math_status_pts_pct,science_status_pts_earned,science_status_pts_possible,science_status_pts_pct,ela_growth_pts_earned,ela_growth_pts_possible,ela_growth_pts_pct,ela_growth_designation,math_growth_pts_earned,math_growth_pts_possible,math_growth_pts_pct,math_growth_designation,science_growth_pts_earned,science_growth_pts_possible,science_growth_pts_pct,science_growth_designation,ela_growth_zscore,math_growth_zscore,ela_accountable_n,ela_tested_n,math_accountable_n,math_tested_n,science_accountable_n,science_tested_n,enrollment,january_membership,frpl_pct_demog,race_white_pct,race_black_pct,race_hispanic_pct,race_asian_pct,race_indian_pct,race_multiracial_pct,race_pacific_islander_pct,dese_urm_pct,analyst_urm_pct,race_urm_pct,urm_missing_subgroup_flag,ell_pct,iep_pct,title1_flag,frpl_pct_raw,frpl_clipped_flag,frpl_pct_file,frpl_count_file,cep_status,cep_flag,proportional_attendance_pct,chronic_absence_pct,mobility_pct,nces_school_id,nces_school_type,nces_virtual,direct_cert_count,direct_cert_pct,frpl_pct,school_level,grade_low,grade_high,analyst_composite_status_mpi,status_case_type,apr_growth_pts_pct,growth_case_type,growth_zscore_composite,achievement_measure,composite_growth_pts_pct,growth_measure,sample_a_all,flag_juvenile_correctional,flag_cte_vocational,flag_special_education,flag_alternative_school,flag_virtual_school,flag_regular_school,end_grade_num,beg_grade_num,flag_no_tested_grades,flag_invalid_apr,exclusion_reason,sample_b_conventional,prior_school_year,is_consecutive_year,prior_year_achievement,prior_year_growth,prior_year_apr,sample_c_stable_panel,small_school_flag,suppression_flag_achievement,suppression_flag_growth,grad_rate_4yr,grad_rate_5yr,ccr_grad_pct,adv_cred_pct,grad_pts_pct,grad_cohort_highest,baseline_grad_rate_2022,geographic_typology,is_kc_metro
2022,019142,1050,RAYMORE-PECULIAR R-II,RAYMORE-PECULIAR SR. HIGH,9,12,96.0,73.0,76.0416,,,,,,,392.6,368.6,387.0,390.5,,,,,,,,,,,,,,,,,,,,,,,,,,,,,,2089.0,1998.53,27.1,73.2,10.2,8.4,1.2,,6.7,,18.6,25.3,18.6,1,0.67,8.76,0,27.129440138501803,0.0,27.129440138501803,542.19,NON_CEP,0.0,81.3,18.700000000000003,18.2197,292373001424,1,0.0,175.0,8.369201339072214,27.129440138501803,HIGH,9,12,380.6,COMPLETE_BOTH,,NEITHER,,380.6,,,1,0,0,0,0,0,1,12,9,0,0,INCLUDED,1,,False,,,,1,0,0,1,91.6,92.5,56.9,53.3,100.0,4-Year,91.6,Outer Suburban,True
2023,019142,1050,RAYMORE-PECULIAR R-II,RAYMORE-PECULIAR SR. HIGH,9,12,144.0,97.2,67.5,140.0,94.2,67.2,4.0,3.0,75.0,402.3,366.0,380.9,396.9,12.0,12.0,100.0,6.0,12.0,50.0,3.0,4.0,75.0,5.9,12.0,49.1,Below Average,8.1,12.0,67.5,Average,1.8,4.0,45.0,Below Average,,,558.0,555.0,537.0,516.0,563.0,560.0,2091.0,1983.0,28.1,71.5,10.7,8.7,1.2,,7.6,,19.4,27.0,19.4,1,0.77,8.08,0,28.1,0.0,28.1,558.1,NON_CEP,0.0,80.7,19.299999999999997,14.9767,292373001424,1,0.0,77.0,4.935897435897436,28.1,HIGH,9,12,384.15,COMPLETE_BOTH,58.3,COMPLETE_BOTH,,384.15,58.3,58.3,1,0,0,0,0,0,1,12,9,0,0,INCLUDED,1,2022.0,True,380.6,,76.0416,1,0,0,0,,,50.0,100.0,100.0,7-Year,91.6,Outer Suburban,True
2024,019142,1050,RAYMORE-PECULIAR R-II,RAYMORE-PECULIAR SR. HIGH,9,12,140.0,83.0,59.2,136.0,80.0,58.8,4.0,3.0,75.0,395.2,338.7,319.0,387.9,9.0,12.0,75.0,6.0,12.0,50.0,0.0,4.0,0.0,6.0,12.0,50.0,Approaching,3.0,12.0,25.0,Emerging,0.0,4.0,0.0,Participation,,,521.0,517.0,249.0,238.0,81.0,76.0,1562.0,1460.25,21.0,72.6,9.8,8.0,1.2,,8.1,,17.8,25.9,17.8,1,0.58,7.49,0,21.0,0.0,21.0,306.8,NON_CEP,0.0,81.6,18.400000000000006,19.2638,292373001424,1,0.0,77.0,5.0,21.0,HIGH,9,12,366.95,COMPLETE_BOTH,37.5,COMPLETE_BOTH,,366.95,37.5,37.5,1,0,0,0,0,0,1,12,9,0,0,INCLUDED,1,2023.0,True,384.15,58.3,67.5,1,0,0,0,,,50.0,100.0,100.0,5-Year,91.6,Outer Suburban,True
2025,019142,1050,RAYMORE-PECULIAR R-II,RAYMORE-PECULIAR SR. HIGH,9,12,140.0,80.5,57.5,136.0,77.5,56.9,4.0,3.0,75.0,386.1,366.3,299.3,403.7,9.0,12.0,75.0,0.0,12.0,0.0,0.0,4.0,0.0,3.0,12.0,25.0,Emerging,0.0,12.0,0.0,Participation,1.0,4.0,25.0,Emerging,,,496.0,495.0,239.0,224.0,54.0,54.0,1540.0,1435.84,23.6,69.3,12.2,8.2,1.2,0.6,8.2,0.3,21.0,29.5,21.0,0,0.78,7.34,0,23.6,0.0,23.6,338.9,NON_CEP,0.0,82.9,17.099999999999994,13.447,292373001424,1,0.0,77.0,5.0,23.6,HIGH,9,12,376.20000000000005,COMPLETE_BOTH,12.5,COMPLETE_BOTH,,376.20000000000005,12.5,12.5,1,0,0,0,0,0,1,12,9,0,0,INCLUDED,1,2024.0,True,366.95,37.5,59.2,1,0,0,0,,,50.0,100.0,100.0,4-Year,91.6,Outer Suburban,True
2022,019148,1050,PLEASANT HILL R-III,PLEASANT HILL HIGH,9,12,96.0,79.0,82.2916,,,,,,,412.1,349.4,381.6,402.2,,,,,,,,,,,,,,,,,,,,,,,,,,,,,,702.0,648.47,9.3,89.9,,5.3,,,3.3,,5.3,8.6,5.3,1,,8.97,0,9.314231961386032,0.0,9.314231961386032,60.4,NON_CEP,0.0,80.5,19.5,14.1873,292533001461,1,0.0,43.0,6.03932584269663,9.314231961386032,HIGH,9,12,380.75,COMPLETE_BOTH,,NEITHER,,380.75,,,1,0,0,0,0,0,1,12,9,0,0,INCLUDED,1,,False,,,,1,0,0,1,94.8,99.4,67.4,51.3,100.0,4-Year,94.8,Outer Suburban,True
2023,019148,1050,PLEASANT HILL R-III,PLEASANT HILL HIGH,9,12,136.0,84.5,62.1,132.0,81.5,61.7,4.0,3.0,75.0,398.5,347.9,369.2,400.4,9.0,12.0,75.0,6.0,12.0,50.0,2.0,4.0,50.0,1.6,12.0,13.3,Below Average,6.6,12.0,55.0,Average,1.6,4.0,40.0,Below Average,,,189.0,187.0,214.0,204.0,199.0,196.0,713.0,658.61,14.3,89.3,,4.8,,,4.8,,4.8,9.6,4.8,1,,10.66,0,14.3,0.0,14.3,94.1,NON_CEP,0.0,83.0,17.0,10.3448,292533001461,1,0.0,50.0,6.944444444444445,14.3,HIGH,9,12,373.2,COMPLETE_BOTH,34.15,COMPLETE_BOTH,,373.2,34.15,34.15,1,0,0,0,0,0,1,12,9,0,0,INCLUDED,1,2022.0,True,380.75,,82.2916,1,0,0,0,,,50.0,100.0,100.0,6-Year,94.8,Outer Suburban,True
2024,019148,1050,PLEASANT HILL R-III,PLEASANT HILL HIGH,9,12,144.0,100.0,69.4,140.0,98.0,70.0,4.0,2.0,50.0,405.1,344.6,367.3,401.6,12.0,12.0,100.0,6.0,12.0,50.0,2.0,4.0,50.0,12.0,12.0,100.0,Target,3.0,12.0,25.0,Emerging,1.0,4.0,25.0,Emerging,,,173.0,172.0,176.0,176.0,174.0,174.0,729.0,656.0,14.0,89.3,0.7,5.5,0.7,,3.2,,6.2,9.4,6.2,1,0.82,9.74,0,14.000000000000002,0.0,14.000000000000002,92.0,NON_CEP,0.0,78.2,21.799999999999997,8.8949,292533001461,1,0.0,39.0,5.342465753424658,14.000000000000002,HIGH,9,12,374.85,COMPLETE_BOTH,62.5,COMPLETE_BOTH,,374.85,62.5,62.5,1,0,0,0,0,0,1,12,9,0,0,INCLUDED,1,2023.0,True,373.2,34.15,62.1,1,0,0,0,,,50.0,100.0,100.0,7-Year,94.8,Outer Suburban,True
2025,019148,1050,PLEASANT HILL R-III,PLEASANT HILL HIGH,9,12,144.0,85.0,59.0,140.0,83.0,59.2,4.0,2.0,50.0,384.7,355.9,357.9,384.0,9.0,12.0,75.0,6.0,12.0,50.0,2.0,4.0,50.0,3.0,12.0,25.0,Emerging,3.0,12.0,25.0,Emerging,1.0,4.0,25.0,Emerging,,,202.0,202.0,232.0,222.0,195.0,195.0,743.0,682.52,14.2,89.2,1.2,5.7,,,2.8,,6.9,9.7,6.9,1,1.08,9.56,0,14.2,0.0,14.2,97.1,NON_CEP,0.0,76.7,23.299999999999997,9.4488,292533001461,1,0.0,39.0,5.342465753424658,14.2,HIGH,9,12,370.29999999999995,COMPLETE_BOTH,25.0,COMPLETE_BOTH,,370.29999999999995,25.0,25.0,1,0,0,0,0,0,1,12,9,0,0,INCLUDED,1,2024.0,True,374.85,62.5,69.4,1,0,0,0,,,75.0,100.0,100.0,4-Year,94.8,Outer Suburban,True
2022,019149,1050,HARRISONVILLE R-IX,HARRISONVILLE HIGH,9,12,96.0,70.0,72.9166,,,,,,,397.5,336.5,377.9,378.8,,,,,,,,,,,,,,,,,,,,,,,,,,,,,,757.0,719.72,26.9,89.7,1.2,3.8,,,4.1,,5.0,9.1,5.0,1,,10.44,0,27.475962874451177,0.0,27.475962874451177,197.75,NON_CEP,0.0,74.4,25.599999999999994,12.9442,291376000605,1,0.0,79.0,10.589812332439678,27.475962874451177,HIGH,9,12,367.0,COMPLETE_BOTH,,NEITHER,,367.0,,,1,0,0,0,0,0,1,12,9,0,0,INCLUDED,1,,False,,,,1,0,0,1,88.0,92.1,57.3,57.6,100.0,4-Year,88.0,Outer Suburban,True
2023,019149,1050,HARRISONVILLE R-IX,HARRISONVILLE HIGH,9,12,144.0,111.5,77.4,140.0,111.5,79.6,4.0,0.0,0.0,417.1,351.9,410.9,373.5,12.0,12.0,100.0,6.0,12.0,50.0,4.0,4.0,100.0,9.4,12.0,78.3,Above Average,7.2,12.0,60.0,Average,3.7,4.0,92.5,Above Average,,,195.0,192.0,226.0,217.0,185.0,181.0,746.0,676.51,28.3,87.8,1.1,5.2,,0.7,4.6,,7.000000000000001,11.600000000000001,7.000000000000001,0,,10.86,0,28.300000000000004,0.0,28.300000000000004,191.4,NON_CEP,0.0,70.6,29.400000000000006,12.9243,291376000605,1,0.0,78.0,10.222804718217562,28.300000000000004,HIGH,9,12,384.5,COMPLETE_BOTH,69.15,COMPLETE_BOTH,,384.5,69.15,69.15,1,0,0,0,0,0,1,12,9,0,0,INCLUDED,1,2022.0,True,367.0,,72.9166,1,0,0,0,,,50.0,100.0,100.0,6-Year,88.0,Outer Suburban,True
2024,019149,1050,HARRISONVILLE R-IX,HARRISONVILLE HIGH,9,12,144.0,107.0,74.3,140.0,107.0,76.4,4.0,0.0,0.0,400.5,352.2,394.5,379.2,12.0,12.0,100.0,6.0,12.0,50.0,3.0,4.0,75.0,12.0,12.0,100.0,Target,6.0,12.0,50.0,Approaching,4.0,4.0,100.0,Target,,,173.0,170.0,153.0,151.0,184.0,182.0,766.0,688.15,28.3,85.0,1.2,6.9,0.9,,5.5,,8.1,13.6,8.1,1,0.65,10.7,0,28.300000000000004,0.0,28.300000000000004,194.9,NON_CEP,0.0,70.2,29.799999999999997,11.5776,291376000605,1,0.0,81.0,11.035422343324251,28.300000000000004,HIGH,9,12,376.35,COMPLETE_BOTH,75.0,COMPLETE_BOTH,,376.35,75.0,75.0,1,0,0,0,0,0,1,12,9,0,0,INCLUDED,1,2023.0,True,384.5,69.15,77.4,1,0,0,0,,,50.0,100.0,100.0,7-Year,88.0,Outer Suburban,True
2025,019149,1050,HARRISONVILLE R-IX,HARRISONVILLE HIGH,9,12,144.0,98.5,68.4,140.0,98.5,70.3,4.0,0.0,0.0,393.1,346.8,386.0,365.0,9.0,12.0,75.0,6.0,12.0,50.0,3.0,4.0,75.0,12.0,12.0,100.0,Target,6.0,12.0,50.0,Approaching,4.0,4.0,100.0,Target,,,194.0,191.0,223.0,220.0,193.0,191.0,737.0,670.05,28.3,86.2,0.7,7.1,0.8,,5.2,,7.8,13.0,7.8,1,,9.91,0,28.300000000000004,0.0,28.300000000000004,189.8,NON_CEP,0.0,65.8,34.2,14.4547,291376000605,1,0.0,81.0,11.035422343324251,28.300000000000004,HIGH,9,12,369.95000000000005,COMPLETE_BOTH,75.0,COMPLETE_BOTH,,369.95000000000005,75.0,75.0,1,0,0,0,0,0,1,12,9,0,0,INCLUDED,1,2024.0,True,376.35,75.0,74.3,1,0,0,0,,,50.0,75.0,75.0,6-Year,88.0,Outer Suburban,True
2022,019152,1050,BELTON 124,BELTON HIGH,9,12,96.0,64.0,66.6666,,,,,,,393.1,355.7,352.5,372.2,,,,,,,,,,,,,,,,,,,,,,,,,,,,,,1419.0,1354.89,28.6,64.6,9.4,17.5,0.6,0.4,7.0,0.5,27.299999999999997,34.8,27.299999999999997,0,4.93,16.14,0,28.721888861826418,0.0,28.721888861826418,389.15,NON_CEP,0.0,69.4,30.599999999999994,17.6391,290462000055,1,0.0,209.0,15.211062590975255,28.721888861826418,HIGH,9,12,374.4,COMPLETE_BOTH,,NEITHER,,374.4,,,1,0,0,0,0,0,1,12,9,0,0,INCLUDED,1,,False,,,,1,0,0,1,87.4,90.9,60.0,35.0,100.0,4-Year,87.4,Outer Suburban,True
2023,019152,1050,BELTON 124,BELTON HIGH,9,12,144.0,111.0,77.0,140.0,109.0,77.8,4.0,2.0,50.0,394.0,391.8,370.0,374.6,9.0,12.0,75.0,9.0,12.0,75.0,2.0,4.0,50.0,8.0,12.0,66.6,Average,11.6,12.0,96.6,Above Average,2.6,4.0,65.0,Average,,,333.0,327.0,340.0,330.0,367.0,361.0,1380.0,1333.63,43.2,60.9,9.6,19.3,0.5,0.4,8.8,0.5,29.299999999999997,38.599999999999994,29.299999999999997,0,5.0,15.0,0,43.2,0.0,43.2,575.5,NON_CEP,0.0,75.5,24.5,14.7759,290462000055,1,0.0,169.0,13.286163522012579,43.2,HIGH,9,12,392.9,COMPLETE_BOTH,81.6,COMPLETE_BOTH,,392.9,81.6,81.6,1,0,0,0,0,0,1,12,9,0,0,INCLUDED,1,2022.0,True,374.4,,66.6666,1,0,0,0,,,50.0,100.0,100.0,7-Year,87.4,Outer Suburban,True
2024,019152,1050,BELTON 124,BELTON HIGH,9,12,144.0,106.0,73.6,140.0,106.0,75.7,4.0,0.0,0.0,389.9,387.5,363.5,384.8,9.0,12.0,75.0,9.0,12.0,75.0,2.0,4.0,50.0,6.0,12.0,50.0,Approaching,12.0,12.0,100.0,Target,2.0,4.0,50.0,Approaching,,,328.0,327.0,343.0,342.0,340.0,339.0,1360.0,1260.0,50.1,59.3,11.2,18.3,0.7,0.7,8.9,1.0,30.2,40.1,30.2,0,3.09,15.37,0,50.1,0.0,50.1,631.0,NON_CEP,0.0,71.6,28.400000000000006,14.2452,290462000055,1,0.0,180.0,14.308426073131955,50.1,HIGH,9,12,388.7,COMPLETE_BOTH,75.0,COMPLETE_BOTH,,388.7,75.0,75.0,1,0,0,0,0,0,1,12,9,0,0,INCLUDED,1,2023.0,True,392.9,81.6,77.0,1,0,0,0,,,50.0,100.0,75.0,7-Year,87.4,Outer Suburban,True
2025,019152,1050,BELTON 124,BELTON HIGH,9,12,144.0,78.0,54.1,140.0,78.0,55.7,4.0,0.0,0.0,392.0,404.9,365.7,383.5,9.0,12.0,75.0,0.0,12.0,0.0,2.0,4.0,50.0,6.0,12.0,50.0,Approaching,0.0,12.0,0.0,Participation,1.0,4.0,25.0,Emerging,,,304.0,295.0,283.0,259.0,294.0,286.0,1355.0,1225.16,53.5,58.3,11.3,19.2,0.7,0.7,9.2,0.6,31.2,41.0,31.2,0,3.84,15.87,0,53.5,0.0,53.5,655.0,NON_CEP,0.0,69.7,30.299999999999997,14.417,290462000055,1,0.0,180.0,14.308426073131955,53.5,HIGH,9,12,398.45,COMPLETE_BOTH,25.0,COMPLETE_BOTH,,398.45,25.0,25.0,1,0,0,0,0,0,1,12,9,0,0,INCLUDED,1,2024.0,True,388.7,75.0,73.6,1,0,0,0,,,50.0,100.0,100.0,5-Year,87.4,Outer Suburban,True
2022,024086,1050,KEARNEY R-I,KEARNEY HIGH,10,12,90.0,82.5,91.6666,,,,,,,421.8,457.8,414.7,403.3,,,,,,,,,,,,,,,,,,,,,,,,,,,,,,834.0,785.76,8.7,92.9,0.8,3.2,,,2.5,,4.0,6.5,4.0,1,,7.91,0,8.671859091834659,0.0,8.671859091834659,68.14,NON_CEP,0.0,77.9,22.099999999999994,9.316,291645000894,1,0.0,25.0,3.033980582524272,8.671859091834659,HIGH,10,12,439.8,COMPLETE_BOTH,,NEITHER,,439.8,,,1,0,0,0,0,0,1,12,10,0,0,INCLUDED,1,,False,,,,1,0,0,1,96.7,97.2,65.8,61.7,100.0,4-Year,96.7,Outer Suburban,True
2023,024086,1050,KEARNEY R-I,KEARNEY HIGH,10,12,114.0,96.7,84.8,110.0,94.7,86.0,4.0,2.0,50.0,429.1,425.3,412.5,407.3,12.0,12.0,100.0,12.0,12.0,100.0,4.0,4.0,100.0,7.9,12.0,65.8,Average,,,,nan,2.3,4.0,57.5,Average,,,270.0,269.0,99.0,97.0,267.0,266.0,824.0,751.57,12.3,91.7,0.6,3.6,,,3.4,,4.2,7.6,4.2,1,,9.1,0,12.3,0.0,12.3,92.6,NON_CEP,0.0,78.5,21.5,8.3433,291645000894,1,0.0,24.0,2.9850746268656714,12.3,HIGH,10,12,427.20000000000005,COMPLETE_BOTH,,ELA_ONLY,,427.20000000000005,,,1,0,0,0,0,0,1,12,10,0,0,INCLUDED,1,2022.0,True,439.8,,91.6666,1,0,0,1,,,75.0,100.0,100.0,7-Year,96.7,Outer Suburban,True
2024,024086,1050,KEARNEY R-I,KEARNEY HIGH,10,12,120.0,103.0,85.8,116.0,101.0,87.0,4.0,2.0,50.0,420.2,423.1,404.2,408.0,12.0,12.0,100.0,12.0,12.0,100.0,4.0,4.0,100.0,9.0,12.0,75.0,On-Track,,,,nan,2.0,4.0,50.0,Approaching,,,279.0,279.0,90.0,88.0,280.0,278.0,805.0,720.78,10.6,91.8,0.6,3.6,0.6,,3.1,,4.2,7.300000000000001,4.2,1,,9.07,0,10.6,0.0,10.6,76.1,NON_CEP,0.0,79.4,20.599999999999994,7.7206,291645000894,1,0.0,23.0,2.8255528255528257,10.6,HIGH,10,12,421.65,COMPLETE_BOTH,,ELA_ONLY,,421.65,,,1,0,0,0,0,0,1,12,10,0,0,INCLUDED,1,2023.0,True,427.20000000000005,,84.8,1,0,0,1,,,75.0,100.0,100.0,5-Year,96.7,Outer Suburban,True
2025,024086,1050,KEARNEY R-I,KEARNEY HIGH,10,12,120.0,90.5,75.4,116.0,88.5,76.2,4.0,2.0,50.0,416.1,446.3,417.6,407.4,12.0,12.0,100.0,0.0,12.0,0.0,4.0,4.0,100.0,6.0,12.0,50.0,Approaching,0.0,,,Participation,2.0,4.0,50.0,Approaching,,,275.0,273.0,77.0,73.0,273.0,271.0,814.0,758.0,10.4,90.9,,5.0,,,2.9,,5.0,7.9,5.0,1,,9.58,0,10.4,0.0,10.4,78.7,NON_CEP,0.0,76.5,23.5,6.3183,291645000894,1,0.0,23.0,2.8255528255528257,10.4,HIGH,10,12,431.20000000000005,COMPLETE_BOTH,,ELA_ONLY,,431.20000000000005,,,1,0,0,0,0,0,1,12,10,0,0,INCLUDED,1,2024.0,True,421.65,,85.8,1,0,0,1,,,100.0,100.0,100.0,6-Year,96.7,Outer Suburban,True
2022,024087,1050,SMITHVILLE R-II,Smithville High,9,12,96.0,86.0,89.5833,,,,,,,409.1,403.0,379.8,400.1,,,,,,,,,,,,,,,,,,,,,,,,,,,,,,908.0,880.43,10.5,89.2,1.2,5.0,1.1,,2.8,,6.2,9.0,6.2,1,,7.82,0,10.683416058062537,0.0,10.683416058062537,94.06,NON_CEP,0.0,81.1,18.900000000000006,8.547,292841001754,1,0.0,35.0,3.863134657836645,10.683416058062537,HIGH,9,12,406.05,COMPLETE_BOTH,,NEITHER,,406.05,,,1,0,0,0,0,0,1,12,9,0,0,INCLUDED,1,,False,,,,1,0,0,1,97.3,97.5,66.7,81.7,100.0,4-Year,97.3,Outer Suburban,True
2023,024087,1050,SMITHVILLE R-II,Smithville High,9,12,130.0,105.6,81.2,126.0,102.6,81.4,4.0,3.0,75.0,412.8,415.7,390.7,399.9,12.0,12.0,100.0,12.0,12.0,100.0,3.0,4.0,75.0,7.9,12.0,65.8,Average,9.2,12.0,76.6,Above Average,1.8,4.0,45.0,Below Average,,,236.0,231.0,209.0,201.0,249.0,245.0,906.0,845.19,8.7,87.1,1.7,6.2,1.0,,3.3,,7.9,11.2,7.9,1,,7.73,0,8.7,0.0,8.7,73.8,NON_CEP,0.0,81.9,18.099999999999994,9.2291,292841001754,1,0.0,23.0,2.6018099547511313,8.7,HIGH,9,12,414.25,COMPLETE_BOTH,71.19999999999999,COMPLETE_BOTH,,414.25,71.19999999999999,71.19999999999999,1,0,0,0,0,0,1,12,9,0,0,INCLUDED,1,2022.0,True,406.05,,89.5833,1,0,0,0,,,50.0,100.0,100.0,7-Year,97.3,Outer Suburban,True
2024,024087,1050,SMITHVILLE R-II,Smithville High,9,12,144.0,97.0,67.3,140.0,94.0,67.1,4.0,3.0,75.0,410.0,390.3,399.1,396.5,12.0,12.0,100.0,9.0,12.0,75.0,3.0,4.0,75.0,3.0,12.0,25.0,Emerging,3.0,12.0,25.0,Emerging,2.0,4.0,50.0,Approaching,,,212.0,211.0,229.0,227.0,199.0,197.0,884.0,818.04,9.7,88.2,1.2,6.7,0.7,,2.8,,7.9,10.7,7.9,1,,7.24,0,9.6,0.0,9.6,78.2,NON_CEP,0.0,82.3,17.700000000000003,7.947,292841001754,1,0.0,29.0,3.4319526627218933,9.6,HIGH,9,12,400.15,COMPLETE_BOTH,25.0,COMPLETE_BOTH,,400.15,25.0,25.0,1,0,0,0,0,0,1,12,9,0,0,INCLUDED,1,2023.0,True,414.25,71.19999999999999,81.2,1,0,0,0,,,50.0,100.0,100.0,4-Year,97.3,Outer Suburban,True
2025,024087,1050,SMITHVILLE R-II,Smithville High,9,12,140.0,111.0,79.2,136.0,108.0,79.4,4.0,3.0,75.0,401.6,425.7,395.6,411.0,12.0,12.0,100.0,12.0,12.0,100.0,3.0,4.0,75.0,3.0,12.0,25.0,Emerging,12.0,12.0,100.0,Target,1.0,4.0,25.0,Emerging,,,212.0,212.0,211.0,209.0,212.0,212.0,847.0,778.91,9.6,90.0,1.3,5.8,,,2.4,,7.1,9.5,7.1,1,,6.85,0,9.6,0.0,9.6,74.5,NON_CEP,0.0,80.5,19.5,7.7726,292841001754,1,0.0,29.0,3.4319526627218933,9.6,HIGH,9,12,413.65,COMPLETE_BOTH,62.5,COMPLETE_BOTH,,413.65,62.5,62.5,1,0,0,0,0,0,1,12,9,0,0,INCLUDED,1,2024.0,True,400.15,25.0,67.3,1,0,0,0,,,50.0,100.0,100.0,5-Year,97.3,Outer Suburban,True
2022,024089,1075,EXCELSIOR SPRINGS 40,EXCELSIOR SPRINGS HIGH,9,12,96.0,72.0,75.0,,,,,,,401.1,359.0,371.5,391.7,,,,,,,,,,,,,,,,,,,,,,,,,,,,,,801.0,744.26,29.3,86.0,1.6,6.0,,,4.7,,7.6,12.3,7.6,1,,11.74,0,30.223309058662302,0.0,30.223309058662302,224.94000000000003,NON_CEP,0.0,79.5,20.5,17.8049,291165000420,1,0.0,103.0,13.087674714104194,30.223309058662302,HIGH,9,12,380.05,COMPLETE_BOTH,,NEITHER,,380.05,,,1,0,0,0,0,0,1,12,9,0,0,INCLUDED,1,,False,,,,1,0,0,1,97.0,95.7,58.7,44.1,100.0,4-Year,97.0,Outer Suburban,True
2023,024089,1075,EXCELSIOR SPRINGS 40,EXCELSIOR SPRINGS HIGH,9,12,138.0,100.0,72.4,134.0,98.0,73.1,4.0,2.0,50.0,407.7,353.0,367.4,400.5,12.0,12.0,100.0,6.0,12.0,50.0,2.0,4.0,50.0,11.5,12.0,95.8,Above Average,7.6,12.0,63.3,Average,3.5,4.0,87.5,Above Average,,,191.0,190.0,216.0,215.0,191.0,187.0,797.0,725.47,34.4,84.8,1.5,7.3,0.8,,5.5,,8.8,14.3,8.8,1,,11.54,0,34.4,0.0,34.4,249.9,NON_CEP,0.0,77.0,23.0,14.3207,291165000420,1,0.0,80.0,10.75268817204301,34.4,HIGH,9,12,380.35,COMPLETE_BOTH,79.55,COMPLETE_BOTH,,380.35,79.55,79.55,1,0,0,0,0,0,1,12,9,0,0,INCLUDED,1,2022.0,True,380.05,,75.0,1,0,0,0,,,50.0,75.0,100.0,5-Year,97.0,Outer Suburban,True
2024,024089,1075,EXCELSIOR SPRINGS 40,EXCELSIOR SPRINGS HIGH,9,12,144.0,106.0,73.6,140.0,104.0,74.2,4.0,2.0,50.0,401.5,344.6,357.8,394.8,12.0,12.0,100.0,6.0,12.0,50.0,2.0,4.0,50.0,12.0,12.0,100.0,Target,3.0,12.0,25.0,Emerging,2.0,4.0,50.0,Approaching,,,184.0,183.0,121.0,119.0,183.0,182.0,754.0,685.04,31.2,86.2,1.6,6.1,0.8,,5.0,,7.699999999999999,12.7,7.699999999999999,1,,13.0,0,31.2,0.0,31.2,213.7,NON_CEP,0.0,75.5,24.5,14.3596,291165000420,1,0.0,96.0,12.56544502617801,31.2,HIGH,9,12,373.05,COMPLETE_BOTH,62.5,COMPLETE_BOTH,,373.05,62.5,62.5,1,0,0,0,0,0,1,12,9,0,0,INCLUDED,1,2023.0,True,380.35,79.55,72.4,1,0,0,0,,,50.0,100.0,100.0,6-Year,97.0,Outer Suburban,True
2025,024089,1075,EXCELSIOR SPRINGS 40,EXCELSIOR SPRINGS HIGH,9,12,144.0,98.0,68.0,140.0,96.0,68.5,4.0,2.0,50.0,395.4,364.8,363.4,383.0,9.0,12.0,75.0,6.0,12.0,50.0,2.0,4.0,50.0,9.0,12.0,75.0,On-Track,3.0,12.0,25.0,Emerging,1.0,4.0,25.0,Emerging,,,165.0,161.0,138.0,135.0,162.0,157.0,767.0,723.06,33.6,85.1,1.6,7.0,,,5.0,,8.6,13.6,8.6,1,,14.34,0,33.6,0.0,33.6,242.8,NON_CEP,0.0,72.8,27.200000000000003,17.2285,291165000420,1,0.0,96.0,12.56544502617801,33.6,HIGH,9,12,380.1,COMPLETE_BOTH,50.0,COMPLETE_BOTH,,380.1,50.0,50.0,1,0,0,0,0,0,1,12,9,0,0,INCLUDED,1,2024.0,True,373.05,62.5,73.6,1,0,0,0,,,50.0,100.0,100.0,5-Year,97.0,Outer Suburban,True
2023,024089,1080,EXCELSIOR SPRINGS 40,EXCELSIOR SPRINGS TECH. HIGH,10,12,0.0,0.0,,0.0,0.0,,0.0,0.0,,,,,,,,,,,,,,,0.0,,,Participation,0.0,,,Participation,0.0,,,Participation,,,10.0,,10.0,,10.0,,58.0,112.0,99.1,48.3,39.7,8.6,,,,,48.300000000000004,48.300000000000004,48.300000000000004,1,,,0,99.1,0.0,99.1,111.0,NON_CEP,0.0,,,85.2071,291165000071,3,0.0,28.0,26.923076923076923,99.1,HIGH,10,12,,NEITHER,,NEITHER,,,,,1,0,1,0,0,0,0,12,10,0,1,CAREER_TECHNICAL_CENTER,0,,False,,,,0,1,1,1,,,,,,nan,,Outer Suburban,True
2023,024090,1020,LIBERTY 53,LIBERTY ACADEMY,9,12,66.0,25.6,38.7,66.0,25.6,38.7,0.0,0.0,,320.5,298.5,323.1,351.5,6.0,12.0,50.0,0.0,12.0,0.0,2.0,4.0,50.0,6.3,12.0,52.5,Average,6.3,12.0,52.5,Average,2.4,4.0,60.0,Average,,,32.0,32.0,23.0,23.0,16.0,16.0,,,,,,,,,,,0.0,0.0,0.0,1,,,0,,,,,UNKNOWN,,,,,291854001665,4,0.0,,,,HIGH,9,12,309.5,COMPLETE_BOTH,52.5,COMPLETE_BOTH,,309.5,52.5,52.5,1,0,0,0,1,0,0,12,9,0,0,ALTERNATIVE_SCHOOL,0,,False,,,,0,0,0,0,,,,,,nan,,Outer Suburban,True
2022,024090,1050,LIBERTY 53,LIBERTY HIGH,9,12,96.0,81.0,84.375,,,,,,,413.8,384.7,389.2,410.7,,,,,,,,,,,,,,,,,,,,,,,,,,,,,,2006.0,1964.14,13.2,78.1,5.1,8.1,3.6,0.2,4.6,0.2,13.399999999999999,18.2,13.399999999999999,0,0.85,10.77,0,13.215453073609822,0.0,13.215453073609822,259.57,NON_CEP,0.0,80.1,19.900000000000006,10.1358,291854001011,1,0.0,118.0,5.908863294942414,13.215453073609822,HIGH,9,12,399.25,COMPLETE_BOTH,,NEITHER,,399.25,,,1,0,0,0,0,0,1,12,9,0,0,INCLUDED,1,,False,,,,1,0,0,1,95.8,97.8,61.2,69.0,100.0,4-Year,95.8,Outer Suburban,True
2023,024090,1050,LIBERTY 53,LIBERTY HIGH,9,12,142.0,118.2,83.2,138.0,116.2,84.2,4.0,2.0,50.0,425.6,385.0,396.8,416.5,12.0,12.0,100.0,9.0,12.0,75.0,3.0,4.0,75.0,9.3,12.0,77.5,Above Average,9.5,12.0,79.1,Above Average,2.5,4.0,62.5,Average,,,491.0,489.0,529.0,513.0,498.0,497.0,2005.0,1954.0,18.1,76.3,5.5,8.9,3.5,,5.4,,14.4,19.8,14.4,1,0.75,10.22,0,18.1,0.0,18.1,353.0,NON_CEP,0.0,80.1,19.900000000000006,10.93,291854001011,1,0.0,109.0,5.712788259958071,18.1,HIGH,9,12,405.3,COMPLETE_BOTH,78.3,COMPLETE_BOTH,,405.3,78.3,78.3,1,0,0,0,0,0,1,12,9,0,0,INCLUDED,1,2022.0,True,399.25,,84.375,1,0,0,0,,,75.0,100.0,100.0,6-Year,95.8,Outer Suburban,True
2024,024090,1050,LIBERTY 53,LIBERTY HIGH,9,12,144.0,120.5,83.6,140.0,117.5,83.9,4.0,3.0,75.0,407.8,368.5,396.4,409.3,12.0,12.0,100.0,6.0,12.0,50.0,3.0,4.0,75.0,12.0,12.0,100.0,Target,6.0,12.0,50.0,Approaching,3.0,4.0,75.0,On-Track,,,480.0,477.0,454.0,449.0,435.0,433.0,1911.0,1873.71,18.8,75.0,5.8,9.2,3.5,,6.0,,15.0,21.0,15.0,1,0.94,10.78,0,18.8,0.0,18.8,352.0,NON_CEP,0.0,83.6,16.400000000000006,10.8162,291854001011,1,0.0,108.0,5.863192182410423,18.8,HIGH,9,12,388.15,COMPLETE_BOTH,75.0,COMPLETE_BOTH,,388.15,75.0,75.0,1,0,0,0,0,0,1,12,9,0,0,INCLUDED,1,2023.0,True,405.3,78.3,83.2,1,0,0,0,,,75.0,100.0,100.0,7-Year,95.8,Outer Suburban,True
2025,024090,1050,LIBERTY 53,LIBERTY HIGH,9,12,144.0,118.0,81.9,140.0,115.0,82.1,4.0,3.0,75.0,412.1,384.2,394.5,407.3,12.0,12.0,100.0,9.0,12.0,75.0,3.0,4.0,75.0,12.0,12.0,100.0,Target,6.0,12.0,50.0,Approaching,1.0,4.0,25.0,Emerging,,,423.0,422.0,466.0,459.0,463.0,462.0,1852.0,1803.53,20.4,74.4,5.6,9.8,2.9,,6.6,,15.4,22.0,15.4,1,1.3,11.12,0,20.4,0.0,20.4,367.7,NON_CEP,0.0,82.3,17.700000000000003,10.8192,291854001011,1,0.0,108.0,5.863192182410423,20.4,HIGH,9,12,398.15,COMPLETE_BOTH,75.0,COMPLETE_BOTH,,398.15,75.0,75.0,1,0,0,0,0,0,1,12,9,0,0,INCLUDED,1,2024.0,True,388.15,75.0,83.6,1,0,0,0,,,75.0,100.0,100.0,7-Year,95.8,Outer Suburban,True
2022,024090,1070,LIBERTY 53,LIBERTY NORTH HIGH SCHOOL,9,12,96.0,77.0,80.2083,,,,,,,410.4,359.8,378.0,409.4,,,,,,,,,,,,,,,,,,,,,,,,,,,,,,2230.0,2179.88,11.2,80.4,5.7,7.1,2.6,,3.6,,12.8,16.400000000000002,12.8,1,0.72,9.24,0,11.23915077894196,0.0,11.23915077894196,245.0,NON_CEP,0.0,80.6,19.400000000000006,8.9356,291854003148,1,0.0,94.0,4.041272570937231,11.23915077894196,HIGH,9,12,385.1,COMPLETE_BOTH,,NEITHER,,385.1,,,1,0,0,0,0,0,1,12,9,0,0,INCLUDED,1,,False,,,,1,0,0,1,96.9,97.4,60.4,74.0999999999999,100.0,4-Year,96.9,Outer Suburban,True
2023,024090,1070,LIBERTY 53,LIBERTY NORTH HIGH SCHOOL,9,12,142.0,93.1,65.5,138.0,90.1,65.2,4.0,3.0,75.0,403.3,352.4,379.1,397.3,12.0,12.0,100.0,6.0,12.0,50.0,3.0,4.0,75.0,6.7,12.0,55.8,Average,2.1,12.0,17.5,Below Average,0.9,4.0,22.5,Below Average,,,550.0,544.0,679.0,647.0,610.0,609.0,2338.0,2294.0,15.2,79.1,6.1,7.5,2.7,,4.1,,13.6,17.7,13.6,1,0.6,8.77,0,15.2,0.0,15.2,348.0,NON_CEP,0.0,83.5,16.5,8.9878,291854003148,1,0.0,110.0,4.721030042918455,15.2,HIGH,9,12,377.85,COMPLETE_BOTH,36.65,COMPLETE_BOTH,,377.85,36.65,36.65,1,0,0,0,0,0,1,12,9,0,0,INCLUDED,1,2022.0,True,385.1,,80.2083,1,0,0,0,,,75.0,100.0,100.0,6-Year,96.9,Outer Suburban,True
2024,024090,1070,LIBERTY 53,LIBERTY NORTH HIGH SCHOOL,9,12,144.0,117.0,81.2,140.0,114.0,81.4,4.0,3.0,75.0,412.7,377.2,380.3,398.2,12.0,12.0,100.0,9.0,12.0,75.0,3.0,4.0,75.0,9.0,12.0,75.0,On-Track,6.0,12.0,50.0,Approaching,2.0,4.0,50.0,Approaching,,,599.0,597.0,550.0,548.0,599.0,598.0,2330.0,2283.28,16.8,77.4,6.3,7.7,2.6,,5.5,,14.0,19.5,14.0,1,0.64,9.27,0,16.5,0.0,16.5,372.0,NON_CEP,0.0,82.6,17.400000000000006,8.1444,291854003148,1,0.0,134.0,5.92396109637489,16.5,HIGH,9,12,394.95,COMPLETE_BOTH,62.5,COMPLETE_BOTH,,394.95,62.5,62.5,1,0,0,0,0,0,1,12,9,0,0,INCLUDED,1,2023.0,True,377.85,36.65,65.5,1,0,0,0,,,75.0,100.0,100.0,7-Year,96.9,Outer Suburban,True
2025,024090,1070,LIBERTY 53,LIBERTY NORTH HIGH SCHOOL,9,12,144.0,112.0,77.7,140.0,109.0,77.8,4.0,3.0,75.0,403.4,367.3,378.7,413.7,12.0,12.0,100.0,6.0,12.0,50.0,3.0,4.0,75.0,9.0,12.0,75.0,On-Track,6.0,12.0,50.0,Approaching,1.0,4.0,25.0,Emerging,,,594.0,594.0,575.0,567.0,562.0,562.0,2267.0,2237.96,19.3,76.0,6.8,7.7,2.6,,6.5,,14.5,21.0,14.5,1,0.66,9.66,0,19.3,0.0,19.3,432.0,NON_CEP,0.0,83.0,17.0,8.6073,291854003148,1,0.0,134.0,5.92396109637489,19.3,HIGH,9,12,385.35,COMPLETE_BOTH,62.5,COMPLETE_BOTH,,385.35,62.5,62.5,1,0,0,0,0,0,1,12,9,0,0,INCLUDED,1,2024.0,True,394.95,62.5,81.2,1,0,0,0,,,50.0,100.0,100.0,7-Year,96.9,Outer Suburban,True
2022,024093,1050,NORTH KANSAS CITY 74,NORTH KANSAS CITY HIGH,9,12,96.0,71.0,73.9583,,,,,,,381.1,331.4,343.7,367.1,,,,,,,,,,,,,,,,,,,,,,,,,,,,,,1645.0,1538.07,39.7,36.4,23.6,20.2,6.6,0.4,11.0,1.8,44.199999999999996,56.99999999999999,44.199999999999996,0,9.73,9.67,0,39.712106731163075,0.0,39.712106731163075,610.8,NON_CEP,0.0,86.3,13.700000000000003,22.52,292280001284,1,0.0,331.0,20.182926829268293,39.712106731163075,HIGH,9,12,356.25,COMPLETE_BOTH,,NEITHER,,356.25,,,1,0,0,0,0,0,1,12,9,0,0,INCLUDED,1,,False,,,,1,0,0,1,98.1,94.6,61.7,55.4,100.0,4-Year,98.1,Outer Suburban,True
2023,024093,1050,NORTH KANSAS CITY 74,NORTH KANSAS CITY HIGH,9,12,144.0,103.2,71.6,140.0,101.2,72.2,4.0,2.0,50.0,386.5,350.6,366.6,360.6,9.0,12.0,75.0,6.0,12.0,50.0,2.0,4.0,50.0,7.7,12.0,64.1,Average,8.3,12.0,69.1,Average,2.2,4.0,55.0,Average,,,443.0,438.0,520.0,510.0,473.0,465.0,1666.0,1580.42,54.3,35.3,22.7,20.2,7.7,0.5,11.8,1.9,43.4,57.1,43.4,0,11.46,9.6,0,54.29999999999999,0.0,54.29999999999999,858.1,NON_CEP,0.0,75.2,24.799999999999997,22.2857,292280001284,1,0.0,337.0,19.940828402366865,54.29999999999999,HIGH,9,12,368.55,COMPLETE_BOTH,66.6,COMPLETE_BOTH,,368.55,66.6,66.6,1,0,0,0,0,0,1,12,9,0,0,INCLUDED,1,2022.0,True,356.25,,73.9583,1,0,0,0,,,50.0,100.0,100.0,5-Year,98.1,Outer Suburban,True
2024,024093,1050,NORTH KANSAS CITY 74,NORTH KANSAS CITY HIGH,9,12,144.0,101.0,70.1,140.0,99.0,70.7,4.0,2.0,50.0,385.7,342.1,364.0,368.9,9.0,12.0,75.0,6.0,12.0,50.0,2.0,4.0,50.0,9.0,12.0,75.0,On-Track,6.0,12.0,50.0,Approaching,2.0,4.0,50.0,Approaching,,,465.0,464.0,510.0,504.0,499.0,497.0,1695.0,1635.98,56.7,33.5,24.8,19.6,7.4,0.5,12.3,1.8,44.900000000000006,59.0,44.900000000000006,0,11.03,9.91,0,56.7,0.0,56.7,926.8,NON_CEP,0.0,79.0,21.0,21.207,292280001284,1,0.0,328.0,19.080860965677722,56.7,HIGH,9,12,363.9,COMPLETE_BOTH,62.5,COMPLETE_BOTH,,363.9,62.5,62.5,1,0,0,0,0,0,1,12,9,0,0,INCLUDED,1,2023.0,True,368.55,66.6,71.6,1,0,0,0,,,50.0,100.0,100.0,4-Year,98.1,Outer Suburban,True
2025,024093,1050,NORTH KANSAS CITY 74,NORTH KANSAS CITY HIGH,9,12,144.0,119.5,82.9,140.0,117.5,83.9,4.0,2.0,50.0,390.6,368.7,367.5,390.6,9.0,12.0,75.0,6.0,12.0,50.0,2.0,4.0,50.0,12.0,12.0,100.0,Target,9.0,12.0,75.0,On-Track,3.0,4.0,75.0,On-Track,,,442.0,438.0,464.0,460.0,451.0,450.0,1728.0,1644.48,57.8,32.2,26.7,20.0,7.1,0.5,11.8,1.7,47.2,60.7,47.2,0,14.53,10.65,0,57.8,0.0,57.8,951.1,NON_CEP,0.0,62.5,37.5,22.9803,292280001284,1,0.0,328.0,19.080860965677722,57.8,HIGH,9,12,379.65,COMPLETE_BOTH,87.5,COMPLETE_BOTH,,379.65,87.5,87.5,1,0,0,0,0,0,1,12,9,0,0,INCLUDED,1,2024.0,True,363.9,62.5,70.1,1,0,0,0,,,75.0,100.0,100.0,5-Year,98.1,Outer Suburban,True
2022,024093,1075,NORTH KANSAS CITY 74,OAK PARK HIGH,9,12,96.0,70.5,73.4375,,,,,,,380.5,354.3,350.1,364.1,,,,,,,,,,,,,,,,,,,,,,,,,,,,,,1714.0,1664.17,28.1,57.5,12.4,14.9,2.5,,10.6,,27.3,37.9,27.3,1,2.98,10.74,0,28.093884639189504,0.0,28.093884639189504,467.53,NON_CEP,0.0,88.3,11.700000000000003,15.1498,292280001286,1,0.0,241.0,13.724373576309794,28.093884639189504,HIGH,9,12,367.4,COMPLETE_BOTH,,NEITHER,,367.4,,,1,0,0,0,0,0,1,12,9,0,0,INCLUDED,1,,False,,,,1,0,0,1,96.6,95.2,52.6,63.0,100.0,4-Year,96.6,Outer Suburban,True
2023,024093,1075,NORTH KANSAS CITY 74,OAK PARK HIGH,9,12,144.0,91.2,63.3,140.0,89.2,63.7,4.0,2.0,50.0,392.1,348.8,360.4,369.0,9.0,12.0,75.0,6.0,12.0,50.0,2.0,4.0,50.0,5.0,12.0,41.6,Below Average,5.0,12.0,41.6,Below Average,0.8,4.0,20.0,Below Average,,,500.0,499.0,472.0,469.0,469.0,468.0,1770.0,1713.28,42.4,56.2,13.4,15.1,2.5,0.3,10.8,1.7,28.8,41.300000000000004,28.8,0,3.11,11.02,0,42.4,0.0,42.4,725.9,NON_CEP,0.0,78.1,21.900000000000006,14.2857,292280001286,1,0.0,210.0,12.041284403669724,42.4,HIGH,9,12,370.45000000000005,COMPLETE_BOTH,41.6,COMPLETE_BOTH,,370.45000000000005,41.6,41.6,1,0,0,0,0,0,1,12,9,0,0,INCLUDED,1,2022.0,True,367.4,,73.4375,1,0,0,0,,,50.0,100.0,100.0,4-Year,96.6,Outer Suburban,True
2024,024093,1075,NORTH KANSAS CITY 74,OAK PARK HIGH,9,12,144.0,100.0,69.4,140.0,98.0,70.0,4.0,2.0,50.0,384.0,366.7,364.6,382.0,9.0,12.0,75.0,6.0,12.0,50.0,2.0,4.0,50.0,3.0,12.0,25.0,Emerging,12.0,12.0,100.0,Target,1.0,4.0,25.0,Emerging,,,430.0,430.0,453.0,452.0,433.0,431.0,1756.0,1739.81,43.6,52.6,13.4,17.3,2.5,0.4,11.3,2.4,31.1,44.800000000000004,31.1,0,2.85,11.45,0,43.6,0.0,43.6,758.1,NON_CEP,0.0,79.2,20.799999999999997,14.3643,292280001286,1,0.0,205.0,11.68091168091168,43.6,HIGH,9,12,375.35,COMPLETE_BOTH,62.5,COMPLETE_BOTH,,375.35,62.5,62.5,1,0,0,0,0,0,1,12,9,0,0,INCLUDED,1,2023.0,True,370.45000000000005,41.6,63.3,1,0,0,0,,,50.0,100.0,100.0,5-Year,96.6,Outer Suburban,True
2025,024093,1075,NORTH KANSAS CITY 74,OAK PARK HIGH,9,12,144.0,108.5,75.3,140.0,106.5,76.0,4.0,2.0,50.0,388.0,398.4,386.4,377.4,9.0,12.0,75.0,9.0,12.0,75.0,3.0,4.0,75.0,3.0,12.0,25.0,Emerging,12.0,12.0,100.0,Target,2.0,4.0,50.0,Approaching,,,425.0,424.0,446.0,441.0,457.0,456.0,1756.0,1654.78,46.5,51.5,13.8,17.3,2.6,0.3,12.3,2.1,31.400000000000002,45.800000000000004,31.400000000000002,0,2.96,11.28,0,46.5,0.0,46.5,769.0,NON_CEP,0.0,65.6,34.400000000000006,13.2999,292280001286,1,0.0,205.0,11.68091168091168,46.5,HIGH,9,12,393.2,COMPLETE_BOTH,62.5,COMPLETE_BOTH,,393.2,62.5,62.5,1,0,0,0,0,0,1,12,9,0,0,INCLUDED,1,2024.0,True,375.35,62.5,69.4,1,0,0,0,,,75.0,100.0,100.0,4-Year,96.6,Outer Suburban,True
2022,024093,1080,NORTH KANSAS CITY 74,STALEY HIGH,9,12,96.0,80.0,83.3333,,,,,,,406.0,366.7,396.0,393.3,,,,,,,,,,,,,,,,,,,,,,,,,,,,,,1851.0,1786.43,13.9,67.3,10.0,11.0,2.2,,9.3,,21.0,30.3,21.0,1,0.76,8.7,0,13.896990086373382,0.0,13.896990086373382,248.26,NON_CEP,0.0,92.1,7.900000000000006,11.8234,292280003083,1,0.0,132.0,6.9583552978386916,13.896990086373382,HIGH,9,12,386.35,COMPLETE_BOTH,,NEITHER,,386.35,,,1,0,0,0,0,0,1,12,9,0,0,INCLUDED,1,,False,,,,1,0,0,1,98.7,98.6,69.4,75.5,100.0,4-Year,98.7,Outer Suburban,True
2023,024093,1080,NORTH KANSAS CITY 74,STALEY HIGH,9,12,144.0,122.7,85.2,140.0,118.7,84.7,4.0,4.0,100.0,416.1,391.6,411.7,392.8,12.0,12.0,100.0,9.0,12.0,75.0,4.0,4.0,100.0,7.8,12.0,65.0,Average,9.6,12.0,80.0,Above Average,3.0,4.0,75.0,Above Average,,,494.0,492.0,506.0,502.0,510.0,509.0,1903.0,1826.41,20.7,65.2,11.0,10.8,2.6,,9.8,,21.8,31.6,21.8,1,1.21,8.67,0,20.7,0.0,20.7,378.0,NON_CEP,0.0,87.9,12.099999999999994,10.9063,292280003083,1,0.0,142.0,7.07876370887338,20.7,HIGH,9,12,403.85,COMPLETE_BOTH,72.5,COMPLETE_BOTH,,403.85,72.5,72.5,1,0,0,0,0,0,1,12,9,0,0,INCLUDED,1,2022.0,True,386.35,,83.3333,1,0,0,0,,,100.0,100.0,100.0,5-Year,98.7,Outer Suburban,True
2024,024093,1080,NORTH KANSAS CITY 74,STALEY HIGH,9,12,144.0,125.0,86.8,140.0,121.0,86.4,4.0,4.0,100.0,417.2,386.2,401.0,403.2,12.0,12.0,100.0,9.0,12.0,75.0,4.0,4.0,100.0,9.0,12.0,75.0,On-Track,9.0,12.0,75.0,On-Track,3.0,4.0,75.0,On-Track,,,528.0,527.0,523.0,520.0,530.0,528.0,2008.0,1982.83,20.8,63.3,12.9,10.8,2.6,0.3,9.7,0.3,24.000000000000004,34.0,24.000000000000004,0,1.0,9.26,0,20.8,0.0,20.8,413.4,NON_CEP,0.0,88.1,11.900000000000006,11.2573,292280003083,1,0.0,140.0,6.695361071257771,20.8,HIGH,9,12,401.7,COMPLETE_BOTH,75.0,COMPLETE_BOTH,,401.7,75.0,75.0,1,0,0,0,0,0,1,12,9,0,0,INCLUDED,1,2023.0,True,403.85,72.5,85.2,1,0,0,0,,,100.0,100.0,100.0,6-Year,98.7,Outer Suburban,True
2025,024093,1080,NORTH KANSAS CITY 74,STALEY HIGH,9,12,144.0,128.0,88.8,140.0,124.0,88.5,4.0,4.0,100.0,402.3,412.9,404.3,393.9,12.0,12.0,100.0,12.0,12.0,100.0,4.0,4.0,100.0,6.0,12.0,50.0,Approaching,12.0,12.0,100.0,Target,4.0,4.0,100.0,Target,,,528.0,528.0,524.0,519.0,534.0,534.0,2093.0,1997.09,21.2,62.8,12.9,10.9,2.7,0.3,9.9,0.4,24.1,34.4,24.1,0,1.15,9.89,0,21.2,0.0,21.2,424.1,NON_CEP,0.0,76.2,23.799999999999997,11.5295,292280003083,1,0.0,140.0,6.695361071257771,21.2,HIGH,9,12,407.6,COMPLETE_BOTH,75.0,COMPLETE_BOTH,,407.6,75.0,75.0,1,0,0,0,0,0,1,12,9,0,0,INCLUDED,1,2024.0,True,401.7,75.0,86.8,1,0,0,0,,,100.0,100.0,100.0,7-Year,98.7,Outer Suburban,True
2022,024093,1090,NORTH KANSAS CITY 74,WINNETONKA HIGH,9,12,96.0,64.5,67.1875,,,,,,,370.5,343.5,362.5,366.7,,,,,,,,,,,,,,,,,,,,,,,,,,,,,,1235.0,1158.17,41.1,49.5,17.8,18.8,2.2,0.7,10.1,0.9,37.300000000000004,48.300000000000004,37.300000000000004,0,3.56,17.57,0,41.08982273759465,0.0,41.08982273759465,475.89,NON_CEP,0.0,84.6,15.400000000000006,18.2308,292280001293,1,0.0,255.0,19.859813084112147,41.08982273759465,HIGH,9,12,357.0,COMPLETE_BOTH,,NEITHER,,357.0,,,1,0,0,0,0,0,1,12,9,0,0,INCLUDED,1,,False,,,,1,0,0,1,92.4,94.0,50.2,45.1,100.0,4-Year,92.4,Outer Suburban,True
2023,024093,1090,NORTH KANSAS CITY 74,WINNETONKA HIGH,9,12,144.0,106.3,73.8,140.0,104.3,74.5,4.0,2.0,50.0,388.8,348.2,359.0,361.1,9.0,12.0,75.0,6.0,12.0,50.0,2.0,4.0,50.0,9.7,12.0,80.8,Above Average,9.6,12.0,80.0,Above Average,3.0,4.0,75.0,Above Average,,,347.0,345.0,372.0,369.0,371.0,369.0,1297.0,1236.89,58.0,48.0,18.6,19.3,1.9,,10.9,,37.900000000000006,48.800000000000004,37.900000000000006,1,4.01,15.73,0,57.99999999999999,0.0,57.99999999999999,716.9,NON_CEP,0.0,76.1,23.900000000000006,21.0335,292280001293,1,0.0,240.0,19.138755980861244,57.99999999999999,HIGH,9,12,368.5,COMPLETE_BOTH,80.4,COMPLETE_BOTH,,368.5,80.4,80.4,1,0,0,0,0,0,1,12,9,0,0,INCLUDED,1,2022.0,True,357.0,,67.1875,1,0,0,0,,,50.0,100.0,100.0,7-Year,92.4,Outer Suburban,True
2024,024093,1090,NORTH KANSAS CITY 74,WINNETONKA HIGH,9,12,144.0,106.0,73.6,140.0,104.0,74.2,4.0,2.0,50.0,374.2,355.2,335.5,373.4,6.0,12.0,50.0,6.0,12.0,50.0,2.0,4.0,50.0,6.0,12.0,50.0,Approaching,12.0,12.0,100.0,Target,1.0,4.0,25.0,Emerging,,,316.0,316.0,323.0,321.0,302.0,302.0,1259.0,1239.16,59.1,47.2,19.9,18.9,2.1,0.4,11.0,0.6,39.199999999999996,50.8,39.199999999999996,0,3.49,16.76,0,59.099999999999994,0.0,59.099999999999994,731.1,NON_CEP,0.0,78.9,21.099999999999994,20.4325,292280001293,1,0.0,263.0,21.24394184168013,59.099999999999994,HIGH,9,12,364.7,COMPLETE_BOTH,75.0,COMPLETE_BOTH,,364.7,75.0,75.0,1,0,0,0,0,0,1,12,9,0,0,INCLUDED,1,2023.0,True,368.5,80.4,73.8,1,0,0,0,,,50.0,100.0,100.0,6-Year,92.4,Outer Suburban,True
2025,024093,1090,NORTH KANSAS CITY 74,WINNETONKA HIGH,9,12,144.0,116.0,80.5,140.0,114.0,81.4,4.0,2.0,50.0,369.8,383.1,362.6,377.1,6.0,12.0,50.0,9.0,12.0,75.0,2.0,4.0,50.0,9.0,12.0,75.0,On-Track,12.0,12.0,100.0,Target,3.0,4.0,75.0,On-Track,,,291.0,291.0,306.0,291.0,317.0,317.0,1245.0,1186.17,62.2,45.1,21.5,19.0,2.3,,11.4,,40.5,51.9,40.5,1,4.34,18.15,0,62.2,0.0,62.2,737.3,NON_CEP,0.0,56.1,43.9,18.2927,292280001293,1,0.0,263.0,21.24394184168013,62.2,HIGH,9,12,376.45000000000005,COMPLETE_BOTH,87.5,COMPLETE_BOTH,,376.45000000000005,87.5,87.5,1,0,0,0,0,0,1,12,9,0,0,INCLUDED,1,2024.0,True,364.7,75.0,73.6,1,0,0,0,,,50.0,100.0,100.0,4-Year,92.4,Outer Suburban,True
2022,048066,1050,FORT OSAGE R-I,FORT OSAGE HIGH,9,12,96.0,65.5,68.2291,,,,,,,381.2,343.6,349.8,375.9,,,,,,,,,,,,,,,,,,,,,,,,,,,,,,1532.0,1443.98,36.7,73.8,8.7,10.8,0.9,0.9,2.4,2.5,20.4,25.299999999999997,20.4,0,1.24,12.21,0,36.90148062992563,0.0,36.90148062992563,532.85,NON_CEP,0.0,59.9,40.1,14.0063,291229000496,1,0.0,254.0,16.313423249839435,36.90148062992563,HIGH,9,12,362.4,COMPLETE_BOTH,,NEITHER,,362.4,,,1,0,0,0,0,0,1,12,9,0,0,INCLUDED,1,,False,,,,1,0,0,1,92.3,94.3,43.9,45.2,100.0,4-Year,92.3,Outer Suburban,True
2023,048066,1050,FORT OSAGE R-I,FORT OSAGE HIGH,9,12,144.0,91.7,63.6,140.0,91.7,65.5,4.0,0.0,0.0,397.2,349.5,373.1,371.6,9.0,12.0,75.0,6.0,12.0,50.0,3.0,4.0,75.0,9.1,12.0,75.8,Above Average,5.8,12.0,48.3,Below Average,2.6,4.0,65.0,Average,,,392.0,377.0,424.0,404.0,361.0,346.0,1564.0,1484.4,43.4,71.9,9.1,11.7,0.8,0.5,3.3,2.7,21.299999999999997,27.299999999999997,21.299999999999997,0,0.9,11.89,0,43.4,0.0,43.4,643.7,NON_CEP,0.0,61.4,38.6,14.01,291229000496,1,0.0,252.0,16.0,43.4,HIGH,9,12,373.35,COMPLETE_BOTH,62.05,COMPLETE_BOTH,,373.35,62.05,62.05,1,0,0,0,0,0,1,12,9,0,0,INCLUDED,1,2022.0,True,362.4,,68.2291,1,0,0,0,,,50.0,75.0,100.0,7-Year,92.3,Outer Suburban,True
2024,048066,1050,FORT OSAGE R-I,FORT OSAGE HIGH,9,12,144.0,77.0,53.4,140.0,77.0,55.0,4.0,0.0,0.0,387.2,336.5,352.4,366.7,9.0,12.0,75.0,6.0,12.0,50.0,2.0,4.0,50.0,3.0,12.0,25.0,Emerging,3.0,12.0,25.0,Emerging,1.0,4.0,25.0,Emerging,,,390.0,386.0,491.0,488.0,423.0,419.0,1576.0,1512.43,42.7,70.6,8.7,12.1,0.8,0.4,4.9,2.5,21.199999999999996,28.599999999999994,21.199999999999996,0,0.89,11.48,0,42.7,0.0,42.7,645.1,NON_CEP,0.0,64.4,35.599999999999994,11.8959,291229000496,1,0.0,260.0,16.828478964401295,42.7,HIGH,9,12,361.85,COMPLETE_BOTH,25.0,COMPLETE_BOTH,,361.85,25.0,25.0,1,0,0,0,0,0,1,12,9,0,0,INCLUDED,1,2023.0,True,373.35,62.05,63.6,1,0,0,0,,,50.0,75.0,100.0,6-Year,92.3,Outer Suburban,True
2025,048066,1050,FORT OSAGE R-I,FORT OSAGE HIGH,9,12,144.0,82.5,57.2,140.0,82.5,58.9,4.0,0.0,0.0,369.4,359.0,390.7,379.5,6.0,12.0,50.0,6.0,12.0,50.0,3.0,4.0,75.0,3.0,12.0,25.0,Emerging,3.0,12.0,25.0,Emerging,4.0,4.0,100.0,Target,,,439.0,439.0,378.0,375.0,334.0,334.0,1548.0,1476.99,46.5,68.9,8.8,12.4,0.5,0.6,6.7,2.1,21.800000000000004,30.600000000000005,21.800000000000004,0,1.23,10.59,0,46.5,0.0,46.5,687.1,NON_CEP,0.0,63.4,36.6,12.6646,291229000496,1,0.0,260.0,16.828478964401295,46.5,HIGH,9,12,364.2,COMPLETE_BOTH,25.0,COMPLETE_BOTH,,364.2,25.0,25.0,1,0,0,0,0,0,1,12,9,0,0,INCLUDED,1,2024.0,True,361.85,25.0,53.4,1,0,0,0,,,50.0,75.0,100.0,7-Year,92.3,Outer Suburban,True
2023,048068,1020,BLUE SPRINGS R-IV,VALLEY VIEW HIGH,9,12,0.0,0.0,,0.0,0.0,,0.0,0.0,,,,,,,,,,,,,,,,,,nan,,,,nan,,,,nan,,,,,,,,,,,,,,,,,,,0.0,0.0,0.0,1,,,0,,,,,UNKNOWN,,,,,290531000200,4,0.0,,,,HIGH,9,12,,NEITHER,,NEITHER,,,,,1,0,0,0,1,0,0,12,9,0,1,ALTERNATIVE_SCHOOL,0,,False,,,,0,0,1,1,,,,,,nan,,Outer Suburban,True
2024,048068,1020,BLUE SPRINGS R-IV,VALLEY VIEW HIGH,9,12,0.0,0.0,,0.0,0.0,,0.0,0.0,,,,,,,,,,,,,,,,,,nan,,,,nan,,,,nan,,,,,,,,,,,,,,,,,,,0.0,0.0,0.0,1,,,0,0.0,0.0,0.0,0.0,NON_CEP,0.0,,,,290531000200,4,0.0,,,0.0,HIGH,9,12,,NEITHER,,NEITHER,,,,,1,0,0,0,1,0,0,12,9,0,1,ALTERNATIVE_SCHOOL,0,2023.0,True,,,,0,0,1,1,,,,,,nan,,Outer Suburban,True
2025,048068,1020,BLUE SPRINGS R-IV,VALLEY VIEW HIGH,8,12,0.0,0.0,,0.0,0.0,,0.0,0.0,,,,,,,,,,,,,,,,,,nan,,,,nan,,,,nan,,,,,,,,,,,,,,,,,,,0.0,0.0,0.0,1,,,0,,,,,UNKNOWN,,,,,290531000200,4,0.0,,,,HIGH,8,12,,NEITHER,,NEITHER,,,,,1,0,0,0,1,0,0,12,8,0,1,ALTERNATIVE_SCHOOL,0,2024.0,True,,,,0,0,1,1,,,,,,nan,,Outer Suburban,True
2022,048068,1050,BLUE SPRINGS R-IV,BLUE SPRINGS HIGH,9,12,96.0,83.5,86.9791,,,,,,,409.5,378.3,374.7,395.3,,,,,,,,,,,,,,,,,,,,,,,,,,,,,,2457.0,2367.57,14.7,65.9,13.9,9.2,2.3,0.8,7.4,0.5,23.900000000000002,31.800000000000004,23.900000000000002,0,0.37,12.37,0,14.701149279641152,0.0,14.701149279641152,348.06,NON_CEP,0.0,80.4,19.599999999999994,13.1265,290531000085,1,0.0,229.0,9.60973562736047,14.701149279641152,HIGH,9,12,393.9,COMPLETE_BOTH,,NEITHER,,393.9,,,1,0,0,0,0,0,1,12,9,0,0,INCLUDED,1,,False,,,,1,0,0,1,96.4,97.8,70.2,68.4,100.0,4-Year,96.4,Outer Suburban,True
2023,048068,1050,BLUE SPRINGS R-IV,BLUE SPRINGS HIGH,9,12,144.0,108.3,75.2,140.0,106.3,75.9,4.0,2.0,50.0,409.9,379.9,393.9,396.1,12.0,12.0,100.0,9.0,12.0,75.0,3.0,4.0,75.0,5.8,12.0,48.3,Below Average,5.0,12.0,41.6,Below Average,2.4,4.0,60.0,Average,,,650.0,646.0,642.0,633.0,586.0,582.0,2402.0,2328.14,25.5,65.4,13.6,10.6,2.1,0.5,7.4,0.5,24.7,32.6,24.7,0,0.29,12.28,0,25.5,0.0,25.5,594.7,NON_CEP,0.0,78.0,22.0,11.1471,290531000085,1,0.0,223.0,9.307178631051753,25.5,HIGH,9,12,394.9,COMPLETE_BOTH,44.95,COMPLETE_BOTH,,394.9,44.95,44.95,1,0,0,0,0,0,1,12,9,0,0,INCLUDED,1,2022.0,True,393.9,,86.9791,1,0,0,0,,,75.0,100.0,100.0,5-Year,96.4,Outer Suburban,True
2024,048068,1050,BLUE SPRINGS R-IV,BLUE SPRINGS HIGH,9,12,144.0,103.0,71.5,140.0,101.0,72.1,4.0,2.0,50.0,404.0,385.3,385.8,401.2,12.0,12.0,100.0,9.0,12.0,75.0,3.0,4.0,75.0,3.0,12.0,25.0,Emerging,3.0,12.0,25.0,Emerging,1.0,4.0,25.0,Emerging,,,577.0,573.0,602.0,598.0,647.0,643.0,2406.0,2321.1,28.1,63.9,13.6,10.5,2.0,0.5,8.9,0.6,24.6,34.1,24.6,0,0.21,12.39,0,28.1,0.0,28.1,652.6,NON_CEP,0.0,79.7,20.299999999999997,12.898,290531000085,1,0.0,258.0,10.621655002058459,28.1,HIGH,9,12,394.65,COMPLETE_BOTH,25.0,COMPLETE_BOTH,,394.65,25.0,25.0,1,0,0,0,0,0,1,12,9,0,0,INCLUDED,1,2023.0,True,394.9,44.95,75.2,1,0,0,0,,,75.0,100.0,100.0,4-Year,96.4,Outer Suburban,True
2025,048068,1050,BLUE SPRINGS R-IV,BLUE SPRINGS HIGH,9,12,144.0,117.0,81.2,140.0,115.0,82.1,4.0,2.0,50.0,401.8,399.3,385.8,391.8,12.0,12.0,100.0,9.0,12.0,75.0,3.0,4.0,75.0,6.0,12.0,50.0,Approaching,6.0,12.0,50.0,Approaching,1.0,4.0,25.0,Emerging,,,622.0,622.0,623.0,623.0,652.0,652.0,2433.0,2378.12,29.5,62.4,13.1,12.2,2.1,0.5,9.2,0.6,25.799999999999997,35.6,25.799999999999997,0,0.53,12.0,0,29.5,0.0,29.5,701.9,NON_CEP,0.0,79.4,20.599999999999994,12.5496,290531000085,1,0.0,258.0,10.621655002058459,29.5,HIGH,9,12,400.55,COMPLETE_BOTH,50.0,COMPLETE_BOTH,,400.55,50.0,50.0,1,0,0,0,0,0,1,12,9,0,0,INCLUDED,1,2024.0,True,394.65,25.0,71.5,1,0,0,0,,,100.0,100.0,100.0,5-Year,96.4,Outer Suburban,True
2022,048068,1075,BLUE SPRINGS R-IV,BLUE SPRINGS SOUTH HIGH,9,12,96.0,87.5,91.1458,,,,,,,406.4,386.2,404.5,390.4,,,,,,,,,,,,,,,,,,,,,,,,,,,,,,2262.0,2172.31,10.3,70.0,12.9,7.6,3.0,,6.1,,20.5,26.6,20.5,1,0.27,9.86,0,10.403211328033292,0.0,10.403211328033292,225.99,NON_CEP,0.0,80.5,19.5,12.931,290531000170,1,0.0,178.0,7.8726227333038485,10.403211328033292,HIGH,9,12,396.29999999999995,COMPLETE_BOTH,,NEITHER,,396.29999999999995,,,1,0,0,0,0,0,1,12,9,0,0,INCLUDED,1,,False,,,,1,0,0,1,98.1,97.0,77.5,76.5999999999999,100.0,4-Year,98.1,Outer Suburban,True
2023,048068,1075,BLUE SPRINGS R-IV,BLUE SPRINGS SOUTH HIGH,9,12,144.0,111.5,77.4,140.0,109.5,78.2,4.0,2.0,50.0,410.3,398.9,409.3,387.9,12.0,12.0,100.0,9.0,12.0,75.0,4.0,4.0,100.0,5.4,12.0,45.0,Below Average,7.0,12.0,58.3,Average,1.8,4.0,45.0,Below Average,,,614.0,614.0,572.0,564.0,586.0,586.0,2272.0,2208.87,20.6,69.3,13.4,7.5,2.7,,6.5,,20.9,27.4,20.9,1,0.22,10.87,0,20.6,0.0,20.6,455.2,NON_CEP,0.0,78.3,21.700000000000003,10.6943,290531000170,1,0.0,186.0,8.05892547660312,20.6,HIGH,9,12,404.6,COMPLETE_BOTH,51.65,COMPLETE_BOTH,,404.6,51.65,51.65,1,0,0,0,0,0,1,12,9,0,0,INCLUDED,1,2022.0,True,396.29999999999995,,91.1458,1,0,0,0,,,100.0,100.0,100.0,5-Year,98.1,Outer Suburban,True
2024,048068,1075,BLUE SPRINGS R-IV,BLUE SPRINGS SOUTH HIGH,9,12,144.0,102.0,70.8,140.0,99.0,70.7,4.0,3.0,75.0,400.9,390.4,401.6,399.1,12.0,12.0,100.0,9.0,12.0,75.0,4.0,4.0,100.0,3.0,12.0,25.0,Emerging,3.0,12.0,25.0,Emerging,1.0,4.0,25.0,Emerging,,,572.0,569.0,599.0,597.0,599.0,596.0,2314.0,2254.77,22.5,67.2,14.6,7.6,2.5,0.6,7.1,0.3,22.8,30.2,22.8,0,0.61,10.03,0,22.5,0.0,22.5,506.8,NON_CEP,0.0,82.2,17.799999999999997,10.2618,290531000170,1,0.0,196.0,8.525445846020009,22.5,HIGH,9,12,395.65,COMPLETE_BOTH,25.0,COMPLETE_BOTH,,395.65,25.0,25.0,1,0,0,0,0,0,1,12,9,0,0,INCLUDED,1,2023.0,True,404.6,51.65,77.4,1,0,0,0,,,100.0,100.0,100.0,6-Year,98.1,Outer Suburban,True
2025,048068,1075,BLUE SPRINGS R-IV,BLUE SPRINGS SOUTH HIGH,9,12,144.0,122.0,84.7,140.0,119.0,85.0,4.0,3.0,75.0,411.8,423.0,390.7,382.3,12.0,12.0,100.0,12.0,12.0,100.0,3.0,4.0,75.0,3.0,12.0,25.0,Emerging,12.0,12.0,100.0,Target,1.0,4.0,25.0,Emerging,,,561.0,561.0,528.0,526.0,552.0,552.0,2304.0,2213.09,20.7,65.1,14.5,9.3,2.8,0.5,7.6,0.2,24.3,32.1,24.3,0,0.39,9.64,0,20.7,0.0,20.7,459.0,NON_CEP,0.0,83.7,16.299999999999997,8.8823,290531000170,1,0.0,196.0,8.525445846020009,20.7,HIGH,9,12,417.4,COMPLETE_BOTH,62.5,COMPLETE_BOTH,,417.4,62.5,62.5,1,0,0,0,0,0,1,12,9,0,0,INCLUDED,1,2024.0,True,395.65,25.0,70.8,1,0,0,0,,,100.0,100.0,100.0,4-Year,98.1,Outer Suburban,True
2022,048069,1050,GRAIN VALLEY R-V,GRAIN VALLEY HIGH,9,12,96.0,81.5,84.8958,,,,,,,426.2,384.9,397.0,385.0,,,,,,,,,,,,,,,,,,,,,,,,,,,,,,1446.0,1302.79,16.4,81.5,3.7,8.4,0.8,0.3,4.9,0.4,12.400000000000002,17.700000000000003,12.400000000000002,0,0.83,11.83,0,16.430123043621762,0.0,16.430123043621762,214.04999999999998,NON_CEP,0.0,76.4,23.599999999999994,11.8886,291308000546,1,0.0,94.0,6.536856745479833,16.430123043621762,HIGH,9,12,405.54999999999995,COMPLETE_BOTH,,NEITHER,,405.54999999999995,,,1,0,0,0,0,0,1,12,9,0,0,INCLUDED,1,,False,,,,1,0,0,1,97.4,98.0,51.4,75.5,100.0,4-Year,97.4,Outer Suburban,True
2023,048069,1050,GRAIN VALLEY R-V,GRAIN VALLEY HIGH,9,12,144.0,101.7,70.6,140.0,99.7,71.2,4.0,2.0,50.0,415.2,371.1,396.2,389.5,12.0,12.0,100.0,9.0,12.0,75.0,3.0,4.0,75.0,8.1,12.0,67.5,Average,1.4,12.0,11.6,Below Average,2.4,4.0,60.0,Average,,,360.0,353.0,401.0,390.0,377.0,368.0,1447.0,1321.26,18.2,80.8,3.2,8.4,1.2,0.3,5.6,0.4,11.900000000000002,17.9,11.900000000000002,0,0.83,11.47,0,18.2,0.0,18.2,240.8,NON_CEP,0.0,76.8,23.200000000000003,11.67,291308000546,1,0.0,83.0,5.74792243767313,18.2,HIGH,9,12,393.15,COMPLETE_BOTH,39.55,COMPLETE_BOTH,,393.15,39.55,39.55,1,0,0,0,0,0,1,12,9,0,0,INCLUDED,1,2022.0,True,405.54999999999995,,84.8958,1,0,0,0,,,50.0,100.0,100.0,5-Year,97.4,Outer Suburban,True
2024,048069,1050,GRAIN VALLEY R-V,GRAIN VALLEY HIGH,9,12,144.0,109.5,76.0,140.0,107.5,76.7,4.0,2.0,50.0,414.1,383.0,406.4,399.1,12.0,12.0,100.0,9.0,12.0,75.0,4.0,4.0,100.0,9.0,12.0,75.0,On-Track,3.0,12.0,25.0,Emerging,3.0,4.0,75.0,On-Track,,,379.0,374.0,387.0,382.0,402.0,399.0,1446.0,1344.28,20.4,79.2,3.5,8.7,1.2,0.3,6.5,0.5,12.5,19.5,12.5,0,0.69,12.31,0,20.6,0.0,20.6,277.3,NON_CEP,0.0,77.1,22.900000000000006,10.4278,291308000546,1,0.0,83.0,5.600539811066127,20.6,HIGH,9,12,398.55,COMPLETE_BOTH,50.0,COMPLETE_BOTH,,398.55,50.0,50.0,1,0,0,0,0,0,1,12,9,0,0,INCLUDED,1,2023.0,True,393.15,39.55,70.6,1,0,0,0,,,50.0,100.0,100.0,7-Year,97.4,Outer Suburban,True
2025,048069,1050,GRAIN VALLEY R-V,GRAIN VALLEY HIGH,9,12,144.0,121.5,84.3,140.0,118.5,84.6,4.0,3.0,75.0,417.2,413.5,411.7,395.1,12.0,12.0,100.0,12.0,12.0,100.0,4.0,4.0,100.0,6.0,12.0,50.0,Approaching,6.0,12.0,50.0,Approaching,3.0,4.0,75.0,On-Track,,,389.0,381.0,410.0,391.0,350.0,342.0,1483.0,1365.95,21.5,80.1,3.3,7.8,1.0,0.4,7.0,0.3,11.5,18.8,11.5,0,0.54,11.8,0,21.5,0.0,21.5,293.2,NON_CEP,0.0,80.4,19.599999999999994,10.8696,291308000546,1,0.0,83.0,5.600539811066127,21.5,HIGH,9,12,415.35,COMPLETE_BOTH,50.0,COMPLETE_BOTH,,415.35,50.0,50.0,1,0,0,0,0,0,1,12,9,0,0,INCLUDED,1,2024.0,True,398.55,50.0,76.0,1,0,0,0,,,75.0,100.0,100.0,7-Year,97.4,Outer Suburban,True
2022,048070,1050,OAK GROVE R-VI,OAK GROVE HIGH,9,12,96.0,81.5,84.8958,,,,,,,406.2,355.7,392.0,403.1,,,,,,,,,,,,,,,,,,,,,,,,,,,,,,549.0,525.75,17.1,87.6,1.6,6.4,,,3.5,,8.0,11.5,8.0,1,,11.11,0,17.30860675225868,0.0,17.30860675225868,91.0,NON_CEP,0.0,80.9,19.099999999999994,13.7324,292301001317,1,0.0,63.0,11.170212765957446,17.30860675225868,HIGH,9,12,380.95,COMPLETE_BOTH,,NEITHER,,380.95,,,1,0,0,0,0,0,1,12,9,0,0,INCLUDED,1,,False,,,,1,0,0,1,97.6,94.4,68.9,53.7,100.0,4-Year,97.6,Outer Suburban,True
2023,048070,1050,OAK GROVE R-VI,OAK GROVE HIGH,9,12,136.0,94.9,69.7,132.0,92.9,70.3,4.0,2.0,50.0,410.2,342.5,393.5,403.4,12.0,12.0,100.0,6.0,12.0,50.0,3.0,4.0,75.0,8.3,12.0,69.1,Average,0.2,12.0,1.6,Below Average,3.2,4.0,80.0,Above Average,,,147.0,147.0,157.0,157.0,145.0,145.0,564.0,550.29,24.8,87.2,1.8,6.2,,,3.5,,8.0,11.5,8.0,1,,12.06,0,25.1,0.0,25.1,138.7,NON_CEP,0.0,79.9,20.099999999999994,14.4578,292301001317,1,0.0,62.0,10.896309314586995,25.1,HIGH,9,12,376.35,COMPLETE_BOTH,35.349999999999994,COMPLETE_BOTH,,376.35,35.349999999999994,35.349999999999994,1,0,0,0,0,0,1,12,9,0,0,INCLUDED,1,2022.0,True,380.95,,84.8958,1,0,0,0,,,100.0,100.0,100.0,5-Year,97.6,Outer Suburban,True
2024,048070,1050,OAK GROVE R-VI,OAK GROVE HIGH,9,12,144.0,92.5,64.2,140.0,90.5,64.6,4.0,2.0,50.0,388.2,345.4,385.9,396.5,9.0,12.0,75.0,6.0,12.0,50.0,3.0,4.0,75.0,3.0,12.0,25.0,Emerging,3.0,12.0,25.0,Emerging,2.0,4.0,50.0,Approaching,,,151.0,151.0,128.0,128.0,152.0,152.0,575.0,564.63,26.7,87.0,2.6,6.4,,,2.6,,9.0,11.6,9.0,1,,13.39,0,26.700000000000003,0.0,26.700000000000003,151.0,NON_CEP,0.0,79.0,21.0,14.5,292301001317,1,0.0,58.0,9.602649006622517,26.700000000000003,HIGH,9,12,366.79999999999995,COMPLETE_BOTH,25.0,COMPLETE_BOTH,,366.79999999999995,25.0,25.0,1,0,0,0,0,0,1,12,9,0,0,INCLUDED,1,2023.0,True,376.35,35.349999999999994,69.7,1,0,0,0,,,100.0,100.0,100.0,6-Year,97.6,Outer Suburban,True
2025,048070,1050,OAK GROVE R-VI,OAK GROVE HIGH,9,12,144.0,94.0,65.2,140.0,92.0,65.7,4.0,2.0,50.0,387.5,343.4,376.5,403.3,9.0,12.0,75.0,6.0,12.0,50.0,3.0,4.0,75.0,6.0,12.0,50.0,Approaching,3.0,12.0,25.0,Emerging,2.0,4.0,50.0,Approaching,,,141.0,141.0,153.0,153.0,133.0,133.0,609.0,570.4,22.6,85.7,2.3,7.1,,,3.6,,9.399999999999999,12.999999999999998,9.399999999999999,1,,12.48,0,22.6,0.0,22.6,129.0,NON_CEP,0.0,75.2,24.799999999999997,12.1406,292301001317,1,0.0,58.0,9.602649006622517,22.6,HIGH,9,12,365.45,COMPLETE_BOTH,37.5,COMPLETE_BOTH,,365.45,37.5,37.5,1,0,0,0,0,0,1,12,9,0,0,INCLUDED,1,2024.0,True,366.79999999999995,25.0,64.2,1,0,0,0,,,50.0,100.0,100.0,7-Year,97.6,Outer Suburban,True
2022,048071,1050,LEE'S SUMMIT R-VII,LEE'S SUMMIT SR. HIGH,9,12,96.0,83.5,86.9791,,,,,,,413.8,407.7,395.9,384.5,,,,,,,,,,,,,,,,,,,,,,,,,,,,,,1919.0,1890.59,13.2,72.0,11.2,7.5,2.4,,6.5,,18.7,25.2,18.7,1,0.89,9.95,0,13.223385292421943,0.0,13.223385292421943,250.0,NON_CEP,0.0,79.3,20.700000000000003,12.4683,291830000983,1,0.0,139.0,7.239583333333334,13.223385292421943,HIGH,9,12,410.75,COMPLETE_BOTH,,NEITHER,,410.75,,,1,0,0,0,0,0,1,12,9,0,0,INCLUDED,1,,False,,,,1,0,0,1,93.9,93.5,53.0,64.4,100.0,4-Year,93.9,Outer Suburban,True
2023,048071,1050,LEE'S SUMMIT R-VII,LEE'S SUMMIT SR. HIGH,9,12,144.0,99.6,69.1,140.0,97.6,69.7,4.0,2.0,50.0,419.0,390.6,405.9,406.7,12.0,12.0,100.0,9.0,12.0,75.0,4.0,4.0,100.0,10.2,12.0,85.0,Above Average,7.8,12.0,65.0,Average,3.1,4.0,77.5,Above Average,,,486.0,469.0,495.0,475.0,494.0,489.0,1923.0,1875.48,20.4,66.5,12.1,9.5,2.9,,8.7,,21.6,30.3,21.6,1,0.83,10.3,0,20.4,0.0,20.4,382.1,NON_CEP,0.0,78.8,21.200000000000003,10.7724,291830000983,1,0.0,147.0,7.5,20.4,HIGH,9,12,404.8,COMPLETE_BOTH,75.0,COMPLETE_BOTH,,404.8,75.0,75.0,1,0,0,0,0,0,1,12,9,0,0,INCLUDED,1,2022.0,True,410.75,,86.9791,1,0,0,0,,,50.0,100.0,100.0,7-Year,93.9,Outer Suburban,True
2024,048071,1050,LEE'S SUMMIT R-VII,LEE'S SUMMIT SR. HIGH,9,12,144.0,128.0,88.8,140.0,126.0,90.0,4.0,2.0,50.0,407.4,397.6,406.7,404.5,12.0,12.0,100.0,9.0,12.0,75.0,4.0,4.0,100.0,12.0,12.0,100.0,Target,12.0,12.0,100.0,Target,3.0,4.0,75.0,On-Track,,,491.0,489.0,552.0,545.0,530.0,526.0,1960.0,1928.35,30.6,65.2,12.6,10.5,2.6,,8.8,,23.1,31.900000000000002,23.1,1,2.14,11.17,0,30.599999999999998,0.0,30.599999999999998,589.7,NON_CEP,0.0,80.6,19.400000000000006,14.8535,291830000983,1,0.0,153.0,7.6923076923076925,30.599999999999998,HIGH,9,12,402.5,COMPLETE_BOTH,100.0,COMPLETE_BOTH,,402.5,100.0,100.0,1,0,0,0,0,0,1,12,9,0,0,INCLUDED,1,2023.0,True,404.8,75.0,69.1,1,0,0,0,,,50.0,100.0,100.0,6-Year,93.9,Outer Suburban,True
2025,048071,1050,LEE'S SUMMIT R-VII,LEE'S SUMMIT SR. HIGH,9,12,144.0,133.0,92.3,140.0,130.0,92.8,4.0,3.0,75.0,401.2,427.8,410.6,406.5,12.0,12.0,100.0,12.0,12.0,100.0,4.0,4.0,100.0,9.0,12.0,75.0,On-Track,12.0,12.0,100.0,Target,4.0,4.0,100.0,Target,,,500.0,499.0,547.0,542.0,494.0,494.0,1991.0,1949.45,28.1,64.2,12.9,11.0,2.9,,8.7,,23.9,32.599999999999994,23.9,1,2.66,11.6,0,28.1,0.0,28.1,547.1,NON_CEP,0.0,81.1,18.900000000000006,11.6896,291830000983,1,0.0,153.0,7.6923076923076925,28.1,HIGH,9,12,414.5,COMPLETE_BOTH,87.5,COMPLETE_BOTH,,414.5,87.5,87.5,1,0,0,0,0,0,1,12,9,0,0,INCLUDED,1,2024.0,True,402.5,100.0,88.8,1,0,0,0,,,50.0,100.0,100.0,7-Year,93.9,Outer Suburban,True
2022,048071,1070,LEE'S SUMMIT R-VII,LEE'S SUMMIT NORTH HIGH,9,12,96.0,85.5,89.0625,,,,,,,411.6,396.7,390.5,408.4,,,,,,,,,,,,,,,,,,,,,,,,,,,,,,1978.0,1963.78,15.0,64.1,17.8,8.5,2.2,,7.1,,26.3,33.4,26.3,1,0.25,9.4,0,14.963488781839107,0.0,14.963488781839107,293.85,NON_CEP,0.0,84.0,16.0,12.881,291830001481,1,0.0,190.0,9.466865969108122,14.963488781839107,HIGH,9,12,404.15,COMPLETE_BOTH,,NEITHER,,404.15,,,1,0,0,0,0,0,1,12,9,0,0,INCLUDED,1,,False,,,,1,0,0,1,95.8,94.7,56.5,72.2,100.0,4-Year,95.8,Outer Suburban,True
2023,048071,1070,LEE'S SUMMIT R-VII,LEE'S SUMMIT NORTH HIGH,9,12,144.0,115.9,80.4,140.0,112.9,80.6,4.0,3.0,75.0,419.2,397.2,395.3,407.2,12.0,12.0,100.0,9.0,12.0,75.0,3.0,4.0,75.0,9.9,12.0,82.5,Above Average,9.8,12.0,81.6,Above Average,3.0,4.0,75.0,Above Average,,,513.0,508.0,573.0,561.0,509.0,503.0,2007.0,1995.5,22.7,59.5,18.8,9.6,1.8,,9.6,,28.4,38.0,28.4,1,0.3,9.22,0,22.7,0.0,22.7,453.0,NON_CEP,0.0,81.6,18.400000000000006,10.6712,291830001481,1,0.0,185.0,9.25925925925926,22.7,HIGH,9,12,408.2,COMPLETE_BOTH,82.05,COMPLETE_BOTH,,408.2,82.05,82.05,1,0,0,0,0,0,1,12,9,0,0,INCLUDED,1,2022.0,True,404.15,,89.0625,1,0,0,0,,,50.0,100.0,100.0,5-Year,95.8,Outer Suburban,True
2024,048071,1070,LEE'S SUMMIT R-VII,LEE'S SUMMIT NORTH HIGH,9,12,144.0,127.0,88.1,140.0,124.0,88.5,4.0,3.0,75.0,414.0,374.5,385.0,403.5,12.0,12.0,100.0,9.0,12.0,75.0,3.0,4.0,75.0,12.0,12.0,100.0,Target,12.0,12.0,100.0,Target,3.0,4.0,75.0,On-Track,,,488.0,478.0,593.0,581.0,484.0,472.0,2000.0,1945.65,22.1,57.4,20.0,10.4,1.9,0.4,9.3,0.8,30.799999999999997,40.89999999999999,30.799999999999997,0,0.7,9.0,0,22.1,0.0,22.1,429.8,NON_CEP,0.0,80.8,19.200000000000003,14.2159,291830001481,1,0.0,193.0,9.948453608247423,22.1,HIGH,9,12,394.25,COMPLETE_BOTH,100.0,COMPLETE_BOTH,,394.25,100.0,100.0,1,0,0,0,0,0,1,12,9,0,0,INCLUDED,1,2023.0,True,408.2,82.05,80.4,1,0,0,0,,,50.0,100.0,100.0,6-Year,95.8,Outer Suburban,True
2025,048071,1070,LEE'S SUMMIT R-VII,LEE'S SUMMIT NORTH HIGH,9,12,144.0,130.0,90.2,140.0,127.0,90.7,4.0,3.0,75.0,402.9,402.9,397.8,413.1,12.0,12.0,100.0,12.0,12.0,100.0,3.0,4.0,75.0,9.0,12.0,75.0,On-Track,12.0,12.0,100.0,Target,3.0,4.0,75.0,On-Track,,,443.0,442.0,541.0,525.0,511.0,508.0,1941.0,1926.87,25.1,58.1,19.8,10.5,2.0,,9.0,,30.3,39.3,30.3,1,0.52,10.2,0,25.1,0.0,25.1,483.7,NON_CEP,0.0,81.4,18.599999999999994,13.9013,291830001481,1,0.0,193.0,9.948453608247423,25.1,HIGH,9,12,402.9,COMPLETE_BOTH,87.5,COMPLETE_BOTH,,402.9,87.5,87.5,1,0,0,0,0,0,1,12,9,0,0,INCLUDED,1,2024.0,True,394.25,100.0,88.1,1,0,0,0,,,50.0,100.0,100.0,7-Year,95.8,Outer Suburban,True
2022,048071,1085,LEE'S SUMMIT R-VII,LEE'S SUMMIT WEST HIGH,9,12,96.0,88.0,91.6666,,,,,,,420.9,409.8,396.1,395.1,,,,,,,,,,,,,,,,,,,,,,,,,,,,,,2044.0,2007.52,4.8,74.0,11.1,5.8,3.1,,6.0,,16.9,22.9,16.9,1,0.29,7.73,0,4.77853271698414,0.0,4.77853271698414,95.93,NON_CEP,0.0,86.1,13.900000000000006,7.5435,291830002795,1,0.0,62.0,3.1124497991967868,4.77853271698414,HIGH,9,12,415.35,COMPLETE_BOTH,,NEITHER,,415.35,,,1,0,0,0,0,0,1,12,9,0,0,INCLUDED,1,,False,,,,1,0,0,1,97.9,98.2,69.0,75.0,100.0,4-Year,97.9,Outer Suburban,True
2023,048071,1085,LEE'S SUMMIT R-VII,LEE'S SUMMIT WEST HIGH,9,12,142.0,104.5,73.5,138.0,101.5,73.5,4.0,3.0,75.0,436.9,413.9,403.4,411.5,12.0,12.0,100.0,12.0,12.0,100.0,4.0,4.0,100.0,10.9,12.0,90.8,Above Average,10.0,12.0,83.3,Above Average,1.6,4.0,40.0,Below Average,,,488.0,470.0,571.0,552.0,480.0,477.0,1995.0,1986.44,8.5,71.9,11.3,7.6,2.6,,6.6,,18.9,25.5,18.9,1,0.3,7.42,0,8.5,0.0,8.5,169.6,NON_CEP,0.0,85.5,14.5,8.8496,291830002795,1,0.0,61.0,3.0870445344129553,8.5,HIGH,9,12,425.4,COMPLETE_BOTH,87.05,COMPLETE_BOTH,,425.4,87.05,87.05,1,0,0,0,0,0,1,12,9,0,0,INCLUDED,1,2022.0,True,415.35,,91.6666,1,0,0,0,,,75.0,100.0,100.0,7-Year,97.9,Outer Suburban,True
2024,048071,1085,LEE'S SUMMIT R-VII,LEE'S SUMMIT WEST HIGH,9,12,144.0,139.5,96.8,140.0,135.5,96.7,4.0,4.0,100.0,426.9,403.5,407.5,421.5,12.0,12.0,100.0,12.0,12.0,100.0,4.0,4.0,100.0,12.0,12.0,100.0,Target,12.0,12.0,100.0,Target,4.0,4.0,100.0,Target,,,496.0,496.0,576.0,571.0,502.0,502.0,1978.0,1969.6,8.4,70.5,12.2,7.7,2.7,,6.8,,19.9,26.7,19.9,1,0.35,6.98,0,8.4,0.0,8.4,165.0,NON_CEP,0.0,87.3,12.700000000000003,9.3115,291830002795,1,0.0,73.0,3.651825912956478,8.4,HIGH,9,12,415.2,COMPLETE_BOTH,100.0,COMPLETE_BOTH,,415.2,100.0,100.0,1,0,0,0,0,0,1,12,9,0,0,INCLUDED,1,2023.0,True,425.4,87.05,73.5,1,0,0,0,,,75.0,100.0,100.0,6-Year,97.9,Outer Suburban,True
2025,048071,1085,LEE'S SUMMIT R-VII,LEE'S SUMMIT WEST HIGH,9,12,144.0,136.5,94.7,140.0,132.5,94.6,4.0,4.0,100.0,428.6,436.1,409.8,419.1,12.0,12.0,100.0,12.0,12.0,100.0,4.0,4.0,100.0,12.0,12.0,100.0,Target,12.0,12.0,100.0,Target,3.0,4.0,75.0,On-Track,,,479.0,477.0,538.0,523.0,522.0,521.0,2003.0,1976.65,10.7,68.6,13.5,7.7,2.3,,7.7,,21.2,28.9,21.2,1,,6.89,0,10.7,0.0,10.7,210.9,NON_CEP,0.0,86.7,13.299999999999997,8.5348,291830002795,1,0.0,73.0,3.651825912956478,10.7,HIGH,9,12,432.35,COMPLETE_BOTH,100.0,COMPLETE_BOTH,,432.35,100.0,100.0,1,0,0,0,0,0,1,12,9,0,0,INCLUDED,1,2024.0,True,415.2,100.0,96.8,1,0,0,0,,,50.0,100.0,100.0,7-Year,97.9,Outer Suburban,True
2022,048072,1050,HICKMAN MILLS C-1,RUSKIN HIGH SCHOOL,9,12,96.0,50.5,52.604099999999995,,,,,,,377.0,315.0,332.7,358.6,,,,,,,,,,,,,,,,,,,,,,,,,,,,,,1261.0,1149.78,100.0,9.6,68.0,15.6,2.5,,3.6,,83.6,87.19999999999999,83.6,1,3.33,15.15,0,102.3324021130867,1.0,100.0,1175.83,CEP,1.0,54.6,45.4,27.0922,291434003156,1,0.0,479.0,37.62765121759623,100.0,HIGH,9,12,346.0,COMPLETE_BOTH,,NEITHER,,346.0,,,1,0,0,0,0,0,1,12,9,0,0,INCLUDED,1,,False,,,,1,0,0,1,88.3,86.2,29.9,30.5,100.0,4-Year,88.3,Inner-Ring Suburban,True
2023,048072,1050,HICKMAN MILLS C-1,RUSKIN HIGH SCHOOL,9,12,144.0,88.5,61.4,140.0,88.5,63.2,4.0,0.0,0.0,374.1,319.8,319.5,365.1,6.0,12.0,50.0,6.0,12.0,50.0,2.0,4.0,50.0,10.8,12.0,90.0,Above Average,9.2,12.0,76.6,Above Average,2.4,4.0,60.0,Average,,,330.0,327.0,331.0,315.0,233.0,228.0,1263.0,1138.68,100.0,9.0,66.5,17.5,2.5,,3.8,,84.0,87.8,84.0,1,3.09,16.47,0,100.0,0.0,100.0,1214.9,CEP,1.0,56.6,43.4,27.0848,291434003156,1,0.0,451.0,36.37096774193548,100.0,HIGH,9,12,346.95000000000005,COMPLETE_BOTH,83.3,COMPLETE_BOTH,,346.95000000000005,83.3,83.3,1,0,0,0,0,0,1,12,9,0,0,INCLUDED,1,2022.0,True,346.0,,52.604099999999995,1,0,0,0,,,0.0,50.0,75.0,4-Year,88.3,Inner-Ring Suburban,True
2024,048072,1050,HICKMAN MILLS C-1,RUSKIN HIGH SCHOOL,9,12,144.0,98.0,68.0,140.0,98.0,70.0,4.0,0.0,0.0,369.8,348.9,328.9,373.4,6.0,12.0,50.0,6.0,12.0,50.0,2.0,4.0,50.0,12.0,12.0,100.0,Target,12.0,12.0,100.0,Target,3.0,4.0,75.0,On-Track,,,301.0,297.0,149.0,146.0,281.0,272.0,1237.0,1175.61,100.0,9.0,62.5,19.2,2.3,,5.9,,81.7,87.60000000000001,81.7,1,4.45,17.62,0,100.0,0.0,100.0,1202.4,CEP,1.0,49.3,50.7,26.9647,291434003156,1,0.0,456.0,35.10392609699769,100.0,HIGH,9,12,359.35,COMPLETE_BOTH,100.0,COMPLETE_BOTH,,359.35,100.0,100.0,1,0,0,0,0,0,1,12,9,0,0,INCLUDED,1,2023.0,True,346.95000000000005,83.3,61.4,1,0,0,0,,,0.0,50.0,75.0,5-Year,88.3,Inner-Ring Suburban,True
2025,048072,1050,HICKMAN MILLS C-1,RUSKIN HIGH SCHOOL,9,12,144.0,117.0,81.2,140.0,117.0,83.5,4.0,0.0,0.0,381.4,368.8,348.0,367.2,9.0,12.0,75.0,6.0,12.0,50.0,2.0,4.0,50.0,12.0,12.0,100.0,Target,12.0,12.0,100.0,Target,4.0,4.0,100.0,Target,,,257.0,248.0,208.0,205.0,209.0,207.0,1290.0,1231.1,100.0,8.8,60.7,20.9,2.6,,6.0,,81.6,87.6,81.6,1,6.59,20.31,0,100.0,0.0,100.0,1231.1,CEP,1.0,50.7,49.3,31.2414,291434003156,1,0.0,456.0,35.10392609699769,100.0,HIGH,9,12,375.1,COMPLETE_BOTH,100.0,COMPLETE_BOTH,,375.1,100.0,100.0,1,0,0,0,0,0,1,12,9,0,0,INCLUDED,1,2024.0,True,359.35,100.0,68.0,1,0,0,0,,,50.0,75.0,100.0,4-Year,88.3,Inner-Ring Suburban,True
2022,048073,1050,RAYTOWN C-2,RAYTOWN SR. HIGH,9,12,96.0,53.5,55.729099999999995,,,,,,,385.6,342.1,345.5,367.5,,,,,,,,,,,,,,,,,,,,,,,,,,,,,,1443.0,1399.66,65.4,22.7,54.3,14.7,1.0,0.5,6.5,0.3,69.5,76.3,69.5,0,2.43,15.94,0,66.20036294528671,0.0,66.20036294528671,926.58,NON_CEP,0.0,62.2,37.8,16.7328,292607001525,1,0.0,349.0,25.567765567765566,66.20036294528671,HIGH,9,12,363.85,COMPLETE_BOTH,,NEITHER,,363.85,,,1,0,0,0,0,0,1,12,9,0,0,INCLUDED,1,,False,,,,1,0,0,1,79.9,86.8,35.7999999999999,34.7999999999999,100.0,4-Year,79.9,Inner-Ring Suburban,True
2023,048073,1050,RAYTOWN C-2,RAYTOWN SR. HIGH,9,12,144.0,64.7,44.9,140.0,64.7,46.2,4.0,0.0,0.0,369.4,321.1,335.7,368.7,6.0,12.0,50.0,0.0,12.0,0.0,2.0,4.0,50.0,8.3,12.0,69.1,Average,0.0,12.0,0.0,Participation,2.3,4.0,57.5,Average,,,361.0,348.0,375.0,350.0,328.0,320.0,1375.0,1333.69,55.7,20.7,52.9,15.9,0.9,0.5,8.6,0.7,69.3,78.6,69.3,0,3.35,16.51,0,55.7,0.0,55.7,742.7,NON_CEP,0.0,59.5,40.5,20.2462,292607001525,1,0.0,320.0,23.84500745156483,55.7,HIGH,9,12,345.25,COMPLETE_BOTH,34.55,COMPLETE_BOTH,,345.25,34.55,34.55,1,0,0,0,0,0,1,12,9,0,0,INCLUDED,1,2022.0,True,363.85,,55.729099999999995,1,0,0,0,,,50.0,50.0,75.0,7-Year,79.9,Inner-Ring Suburban,True
2024,048073,1050,RAYTOWN C-2,RAYTOWN SR. HIGH,9,12,144.0,94.5,65.6,140.0,94.5,67.5,4.0,0.0,0.0,375.6,317.5,333.2,362.8,6.0,12.0,50.0,6.0,12.0,50.0,2.0,4.0,50.0,9.0,12.0,75.0,On-Track,9.0,12.0,75.0,On-Track,3.0,4.0,75.0,On-Track,,,350.0,339.0,388.0,378.0,334.0,328.0,1353.0,1307.43,53.9,18.4,53.6,18.0,1.0,0.4,8.2,0.4,72.0,80.60000000000001,72.0,0,3.99,17.07,0,53.900000000000006,0.0,53.900000000000006,705.0,NON_CEP,0.0,57.8,42.2,20.6629,292607001525,1,0.0,290.0,22.65625,53.900000000000006,HIGH,9,12,346.55,COMPLETE_BOTH,75.0,COMPLETE_BOTH,,346.55,75.0,75.0,1,0,0,0,0,0,1,12,9,0,0,INCLUDED,1,2023.0,True,345.25,34.55,44.9,1,0,0,0,,,50.0,50.0,75.0,7-Year,79.9,Inner-Ring Suburban,True
2025,048073,1050,RAYTOWN C-2,RAYTOWN SR. HIGH,9,12,144.0,73.0,50.6,140.0,73.0,52.1,4.0,0.0,0.0,353.0,306.3,340.3,365.1,6.0,12.0,50.0,6.0,12.0,50.0,2.0,4.0,50.0,3.0,12.0,25.0,Emerging,3.0,12.0,25.0,Emerging,3.0,4.0,75.0,On-Track,,,345.0,337.0,446.0,435.0,330.0,326.0,1285.0,1292.0,54.5,18.7,52.0,17.7,0.5,,10.5,,69.7,80.2,69.7,1,5.84,17.9,0,54.50000000000001,0.0,54.50000000000001,704.0,NON_CEP,0.0,56.3,43.7,21.8182,292607001525,1,0.0,290.0,22.65625,54.50000000000001,HIGH,9,12,329.65,COMPLETE_BOTH,25.0,COMPLETE_BOTH,,329.65,25.0,25.0,1,0,0,0,0,0,1,12,9,0,0,INCLUDED,1,2024.0,True,346.55,75.0,65.6,1,0,0,0,,,50.0,50.0,75.0,7-Year,79.9,Inner-Ring Suburban,True
2022,048073,1075,RAYTOWN C-2,RAYTOWN SOUTH SR. HIGH,9,12,96.0,48.5,50.5208,,,,,,,376.2,320.2,334.7,354.7,,,,,,,,,,,,,,,,,,,,,,,,,,,,,,1152.0,1099.86,66.3,21.0,56.6,13.5,1.0,,7.3,,70.1,77.39999999999999,70.1,1,2.78,17.45,0,67.34584401651121,0.0,67.34584401651121,740.71,NON_CEP,0.0,62.4,37.6,20.4583,292607001526,1,0.0,289.0,24.38818565400844,67.34584401651121,HIGH,9,12,348.2,COMPLETE_BOTH,,NEITHER,,348.2,,,1,0,0,0,0,0,1,12,9,0,0,INCLUDED,1,,False,,,,1,0,0,1,81.5,82.8,36.7999999999999,30.6,100.0,4-Year,81.5,Inner-Ring Suburban,True
2023,048073,1075,RAYTOWN C-2,RAYTOWN SOUTH SR. HIGH,9,12,144.0,83.7,58.1,140.0,83.7,59.7,4.0,0.0,0.0,366.3,310.9,327.3,361.6,6.0,12.0,50.0,6.0,12.0,50.0,2.0,4.0,50.0,7.1,12.0,59.1,Average,7.1,12.0,59.1,Average,2.5,4.0,62.5,Average,,,326.0,321.0,406.0,391.0,342.0,340.0,1193.0,1153.27,58.5,19.8,56.3,14.8,0.8,,7.7,,71.1,78.8,71.1,1,3.44,17.1,0,58.5,0.0,58.5,675.1,NON_CEP,0.0,58.5,41.5,16.881,292607001526,1,0.0,243.0,20.610687022900763,58.5,HIGH,9,12,338.6,COMPLETE_BOTH,59.1,COMPLETE_BOTH,,338.6,59.1,59.1,1,0,0,0,0,0,1,12,9,0,0,INCLUDED,1,2022.0,True,348.2,,50.5208,1,0,0,0,,,50.0,50.0,75.0,7-Year,81.5,Inner-Ring Suburban,True
2024,048073,1075,RAYTOWN C-2,RAYTOWN SOUTH SR. HIGH,9,12,144.0,93.0,64.5,140.0,93.0,66.4,4.0,0.0,0.0,368.7,314.4,331.0,362.9,6.0,12.0,50.0,6.0,12.0,50.0,2.0,4.0,50.0,9.0,12.0,75.0,On-Track,9.0,12.0,75.0,On-Track,3.0,4.0,75.0,On-Track,,,289.0,281.0,396.0,387.0,286.0,280.0,1183.0,1126.13,54.8,18.0,59.1,15.0,0.8,,6.3,,74.1,80.39999999999999,74.1,1,3.47,15.72,0,54.79999999999999,0.0,54.79999999999999,617.4,NON_CEP,0.0,55.0,45.0,17.0178,292607001526,1,0.0,268.0,24.609733700642792,54.79999999999999,HIGH,9,12,341.54999999999995,COMPLETE_BOTH,75.0,COMPLETE_BOTH,,341.54999999999995,75.0,75.0,1,0,0,0,0,0,1,12,9,0,0,INCLUDED,1,2023.0,True,338.6,59.1,58.1,1,0,0,0,,,50.0,50.0,75.0,6-Year,81.5,Inner-Ring Suburban,True
2025,048073,1075,RAYTOWN C-2,RAYTOWN SOUTH SR. HIGH,9,12,144.0,100.5,69.7,140.0,100.5,71.7,4.0,0.0,0.0,378.9,328.0,357.2,372.5,6.0,12.0,50.0,6.0,12.0,50.0,2.0,4.0,50.0,12.0,12.0,100.0,Target,9.0,12.0,75.0,On-Track,4.0,4.0,100.0,Target,,,257.0,253.0,341.0,332.0,258.0,256.0,1098.0,1081.86,59.1,16.8,59.3,15.3,,,6.9,0.7,74.6,82.2,74.6,1,4.01,15.66,0,59.099999999999994,0.0,59.099999999999994,639.9,NON_CEP,0.0,52.3,47.7,19.7403,292607001526,1,0.0,268.0,24.609733700642792,59.099999999999994,HIGH,9,12,353.45,COMPLETE_BOTH,87.5,COMPLETE_BOTH,,353.45,87.5,87.5,1,0,0,0,0,0,1,12,9,0,0,INCLUDED,1,2024.0,True,341.54999999999995,75.0,64.5,1,0,0,0,,,50.0,50.0,75.0,7-Year,81.5,Inner-Ring Suburban,True
2022,048074,1050,GRANDVIEW C-4,GRANDVIEW SR. HIGH,9,12,96.0,54.0,56.25,,,,,,,372.7,341.7,330.6,364.3,,,,,,,,,,,,,,,,,,,,,,,,,,,,,,1104.0,1090.03,46.2,18.0,47.9,27.1,0.8,,5.5,,75.0,80.5,75.0,1,6.79,13.59,0,46.741832793592835,0.0,46.741832793592835,509.5,NON_CEP,0.0,50.6,49.4,22.9605,291314000556,1,0.0,274.0,24.420677361853834,46.741832793592835,HIGH,9,12,357.2,COMPLETE_BOTH,,NEITHER,,357.2,,,1,0,0,0,0,0,1,12,9,0,0,INCLUDED,1,,False,,,,1,0,0,1,74.0,77.8,48.1,18.7,100.0,4-Year,74.0,Inner-Ring Suburban,True
2023,048074,1050,GRANDVIEW C-4,GRANDVIEW SR. HIGH,9,12,142.0,78.3,55.1,138.0,78.3,56.7,4.0,0.0,0.0,385.8,324.6,352.6,364.3,9.0,12.0,75.0,6.0,12.0,50.0,2.0,4.0,50.0,7.9,12.0,65.8,Average,2.3,12.0,19.1,Below Average,1.7,4.0,42.5,Below Average,,,258.0,252.0,296.0,289.0,225.0,222.0,1123.0,1106.27,60.6,16.0,47.9,28.1,1.2,,6.2,,76.0,82.2,76.0,1,8.01,13.89,0,60.6,0.0,60.6,670.0,NON_CEP,0.0,55.2,44.8,23.9933,291314000556,1,0.0,280.0,23.972602739726025,60.6,HIGH,9,12,355.20000000000005,COMPLETE_BOTH,42.45,COMPLETE_BOTH,,355.20000000000005,42.45,42.45,1,0,0,0,0,0,1,12,9,0,0,INCLUDED,1,2022.0,True,357.2,,56.25,1,0,0,0,,,50.0,50.0,75.0,7-Year,74.0,Inner-Ring Suburban,True
2024,048074,1050,GRANDVIEW C-4,GRANDVIEW SR. HIGH,9,12,144.0,64.0,44.4,140.0,64.0,45.7,4.0,0.0,0.0,375.0,325.0,345.1,354.5,6.0,12.0,50.0,6.0,12.0,50.0,2.0,4.0,50.0,3.0,12.0,25.0,Emerging,3.0,12.0,25.0,Emerging,2.0,4.0,50.0,Approaching,,,253.0,251.0,309.0,307.0,297.0,296.0,1168.0,1141.27,55.9,14.4,49.1,28.6,0.9,,6.3,,77.7,84.0,77.7,1,9.67,13.01,0,55.89999999999999,0.0,55.89999999999999,637.5,NON_CEP,0.0,57.4,42.6,26.9592,291314000556,1,0.0,255.0,21.197007481296758,55.89999999999999,HIGH,9,12,350.0,COMPLETE_BOTH,25.0,COMPLETE_BOTH,,350.0,25.0,25.0,1,0,0,0,0,0,1,12,9,0,0,INCLUDED,1,2023.0,True,355.20000000000005,42.45,55.1,1,0,0,0,,,50.0,50.0,50.0,7-Year,74.0,Inner-Ring Suburban,True
2025,048074,1050,GRANDVIEW C-4,GRANDVIEW SR. HIGH,9,12,144.0,68.0,47.2,140.0,68.0,48.5,4.0,0.0,0.0,379.9,320.2,346.2,357.7,6.0,12.0,50.0,6.0,12.0,50.0,2.0,4.0,50.0,6.0,12.0,50.0,Approaching,3.0,12.0,25.0,Emerging,1.0,4.0,25.0,Emerging,,,247.0,243.0,311.0,307.0,289.0,288.0,1201.0,1196.63,46.3,13.2,45.9,32.6,0.7,,7.2,,78.5,85.7,78.5,1,10.91,12.82,0,46.3,0.0,46.3,554.3,NON_CEP,0.0,44.4,55.6,20.8,291314000556,1,0.0,255.0,21.197007481296758,46.3,HIGH,9,12,350.04999999999995,COMPLETE_BOTH,37.5,COMPLETE_BOTH,,350.04999999999995,37.5,37.5,1,0,0,0,0,0,1,12,9,0,0,INCLUDED,1,2024.0,True,350.0,25.0,44.4,1,0,0,0,,,50.0,50.0,50.0,7-Year,74.0,Inner-Ring Suburban,True
2023,048077,1021,INDEPENDENCE 30,INDEPENDENCE ACADEMY,9,12,36.0,20.8,57.7,36.0,20.8,57.7,0.0,0.0,,,,,,6.0,12.0,50.0,6.0,12.0,50.0,,,,,,,nan,8.8,12.0,73.3,Average,,,,nan,,,6.0,6.0,13.0,13.0,,,,,,,,,,,,,0.0,0.0,0.0,1,,,0,,,,,UNKNOWN,,,,,291548001707,4,0.0,,,,HIGH,9,12,,NEITHER,,MATH_ONLY,,,,,1,0,0,0,1,0,0,12,9,0,0,ALTERNATIVE_SCHOOL,0,,False,,,,0,0,1,1,,,,,,nan,,Inner-Ring Suburban,True
2022,048077,1050,INDEPENDENCE 30,TRUMAN HIGH,9,12,96.0,78.0,81.25,,,,,,,393.4,359.5,376.6,382.4,,,,,,,,,,,,,,,,,,,,,,,,,,,,,,1616.0,1568.0,35.3,54.1,14.2,19.6,1.2,0.5,9.6,0.8,34.3,44.699999999999996,34.3,0,4.95,9.96,0,35.267857142857146,0.0,35.267857142857146,553.0,NON_CEP,0.0,69.5,30.5,32.6675,291548000722,1,0.0,254.0,15.282791817087846,35.267857142857146,HIGH,9,12,376.45,COMPLETE_BOTH,,NEITHER,,376.45,,,1,0,0,0,0,0,1,12,9,0,0,INCLUDED,1,,False,,,,1,0,0,1,95.2,96.4,77.9,66.9,100.0,4-Year,95.2,Inner-Ring Suburban,True
2023,048077,1050,INDEPENDENCE 30,TRUMAN HIGH,9,12,144.0,107.9,74.9,140.0,107.9,77.0,4.0,0.0,0.0,402.6,367.6,385.5,385.5,12.0,12.0,100.0,6.0,12.0,50.0,3.0,4.0,75.0,6.5,12.0,54.1,Average,8.3,12.0,69.1,Average,3.4,4.0,85.0,Above Average,,,361.0,361.0,306.0,304.0,394.0,394.0,1684.0,1595.67,51.3,50.4,15.6,21.3,1.2,,10.6,,36.9,47.5,36.9,1,5.94,10.04,0,51.300000000000004,0.0,51.300000000000004,818.2,NON_CEP,0.0,66.9,33.099999999999994,30.1782,291548000722,1,0.0,246.0,14.470588235294118,51.300000000000004,HIGH,9,12,385.1,COMPLETE_BOTH,61.599999999999994,COMPLETE_BOTH,,385.1,61.599999999999994,61.599999999999994,1,0,0,0,0,0,1,12,9,0,0,INCLUDED,1,2022.0,True,376.45,,81.25,1,0,0,0,,,75.0,100.0,100.0,6-Year,95.2,Inner-Ring Suburban,True
2024,048077,1050,INDEPENDENCE 30,TRUMAN HIGH,9,12,144.0,105.0,72.9,140.0,105.0,75.0,4.0,0.0,0.0,385.4,342.1,352.5,380.4,9.0,12.0,75.0,6.0,12.0,50.0,2.0,4.0,50.0,9.0,12.0,75.0,On-Track,6.0,12.0,50.0,Approaching,3.0,4.0,75.0,On-Track,,,428.0,426.0,375.0,372.0,437.0,435.0,1726.0,1592.19,56.1,53.8,16.1,23.7,1.1,0.3,4.2,0.8,40.099999999999994,45.099999999999994,40.099999999999994,0,8.29,9.91,0,56.10000000000001,0.0,56.10000000000001,892.7,NON_CEP,0.0,66.4,33.599999999999994,32.5341,291548000722,1,0.0,290.0,16.86046511627907,56.10000000000001,HIGH,9,12,363.75,COMPLETE_BOTH,62.5,COMPLETE_BOTH,,363.75,62.5,62.5,1,0,0,0,0,0,1,12,9,0,0,INCLUDED,1,2023.0,True,385.1,61.599999999999994,74.9,1,0,0,0,,,75.0,100.0,100.0,7-Year,95.2,Inner-Ring Suburban,True
2025,048077,1050,INDEPENDENCE 30,TRUMAN HIGH,9,12,144.0,110.0,76.3,140.0,110.0,78.5,4.0,0.0,0.0,383.3,354.4,370.4,376.8,9.0,12.0,75.0,6.0,12.0,50.0,2.0,4.0,50.0,9.0,12.0,75.0,On-Track,9.0,12.0,75.0,On-Track,2.0,4.0,50.0,Approaching,,,378.0,374.0,424.0,407.0,423.0,420.0,1751.0,1603.38,59.5,44.8,15.9,27.0,0.9,0.5,9.9,1.1,43.4,54.4,43.4,0,11.42,10.85,0,59.5,0.0,59.5,953.7,NON_CEP,0.0,64.2,35.8,32.81,291548000722,1,0.0,290.0,16.86046511627907,59.5,HIGH,9,12,368.85,COMPLETE_BOTH,75.0,COMPLETE_BOTH,,368.85,75.0,75.0,1,0,0,0,0,0,1,12,9,0,0,INCLUDED,1,2024.0,True,363.75,62.5,72.9,1,0,0,0,,,75.0,100.0,100.0,7-Year,95.2,Inner-Ring Suburban,True
2022,048077,1075,INDEPENDENCE 30,WILLIAM CHRISMAN HIGH,9,12,96.0,71.5,74.4791,,,,,,,383.8,354.1,369.1,398.0,,,,,,,,,,,,,,,,,,,,,,,,,,,,,,1481.0,1393.37,50.5,56.5,13.6,15.6,1.1,0.9,10.9,1.4,30.099999999999998,42.4,30.099999999999998,0,3.04,13.3,0,50.50273796622577,0.0,50.50273796622577,703.69,NON_CEP,0.0,60.4,39.6,37.8157,291548000724,1,0.0,339.0,24.11095305832148,50.50273796622577,HIGH,9,12,368.95000000000005,COMPLETE_BOTH,,NEITHER,,368.95000000000005,,,1,0,0,0,0,0,1,12,9,0,0,INCLUDED,1,,False,,,,1,0,0,1,91.4,94.4,58.1,52.2,100.0,4-Year,91.4,Inner-Ring Suburban,True
2023,048077,1075,INDEPENDENCE 30,WILLIAM CHRISMAN HIGH,9,12,144.0,95.3,66.1,140.0,95.3,68.0,4.0,0.0,0.0,395.5,344.0,371.4,397.8,9.0,12.0,75.0,0.0,12.0,0.0,2.0,4.0,50.0,10.3,12.0,85.8,Above Average,0.0,12.0,0.0,Participation,3.5,4.0,87.5,Above Average,,,327.0,323.0,341.0,323.0,371.0,365.0,1426.0,1364.68,65.3,56.1,11.6,18.0,0.8,0.9,11.2,1.3,30.5,43.0,30.5,0,2.03,13.18,0,65.3,0.0,65.3,890.8,NON_CEP,0.0,61.5,38.5,32.1688,291548000724,1,0.0,359.0,24.91325468424705,65.3,HIGH,9,12,369.75,COMPLETE_BOTH,42.9,COMPLETE_BOTH,,369.75,42.9,42.9,1,0,0,0,0,0,1,12,9,0,0,INCLUDED,1,2022.0,True,368.95000000000005,,74.4791,1,0,0,0,,,50.0,100.0,100.0,7-Year,91.4,Inner-Ring Suburban,True
2024,048077,1075,INDEPENDENCE 30,WILLIAM CHRISMAN HIGH,9,12,144.0,108.5,75.3,140.0,108.5,77.5,4.0,0.0,0.0,384.5,336.3,353.7,391.8,9.0,12.0,75.0,6.0,12.0,50.0,2.0,4.0,50.0,9.0,12.0,75.0,On-Track,9.0,12.0,75.0,On-Track,3.0,4.0,75.0,On-Track,,,346.0,343.0,397.0,392.0,370.0,367.0,1451.0,1315.43,64.6,62.7,12.9,17.8,0.6,0.8,3.5,1.6,31.500000000000004,36.6,31.500000000000004,0,2.07,12.75,0,64.6,0.0,64.6,849.2,NON_CEP,0.0,64.1,35.900000000000006,36.3346,291548000724,1,0.0,371.0,26.182074805928018,64.6,HIGH,9,12,360.4,COMPLETE_BOTH,75.0,COMPLETE_BOTH,,360.4,75.0,75.0,1,0,0,0,0,0,1,12,9,0,0,INCLUDED,1,2023.0,True,369.75,42.9,66.1,1,0,0,0,,,50.0,100.0,100.0,7-Year,91.4,Inner-Ring Suburban,True
2025,048077,1075,INDEPENDENCE 30,WILLIAM CHRISMAN HIGH,9,12,144.0,108.5,75.3,140.0,108.5,77.5,4.0,0.0,0.0,391.9,346.1,361.3,384.6,9.0,12.0,75.0,6.0,12.0,50.0,2.0,4.0,50.0,12.0,12.0,100.0,Target,6.0,12.0,50.0,Approaching,2.0,4.0,50.0,Approaching,,,320.0,318.0,338.0,328.0,372.0,371.0,1435.0,1346.79,66.5,53.0,15.2,18.0,0.4,0.9,11.1,1.3,34.1,46.5,34.1,0,3.0,12.47,0,66.5,0.0,66.5,895.7,NON_CEP,0.0,62.3,37.7,33.1152,291548000724,1,0.0,371.0,26.182074805928018,66.5,HIGH,9,12,369.0,COMPLETE_BOTH,75.0,COMPLETE_BOTH,,369.0,75.0,75.0,1,0,0,0,0,0,1,12,9,0,0,INCLUDED,1,2024.0,True,360.4,75.0,75.3,1,0,0,0,,,50.0,100.0,100.0,7-Year,91.4,Inner-Ring Suburban,True
2022,048077,1090,INDEPENDENCE 30,VAN HORN HIGH,9,12,96.0,64.5,67.1875,,,,,,,353.0,300.1,334.0,382.4,,,,,,,,,,,,,,,,,,,,,,,,,,,,,,1078.0,1009.4,55.6,41.2,14.4,33.3,,,10.1,0.5,47.699999999999996,58.3,47.699999999999996,1,8.91,13.17,0,55.6221517733307,0.0,55.6221517733307,561.45,NON_CEP,0.0,51.3,48.7,40.6707,291548003096,1,0.0,269.0,25.69245463228271,55.6221517733307,HIGH,9,12,326.55,COMPLETE_BOTH,,NEITHER,,326.55,,,1,0,0,0,0,0,1,12,9,0,0,INCLUDED,1,,False,,,,1,0,0,1,94.6,93.7,57.8,62.2,100.0,4-Year,94.6,Inner-Ring Suburban,True
2023,048077,1090,INDEPENDENCE 30,VAN HORN HIGH,9,12,144.0,94.8,65.8,140.0,94.8,67.7,4.0,0.0,0.0,374.0,323.1,326.4,378.3,6.0,12.0,50.0,6.0,12.0,50.0,2.0,4.0,50.0,9.1,12.0,75.8,Above Average,7.1,12.0,59.1,Average,1.7,4.0,42.5,Below Average,,,250.0,245.0,258.0,251.0,311.0,309.0,1068.0,1013.83,73.6,37.2,14.8,37.8,0.6,,9.3,,52.599999999999994,61.89999999999999,52.599999999999994,1,8.9,12.36,0,73.6,0.0,73.6,746.1,NON_CEP,0.0,51.2,48.8,41.9466,291548003096,1,0.0,307.0,27.583108715184185,73.6,HIGH,9,12,348.55,COMPLETE_BOTH,67.45,COMPLETE_BOTH,,348.55,67.45,67.45,1,0,0,0,0,0,1,12,9,0,0,INCLUDED,1,2022.0,True,326.55,,67.1875,1,0,0,0,,,50.0,75.0,100.0,5-Year,94.6,Inner-Ring Suburban,True
2024,048077,1090,INDEPENDENCE 30,VAN HORN HIGH,9,12,144.0,88.0,61.1,140.0,88.0,62.8,4.0,0.0,0.0,364.6,320.1,342.0,371.9,6.0,12.0,50.0,6.0,12.0,50.0,2.0,4.0,50.0,6.0,12.0,50.0,Approaching,3.0,12.0,25.0,Emerging,2.0,4.0,50.0,Approaching,,,264.0,262.0,213.0,211.0,315.0,313.0,1125.0,1011.08,73.6,42.4,16.0,36.7,0.6,,3.9,,52.7,56.6,52.7,1,9.07,12.53,0,73.6,0.0,73.6,744.1,NON_CEP,0.0,54.6,45.4,43.8784,291548003096,1,0.0,297.0,27.835051546391753,73.6,HIGH,9,12,342.35,COMPLETE_BOTH,37.5,COMPLETE_BOTH,,342.35,37.5,37.5,1,0,0,0,0,0,1,12,9,0,0,INCLUDED,1,2023.0,True,348.55,67.45,65.8,1,0,0,0,,,50.0,75.0,100.0,6-Year,94.6,Inner-Ring Suburban,True
2025,048077,1090,INDEPENDENCE 30,VAN HORN HIGH,9,12,144.0,89.0,61.8,140.0,89.0,63.5,4.0,0.0,0.0,362.1,338.8,339.6,379.1,6.0,12.0,50.0,6.0,12.0,50.0,2.0,4.0,50.0,3.0,12.0,25.0,Emerging,6.0,12.0,50.0,Approaching,2.0,4.0,50.0,Approaching,,,277.0,277.0,302.0,302.0,300.0,300.0,1089.0,1027.03,75.4,34.8,14.7,39.0,0.7,,10.7,,53.7,64.4,53.7,1,10.47,12.03,0,75.4,0.0,75.4,774.7,NON_CEP,0.0,58.8,41.2,44.5502,291548003096,1,0.0,297.0,27.835051546391753,75.4,HIGH,9,12,350.45000000000005,COMPLETE_BOTH,37.5,COMPLETE_BOTH,,350.45000000000005,37.5,37.5,1,0,0,0,0,0,1,12,9,0,0,INCLUDED,1,2024.0,True,342.35,37.5,61.1,1,0,0,0,,,50.0,75.0,100.0,7-Year,94.6,Inner-Ring Suburban,True
2022,048078,1200,KANSAS CITY 33,CENTRAL HIGH SCHOOL,9,12,96.0,33.0,34.375,,,,,,,338.7,289.8,279.1,331.4,,,,,,,,,,,,,,,,,,,,,,,,,,,,,,467.0,500.5,100.0,3.4,85.0,9.6,,,1.3,,94.6,95.89999999999999,94.6,1,3.0,20.77,0,119.2233009708738,1.0,100.0,614.0,NON_CEP,0.0,23.2,76.8,52.993,291640000840,1,0.0,265.0,49.532710280373834,100.0,HIGH,9,12,314.25,COMPLETE_BOTH,,NEITHER,,314.25,,,1,0,0,0,0,0,1,12,9,0,0,INCLUDED,1,,False,,,,1,0,0,1,55.8,79.9,29.9,27.3,100.0,4-Year,55.8,Urban Core (KCPS),True
2023,048078,1200,KANSAS CITY 33,CENTRAL HIGH SCHOOL,9,12,144.0,49.9,34.6,140.0,49.9,35.6,4.0,0.0,0.0,334.8,292.9,281.7,336.9,6.0,12.0,50.0,0.0,12.0,0.0,0.0,4.0,0.0,7.3,12.0,60.8,Average,0.0,12.0,0.0,Participation,2.8,4.0,70.0,Average,,,167.0,163.0,127.0,116.0,136.0,130.0,534.0,530.0,99.8,6.4,80.1,10.9,,,1.3,,91.0,92.3,91.0,1,2.81,14.23,0,99.8,0.0,99.8,529.0,CEP,1.0,24.0,76.0,61.5581,291640000840,1,0.0,248.0,46.441947565543074,99.8,HIGH,9,12,313.85,COMPLETE_BOTH,30.4,COMPLETE_BOTH,,313.85,30.4,30.4,1,0,0,0,0,0,1,12,9,0,0,INCLUDED,1,2022.0,True,314.25,,34.375,1,0,0,0,,,0.0,50.0,50.0,6-Year,55.8,Urban Core (KCPS),True
2024,048078,1200,KANSAS CITY 33,CENTRAL HIGH SCHOOL,9,12,144.0,57.5,39.9,140.0,57.5,41.0,4.0,0.0,0.0,343.6,297.4,289.7,336.7,6.0,12.0,50.0,0.0,12.0,0.0,0.0,4.0,0.0,3.0,12.0,25.0,Emerging,6.0,12.0,50.0,Approaching,2.0,4.0,50.0,Approaching,,,129.0,129.0,123.0,123.0,107.0,107.0,539.0,524.05,100.0,6.7,78.1,11.5,,,1.9,0.9,89.6,92.4,89.6,1,4.64,11.5,0,100.0,0.0,100.0,524.1,CEP,1.0,16.8,83.2,60.719,291640000840,1,0.0,277.0,53.371868978805395,100.0,HIGH,9,12,320.5,COMPLETE_BOTH,37.5,COMPLETE_BOTH,,320.5,37.5,37.5,1,0,0,0,0,0,1,12,9,0,0,INCLUDED,1,2023.0,True,313.85,30.4,34.6,1,0,0,0,,,0.0,50.0,50.0,7-Year,55.8,Urban Core (KCPS),True
2025,048078,1200,KANSAS CITY 33,CENTRAL HIGH SCHOOL,9,12,144.0,95.5,66.3,140.0,95.5,68.2,4.0,0.0,0.0,348.4,328.6,323.0,361.0,6.0,12.0,50.0,6.0,12.0,50.0,2.0,4.0,50.0,12.0,12.0,100.0,Target,12.0,12.0,100.0,Target,4.0,4.0,100.0,Target,,,136.0,136.0,175.0,172.0,133.0,133.0,518.0,520.0,100.0,5.6,78.6,11.6,,,2.5,1.2,90.19999999999999,93.89999999999999,90.19999999999999,1,6.37,14.67,0,100.0,0.0,100.0,520.0,CEP,1.0,14.0,86.0,47.3201,291640000840,1,0.0,277.0,53.371868978805395,100.0,HIGH,9,12,338.5,COMPLETE_BOTH,100.0,COMPLETE_BOTH,,338.5,100.0,100.0,1,0,0,0,0,0,1,12,9,0,0,INCLUDED,1,2024.0,True,320.5,37.5,39.9,1,0,0,0,,,0.0,50.0,75.0,4-Year,55.8,Urban Core (KCPS),True
2022,048078,1220,KANSAS CITY 33,LINCOLN COLLEGE PREP.,9,12,96.0,83.5,86.9791,,,,,,,417.9,355.6,405.3,413.7,,,,,,,,,,,,,,,,,,,,,,,,,,,,,,1005.0,979.0,100.0,21.8,38.6,30.4,5.6,0.5,1.3,1.8,69.5,72.6,69.5,0,0.7,1.49,0,110.88504577822991,1.0,100.0,1090.0,NON_CEP,0.0,67.0,33.0,11.7413,291640000844,1,0.0,154.0,17.16833890746934,100.0,HIGH,9,12,386.75,COMPLETE_BOTH,,NEITHER,,386.75,,,1,0,0,0,0,0,1,12,9,0,0,INCLUDED,1,,False,,,,1,0,0,1,97.6,100.0,75.2,104.5,100.0,4-Year,97.6,Urban Core (KCPS),True
2023,048078,1220,KANSAS CITY 33,LINCOLN COLLEGE PREP.,9,12,144.0,106.1,73.6,140.0,106.1,75.7,4.0,0.0,0.0,428.8,359.3,416.8,418.5,12.0,12.0,100.0,6.0,12.0,50.0,4.0,4.0,100.0,4.7,12.0,39.1,Below Average,4.8,12.0,40.0,Below Average,3.1,4.0,77.5,Above Average,,,208.0,208.0,295.0,294.0,201.0,201.0,898.0,886.0,100.0,23.3,41.0,27.4,5.0,,,,68.4,68.4,68.4,1,0.56,1.56,0,100.0,0.0,100.0,886.0,CEP,1.0,76.5,23.5,14.3653,291640000844,1,0.0,145.0,15.1356993736952,100.0,HIGH,9,12,394.05,COMPLETE_BOTH,39.55,COMPLETE_BOTH,,394.05,39.55,39.55,1,0,0,0,0,0,1,12,9,0,0,INCLUDED,1,2022.0,True,386.75,,86.9791,1,0,0,0,,,100.0,100.0,100.0,6-Year,97.6,Urban Core (KCPS),True
2024,048078,1220,KANSAS CITY 33,LINCOLN COLLEGE PREP.,9,12,144.0,102.5,71.1,140.0,102.5,73.2,4.0,0.0,0.0,426.7,372.5,409.5,425.2,12.0,12.0,100.0,9.0,12.0,75.0,4.0,4.0,100.0,3.0,12.0,25.0,Emerging,3.0,12.0,25.0,Emerging,2.0,4.0,50.0,Approaching,,,267.0,267.0,296.0,296.0,273.0,273.0,958.0,947.0,100.0,22.7,42.8,25.3,5.4,,2.1,,68.1,70.19999999999999,68.1,1,1.36,1.46,0,100.0,0.0,100.0,947.0,CEP,1.0,68.5,31.5,16.6667,291640000844,1,0.0,166.0,16.649949849548644,100.0,HIGH,9,12,399.6,COMPLETE_BOTH,25.0,COMPLETE_BOTH,,399.6,25.0,25.0,1,0,0,0,0,0,1,12,9,0,0,INCLUDED,1,2023.0,True,394.05,39.55,73.6,1,0,0,0,,,100.0,100.0,100.0,5-Year,97.6,Urban Core (KCPS),True
2025,048078,1220,KANSAS CITY 33,LINCOLN COLLEGE PREP.,9,12,144.0,99.0,68.7,140.0,99.0,70.7,4.0,0.0,0.0,442.0,397.0,430.2,411.7,12.0,12.0,100.0,0.0,12.0,0.0,4.0,4.0,100.0,12.0,12.0,100.0,Target,0.0,12.0,0.0,Participation,3.0,4.0,75.0,On-Track,,,264.0,264.0,286.0,259.0,265.0,265.0,997.0,988.0,100.0,26.1,40.2,24.1,5.3,,3.0,,64.30000000000001,67.30000000000001,64.30000000000001,1,1.4,1.4,0,100.0,0.0,100.0,988.0,CEP,1.0,69.5,30.5,10.1304,291640000844,1,0.0,166.0,16.649949849548644,100.0,HIGH,9,12,419.5,COMPLETE_BOTH,50.0,COMPLETE_BOTH,,419.5,50.0,50.0,1,0,0,0,0,0,1,12,9,0,0,INCLUDED,1,2024.0,True,399.6,25.0,71.1,1,0,0,0,,,100.0,100.0,100.0,5-Year,97.6,Urban Core (KCPS),True
2022,048078,1340,KANSAS CITY 33,NORTHEAST HIGH,9,12,96.0,39.0,40.625,,,,,,,353.8,302.899999999999,298.2,333.6,,,,,,,,,,,,,,,,,,,,,,,,,,,,,,609.0,631.0,100.0,8.5,44.3,31.5,13.6,,,1.0,75.8,76.8,75.8,1,27.42,17.41,0,112.71317829457364,1.0,100.0,727.0,NON_CEP,0.0,19.6,80.4,30.2023,291640000860,1,0.0,296.0,45.053272450532724,100.0,HIGH,9,12,328.3499999999995,COMPLETE_BOTH,,NEITHER,,328.3499999999995,,,1,0,0,0,0,0,1,12,9,0,0,INCLUDED,1,,False,,,,1,0,0,1,71.2,77.3,35.5,28.7,100.0,4-Year,71.2,Urban Core (KCPS),True
2023,048078,1340,KANSAS CITY 33,NORTHEAST HIGH,9,12,144.0,51.0,35.4,140.0,51.0,36.4,4.0,0.0,0.0,344.1,313.6,305.9,338.5,6.0,12.0,50.0,0.0,12.0,0.0,2.0,4.0,50.0,7.0,12.0,58.3,Average,0.0,12.0,0.0,Participation,1.4,4.0,35.0,Below Average,,,180.0,177.0,128.0,120.0,143.0,138.0,661.0,641.0,100.0,8.0,41.1,34.0,15.0,,,,75.1,75.1,75.1,1,25.72,13.01,0,100.0,0.0,100.0,641.0,CEP,1.0,19.6,80.4,34.1722,291640000860,1,0.0,314.0,45.05021520803443,100.0,HIGH,9,12,328.85,COMPLETE_BOTH,29.15,COMPLETE_BOTH,,328.85,29.15,29.15,1,0,0,0,0,0,1,12,9,0,0,INCLUDED,1,2022.0,True,328.3499999999995,,40.625,1,0,0,0,,,0.0,50.0,50.0,6-Year,71.2,Urban Core (KCPS),True
2024,048078,1340,KANSAS CITY 33,NORTHEAST HIGH,9,12,144.0,80.5,55.9,140.0,80.5,57.5,4.0,0.0,0.0,361.5,318.8,311.1,338.6,6.0,12.0,50.0,6.0,12.0,50.0,2.0,4.0,50.0,9.0,12.0,75.0,On-Track,9.0,12.0,75.0,On-Track,2.0,4.0,50.0,Approaching,,,129.0,128.0,113.0,111.0,144.0,142.0,703.0,670.0,100.0,9.2,45.4,31.2,12.4,,1.1,,76.6,77.69999999999999,76.6,1,27.88,12.52,0,100.0,0.0,100.0,670.0,CEP,1.0,18.1,81.9,42.303,291640000860,1,0.0,357.0,48.77049180327869,100.0,HIGH,9,12,340.15,COMPLETE_BOTH,75.0,COMPLETE_BOTH,,340.15,75.0,75.0,1,0,0,0,0,0,1,12,9,0,0,INCLUDED,1,2023.0,True,328.85,29.15,35.4,1,0,0,0,,,0.0,50.0,50.0,4-Year,71.2,Urban Core (KCPS),True
2025,048078,1340,KANSAS CITY 33,NORTHEAST HIGH,9,12,144.0,81.0,56.2,140.0,81.0,57.8,4.0,0.0,0.0,341.1,301.1,320.0,340.0,6.0,12.0,50.0,6.0,12.0,50.0,2.0,4.0,50.0,9.0,12.0,75.0,On-Track,6.0,12.0,50.0,Approaching,2.0,4.0,50.0,Approaching,,,136.0,136.0,223.0,222.0,156.0,155.0,733.0,747.0,100.0,7.5,44.7,32.3,11.7,,2.3,,77.0,79.3,77.0,1,31.79,12.01,0,100.0,0.0,100.0,747.0,CEP,1.0,11.3,88.7,51.9918,291640000860,1,0.0,357.0,48.77049180327869,100.0,HIGH,9,12,321.1,COMPLETE_BOTH,62.5,COMPLETE_BOTH,,321.1,62.5,62.5,1,0,0,0,0,0,1,12,9,0,0,INCLUDED,1,2024.0,True,340.15,75.0,55.9,1,0,0,0,,,0.0,50.0,75.0,5-Year,71.2,Urban Core (KCPS),True
2022,048078,1400,KANSAS CITY 33,PASEO ACAD. OF PERFORMING ARTS,7,12,136.0,68.7,50.514700000000005,,,,,,,343.9,289.8,313.7,360.2,,,,,,,,,,,,,,,,,,,,,,-0.009290157,-0.198887560999999,,,,,,,654.0,625.0,100.0,7.5,56.9,30.6,2.1,,,1.4,87.5,88.9,87.5,1,9.63,18.81,0,116.85039370078741,1.0,100.0,742.0,NON_CEP,0.0,42.9,57.1,19.494,291640000862,1,0.0,220.0,33.89830508474576,100.0,HIGH,7,12,316.85,COMPLETE_BOTH,,NEITHER,-0.10408885899999949,316.85,,,1,0,0,0,0,0,1,12,7,0,0,INCLUDED,1,,False,,,,1,0,0,0,82.5,98.2,32.1,70.7,100.0,4-Year,82.5,Urban Core (KCPS),True
2023,048078,1400,KANSAS CITY 33,PASEO ACAD. OF PERFORMING ARTS,7,12,146.0,81.2,55.6,138.0,77.2,55.9,8.0,4.0,50.0,348.9,309.5,313.5,370.9,6.0,12.0,50.0,6.0,12.0,50.0,2.0,4.0,50.0,2.9,12.0,24.1,Below Average,1.3,12.0,10.8,Below Average,2.3,4.0,57.5,Average,,,305.0,302.0,335.0,331.0,187.0,186.0,647.0,664.0,100.0,9.4,48.8,35.7,2.6,,1.7,,84.5,86.2,84.5,1,10.2,21.33,0,100.0,0.0,100.0,664.0,CEP,1.0,48.8,51.2,19.8225,291640000862,1,0.0,231.0,34.12112259970458,100.0,HIGH,7,12,329.2,COMPLETE_BOTH,17.450000000000003,COMPLETE_BOTH,,329.2,17.450000000000003,17.450000000000003,1,0,0,0,0,0,1,12,7,0,0,INCLUDED,1,2022.0,True,316.85,,50.514700000000005,1,0,0,0,,,50.0,100.0,100.0,6-Year,82.5,Urban Core (KCPS),True
2024,048078,1400,KANSAS CITY 33,PASEO ACAD. OF PERFORMING ARTS,7,12,148.0,100.5,67.9,140.0,96.5,68.9,8.0,4.0,50.0,358.6,330.1,330.2,367.5,6.0,12.0,50.0,6.0,12.0,50.0,2.0,4.0,50.0,9.0,12.0,75.0,On-Track,9.0,12.0,75.0,On-Track,2.0,4.0,50.0,Approaching,,,341.0,341.0,340.0,340.0,187.0,187.0,677.0,662.0,100.0,10.0,47.6,37.7,1.5,,2.1,,85.30000000000001,87.4,85.30000000000001,1,11.08,18.02,0,100.0,0.0,100.0,662.0,CEP,1.0,37.4,62.6,18.958,291640000862,1,0.0,235.0,35.1270553064275,100.0,HIGH,7,12,344.35,COMPLETE_BOTH,75.0,COMPLETE_BOTH,,344.35,75.0,75.0,1,0,0,0,0,0,1,12,7,0,0,INCLUDED,1,2023.0,True,329.2,17.450000000000003,55.6,1,0,0,0,,,50.0,100.0,100.0,7-Year,82.5,Urban Core (KCPS),True
2025,048078,1400,KANSAS CITY 33,PASEO ACAD. OF PERFORMING ARTS,7,12,148.0,80.5,54.3,140.0,76.5,54.6,8.0,4.0,50.0,351.7,329.7,330.9,378.0,6.0,12.0,50.0,6.0,12.0,50.0,2.0,4.0,50.0,3.0,12.0,25.0,Emerging,3.0,12.0,25.0,Emerging,2.0,4.0,50.0,Approaching,,,324.0,323.0,358.0,352.0,222.0,221.0,669.0,670.0,100.0,11.7,42.6,40.2,1.6,,3.0,,82.80000000000001,85.80000000000001,82.80000000000001,1,12.11,18.39,0,100.0,0.0,100.0,670.0,CEP,1.0,46.8,53.2,14.0351,291640000862,1,0.0,235.0,35.1270553064275,100.0,HIGH,7,12,340.7,COMPLETE_BOTH,25.0,COMPLETE_BOTH,,340.7,25.0,25.0,1,0,0,0,0,0,1,12,7,0,0,INCLUDED,1,2024.0,True,344.35,75.0,67.9,1,0,0,0,,,0.0,100.0,100.0,5-Year,82.5,Urban Core (KCPS),True
2022,048078,1580,KANSAS CITY 33,EAST HIGH SCHOOL,9,12,96.0,35.5,36.979099999999995,,,,,,,333.2,294.1,305.899999999999,357.4,,,,,,,,,,,,,,,,,,,,,,,,,,,,,,1065.0,1027.5,100.0,4.9,42.1,46.6,4.9,,,,88.7,88.7,88.7,1,41.03,10.61,0,109.43043884220356,1.0,100.0,1172.0,NON_CEP,0.0,30.8,69.2,43.2913,291640000880,1,0.0,435.0,39.118705035971225,100.0,HIGH,9,12,313.65,COMPLETE_BOTH,,NEITHER,,313.65,,,1,0,0,0,0,0,1,12,9,0,0,INCLUDED,1,,False,,,,1,0,0,1,65.0999999999999,73.2,28.3,25.1,100.0,4-Year,65.0999999999999,Urban Core (KCPS),True
2023,048078,1580,KANSAS CITY 33,EAST HIGH SCHOOL,9,12,144.0,70.1,48.6,140.0,70.1,50.0,4.0,0.0,0.0,324.0,292.8,305.2,354.2,6.0,12.0,50.0,0.0,12.0,0.0,2.0,4.0,50.0,7.1,12.0,59.1,Average,8.4,12.0,70.0,Average,2.6,4.0,65.0,Average,,,302.0,294.0,254.0,243.0,232.0,224.0,1115.0,1097.0,100.0,4.4,41.4,46.5,6.0,,0.9,,87.9,88.80000000000001,87.9,1,48.79,9.51,0,100.0,0.0,100.0,1097.0,CEP,1.0,29.6,70.4,44.5113,291640000880,1,0.0,367.0,34.427767354596625,100.0,HIGH,9,12,308.4,COMPLETE_BOTH,64.55,COMPLETE_BOTH,,308.4,64.55,64.55,1,0,0,0,0,0,1,12,9,0,0,INCLUDED,1,2022.0,True,313.65,,36.979099999999995,1,0,0,0,,,0.0,50.0,50.0,7-Year,65.0999999999999,Urban Core (KCPS),True
2024,048078,1580,KANSAS CITY 33,EAST HIGH SCHOOL,9,12,144.0,73.0,50.6,140.0,73.0,52.1,4.0,0.0,0.0,341.1,293.9,312.5,342.8,6.0,12.0,50.0,0.0,12.0,0.0,2.0,4.0,50.0,9.0,12.0,75.0,On-Track,3.0,12.0,25.0,Emerging,3.0,4.0,75.0,On-Track,,,198.0,193.0,192.0,183.0,215.0,210.0,1070.0,1094.0,100.0,3.9,36.9,50.7,6.6,,1.1,,87.6,88.69999999999999,87.6,1,56.07,8.97,0,100.0,0.0,100.0,1094.0,CEP,1.0,17.8,82.2,52.8804,291640000880,1,0.0,428.0,37.056277056277054,100.0,HIGH,9,12,317.5,COMPLETE_BOTH,50.0,COMPLETE_BOTH,,317.5,50.0,50.0,1,0,0,0,0,0,1,12,9,0,0,INCLUDED,1,2023.0,True,308.4,64.55,48.6,1,0,0,0,,,0.0,50.0,75.0,4-Year,65.0999999999999,Urban Core (KCPS),True
2025,048078,1580,KANSAS CITY 33,EAST HIGH SCHOOL,9,12,144.0,96.0,66.6,140.0,96.0,68.5,4.0,0.0,0.0,313.9,306.5,312.6,349.6,6.0,12.0,50.0,6.0,12.0,50.0,2.0,4.0,50.0,12.0,12.0,100.0,Target,9.0,12.0,75.0,On-Track,3.0,4.0,75.0,On-Track,,,192.0,190.0,248.0,240.0,199.0,199.0,1156.0,1047.0,100.0,3.9,34.3,54.2,6.1,,0.9,,88.5,89.4,88.5,1,61.16,8.91,0,100.0,0.0,100.0,1047.0,CEP,1.0,21.4,78.6,37.5,291640000880,1,0.0,428.0,37.056277056277054,100.0,HIGH,9,12,310.2,COMPLETE_BOTH,87.5,COMPLETE_BOTH,,310.2,87.5,87.5,1,0,0,0,0,0,1,12,9,0,0,INCLUDED,1,2024.0,True,317.5,50.0,50.6,1,0,0,0,,,0.0,50.0,100.0,5-Year,65.0999999999999,Urban Core (KCPS),True
2022,048078,1670,KANSAS CITY 33,SOUTHEAST HIGH SCHOOL,9,12,96.0,41.0,42.7083,,,,,,,348.6,306.399999999999,304.1,338.4,,,,,,,,,,,,,,,,,,,,,,,,,,,,,,462.0,456.0,100.0,3.9,86.6,6.3,,,1.3,1.7,92.89999999999999,95.89999999999999,92.89999999999999,1,1.08,17.32,0,120.76271186440677,1.0,100.0,570.0,NON_CEP,0.0,24.5,75.5,39.5522,291640003097,1,0.0,221.0,45.37987679671458,100.0,HIGH,9,12,327.49999999999955,COMPLETE_BOTH,,NEITHER,,327.49999999999955,,,1,0,0,0,0,0,1,12,9,0,0,INCLUDED,1,,False,,,,1,0,0,1,66.9,77.8,33.2,14.7,100.0,4-Year,66.9,Urban Core (KCPS),True
2023,048078,1670,KANSAS CITY 33,SOUTHEAST HIGH SCHOOL,9,12,144.0,58.9,40.9,140.0,58.9,42.0,4.0,0.0,0.0,334.9,285.0,288.9,336.6,6.0,12.0,50.0,0.0,12.0,0.0,0.0,4.0,0.0,6.2,12.0,51.6,Average,7.9,12.0,65.8,Average,2.0,4.0,50.0,Average,,,143.0,140.0,129.0,123.0,109.0,105.0,484.0,461.0,100.0,3.9,84.5,7.9,,,1.9,1.7,92.4,96.00000000000001,92.4,1,1.45,15.91,0,100.0,0.0,100.0,461.0,CEP,1.0,20.2,79.8,42.2261,291640003097,1,0.0,235.0,44.25612052730697,100.0,HIGH,9,12,309.95,COMPLETE_BOTH,58.7,COMPLETE_BOTH,,309.95,58.7,58.7,1,0,0,0,0,0,1,12,9,0,0,INCLUDED,1,2022.0,True,327.49999999999955,,42.7083,1,0,0,0,,,0.0,50.0,50.0,7-Year,66.9,Urban Core (KCPS),True
2024,048078,1670,KANSAS CITY 33,SOUTHEAST HIGH SCHOOL,9,12,144.0,82.5,57.2,140.0,82.5,58.9,4.0,0.0,0.0,346.6,301.3,287.3,332.4,6.0,12.0,50.0,6.0,12.0,50.0,0.0,4.0,0.0,12.0,12.0,100.0,Target,6.0,12.0,50.0,Approaching,2.0,4.0,50.0,Approaching,,,120.0,118.0,142.0,142.0,127.0,127.0,533.0,499.36,100.0,3.0,85.2,7.5,,,2.6,1.1,92.7,96.39999999999999,92.7,1,2.06,13.7,0,100.0,0.0,100.0,500.4,CEP,1.0,15.7,84.3,53.9735,291640003097,1,0.0,238.0,47.791164658634536,100.0,HIGH,9,12,323.95000000000005,COMPLETE_BOTH,75.0,COMPLETE_BOTH,,323.95000000000005,75.0,75.0,1,0,0,0,0,0,1,12,9,0,0,INCLUDED,1,2023.0,True,309.95,58.7,40.9,1,0,0,0,,,0.0,50.0,75.0,4-Year,66.9,Urban Core (KCPS),True
2025,048078,1670,KANSAS CITY 33,SOUTHEAST HIGH SCHOOL,9,12,144.0,57.0,39.5,140.0,57.0,40.7,4.0,0.0,0.0,331.0,296.6,295.4,333.0,6.0,12.0,50.0,0.0,12.0,0.0,0.0,4.0,0.0,3.0,12.0,25.0,Emerging,3.0,12.0,25.0,Emerging,2.0,4.0,50.0,Approaching,,,119.0,115.0,166.0,164.0,116.0,115.0,499.0,461.0,100.0,5.4,81.4,8.4,,,3.0,1.0,89.80000000000001,93.80000000000001,89.80000000000001,1,2.81,15.03,0,100.0,0.0,100.0,461.0,CEP,1.0,13.9,86.1,46.0457,291640003097,1,0.0,238.0,47.791164658634536,100.0,HIGH,9,12,313.8,COMPLETE_BOTH,25.0,COMPLETE_BOTH,,313.8,25.0,25.0,1,0,0,0,0,0,1,12,9,0,0,INCLUDED,1,2024.0,True,323.95000000000005,75.0,57.2,1,0,0,0,,,0.0,50.0,75.0,5-Year,66.9,Urban Core (KCPS),True
2023,048080,1020,CENTER 58,CENTER ALTERNATIVE,7,12,0.0,0.0,,0.0,0.0,,0.0,0.0,,,,,,,,,,,,,,,,,,nan,,,,nan,,,,nan,,,,,,,,,,,,,,,,,,,0.0,0.0,0.0,1,,,0,,,,,UNKNOWN,,,,,290825002810,4,0.0,,,,HIGH,7,12,,NEITHER,,NEITHER,,,,,1,0,0,0,1,0,0,12,7,0,1,ALTERNATIVE_SCHOOL,0,,False,,,,0,0,1,1,,,,,,nan,,Inner-Ring Suburban,True
2022,048080,1050,CENTER 58,CENTER SR. HIGH,9,12,96.0,60.0,62.5,,,,,,,364.2,311.899999999999,319.5,347.9,,,,,,,,,,,,,,,,,,,,,,,,,,,,,,730.0,723.51,49.0,15.3,64.7,11.1,1.0,,7.5,,75.8,83.3,75.8,1,3.29,16.03,0,49.44644856325414,0.0,49.44644856325414,357.75,NON_CEP,0.0,73.6,26.400000000000006,20.5692,290825000225,1,0.0,230.0,30.997304582210244,49.44644856325414,HIGH,9,12,338.0499999999995,COMPLETE_BOTH,,NEITHER,,338.0499999999995,,,1,0,0,0,0,0,1,12,9,0,0,INCLUDED,1,,False,,,,1,0,0,1,82.2,89.7,47.5,45.7,100.0,4-Year,82.2,Inner-Ring Suburban,True
2023,048080,1050,CENTER 58,CENTER SR. HIGH,9,12,144.0,86.1,59.7,140.0,86.1,61.5,4.0,0.0,0.0,380.4,312.2,336.5,348.0,6.0,12.0,50.0,6.0,12.0,50.0,2.0,4.0,50.0,10.5,12.0,87.5,Above Average,5.5,12.0,45.8,Below Average,3.4,4.0,85.0,Above Average,,,189.0,189.0,222.0,221.0,194.0,194.0,744.0,729.28,59.2,15.9,64.1,11.2,,,7.9,,75.3,83.2,75.3,1,2.69,12.5,0,59.20000000000001,0.0,59.20000000000001,432.0,NON_CEP,0.0,43.8,56.2,24.2967,290825000225,1,0.0,200.0,28.776978417266186,59.20000000000001,HIGH,9,12,346.29999999999995,COMPLETE_BOTH,66.65,COMPLETE_BOTH,,346.29999999999995,66.65,66.65,1,0,0,0,0,0,1,12,9,0,0,INCLUDED,1,2022.0,True,338.0499999999995,,62.5,1,0,0,0,,,50.0,100.0,75.0,7-Year,82.2,Inner-Ring Suburban,True
2024,048080,1050,CENTER 58,CENTER SR. HIGH,9,12,144.0,109.0,75.6,140.0,109.0,77.8,4.0,0.0,0.0,383.9,351.2,357.2,355.7,9.0,12.0,75.0,6.0,12.0,50.0,2.0,4.0,50.0,12.0,12.0,100.0,Target,12.0,12.0,100.0,Target,4.0,4.0,100.0,Target,,,154.0,154.0,143.0,143.0,137.0,136.0,690.0,686.03,56.5,16.4,64.1,11.6,,,6.8,,75.69999999999999,82.49999999999999,75.69999999999999,1,2.61,12.75,0,56.49999999999999,0.0,56.49999999999999,387.7,NON_CEP,0.0,58.4,41.6,25.2044,290825000225,1,0.0,205.0,30.191458026509572,56.49999999999999,HIGH,9,12,367.54999999999995,COMPLETE_BOTH,100.0,COMPLETE_BOTH,,367.54999999999995,100.0,100.0,1,0,0,0,0,0,1,12,9,0,0,INCLUDED,1,2023.0,True,346.29999999999995,66.65,59.7,1,0,0,0,,,50.0,100.0,75.0,7-Year,82.2,Inner-Ring Suburban,True
2025,048080,1050,CENTER 58,CENTER SR. HIGH,9,12,144.0,63.5,44.0,140.0,63.5,45.3,4.0,0.0,0.0,360.7,323.8,355.8,355.0,6.0,12.0,50.0,0.0,12.0,0.0,0.0,4.0,0.0,9.0,12.0,75.0,On-Track,0.0,12.0,0.0,Participation,0.0,4.0,0.0,Participation,,,167.0,162.0,180.0,170.0,188.0,178.0,668.0,663.1,58.1,14.8,61.7,12.7,,,9.4,,74.4,83.80000000000001,74.4,1,3.14,14.37,0,58.099999999999994,0.0,58.099999999999994,385.1,CEP,1.0,57.8,42.2,22.6891,290825000225,1,0.0,205.0,30.191458026509572,58.099999999999994,HIGH,9,12,342.25,COMPLETE_BOTH,37.5,COMPLETE_BOTH,,342.25,37.5,37.5,1,0,0,0,0,0,1,12,9,0,0,INCLUDED,1,2024.0,True,367.54999999999995,100.0,75.6,1,0,0,0,,,0.0,50.0,75.0,5-Year,82.2,Inner-Ring Suburban,True
2022,048901,1915,UNIVERSITY ACADEMY,UNIVERSITY ACADEMY-UPPER,9,12,96.0,80.0,83.3333,,,,,,,414.0,363.8,404.0,399.0,,,,,,,,,,,,,,,,,,,,,,,,,,,,,,235.0,226.0,56.2,,92.3,3.0,,2.6,,,97.89999999999999,97.89999999999999,97.89999999999999,0,2.13,,0,56.63716814159292,0.0,56.63716814159292,128.0,NON_CEP,0.0,93.3,6.700000000000003,17.4468,290002702808,1,0.0,59.0,26.10619469026549,56.63716814159292,HIGH,9,12,388.9,COMPLETE_BOTH,,NEITHER,,388.9,,,1,0,0,0,0,0,1,12,9,0,0,INCLUDED,1,,False,,,,1,0,0,1,86.5,97.4,68.9,28.0,100.0,4-Year,86.5,Public Charter (KC),True
2023,048901,1915,UNIVERSITY ACADEMY,UNIVERSITY ACADEMY-UPPER,9,12,138.0,98.1,71.0,134.0,95.1,70.9,4.0,3.0,75.0,435.3,377.0,413.7,437.0,12.0,12.0,100.0,0.0,12.0,0.0,4.0,4.0,100.0,11.7,12.0,97.5,Above Average,0.0,12.0,0.0,Participation,2.5,4.0,62.5,Average,,,60.0,59.0,56.0,52.0,41.0,40.0,226.0,217.0,100.0,,93.4,2.7,,2.2,,,98.30000000000001,98.30000000000001,98.30000000000001,0,,,0,100.0,0.0,100.0,217.0,CEP,1.0,87.1,12.900000000000006,18.5022,290002702808,1,0.0,60.0,28.708133971291865,100.0,HIGH,9,12,406.15,COMPLETE_BOTH,48.75,COMPLETE_BOTH,,406.15,48.75,48.75,1,0,0,0,0,0,1,12,9,0,0,INCLUDED,1,2022.0,True,388.9,,83.3333,1,0,0,0,,,100.0,100.0,100.0,4-Year,86.5,Public Charter (KC),True
2024,048901,1915,UNIVERSITY ACADEMY,UNIVERSITY ACADEMY-UPPER,9,12,144.0,118.0,81.9,140.0,115.0,82.1,4.0,3.0,75.0,437.3,369.6,367.2,400.6,12.0,12.0,100.0,6.0,12.0,50.0,2.0,4.0,50.0,12.0,12.0,100.0,Target,3.0,12.0,25.0,Emerging,2.0,4.0,50.0,Approaching,,,54.0,54.0,60.0,60.0,71.0,71.0,209.0,204.0,100.0,,95.7,2.4,,,,,98.10000000000001,98.10000000000001,98.10000000000001,1,,2.39,0,100.0,0.0,100.0,204.0,CEP,1.0,82.2,17.799999999999997,18.0952,290002702808,1,0.0,80.0,33.755274261603375,100.0,HIGH,9,12,403.45000000000005,COMPLETE_BOTH,62.5,COMPLETE_BOTH,,403.45000000000005,62.5,62.5,1,0,0,0,0,0,1,12,9,0,0,INCLUDED,1,2023.0,True,406.15,48.75,71.0,1,0,0,0,,,100.0,100.0,100.0,5-Year,86.5,Public Charter (KC),True
2025,048901,1915,UNIVERSITY ACADEMY,UNIVERSITY ACADEMY-UPPER,9,12,144.0,119.5,82.9,140.0,116.5,83.2,4.0,3.0,75.0,420.3,395.1,358.7,423.7,12.0,12.0,100.0,9.0,12.0,75.0,2.0,4.0,50.0,12.0,12.0,100.0,Target,3.0,12.0,25.0,Emerging,1.0,4.0,25.0,Emerging,,,58.0,57.0,84.0,83.0,55.0,55.0,237.0,237.0,100.0,2.5,94.1,2.1,,,,,96.19999999999999,96.19999999999999,96.19999999999999,1,,2.95,0,100.0,0.0,100.0,237.0,CEP,1.0,86.0,14.0,11.3445,290002702808,1,0.0,80.0,33.755274261603375,100.0,HIGH,9,12,407.70000000000005,COMPLETE_BOTH,62.5,COMPLETE_BOTH,,407.70000000000005,62.5,62.5,1,0,0,0,0,0,1,12,9,0,0,INCLUDED,1,2024.0,True,403.45000000000005,62.5,81.9,1,0,0,0,,,100.0,100.0,100.0,4-Year,86.5,Public Charter (KC),True
2022,048902,1925,GUADALUPE CENTERS SCHOOLS,GUADALUPE CENTERS HIGH SCHOOL,9,12,96.0,51.0,53.125,,,,,,,372.3,326.6,309.0,340.8,,,,,,,,,,,,,,,,,,,,,,,,,,,,,,422.0,410.0,95.6,2.4,1.7,95.7,,,,,97.4,97.4,97.4,1,59.24,10.43,0,,,,,UNKNOWN,,56.6,43.4,7.4074,290002902741,1,0.0,86.0,19.36936936936937,95.6,HIGH,9,12,349.45000000000005,COMPLETE_BOTH,,NEITHER,,349.45000000000005,,,1,0,0,0,0,0,1,12,9,0,0,INCLUDED,1,,False,,,,1,0,0,1,69.5,78.5999999999999,39.2,20.3,100.0,4-Year,69.5,Public Charter (KC),True
2023,048902,1925,GUADALUPE CENTERS SCHOOLS,GUADALUPE CENTERS HIGH SCHOOL,9,12,144.0,89.0,61.8,140.0,89.0,63.5,4.0,0.0,0.0,379.4,340.8,333.2,349.9,6.0,12.0,50.0,6.0,12.0,50.0,2.0,4.0,50.0,9.7,12.0,80.8,Above Average,7.5,12.0,62.5,Average,2.7,4.0,67.5,Average,,,110.0,108.0,121.0,115.0,101.0,98.0,444.0,430.0,96.3,2.3,,96.8,,,,,96.8,96.8,96.8,1,54.95,10.59,0,96.3,0.0,96.3,414.0,NON_CEP,0.0,61.6,38.4,12.5,290002902741,1,0.0,104.0,22.413793103448278,96.3,HIGH,9,12,360.1,COMPLETE_BOTH,71.65,COMPLETE_BOTH,,360.1,71.65,71.65,1,0,0,0,0,0,1,12,9,0,0,INCLUDED,1,2022.0,True,349.45000000000005,,53.125,1,0,0,0,,,50.0,50.0,75.0,7-Year,69.5,Public Charter (KC),True
2024,048902,1925,GUADALUPE CENTERS SCHOOLS,GUADALUPE CENTERS HIGH SCHOOL,9,12,144.0,116.0,80.5,140.0,116.0,82.8,4.0,0.0,0.0,391.3,375.8,342.7,363.4,9.0,12.0,75.0,9.0,12.0,75.0,2.0,4.0,50.0,12.0,12.0,100.0,Target,12.0,12.0,100.0,Target,3.0,4.0,75.0,On-Track,,,109.0,107.0,91.0,90.0,99.0,99.0,464.0,452.0,91.6,1.3,1.1,96.8,,,,,97.89999999999999,97.89999999999999,97.89999999999999,1,47.84,10.13,0,100.0,0.0,100.0,451.0,NON_CEP,0.0,63.1,36.9,11.1588,290002902741,1,0.0,71.0,15.502183406113538,100.0,HIGH,9,12,383.55,COMPLETE_BOTH,100.0,COMPLETE_BOTH,,383.55,100.0,100.0,1,0,0,0,0,0,1,12,9,0,0,INCLUDED,1,2023.0,True,360.1,71.65,61.8,1,0,0,0,,,50.0,50.0,100.0,4-Year,69.5,Public Charter (KC),True
2025,048902,1925,GUADALUPE CENTERS SCHOOLS,GUADALUPE CENTERS HIGH SCHOOL,9,12,144.0,104.5,72.5,140.0,104.5,74.6,4.0,0.0,0.0,393.0,350.6,347.2,371.0,9.0,12.0,75.0,6.0,12.0,50.0,2.0,4.0,50.0,12.0,12.0,100.0,Target,9.0,12.0,75.0,On-Track,3.0,4.0,75.0,On-Track,,,116.0,116.0,96.0,96.0,104.0,104.0,457.0,445.0,100.0,1.1,,97.4,,,,,97.4,97.4,97.4,1,48.36,8.32,0,100.0,0.0,100.0,445.0,CEP,1.0,70.3,29.700000000000003,12.9237,290002902741,1,0.0,71.0,15.502183406113538,100.0,HIGH,9,12,371.8,COMPLETE_BOTH,87.5,COMPLETE_BOTH,,371.8,87.5,87.5,1,0,0,0,0,0,1,12,9,0,0,INCLUDED,1,2024.0,True,383.55,100.0,80.5,1,0,0,0,,,0.0,50.0,100.0,5-Year,69.5,Public Charter (KC),True
2022,048904,1935,HOGAN PREPARATORY ACADEMY,HOGAN PREPARATORY ACADEMY,9,12,96.0,33.0,34.375,,,,,,,342.0,277.8,285.2,334.8,,,,,,,,,,,,,,,,,,,,,,,,,,,,,,402.0,355.0,100.0,,93.0,3.2,,,2.7,,96.2,98.9,96.2,1,,10.2,0,83.94366197183099,0.0,83.94366197183099,298.0,NON_CEP,0.0,35.1,64.9,36.5116,290001402743,1,0.0,218.0,48.44444444444444,83.94366197183099,HIGH,9,12,309.9,COMPLETE_BOTH,,NEITHER,,309.9,,,1,0,0,0,0,0,1,12,9,0,0,INCLUDED,1,,False,,,,1,0,0,1,74.4,86.9,8.19999999999999,3.3,100.0,4-Year,74.4,Public Charter (KC),True
2023,048904,1935,HOGAN PREPARATORY ACADEMY,HOGAN PREPARATORY ACADEMY,9,12,142.0,65.8,46.3,138.0,65.8,47.6,4.0,0.0,0.0,351.5,282.2,294.5,339.3,6.0,12.0,50.0,0.0,12.0,0.0,0.0,4.0,0.0,7.8,12.0,65.0,Average,6.9,12.0,57.5,Average,2.4,4.0,60.0,Average,,,102.0,102.0,113.0,109.0,65.0,65.0,457.0,426.0,100.0,,92.3,3.5,,,3.3,,95.8,99.1,95.8,1,,9.41,0,100.0,0.0,100.0,426.0,CEP,1.0,27.0,73.0,42.616,290001402743,1,0.0,149.0,45.98765432098765,100.0,HIGH,9,12,316.85,COMPLETE_BOTH,61.25,COMPLETE_BOTH,,316.85,61.25,61.25,1,0,0,0,0,0,1,12,9,0,0,INCLUDED,1,2022.0,True,309.9,,34.375,1,0,0,0,,,0.0,50.0,75.0,6-Year,74.4,Public Charter (KC),True
2024,048904,1935,HOGAN PREPARATORY ACADEMY,HOGAN PREPARATORY ACADEMY,9,12,144.0,80.5,55.9,140.0,80.5,57.5,4.0,0.0,0.0,351.5,292.2,285.4,325.7,6.0,12.0,50.0,0.0,12.0,0.0,0.0,4.0,0.0,12.0,12.0,100.0,Target,9.0,12.0,75.0,On-Track,1.0,4.0,25.0,Emerging,,,80.0,79.0,67.0,66.0,94.0,93.0,327.0,313.0,100.0,,92.0,4.9,,,1.5,,96.9,98.4,96.9,1,,10.4,0,100.0,0.0,100.0,313.0,CEP,1.0,13.6,86.4,36.7232,290001402743,1,0.0,157.0,49.37106918238994,100.0,HIGH,9,12,321.85,COMPLETE_BOTH,87.5,COMPLETE_BOTH,,321.85,87.5,87.5,1,0,0,0,0,0,1,12,9,0,0,INCLUDED,1,2023.0,True,316.85,61.25,46.3,1,0,0,0,,,0.0,50.0,100.0,5-Year,74.4,Public Charter (KC),True
2025,048904,1935,HOGAN PREPARATORY ACADEMY,HOGAN PREPARATORY ACADEMY,9,12,144.0,75.5,52.4,140.0,75.5,53.9,4.0,0.0,0.0,329.7,298.0,292.7,328.5,6.0,12.0,50.0,0.0,12.0,0.0,0.0,4.0,0.0,9.0,12.0,75.0,On-Track,6.0,12.0,50.0,Approaching,1.0,4.0,25.0,Emerging,,,92.0,92.0,64.0,64.0,95.0,95.0,323.0,318.0,100.0,,93.2,3.1,,,2.5,,96.3,98.8,96.3,1,,12.07,0,100.0,0.0,100.0,318.0,NON_CEP,0.0,13.7,86.3,38.9049,290001402743,1,0.0,157.0,49.37106918238994,100.0,HIGH,9,12,313.85,COMPLETE_BOTH,62.5,COMPLETE_BOTH,,313.85,62.5,62.5,1,0,0,0,0,0,1,12,9,0,0,INCLUDED,1,2024.0,True,321.85,87.5,55.9,1,0,0,0,,,0.0,50.0,100.0,5-Year,74.4,Public Charter (KC),True
2022,048922,1920,FRONTIER SCHOOLS,FRONTIER SCHL OF EXCELLENCE-U,9,12,96.0,50.5,52.604099999999995,,,,,,,369.5,324.1,310.0,337.5,,,,,,,,,,,,,,,,,,,,,,,,,,,,,,196.0,179.0,100.0,3.1,55.1,39.8,,,,,94.9,94.9,94.9,1,27.55,11.73,0,100.0,0.0,100.0,179.0,CEP,1.0,73.9,26.099999999999994,13.2653,290059003181,1,0.0,63.0,34.42622950819672,100.0,HIGH,9,12,346.8,COMPLETE_BOTH,,NEITHER,,346.8,,,1,0,0,0,0,0,1,12,9,0,0,INCLUDED,1,,False,,,,1,0,0,1,75.5999999999999,78.4,61.4,21.2,100.0,4-Year,75.5999999999999,Public Charter (KC),True
2023,048922,1920,FRONTIER SCHOOLS,FRONTIER SCHL OF EXCELLENCE-U,9,12,138.0,100.3,72.6,134.0,98.3,73.3,4.0,2.0,50.0,380.2,341.5,320.2,362.4,6.0,12.0,50.0,6.0,12.0,50.0,2.0,4.0,50.0,8.7,12.0,72.5,Average,8.6,12.0,71.6,Average,2.5,4.0,62.5,Average,,,44.0,44.0,46.0,46.0,42.0,42.0,183.0,179.0,100.0,3.3,47.5,46.4,,,,,93.9,93.9,93.9,1,28.96,10.93,0,100.0,0.0,100.0,179.0,CEP,1.0,77.1,22.900000000000006,22.8723,290059003181,1,0.0,49.0,29.166666666666668,100.0,HIGH,9,12,360.85,COMPLETE_BOTH,72.05,COMPLETE_BOTH,,360.85,72.05,72.05,1,0,0,0,0,0,1,12,9,0,0,INCLUDED,1,2022.0,True,346.8,,52.604099999999995,1,0,0,0,,,75.0,75.0,100.0,4-Year,75.5999999999999,Public Charter (KC),True
2024,048922,1920,FRONTIER SCHOOLS,FRONTIER SCHL OF EXCELLENCE-U,9,12,132.0,98.0,74.2,128.0,96.0,75.0,4.0,2.0,50.0,363.5,317.3,333.4,356.5,6.0,12.0,50.0,6.0,12.0,50.0,2.0,4.0,50.0,9.0,12.0,75.0,On-Track,12.0,12.0,100.0,Target,4.0,4.0,100.0,Target,,,41.0,41.0,58.0,58.0,39.0,39.0,168.0,171.0,100.0,3.6,46.4,48.8,,,,,95.19999999999999,95.19999999999999,95.19999999999999,1,25.0,10.71,0,100.0,0.0,100.0,170.0,CEP,1.0,74.5,25.5,29.8913,290059003181,1,0.0,51.0,31.874999999999996,100.0,HIGH,9,12,340.4,COMPLETE_BOTH,87.5,COMPLETE_BOTH,,340.4,87.5,87.5,1,0,0,0,0,0,1,12,9,0,0,INCLUDED,1,2023.0,True,360.85,72.05,72.6,1,0,0,0,,,75.0,75.0,75.0,4-Year,75.5999999999999,Public Charter (KC),True
2025,048922,1920,FRONTIER SCHOOLS,FRONTIER SCHL OF EXCELLENCE-U,9,12,140.0,126.5,90.3,136.0,123.5,90.8,4.0,3.0,75.0,382.5,379.2,375.1,364.6,9.0,12.0,75.0,9.0,12.0,75.0,3.0,4.0,75.0,12.0,12.0,100.0,Target,12.0,12.0,100.0,Target,4.0,4.0,100.0,Target,,,43.0,43.0,48.0,48.0,43.0,43.0,164.0,160.0,100.0,3.0,51.2,43.9,,,,,95.1,95.1,95.1,1,23.17,9.15,0,100.0,0.0,100.0,160.0,CEP,1.0,84.0,16.0,12.0482,290059003181,1,0.0,51.0,31.874999999999996,100.0,HIGH,9,12,380.85,COMPLETE_BOTH,100.0,COMPLETE_BOTH,,380.85,100.0,100.0,1,0,0,0,0,0,1,12,9,0,0,INCLUDED,1,2024.0,True,340.4,87.5,74.2,1,0,0,0,,,75.0,100.0,100.0,5-Year,75.5999999999999,Public Charter (KC),True
2022,048922,1985,FRONTIER SCHOOLS,FRONTIER STEM HIGH SCHOOL,9,12,96.0,58.0,60.416599999999995,,,,,,,371.1,367.4,322.899999999999,362.1,,,,,,,,,,,,,,,,,,,,,,,,,,,,,,381.0,367.0,83.9,5.5,21.0,72.4,,,,,93.4,93.4,93.4,1,28.87,7.09,0,83.92370572207084,0.0,83.92370572207084,308.0,NON_CEP,0.0,73.9,26.099999999999994,9.9738,290059003232,1,0.0,71.0,19.613259668508288,83.92370572207084,HIGH,9,12,369.25,COMPLETE_BOTH,,NEITHER,,369.25,,,1,0,0,0,0,0,1,12,9,0,0,INCLUDED,1,,False,,,,1,0,0,1,87.5,78.2,68.0999999999999,41.3,100.0,4-Year,87.5,Public Charter (KC),True
2023,048922,1985,FRONTIER SCHOOLS,FRONTIER STEM HIGH SCHOOL,9,12,138.0,120.3,87.1,134.0,118.3,88.2,4.0,2.0,50.0,394.9,411.4,338.9,364.3,9.0,12.0,75.0,12.0,12.0,100.0,2.0,4.0,50.0,10.9,12.0,90.8,Above Average,10.7,12.0,89.1,Above Average,2.5,4.0,62.5,Average,,,76.0,73.0,62.0,62.0,91.0,88.0,362.0,348.0,73.0,5.5,20.2,72.9,,,,,93.10000000000001,93.10000000000001,93.10000000000001,1,29.28,7.18,0,73.0,0.0,73.0,254.0,NON_CEP,0.0,76.9,23.099999999999994,14.2466,290059003232,1,0.0,59.0,16.71388101983003,73.0,HIGH,9,12,403.15,COMPLETE_BOTH,89.94999999999999,COMPLETE_BOTH,,403.15,89.94999999999999,89.94999999999999,1,0,0,0,0,0,1,12,9,0,0,INCLUDED,1,2022.0,True,369.25,,60.416599999999995,1,0,0,0,,,100.0,100.0,100.0,4-Year,87.5,Public Charter (KC),True
2024,048922,1985,FRONTIER SCHOOLS,FRONTIER STEM HIGH SCHOOL,9,12,132.0,87.0,65.9,128.0,84.0,65.6,4.0,3.0,75.0,400.4,402.2,372.2,377.8,0.0,12.0,0.0,12.0,12.0,100.0,3.0,4.0,75.0,0.0,12.0,0.0,Participation,12.0,12.0,100.0,Target,4.0,4.0,100.0,Target,,,82.0,76.0,117.0,117.0,89.0,87.0,354.0,347.0,76.1,5.1,17.2,76.6,,,,,93.8,93.8,93.8,1,28.81,6.21,0,76.3,0.0,76.3,258.0,NON_CEP,0.0,81.2,18.799999999999997,10.9244,290059003232,1,0.0,77.0,19.201995012468828,76.3,HIGH,9,12,401.29999999999995,COMPLETE_BOTH,50.0,COMPLETE_BOTH,,401.29999999999995,50.0,50.0,1,0,0,0,0,0,1,12,9,0,0,INCLUDED,1,2023.0,True,403.15,89.94999999999999,87.1,1,0,0,0,,,100.0,100.0,75.0,4-Year,87.5,Public Charter (KC),True
2025,048922,1985,FRONTIER SCHOOLS,FRONTIER STEM HIGH SCHOOL,9,12,144.0,140.5,97.5,140.0,136.5,97.5,4.0,4.0,100.0,412.2,439.7,414.3,398.3,12.0,12.0,100.0,12.0,12.0,100.0,4.0,4.0,100.0,12.0,12.0,100.0,Target,12.0,12.0,100.0,Target,4.0,4.0,100.0,Target,,,98.0,97.0,106.0,104.0,86.0,85.0,401.0,389.0,79.4,5.7,19.0,72.1,1.5,,1.7,,91.1,92.8,91.1,1,32.42,6.23,0,79.4,0.0,79.4,309.0,CEP,1.0,85.2,14.799999999999997,8.4158,290059003232,1,0.0,77.0,19.201995012468828,79.4,HIGH,9,12,425.95,COMPLETE_BOTH,100.0,COMPLETE_BOTH,,425.95,100.0,100.0,1,0,0,0,0,0,1,12,9,0,0,INCLUDED,1,2024.0,True,401.29999999999995,50.0,65.9,1,0,0,0,,,75.0,100.0,100.0,4-Year,87.5,Public Charter (KC),True
2022,048923,1970,DELASALLE CHARTER SCHOOL,DeLaSalle Charter High School,9,12,96.0,16.0,16.666600000000003,,,,,,,319.5,288.899999999999,291.5,328.4,,,,,,,,,,,,,,,,,,,,,,,,,,,,,,189.0,187.0,100.0,,91.5,5.8,,,,,97.3,97.3,97.3,1,,9.52,0,100.0,0.0,100.0,187.0,CEP,1.0,34.4,65.6,58.8517,290059303176,1,0.0,95.0,50.80213903743316,100.0,HIGH,9,12,304.1999999999995,COMPLETE_BOTH,,NEITHER,,304.1999999999995,,,1,0,0,0,0,0,1,12,9,0,0,INCLUDED,1,,False,,,,1,0,0,1,60.0,56.4,6.5,2.2,100.0,4-Year,60.0,Public Charter (KC),True
2023,048923,1970,DELASALLE CHARTER SCHOOL,DeLaSalle Charter High School,9,12,136.0,10.3,7.5,132.0,10.3,7.8,4.0,0.0,0.0,347.0,292.8,306.5,324.9,0.0,12.0,0.0,0.0,12.0,0.0,0.0,4.0,0.0,0.0,12.0,0.0,Participation,0.6,12.0,5.0,Below Average,0.0,4.0,0.0,Participation,,,36.0,34.0,27.0,26.0,36.0,33.0,186.0,185.0,100.0,,91.9,4.3,,,,,96.2,96.2,96.2,1,,11.29,0,100.0,0.0,100.0,185.0,CEP,1.0,25.9,74.1,57.4163,290059303176,1,0.0,102.0,49.51456310679612,100.0,HIGH,9,12,319.9,COMPLETE_BOTH,2.5,COMPLETE_BOTH,,319.9,2.5,2.5,1,0,0,0,0,0,1,12,9,0,0,INCLUDED,1,2022.0,True,304.1999999999995,,16.666600000000003,1,0,0,0,,,0.0,50.0,0.0,7-Year,60.0,Public Charter (KC),True
2024,048923,1970,DELASALLE CHARTER SCHOOL,DeLaSalle Charter High School,9,12,128.0,53.0,41.4,124.0,53.0,42.7,4.0,0.0,0.0,341.1,286.7,274.2,322.9,6.0,12.0,50.0,0.0,12.0,0.0,0.0,4.0,0.0,3.0,12.0,25.0,Emerging,12.0,12.0,100.0,Target,1.0,4.0,25.0,Emerging,,,54.0,53.0,28.0,28.0,31.0,31.0,206.0,209.0,100.0,2.4,91.7,3.4,,,2.4,,95.10000000000001,97.50000000000001,95.10000000000001,1,,11.65,0,100.0,0.0,100.0,209.0,CEP,1.0,37.6,62.4,55.8333,290059303176,1,0.0,107.0,54.59183673469388,100.0,HIGH,9,12,313.9,COMPLETE_BOTH,62.5,COMPLETE_BOTH,,313.9,62.5,62.5,1,0,0,0,0,0,1,12,9,0,0,INCLUDED,1,2023.0,True,319.9,2.5,7.5,1,0,0,0,,,0.0,50.0,50.0,4-Year,60.0,Public Charter (KC),True
2025,048923,1970,DELASALLE CHARTER SCHOOL,DeLaSalle Charter High School,9,12,140.0,86.5,61.7,136.0,86.5,63.6,4.0,0.0,0.0,332.2,308.7,308.6,333.7,6.0,12.0,50.0,6.0,12.0,50.0,2.0,4.0,50.0,9.0,12.0,75.0,On-Track,12.0,12.0,100.0,Target,2.0,4.0,50.0,Approaching,,,48.0,48.0,45.0,45.0,26.0,26.0,196.0,200.0,100.0,3.1,86.7,6.1,,,4.1,,92.8,96.89999999999999,92.8,1,,15.31,0,100.0,0.0,100.0,200.0,CEP,1.0,49.3,50.7,48.4018,290059303176,1,0.0,107.0,54.59183673469388,100.0,HIGH,9,12,320.45,COMPLETE_BOTH,87.5,COMPLETE_BOTH,,320.45,87.5,87.5,1,0,0,0,0,0,1,12,9,0,0,INCLUDED,1,2024.0,True,313.9,62.5,41.4,1,0,0,0,,,0.0,50.0,75.0,5-Year,60.0,Public Charter (KC),True
2022,048924,1910,EWING MARION KAUFFMAN SCHOOL,EWING MARION KAUFFMAN HIGH,9,12,96.0,75.5,78.6458,,,,,,,390.4,359.9,361.8,386.2,,,,,,,,,,,,,,,,,,,,,,,,,,,,,,403.0,383.0,77.3,4.5,81.4,7.9,1.7,,3.7,,89.30000000000001,93.00000000000001,89.30000000000001,1,,6.7,0,77.28459530026109,0.0,77.28459530026109,296.0,NON_CEP,0.0,65.0,35.0,7.9404,290059703277,1,0.0,125.0,31.725888324873097,77.28459530026109,HIGH,9,12,375.15,COMPLETE_BOTH,,NEITHER,,375.15,,,1,0,0,0,0,0,1,12,9,0,0,INCLUDED,1,,False,,,,1,0,0,1,94.0,97.8,67.9,97.8,100.0,4-Year,94.0,Public Charter (KC),True
2023,048924,1910,EWING MARION KAUFFMAN SCHOOL,EWING MARION KAUFFMAN HIGH,9,12,144.0,116.8,81.1,140.0,114.8,82.0,4.0,2.0,50.0,401.0,377.4,363.3,384.1,12.0,12.0,100.0,9.0,12.0,75.0,2.0,4.0,50.0,10.0,12.0,83.3,Above Average,11.7,12.0,97.5,Above Average,1.6,4.0,40.0,Below Average,,,101.0,98.0,97.0,97.0,118.0,118.0,394.0,385.0,70.9,2.5,81.0,9.9,1.8,,4.6,,90.9,95.5,90.9,1,2.28,8.63,0,70.9,0.0,70.9,273.0,NON_CEP,0.0,73.8,26.200000000000003,3.0457,290059703277,1,0.0,136.0,34.08521303258145,70.9,HIGH,9,12,389.2,COMPLETE_BOTH,90.4,COMPLETE_BOTH,,389.2,90.4,90.4,1,0,0,0,0,0,1,12,9,0,0,INCLUDED,1,2022.0,True,375.15,,78.6458,1,0,0,0,,,50.0,100.0,100.0,6-Year,94.0,Public Charter (KC),True
2024,048924,1910,EWING MARION KAUFFMAN SCHOOL,EWING MARION KAUFFMAN HIGH,9,12,138.0,98.5,71.3,134.0,98.5,73.5,4.0,0.0,0.0,369.1,376.1,346.6,376.0,6.0,12.0,50.0,9.0,12.0,75.0,2.0,4.0,50.0,3.0,12.0,25.0,Emerging,12.0,12.0,100.0,Target,2.0,4.0,50.0,Approaching,,,106.0,104.0,105.0,104.0,112.0,110.0,399.0,392.0,75.5,1.5,78.4,12.3,1.8,,6.0,,90.7,96.7,90.7,1,1.75,10.28,0,75.5,0.0,75.5,296.0,NON_CEP,0.0,61.4,38.6,4.01,290059703277,1,0.0,141.0,35.07462686567165,75.5,HIGH,9,12,372.6,COMPLETE_BOTH,62.5,COMPLETE_BOTH,,372.6,62.5,62.5,1,0,0,0,0,0,1,12,9,0,0,INCLUDED,1,2023.0,True,389.2,90.4,81.1,1,0,0,0,,,50.0,100.0,100.0,7-Year,94.0,Public Charter (KC),True
2025,048924,1910,EWING MARION KAUFFMAN SCHOOL,EWING MARION KAUFFMAN HIGH,9,12,144.0,113.0,78.4,140.0,113.0,80.7,4.0,0.0,0.0,387.3,384.0,384.5,369.4,9.0,12.0,75.0,9.0,12.0,75.0,3.0,4.0,75.0,6.0,12.0,50.0,Approaching,12.0,12.0,100.0,Target,1.0,4.0,25.0,Emerging,,,94.0,93.0,93.0,92.0,122.0,121.0,403.0,397.0,100.0,1.7,78.4,13.4,1.2,,5.0,,91.80000000000001,96.80000000000001,91.80000000000001,1,4.47,7.69,0,100.0,0.0,100.0,397.0,NON_CEP,0.0,54.9,45.1,2.9777,290059703277,1,0.0,141.0,35.07462686567165,100.0,HIGH,9,12,385.65,COMPLETE_BOTH,75.0,COMPLETE_BOTH,,385.65,75.0,75.0,1,0,0,0,0,0,1,12,9,0,0,INCLUDED,1,2024.0,True,372.6,62.5,71.3,1,0,0,0,,,50.0,100.0,100.0,7-Year,94.0,Public Charter (KC),True
2022,048926,1905,CROSSROADS CHARTER SCHOOLS,CROSSROADS PREPARATORY ACADEMY,7,12,136.0,79.3,58.308800000000005,,,,,,,360.1,317.5,341.5,334.3,,,,,,,,,,,,,,,,,,,,,,-0.0663314529999999,0.0545224259999999,,,,,,,447.0,467.0,46.9,20.4,45.6,27.1,1.1,,5.8,,72.7,78.5,72.7,1,9.4,12.75,0,46.895074946466806,0.0,46.895074946466806,219.0,NON_CEP,0.0,33.8,66.2,32.6531,290060303311,1,0.0,89.0,21.497584541062803,46.895074946466806,HIGH,7,12,338.8,COMPLETE_BOTH,,NEITHER,-0.0059045135,338.8,,,1,0,0,0,0,0,1,12,7,0,0,INCLUDED,1,,False,,,,1,0,0,0,70.0,90.0,38.4,48.8,100.0,4-Year,70.0,Public Charter (KC),True
2023,048926,1905,CROSSROADS CHARTER SCHOOLS,CROSSROADS PREPARATORY ACADEMY,7,12,146.0,76.1,52.1,138.0,72.1,52.2,8.0,4.0,50.0,366.7,320.9,333.2,355.8,6.0,12.0,50.0,6.0,12.0,50.0,2.0,4.0,50.0,7.7,12.0,64.1,Average,2.4,12.0,20.0,Below Average,2.0,4.0,50.0,Average,,,244.0,242.0,280.0,279.0,158.0,157.0,414.0,447.0,35.8,16.2,44.7,32.6,,,5.6,,77.30000000000001,82.9,77.30000000000001,1,11.35,15.7,0,35.8,0.0,35.8,160.0,NON_CEP,0.0,33.0,67.0,35.654,290060303311,1,0.0,79.0,19.082125603864732,35.8,HIGH,7,12,343.79999999999995,COMPLETE_BOTH,42.05,COMPLETE_BOTH,,343.79999999999995,42.05,42.05,1,0,0,0,0,0,1,12,7,0,0,INCLUDED,1,2022.0,True,338.8,,58.308800000000005,1,0,0,0,,,0.0,75.0,100.0,7-Year,70.0,Public Charter (KC),True
2024,048926,1905,CROSSROADS CHARTER SCHOOLS,CROSSROADS PREPARATORY ACADEMY,7,12,148.0,70.0,47.2,140.0,67.0,47.8,8.0,3.0,37.5,363.3,311.8,335.5,369.7,6.0,12.0,50.0,6.0,12.0,50.0,2.0,4.0,50.0,3.0,12.0,25.0,Emerging,3.0,12.0,25.0,Emerging,1.0,4.0,25.0,Emerging,,,232.0,223.0,230.0,223.0,166.0,159.0,412.0,432.0,41.4,14.8,47.6,31.6,,,5.6,,79.2,84.8,79.2,1,11.41,11.89,0,41.4,0.0,41.4,179.0,NON_CEP,0.0,35.2,64.8,31.441,290060303311,1,0.0,89.0,21.921182266009854,41.4,HIGH,7,12,337.55,COMPLETE_BOTH,25.0,COMPLETE_BOTH,,337.55,25.0,25.0,1,0,0,0,0,0,1,12,7,0,0,INCLUDED,1,2023.0,True,343.79999999999995,42.05,52.1,1,0,0,0,,,0.0,75.0,75.0,7-Year,70.0,Public Charter (KC),True
2025,048926,1905,CROSSROADS CHARTER SCHOOLS,CROSSROADS PREPARATORY ACADEMY,7,12,148.0,87.5,59.1,140.0,83.5,59.6,8.0,4.0,50.0,362.0,329.1,335.8,366.3,6.0,12.0,50.0,6.0,12.0,50.0,2.0,4.0,50.0,12.0,12.0,100.0,Target,9.0,12.0,75.0,On-Track,2.0,4.0,50.0,Approaching,,,219.0,209.0,257.0,250.0,142.0,138.0,406.0,432.0,55.6,13.3,48.3,30.5,1.2,,6.7,,78.8,85.5,78.8,1,12.32,11.82,0,55.60000000000001,0.0,55.60000000000001,240.0,NON_CEP,0.0,38.5,61.5,36.971,290060303311,1,0.0,89.0,21.921182266009854,55.60000000000001,HIGH,7,12,345.55,COMPLETE_BOTH,87.5,COMPLETE_BOTH,,345.55,87.5,87.5,1,0,0,0,0,0,1,12,7,0,0,INCLUDED,1,2024.0,True,337.55,25.0,47.2,1,0,0,0,,,50.0,50.0,75.0,4-Year,70.0,Public Charter (KC),True
2023,083005,1020,PARK HILL,LEAD INNOVATION STUDIO,9,12,0.0,0.0,,0.0,0.0,,0.0,0.0,,,,,,,,,,,,,,,,,,nan,,,,nan,,,,nan,,,,,,,,,,,,,,,,,,,0.0,0.0,0.0,1,,,0,,,,,UNKNOWN,,,,,292355003313,4,0.0,,,,HIGH,9,12,,NEITHER,,NEITHER,,,,,1,0,0,0,1,0,0,12,9,0,1,ALTERNATIVE_SCHOOL,0,,False,,,,0,0,1,1,,,,,,nan,,Outer Suburban,True
2022,083005,1050,PARK HILL,PARK HILL HIGH,9,12,96.0,90.5,94.2708,,,,,,,424.1,428.4,395.7,430.1,,,,,,,,,,,,,,,,,,,,,,,,,,,,,,1875.0,1797.23,16.0,62.0,13.8,12.0,4.8,0.6,5.9,0.9,26.400000000000002,33.2,26.400000000000002,0,2.19,11.09,0,16.024660171486122,0.0,16.024660171486122,288.0,NON_CEP,0.0,70.6,29.400000000000006,11.1053,292355001371,1,0.0,124.0,6.677436725901992,16.024660171486122,HIGH,9,12,426.25,COMPLETE_BOTH,,NEITHER,,426.25,,,1,0,0,0,0,0,1,12,9,0,0,INCLUDED,1,,False,,,,1,0,0,1,94.2,94.9,73.2,85.3,100.0,4-Year,94.2,Outer Suburban,True
2023,083005,1050,PARK HILL,PARK HILL HIGH,9,12,144.0,133.0,92.3,140.0,133.0,95.0,4.0,0.0,0.0,420.0,427.0,412.3,431.5,12.0,12.0,100.0,12.0,12.0,100.0,4.0,4.0,100.0,10.1,12.0,84.1,Above Average,11.9,12.0,99.1,Above Average,3.0,4.0,75.0,Above Average,,,486.0,486.0,442.0,428.0,508.0,504.0,1879.0,1787.03,23.2,60.7,15.3,11.8,5.0,0.6,5.7,1.0,27.700000000000003,34.400000000000006,27.700000000000003,0,1.76,10.7,0,23.2,0.0,23.2,414.5,NON_CEP,0.0,68.6,31.400000000000006,12.0761,292355001371,1,0.0,121.0,6.25,23.2,HIGH,9,12,423.5,COMPLETE_BOTH,91.6,COMPLETE_BOTH,,423.5,91.6,91.6,1,0,0,0,0,0,1,12,9,0,0,INCLUDED,1,2022.0,True,426.25,,94.2708,1,0,0,0,,,100.0,100.0,100.0,6-Year,94.2,Outer Suburban,True
2024,083005,1050,PARK HILL,PARK HILL HIGH,9,12,138.0,131.5,95.2,134.0,131.5,98.1,4.0,0.0,0.0,417.2,429.6,398.2,426.5,12.0,12.0,100.0,12.0,12.0,100.0,3.0,4.0,75.0,12.0,12.0,100.0,Target,12.0,12.0,100.0,Target,4.0,4.0,100.0,Target,,,489.0,489.0,510.0,510.0,543.0,543.0,1948.0,1848.5,25.2,60.2,15.8,11.7,4.7,0.4,6.1,1.2,27.9,35.2,27.9,0,2.72,10.11,0,25.0,0.0,25.0,462.0,NON_CEP,0.0,70.9,29.099999999999994,11.9403,292355001371,1,0.0,127.0,6.5228556753980484,25.0,HIGH,9,12,423.4,COMPLETE_BOTH,100.0,COMPLETE_BOTH,,423.4,100.0,100.0,1,0,0,0,0,0,1,12,9,0,0,INCLUDED,1,2023.0,True,423.5,91.6,92.3,1,0,0,0,,,100.0,100.0,100.0,7-Year,94.2,Outer Suburban,True
2025,083005,1050,PARK HILL,PARK HILL HIGH,9,12,144.0,139.0,96.5,140.0,139.0,99.2,4.0,0.0,0.0,411.7,430.5,416.3,430.1,12.0,12.0,100.0,12.0,12.0,100.0,4.0,4.0,100.0,12.0,12.0,100.0,Target,12.0,12.0,100.0,Target,4.0,4.0,100.0,Target,,,514.0,514.0,503.0,492.0,494.0,494.0,1962.0,1865.0,25.0,58.3,16.3,12.9,4.4,0.5,5.9,1.7,29.700000000000003,37.300000000000004,29.700000000000003,0,4.18,9.68,0,25.0,0.0,25.0,467.0,NON_CEP,0.0,73.1,26.900000000000006,13.2739,292355001371,1,0.0,127.0,6.5228556753980484,25.0,HIGH,9,12,421.1,COMPLETE_BOTH,100.0,COMPLETE_BOTH,,421.1,100.0,100.0,1,0,0,0,0,0,1,12,9,0,0,INCLUDED,1,2024.0,True,423.4,100.0,95.2,1,0,0,0,,,100.0,100.0,100.0,7-Year,94.2,Outer Suburban,True
2022,083005,1080,PARK HILL,PARK HILL SOUTH HIGH,9,12,96.0,91.5,95.3125,,,,,,,423.8,426.2,400.5,426.3,,,,,,,,,,,,,,,,,,,,,,,,,,,,,,1842.0,1774.5,14.6,69.2,11.2,10.8,2.6,0.5,5.0,0.7,22.5,28.2,22.5,0,2.66,9.61,0,14.595660749506903,0.0,14.595660749506903,259.0,NON_CEP,0.0,74.9,25.099999999999994,11.472,292355002413,1,0.0,166.0,8.9247311827957,14.595660749506903,HIGH,9,12,425.0,COMPLETE_BOTH,,NEITHER,,425.0,,,1,0,0,0,0,0,1,12,9,0,0,INCLUDED,1,,False,,,,1,0,0,1,87.6,94.4,74.2,73.2,100.0,4-Year,87.6,Outer Suburban,True
2023,083005,1080,PARK HILL,PARK HILL SOUTH HIGH,9,12,144.0,133.5,92.7,140.0,133.5,95.3,4.0,0.0,0.0,423.1,436.9,412.8,419.1,12.0,12.0,100.0,12.0,12.0,100.0,4.0,4.0,100.0,10.7,12.0,89.1,Above Average,12.0,12.0,100.0,Above Average,3.3,4.0,82.5,Above Average,,,454.0,438.0,438.0,420.0,492.0,488.0,1884.0,1799.5,23.1,68.8,11.7,10.5,2.5,0.5,5.3,0.6,22.7,28.6,22.7,0,3.72,10.08,0,23.1,0.0,23.1,416.0,NON_CEP,0.0,71.3,28.700000000000003,12.2051,292355002413,1,0.0,139.0,7.43713215623328,23.1,HIGH,9,12,430.0,COMPLETE_BOTH,94.55,COMPLETE_BOTH,,430.0,94.55,94.55,1,0,0,0,0,0,1,12,9,0,0,INCLUDED,1,2022.0,True,425.0,,95.3125,1,0,0,0,,,100.0,100.0,100.0,7-Year,87.6,Outer Suburban,True
2024,083005,1080,PARK HILL,PARK HILL SOUTH HIGH,9,12,138.0,132.0,95.6,134.0,132.0,98.5,4.0,0.0,0.0,422.1,428.2,413.9,424.5,12.0,12.0,100.0,12.0,12.0,100.0,4.0,4.0,100.0,12.0,12.0,100.0,Target,12.0,12.0,100.0,Target,4.0,4.0,100.0,Target,,,438.0,437.0,456.0,443.0,495.0,492.0,1887.0,1778.08,22.2,67.2,11.4,11.3,2.8,0.5,6.3,0.5,23.200000000000003,30.000000000000004,23.200000000000003,0,3.18,10.55,0,22.1,0.0,22.1,394.0,NON_CEP,0.0,72.9,27.099999999999994,11.0139,292355002413,1,0.0,155.0,8.201058201058201,22.1,HIGH,9,12,425.15,COMPLETE_BOTH,100.0,COMPLETE_BOTH,,425.15,100.0,100.0,1,0,0,0,0,0,1,12,9,0,0,INCLUDED,1,2023.0,True,430.0,94.55,92.7,1,0,0,0,,,100.0,100.0,100.0,7-Year,87.6,Outer Suburban,True
2025,083005,1080,PARK HILL,PARK HILL SOUTH HIGH,9,12,144.0,136.0,94.4,140.0,136.0,97.1,4.0,0.0,0.0,411.6,443.5,426.2,418.9,12.0,12.0,100.0,12.0,12.0,100.0,4.0,4.0,100.0,12.0,12.0,100.0,Target,12.0,12.0,100.0,Target,4.0,4.0,100.0,Target,,,496.0,488.0,505.0,492.0,514.0,512.0,1913.0,1795.02,22.8,65.3,11.5,12.3,3.2,0.5,6.4,0.7,24.3,31.400000000000002,24.3,0,4.39,10.72,0,22.8,0.0,22.8,409.0,NON_CEP,0.0,72.5,27.5,12.5446,292355002413,1,0.0,155.0,8.201058201058201,22.8,HIGH,9,12,427.55,COMPLETE_BOTH,100.0,COMPLETE_BOTH,,427.55,100.0,100.0,1,0,0,0,0,0,1,12,9,0,0,INCLUDED,1,2024.0,True,425.15,100.0,95.6,1,0,0,0,,,100.0,100.0,100.0,4-Year,87.6,Outer Suburban,True
