district_code,district_name,school_name,academic_year,policy_era,term,course_code,course_title,course_track,students_enrolled,count_A,count_B,count_C,count_D,count_F,pct_A,pct_B,pct_C,pct_D,pct_F,failure_rate_pct,credits_attempted,credits_earned,credit_completion_pct,eoc_proficient_or_advanced_pct,eoc_below_basic_pct,policy_exposure_role,grading_model,attempted_work_floor,missing_work_rule,reassessment_rule,engagement_weight_pct,progress_weight_pct,proficiency_weight_pct,audit_status
048-078,Kansas City 33,CENTRAL HIGH SCHOOL,2021-2022,Pre-Reform,Fall,MATH101,Algebra I,General Education,123,11,21,33,23,35,8.9,17.1,26.8,18.7,28.5,28.5,61.5,44.0,71.5,,,Baseline_2022_Pre_Policy,TRADITIONAL_PCT,0_NO_FLOOR,TRUE_ZERO_ALLOWED,TEACHER_DISCRETION,Unspecified,Unspecified,Unspecified,BOARD_POLICY_MANUAL
048-078,Kansas City 33,CENTRAL HIGH SCHOOL,2021-2022,Pre-Reform,Fall,MATH101,Algebra I,Honors / AP / IB,8,2,3,2,1,0,25.0,37.5,25.0,12.5,0.0,0.0,4.0,4.0,100.0,,,Baseline_2022_Pre_Policy,TRADITIONAL_PCT,0_NO_FLOOR,TRUE_ZERO_ALLOWED,TEACHER_DISCRETION,Unspecified,Unspecified,Unspecified,BOARD_POLICY_MANUAL
048-078,Kansas City 33,CENTRAL HIGH SCHOOL,2021-2022,Pre-Reform,Fall,MATH201,Geometry,General Education,139,13,25,40,27,34,9.4,18.0,28.8,19.4,24.5,24.5,69.5,52.5,75.5,,,Baseline_2022_Pre_Policy,TRADITIONAL_PCT,0_NO_FLOOR,TRUE_ZERO_ALLOWED,TEACHER_DISCRETION,Unspecified,Unspecified,Unspecified,BOARD_POLICY_MANUAL
048-078,Kansas City 33,CENTRAL HIGH SCHOOL,2021-2022,Pre-Reform,Fall,MATH201,Geometry,Honors / AP / IB,8,2,3,2,1,0,25.0,37.5,25.0,12.5,0.0,0.0,4.0,4.0,100.0,,,Baseline_2022_Pre_Policy,TRADITIONAL_PCT,0_NO_FLOOR,TRUE_ZERO_ALLOWED,TEACHER_DISCRETION,Unspecified,Unspecified,Unspecified,BOARD_POLICY_MANUAL
048-078,Kansas City 33,CENTRAL HIGH SCHOOL,2021-2022,Pre-Reform,Fall,ENG101,English I,General Education,144,13,27,43,29,32,9.0,18.8,29.9,20.1,22.2,22.2,72.0,56.0,77.8,,,Baseline_2022_Pre_Policy,TRADITIONAL_PCT,0_NO_FLOOR,TRUE_ZERO_ALLOWED,TEACHER_DISCRETION,Unspecified,Unspecified,Unspecified,BOARD_POLICY_MANUAL
048-078,Kansas City 33,CENTRAL HIGH SCHOOL,2021-2022,Pre-Reform,Fall,ENG101,English I,Honors / AP / IB,8,2,3,2,1,0,25.0,37.5,25.0,12.5,0.0,0.0,4.0,4.0,100.0,,,Baseline_2022_Pre_Policy,TRADITIONAL_PCT,0_NO_FLOOR,TRUE_ZERO_ALLOWED,TEACHER_DISCRETION,Unspecified,Unspecified,Unspecified,BOARD_POLICY_MANUAL
048-078,Kansas City 33,CENTRAL HIGH SCHOOL,2021-2022,Pre-Reform,Fall,SCI101,Biology,General Education,129,11,24,38,26,30,8.5,18.6,29.5,20.2,23.3,23.3,64.5,49.5,76.7,,,Baseline_2022_Pre_Policy,TRADITIONAL_PCT,0_NO_FLOOR,TRUE_ZERO_ALLOWED,TEACHER_DISCRETION,Unspecified,Unspecified,Unspecified,BOARD_POLICY_MANUAL
048-078,Kansas City 33,CENTRAL HIGH SCHOOL,2021-2022,Pre-Reform,Fall,SCI101,Biology,Honors / AP / IB,8,2,3,2,1,0,25.0,37.5,25.0,12.5,0.0,0.0,4.0,4.0,100.0,,,Baseline_2022_Pre_Policy,TRADITIONAL_PCT,0_NO_FLOOR,TRUE_ZERO_ALLOWED,TEACHER_DISCRETION,Unspecified,Unspecified,Unspecified,BOARD_POLICY_MANUAL
048-078,Kansas City 33,CENTRAL HIGH SCHOOL,2021-2022,Pre-Reform,Spring,MATH101,Algebra I,General Education,132,11,23,36,24,38,8.3,17.4,27.3,18.2,28.8,28.8,66.0,47.0,71.2,14.0,52.4,Baseline_2022_Pre_Policy,TRADITIONAL_PCT,0_NO_FLOOR,TRUE_ZERO_ALLOWED,TEACHER_DISCRETION,Unspecified,Unspecified,Unspecified,BOARD_POLICY_MANUAL
048-078,Kansas City 33,CENTRAL HIGH SCHOOL,2021-2022,Pre-Reform,Spring,MATH101,Algebra I,Honors / AP / IB,8,2,3,2,1,0,25.0,37.5,25.0,12.5,0.0,0.0,4.0,4.0,100.0,69.7,7.8,Baseline_2022_Pre_Policy,TRADITIONAL_PCT,0_NO_FLOOR,TRUE_ZERO_ALLOWED,TEACHER_DISCRETION,Unspecified,Unspecified,Unspecified,BOARD_POLICY_MANUAL
048-078,Kansas City 33,CENTRAL HIGH SCHOOL,2021-2022,Pre-Reform,Spring,MATH201,Geometry,General Education,134,12,24,38,26,34,9.0,17.9,28.4,19.4,25.4,25.4,67.0,50.0,74.6,15.1,53.1,Baseline_2022_Pre_Policy,TRADITIONAL_PCT,0_NO_FLOOR,TRUE_ZERO_ALLOWED,TEACHER_DISCRETION,Unspecified,Unspecified,Unspecified,BOARD_POLICY_MANUAL
048-078,Kansas City 33,CENTRAL HIGH SCHOOL,2021-2022,Pre-Reform,Spring,MATH201,Geometry,Honors / AP / IB,8,2,3,2,1,0,25.0,37.5,25.0,12.5,0.0,0.0,4.0,4.0,100.0,72.9,7.7,Baseline_2022_Pre_Policy,TRADITIONAL_PCT,0_NO_FLOOR,TRUE_ZERO_ALLOWED,TEACHER_DISCRETION,Unspecified,Unspecified,Unspecified,BOARD_POLICY_MANUAL
048-078,Kansas City 33,CENTRAL HIGH SCHOOL,2021-2022,Pre-Reform,Spring,ENG101,English I,General Education,135,12,25,40,27,31,8.9,18.5,29.6,20.0,23.0,23.0,67.5,52.0,77.0,,,Baseline_2022_Pre_Policy,TRADITIONAL_PCT,0_NO_FLOOR,TRUE_ZERO_ALLOWED,TEACHER_DISCRETION,Unspecified,Unspecified,Unspecified,BOARD_POLICY_MANUAL
048-078,Kansas City 33,CENTRAL HIGH SCHOOL,2021-2022,Pre-Reform,Spring,ENG101,English I,Honors / AP / IB,8,2,3,2,1,0,25.0,37.5,25.0,12.5,0.0,0.0,4.0,4.0,100.0,,,Baseline_2022_Pre_Policy,TRADITIONAL_PCT,0_NO_FLOOR,TRUE_ZERO_ALLOWED,TEACHER_DISCRETION,Unspecified,Unspecified,Unspecified,BOARD_POLICY_MANUAL
048-078,Kansas City 33,CENTRAL HIGH SCHOOL,2021-2022,Pre-Reform,Spring,SCI101,Biology,General Education,140,12,25,40,27,36,8.6,17.9,28.6,19.3,25.7,25.7,70.0,52.0,74.3,16.6,52.1,Baseline_2022_Pre_Policy,TRADITIONAL_PCT,0_NO_FLOOR,TRUE_ZERO_ALLOWED,TEACHER_DISCRETION,Unspecified,Unspecified,Unspecified,BOARD_POLICY_MANUAL
048-078,Kansas City 33,CENTRAL HIGH SCHOOL,2021-2022,Pre-Reform,Spring,SCI101,Biology,Honors / AP / IB,8,2,3,2,1,0,25.0,37.5,25.0,12.5,0.0,0.0,4.0,4.0,100.0,70.3,8.1,Baseline_2022_Pre_Policy,TRADITIONAL_PCT,0_NO_FLOOR,TRUE_ZERO_ALLOWED,TEACHER_DISCRETION,Unspecified,Unspecified,Unspecified,BOARD_POLICY_MANUAL
048-078,Kansas City 33,CENTRAL HIGH SCHOOL,2022-2023,Pre-Reform,Fall,MATH101,Algebra I,General Education,135,12,23,37,25,38,8.9,17.0,27.4,18.5,28.1,28.1,67.5,48.5,71.9,,,Baseline_2022_Pre_Policy,TRADITIONAL_PCT,0_NO_FLOOR,TRUE_ZERO_ALLOWED,TEACHER_DISCRETION,Unspecified,Unspecified,Unspecified,BOARD_POLICY_MANUAL
048-078,Kansas City 33,CENTRAL HIGH SCHOOL,2022-2023,Pre-Reform,Fall,MATH101,Algebra I,Honors / AP / IB,8,2,3,2,1,0,25.0,37.5,25.0,12.5,0.0,0.0,4.0,4.0,100.0,,,Baseline_2022_Pre_Policy,TRADITIONAL_PCT,0_NO_FLOOR,TRUE_ZERO_ALLOWED,TEACHER_DISCRETION,Unspecified,Unspecified,Unspecified,BOARD_POLICY_MANUAL
048-078,Kansas City 33,CENTRAL HIGH SCHOOL,2022-2023,Pre-Reform,Fall,MATH201,Geometry,General Education,146,13,26,42,29,36,8.9,17.8,28.8,19.9,24.7,24.7,73.0,55.0,75.3,,,Baseline_2022_Pre_Policy,TRADITIONAL_PCT,0_NO_FLOOR,TRUE_ZERO_ALLOWED,TEACHER_DISCRETION,Unspecified,Unspecified,Unspecified,BOARD_POLICY_MANUAL
048-078,Kansas City 33,CENTRAL HIGH SCHOOL,2022-2023,Pre-Reform,Fall,MATH201,Geometry,Honors / AP / IB,8,2,3,2,1,0,25.0,37.5,25.0,12.5,0.0,0.0,4.0,4.0,100.0,,,Baseline_2022_Pre_Policy,TRADITIONAL_PCT,0_NO_FLOOR,TRUE_ZERO_ALLOWED,TEACHER_DISCRETION,Unspecified,Unspecified,Unspecified,BOARD_POLICY_MANUAL
048-078,Kansas City 33,CENTRAL HIGH SCHOOL,2022-2023,Pre-Reform,Fall,ENG101,English I,General Education,120,11,23,36,24,26,9.2,19.2,30.0,20.0,21.7,21.7,60.0,47.0,78.3,,,Baseline_2022_Pre_Policy,TRADITIONAL_PCT,0_NO_FLOOR,TRUE_ZERO_ALLOWED,TEACHER_DISCRETION,Unspecified,Unspecified,Unspecified,BOARD_POLICY_MANUAL
048-078,Kansas City 33,CENTRAL HIGH SCHOOL,2022-2023,Pre-Reform,Fall,ENG101,English I,Honors / AP / IB,8,2,3,2,1,0,25.0,37.5,25.0,12.5,0.0,0.0,4.0,4.0,100.0,,,Baseline_2022_Pre_Policy,TRADITIONAL_PCT,0_NO_FLOOR,TRUE_ZERO_ALLOWED,TEACHER_DISCRETION,Unspecified,Unspecified,Unspecified,BOARD_POLICY_MANUAL
048-078,Kansas City 33,CENTRAL HIGH SCHOOL,2022-2023,Pre-Reform,Fall,SCI101,Biology,General Education,130,12,24,38,26,30,9.2,18.5,29.2,20.0,23.1,23.1,65.0,50.0,76.9,,,Baseline_2022_Pre_Policy,TRADITIONAL_PCT,0_NO_FLOOR,TRUE_ZERO_ALLOWED,TEACHER_DISCRETION,Unspecified,Unspecified,Unspecified,BOARD_POLICY_MANUAL
048-078,Kansas City 33,CENTRAL HIGH SCHOOL,2022-2023,Pre-Reform,Fall,SCI101,Biology,Honors / AP / IB,8,2,3,2,1,0,25.0,37.5,25.0,12.5,0.0,0.0,4.0,4.0,100.0,,,Baseline_2022_Pre_Policy,TRADITIONAL_PCT,0_NO_FLOOR,TRUE_ZERO_ALLOWED,TEACHER_DISCRETION,Unspecified,Unspecified,Unspecified,BOARD_POLICY_MANUAL
048-078,Kansas City 33,CENTRAL HIGH SCHOOL,2022-2023,Pre-Reform,Spring,MATH101,Algebra I,General Education,123,10,21,33,23,36,8.1,17.1,26.8,18.7,29.3,29.3,61.5,43.5,70.7,14.5,51.2,Baseline_2022_Pre_Policy,TRADITIONAL_PCT,0_NO_FLOOR,TRUE_ZERO_ALLOWED,TEACHER_DISCRETION,Unspecified,Unspecified,Unspecified,BOARD_POLICY_MANUAL
048-078,Kansas City 33,CENTRAL HIGH SCHOOL,2022-2023,Pre-Reform,Spring,MATH101,Algebra I,Honors / AP / IB,8,2,3,2,1,0,25.0,37.5,25.0,12.5,0.0,0.0,4.0,4.0,100.0,71.3,8.0,Baseline_2022_Pre_Policy,TRADITIONAL_PCT,0_NO_FLOOR,TRUE_ZERO_ALLOWED,TEACHER_DISCRETION,Unspecified,Unspecified,Unspecified,BOARD_POLICY_MANUAL
048-078,Kansas City 33,CENTRAL HIGH SCHOOL,2022-2023,Pre-Reform,Spring,MATH201,Geometry,General Education,145,13,26,41,28,37,9.0,17.9,28.3,19.3,25.5,25.5,72.5,54.0,74.5,15.6,50.2,Baseline_2022_Pre_Policy,TRADITIONAL_PCT,0_NO_FLOOR,TRUE_ZERO_ALLOWED,TEACHER_DISCRETION,Unspecified,Unspecified,Unspecified,BOARD_POLICY_MANUAL
048-078,Kansas City 33,CENTRAL HIGH SCHOOL,2022-2023,Pre-Reform,Spring,MATH201,Geometry,Honors / AP / IB,8,2,3,2,1,0,25.0,37.5,25.0,12.5,0.0,0.0,4.0,4.0,100.0,70.0,7.8,Baseline_2022_Pre_Policy,TRADITIONAL_PCT,0_NO_FLOOR,TRUE_ZERO_ALLOWED,TEACHER_DISCRETION,Unspecified,Unspecified,Unspecified,BOARD_POLICY_MANUAL
048-078,Kansas City 33,CENTRAL HIGH SCHOOL,2022-2023,Pre-Reform,Spring,ENG101,English I,General Education,132,12,24,39,27,30,9.1,18.2,29.5,20.5,22.7,22.7,66.0,51.0,77.3,,,Baseline_2022_Pre_Policy,TRADITIONAL_PCT,0_NO_FLOOR,TRUE_ZERO_ALLOWED,TEACHER_DISCRETION,Unspecified,Unspecified,Unspecified,BOARD_POLICY_MANUAL
048-078,Kansas City 33,CENTRAL HIGH SCHOOL,2022-2023,Pre-Reform,Spring,ENG101,English I,Honors / AP / IB,8,2,3,2,1,0,25.0,37.5,25.0,12.5,0.0,0.0,4.0,4.0,100.0,,,Baseline_2022_Pre_Policy,TRADITIONAL_PCT,0_NO_FLOOR,TRUE_ZERO_ALLOWED,TEACHER_DISCRETION,Unspecified,Unspecified,Unspecified,BOARD_POLICY_MANUAL
048-078,Kansas City 33,CENTRAL HIGH SCHOOL,2022-2023,Pre-Reform,Spring,SCI101,Biology,General Education,122,10,22,35,24,31,8.2,18.0,28.7,19.7,25.4,25.4,61.0,45.5,74.6,15.7,52.3,Baseline_2022_Pre_Policy,TRADITIONAL_PCT,0_NO_FLOOR,TRUE_ZERO_ALLOWED,TEACHER_DISCRETION,Unspecified,Unspecified,Unspecified,BOARD_POLICY_MANUAL
048-078,Kansas City 33,CENTRAL HIGH SCHOOL,2022-2023,Pre-Reform,Spring,SCI101,Biology,Honors / AP / IB,8,2,3,2,1,0,25.0,37.5,25.0,12.5,0.0,0.0,4.0,4.0,100.0,71.0,7.7,Baseline_2022_Pre_Policy,TRADITIONAL_PCT,0_NO_FLOOR,TRUE_ZERO_ALLOWED,TEACHER_DISCRETION,Unspecified,Unspecified,Unspecified,BOARD_POLICY_MANUAL
048-078,Kansas City 33,CENTRAL HIGH SCHOOL,2023-2024,Initial 40% Floor,Fall,MATH101,Algebra I,General Education,120,11,21,36,36,16,9.2,17.5,30.0,30.0,13.3,13.3,60.0,52.0,86.7,,,Case_A_Active_Policy_Floor_2023_24,TRADITIONAL_PCT,40_PCT_MINIMUM,FLOOR_40_UNSUBMITTED,UNIVERSAL_MANDATORY,Unspecified,Unspecified,Unspecified,SECONDARY_JOURNALISTIC_RECORD
048-078,Kansas City 33,CENTRAL HIGH SCHOOL,2023-2024,Initial 40% Floor,Fall,MATH101,Algebra I,Honors / AP / IB,8,2,3,2,1,0,25.0,37.5,25.0,12.5,0.0,0.0,4.0,4.0,100.0,,,UNVERIFIED,UNVERIFIED,UNVERIFIED,UNVERIFIED,UNVERIFIED,,,,UNVERIFIED
048-078,Kansas City 33,CENTRAL HIGH SCHOOL,2023-2024,Initial 40% Floor,Fall,MATH201,Geometry,General Education,121,11,21,37,37,15,9.1,17.4,30.6,30.6,12.4,12.4,60.5,53.0,87.6,,,Case_A_Active_Policy_Floor_2023_24,TRADITIONAL_PCT,40_PCT_MINIMUM,FLOOR_40_UNSUBMITTED,UNIVERSAL_MANDATORY,Unspecified,Unspecified,Unspecified,SECONDARY_JOURNALISTIC_RECORD
048-078,Kansas City 33,CENTRAL HIGH SCHOOL,2023-2024,Initial 40% Floor,Fall,MATH201,Geometry,Honors / AP / IB,8,2,3,2,1,0,25.0,37.5,25.0,12.5,0.0,0.0,4.0,4.0,100.0,,,UNVERIFIED,UNVERIFIED,UNVERIFIED,UNVERIFIED,UNVERIFIED,,,,UNVERIFIED
048-078,Kansas City 33,CENTRAL HIGH SCHOOL,2023-2024,Initial 40% Floor,Fall,ENG101,English I,General Education,123,12,22,38,38,13,9.8,17.9,30.9,30.9,10.6,10.6,61.5,55.0,89.4,,,Case_A_Active_Policy_Floor_2023_24,TRADITIONAL_PCT,40_PCT_MINIMUM,FLOOR_40_UNSUBMITTED,UNIVERSAL_MANDATORY,Unspecified,Unspecified,Unspecified,SECONDARY_JOURNALISTIC_RECORD
048-078,Kansas City 33,CENTRAL HIGH SCHOOL,2023-2024,Initial 40% Floor,Fall,ENG101,English I,Honors / AP / IB,8,2,3,2,1,0,25.0,37.5,25.0,12.5,0.0,0.0,4.0,4.0,100.0,,,UNVERIFIED,UNVERIFIED,UNVERIFIED,UNVERIFIED,UNVERIFIED,,,,UNVERIFIED
048-078,Kansas City 33,CENTRAL HIGH SCHOOL,2023-2024,Initial 40% Floor,Fall,SCI101,Biology,General Education,132,11,23,41,41,16,8.3,17.4,31.1,31.1,12.1,12.1,66.0,58.0,87.9,,,Case_A_Active_Policy_Floor_2023_24,TRADITIONAL_PCT,40_PCT_MINIMUM,FLOOR_40_UNSUBMITTED,UNIVERSAL_MANDATORY,Unspecified,Unspecified,Unspecified,SECONDARY_JOURNALISTIC_RECORD
048-078,Kansas City 33,CENTRAL HIGH SCHOOL,2023-2024,Initial 40% Floor,Fall,SCI101,Biology,Honors / AP / IB,8,2,3,2,1,0,25.0,37.5,25.0,12.5,0.0,0.0,4.0,4.0,100.0,,,UNVERIFIED,UNVERIFIED,UNVERIFIED,UNVERIFIED,UNVERIFIED,,,,UNVERIFIED
048-078,Kansas City 33,CENTRAL HIGH SCHOOL,2023-2024,Initial 40% Floor,Spring,MATH101,Algebra I,General Education,132,11,23,40,40,18,8.3,17.4,30.3,30.3,13.6,13.6,66.0,57.0,86.4,13.5,53.6,Case_A_Active_Policy_Floor_2023_24,TRADITIONAL_PCT,40_PCT_MINIMUM,FLOOR_40_UNSUBMITTED,UNIVERSAL_MANDATORY,Unspecified,Unspecified,Unspecified,SECONDARY_JOURNALISTIC_RECORD
048-078,Kansas City 33,CENTRAL HIGH SCHOOL,2023-2024,Initial 40% Floor,Spring,MATH101,Algebra I,Honors / AP / IB,8,2,3,2,1,0,25.0,37.5,25.0,12.5,0.0,0.0,4.0,4.0,100.0,74.4,7.9,UNVERIFIED,UNVERIFIED,UNVERIFIED,UNVERIFIED,UNVERIFIED,,,,UNVERIFIED
048-078,Kansas City 33,CENTRAL HIGH SCHOOL,2023-2024,Initial 40% Floor,Spring,MATH201,Geometry,General Education,131,12,23,40,40,16,9.2,17.6,30.5,30.5,12.2,12.2,65.5,57.5,87.8,15.9,52.9,Case_A_Active_Policy_Floor_2023_24,TRADITIONAL_PCT,40_PCT_MINIMUM,FLOOR_40_UNSUBMITTED,UNIVERSAL_MANDATORY,Unspecified,Unspecified,Unspecified,SECONDARY_JOURNALISTIC_RECORD
048-078,Kansas City 33,CENTRAL HIGH SCHOOL,2023-2024,Initial 40% Floor,Spring,MATH201,Geometry,Honors / AP / IB,8,2,3,2,1,0,25.0,37.5,25.0,12.5,0.0,0.0,4.0,4.0,100.0,71.2,7.9,UNVERIFIED,UNVERIFIED,UNVERIFIED,UNVERIFIED,UNVERIFIED,,,,UNVERIFIED
048-078,Kansas City 33,CENTRAL HIGH SCHOOL,2023-2024,Initial 40% Floor,Spring,ENG101,English I,General Education,134,12,24,42,42,14,9.0,17.9,31.3,31.3,10.4,10.4,67.0,60.0,89.6,,,Case_A_Active_Policy_Floor_2023_24,TRADITIONAL_PCT,40_PCT_MINIMUM,FLOOR_40_UNSUBMITTED,UNIVERSAL_MANDATORY,Unspecified,Unspecified,Unspecified,SECONDARY_JOURNALISTIC_RECORD
048-078,Kansas City 33,CENTRAL HIGH SCHOOL,2023-2024,Initial 40% Floor,Spring,ENG101,English I,Honors / AP / IB,8,2,3,2,1,0,25.0,37.5,25.0,12.5,0.0,0.0,4.0,4.0,100.0,,,UNVERIFIED,UNVERIFIED,UNVERIFIED,UNVERIFIED,UNVERIFIED,,,,UNVERIFIED
048-078,Kansas City 33,CENTRAL HIGH SCHOOL,2023-2024,Initial 40% Floor,Spring,SCI101,Biology,General Education,138,13,24,42,42,17,9.4,17.4,30.4,30.4,12.3,12.3,69.0,60.5,87.7,15.9,50.2,Case_A_Active_Policy_Floor_2023_24,TRADITIONAL_PCT,40_PCT_MINIMUM,FLOOR_40_UNSUBMITTED,UNIVERSAL_MANDATORY,Unspecified,Unspecified,Unspecified,SECONDARY_JOURNALISTIC_RECORD
048-078,Kansas City 33,CENTRAL HIGH SCHOOL,2023-2024,Initial 40% Floor,Spring,SCI101,Biology,Honors / AP / IB,8,2,3,2,1,0,25.0,37.5,25.0,12.5,0.0,0.0,4.0,4.0,100.0,70.2,8.4,UNVERIFIED,UNVERIFIED,UNVERIFIED,UNVERIFIED,UNVERIFIED,,,,UNVERIFIED
048-078,Kansas City 33,CENTRAL HIGH SCHOOL,2024-2025,Revised Missing-Work & Exemption,Fall,MATH101,Algebra I,General Education,139,13,25,41,34,26,9.4,18.0,29.5,24.5,18.7,18.7,69.5,56.5,81.3,,,Case_A_General_Track_Floor_2024_25,TRADITIONAL_PCT,40_PCT_MINIMUM,TRUE_ZERO_ALLOWED,UNIVERSAL_MANDATORY,10.0,40.0,50.0,PRIMARY_POLICY_DOCUMENT
048-078,Kansas City 33,CENTRAL HIGH SCHOOL,2024-2025,Revised Missing-Work & Exemption,Fall,MATH101,Algebra I,Honors / AP / IB,8,2,3,2,1,0,25.0,37.5,25.0,12.5,0.0,0.0,4.0,4.0,100.0,,,Case_A_Honors_Exemption_Track_2024_25,TRADITIONAL_PCT,0_NO_FLOOR,TRUE_ZERO_ALLOWED,TEACHER_DISCRETION,10.0,40.0,50.0,PRIMARY_POLICY_DOCUMENT
048-078,Kansas City 33,CENTRAL HIGH SCHOOL,2024-2025,Revised Missing-Work & Exemption,Fall,MATH201,Geometry,General Education,135,13,25,40,34,23,9.6,18.5,29.6,25.2,17.0,17.0,67.5,56.0,83.0,,,Case_A_General_Track_Floor_2024_25,TRADITIONAL_PCT,40_PCT_MINIMUM,TRUE_ZERO_ALLOWED,UNIVERSAL_MANDATORY,10.0,40.0,50.0,PRIMARY_POLICY_DOCUMENT
048-078,Kansas City 33,CENTRAL HIGH SCHOOL,2024-2025,Revised Missing-Work & Exemption,Fall,MATH201,Geometry,Honors / AP / IB,8,2,3,2,1,0,25.0,37.5,25.0,12.5,0.0,0.0,4.0,4.0,100.0,,,Case_A_Honors_Exemption_Track_2024_25,TRADITIONAL_PCT,0_NO_FLOOR,TRUE_ZERO_ALLOWED,TEACHER_DISCRETION,10.0,40.0,50.0,PRIMARY_POLICY_DOCUMENT
048-078,Kansas City 33,CENTRAL HIGH SCHOOL,2024-2025,Revised Missing-Work & Exemption,Fall,ENG101,English I,General Education,126,13,24,39,32,18,10.3,19.0,31.0,25.4,14.3,14.3,63.0,54.0,85.7,,,Case_A_General_Track_Floor_2024_25,TRADITIONAL_PCT,40_PCT_MINIMUM,TRUE_ZERO_ALLOWED,UNIVERSAL_MANDATORY,10.0,40.0,50.0,PRIMARY_POLICY_DOCUMENT
048-078,Kansas City 33,CENTRAL HIGH SCHOOL,2024-2025,Revised Missing-Work & Exemption,Fall,ENG101,English I,Honors / AP / IB,8,2,3,2,1,0,25.0,37.5,25.0,12.5,0.0,0.0,4.0,4.0,100.0,,,Case_A_Honors_Exemption_Track_2024_25,TRADITIONAL_PCT,0_NO_FLOOR,TRUE_ZERO_ALLOWED,TEACHER_DISCRETION,10.0,40.0,50.0,PRIMARY_POLICY_DOCUMENT
048-078,Kansas City 33,CENTRAL HIGH SCHOOL,2024-2025,Revised Missing-Work & Exemption,Fall,SCI101,Biology,General Education,131,13,24,40,33,21,9.9,18.3,30.5,25.2,16.0,16.0,65.5,55.0,84.0,,,Case_A_General_Track_Floor_2024_25,TRADITIONAL_PCT,40_PCT_MINIMUM,TRUE_ZERO_ALLOWED,UNIVERSAL_MANDATORY,10.0,40.0,50.0,PRIMARY_POLICY_DOCUMENT
048-078,Kansas City 33,CENTRAL HIGH SCHOOL,2024-2025,Revised Missing-Work & Exemption,Fall,SCI101,Biology,Honors / AP / IB,8,2,3,2,1,0,25.0,37.5,25.0,12.5,0.0,0.0,4.0,4.0,100.0,,,Case_A_Honors_Exemption_Track_2024_25,TRADITIONAL_PCT,0_NO_FLOOR,TRUE_ZERO_ALLOWED,TEACHER_DISCRETION,10.0,40.0,50.0,PRIMARY_POLICY_DOCUMENT
048-078,Kansas City 33,CENTRAL HIGH SCHOOL,2024-2025,Revised Missing-Work & Exemption,Spring,MATH101,Algebra I,General Education,126,13,22,36,30,25,10.3,17.5,28.6,23.8,19.8,19.8,63.0,50.5,80.2,13.7,50.2,Case_A_General_Track_Floor_2024_25,TRADITIONAL_PCT,40_PCT_MINIMUM,TRUE_ZERO_ALLOWED,UNIVERSAL_MANDATORY,10.0,40.0,50.0,PRIMARY_POLICY_DOCUMENT
048-078,Kansas City 33,CENTRAL HIGH SCHOOL,2024-2025,Revised Missing-Work & Exemption,Spring,MATH101,Algebra I,Honors / AP / IB,8,2,3,2,1,0,25.0,37.5,25.0,12.5,0.0,0.0,4.0,4.0,100.0,71.2,8.4,Case_A_Honors_Exemption_Track_2024_25,TRADITIONAL_PCT,0_NO_FLOOR,TRUE_ZERO_ALLOWED,TEACHER_DISCRETION,10.0,40.0,50.0,PRIMARY_POLICY_DOCUMENT
048-078,Kansas City 33,CENTRAL HIGH SCHOOL,2024-2025,Revised Missing-Work & Exemption,Spring,MATH201,Geometry,General Education,138,13,25,41,34,25,9.4,18.1,29.7,24.6,18.1,18.1,69.0,56.5,81.9,14.7,52.8,Case_A_General_Track_Floor_2024_25,TRADITIONAL_PCT,40_PCT_MINIMUM,TRUE_ZERO_ALLOWED,UNIVERSAL_MANDATORY,10.0,40.0,50.0,PRIMARY_POLICY_DOCUMENT
048-078,Kansas City 33,CENTRAL HIGH SCHOOL,2024-2025,Revised Missing-Work & Exemption,Spring,MATH201,Geometry,Honors / AP / IB,8,2,3,2,1,0,25.0,37.5,25.0,12.5,0.0,0.0,4.0,4.0,100.0,73.6,7.7,Case_A_Honors_Exemption_Track_2024_25,TRADITIONAL_PCT,0_NO_FLOOR,TRUE_ZERO_ALLOWED,TEACHER_DISCRETION,10.0,40.0,50.0,PRIMARY_POLICY_DOCUMENT
048-078,Kansas City 33,CENTRAL HIGH SCHOOL,2024-2025,Revised Missing-Work & Exemption,Spring,ENG101,English I,General Education,134,13,25,41,34,21,9.7,18.7,30.6,25.4,15.7,15.7,67.0,56.5,84.3,,,Case_A_General_Track_Floor_2024_25,TRADITIONAL_PCT,40_PCT_MINIMUM,TRUE_ZERO_ALLOWED,UNIVERSAL_MANDATORY,10.0,40.0,50.0,PRIMARY_POLICY_DOCUMENT
048-078,Kansas City 33,CENTRAL HIGH SCHOOL,2024-2025,Revised Missing-Work & Exemption,Spring,ENG101,English I,Honors / AP / IB,8,2,3,2,1,0,25.0,37.5,25.0,12.5,0.0,0.0,4.0,4.0,100.0,,,Case_A_Honors_Exemption_Track_2024_25,TRADITIONAL_PCT,0_NO_FLOOR,TRUE_ZERO_ALLOWED,TEACHER_DISCRETION,10.0,40.0,50.0,PRIMARY_POLICY_DOCUMENT
048-078,Kansas City 33,CENTRAL HIGH SCHOOL,2024-2025,Revised Missing-Work & Exemption,Spring,SCI101,Biology,General Education,121,13,22,36,30,20,10.7,18.2,29.8,24.8,16.5,16.5,60.5,50.5,83.5,16.5,51.6,Case_A_General_Track_Floor_2024_25,TRADITIONAL_PCT,40_PCT_MINIMUM,TRUE_ZERO_ALLOWED,UNIVERSAL_MANDATORY,10.0,40.0,50.0,PRIMARY_POLICY_DOCUMENT
048-078,Kansas City 33,CENTRAL HIGH SCHOOL,2024-2025,Revised Missing-Work & Exemption,Spring,SCI101,Biology,Honors / AP / IB,8,2,3,2,1,0,25.0,37.5,25.0,12.5,0.0,0.0,4.0,4.0,100.0,71.1,8.2,Case_A_Honors_Exemption_Track_2024_25,TRADITIONAL_PCT,0_NO_FLOOR,TRUE_ZERO_ALLOWED,TEACHER_DISCRETION,10.0,40.0,50.0,PRIMARY_POLICY_DOCUMENT
048-078,Kansas City 33,EAST HIGH SCHOOL,2021-2022,Pre-Reform,Fall,MATH101,Algebra I,General Education,140,12,24,38,26,40,8.6,17.1,27.1,18.6,28.6,28.6,70.0,50.0,71.4,,,Baseline_2022_Pre_Policy,TRADITIONAL_PCT,0_NO_FLOOR,TRUE_ZERO_ALLOWED,TEACHER_DISCRETION,Unspecified,Unspecified,Unspecified,BOARD_POLICY_MANUAL
048-078,Kansas City 33,EAST HIGH SCHOOL,2021-2022,Pre-Reform,Fall,MATH101,Algebra I,Honors / AP / IB,10,3,4,2,1,0,30.0,40.0,20.0,10.0,0.0,0.0,5.0,5.0,100.0,,,Baseline_2022_Pre_Policy,TRADITIONAL_PCT,0_NO_FLOOR,TRUE_ZERO_ALLOWED,TEACHER_DISCRETION,Unspecified,Unspecified,Unspecified,BOARD_POLICY_MANUAL
048-078,Kansas City 33,EAST HIGH SCHOOL,2021-2022,Pre-Reform,Fall,MATH201,Geometry,General Education,117,11,21,33,23,29,9.4,17.9,28.2,19.7,24.8,24.8,58.5,44.0,75.2,,,Baseline_2022_Pre_Policy,TRADITIONAL_PCT,0_NO_FLOOR,TRUE_ZERO_ALLOWED,TEACHER_DISCRETION,Unspecified,Unspecified,Unspecified,BOARD_POLICY_MANUAL
048-078,Kansas City 33,EAST HIGH SCHOOL,2021-2022,Pre-Reform,Fall,MATH201,Geometry,Honors / AP / IB,11,3,5,2,1,0,27.3,45.5,18.2,9.1,0.0,0.0,5.5,5.5,100.0,,,Baseline_2022_Pre_Policy,TRADITIONAL_PCT,0_NO_FLOOR,TRUE_ZERO_ALLOWED,TEACHER_DISCRETION,Unspecified,Unspecified,Unspecified,BOARD_POLICY_MANUAL
048-078,Kansas City 33,EAST HIGH SCHOOL,2021-2022,Pre-Reform,Fall,ENG101,English I,General Education,123,11,23,36,25,28,8.9,18.7,29.3,20.3,22.8,22.8,61.5,47.5,77.2,,,Baseline_2022_Pre_Policy,TRADITIONAL_PCT,0_NO_FLOOR,TRUE_ZERO_ALLOWED,TEACHER_DISCRETION,Unspecified,Unspecified,Unspecified,BOARD_POLICY_MANUAL
048-078,Kansas City 33,EAST HIGH SCHOOL,2021-2022,Pre-Reform,Fall,ENG101,English I,Honors / AP / IB,11,3,5,2,1,0,27.3,45.5,18.2,9.1,0.0,0.0,5.5,5.5,100.0,,,Baseline_2022_Pre_Policy,TRADITIONAL_PCT,0_NO_FLOOR,TRUE_ZERO_ALLOWED,TEACHER_DISCRETION,Unspecified,Unspecified,Unspecified,BOARD_POLICY_MANUAL
048-078,Kansas City 33,EAST HIGH SCHOOL,2021-2022,Pre-Reform,Fall,SCI101,Biology,General Education,124,11,23,36,24,30,8.9,18.5,29.0,19.4,24.2,24.2,62.0,47.0,75.8,,,Baseline_2022_Pre_Policy,TRADITIONAL_PCT,0_NO_FLOOR,TRUE_ZERO_ALLOWED,TEACHER_DISCRETION,Unspecified,Unspecified,Unspecified,BOARD_POLICY_MANUAL
048-078,Kansas City 33,EAST HIGH SCHOOL,2021-2022,Pre-Reform,Fall,SCI101,Biology,Honors / AP / IB,10,3,4,2,1,0,30.0,40.0,20.0,10.0,0.0,0.0,5.0,5.0,100.0,,,Baseline_2022_Pre_Policy,TRADITIONAL_PCT,0_NO_FLOOR,TRUE_ZERO_ALLOWED,TEACHER_DISCRETION,Unspecified,Unspecified,Unspecified,BOARD_POLICY_MANUAL
048-078,Kansas City 33,EAST HIGH SCHOOL,2021-2022,Pre-Reform,Spring,MATH101,Algebra I,General Education,129,11,22,34,23,39,8.5,17.1,26.4,17.8,30.2,30.2,64.5,45.0,69.8,13.6,51.6,Baseline_2022_Pre_Policy,TRADITIONAL_PCT,0_NO_FLOOR,TRUE_ZERO_ALLOWED,TEACHER_DISCRETION,Unspecified,Unspecified,Unspecified,BOARD_POLICY_MANUAL
048-078,Kansas City 33,EAST HIGH SCHOOL,2021-2022,Pre-Reform,Spring,MATH101,Algebra I,Honors / AP / IB,10,3,4,2,1,0,30.0,40.0,20.0,10.0,0.0,0.0,5.0,5.0,100.0,72.3,8.2,Baseline_2022_Pre_Policy,TRADITIONAL_PCT,0_NO_FLOOR,TRUE_ZERO_ALLOWED,TEACHER_DISCRETION,Unspecified,Unspecified,Unspecified,BOARD_POLICY_MANUAL
048-078,Kansas City 33,EAST HIGH SCHOOL,2021-2022,Pre-Reform,Spring,MATH201,Geometry,General Education,138,12,25,39,27,35,8.7,18.1,28.3,19.6,25.4,25.4,69.0,51.5,74.6,16.0,52.6,Baseline_2022_Pre_Policy,TRADITIONAL_PCT,0_NO_FLOOR,TRUE_ZERO_ALLOWED,TEACHER_DISCRETION,Unspecified,Unspecified,Unspecified,BOARD_POLICY_MANUAL
048-078,Kansas City 33,EAST HIGH SCHOOL,2021-2022,Pre-Reform,Spring,MATH201,Geometry,Honors / AP / IB,10,3,4,2,1,0,30.0,40.0,20.0,10.0,0.0,0.0,5.0,5.0,100.0,71.7,7.8,Baseline_2022_Pre_Policy,TRADITIONAL_PCT,0_NO_FLOOR,TRUE_ZERO_ALLOWED,TEACHER_DISCRETION,Unspecified,Unspecified,Unspecified,BOARD_POLICY_MANUAL
048-078,Kansas City 33,EAST HIGH SCHOOL,2021-2022,Pre-Reform,Spring,ENG101,English I,General Education,116,11,22,34,23,26,9.5,19.0,29.3,19.8,22.4,22.4,58.0,45.0,77.6,,,Baseline_2022_Pre_Policy,TRADITIONAL_PCT,0_NO_FLOOR,TRUE_ZERO_ALLOWED,TEACHER_DISCRETION,Unspecified,Unspecified,Unspecified,BOARD_POLICY_MANUAL
048-078,Kansas City 33,EAST HIGH SCHOOL,2021-2022,Pre-Reform,Spring,ENG101,English I,Honors / AP / IB,11,3,5,2,1,0,27.3,45.5,18.2,9.1,0.0,0.0,5.5,5.5,100.0,,,Baseline_2022_Pre_Policy,TRADITIONAL_PCT,0_NO_FLOOR,TRUE_ZERO_ALLOWED,TEACHER_DISCRETION,Unspecified,Unspecified,Unspecified,BOARD_POLICY_MANUAL
048-078,Kansas City 33,EAST HIGH SCHOOL,2021-2022,Pre-Reform,Spring,SCI101,Biology,General Education,129,12,23,36,25,33,9.3,17.8,27.9,19.4,25.6,25.6,64.5,48.0,74.4,16.2,52.1,Baseline_2022_Pre_Policy,TRADITIONAL_PCT,0_NO_FLOOR,TRUE_ZERO_ALLOWED,TEACHER_DISCRETION,Unspecified,Unspecified,Unspecified,BOARD_POLICY_MANUAL
048-078,Kansas City 33,EAST HIGH SCHOOL,2021-2022,Pre-Reform,Spring,SCI101,Biology,Honors / AP / IB,11,3,4,2,1,1,27.3,36.4,18.2,9.1,9.1,9.1,5.5,5.0,90.9,73.3,8.1,Baseline_2022_Pre_Policy,TRADITIONAL_PCT,0_NO_FLOOR,TRUE_ZERO_ALLOWED,TEACHER_DISCRETION,Unspecified,Unspecified,Unspecified,BOARD_POLICY_MANUAL
048-078,Kansas City 33,EAST HIGH SCHOOL,2022-2023,Pre-Reform,Fall,MATH101,Algebra I,General Education,131,11,23,36,25,36,8.4,17.6,27.5,19.1,27.5,27.5,65.5,47.5,72.5,,,Baseline_2022_Pre_Policy,TRADITIONAL_PCT,0_NO_FLOOR,TRUE_ZERO_ALLOWED,TEACHER_DISCRETION,Unspecified,Unspecified,Unspecified,BOARD_POLICY_MANUAL
048-078,Kansas City 33,EAST HIGH SCHOOL,2022-2023,Pre-Reform,Fall,MATH101,Algebra I,Honors / AP / IB,12,3,5,2,1,1,25.0,41.7,16.7,8.3,8.3,8.3,6.0,5.5,91.7,,,Baseline_2022_Pre_Policy,TRADITIONAL_PCT,0_NO_FLOOR,TRUE_ZERO_ALLOWED,TEACHER_DISCRETION,Unspecified,Unspecified,Unspecified,BOARD_POLICY_MANUAL
048-078,Kansas City 33,EAST HIGH SCHOOL,2022-2023,Pre-Reform,Fall,MATH201,Geometry,General Education,128,12,23,36,25,32,9.4,18.0,28.1,19.5,25.0,25.0,64.0,48.0,75.0,,,Baseline_2022_Pre_Policy,TRADITIONAL_PCT,0_NO_FLOOR,TRUE_ZERO_ALLOWED,TEACHER_DISCRETION,Unspecified,Unspecified,Unspecified,BOARD_POLICY_MANUAL
048-078,Kansas City 33,EAST HIGH SCHOOL,2022-2023,Pre-Reform,Fall,MATH201,Geometry,Honors / AP / IB,11,3,5,2,1,0,27.3,45.5,18.2,9.1,0.0,0.0,5.5,5.5,100.0,,,Baseline_2022_Pre_Policy,TRADITIONAL_PCT,0_NO_FLOOR,TRUE_ZERO_ALLOWED,TEACHER_DISCRETION,Unspecified,Unspecified,Unspecified,BOARD_POLICY_MANUAL
048-078,Kansas City 33,EAST HIGH SCHOOL,2022-2023,Pre-Reform,Fall,ENG101,English I,General Education,123,12,23,36,25,27,9.8,18.7,29.3,20.3,22.0,22.0,61.5,48.0,78.0,,,Baseline_2022_Pre_Policy,TRADITIONAL_PCT,0_NO_FLOOR,TRUE_ZERO_ALLOWED,TEACHER_DISCRETION,Unspecified,Unspecified,Unspecified,BOARD_POLICY_MANUAL
048-078,Kansas City 33,EAST HIGH SCHOOL,2022-2023,Pre-Reform,Fall,ENG101,English I,Honors / AP / IB,10,3,4,2,1,0,30.0,40.0,20.0,10.0,0.0,0.0,5.0,5.0,100.0,,,Baseline_2022_Pre_Policy,TRADITIONAL_PCT,0_NO_FLOOR,TRUE_ZERO_ALLOWED,TEACHER_DISCRETION,Unspecified,Unspecified,Unspecified,BOARD_POLICY_MANUAL
048-078,Kansas City 33,EAST HIGH SCHOOL,2022-2023,Pre-Reform,Fall,SCI101,Biology,General Education,135,12,24,39,27,33,8.9,17.8,28.9,20.0,24.4,24.4,67.5,51.0,75.6,,,Baseline_2022_Pre_Policy,TRADITIONAL_PCT,0_NO_FLOOR,TRUE_ZERO_ALLOWED,TEACHER_DISCRETION,Unspecified,Unspecified,Unspecified,BOARD_POLICY_MANUAL
048-078,Kansas City 33,EAST HIGH SCHOOL,2022-2023,Pre-Reform,Fall,SCI101,Biology,Honors / AP / IB,10,3,4,2,1,0,30.0,40.0,20.0,10.0,0.0,0.0,5.0,5.0,100.0,,,Baseline_2022_Pre_Policy,TRADITIONAL_PCT,0_NO_FLOOR,TRUE_ZERO_ALLOWED,TEACHER_DISCRETION,Unspecified,Unspecified,Unspecified,BOARD_POLICY_MANUAL
048-078,Kansas City 33,EAST HIGH SCHOOL,2022-2023,Pre-Reform,Spring,MATH101,Algebra I,General Education,136,12,23,37,25,39,8.8,16.9,27.2,18.4,28.7,28.7,68.0,48.5,71.3,13.2,53.3,Baseline_2022_Pre_Policy,TRADITIONAL_PCT,0_NO_FLOOR,TRUE_ZERO_ALLOWED,TEACHER_DISCRETION,Unspecified,Unspecified,Unspecified,BOARD_POLICY_MANUAL
048-078,Kansas City 33,EAST HIGH SCHOOL,2022-2023,Pre-Reform,Spring,MATH101,Algebra I,Honors / AP / IB,11,3,5,2,1,0,27.3,45.5,18.2,9.1,0.0,0.0,5.5,5.5,100.0,71.8,8.2,Baseline_2022_Pre_Policy,TRADITIONAL_PCT,0_NO_FLOOR,TRUE_ZERO_ALLOWED,TEACHER_DISCRETION,Unspecified,Unspecified,Unspecified,BOARD_POLICY_MANUAL
048-078,Kansas City 33,EAST HIGH SCHOOL,2022-2023,Pre-Reform,Spring,MATH201,Geometry,General Education,136,11,24,38,26,37,8.1,17.6,27.9,19.1,27.2,27.2,68.0,49.5,72.8,14.9,53.1,Baseline_2022_Pre_Policy,TRADITIONAL_PCT,0_NO_FLOOR,TRUE_ZERO_ALLOWED,TEACHER_DISCRETION,Unspecified,Unspecified,Unspecified,BOARD_POLICY_MANUAL
048-078,Kansas City 33,EAST HIGH SCHOOL,2022-2023,Pre-Reform,Spring,MATH201,Geometry,Honors / AP / IB,12,3,5,2,1,1,25.0,41.7,16.7,8.3,8.3,8.3,6.0,5.5,91.7,72.1,8.3,Baseline_2022_Pre_Policy,TRADITIONAL_PCT,0_NO_FLOOR,TRUE_ZERO_ALLOWED,TEACHER_DISCRETION,Unspecified,Unspecified,Unspecified,BOARD_POLICY_MANUAL
048-078,Kansas City 33,EAST HIGH SCHOOL,2022-2023,Pre-Reform,Spring,ENG101,English I,General Education,116,11,22,34,23,26,9.5,19.0,29.3,19.8,22.4,22.4,58.0,45.0,77.6,,,Baseline_2022_Pre_Policy,TRADITIONAL_PCT,0_NO_FLOOR,TRUE_ZERO_ALLOWED,TEACHER_DISCRETION,Unspecified,Unspecified,Unspecified,BOARD_POLICY_MANUAL
048-078,Kansas City 33,EAST HIGH SCHOOL,2022-2023,Pre-Reform,Spring,ENG101,English I,Honors / AP / IB,10,3,4,2,1,0,30.0,40.0,20.0,10.0,0.0,0.0,5.0,5.0,100.0,,,Baseline_2022_Pre_Policy,TRADITIONAL_PCT,0_NO_FLOOR,TRUE_ZERO_ALLOWED,TEACHER_DISCRETION,Unspecified,Unspecified,Unspecified,BOARD_POLICY_MANUAL
048-078,Kansas City 33,EAST HIGH SCHOOL,2022-2023,Pre-Reform,Spring,SCI101,Biology,General Education,123,11,22,35,24,31,8.9,17.9,28.5,19.5,25.2,25.2,61.5,46.0,74.8,15.7,50.5,Baseline_2022_Pre_Policy,TRADITIONAL_PCT,0_NO_FLOOR,TRUE_ZERO_ALLOWED,TEACHER_DISCRETION,Unspecified,Unspecified,Unspecified,BOARD_POLICY_MANUAL
048-078,Kansas City 33,EAST HIGH SCHOOL,2022-2023,Pre-Reform,Spring,SCI101,Biology,Honors / AP / IB,11,3,5,2,1,0,27.3,45.5,18.2,9.1,0.0,0.0,5.5,5.5,100.0,71.5,7.7,Baseline_2022_Pre_Policy,TRADITIONAL_PCT,0_NO_FLOOR,TRUE_ZERO_ALLOWED,TEACHER_DISCRETION,Unspecified,Unspecified,Unspecified,BOARD_POLICY_MANUAL
048-078,Kansas City 33,EAST HIGH SCHOOL,2023-2024,Initial 40% Floor,Fall,MATH101,Algebra I,General Education,130,12,22,39,39,18,9.2,16.9,30.0,30.0,13.8,13.8,65.0,56.0,86.2,,,Case_A_Active_Policy_Floor_2023_24,TRADITIONAL_PCT,40_PCT_MINIMUM,FLOOR_40_UNSUBMITTED,UNIVERSAL_MANDATORY,Unspecified,Unspecified,Unspecified,SECONDARY_JOURNALISTIC_RECORD
048-078,Kansas City 33,EAST HIGH SCHOOL,2023-2024,Initial 40% Floor,Fall,MATH101,Algebra I,Honors / AP / IB,12,3,5,3,1,0,25.0,41.7,25.0,8.3,0.0,0.0,6.0,6.0,100.0,,,UNVERIFIED,UNVERIFIED,UNVERIFIED,UNVERIFIED,UNVERIFIED,,,,UNVERIFIED
048-078,Kansas City 33,EAST HIGH SCHOOL,2023-2024,Initial 40% Floor,Fall,MATH201,Geometry,General Education,121,11,21,37,37,15,9.1,17.4,30.6,30.6,12.4,12.4,60.5,53.0,87.6,,,Case_A_Active_Policy_Floor_2023_24,TRADITIONAL_PCT,40_PCT_MINIMUM,FLOOR_40_UNSUBMITTED,UNIVERSAL_MANDATORY,Unspecified,Unspecified,Unspecified,SECONDARY_JOURNALISTIC_RECORD
048-078,Kansas City 33,EAST HIGH SCHOOL,2023-2024,Initial 40% Floor,Fall,MATH201,Geometry,Honors / AP / IB,11,3,5,2,1,0,27.3,45.5,18.2,9.1,0.0,0.0,5.5,5.5,100.0,,,UNVERIFIED,UNVERIFIED,UNVERIFIED,UNVERIFIED,UNVERIFIED,,,,UNVERIFIED
048-078,Kansas City 33,EAST HIGH SCHOOL,2023-2024,Initial 40% Floor,Fall,ENG101,English I,General Education,127,10,23,40,40,14,7.9,18.1,31.5,31.5,11.0,11.0,63.5,56.5,89.0,,,Case_A_Active_Policy_Floor_2023_24,TRADITIONAL_PCT,40_PCT_MINIMUM,FLOOR_40_UNSUBMITTED,UNIVERSAL_MANDATORY,Unspecified,Unspecified,Unspecified,SECONDARY_JOURNALISTIC_RECORD
048-078,Kansas City 33,EAST HIGH SCHOOL,2023-2024,Initial 40% Floor,Fall,ENG101,English I,Honors / AP / IB,11,3,5,2,1,0,27.3,45.5,18.2,9.1,0.0,0.0,5.5,5.5,100.0,,,UNVERIFIED,UNVERIFIED,UNVERIFIED,UNVERIFIED,UNVERIFIED,,,,UNVERIFIED
048-078,Kansas City 33,EAST HIGH SCHOOL,2023-2024,Initial 40% Floor,Fall,SCI101,Biology,General Education,126,11,22,39,39,15,8.7,17.5,31.0,31.0,11.9,11.9,63.0,55.5,88.1,,,Case_A_Active_Policy_Floor_2023_24,TRADITIONAL_PCT,40_PCT_MINIMUM,FLOOR_40_UNSUBMITTED,UNIVERSAL_MANDATORY,Unspecified,Unspecified,Unspecified,SECONDARY_JOURNALISTIC_RECORD
048-078,Kansas City 33,EAST HIGH SCHOOL,2023-2024,Initial 40% Floor,Fall,SCI101,Biology,Honors / AP / IB,11,3,5,2,1,0,27.3,45.5,18.2,9.1,0.0,0.0,5.5,5.5,100.0,,,UNVERIFIED,UNVERIFIED,UNVERIFIED,UNVERIFIED,UNVERIFIED,,,,UNVERIFIED
048-078,Kansas City 33,EAST HIGH SCHOOL,2023-2024,Initial 40% Floor,Spring,MATH101,Algebra I,General Education,124,11,21,37,37,18,8.9,16.9,29.8,29.8,14.5,14.5,62.0,53.0,85.5,14.1,53.1,Case_A_Active_Policy_Floor_2023_24,TRADITIONAL_PCT,40_PCT_MINIMUM,FLOOR_40_UNSUBMITTED,UNIVERSAL_MANDATORY,Unspecified,Unspecified,Unspecified,SECONDARY_JOURNALISTIC_RECORD
048-078,Kansas City 33,EAST HIGH SCHOOL,2023-2024,Initial 40% Floor,Spring,MATH101,Algebra I,Honors / AP / IB,10,3,4,2,1,0,30.0,40.0,20.0,10.0,0.0,0.0,5.0,5.0,100.0,74.9,7.8,UNVERIFIED,UNVERIFIED,UNVERIFIED,UNVERIFIED,UNVERIFIED,,,,UNVERIFIED
048-078,Kansas City 33,EAST HIGH SCHOOL,2023-2024,Initial 40% Floor,Spring,MATH201,Geometry,General Education,122,12,21,37,37,15,9.8,17.2,30.3,30.3,12.3,12.3,61.0,53.5,87.7,16.2,52.0,Case_A_Active_Policy_Floor_2023_24,TRADITIONAL_PCT,40_PCT_MINIMUM,FLOOR_40_UNSUBMITTED,UNIVERSAL_MANDATORY,Unspecified,Unspecified,Unspecified,SECONDARY_JOURNALISTIC_RECORD
048-078,Kansas City 33,EAST HIGH SCHOOL,2023-2024,Initial 40% Floor,Spring,MATH201,Geometry,Honors / AP / IB,10,3,4,2,1,0,30.0,40.0,20.0,10.0,0.0,0.0,5.0,5.0,100.0,69.3,8.0,UNVERIFIED,UNVERIFIED,UNVERIFIED,UNVERIFIED,UNVERIFIED,,,,UNVERIFIED
048-078,Kansas City 33,EAST HIGH SCHOOL,2023-2024,Initial 40% Floor,Spring,ENG101,English I,General Education,120,12,21,37,37,13,10.0,17.5,30.8,30.8,10.8,10.8,60.0,53.5,89.2,,,Case_A_Active_Policy_Floor_2023_24,TRADITIONAL_PCT,40_PCT_MINIMUM,FLOOR_40_UNSUBMITTED,UNIVERSAL_MANDATORY,Unspecified,Unspecified,Unspecified,SECONDARY_JOURNALISTIC_RECORD
048-078,Kansas City 33,EAST HIGH SCHOOL,2023-2024,Initial 40% Floor,Spring,ENG101,English I,Honors / AP / IB,12,3,5,2,1,1,25.0,41.7,16.7,8.3,8.3,8.3,6.0,5.5,91.7,,,UNVERIFIED,UNVERIFIED,UNVERIFIED,UNVERIFIED,UNVERIFIED,,,,UNVERIFIED
048-078,Kansas City 33,EAST HIGH SCHOOL,2023-2024,Initial 40% Floor,Spring,SCI101,Biology,General Education,118,11,21,36,36,14,9.3,17.8,30.5,30.5,11.9,11.9,59.0,52.0,88.1,16.8,51.8,Case_A_Active_Policy_Floor_2023_24,TRADITIONAL_PCT,40_PCT_MINIMUM,FLOOR_40_UNSUBMITTED,UNIVERSAL_MANDATORY,Unspecified,Unspecified,Unspecified,SECONDARY_JOURNALISTIC_RECORD
048-078,Kansas City 33,EAST HIGH SCHOOL,2023-2024,Initial 40% Floor,Spring,SCI101,Biology,Honors / AP / IB,10,3,4,2,1,0,30.0,40.0,20.0,10.0,0.0,0.0,5.0,5.0,100.0,69.4,8.0,UNVERIFIED,UNVERIFIED,UNVERIFIED,UNVERIFIED,UNVERIFIED,,,,UNVERIFIED
048-078,Kansas City 33,EAST HIGH SCHOOL,2024-2025,Revised Missing-Work & Exemption,Fall,MATH101,Algebra I,General Education,141,15,25,41,34,26,10.6,17.7,29.1,24.1,18.4,18.4,70.5,57.5,81.6,,,Case_A_General_Track_Floor_2024_25,TRADITIONAL_PCT,40_PCT_MINIMUM,TRUE_ZERO_ALLOWED,UNIVERSAL_MANDATORY,10.0,40.0,50.0,PRIMARY_POLICY_DOCUMENT
048-078,Kansas City 33,EAST HIGH SCHOOL,2024-2025,Revised Missing-Work & Exemption,Fall,MATH101,Algebra I,Honors / AP / IB,11,3,5,2,1,0,27.3,45.5,18.2,9.1,0.0,0.0,5.5,5.5,100.0,,,Case_A_Honors_Exemption_Track_2024_25,TRADITIONAL_PCT,0_NO_FLOOR,TRUE_ZERO_ALLOWED,TEACHER_DISCRETION,10.0,40.0,50.0,PRIMARY_POLICY_DOCUMENT
048-078,Kansas City 33,EAST HIGH SCHOOL,2024-2025,Revised Missing-Work & Exemption,Fall,MATH201,Geometry,General Education,122,12,22,37,31,20,9.8,18.0,30.3,25.4,16.4,16.4,61.0,51.0,83.6,,,Case_A_General_Track_Floor_2024_25,TRADITIONAL_PCT,40_PCT_MINIMUM,TRUE_ZERO_ALLOWED,UNIVERSAL_MANDATORY,10.0,40.0,50.0,PRIMARY_POLICY_DOCUMENT
048-078,Kansas City 33,EAST HIGH SCHOOL,2024-2025,Revised Missing-Work & Exemption,Fall,MATH201,Geometry,Honors / AP / IB,12,3,5,2,1,1,25.0,41.7,16.7,8.3,8.3,8.3,6.0,5.5,91.7,,,Case_A_Honors_Exemption_Track_2024_25,TRADITIONAL_PCT,0_NO_FLOOR,TRUE_ZERO_ALLOWED,TEACHER_DISCRETION,10.0,40.0,50.0,PRIMARY_POLICY_DOCUMENT
048-078,Kansas City 33,EAST HIGH SCHOOL,2024-2025,Revised Missing-Work & Exemption,Fall,ENG101,English I,General Education,123,12,23,38,32,18,9.8,18.7,30.9,26.0,14.6,14.6,61.5,52.5,85.4,,,Case_A_General_Track_Floor_2024_25,TRADITIONAL_PCT,40_PCT_MINIMUM,TRUE_ZERO_ALLOWED,UNIVERSAL_MANDATORY,10.0,40.0,50.0,PRIMARY_POLICY_DOCUMENT
048-078,Kansas City 33,EAST HIGH SCHOOL,2024-2025,Revised Missing-Work & Exemption,Fall,ENG101,English I,Honors / AP / IB,10,3,4,2,1,0,30.0,40.0,20.0,10.0,0.0,0.0,5.0,5.0,100.0,,,Case_A_Honors_Exemption_Track_2024_25,TRADITIONAL_PCT,0_NO_FLOOR,TRUE_ZERO_ALLOWED,TEACHER_DISCRETION,10.0,40.0,50.0,PRIMARY_POLICY_DOCUMENT
048-078,Kansas City 33,EAST HIGH SCHOOL,2024-2025,Revised Missing-Work & Exemption,Fall,SCI101,Biology,General Education,136,14,25,41,34,22,10.3,18.4,30.1,25.0,16.2,16.2,68.0,57.0,83.8,,,Case_A_General_Track_Floor_2024_25,TRADITIONAL_PCT,40_PCT_MINIMUM,TRUE_ZERO_ALLOWED,UNIVERSAL_MANDATORY,10.0,40.0,50.0,PRIMARY_POLICY_DOCUMENT
048-078,Kansas City 33,EAST HIGH SCHOOL,2024-2025,Revised Missing-Work & Exemption,Fall,SCI101,Biology,Honors / AP / IB,12,3,5,2,1,1,25.0,41.7,16.7,8.3,8.3,8.3,6.0,5.5,91.7,,,Case_A_Honors_Exemption_Track_2024_25,TRADITIONAL_PCT,0_NO_FLOOR,TRUE_ZERO_ALLOWED,TEACHER_DISCRETION,10.0,40.0,50.0,PRIMARY_POLICY_DOCUMENT
048-078,Kansas City 33,EAST HIGH SCHOOL,2024-2025,Revised Missing-Work & Exemption,Spring,MATH101,Algebra I,General Education,130,12,23,38,32,25,9.2,17.7,29.2,24.6,19.2,19.2,65.0,52.5,80.8,13.2,51.4,Case_A_General_Track_Floor_2024_25,TRADITIONAL_PCT,40_PCT_MINIMUM,TRUE_ZERO_ALLOWED,UNIVERSAL_MANDATORY,10.0,40.0,50.0,PRIMARY_POLICY_DOCUMENT
048-078,Kansas City 33,EAST HIGH SCHOOL,2024-2025,Revised Missing-Work & Exemption,Spring,MATH101,Algebra I,Honors / AP / IB,11,3,5,2,1,0,27.3,45.5,18.2,9.1,0.0,0.0,5.5,5.5,100.0,73.5,8.4,Case_A_Honors_Exemption_Track_2024_25,TRADITIONAL_PCT,0_NO_FLOOR,TRUE_ZERO_ALLOWED,TEACHER_DISCRETION,10.0,40.0,50.0,PRIMARY_POLICY_DOCUMENT
048-078,Kansas City 33,EAST HIGH SCHOOL,2024-2025,Revised Missing-Work & Exemption,Spring,MATH201,Geometry,General Education,121,12,22,36,30,21,9.9,18.2,29.8,24.8,17.4,17.4,60.5,50.0,82.6,15.5,50.6,Case_A_General_Track_Floor_2024_25,TRADITIONAL_PCT,40_PCT_MINIMUM,TRUE_ZERO_ALLOWED,UNIVERSAL_MANDATORY,10.0,40.0,50.0,PRIMARY_POLICY_DOCUMENT
048-078,Kansas City 33,EAST HIGH SCHOOL,2024-2025,Revised Missing-Work & Exemption,Spring,MATH201,Geometry,Honors / AP / IB,11,3,5,2,1,0,27.3,45.5,18.2,9.1,0.0,0.0,5.5,5.5,100.0,71.2,8.4,Case_A_Honors_Exemption_Track_2024_25,TRADITIONAL_PCT,0_NO_FLOOR,TRUE_ZERO_ALLOWED,TEACHER_DISCRETION,10.0,40.0,50.0,PRIMARY_POLICY_DOCUMENT
048-078,Kansas City 33,EAST HIGH SCHOOL,2024-2025,Revised Missing-Work & Exemption,Spring,ENG101,English I,General Education,122,12,23,37,31,19,9.8,18.9,30.3,25.4,15.6,15.6,61.0,51.5,84.4,,,Case_A_General_Track_Floor_2024_25,TRADITIONAL_PCT,40_PCT_MINIMUM,TRUE_ZERO_ALLOWED,UNIVERSAL_MANDATORY,10.0,40.0,50.0,PRIMARY_POLICY_DOCUMENT
048-078,Kansas City 33,EAST HIGH SCHOOL,2024-2025,Revised Missing-Work & Exemption,Spring,ENG101,English I,Honors / AP / IB,11,3,5,2,1,0,27.3,45.5,18.2,9.1,0.0,0.0,5.5,5.5,100.0,,,Case_A_Honors_Exemption_Track_2024_25,TRADITIONAL_PCT,0_NO_FLOOR,TRUE_ZERO_ALLOWED,TEACHER_DISCRETION,10.0,40.0,50.0,PRIMARY_POLICY_DOCUMENT
048-078,Kansas City 33,EAST HIGH SCHOOL,2024-2025,Revised Missing-Work & Exemption,Spring,SCI101,Biology,General Education,116,11,21,35,29,20,9.5,18.1,30.2,25.0,17.2,17.2,58.0,48.0,82.8,15.6,54.0,Case_A_General_Track_Floor_2024_25,TRADITIONAL_PCT,40_PCT_MINIMUM,TRUE_ZERO_ALLOWED,UNIVERSAL_MANDATORY,10.0,40.0,50.0,PRIMARY_POLICY_DOCUMENT
048-078,Kansas City 33,EAST HIGH SCHOOL,2024-2025,Revised Missing-Work & Exemption,Spring,SCI101,Biology,Honors / AP / IB,12,3,5,2,1,1,25.0,41.7,16.7,8.3,8.3,8.3,6.0,5.5,91.7,70.4,8.4,Case_A_Honors_Exemption_Track_2024_25,TRADITIONAL_PCT,0_NO_FLOOR,TRUE_ZERO_ALLOWED,TEACHER_DISCRETION,10.0,40.0,50.0,PRIMARY_POLICY_DOCUMENT
048-078,Kansas City 33,LINCOLN COLLEGE PREP.,2021-2022,Pre-Reform,Fall,MATH101,Algebra I,General Education,42,4,7,11,8,12,9.5,16.7,26.2,19.0,28.6,28.6,21.0,15.0,71.4,,,Baseline_2022_Pre_Policy,TRADITIONAL_PCT,0_NO_FLOOR,TRUE_ZERO_ALLOWED,TEACHER_DISCRETION,Unspecified,Unspecified,Unspecified,BOARD_POLICY_MANUAL
048-078,Kansas City 33,LINCOLN COLLEGE PREP.,2021-2022,Pre-Reform,Fall,MATH101,Algebra I,Honors / AP / IB,134,36,54,28,10,6,26.9,40.3,20.9,7.5,4.5,4.5,67.0,64.0,95.5,,,Baseline_2022_Pre_Policy,TRADITIONAL_PCT,0_NO_FLOOR,TRUE_ZERO_ALLOWED,TEACHER_DISCRETION,Unspecified,Unspecified,Unspecified,BOARD_POLICY_MANUAL
048-078,Kansas City 33,LINCOLN COLLEGE PREP.,2021-2022,Pre-Reform,Fall,MATH201,Geometry,General Education,48,4,9,14,9,12,8.3,18.8,29.2,18.8,25.0,25.0,24.0,18.0,75.0,,,Baseline_2022_Pre_Policy,TRADITIONAL_PCT,0_NO_FLOOR,TRUE_ZERO_ALLOWED,TEACHER_DISCRETION,Unspecified,Unspecified,Unspecified,BOARD_POLICY_MANUAL
048-078,Kansas City 33,LINCOLN COLLEGE PREP.,2021-2022,Pre-Reform,Fall,MATH201,Geometry,Honors / AP / IB,126,33,51,27,10,5,26.2,40.5,21.4,7.9,4.0,4.0,63.0,60.5,96.0,,,Baseline_2022_Pre_Policy,TRADITIONAL_PCT,0_NO_FLOOR,TRUE_ZERO_ALLOWED,TEACHER_DISCRETION,Unspecified,Unspecified,Unspecified,BOARD_POLICY_MANUAL
048-078,Kansas City 33,LINCOLN COLLEGE PREP.,2021-2022,Pre-Reform,Fall,ENG101,English I,General Education,40,4,7,12,8,9,10.0,17.5,30.0,20.0,22.5,22.5,20.0,15.5,77.5,,,Baseline_2022_Pre_Policy,TRADITIONAL_PCT,0_NO_FLOOR,TRUE_ZERO_ALLOWED,TEACHER_DISCRETION,Unspecified,Unspecified,Unspecified,BOARD_POLICY_MANUAL
048-078,Kansas City 33,LINCOLN COLLEGE PREP.,2021-2022,Pre-Reform,Fall,ENG101,English I,Honors / AP / IB,145,39,58,31,11,6,26.9,40.0,21.4,7.6,4.1,4.1,72.5,69.5,95.9,,,Baseline_2022_Pre_Policy,TRADITIONAL_PCT,0_NO_FLOOR,TRUE_ZERO_ALLOWED,TEACHER_DISCRETION,Unspecified,Unspecified,Unspecified,BOARD_POLICY_MANUAL
048-078,Kansas City 33,LINCOLN COLLEGE PREP.,2021-2022,Pre-Reform,Fall,SCI101,Biology,General Education,41,4,7,12,8,10,9.8,17.1,29.3,19.5,24.4,24.4,20.5,15.5,75.6,,,Baseline_2022_Pre_Policy,TRADITIONAL_PCT,0_NO_FLOOR,TRUE_ZERO_ALLOWED,TEACHER_DISCRETION,Unspecified,Unspecified,Unspecified,BOARD_POLICY_MANUAL
048-078,Kansas City 33,LINCOLN COLLEGE PREP.,2021-2022,Pre-Reform,Fall,SCI101,Biology,Honors / AP / IB,126,34,50,26,10,6,27.0,39.7,20.6,7.9,4.8,4.8,63.0,60.0,95.2,,,Baseline_2022_Pre_Policy,TRADITIONAL_PCT,0_NO_FLOOR,TRUE_ZERO_ALLOWED,TEACHER_DISCRETION,Unspecified,Unspecified,Unspecified,BOARD_POLICY_MANUAL
048-078,Kansas City 33,LINCOLN COLLEGE PREP.,2021-2022,Pre-Reform,Spring,MATH101,Algebra I,General Education,46,3,8,13,9,13,6.5,17.4,28.3,19.6,28.3,28.3,23.0,16.5,71.7,13.5,53.2,Baseline_2022_Pre_Policy,TRADITIONAL_PCT,0_NO_FLOOR,TRUE_ZERO_ALLOWED,TEACHER_DISCRETION,Unspecified,Unspecified,Unspecified,BOARD_POLICY_MANUAL
048-078,Kansas City 33,LINCOLN COLLEGE PREP.,2021-2022,Pre-Reform,Spring,MATH101,Algebra I,Honors / AP / IB,131,35,52,28,10,6,26.7,39.7,21.4,7.6,4.6,4.6,65.5,62.5,95.4,70.1,8.3,Baseline_2022_Pre_Policy,TRADITIONAL_PCT,0_NO_FLOOR,TRUE_ZERO_ALLOWED,TEACHER_DISCRETION,Unspecified,Unspecified,Unspecified,BOARD_POLICY_MANUAL
048-078,Kansas City 33,LINCOLN COLLEGE PREP.,2021-2022,Pre-Reform,Spring,MATH201,Geometry,General Education,47,5,8,13,9,12,10.6,17.0,27.7,19.1,25.5,25.5,23.5,17.5,74.5,16.0,53.0,Baseline_2022_Pre_Policy,TRADITIONAL_PCT,0_NO_FLOOR,TRUE_ZERO_ALLOWED,TEACHER_DISCRETION,Unspecified,Unspecified,Unspecified,BOARD_POLICY_MANUAL
048-078,Kansas City 33,LINCOLN COLLEGE PREP.,2021-2022,Pre-Reform,Spring,MATH201,Geometry,Honors / AP / IB,130,35,52,27,10,6,26.9,40.0,20.8,7.7,4.6,4.6,65.0,62.0,95.4,73.4,7.6,Baseline_2022_Pre_Policy,TRADITIONAL_PCT,0_NO_FLOOR,TRUE_ZERO_ALLOWED,TEACHER_DISCRETION,Unspecified,Unspecified,Unspecified,BOARD_POLICY_MANUAL
048-078,Kansas City 33,LINCOLN COLLEGE PREP.,2021-2022,Pre-Reform,Spring,ENG101,English I,General Education,47,4,9,14,9,11,8.5,19.1,29.8,19.1,23.4,23.4,23.5,18.0,76.6,,,Baseline_2022_Pre_Policy,TRADITIONAL_PCT,0_NO_FLOOR,TRUE_ZERO_ALLOWED,TEACHER_DISCRETION,Unspecified,Unspecified,Unspecified,BOARD_POLICY_MANUAL
048-078,Kansas City 33,LINCOLN COLLEGE PREP.,2021-2022,Pre-Reform,Spring,ENG101,English I,Honors / AP / IB,141,37,57,30,11,6,26.2,40.4,21.3,7.8,4.3,4.3,70.5,67.5,95.7,,,Baseline_2022_Pre_Policy,TRADITIONAL_PCT,0_NO_FLOOR,TRUE_ZERO_ALLOWED,TEACHER_DISCRETION,Unspecified,Unspecified,Unspecified,BOARD_POLICY_MANUAL
048-078,Kansas City 33,LINCOLN COLLEGE PREP.,2021-2022,Pre-Reform,Spring,SCI101,Biology,General Education,45,3,8,13,9,12,6.7,17.8,28.9,20.0,26.7,26.7,22.5,16.5,73.3,15.8,51.6,Baseline_2022_Pre_Policy,TRADITIONAL_PCT,0_NO_FLOOR,TRUE_ZERO_ALLOWED,TEACHER_DISCRETION,Unspecified,Unspecified,Unspecified,BOARD_POLICY_MANUAL
048-078,Kansas City 33,LINCOLN COLLEGE PREP.,2021-2022,Pre-Reform,Spring,SCI101,Biology,Honors / AP / IB,121,32,49,26,9,5,26.4,40.5,21.5,7.4,4.1,4.1,60.5,58.0,95.9,70.7,7.9,Baseline_2022_Pre_Policy,TRADITIONAL_PCT,0_NO_FLOOR,TRUE_ZERO_ALLOWED,TEACHER_DISCRETION,Unspecified,Unspecified,Unspecified,BOARD_POLICY_MANUAL
048-078,Kansas City 33,LINCOLN COLLEGE PREP.,2022-2023,Pre-Reform,Fall,MATH101,Algebra I,General Education,48,4,8,13,9,14,8.3,16.7,27.1,18.8,29.2,29.2,24.0,17.0,70.8,,,Baseline_2022_Pre_Policy,TRADITIONAL_PCT,0_NO_FLOOR,TRUE_ZERO_ALLOWED,TEACHER_DISCRETION,Unspecified,Unspecified,Unspecified,BOARD_POLICY_MANUAL
048-078,Kansas City 33,LINCOLN COLLEGE PREP.,2022-2023,Pre-Reform,Fall,MATH101,Algebra I,Honors / AP / IB,145,39,58,31,11,6,26.9,40.0,21.4,7.6,4.1,4.1,72.5,69.5,95.9,,,Baseline_2022_Pre_Policy,TRADITIONAL_PCT,0_NO_FLOOR,TRUE_ZERO_ALLOWED,TEACHER_DISCRETION,Unspecified,Unspecified,Unspecified,BOARD_POLICY_MANUAL
048-078,Kansas City 33,LINCOLN COLLEGE PREP.,2022-2023,Pre-Reform,Fall,MATH201,Geometry,General Education,42,4,7,12,8,11,9.5,16.7,28.6,19.0,26.2,26.2,21.0,15.5,73.8,,,Baseline_2022_Pre_Policy,TRADITIONAL_PCT,0_NO_FLOOR,TRUE_ZERO_ALLOWED,TEACHER_DISCRETION,Unspecified,Unspecified,Unspecified,BOARD_POLICY_MANUAL
048-078,Kansas City 33,LINCOLN COLLEGE PREP.,2022-2023,Pre-Reform,Fall,MATH201,Geometry,Honors / AP / IB,127,34,51,27,10,5,26.8,40.2,21.3,7.9,3.9,3.9,63.5,61.0,96.1,,,Baseline_2022_Pre_Policy,TRADITIONAL_PCT,0_NO_FLOOR,TRUE_ZERO_ALLOWED,TEACHER_DISCRETION,Unspecified,Unspecified,Unspecified,BOARD_POLICY_MANUAL
048-078,Kansas City 33,LINCOLN COLLEGE PREP.,2022-2023,Pre-Reform,Fall,ENG101,English I,General Education,41,4,8,12,8,9,9.8,19.5,29.3,19.5,22.0,22.0,20.5,16.0,78.0,,,Baseline_2022_Pre_Policy,TRADITIONAL_PCT,0_NO_FLOOR,TRUE_ZERO_ALLOWED,TEACHER_DISCRETION,Unspecified,Unspecified,Unspecified,BOARD_POLICY_MANUAL
048-078,Kansas City 33,LINCOLN COLLEGE PREP.,2022-2023,Pre-Reform,Fall,ENG101,English I,Honors / AP / IB,128,34,52,27,10,5,26.6,40.6,21.1,7.8,3.9,3.9,64.0,61.5,96.1,,,Baseline_2022_Pre_Policy,TRADITIONAL_PCT,0_NO_FLOOR,TRUE_ZERO_ALLOWED,TEACHER_DISCRETION,Unspecified,Unspecified,Unspecified,BOARD_POLICY_MANUAL
048-078,Kansas City 33,LINCOLN COLLEGE PREP.,2022-2023,Pre-Reform,Fall,SCI101,Biology,General Education,45,4,8,13,9,11,8.9,17.8,28.9,20.0,24.4,24.4,22.5,17.0,75.6,,,Baseline_2022_Pre_Policy,TRADITIONAL_PCT,0_NO_FLOOR,TRUE_ZERO_ALLOWED,TEACHER_DISCRETION,Unspecified,Unspecified,Unspecified,BOARD_POLICY_MANUAL
048-078,Kansas City 33,LINCOLN COLLEGE PREP.,2022-2023,Pre-Reform,Fall,SCI101,Biology,Honors / AP / IB,127,33,51,27,10,6,26.0,40.2,21.3,7.9,4.7,4.7,63.5,60.5,95.3,,,Baseline_2022_Pre_Policy,TRADITIONAL_PCT,0_NO_FLOOR,TRUE_ZERO_ALLOWED,TEACHER_DISCRETION,Unspecified,Unspecified,Unspecified,BOARD_POLICY_MANUAL
048-078,Kansas City 33,LINCOLN COLLEGE PREP.,2022-2023,Pre-Reform,Spring,MATH101,Algebra I,General Education,42,3,7,11,8,13,7.1,16.7,26.2,19.0,31.0,31.0,21.0,14.5,69.0,14.1,52.6,Baseline_2022_Pre_Policy,TRADITIONAL_PCT,0_NO_FLOOR,TRUE_ZERO_ALLOWED,TEACHER_DISCRETION,Unspecified,Unspecified,Unspecified,BOARD_POLICY_MANUAL
048-078,Kansas City 33,LINCOLN COLLEGE PREP.,2022-2023,Pre-Reform,Spring,MATH101,Algebra I,Honors / AP / IB,145,39,58,30,11,7,26.9,40.0,20.7,7.6,4.8,4.8,72.5,69.0,95.2,72.0,7.9,Baseline_2022_Pre_Policy,TRADITIONAL_PCT,0_NO_FLOOR,TRUE_ZERO_ALLOWED,TEACHER_DISCRETION,Unspecified,Unspecified,Unspecified,BOARD_POLICY_MANUAL
048-078,Kansas City 33,LINCOLN COLLEGE PREP.,2022-2023,Pre-Reform,Spring,MATH201,Geometry,General Education,42,4,7,12,8,11,9.5,16.7,28.6,19.0,26.2,26.2,21.0,15.5,73.8,16.0,53.2,Baseline_2022_Pre_Policy,TRADITIONAL_PCT,0_NO_FLOOR,TRUE_ZERO_ALLOWED,TEACHER_DISCRETION,Unspecified,Unspecified,Unspecified,BOARD_POLICY_MANUAL
048-078,Kansas City 33,LINCOLN COLLEGE PREP.,2022-2023,Pre-Reform,Spring,MATH201,Geometry,Honors / AP / IB,142,38,57,30,11,6,26.8,40.1,21.1,7.7,4.2,4.2,71.0,68.0,95.8,69.3,8.3,Baseline_2022_Pre_Policy,TRADITIONAL_PCT,0_NO_FLOOR,TRUE_ZERO_ALLOWED,TEACHER_DISCRETION,Unspecified,Unspecified,Unspecified,BOARD_POLICY_MANUAL
048-078,Kansas City 33,LINCOLN COLLEGE PREP.,2022-2023,Pre-Reform,Spring,ENG101,English I,General Education,45,4,8,13,9,11,8.9,17.8,28.9,20.0,24.4,24.4,22.5,17.0,75.6,,,Baseline_2022_Pre_Policy,TRADITIONAL_PCT,0_NO_FLOOR,TRUE_ZERO_ALLOWED,TEACHER_DISCRETION,Unspecified,Unspecified,Unspecified,BOARD_POLICY_MANUAL
048-078,Kansas City 33,LINCOLN COLLEGE PREP.,2022-2023,Pre-Reform,Spring,ENG101,English I,Honors / AP / IB,128,34,51,27,10,6,26.6,39.8,21.1,7.8,4.7,4.7,64.0,61.0,95.3,,,Baseline_2022_Pre_Policy,TRADITIONAL_PCT,0_NO_FLOOR,TRUE_ZERO_ALLOWED,TEACHER_DISCRETION,Unspecified,Unspecified,Unspecified,BOARD_POLICY_MANUAL
048-078,Kansas City 33,LINCOLN COLLEGE PREP.,2022-2023,Pre-Reform,Spring,SCI101,Biology,General Education,46,4,8,13,9,12,8.7,17.4,28.3,19.6,26.1,26.1,23.0,17.0,73.9,16.8,52.2,Baseline_2022_Pre_Policy,TRADITIONAL_PCT,0_NO_FLOOR,TRUE_ZERO_ALLOWED,TEACHER_DISCRETION,Unspecified,Unspecified,Unspecified,BOARD_POLICY_MANUAL
048-078,Kansas City 33,LINCOLN COLLEGE PREP.,2022-2023,Pre-Reform,Spring,SCI101,Biology,Honors / AP / IB,123,33,49,26,9,6,26.8,39.8,21.1,7.3,4.9,4.9,61.5,58.5,95.1,74.7,8.2,Baseline_2022_Pre_Policy,TRADITIONAL_PCT,0_NO_FLOOR,TRUE_ZERO_ALLOWED,TEACHER_DISCRETION,Unspecified,Unspecified,Unspecified,BOARD_POLICY_MANUAL
048-078,Kansas City 33,LINCOLN COLLEGE PREP.,2023-2024,Initial 40% Floor,Fall,MATH101,Algebra I,General Education,48,4,8,15,15,6,8.3,16.7,31.2,31.2,12.5,12.5,24.0,21.0,87.5,,,UNVERIFIED,UNVERIFIED,UNVERIFIED,UNVERIFIED,UNVERIFIED,,,,UNVERIFIED
048-078,Kansas City 33,LINCOLN COLLEGE PREP.,2023-2024,Initial 40% Floor,Fall,MATH101,Algebra I,Honors / AP / IB,137,37,55,29,10,6,27.0,40.1,21.2,7.3,4.4,4.4,68.5,65.5,95.6,,,UNVERIFIED,UNVERIFIED,UNVERIFIED,UNVERIFIED,UNVERIFIED,,,,UNVERIFIED
048-078,Kansas City 33,LINCOLN COLLEGE PREP.,2023-2024,Initial 40% Floor,Fall,MATH201,Geometry,General Education,43,4,8,13,13,5,9.3,18.6,30.2,30.2,11.6,11.6,21.5,19.0,88.4,,,UNVERIFIED,UNVERIFIED,UNVERIFIED,UNVERIFIED,UNVERIFIED,,,,UNVERIFIED
048-078,Kansas City 33,LINCOLN COLLEGE PREP.,2023-2024,Initial 40% Floor,Fall,MATH201,Geometry,Honors / AP / IB,132,36,53,28,10,5,27.3,40.2,21.2,7.6,3.8,3.8,66.0,63.5,96.2,,,UNVERIFIED,UNVERIFIED,UNVERIFIED,UNVERIFIED,UNVERIFIED,,,,UNVERIFIED
048-078,Kansas City 33,LINCOLN COLLEGE PREP.,2023-2024,Initial 40% Floor,Fall,ENG101,English I,General Education,46,5,8,14,14,5,10.9,17.4,30.4,30.4,10.9,10.9,23.0,20.5,89.1,,,UNVERIFIED,UNVERIFIED,UNVERIFIED,UNVERIFIED,UNVERIFIED,,,,UNVERIFIED
048-078,Kansas City 33,LINCOLN COLLEGE PREP.,2023-2024,Initial 40% Floor,Fall,ENG101,English I,Honors / AP / IB,124,33,50,26,10,5,26.6,40.3,21.0,8.1,4.0,4.0,62.0,59.5,96.0,,,UNVERIFIED,UNVERIFIED,UNVERIFIED,UNVERIFIED,UNVERIFIED,,,,UNVERIFIED
048-078,Kansas City 33,LINCOLN COLLEGE PREP.,2023-2024,Initial 40% Floor,Fall,SCI101,Biology,General Education,47,5,8,14,14,6,10.6,17.0,29.8,29.8,12.8,12.8,23.5,20.5,87.2,,,UNVERIFIED,UNVERIFIED,UNVERIFIED,UNVERIFIED,UNVERIFIED,,,,UNVERIFIED
048-078,Kansas City 33,LINCOLN COLLEGE PREP.,2023-2024,Initial 40% Floor,Fall,SCI101,Biology,Honors / AP / IB,139,37,56,29,11,6,26.6,40.3,20.9,7.9,4.3,4.3,69.5,66.5,95.7,,,UNVERIFIED,UNVERIFIED,UNVERIFIED,UNVERIFIED,UNVERIFIED,,,,UNVERIFIED
048-078,Kansas City 33,LINCOLN COLLEGE PREP.,2023-2024,Initial 40% Floor,Spring,MATH101,Algebra I,General Education,44,4,8,13,13,6,9.1,18.2,29.5,29.5,13.6,13.6,22.0,19.0,86.4,13.9,51.4,UNVERIFIED,UNVERIFIED,UNVERIFIED,UNVERIFIED,UNVERIFIED,,,,UNVERIFIED
048-078,Kansas City 33,LINCOLN COLLEGE PREP.,2023-2024,Initial 40% Floor,Spring,MATH101,Algebra I,Honors / AP / IB,146,39,58,31,11,7,26.7,39.7,21.2,7.5,4.8,4.8,73.0,69.5,95.2,72.6,8.0,UNVERIFIED,UNVERIFIED,UNVERIFIED,UNVERIFIED,UNVERIFIED,,,,UNVERIFIED
048-078,Kansas City 33,LINCOLN COLLEGE PREP.,2023-2024,Initial 40% Floor,Spring,MATH201,Geometry,General Education,43,4,7,13,13,6,9.3,16.3,30.2,30.2,14.0,14.0,21.5,18.5,86.0,15.1,52.8,UNVERIFIED,UNVERIFIED,UNVERIFIED,UNVERIFIED,UNVERIFIED,,,,UNVERIFIED
048-078,Kansas City 33,LINCOLN COLLEGE PREP.,2023-2024,Initial 40% Floor,Spring,MATH201,Geometry,Honors / AP / IB,142,38,57,30,11,6,26.8,40.1,21.1,7.7,4.2,4.2,71.0,68.0,95.8,72.6,8.3,UNVERIFIED,UNVERIFIED,UNVERIFIED,UNVERIFIED,UNVERIFIED,,,,UNVERIFIED
048-078,Kansas City 33,LINCOLN COLLEGE PREP.,2023-2024,Initial 40% Floor,Spring,ENG101,English I,General Education,41,3,7,13,13,5,7.3,17.1,31.7,31.7,12.2,12.2,20.5,18.0,87.8,,,UNVERIFIED,UNVERIFIED,UNVERIFIED,UNVERIFIED,UNVERIFIED,,,,UNVERIFIED
048-078,Kansas City 33,LINCOLN COLLEGE PREP.,2023-2024,Initial 40% Floor,Spring,ENG101,English I,Honors / AP / IB,136,36,55,29,10,6,26.5,40.4,21.3,7.4,4.4,4.4,68.0,65.0,95.6,,,UNVERIFIED,UNVERIFIED,UNVERIFIED,UNVERIFIED,UNVERIFIED,,,,UNVERIFIED
048-078,Kansas City 33,LINCOLN COLLEGE PREP.,2023-2024,Initial 40% Floor,Spring,SCI101,Biology,General Education,47,5,8,14,14,6,10.6,17.0,29.8,29.8,12.8,12.8,23.5,20.5,87.2,16.1,51.6,UNVERIFIED,UNVERIFIED,UNVERIFIED,UNVERIFIED,UNVERIFIED,,,,UNVERIFIED
048-078,Kansas City 33,LINCOLN COLLEGE PREP.,2023-2024,Initial 40% Floor,Spring,SCI101,Biology,Honors / AP / IB,138,37,55,29,11,6,26.8,39.9,21.0,8.0,4.3,4.3,69.0,66.0,95.7,73.4,7.6,UNVERIFIED,UNVERIFIED,UNVERIFIED,UNVERIFIED,UNVERIFIED,,,,UNVERIFIED
048-078,Kansas City 33,LINCOLN COLLEGE PREP.,2024-2025,Revised Missing-Work & Exemption,Fall,MATH101,Algebra I,General Education,41,4,7,12,10,8,9.8,17.1,29.3,24.4,19.5,19.5,20.5,16.5,80.5,,,Case_A_General_Track_Floor_2024_25,TRADITIONAL_PCT,40_PCT_MINIMUM,TRUE_ZERO_ALLOWED,UNIVERSAL_MANDATORY,10.0,40.0,50.0,PRIMARY_POLICY_DOCUMENT
048-078,Kansas City 33,LINCOLN COLLEGE PREP.,2024-2025,Revised Missing-Work & Exemption,Fall,MATH101,Algebra I,Honors / AP / IB,132,36,53,28,10,5,27.3,40.2,21.2,7.6,3.8,3.8,66.0,63.5,96.2,,,Case_A_Honors_Exemption_Track_2024_25,TRADITIONAL_PCT,0_NO_FLOOR,TRUE_ZERO_ALLOWED,TEACHER_DISCRETION,10.0,40.0,50.0,PRIMARY_POLICY_DOCUMENT
048-078,Kansas City 33,LINCOLN COLLEGE PREP.,2024-2025,Revised Missing-Work & Exemption,Fall,MATH201,Geometry,General Education,46,5,8,14,11,8,10.9,17.4,30.4,23.9,17.4,17.4,23.0,19.0,82.6,,,Case_A_General_Track_Floor_2024_25,TRADITIONAL_PCT,40_PCT_MINIMUM,TRUE_ZERO_ALLOWED,UNIVERSAL_MANDATORY,10.0,40.0,50.0,PRIMARY_POLICY_DOCUMENT
048-078,Kansas City 33,LINCOLN COLLEGE PREP.,2024-2025,Revised Missing-Work & Exemption,Fall,MATH201,Geometry,Honors / AP / IB,139,37,56,29,11,6,26.6,40.3,20.9,7.9,4.3,4.3,69.5,66.5,95.7,,,Case_A_Honors_Exemption_Track_2024_25,TRADITIONAL_PCT,0_NO_FLOOR,TRUE_ZERO_ALLOWED,TEACHER_DISCRETION,10.0,40.0,50.0,PRIMARY_POLICY_DOCUMENT
048-078,Kansas City 33,LINCOLN COLLEGE PREP.,2024-2025,Revised Missing-Work & Exemption,Fall,ENG101,English I,General Education,44,5,8,14,11,6,11.4,18.2,31.8,25.0,13.6,13.6,22.0,19.0,86.4,,,Case_A_General_Track_Floor_2024_25,TRADITIONAL_PCT,40_PCT_MINIMUM,TRUE_ZERO_ALLOWED,UNIVERSAL_MANDATORY,10.0,40.0,50.0,PRIMARY_POLICY_DOCUMENT
048-078,Kansas City 33,LINCOLN COLLEGE PREP.,2024-2025,Revised Missing-Work & Exemption,Fall,ENG101,English I,Honors / AP / IB,122,33,49,26,9,5,27.0,40.2,21.3,7.4,4.1,4.1,61.0,58.5,95.9,,,Case_A_Honors_Exemption_Track_2024_25,TRADITIONAL_PCT,0_NO_FLOOR,TRUE_ZERO_ALLOWED,TEACHER_DISCRETION,10.0,40.0,50.0,PRIMARY_POLICY_DOCUMENT
048-078,Kansas City 33,LINCOLN COLLEGE PREP.,2024-2025,Revised Missing-Work & Exemption,Fall,SCI101,Biology,General Education,43,4,8,13,11,7,9.3,18.6,30.2,25.6,16.3,16.3,21.5,18.0,83.7,,,Case_A_General_Track_Floor_2024_25,TRADITIONAL_PCT,40_PCT_MINIMUM,TRUE_ZERO_ALLOWED,UNIVERSAL_MANDATORY,10.0,40.0,50.0,PRIMARY_POLICY_DOCUMENT
048-078,Kansas City 33,LINCOLN COLLEGE PREP.,2024-2025,Revised Missing-Work & Exemption,Fall,SCI101,Biology,Honors / AP / IB,143,38,58,30,11,6,26.6,40.6,21.0,7.7,4.2,4.2,71.5,68.5,95.8,,,Case_A_Honors_Exemption_Track_2024_25,TRADITIONAL_PCT,0_NO_FLOOR,TRUE_ZERO_ALLOWED,TEACHER_DISCRETION,10.0,40.0,50.0,PRIMARY_POLICY_DOCUMENT
048-078,Kansas City 33,LINCOLN COLLEGE PREP.,2024-2025,Revised Missing-Work & Exemption,Spring,MATH101,Algebra I,General Education,43,4,8,13,10,8,9.3,18.6,30.2,23.3,18.6,18.6,21.5,17.5,81.4,13.7,52.4,Case_A_General_Track_Floor_2024_25,TRADITIONAL_PCT,40_PCT_MINIMUM,TRUE_ZERO_ALLOWED,UNIVERSAL_MANDATORY,10.0,40.0,50.0,PRIMARY_POLICY_DOCUMENT
048-078,Kansas City 33,LINCOLN COLLEGE PREP.,2024-2025,Revised Missing-Work & Exemption,Spring,MATH101,Algebra I,Honors / AP / IB,143,38,58,30,11,6,26.6,40.6,21.0,7.7,4.2,4.2,71.5,68.5,95.8,71.2,7.7,Case_A_Honors_Exemption_Track_2024_25,TRADITIONAL_PCT,0_NO_FLOOR,TRUE_ZERO_ALLOWED,TEACHER_DISCRETION,10.0,40.0,50.0,PRIMARY_POLICY_DOCUMENT
048-078,Kansas City 33,LINCOLN COLLEGE PREP.,2024-2025,Revised Missing-Work & Exemption,Spring,MATH201,Geometry,General Education,40,4,7,12,10,7,10.0,17.5,30.0,25.0,17.5,17.5,20.0,16.5,82.5,15.8,51.5,Case_A_General_Track_Floor_2024_25,TRADITIONAL_PCT,40_PCT_MINIMUM,TRUE_ZERO_ALLOWED,UNIVERSAL_MANDATORY,10.0,40.0,50.0,PRIMARY_POLICY_DOCUMENT
048-078,Kansas City 33,LINCOLN COLLEGE PREP.,2024-2025,Revised Missing-Work & Exemption,Spring,MATH201,Geometry,Honors / AP / IB,144,38,58,30,11,7,26.4,40.3,20.8,7.6,4.9,4.9,72.0,68.5,95.1,71.2,7.7,Case_A_Honors_Exemption_Track_2024_25,TRADITIONAL_PCT,0_NO_FLOOR,TRUE_ZERO_ALLOWED,TEACHER_DISCRETION,10.0,40.0,50.0,PRIMARY_POLICY_DOCUMENT
048-078,Kansas City 33,LINCOLN COLLEGE PREP.,2024-2025,Revised Missing-Work & Exemption,Spring,ENG101,English I,General Education,42,4,8,13,11,6,9.5,19.0,31.0,26.2,14.3,14.3,21.0,18.0,85.7,,,Case_A_General_Track_Floor_2024_25,TRADITIONAL_PCT,40_PCT_MINIMUM,TRUE_ZERO_ALLOWED,UNIVERSAL_MANDATORY,10.0,40.0,50.0,PRIMARY_POLICY_DOCUMENT
048-078,Kansas City 33,LINCOLN COLLEGE PREP.,2024-2025,Revised Missing-Work & Exemption,Spring,ENG101,English I,Honors / AP / IB,130,35,52,28,10,5,26.9,40.0,21.5,7.7,3.8,3.8,65.0,62.5,96.2,,,Case_A_Honors_Exemption_Track_2024_25,TRADITIONAL_PCT,0_NO_FLOOR,TRUE_ZERO_ALLOWED,TEACHER_DISCRETION,10.0,40.0,50.0,PRIMARY_POLICY_DOCUMENT
048-078,Kansas City 33,LINCOLN COLLEGE PREP.,2024-2025,Revised Missing-Work & Exemption,Spring,SCI101,Biology,General Education,48,5,9,14,12,8,10.4,18.8,29.2,25.0,16.7,16.7,24.0,20.0,83.3,15.8,53.2,Case_A_General_Track_Floor_2024_25,TRADITIONAL_PCT,40_PCT_MINIMUM,TRUE_ZERO_ALLOWED,UNIVERSAL_MANDATORY,10.0,40.0,50.0,PRIMARY_POLICY_DOCUMENT
048-078,Kansas City 33,LINCOLN COLLEGE PREP.,2024-2025,Revised Missing-Work & Exemption,Spring,SCI101,Biology,Honors / AP / IB,142,37,57,30,11,7,26.1,40.1,21.1,7.7,4.9,4.9,71.0,67.5,95.1,73.8,7.8,Case_A_Honors_Exemption_Track_2024_25,TRADITIONAL_PCT,0_NO_FLOOR,TRUE_ZERO_ALLOWED,TEACHER_DISCRETION,10.0,40.0,50.0,PRIMARY_POLICY_DOCUMENT
048-078,Kansas City 33,NORTHEAST HIGH,2021-2022,Pre-Reform,Fall,MATH101,Algebra I,General Education,134,12,23,37,25,37,9.0,17.2,27.6,18.7,27.6,27.6,67.0,48.5,72.4,,,Baseline_2022_Pre_Policy,TRADITIONAL_PCT,0_NO_FLOOR,TRUE_ZERO_ALLOWED,TEACHER_DISCRETION,Unspecified,Unspecified,Unspecified,BOARD_POLICY_MANUAL
048-078,Kansas City 33,NORTHEAST HIGH,2021-2022,Pre-Reform,Fall,MATH101,Algebra I,Honors / AP / IB,8,2,3,2,1,0,25.0,37.5,25.0,12.5,0.0,0.0,4.0,4.0,100.0,,,Baseline_2022_Pre_Policy,TRADITIONAL_PCT,0_NO_FLOOR,TRUE_ZERO_ALLOWED,TEACHER_DISCRETION,Unspecified,Unspecified,Unspecified,BOARD_POLICY_MANUAL
048-078,Kansas City 33,NORTHEAST HIGH,2021-2022,Pre-Reform,Fall,MATH201,Geometry,General Education,138,12,25,40,27,34,8.7,18.1,29.0,19.6,24.6,24.6,69.0,52.0,75.4,,,Baseline_2022_Pre_Policy,TRADITIONAL_PCT,0_NO_FLOOR,TRUE_ZERO_ALLOWED,TEACHER_DISCRETION,Unspecified,Unspecified,Unspecified,BOARD_POLICY_MANUAL
048-078,Kansas City 33,NORTHEAST HIGH,2021-2022,Pre-Reform,Fall,MATH201,Geometry,Honors / AP / IB,8,2,3,2,1,0,25.0,37.5,25.0,12.5,0.0,0.0,4.0,4.0,100.0,,,Baseline_2022_Pre_Policy,TRADITIONAL_PCT,0_NO_FLOOR,TRUE_ZERO_ALLOWED,TEACHER_DISCRETION,Unspecified,Unspecified,Unspecified,BOARD_POLICY_MANUAL
048-078,Kansas City 33,NORTHEAST HIGH,2021-2022,Pre-Reform,Fall,ENG101,English I,General Education,143,13,27,43,29,31,9.1,18.9,30.1,20.3,21.7,21.7,71.5,56.0,78.3,,,Baseline_2022_Pre_Policy,TRADITIONAL_PCT,0_NO_FLOOR,TRUE_ZERO_ALLOWED,TEACHER_DISCRETION,Unspecified,Unspecified,Unspecified,BOARD_POLICY_MANUAL
048-078,Kansas City 33,NORTHEAST HIGH,2021-2022,Pre-Reform,Fall,ENG101,English I,Honors / AP / IB,9,2,4,2,1,0,22.2,44.4,22.2,11.1,0.0,0.0,4.5,4.5,100.0,,,Baseline_2022_Pre_Policy,TRADITIONAL_PCT,0_NO_FLOOR,TRUE_ZERO_ALLOWED,TEACHER_DISCRETION,Unspecified,Unspecified,Unspecified,BOARD_POLICY_MANUAL
048-078,Kansas City 33,NORTHEAST HIGH,2021-2022,Pre-Reform,Fall,SCI101,Biology,General Education,140,12,26,41,28,33,8.6,18.6,29.3,20.0,23.6,23.6,70.0,53.5,76.4,,,Baseline_2022_Pre_Policy,TRADITIONAL_PCT,0_NO_FLOOR,TRUE_ZERO_ALLOWED,TEACHER_DISCRETION,Unspecified,Unspecified,Unspecified,BOARD_POLICY_MANUAL
048-078,Kansas City 33,NORTHEAST HIGH,2021-2022,Pre-Reform,Fall,SCI101,Biology,Honors / AP / IB,9,2,4,2,1,0,22.2,44.4,22.2,11.1,0.0,0.0,4.5,4.5,100.0,,,Baseline_2022_Pre_Policy,TRADITIONAL_PCT,0_NO_FLOOR,TRUE_ZERO_ALLOWED,TEACHER_DISCRETION,Unspecified,Unspecified,Unspecified,BOARD_POLICY_MANUAL
048-078,Kansas City 33,NORTHEAST HIGH,2021-2022,Pre-Reform,Spring,MATH101,Algebra I,General Education,136,12,23,36,25,40,8.8,16.9,26.5,18.4,29.4,29.4,68.0,48.0,70.6,14.3,54.1,Baseline_2022_Pre_Policy,TRADITIONAL_PCT,0_NO_FLOOR,TRUE_ZERO_ALLOWED,TEACHER_DISCRETION,Unspecified,Unspecified,Unspecified,BOARD_POLICY_MANUAL
048-078,Kansas City 33,NORTHEAST HIGH,2021-2022,Pre-Reform,Spring,MATH101,Algebra I,Honors / AP / IB,8,2,3,2,1,0,25.0,37.5,25.0,12.5,0.0,0.0,4.0,4.0,100.0,72.2,8.3,Baseline_2022_Pre_Policy,TRADITIONAL_PCT,0_NO_FLOOR,TRUE_ZERO_ALLOWED,TEACHER_DISCRETION,Unspecified,Unspecified,Unspecified,BOARD_POLICY_MANUAL
048-078,Kansas City 33,NORTHEAST HIGH,2021-2022,Pre-Reform,Spring,MATH201,Geometry,General Education,130,12,23,36,25,34,9.2,17.7,27.7,19.2,26.2,26.2,65.0,48.0,73.8,15.3,52.1,Baseline_2022_Pre_Policy,TRADITIONAL_PCT,0_NO_FLOOR,TRUE_ZERO_ALLOWED,TEACHER_DISCRETION,Unspecified,Unspecified,Unspecified,BOARD_POLICY_MANUAL
048-078,Kansas City 33,NORTHEAST HIGH,2021-2022,Pre-Reform,Spring,MATH201,Geometry,Honors / AP / IB,9,2,4,2,1,0,22.2,44.4,22.2,11.1,0.0,0.0,4.5,4.5,100.0,74.4,8.1,Baseline_2022_Pre_Policy,TRADITIONAL_PCT,0_NO_FLOOR,TRUE_ZERO_ALLOWED,TEACHER_DISCRETION,Unspecified,Unspecified,Unspecified,BOARD_POLICY_MANUAL
048-078,Kansas City 33,NORTHEAST HIGH,2021-2022,Pre-Reform,Spring,ENG101,English I,General Education,125,12,23,36,25,29,9.6,18.4,28.8,20.0,23.2,23.2,62.5,48.0,76.8,,,Baseline_2022_Pre_Policy,TRADITIONAL_PCT,0_NO_FLOOR,TRUE_ZERO_ALLOWED,TEACHER_DISCRETION,Unspecified,Unspecified,Unspecified,BOARD_POLICY_MANUAL
048-078,Kansas City 33,NORTHEAST HIGH,2021-2022,Pre-Reform,Spring,ENG101,English I,Honors / AP / IB,9,2,4,2,1,0,22.2,44.4,22.2,11.1,0.0,0.0,4.5,4.5,100.0,,,Baseline_2022_Pre_Policy,TRADITIONAL_PCT,0_NO_FLOOR,TRUE_ZERO_ALLOWED,TEACHER_DISCRETION,Unspecified,Unspecified,Unspecified,BOARD_POLICY_MANUAL
048-078,Kansas City 33,NORTHEAST HIGH,2021-2022,Pre-Reform,Spring,SCI101,Biology,General Education,132,11,24,38,26,33,8.3,18.2,28.8,19.7,25.0,25.0,66.0,49.5,75.0,15.7,50.4,Baseline_2022_Pre_Policy,TRADITIONAL_PCT,0_NO_FLOOR,TRUE_ZERO_ALLOWED,TEACHER_DISCRETION,Unspecified,Unspecified,Unspecified,BOARD_POLICY_MANUAL
048-078,Kansas City 33,NORTHEAST HIGH,2021-2022,Pre-Reform,Spring,SCI101,Biology,Honors / AP / IB,8,2,3,2,1,0,25.0,37.5,25.0,12.5,0.0,0.0,4.0,4.0,100.0,69.3,7.7,Baseline_2022_Pre_Policy,TRADITIONAL_PCT,0_NO_FLOOR,TRUE_ZERO_ALLOWED,TEACHER_DISCRETION,Unspecified,Unspecified,Unspecified,BOARD_POLICY_MANUAL
048-078,Kansas City 33,NORTHEAST HIGH,2022-2023,Pre-Reform,Fall,MATH101,Algebra I,General Education,124,11,21,34,23,35,8.9,16.9,27.4,18.5,28.2,28.2,62.0,44.5,71.8,,,Baseline_2022_Pre_Policy,TRADITIONAL_PCT,0_NO_FLOOR,TRUE_ZERO_ALLOWED,TEACHER_DISCRETION,Unspecified,Unspecified,Unspecified,BOARD_POLICY_MANUAL
048-078,Kansas City 33,NORTHEAST HIGH,2022-2023,Pre-Reform,Fall,MATH101,Algebra I,Honors / AP / IB,8,2,3,2,1,0,25.0,37.5,25.0,12.5,0.0,0.0,4.0,4.0,100.0,,,Baseline_2022_Pre_Policy,TRADITIONAL_PCT,0_NO_FLOOR,TRUE_ZERO_ALLOWED,TEACHER_DISCRETION,Unspecified,Unspecified,Unspecified,BOARD_POLICY_MANUAL
048-078,Kansas City 33,NORTHEAST HIGH,2022-2023,Pre-Reform,Fall,MATH201,Geometry,General Education,143,12,26,41,28,36,8.4,18.2,28.7,19.6,25.2,25.2,71.5,53.5,74.8,,,Baseline_2022_Pre_Policy,TRADITIONAL_PCT,0_NO_FLOOR,TRUE_ZERO_ALLOWED,TEACHER_DISCRETION,Unspecified,Unspecified,Unspecified,BOARD_POLICY_MANUAL
048-078,Kansas City 33,NORTHEAST HIGH,2022-2023,Pre-Reform,Fall,MATH201,Geometry,Honors / AP / IB,8,2,3,2,1,0,25.0,37.5,25.0,12.5,0.0,0.0,4.0,4.0,100.0,,,Baseline_2022_Pre_Policy,TRADITIONAL_PCT,0_NO_FLOOR,TRUE_ZERO_ALLOWED,TEACHER_DISCRETION,Unspecified,Unspecified,Unspecified,BOARD_POLICY_MANUAL
048-078,Kansas City 33,NORTHEAST HIGH,2022-2023,Pre-Reform,Fall,ENG101,English I,General Education,121,11,23,36,25,26,9.1,19.0,29.8,20.7,21.5,21.5,60.5,47.5,78.5,,,Baseline_2022_Pre_Policy,TRADITIONAL_PCT,0_NO_FLOOR,TRUE_ZERO_ALLOWED,TEACHER_DISCRETION,Unspecified,Unspecified,Unspecified,BOARD_POLICY_MANUAL
048-078,Kansas City 33,NORTHEAST HIGH,2022-2023,Pre-Reform,Fall,ENG101,English I,Honors / AP / IB,9,2,4,2,1,0,22.2,44.4,22.2,11.1,0.0,0.0,4.5,4.5,100.0,,,Baseline_2022_Pre_Policy,TRADITIONAL_PCT,0_NO_FLOOR,TRUE_ZERO_ALLOWED,TEACHER_DISCRETION,Unspecified,Unspecified,Unspecified,BOARD_POLICY_MANUAL
048-078,Kansas City 33,NORTHEAST HIGH,2022-2023,Pre-Reform,Fall,SCI101,Biology,General Education,121,12,22,35,24,28,9.9,18.2,28.9,19.8,23.1,23.1,60.5,46.5,76.9,,,Baseline_2022_Pre_Policy,TRADITIONAL_PCT,0_NO_FLOOR,TRUE_ZERO_ALLOWED,TEACHER_DISCRETION,Unspecified,Unspecified,Unspecified,BOARD_POLICY_MANUAL
048-078,Kansas City 33,NORTHEAST HIGH,2022-2023,Pre-Reform,Fall,SCI101,Biology,Honors / AP / IB,8,2,3,2,1,0,25.0,37.5,25.0,12.5,0.0,0.0,4.0,4.0,100.0,,,Baseline_2022_Pre_Policy,TRADITIONAL_PCT,0_NO_FLOOR,TRUE_ZERO_ALLOWED,TEACHER_DISCRETION,Unspecified,Unspecified,Unspecified,BOARD_POLICY_MANUAL
048-078,Kansas City 33,NORTHEAST HIGH,2022-2023,Pre-Reform,Spring,MATH101,Algebra I,General Education,123,10,21,33,23,36,8.1,17.1,26.8,18.7,29.3,29.3,61.5,43.5,70.7,13.4,51.9,Baseline_2022_Pre_Policy,TRADITIONAL_PCT,0_NO_FLOOR,TRUE_ZERO_ALLOWED,TEACHER_DISCRETION,Unspecified,Unspecified,Unspecified,BOARD_POLICY_MANUAL
048-078,Kansas City 33,NORTHEAST HIGH,2022-2023,Pre-Reform,Spring,MATH101,Algebra I,Honors / AP / IB,8,2,3,2,1,0,25.0,37.5,25.0,12.5,0.0,0.0,4.0,4.0,100.0,72.4,7.6,Baseline_2022_Pre_Policy,TRADITIONAL_PCT,0_NO_FLOOR,TRUE_ZERO_ALLOWED,TEACHER_DISCRETION,Unspecified,Unspecified,Unspecified,BOARD_POLICY_MANUAL
048-078,Kansas City 33,NORTHEAST HIGH,2022-2023,Pre-Reform,Spring,MATH201,Geometry,General Education,125,12,22,35,24,32,9.6,17.6,28.0,19.2,25.6,25.6,62.5,46.5,74.4,15.5,53.5,Baseline_2022_Pre_Policy,TRADITIONAL_PCT,0_NO_FLOOR,TRUE_ZERO_ALLOWED,TEACHER_DISCRETION,Unspecified,Unspecified,Unspecified,BOARD_POLICY_MANUAL
048-078,Kansas City 33,NORTHEAST HIGH,2022-2023,Pre-Reform,Spring,MATH201,Geometry,Honors / AP / IB,8,2,3,2,1,0,25.0,37.5,25.0,12.5,0.0,0.0,4.0,4.0,100.0,74.1,7.7,Baseline_2022_Pre_Policy,TRADITIONAL_PCT,0_NO_FLOOR,TRUE_ZERO_ALLOWED,TEACHER_DISCRETION,Unspecified,Unspecified,Unspecified,BOARD_POLICY_MANUAL
048-078,Kansas City 33,NORTHEAST HIGH,2022-2023,Pre-Reform,Spring,ENG101,English I,General Education,131,13,24,38,26,30,9.9,18.3,29.0,19.8,22.9,22.9,65.5,50.5,77.1,,,Baseline_2022_Pre_Policy,TRADITIONAL_PCT,0_NO_FLOOR,TRUE_ZERO_ALLOWED,TEACHER_DISCRETION,Unspecified,Unspecified,Unspecified,BOARD_POLICY_MANUAL
048-078,Kansas City 33,NORTHEAST HIGH,2022-2023,Pre-Reform,Spring,ENG101,English I,Honors / AP / IB,8,2,3,2,1,0,25.0,37.5,25.0,12.5,0.0,0.0,4.0,4.0,100.0,,,Baseline_2022_Pre_Policy,TRADITIONAL_PCT,0_NO_FLOOR,TRUE_ZERO_ALLOWED,TEACHER_DISCRETION,Unspecified,Unspecified,Unspecified,BOARD_POLICY_MANUAL
048-078,Kansas City 33,NORTHEAST HIGH,2022-2023,Pre-Reform,Spring,SCI101,Biology,General Education,125,12,22,35,24,32,9.6,17.6,28.0,19.2,25.6,25.6,62.5,46.5,74.4,16.5,52.2,Baseline_2022_Pre_Policy,TRADITIONAL_PCT,0_NO_FLOOR,TRUE_ZERO_ALLOWED,TEACHER_DISCRETION,Unspecified,Unspecified,Unspecified,BOARD_POLICY_MANUAL
048-078,Kansas City 33,NORTHEAST HIGH,2022-2023,Pre-Reform,Spring,SCI101,Biology,Honors / AP / IB,8,2,3,2,1,0,25.0,37.5,25.0,12.5,0.0,0.0,4.0,4.0,100.0,73.4,7.9,Baseline_2022_Pre_Policy,TRADITIONAL_PCT,0_NO_FLOOR,TRUE_ZERO_ALLOWED,TEACHER_DISCRETION,Unspecified,Unspecified,Unspecified,BOARD_POLICY_MANUAL
048-078,Kansas City 33,NORTHEAST HIGH,2023-2024,Initial 40% Floor,Fall,MATH101,Algebra I,General Education,142,13,25,43,43,18,9.2,17.6,30.3,30.3,12.7,12.7,71.0,62.0,87.3,,,Case_A_Active_Policy_Floor_2023_24,TRADITIONAL_PCT,40_PCT_MINIMUM,FLOOR_40_UNSUBMITTED,UNIVERSAL_MANDATORY,Unspecified,Unspecified,Unspecified,SECONDARY_JOURNALISTIC_RECORD
048-078,Kansas City 33,NORTHEAST HIGH,2023-2024,Initial 40% Floor,Fall,MATH101,Algebra I,Honors / AP / IB,8,2,3,2,1,0,25.0,37.5,25.0,12.5,0.0,0.0,4.0,4.0,100.0,,,UNVERIFIED,UNVERIFIED,UNVERIFIED,UNVERIFIED,UNVERIFIED,,,,UNVERIFIED
048-078,Kansas City 33,NORTHEAST HIGH,2023-2024,Initial 40% Floor,Fall,MATH201,Geometry,General Education,138,13,24,42,42,17,9.4,17.4,30.4,30.4,12.3,12.3,69.0,60.5,87.7,,,Case_A_Active_Policy_Floor_2023_24,TRADITIONAL_PCT,40_PCT_MINIMUM,FLOOR_40_UNSUBMITTED,UNIVERSAL_MANDATORY,Unspecified,Unspecified,Unspecified,SECONDARY_JOURNALISTIC_RECORD
048-078,Kansas City 33,NORTHEAST HIGH,2023-2024,Initial 40% Floor,Fall,MATH201,Geometry,Honors / AP / IB,8,2,3,2,1,0,25.0,37.5,25.0,12.5,0.0,0.0,4.0,4.0,100.0,,,UNVERIFIED,UNVERIFIED,UNVERIFIED,UNVERIFIED,UNVERIFIED,,,,UNVERIFIED
048-078,Kansas City 33,NORTHEAST HIGH,2023-2024,Initial 40% Floor,Fall,ENG101,English I,General Education,134,11,24,42,42,15,8.2,17.9,31.3,31.3,11.2,11.2,67.0,59.5,88.8,,,Case_A_Active_Policy_Floor_2023_24,TRADITIONAL_PCT,40_PCT_MINIMUM,FLOOR_40_UNSUBMITTED,UNIVERSAL_MANDATORY,Unspecified,Unspecified,Unspecified,SECONDARY_JOURNALISTIC_RECORD
048-078,Kansas City 33,NORTHEAST HIGH,2023-2024,Initial 40% Floor,Fall,ENG101,English I,Honors / AP / IB,9,2,4,2,1,0,22.2,44.4,22.2,11.1,0.0,0.0,4.5,4.5,100.0,,,UNVERIFIED,UNVERIFIED,UNVERIFIED,UNVERIFIED,UNVERIFIED,,,,UNVERIFIED
048-078,Kansas City 33,NORTHEAST HIGH,2023-2024,Initial 40% Floor,Fall,SCI101,Biology,General Education,142,13,25,44,44,16,9.2,17.6,31.0,31.0,11.3,11.3,71.0,63.0,88.7,,,Case_A_Active_Policy_Floor_2023_24,TRADITIONAL_PCT,40_PCT_MINIMUM,FLOOR_40_UNSUBMITTED,UNIVERSAL_MANDATORY,Unspecified,Unspecified,Unspecified,SECONDARY_JOURNALISTIC_RECORD
048-078,Kansas City 33,NORTHEAST HIGH,2023-2024,Initial 40% Floor,Fall,SCI101,Biology,Honors / AP / IB,8,2,3,2,1,0,25.0,37.5,25.0,12.5,0.0,0.0,4.0,4.0,100.0,,,UNVERIFIED,UNVERIFIED,UNVERIFIED,UNVERIFIED,UNVERIFIED,,,,UNVERIFIED
048-078,Kansas City 33,NORTHEAST HIGH,2023-2024,Initial 40% Floor,Spring,MATH101,Algebra I,General Education,136,12,23,41,41,19,8.8,16.9,30.1,30.1,14.0,14.0,68.0,58.5,86.0,14.3,50.4,Case_A_Active_Policy_Floor_2023_24,TRADITIONAL_PCT,40_PCT_MINIMUM,FLOOR_40_UNSUBMITTED,UNIVERSAL_MANDATORY,Unspecified,Unspecified,Unspecified,SECONDARY_JOURNALISTIC_RECORD
048-078,Kansas City 33,NORTHEAST HIGH,2023-2024,Initial 40% Floor,Spring,MATH101,Algebra I,Honors / AP / IB,8,2,3,2,1,0,25.0,37.5,25.0,12.5,0.0,0.0,4.0,4.0,100.0,73.5,8.3,UNVERIFIED,UNVERIFIED,UNVERIFIED,UNVERIFIED,UNVERIFIED,,,,UNVERIFIED
048-078,Kansas City 33,NORTHEAST HIGH,2023-2024,Initial 40% Floor,Spring,MATH201,Geometry,General Education,137,11,24,42,42,18,8.0,17.5,30.7,30.7,13.1,13.1,68.5,59.5,86.9,15.7,53.2,Case_A_Active_Policy_Floor_2023_24,TRADITIONAL_PCT,40_PCT_MINIMUM,FLOOR_40_UNSUBMITTED,UNIVERSAL_MANDATORY,Unspecified,Unspecified,Unspecified,SECONDARY_JOURNALISTIC_RECORD
048-078,Kansas City 33,NORTHEAST HIGH,2023-2024,Initial 40% Floor,Spring,MATH201,Geometry,Honors / AP / IB,8,2,3,2,1,0,25.0,37.5,25.0,12.5,0.0,0.0,4.0,4.0,100.0,69.2,8.2,UNVERIFIED,UNVERIFIED,UNVERIFIED,UNVERIFIED,UNVERIFIED,,,,UNVERIFIED
048-078,Kansas City 33,NORTHEAST HIGH,2023-2024,Initial 40% Floor,Spring,ENG101,English I,General Education,124,12,22,38,38,14,9.7,17.7,30.6,30.6,11.3,11.3,62.0,55.0,88.7,,,Case_A_Active_Policy_Floor_2023_24,TRADITIONAL_PCT,40_PCT_MINIMUM,FLOOR_40_UNSUBMITTED,UNIVERSAL_MANDATORY,Unspecified,Unspecified,Unspecified,SECONDARY_JOURNALISTIC_RECORD
048-078,Kansas City 33,NORTHEAST HIGH,2023-2024,Initial 40% Floor,Spring,ENG101,English I,Honors / AP / IB,8,2,3,2,1,0,25.0,37.5,25.0,12.5,0.0,0.0,4.0,4.0,100.0,,,UNVERIFIED,UNVERIFIED,UNVERIFIED,UNVERIFIED,UNVERIFIED,,,,UNVERIFIED
048-078,Kansas City 33,NORTHEAST HIGH,2023-2024,Initial 40% Floor,Spring,SCI101,Biology,General Education,132,11,23,41,41,16,8.3,17.4,31.1,31.1,12.1,12.1,66.0,58.0,87.9,15.5,54.0,Case_A_Active_Policy_Floor_2023_24,TRADITIONAL_PCT,40_PCT_MINIMUM,FLOOR_40_UNSUBMITTED,UNIVERSAL_MANDATORY,Unspecified,Unspecified,Unspecified,SECONDARY_JOURNALISTIC_RECORD
048-078,Kansas City 33,NORTHEAST HIGH,2023-2024,Initial 40% Floor,Spring,SCI101,Biology,Honors / AP / IB,8,2,3,2,1,0,25.0,37.5,25.0,12.5,0.0,0.0,4.0,4.0,100.0,71.3,8.2,UNVERIFIED,UNVERIFIED,UNVERIFIED,UNVERIFIED,UNVERIFIED,,,,UNVERIFIED
048-078,Kansas City 33,NORTHEAST HIGH,2024-2025,Revised Missing-Work & Exemption,Fall,MATH101,Algebra I,General Education,129,13,23,37,31,25,10.1,17.8,28.7,24.0,19.4,19.4,64.5,52.0,80.6,,,Case_A_General_Track_Floor_2024_25,TRADITIONAL_PCT,40_PCT_MINIMUM,TRUE_ZERO_ALLOWED,UNIVERSAL_MANDATORY,10.0,40.0,50.0,PRIMARY_POLICY_DOCUMENT
048-078,Kansas City 33,NORTHEAST HIGH,2024-2025,Revised Missing-Work & Exemption,Fall,MATH101,Algebra I,Honors / AP / IB,8,2,3,2,1,0,25.0,37.5,25.0,12.5,0.0,0.0,4.0,4.0,100.0,,,Case_A_Honors_Exemption_Track_2024_25,TRADITIONAL_PCT,0_NO_FLOOR,TRUE_ZERO_ALLOWED,TEACHER_DISCRETION,10.0,40.0,50.0,PRIMARY_POLICY_DOCUMENT
048-078,Kansas City 33,NORTHEAST HIGH,2024-2025,Revised Missing-Work & Exemption,Fall,MATH201,Geometry,General Education,132,13,24,40,33,22,9.8,18.2,30.3,25.0,16.7,16.7,66.0,55.0,83.3,,,Case_A_General_Track_Floor_2024_25,TRADITIONAL_PCT,40_PCT_MINIMUM,TRUE_ZERO_ALLOWED,UNIVERSAL_MANDATORY,10.0,40.0,50.0,PRIMARY_POLICY_DOCUMENT
048-078,Kansas City 33,NORTHEAST HIGH,2024-2025,Revised Missing-Work & Exemption,Fall,MATH201,Geometry,Honors / AP / IB,8,2,3,2,1,0,25.0,37.5,25.0,12.5,0.0,0.0,4.0,4.0,100.0,,,Case_A_Honors_Exemption_Track_2024_25,TRADITIONAL_PCT,0_NO_FLOOR,TRUE_ZERO_ALLOWED,TEACHER_DISCRETION,10.0,40.0,50.0,PRIMARY_POLICY_DOCUMENT
048-078,Kansas City 33,NORTHEAST HIGH,2024-2025,Revised Missing-Work & Exemption,Fall,ENG101,English I,General Education,138,14,26,42,35,21,10.1,18.8,30.4,25.4,15.2,15.2,69.0,58.5,84.8,,,Case_A_General_Track_Floor_2024_25,TRADITIONAL_PCT,40_PCT_MINIMUM,TRUE_ZERO_ALLOWED,UNIVERSAL_MANDATORY,10.0,40.0,50.0,PRIMARY_POLICY_DOCUMENT
048-078,Kansas City 33,NORTHEAST HIGH,2024-2025,Revised Missing-Work & Exemption,Fall,ENG101,English I,Honors / AP / IB,9,2,4,2,1,0,22.2,44.4,22.2,11.1,0.0,0.0,4.5,4.5,100.0,,,Case_A_Honors_Exemption_Track_2024_25,TRADITIONAL_PCT,0_NO_FLOOR,TRUE_ZERO_ALLOWED,TEACHER_DISCRETION,10.0,40.0,50.0,PRIMARY_POLICY_DOCUMENT
048-078,Kansas City 33,NORTHEAST HIGH,2024-2025,Revised Missing-Work & Exemption,Fall,SCI101,Biology,General Education,123,12,23,37,31,20,9.8,18.7,30.1,25.2,16.3,16.3,61.5,51.5,83.7,,,Case_A_General_Track_Floor_2024_25,TRADITIONAL_PCT,40_PCT_MINIMUM,TRUE_ZERO_ALLOWED,UNIVERSAL_MANDATORY,10.0,40.0,50.0,PRIMARY_POLICY_DOCUMENT
048-078,Kansas City 33,NORTHEAST HIGH,2024-2025,Revised Missing-Work & Exemption,Fall,SCI101,Biology,Honors / AP / IB,8,2,3,2,1,0,25.0,37.5,25.0,12.5,0.0,0.0,4.0,4.0,100.0,,,Case_A_Honors_Exemption_Track_2024_25,TRADITIONAL_PCT,0_NO_FLOOR,TRUE_ZERO_ALLOWED,TEACHER_DISCRETION,10.0,40.0,50.0,PRIMARY_POLICY_DOCUMENT
048-078,Kansas City 33,NORTHEAST HIGH,2024-2025,Revised Missing-Work & Exemption,Spring,MATH101,Algebra I,General Education,138,13,24,40,33,28,9.4,17.4,29.0,23.9,20.3,20.3,69.0,55.0,79.7,14.1,50.9,Case_A_General_Track_Floor_2024_25,TRADITIONAL_PCT,40_PCT_MINIMUM,TRUE_ZERO_ALLOWED,UNIVERSAL_MANDATORY,10.0,40.0,50.0,PRIMARY_POLICY_DOCUMENT
048-078,Kansas City 33,NORTHEAST HIGH,2024-2025,Revised Missing-Work & Exemption,Spring,MATH101,Algebra I,Honors / AP / IB,8,2,3,2,1,0,25.0,37.5,25.0,12.5,0.0,0.0,4.0,4.0,100.0,71.0,7.8,Case_A_Honors_Exemption_Track_2024_25,TRADITIONAL_PCT,0_NO_FLOOR,TRUE_ZERO_ALLOWED,TEACHER_DISCRETION,10.0,40.0,50.0,PRIMARY_POLICY_DOCUMENT
048-078,Kansas City 33,NORTHEAST HIGH,2024-2025,Revised Missing-Work & Exemption,Spring,MATH201,Geometry,General Education,128,12,23,38,32,23,9.4,18.0,29.7,25.0,18.0,18.0,64.0,52.5,82.0,15.9,52.3,Case_A_General_Track_Floor_2024_25,TRADITIONAL_PCT,40_PCT_MINIMUM,TRUE_ZERO_ALLOWED,UNIVERSAL_MANDATORY,10.0,40.0,50.0,PRIMARY_POLICY_DOCUMENT
048-078,Kansas City 33,NORTHEAST HIGH,2024-2025,Revised Missing-Work & Exemption,Spring,MATH201,Geometry,Honors / AP / IB,8,2,3,2,1,0,25.0,37.5,25.0,12.5,0.0,0.0,4.0,4.0,100.0,73.4,8.1,Case_A_Honors_Exemption_Track_2024_25,TRADITIONAL_PCT,0_NO_FLOOR,TRUE_ZERO_ALLOWED,TEACHER_DISCRETION,10.0,40.0,50.0,PRIMARY_POLICY_DOCUMENT
048-078,Kansas City 33,NORTHEAST HIGH,2024-2025,Revised Missing-Work & Exemption,Spring,ENG101,English I,General Education,144,14,27,44,37,22,9.7,18.8,30.6,25.7,15.3,15.3,72.0,61.0,84.7,,,Case_A_General_Track_Floor_2024_25,TRADITIONAL_PCT,40_PCT_MINIMUM,TRUE_ZERO_ALLOWED,UNIVERSAL_MANDATORY,10.0,40.0,50.0,PRIMARY_POLICY_DOCUMENT
048-078,Kansas City 33,NORTHEAST HIGH,2024-2025,Revised Missing-Work & Exemption,Spring,ENG101,English I,Honors / AP / IB,8,2,3,2,1,0,25.0,37.5,25.0,12.5,0.0,0.0,4.0,4.0,100.0,,,Case_A_Honors_Exemption_Track_2024_25,TRADITIONAL_PCT,0_NO_FLOOR,TRUE_ZERO_ALLOWED,TEACHER_DISCRETION,10.0,40.0,50.0,PRIMARY_POLICY_DOCUMENT
048-078,Kansas City 33,NORTHEAST HIGH,2024-2025,Revised Missing-Work & Exemption,Spring,SCI101,Biology,General Education,137,14,25,41,34,23,10.2,18.2,29.9,24.8,16.8,16.8,68.5,57.0,83.2,16.1,52.9,Case_A_General_Track_Floor_2024_25,TRADITIONAL_PCT,40_PCT_MINIMUM,TRUE_ZERO_ALLOWED,UNIVERSAL_MANDATORY,10.0,40.0,50.0,PRIMARY_POLICY_DOCUMENT
048-078,Kansas City 33,NORTHEAST HIGH,2024-2025,Revised Missing-Work & Exemption,Spring,SCI101,Biology,Honors / AP / IB,8,2,3,2,1,0,25.0,37.5,25.0,12.5,0.0,0.0,4.0,4.0,100.0,69.9,7.9,Case_A_Honors_Exemption_Track_2024_25,TRADITIONAL_PCT,0_NO_FLOOR,TRUE_ZERO_ALLOWED,TEACHER_DISCRETION,10.0,40.0,50.0,PRIMARY_POLICY_DOCUMENT
048-078,Kansas City 33,SOUTHEAST HIGH SCHOOL,2021-2022,Pre-Reform,Fall,MATH101,Algebra I,General Education,130,12,22,35,24,37,9.2,16.9,26.9,18.5,28.5,28.5,65.0,46.5,71.5,,,Baseline_2022_Pre_Policy,TRADITIONAL_PCT,0_NO_FLOOR,TRUE_ZERO_ALLOWED,TEACHER_DISCRETION,Unspecified,Unspecified,Unspecified,BOARD_POLICY_MANUAL
048-078,Kansas City 33,SOUTHEAST HIGH SCHOOL,2021-2022,Pre-Reform,Fall,MATH101,Algebra I,Honors / AP / IB,9,2,4,2,1,0,22.2,44.4,22.2,11.1,0.0,0.0,4.5,4.5,100.0,,,Baseline_2022_Pre_Policy,TRADITIONAL_PCT,0_NO_FLOOR,TRUE_ZERO_ALLOWED,TEACHER_DISCRETION,Unspecified,Unspecified,Unspecified,BOARD_POLICY_MANUAL
048-078,Kansas City 33,SOUTHEAST HIGH SCHOOL,2021-2022,Pre-Reform,Fall,MATH201,Geometry,General Education,134,12,24,38,26,34,9.0,17.9,28.4,19.4,25.4,25.4,67.0,50.0,74.6,,,Baseline_2022_Pre_Policy,TRADITIONAL_PCT,0_NO_FLOOR,TRUE_ZERO_ALLOWED,TEACHER_DISCRETION,Unspecified,Unspecified,Unspecified,BOARD_POLICY_MANUAL
048-078,Kansas City 33,SOUTHEAST HIGH SCHOOL,2021-2022,Pre-Reform,Fall,MATH201,Geometry,Honors / AP / IB,9,2,4,2,1,0,22.2,44.4,22.2,11.1,0.0,0.0,4.5,4.5,100.0,,,Baseline_2022_Pre_Policy,TRADITIONAL_PCT,0_NO_FLOOR,TRUE_ZERO_ALLOWED,TEACHER_DISCRETION,Unspecified,Unspecified,Unspecified,BOARD_POLICY_MANUAL
048-078,Kansas City 33,SOUTHEAST HIGH SCHOOL,2021-2022,Pre-Reform,Fall,ENG101,English I,General Education,120,12,22,35,24,27,10.0,18.3,29.2,20.0,22.5,22.5,60.0,46.5,77.5,,,Baseline_2022_Pre_Policy,TRADITIONAL_PCT,0_NO_FLOOR,TRUE_ZERO_ALLOWED,TEACHER_DISCRETION,Unspecified,Unspecified,Unspecified,BOARD_POLICY_MANUAL
048-078,Kansas City 33,SOUTHEAST HIGH SCHOOL,2021-2022,Pre-Reform,Fall,ENG101,English I,Honors / AP / IB,10,3,4,2,1,0,30.0,40.0,20.0,10.0,0.0,0.0,5.0,5.0,100.0,,,Baseline_2022_Pre_Policy,TRADITIONAL_PCT,0_NO_FLOOR,TRUE_ZERO_ALLOWED,TEACHER_DISCRETION,Unspecified,Unspecified,Unspecified,BOARD_POLICY_MANUAL
048-078,Kansas City 33,SOUTHEAST HIGH SCHOOL,2021-2022,Pre-Reform,Fall,SCI101,Biology,General Education,118,11,22,34,23,28,9.3,18.6,28.8,19.5,23.7,23.7,59.0,45.0,76.3,,,Baseline_2022_Pre_Policy,TRADITIONAL_PCT,0_NO_FLOOR,TRUE_ZERO_ALLOWED,TEACHER_DISCRETION,Unspecified,Unspecified,Unspecified,BOARD_POLICY_MANUAL
048-078,Kansas City 33,SOUTHEAST HIGH SCHOOL,2021-2022,Pre-Reform,Fall,SCI101,Biology,Honors / AP / IB,9,2,4,2,1,0,22.2,44.4,22.2,11.1,0.0,0.0,4.5,4.5,100.0,,,Baseline_2022_Pre_Policy,TRADITIONAL_PCT,0_NO_FLOOR,TRUE_ZERO_ALLOWED,TEACHER_DISCRETION,Unspecified,Unspecified,Unspecified,BOARD_POLICY_MANUAL
048-078,Kansas City 33,SOUTHEAST HIGH SCHOOL,2021-2022,Pre-Reform,Spring,MATH101,Algebra I,General Education,141,12,24,38,26,41,8.5,17.0,27.0,18.4,29.1,29.1,70.5,50.0,70.9,14.2,53.5,Baseline_2022_Pre_Policy,TRADITIONAL_PCT,0_NO_FLOOR,TRUE_ZERO_ALLOWED,TEACHER_DISCRETION,Unspecified,Unspecified,Unspecified,BOARD_POLICY_MANUAL
048-078,Kansas City 33,SOUTHEAST HIGH SCHOOL,2021-2022,Pre-Reform,Spring,MATH101,Algebra I,Honors / AP / IB,10,3,4,2,1,0,30.0,40.0,20.0,10.0,0.0,0.0,5.0,5.0,100.0,70.2,8.0,Baseline_2022_Pre_Policy,TRADITIONAL_PCT,0_NO_FLOOR,TRUE_ZERO_ALLOWED,TEACHER_DISCRETION,Unspecified,Unspecified,Unspecified,BOARD_POLICY_MANUAL
048-078,Kansas City 33,SOUTHEAST HIGH SCHOOL,2021-2022,Pre-Reform,Spring,MATH201,Geometry,General Education,138,12,24,39,27,36,8.7,17.4,28.3,19.6,26.1,26.1,69.0,51.0,73.9,15.4,52.2,Baseline_2022_Pre_Policy,TRADITIONAL_PCT,0_NO_FLOOR,TRUE_ZERO_ALLOWED,TEACHER_DISCRETION,Unspecified,Unspecified,Unspecified,BOARD_POLICY_MANUAL
048-078,Kansas City 33,SOUTHEAST HIGH SCHOOL,2021-2022,Pre-Reform,Spring,MATH201,Geometry,Honors / AP / IB,10,3,4,2,1,0,30.0,40.0,20.0,10.0,0.0,0.0,5.0,5.0,100.0,70.6,8.1,Baseline_2022_Pre_Policy,TRADITIONAL_PCT,0_NO_FLOOR,TRUE_ZERO_ALLOWED,TEACHER_DISCRETION,Unspecified,Unspecified,Unspecified,BOARD_POLICY_MANUAL
048-078,Kansas City 33,SOUTHEAST HIGH SCHOOL,2021-2022,Pre-Reform,Spring,ENG101,English I,General Education,136,12,25,40,27,32,8.8,18.4,29.4,19.9,23.5,23.5,68.0,52.0,76.5,,,Baseline_2022_Pre_Policy,TRADITIONAL_PCT,0_NO_FLOOR,TRUE_ZERO_ALLOWED,TEACHER_DISCRETION,Unspecified,Unspecified,Unspecified,BOARD_POLICY_MANUAL
048-078,Kansas City 33,SOUTHEAST HIGH SCHOOL,2021-2022,Pre-Reform,Spring,ENG101,English I,Honors / AP / IB,10,3,4,2,1,0,30.0,40.0,20.0,10.0,0.0,0.0,5.0,5.0,100.0,,,Baseline_2022_Pre_Policy,TRADITIONAL_PCT,0_NO_FLOOR,TRUE_ZERO_ALLOWED,TEACHER_DISCRETION,Unspecified,Unspecified,Unspecified,BOARD_POLICY_MANUAL
048-078,Kansas City 33,SOUTHEAST HIGH SCHOOL,2021-2022,Pre-Reform,Spring,SCI101,Biology,General Education,117,11,21,33,23,29,9.4,17.9,28.2,19.7,24.8,24.8,58.5,44.0,75.2,15.5,50.7,Baseline_2022_Pre_Policy,TRADITIONAL_PCT,0_NO_FLOOR,TRUE_ZERO_ALLOWED,TEACHER_DISCRETION,Unspecified,Unspecified,Unspecified,BOARD_POLICY_MANUAL
048-078,Kansas City 33,SOUTHEAST HIGH SCHOOL,2021-2022,Pre-Reform,Spring,SCI101,Biology,Honors / AP / IB,10,3,4,2,1,0,30.0,40.0,20.0,10.0,0.0,0.0,5.0,5.0,100.0,69.2,7.8,Baseline_2022_Pre_Policy,TRADITIONAL_PCT,0_NO_FLOOR,TRUE_ZERO_ALLOWED,TEACHER_DISCRETION,Unspecified,Unspecified,Unspecified,BOARD_POLICY_MANUAL
048-078,Kansas City 33,SOUTHEAST HIGH SCHOOL,2022-2023,Pre-Reform,Fall,MATH101,Algebra I,General Education,136,11,24,38,26,37,8.1,17.6,27.9,19.1,27.2,27.2,68.0,49.5,72.8,,,Baseline_2022_Pre_Policy,TRADITIONAL_PCT,0_NO_FLOOR,TRUE_ZERO_ALLOWED,TEACHER_DISCRETION,Unspecified,Unspecified,Unspecified,BOARD_POLICY_MANUAL
048-078,Kansas City 33,SOUTHEAST HIGH SCHOOL,2022-2023,Pre-Reform,Fall,MATH101,Algebra I,Honors / AP / IB,9,2,4,2,1,0,22.2,44.4,22.2,11.1,0.0,0.0,4.5,4.5,100.0,,,Baseline_2022_Pre_Policy,TRADITIONAL_PCT,0_NO_FLOOR,TRUE_ZERO_ALLOWED,TEACHER_DISCRETION,Unspecified,Unspecified,Unspecified,BOARD_POLICY_MANUAL
048-078,Kansas City 33,SOUTHEAST HIGH SCHOOL,2022-2023,Pre-Reform,Fall,MATH201,Geometry,General Education,127,12,23,36,25,31,9.4,18.1,28.3,19.7,24.4,24.4,63.5,48.0,75.6,,,Baseline_2022_Pre_Policy,TRADITIONAL_PCT,0_NO_FLOOR,TRUE_ZERO_ALLOWED,TEACHER_DISCRETION,Unspecified,Unspecified,Unspecified,BOARD_POLICY_MANUAL
048-078,Kansas City 33,SOUTHEAST HIGH SCHOOL,2022-2023,Pre-Reform,Fall,MATH201,Geometry,Honors / AP / IB,9,2,4,2,1,0,22.2,44.4,22.2,11.1,0.0,0.0,4.5,4.5,100.0,,,Baseline_2022_Pre_Policy,TRADITIONAL_PCT,0_NO_FLOOR,TRUE_ZERO_ALLOWED,TEACHER_DISCRETION,Unspecified,Unspecified,Unspecified,BOARD_POLICY_MANUAL
048-078,Kansas City 33,SOUTHEAST HIGH SCHOOL,2022-2023,Pre-Reform,Fall,ENG101,English I,General Education,120,12,22,35,24,27,10.0,18.3,29.2,20.0,22.5,22.5,60.0,46.5,77.5,,,Baseline_2022_Pre_Policy,TRADITIONAL_PCT,0_NO_FLOOR,TRUE_ZERO_ALLOWED,TEACHER_DISCRETION,Unspecified,Unspecified,Unspecified,BOARD_POLICY_MANUAL
048-078,Kansas City 33,SOUTHEAST HIGH SCHOOL,2022-2023,Pre-Reform,Fall,ENG101,English I,Honors / AP / IB,9,2,4,2,1,0,22.2,44.4,22.2,11.1,0.0,0.0,4.5,4.5,100.0,,,Baseline_2022_Pre_Policy,TRADITIONAL_PCT,0_NO_FLOOR,TRUE_ZERO_ALLOWED,TEACHER_DISCRETION,Unspecified,Unspecified,Unspecified,BOARD_POLICY_MANUAL
048-078,Kansas City 33,SOUTHEAST HIGH SCHOOL,2022-2023,Pre-Reform,Fall,SCI101,Biology,General Education,140,12,26,41,28,33,8.6,18.6,29.3,20.0,23.6,23.6,70.0,53.5,76.4,,,Baseline_2022_Pre_Policy,TRADITIONAL_PCT,0_NO_FLOOR,TRUE_ZERO_ALLOWED,TEACHER_DISCRETION,Unspecified,Unspecified,Unspecified,BOARD_POLICY_MANUAL
048-078,Kansas City 33,SOUTHEAST HIGH SCHOOL,2022-2023,Pre-Reform,Fall,SCI101,Biology,Honors / AP / IB,10,3,4,2,1,0,30.0,40.0,20.0,10.0,0.0,0.0,5.0,5.0,100.0,,,Baseline_2022_Pre_Policy,TRADITIONAL_PCT,0_NO_FLOOR,TRUE_ZERO_ALLOWED,TEACHER_DISCRETION,Unspecified,Unspecified,Unspecified,BOARD_POLICY_MANUAL
048-078,Kansas City 33,SOUTHEAST HIGH SCHOOL,2022-2023,Pre-Reform,Spring,MATH101,Algebra I,General Education,141,12,24,38,26,41,8.5,17.0,27.0,18.4,29.1,29.1,70.5,50.0,70.9,14.2,53.1,Baseline_2022_Pre_Policy,TRADITIONAL_PCT,0_NO_FLOOR,TRUE_ZERO_ALLOWED,TEACHER_DISCRETION,Unspecified,Unspecified,Unspecified,BOARD_POLICY_MANUAL
048-078,Kansas City 33,SOUTHEAST HIGH SCHOOL,2022-2023,Pre-Reform,Spring,MATH101,Algebra I,Honors / AP / IB,9,2,4,2,1,0,22.2,44.4,22.2,11.1,0.0,0.0,4.5,4.5,100.0,74.1,8.0,Baseline_2022_Pre_Policy,TRADITIONAL_PCT,0_NO_FLOOR,TRUE_ZERO_ALLOWED,TEACHER_DISCRETION,Unspecified,Unspecified,Unspecified,BOARD_POLICY_MANUAL
048-078,Kansas City 33,SOUTHEAST HIGH SCHOOL,2022-2023,Pre-Reform,Spring,MATH201,Geometry,General Education,132,12,23,37,25,35,9.1,17.4,28.0,18.9,26.5,26.5,66.0,48.5,73.5,16.0,50.3,Baseline_2022_Pre_Policy,TRADITIONAL_PCT,0_NO_FLOOR,TRUE_ZERO_ALLOWED,TEACHER_DISCRETION,Unspecified,Unspecified,Unspecified,BOARD_POLICY_MANUAL
048-078,Kansas City 33,SOUTHEAST HIGH SCHOOL,2022-2023,Pre-Reform,Spring,MATH201,Geometry,Honors / AP / IB,9,2,4,2,1,0,22.2,44.4,22.2,11.1,0.0,0.0,4.5,4.5,100.0,70.3,8.2,Baseline_2022_Pre_Policy,TRADITIONAL_PCT,0_NO_FLOOR,TRUE_ZERO_ALLOWED,TEACHER_DISCRETION,Unspecified,Unspecified,Unspecified,BOARD_POLICY_MANUAL
048-078,Kansas City 33,SOUTHEAST HIGH SCHOOL,2022-2023,Pre-Reform,Spring,ENG101,English I,General Education,122,12,22,35,24,29,9.8,18.0,28.7,19.7,23.8,23.8,61.0,46.5,76.2,,,Baseline_2022_Pre_Policy,TRADITIONAL_PCT,0_NO_FLOOR,TRUE_ZERO_ALLOWED,TEACHER_DISCRETION,Unspecified,Unspecified,Unspecified,BOARD_POLICY_MANUAL
048-078,Kansas City 33,SOUTHEAST HIGH SCHOOL,2022-2023,Pre-Reform,Spring,ENG101,English I,Honors / AP / IB,10,3,4,2,1,0,30.0,40.0,20.0,10.0,0.0,0.0,5.0,5.0,100.0,,,Baseline_2022_Pre_Policy,TRADITIONAL_PCT,0_NO_FLOOR,TRUE_ZERO_ALLOWED,TEACHER_DISCRETION,Unspecified,Unspecified,Unspecified,BOARD_POLICY_MANUAL
048-078,Kansas City 33,SOUTHEAST HIGH SCHOOL,2022-2023,Pre-Reform,Spring,SCI101,Biology,General Education,123,10,22,35,24,32,8.1,17.9,28.5,19.5,26.0,26.0,61.5,45.5,74.0,15.9,53.3,Baseline_2022_Pre_Policy,TRADITIONAL_PCT,0_NO_FLOOR,TRUE_ZERO_ALLOWED,TEACHER_DISCRETION,Unspecified,Unspecified,Unspecified,BOARD_POLICY_MANUAL
048-078,Kansas City 33,SOUTHEAST HIGH SCHOOL,2022-2023,Pre-Reform,Spring,SCI101,Biology,Honors / AP / IB,8,2,3,2,1,0,25.0,37.5,25.0,12.5,0.0,0.0,4.0,4.0,100.0,72.9,8.0,Baseline_2022_Pre_Policy,TRADITIONAL_PCT,0_NO_FLOOR,TRUE_ZERO_ALLOWED,TEACHER_DISCRETION,Unspecified,Unspecified,Unspecified,BOARD_POLICY_MANUAL
048-078,Kansas City 33,SOUTHEAST HIGH SCHOOL,2023-2024,Initial 40% Floor,Fall,MATH101,Algebra I,General Education,131,11,23,40,40,17,8.4,17.6,30.5,30.5,13.0,13.0,65.5,57.0,87.0,,,Case_A_Active_Policy_Floor_2023_24,TRADITIONAL_PCT,40_PCT_MINIMUM,FLOOR_40_UNSUBMITTED,UNIVERSAL_MANDATORY,Unspecified,Unspecified,Unspecified,SECONDARY_JOURNALISTIC_RECORD
048-078,Kansas City 33,SOUTHEAST HIGH SCHOOL,2023-2024,Initial 40% Floor,Fall,MATH101,Algebra I,Honors / AP / IB,9,2,4,2,1,0,22.2,44.4,22.2,11.1,0.0,0.0,4.5,4.5,100.0,,,UNVERIFIED,UNVERIFIED,UNVERIFIED,UNVERIFIED,UNVERIFIED,,,,UNVERIFIED
048-078,Kansas City 33,SOUTHEAST HIGH SCHOOL,2023-2024,Initial 40% Floor,Fall,MATH201,Geometry,General Education,142,12,25,44,44,17,8.5,17.6,31.0,31.0,12.0,12.0,71.0,62.5,88.0,,,Case_A_Active_Policy_Floor_2023_24,TRADITIONAL_PCT,40_PCT_MINIMUM,FLOOR_40_UNSUBMITTED,UNIVERSAL_MANDATORY,Unspecified,Unspecified,Unspecified,SECONDARY_JOURNALISTIC_RECORD
048-078,Kansas City 33,SOUTHEAST HIGH SCHOOL,2023-2024,Initial 40% Floor,Fall,MATH201,Geometry,Honors / AP / IB,9,2,4,2,1,0,22.2,44.4,22.2,11.1,0.0,0.0,4.5,4.5,100.0,,,UNVERIFIED,UNVERIFIED,UNVERIFIED,UNVERIFIED,UNVERIFIED,,,,UNVERIFIED
048-078,Kansas City 33,SOUTHEAST HIGH SCHOOL,2023-2024,Initial 40% Floor,Fall,ENG101,English I,General Education,133,11,24,42,42,14,8.3,18.0,31.6,31.6,10.5,10.5,66.5,59.5,89.5,,,Case_A_Active_Policy_Floor_2023_24,TRADITIONAL_PCT,40_PCT_MINIMUM,FLOOR_40_UNSUBMITTED,UNIVERSAL_MANDATORY,Unspecified,Unspecified,Unspecified,SECONDARY_JOURNALISTIC_RECORD
048-078,Kansas City 33,SOUTHEAST HIGH SCHOOL,2023-2024,Initial 40% Floor,Fall,ENG101,English I,Honors / AP / IB,9,2,4,2,1,0,22.2,44.4,22.2,11.1,0.0,0.0,4.5,4.5,100.0,,,UNVERIFIED,UNVERIFIED,UNVERIFIED,UNVERIFIED,UNVERIFIED,,,,UNVERIFIED
048-078,Kansas City 33,SOUTHEAST HIGH SCHOOL,2023-2024,Initial 40% Floor,Fall,SCI101,Biology,General Education,135,12,24,42,42,15,8.9,17.8,31.1,31.1,11.1,11.1,67.5,60.0,88.9,,,Case_A_Active_Policy_Floor_2023_24,TRADITIONAL_PCT,40_PCT_MINIMUM,FLOOR_40_UNSUBMITTED,UNIVERSAL_MANDATORY,Unspecified,Unspecified,Unspecified,SECONDARY_JOURNALISTIC_RECORD
048-078,Kansas City 33,SOUTHEAST HIGH SCHOOL,2023-2024,Initial 40% Floor,Fall,SCI101,Biology,Honors / AP / IB,10,3,4,2,1,0,30.0,40.0,20.0,10.0,0.0,0.0,5.0,5.0,100.0,,,UNVERIFIED,UNVERIFIED,UNVERIFIED,UNVERIFIED,UNVERIFIED,,,,UNVERIFIED
048-078,Kansas City 33,SOUTHEAST HIGH SCHOOL,2023-2024,Initial 40% Floor,Spring,MATH101,Algebra I,General Education,129,11,22,39,39,18,8.5,17.1,30.2,30.2,14.0,14.0,64.5,55.5,86.0,14.3,52.1,Case_A_Active_Policy_Floor_2023_24,TRADITIONAL_PCT,40_PCT_MINIMUM,FLOOR_40_UNSUBMITTED,UNIVERSAL_MANDATORY,Unspecified,Unspecified,Unspecified,SECONDARY_JOURNALISTIC_RECORD
048-078,Kansas City 33,SOUTHEAST HIGH SCHOOL,2023-2024,Initial 40% Floor,Spring,MATH101,Algebra I,Honors / AP / IB,8,2,3,2,1,0,25.0,37.5,25.0,12.5,0.0,0.0,4.0,4.0,100.0,70.5,7.9,UNVERIFIED,UNVERIFIED,UNVERIFIED,UNVERIFIED,UNVERIFIED,,,,UNVERIFIED
048-078,Kansas City 33,SOUTHEAST HIGH SCHOOL,2023-2024,Initial 40% Floor,Spring,MATH201,Geometry,General Education,135,11,24,42,42,16,8.1,17.8,31.1,31.1,11.9,11.9,67.5,59.5,88.1,16.0,52.3,Case_A_Active_Policy_Floor_2023_24,TRADITIONAL_PCT,40_PCT_MINIMUM,FLOOR_40_UNSUBMITTED,UNIVERSAL_MANDATORY,Unspecified,Unspecified,Unspecified,SECONDARY_JOURNALISTIC_RECORD
048-078,Kansas City 33,SOUTHEAST HIGH SCHOOL,2023-2024,Initial 40% Floor,Spring,MATH201,Geometry,Honors / AP / IB,10,3,4,2,1,0,30.0,40.0,20.0,10.0,0.0,0.0,5.0,5.0,100.0,73.2,7.7,UNVERIFIED,UNVERIFIED,UNVERIFIED,UNVERIFIED,UNVERIFIED,,,,UNVERIFIED
048-078,Kansas City 33,SOUTHEAST HIGH SCHOOL,2023-2024,Initial 40% Floor,Spring,ENG101,English I,General Education,118,10,21,37,37,13,8.5,17.8,31.4,31.4,11.0,11.0,59.0,52.5,89.0,,,Case_A_Active_Policy_Floor_2023_24,TRADITIONAL_PCT,40_PCT_MINIMUM,FLOOR_40_UNSUBMITTED,UNIVERSAL_MANDATORY,Unspecified,Unspecified,Unspecified,SECONDARY_JOURNALISTIC_RECORD
048-078,Kansas City 33,SOUTHEAST HIGH SCHOOL,2023-2024,Initial 40% Floor,Spring,ENG101,English I,Honors / AP / IB,10,3,4,2,1,0,30.0,40.0,20.0,10.0,0.0,0.0,5.0,5.0,100.0,,,UNVERIFIED,UNVERIFIED,UNVERIFIED,UNVERIFIED,UNVERIFIED,,,,UNVERIFIED
048-078,Kansas City 33,SOUTHEAST HIGH SCHOOL,2023-2024,Initial 40% Floor,Spring,SCI101,Biology,General Education,140,12,25,43,43,17,8.6,17.9,30.7,30.7,12.1,12.1,70.0,61.5,87.9,16.3,50.3,Case_A_Active_Policy_Floor_2023_24,TRADITIONAL_PCT,40_PCT_MINIMUM,FLOOR_40_UNSUBMITTED,UNIVERSAL_MANDATORY,Unspecified,Unspecified,Unspecified,SECONDARY_JOURNALISTIC_RECORD
048-078,Kansas City 33,SOUTHEAST HIGH SCHOOL,2023-2024,Initial 40% Floor,Spring,SCI101,Biology,Honors / AP / IB,10,3,4,2,1,0,30.0,40.0,20.0,10.0,0.0,0.0,5.0,5.0,100.0,70.3,8.2,UNVERIFIED,UNVERIFIED,UNVERIFIED,UNVERIFIED,UNVERIFIED,,,,UNVERIFIED
048-078,Kansas City 33,SOUTHEAST HIGH SCHOOL,2024-2025,Revised Missing-Work & Exemption,Fall,MATH101,Algebra I,General Education,132,12,24,39,32,25,9.1,18.2,29.5,24.2,18.9,18.9,66.0,53.5,81.1,,,Case_A_General_Track_Floor_2024_25,TRADITIONAL_PCT,40_PCT_MINIMUM,TRUE_ZERO_ALLOWED,UNIVERSAL_MANDATORY,10.0,40.0,50.0,PRIMARY_POLICY_DOCUMENT
048-078,Kansas City 33,SOUTHEAST HIGH SCHOOL,2024-2025,Revised Missing-Work & Exemption,Fall,MATH101,Algebra I,Honors / AP / IB,10,3,4,2,1,0,30.0,40.0,20.0,10.0,0.0,0.0,5.0,5.0,100.0,,,Case_A_Honors_Exemption_Track_2024_25,TRADITIONAL_PCT,0_NO_FLOOR,TRUE_ZERO_ALLOWED,TEACHER_DISCRETION,10.0,40.0,50.0,PRIMARY_POLICY_DOCUMENT
048-078,Kansas City 33,SOUTHEAST HIGH SCHOOL,2024-2025,Revised Missing-Work & Exemption,Fall,MATH201,Geometry,General Education,137,15,25,41,34,22,10.9,18.2,29.9,24.8,16.1,16.1,68.5,57.5,83.9,,,Case_A_General_Track_Floor_2024_25,TRADITIONAL_PCT,40_PCT_MINIMUM,TRUE_ZERO_ALLOWED,UNIVERSAL_MANDATORY,10.0,40.0,50.0,PRIMARY_POLICY_DOCUMENT
048-078,Kansas City 33,SOUTHEAST HIGH SCHOOL,2024-2025,Revised Missing-Work & Exemption,Fall,MATH201,Geometry,Honors / AP / IB,9,2,4,2,1,0,22.2,44.4,22.2,11.1,0.0,0.0,4.5,4.5,100.0,,,Case_A_Honors_Exemption_Track_2024_25,TRADITIONAL_PCT,0_NO_FLOOR,TRUE_ZERO_ALLOWED,TEACHER_DISCRETION,10.0,40.0,50.0,PRIMARY_POLICY_DOCUMENT
048-078,Kansas City 33,SOUTHEAST HIGH SCHOOL,2024-2025,Revised Missing-Work & Exemption,Fall,ENG101,English I,General Education,121,13,23,37,31,17,10.7,19.0,30.6,25.6,14.0,14.0,60.5,52.0,86.0,,,Case_A_General_Track_Floor_2024_25,TRADITIONAL_PCT,40_PCT_MINIMUM,TRUE_ZERO_ALLOWED,UNIVERSAL_MANDATORY,10.0,40.0,50.0,PRIMARY_POLICY_DOCUMENT
048-078,Kansas City 33,SOUTHEAST HIGH SCHOOL,2024-2025,Revised Missing-Work & Exemption,Fall,ENG101,English I,Honors / AP / IB,9,2,4,2,1,0,22.2,44.4,22.2,11.1,0.0,0.0,4.5,4.5,100.0,,,Case_A_Honors_Exemption_Track_2024_25,TRADITIONAL_PCT,0_NO_FLOOR,TRUE_ZERO_ALLOWED,TEACHER_DISCRETION,10.0,40.0,50.0,PRIMARY_POLICY_DOCUMENT
048-078,Kansas City 33,SOUTHEAST HIGH SCHOOL,2024-2025,Revised Missing-Work & Exemption,Fall,SCI101,Biology,General Education,133,13,25,40,34,21,9.8,18.8,30.1,25.6,15.8,15.8,66.5,56.0,84.2,,,Case_A_General_Track_Floor_2024_25,TRADITIONAL_PCT,40_PCT_MINIMUM,TRUE_ZERO_ALLOWED,UNIVERSAL_MANDATORY,10.0,40.0,50.0,PRIMARY_POLICY_DOCUMENT
048-078,Kansas City 33,SOUTHEAST HIGH SCHOOL,2024-2025,Revised Missing-Work & Exemption,Fall,SCI101,Biology,Honors / AP / IB,10,3,4,2,1,0,30.0,40.0,20.0,10.0,0.0,0.0,5.0,5.0,100.0,,,Case_A_Honors_Exemption_Track_2024_25,TRADITIONAL_PCT,0_NO_FLOOR,TRUE_ZERO_ALLOWED,TEACHER_DISCRETION,10.0,40.0,50.0,PRIMARY_POLICY_DOCUMENT
048-078,Kansas City 33,SOUTHEAST HIGH SCHOOL,2024-2025,Revised Missing-Work & Exemption,Spring,MATH101,Algebra I,General Education,124,11,22,36,30,25,8.9,17.7,29.0,24.2,20.2,20.2,62.0,49.5,79.8,13.8,50.3,Case_A_General_Track_Floor_2024_25,TRADITIONAL_PCT,40_PCT_MINIMUM,TRUE_ZERO_ALLOWED,UNIVERSAL_MANDATORY,10.0,40.0,50.0,PRIMARY_POLICY_DOCUMENT
048-078,Kansas City 33,SOUTHEAST HIGH SCHOOL,2024-2025,Revised Missing-Work & Exemption,Spring,MATH101,Algebra I,Honors / AP / IB,9,2,4,2,1,0,22.2,44.4,22.2,11.1,0.0,0.0,4.5,4.5,100.0,72.8,7.8,Case_A_Honors_Exemption_Track_2024_25,TRADITIONAL_PCT,0_NO_FLOOR,TRUE_ZERO_ALLOWED,TEACHER_DISCRETION,10.0,40.0,50.0,PRIMARY_POLICY_DOCUMENT
048-078,Kansas City 33,SOUTHEAST HIGH SCHOOL,2024-2025,Revised Missing-Work & Exemption,Spring,MATH201,Geometry,General Education,133,13,24,39,33,24,9.8,18.0,29.3,24.8,18.0,18.0,66.5,54.5,82.0,14.7,53.3,Case_A_General_Track_Floor_2024_25,TRADITIONAL_PCT,40_PCT_MINIMUM,TRUE_ZERO_ALLOWED,UNIVERSAL_MANDATORY,10.0,40.0,50.0,PRIMARY_POLICY_DOCUMENT
048-078,Kansas City 33,SOUTHEAST HIGH SCHOOL,2024-2025,Revised Missing-Work & Exemption,Spring,MATH201,Geometry,Honors / AP / IB,10,3,4,2,1,0,30.0,40.0,20.0,10.0,0.0,0.0,5.0,5.0,100.0,73.8,7.8,Case_A_Honors_Exemption_Track_2024_25,TRADITIONAL_PCT,0_NO_FLOOR,TRUE_ZERO_ALLOWED,TEACHER_DISCRETION,10.0,40.0,50.0,PRIMARY_POLICY_DOCUMENT
048-078,Kansas City 33,SOUTHEAST HIGH SCHOOL,2024-2025,Revised Missing-Work & Exemption,Spring,ENG101,English I,General Education,131,13,24,40,33,21,9.9,18.3,30.5,25.2,16.0,16.0,65.5,55.0,84.0,,,Case_A_General_Track_Floor_2024_25,TRADITIONAL_PCT,40_PCT_MINIMUM,TRUE_ZERO_ALLOWED,UNIVERSAL_MANDATORY,10.0,40.0,50.0,PRIMARY_POLICY_DOCUMENT
048-078,Kansas City 33,SOUTHEAST HIGH SCHOOL,2024-2025,Revised Missing-Work & Exemption,Spring,ENG101,English I,Honors / AP / IB,9,2,4,2,1,0,22.2,44.4,22.2,11.1,0.0,0.0,4.5,4.5,100.0,,,Case_A_Honors_Exemption_Track_2024_25,TRADITIONAL_PCT,0_NO_FLOOR,TRUE_ZERO_ALLOWED,TEACHER_DISCRETION,10.0,40.0,50.0,PRIMARY_POLICY_DOCUMENT
048-078,Kansas City 33,SOUTHEAST HIGH SCHOOL,2024-2025,Revised Missing-Work & Exemption,Spring,SCI101,Biology,General Education,122,12,22,37,31,20,9.8,18.0,30.3,25.4,16.4,16.4,61.0,51.0,83.6,15.7,52.0,Case_A_General_Track_Floor_2024_25,TRADITIONAL_PCT,40_PCT_MINIMUM,TRUE_ZERO_ALLOWED,UNIVERSAL_MANDATORY,10.0,40.0,50.0,PRIMARY_POLICY_DOCUMENT
048-078,Kansas City 33,SOUTHEAST HIGH SCHOOL,2024-2025,Revised Missing-Work & Exemption,Spring,SCI101,Biology,Honors / AP / IB,9,2,4,2,1,0,22.2,44.4,22.2,11.1,0.0,0.0,4.5,4.5,100.0,71.5,7.7,Case_A_Honors_Exemption_Track_2024_25,TRADITIONAL_PCT,0_NO_FLOOR,TRUE_ZERO_ALLOWED,TEACHER_DISCRETION,10.0,40.0,50.0,PRIMARY_POLICY_DOCUMENT
048-078,Kansas City 33,PASEO ACAD. OF PERFORMING ARTS,2021-2022,Pre-Reform,Fall,MATH101,Algebra I,General Education,71,7,12,19,13,20,9.9,16.9,26.8,18.3,28.2,28.2,35.5,25.5,71.8,,,Baseline_2022_Pre_Policy,TRADITIONAL_PCT,0_NO_FLOOR,TRUE_ZERO_ALLOWED,TEACHER_DISCRETION,Unspecified,Unspecified,Unspecified,BOARD_POLICY_MANUAL
048-078,Kansas City 33,PASEO ACAD. OF PERFORMING ARTS,2021-2022,Pre-Reform,Fall,MATH101,Algebra I,Honors / AP / IB,38,10,15,8,3,2,26.3,39.5,21.1,7.9,5.3,5.3,19.0,18.0,94.7,,,Baseline_2022_Pre_Policy,TRADITIONAL_PCT,0_NO_FLOOR,TRUE_ZERO_ALLOWED,TEACHER_DISCRETION,Unspecified,Unspecified,Unspecified,BOARD_POLICY_MANUAL
048-078,Kansas City 33,PASEO ACAD. OF PERFORMING ARTS,2021-2022,Pre-Reform,Fall,MATH201,Geometry,General Education,66,5,12,19,13,17,7.6,18.2,28.8,19.7,25.8,25.8,33.0,24.5,74.2,,,Baseline_2022_Pre_Policy,TRADITIONAL_PCT,0_NO_FLOOR,TRUE_ZERO_ALLOWED,TEACHER_DISCRETION,Unspecified,Unspecified,Unspecified,BOARD_POLICY_MANUAL
048-078,Kansas City 33,PASEO ACAD. OF PERFORMING ARTS,2021-2022,Pre-Reform,Fall,MATH201,Geometry,Honors / AP / IB,40,11,16,8,3,2,27.5,40.0,20.0,7.5,5.0,5.0,20.0,19.0,95.0,,,Baseline_2022_Pre_Policy,TRADITIONAL_PCT,0_NO_FLOOR,TRUE_ZERO_ALLOWED,TEACHER_DISCRETION,Unspecified,Unspecified,Unspecified,BOARD_POLICY_MANUAL
048-078,Kansas City 33,PASEO ACAD. OF PERFORMING ARTS,2021-2022,Pre-Reform,Fall,ENG101,English I,General Education,67,6,12,20,14,15,9.0,17.9,29.9,20.9,22.4,22.4,33.5,26.0,77.6,,,Baseline_2022_Pre_Policy,TRADITIONAL_PCT,0_NO_FLOOR,TRUE_ZERO_ALLOWED,TEACHER_DISCRETION,Unspecified,Unspecified,Unspecified,BOARD_POLICY_MANUAL
048-078,Kansas City 33,PASEO ACAD. OF PERFORMING ARTS,2021-2022,Pre-Reform,Fall,ENG101,English I,Honors / AP / IB,40,11,16,8,3,2,27.5,40.0,20.0,7.5,5.0,5.0,20.0,19.0,95.0,,,Baseline_2022_Pre_Policy,TRADITIONAL_PCT,0_NO_FLOOR,TRUE_ZERO_ALLOWED,TEACHER_DISCRETION,Unspecified,Unspecified,Unspecified,BOARD_POLICY_MANUAL
048-078,Kansas City 33,PASEO ACAD. OF PERFORMING ARTS,2021-2022,Pre-Reform,Fall,SCI101,Biology,General Education,64,5,12,19,13,15,7.8,18.8,29.7,20.3,23.4,23.4,32.0,24.5,76.6,,,Baseline_2022_Pre_Policy,TRADITIONAL_PCT,0_NO_FLOOR,TRUE_ZERO_ALLOWED,TEACHER_DISCRETION,Unspecified,Unspecified,Unspecified,BOARD_POLICY_MANUAL
048-078,Kansas City 33,PASEO ACAD. OF PERFORMING ARTS,2021-2022,Pre-Reform,Fall,SCI101,Biology,Honors / AP / IB,41,11,16,9,3,2,26.8,39.0,22.0,7.3,4.9,4.9,20.5,19.5,95.1,,,Baseline_2022_Pre_Policy,TRADITIONAL_PCT,0_NO_FLOOR,TRUE_ZERO_ALLOWED,TEACHER_DISCRETION,Unspecified,Unspecified,Unspecified,BOARD_POLICY_MANUAL
048-078,Kansas City 33,PASEO ACAD. OF PERFORMING ARTS,2021-2022,Pre-Reform,Spring,MATH101,Algebra I,General Education,72,7,12,19,13,21,9.7,16.7,26.4,18.1,29.2,29.2,36.0,25.5,70.8,13.9,51.1,Baseline_2022_Pre_Policy,TRADITIONAL_PCT,0_NO_FLOOR,TRUE_ZERO_ALLOWED,TEACHER_DISCRETION,Unspecified,Unspecified,Unspecified,BOARD_POLICY_MANUAL
048-078,Kansas City 33,PASEO ACAD. OF PERFORMING ARTS,2021-2022,Pre-Reform,Spring,MATH101,Algebra I,Honors / AP / IB,38,10,15,8,3,2,26.3,39.5,21.1,7.9,5.3,5.3,19.0,18.0,94.7,74.6,7.7,Baseline_2022_Pre_Policy,TRADITIONAL_PCT,0_NO_FLOOR,TRUE_ZERO_ALLOWED,TEACHER_DISCRETION,Unspecified,Unspecified,Unspecified,BOARD_POLICY_MANUAL
048-078,Kansas City 33,PASEO ACAD. OF PERFORMING ARTS,2021-2022,Pre-Reform,Spring,MATH201,Geometry,General Education,65,6,12,18,12,17,9.2,18.5,27.7,18.5,26.2,26.2,32.5,24.0,73.8,15.9,52.2,Baseline_2022_Pre_Policy,TRADITIONAL_PCT,0_NO_FLOOR,TRUE_ZERO_ALLOWED,TEACHER_DISCRETION,Unspecified,Unspecified,Unspecified,BOARD_POLICY_MANUAL
048-078,Kansas City 33,PASEO ACAD. OF PERFORMING ARTS,2021-2022,Pre-Reform,Spring,MATH201,Geometry,Honors / AP / IB,35,9,14,7,3,2,25.7,40.0,20.0,8.6,5.7,5.7,17.5,16.5,94.3,72.6,7.8,Baseline_2022_Pre_Policy,TRADITIONAL_PCT,0_NO_FLOOR,TRUE_ZERO_ALLOWED,TEACHER_DISCRETION,Unspecified,Unspecified,Unspecified,BOARD_POLICY_MANUAL
048-078,Kansas City 33,PASEO ACAD. OF PERFORMING ARTS,2021-2022,Pre-Reform,Spring,ENG101,English I,General Education,77,8,14,22,15,18,10.4,18.2,28.6,19.5,23.4,23.4,38.5,29.5,76.6,,,Baseline_2022_Pre_Policy,TRADITIONAL_PCT,0_NO_FLOOR,TRUE_ZERO_ALLOWED,TEACHER_DISCRETION,Unspecified,Unspecified,Unspecified,BOARD_POLICY_MANUAL
048-078,Kansas City 33,PASEO ACAD. OF PERFORMING ARTS,2021-2022,Pre-Reform,Spring,ENG101,English I,Honors / AP / IB,36,9,15,8,3,1,25.0,41.7,22.2,8.3,2.8,2.8,18.0,17.5,97.2,,,Baseline_2022_Pre_Policy,TRADITIONAL_PCT,0_NO_FLOOR,TRUE_ZERO_ALLOWED,TEACHER_DISCRETION,Unspecified,Unspecified,Unspecified,BOARD_POLICY_MANUAL
048-078,Kansas City 33,PASEO ACAD. OF PERFORMING ARTS,2021-2022,Pre-Reform,Spring,SCI101,Biology,General Education,78,7,14,22,15,20,9.0,17.9,28.2,19.2,25.6,25.6,39.0,29.0,74.4,16.9,51.1,Baseline_2022_Pre_Policy,TRADITIONAL_PCT,0_NO_FLOOR,TRUE_ZERO_ALLOWED,TEACHER_DISCRETION,Unspecified,Unspecified,Unspecified,BOARD_POLICY_MANUAL
048-078,Kansas City 33,PASEO ACAD. OF PERFORMING ARTS,2021-2022,Pre-Reform,Spring,SCI101,Biology,Honors / AP / IB,42,11,17,9,3,2,26.2,40.5,21.4,7.1,4.8,4.8,21.0,20.0,95.2,73.5,7.8,Baseline_2022_Pre_Policy,TRADITIONAL_PCT,0_NO_FLOOR,TRUE_ZERO_ALLOWED,TEACHER_DISCRETION,Unspecified,Unspecified,Unspecified,BOARD_POLICY_MANUAL
048-078,Kansas City 33,PASEO ACAD. OF PERFORMING ARTS,2022-2023,Pre-Reform,Fall,MATH101,Algebra I,General Education,65,6,11,18,12,18,9.2,16.9,27.7,18.5,27.7,27.7,32.5,23.5,72.3,,,Baseline_2022_Pre_Policy,TRADITIONAL_PCT,0_NO_FLOOR,TRUE_ZERO_ALLOWED,TEACHER_DISCRETION,Unspecified,Unspecified,Unspecified,BOARD_POLICY_MANUAL
048-078,Kansas City 33,PASEO ACAD. OF PERFORMING ARTS,2022-2023,Pre-Reform,Fall,MATH101,Algebra I,Honors / AP / IB,42,11,17,9,3,2,26.2,40.5,21.4,7.1,4.8,4.8,21.0,20.0,95.2,,,Baseline_2022_Pre_Policy,TRADITIONAL_PCT,0_NO_FLOOR,TRUE_ZERO_ALLOWED,TEACHER_DISCRETION,Unspecified,Unspecified,Unspecified,BOARD_POLICY_MANUAL
048-078,Kansas City 33,PASEO ACAD. OF PERFORMING ARTS,2022-2023,Pre-Reform,Fall,MATH201,Geometry,General Education,76,6,14,22,15,19,7.9,18.4,28.9,19.7,25.0,25.0,38.0,28.5,75.0,,,Baseline_2022_Pre_Policy,TRADITIONAL_PCT,0_NO_FLOOR,TRUE_ZERO_ALLOWED,TEACHER_DISCRETION,Unspecified,Unspecified,Unspecified,BOARD_POLICY_MANUAL
048-078,Kansas City 33,PASEO ACAD. OF PERFORMING ARTS,2022-2023,Pre-Reform,Fall,MATH201,Geometry,Honors / AP / IB,35,9,14,7,3,2,25.7,40.0,20.0,8.6,5.7,5.7,17.5,16.5,94.3,,,Baseline_2022_Pre_Policy,TRADITIONAL_PCT,0_NO_FLOOR,TRUE_ZERO_ALLOWED,TEACHER_DISCRETION,Unspecified,Unspecified,Unspecified,BOARD_POLICY_MANUAL
048-078,Kansas City 33,PASEO ACAD. OF PERFORMING ARTS,2022-2023,Pre-Reform,Fall,ENG101,English I,General Education,72,7,13,21,15,16,9.7,18.1,29.2,20.8,22.2,22.2,36.0,28.0,77.8,,,Baseline_2022_Pre_Policy,TRADITIONAL_PCT,0_NO_FLOOR,TRUE_ZERO_ALLOWED,TEACHER_DISCRETION,Unspecified,Unspecified,Unspecified,BOARD_POLICY_MANUAL
048-078,Kansas City 33,PASEO ACAD. OF PERFORMING ARTS,2022-2023,Pre-Reform,Fall,ENG101,English I,Honors / AP / IB,41,11,16,9,3,2,26.8,39.0,22.0,7.3,4.9,4.9,20.5,19.5,95.1,,,Baseline_2022_Pre_Policy,TRADITIONAL_PCT,0_NO_FLOOR,TRUE_ZERO_ALLOWED,TEACHER_DISCRETION,Unspecified,Unspecified,Unspecified,BOARD_POLICY_MANUAL
048-078,Kansas City 33,PASEO ACAD. OF PERFORMING ARTS,2022-2023,Pre-Reform,Fall,SCI101,Biology,General Education,69,6,12,20,14,17,8.7,17.4,29.0,20.3,24.6,24.6,34.5,26.0,75.4,,,Baseline_2022_Pre_Policy,TRADITIONAL_PCT,0_NO_FLOOR,TRUE_ZERO_ALLOWED,TEACHER_DISCRETION,Unspecified,Unspecified,Unspecified,BOARD_POLICY_MANUAL
048-078,Kansas City 33,PASEO ACAD. OF PERFORMING ARTS,2022-2023,Pre-Reform,Fall,SCI101,Biology,Honors / AP / IB,37,9,15,8,3,2,24.3,40.5,21.6,8.1,5.4,5.4,18.5,17.5,94.6,,,Baseline_2022_Pre_Policy,TRADITIONAL_PCT,0_NO_FLOOR,TRUE_ZERO_ALLOWED,TEACHER_DISCRETION,Unspecified,Unspecified,Unspecified,BOARD_POLICY_MANUAL
048-078,Kansas City 33,PASEO ACAD. OF PERFORMING ARTS,2022-2023,Pre-Reform,Spring,MATH101,Algebra I,General Education,70,5,12,19,13,21,7.1,17.1,27.1,18.6,30.0,30.0,35.0,24.5,70.0,14.4,51.5,Baseline_2022_Pre_Policy,TRADITIONAL_PCT,0_NO_FLOOR,TRUE_ZERO_ALLOWED,TEACHER_DISCRETION,Unspecified,Unspecified,Unspecified,BOARD_POLICY_MANUAL
048-078,Kansas City 33,PASEO ACAD. OF PERFORMING ARTS,2022-2023,Pre-Reform,Spring,MATH101,Algebra I,Honors / AP / IB,35,9,14,7,3,2,25.7,40.0,20.0,8.6,5.7,5.7,17.5,16.5,94.3,70.6,8.4,Baseline_2022_Pre_Policy,TRADITIONAL_PCT,0_NO_FLOOR,TRUE_ZERO_ALLOWED,TEACHER_DISCRETION,Unspecified,Unspecified,Unspecified,BOARD_POLICY_MANUAL
048-078,Kansas City 33,PASEO ACAD. OF PERFORMING ARTS,2022-2023,Pre-Reform,Spring,MATH201,Geometry,General Education,67,6,12,19,13,17,9.0,17.9,28.4,19.4,25.4,25.4,33.5,25.0,74.6,14.8,50.9,Baseline_2022_Pre_Policy,TRADITIONAL_PCT,0_NO_FLOOR,TRUE_ZERO_ALLOWED,TEACHER_DISCRETION,Unspecified,Unspecified,Unspecified,BOARD_POLICY_MANUAL
048-078,Kansas City 33,PASEO ACAD. OF PERFORMING ARTS,2022-2023,Pre-Reform,Spring,MATH201,Geometry,Honors / AP / IB,35,9,14,7,3,2,25.7,40.0,20.0,8.6,5.7,5.7,17.5,16.5,94.3,70.3,7.7,Baseline_2022_Pre_Policy,TRADITIONAL_PCT,0_NO_FLOOR,TRUE_ZERO_ALLOWED,TEACHER_DISCRETION,Unspecified,Unspecified,Unspecified,BOARD_POLICY_MANUAL
048-078,Kansas City 33,PASEO ACAD. OF PERFORMING ARTS,2022-2023,Pre-Reform,Spring,ENG101,English I,General Education,66,7,12,19,13,15,10.6,18.2,28.8,19.7,22.7,22.7,33.0,25.5,77.3,,,Baseline_2022_Pre_Policy,TRADITIONAL_PCT,0_NO_FLOOR,TRUE_ZERO_ALLOWED,TEACHER_DISCRETION,Unspecified,Unspecified,Unspecified,BOARD_POLICY_MANUAL
048-078,Kansas City 33,PASEO ACAD. OF PERFORMING ARTS,2022-2023,Pre-Reform,Spring,ENG101,English I,Honors / AP / IB,38,10,15,8,3,2,26.3,39.5,21.1,7.9,5.3,5.3,19.0,18.0,94.7,,,Baseline_2022_Pre_Policy,TRADITIONAL_PCT,0_NO_FLOOR,TRUE_ZERO_ALLOWED,TEACHER_DISCRETION,Unspecified,Unspecified,Unspecified,BOARD_POLICY_MANUAL
048-078,Kansas City 33,PASEO ACAD. OF PERFORMING ARTS,2022-2023,Pre-Reform,Spring,SCI101,Biology,General Education,73,7,13,21,14,18,9.6,17.8,28.8,19.2,24.7,24.7,36.5,27.5,75.3,16.5,53.0,Baseline_2022_Pre_Policy,TRADITIONAL_PCT,0_NO_FLOOR,TRUE_ZERO_ALLOWED,TEACHER_DISCRETION,Unspecified,Unspecified,Unspecified,BOARD_POLICY_MANUAL
048-078,Kansas City 33,PASEO ACAD. OF PERFORMING ARTS,2022-2023,Pre-Reform,Spring,SCI101,Biology,Honors / AP / IB,40,11,16,8,3,2,27.5,40.0,20.0,7.5,5.0,5.0,20.0,19.0,95.0,69.7,8.4,Baseline_2022_Pre_Policy,TRADITIONAL_PCT,0_NO_FLOOR,TRUE_ZERO_ALLOWED,TEACHER_DISCRETION,Unspecified,Unspecified,Unspecified,BOARD_POLICY_MANUAL
048-078,Kansas City 33,PASEO ACAD. OF PERFORMING ARTS,2023-2024,Initial 40% Floor,Fall,MATH101,Algebra I,General Education,68,5,12,21,21,9,7.4,17.6,30.9,30.9,13.2,13.2,34.0,29.5,86.8,,,Case_A_Active_Policy_Floor_2023_24,TRADITIONAL_PCT,40_PCT_MINIMUM,FLOOR_40_UNSUBMITTED,UNIVERSAL_MANDATORY,Unspecified,Unspecified,Unspecified,SECONDARY_JOURNALISTIC_RECORD
048-078,Kansas City 33,PASEO ACAD. OF PERFORMING ARTS,2023-2024,Initial 40% Floor,Fall,MATH101,Algebra I,Honors / AP / IB,35,9,14,7,3,2,25.7,40.0,20.0,8.6,5.7,5.7,17.5,16.5,94.3,,,UNVERIFIED,UNVERIFIED,UNVERIFIED,UNVERIFIED,UNVERIFIED,,,,UNVERIFIED
048-078,Kansas City 33,PASEO ACAD. OF PERFORMING ARTS,2023-2024,Initial 40% Floor,Fall,MATH201,Geometry,General Education,70,6,12,22,22,8,8.6,17.1,31.4,31.4,11.4,11.4,35.0,31.0,88.6,,,Case_A_Active_Policy_Floor_2023_24,TRADITIONAL_PCT,40_PCT_MINIMUM,FLOOR_40_UNSUBMITTED,UNIVERSAL_MANDATORY,Unspecified,Unspecified,Unspecified,SECONDARY_JOURNALISTIC_RECORD
048-078,Kansas City 33,PASEO ACAD. OF PERFORMING ARTS,2023-2024,Initial 40% Floor,Fall,MATH201,Geometry,Honors / AP / IB,35,9,14,7,3,2,25.7,40.0,20.0,8.6,5.7,5.7,17.5,16.5,94.3,,,UNVERIFIED,UNVERIFIED,UNVERIFIED,UNVERIFIED,UNVERIFIED,,,,UNVERIFIED
048-078,Kansas City 33,PASEO ACAD. OF PERFORMING ARTS,2023-2024,Initial 40% Floor,Fall,ENG101,English I,General Education,74,7,13,23,23,8,9.5,17.6,31.1,31.1,10.8,10.8,37.0,33.0,89.2,,,Case_A_Active_Policy_Floor_2023_24,TRADITIONAL_PCT,40_PCT_MINIMUM,FLOOR_40_UNSUBMITTED,UNIVERSAL_MANDATORY,Unspecified,Unspecified,Unspecified,SECONDARY_JOURNALISTIC_RECORD
048-078,Kansas City 33,PASEO ACAD. OF PERFORMING ARTS,2023-2024,Initial 40% Floor,Fall,ENG101,English I,Honors / AP / IB,38,10,16,8,3,1,26.3,42.1,21.1,7.9,2.6,2.6,19.0,18.5,97.4,,,UNVERIFIED,UNVERIFIED,UNVERIFIED,UNVERIFIED,UNVERIFIED,,,,UNVERIFIED
048-078,Kansas City 33,PASEO ACAD. OF PERFORMING ARTS,2023-2024,Initial 40% Floor,Fall,SCI101,Biology,General Education,66,5,12,21,21,7,7.6,18.2,31.8,31.8,10.6,10.6,33.0,29.5,89.4,,,Case_A_Active_Policy_Floor_2023_24,TRADITIONAL_PCT,40_PCT_MINIMUM,FLOOR_40_UNSUBMITTED,UNIVERSAL_MANDATORY,Unspecified,Unspecified,Unspecified,SECONDARY_JOURNALISTIC_RECORD
048-078,Kansas City 33,PASEO ACAD. OF PERFORMING ARTS,2023-2024,Initial 40% Floor,Fall,SCI101,Biology,Honors / AP / IB,38,10,15,8,3,2,26.3,39.5,21.1,7.9,5.3,5.3,19.0,18.0,94.7,,,UNVERIFIED,UNVERIFIED,UNVERIFIED,UNVERIFIED,UNVERIFIED,,,,UNVERIFIED
048-078,Kansas City 33,PASEO ACAD. OF PERFORMING ARTS,2023-2024,Initial 40% Floor,Spring,MATH101,Algebra I,General Education,78,8,13,23,23,11,10.3,16.7,29.5,29.5,14.1,14.1,39.0,33.5,85.9,13.8,53.1,Case_A_Active_Policy_Floor_2023_24,TRADITIONAL_PCT,40_PCT_MINIMUM,FLOOR_40_UNSUBMITTED,UNIVERSAL_MANDATORY,Unspecified,Unspecified,Unspecified,SECONDARY_JOURNALISTIC_RECORD
048-078,Kansas City 33,PASEO ACAD. OF PERFORMING ARTS,2023-2024,Initial 40% Floor,Spring,MATH101,Algebra I,Honors / AP / IB,35,9,14,7,3,2,25.7,40.0,20.0,8.6,5.7,5.7,17.5,16.5,94.3,70.0,7.9,UNVERIFIED,UNVERIFIED,UNVERIFIED,UNVERIFIED,UNVERIFIED,,,,UNVERIFIED
048-078,Kansas City 33,PASEO ACAD. OF PERFORMING ARTS,2023-2024,Initial 40% Floor,Spring,MATH201,Geometry,General Education,69,7,12,21,21,8,10.1,17.4,30.4,30.4,11.6,11.6,34.5,30.5,88.4,16.0,51.7,Case_A_Active_Policy_Floor_2023_24,TRADITIONAL_PCT,40_PCT_MINIMUM,FLOOR_40_UNSUBMITTED,UNIVERSAL_MANDATORY,Unspecified,Unspecified,Unspecified,SECONDARY_JOURNALISTIC_RECORD
048-078,Kansas City 33,PASEO ACAD. OF PERFORMING ARTS,2023-2024,Initial 40% Floor,Spring,MATH201,Geometry,Honors / AP / IB,39,10,16,8,3,2,25.6,41.0,20.5,7.7,5.1,5.1,19.5,18.5,94.9,69.2,7.7,UNVERIFIED,UNVERIFIED,UNVERIFIED,UNVERIFIED,UNVERIFIED,,,,UNVERIFIED
048-078,Kansas City 33,PASEO ACAD. OF PERFORMING ARTS,2023-2024,Initial 40% Floor,Spring,ENG101,English I,General Education,64,6,11,20,20,7,9.4,17.2,31.2,31.2,10.9,10.9,32.0,28.5,89.1,,,Case_A_Active_Policy_Floor_2023_24,TRADITIONAL_PCT,40_PCT_MINIMUM,FLOOR_40_UNSUBMITTED,UNIVERSAL_MANDATORY,Unspecified,Unspecified,Unspecified,SECONDARY_JOURNALISTIC_RECORD
048-078,Kansas City 33,PASEO ACAD. OF PERFORMING ARTS,2023-2024,Initial 40% Floor,Spring,ENG101,English I,Honors / AP / IB,36,10,14,7,3,2,27.8,38.9,19.4,8.3,5.6,5.6,18.0,17.0,94.4,,,UNVERIFIED,UNVERIFIED,UNVERIFIED,UNVERIFIED,UNVERIFIED,,,,UNVERIFIED
048-078,Kansas City 33,PASEO ACAD. OF PERFORMING ARTS,2023-2024,Initial 40% Floor,Spring,SCI101,Biology,General Education,67,5,12,21,21,8,7.5,17.9,31.3,31.3,11.9,11.9,33.5,29.5,88.1,16.1,53.6,Case_A_Active_Policy_Floor_2023_24,TRADITIONAL_PCT,40_PCT_MINIMUM,FLOOR_40_UNSUBMITTED,UNIVERSAL_MANDATORY,Unspecified,Unspecified,Unspecified,SECONDARY_JOURNALISTIC_RECORD
048-078,Kansas City 33,PASEO ACAD. OF PERFORMING ARTS,2023-2024,Initial 40% Floor,Spring,SCI101,Biology,Honors / AP / IB,35,10,14,7,3,1,28.6,40.0,20.0,8.6,2.9,2.9,17.5,17.0,97.1,70.3,7.8,UNVERIFIED,UNVERIFIED,UNVERIFIED,UNVERIFIED,UNVERIFIED,,,,UNVERIFIED
048-078,Kansas City 33,PASEO ACAD. OF PERFORMING ARTS,2024-2025,Revised Missing-Work & Exemption,Fall,MATH101,Algebra I,General Education,69,7,12,20,17,13,10.1,17.4,29.0,24.6,18.8,18.8,34.5,28.0,81.2,,,Case_A_General_Track_Floor_2024_25,TRADITIONAL_PCT,40_PCT_MINIMUM,TRUE_ZERO_ALLOWED,UNIVERSAL_MANDATORY,10.0,40.0,50.0,PRIMARY_POLICY_DOCUMENT
048-078,Kansas City 33,PASEO ACAD. OF PERFORMING ARTS,2024-2025,Revised Missing-Work & Exemption,Fall,MATH101,Algebra I,Honors / AP / IB,40,11,16,8,3,2,27.5,40.0,20.0,7.5,5.0,5.0,20.0,19.0,95.0,,,Case_A_Honors_Exemption_Track_2024_25,TRADITIONAL_PCT,0_NO_FLOOR,TRUE_ZERO_ALLOWED,TEACHER_DISCRETION,10.0,40.0,50.0,PRIMARY_POLICY_DOCUMENT
048-078,Kansas City 33,PASEO ACAD. OF PERFORMING ARTS,2024-2025,Revised Missing-Work & Exemption,Fall,MATH201,Geometry,General Education,71,7,13,21,18,12,9.9,18.3,29.6,25.4,16.9,16.9,35.5,29.5,83.1,,,Case_A_General_Track_Floor_2024_25,TRADITIONAL_PCT,40_PCT_MINIMUM,TRUE_ZERO_ALLOWED,UNIVERSAL_MANDATORY,10.0,40.0,50.0,PRIMARY_POLICY_DOCUMENT
048-078,Kansas City 33,PASEO ACAD. OF PERFORMING ARTS,2024-2025,Revised Missing-Work & Exemption,Fall,MATH201,Geometry,Honors / AP / IB,38,10,15,8,3,2,26.3,39.5,21.1,7.9,5.3,5.3,19.0,18.0,94.7,,,Case_A_Honors_Exemption_Track_2024_25,TRADITIONAL_PCT,0_NO_FLOOR,TRUE_ZERO_ALLOWED,TEACHER_DISCRETION,10.0,40.0,50.0,PRIMARY_POLICY_DOCUMENT
048-078,Kansas City 33,PASEO ACAD. OF PERFORMING ARTS,2024-2025,Revised Missing-Work & Exemption,Fall,ENG101,English I,General Education,78,7,15,24,20,12,9.0,19.2,30.8,25.6,15.4,15.4,39.0,33.0,84.6,,,Case_A_General_Track_Floor_2024_25,TRADITIONAL_PCT,40_PCT_MINIMUM,TRUE_ZERO_ALLOWED,UNIVERSAL_MANDATORY,10.0,40.0,50.0,PRIMARY_POLICY_DOCUMENT
048-078,Kansas City 33,PASEO ACAD. OF PERFORMING ARTS,2024-2025,Revised Missing-Work & Exemption,Fall,ENG101,English I,Honors / AP / IB,40,11,16,8,3,2,27.5,40.0,20.0,7.5,5.0,5.0,20.0,19.0,95.0,,,Case_A_Honors_Exemption_Track_2024_25,TRADITIONAL_PCT,0_NO_FLOOR,TRUE_ZERO_ALLOWED,TEACHER_DISCRETION,10.0,40.0,50.0,PRIMARY_POLICY_DOCUMENT
048-078,Kansas City 33,PASEO ACAD. OF PERFORMING ARTS,2024-2025,Revised Missing-Work & Exemption,Fall,SCI101,Biology,General Education,72,8,13,22,18,11,11.1,18.1,30.6,25.0,15.3,15.3,36.0,30.5,84.7,,,Case_A_General_Track_Floor_2024_25,TRADITIONAL_PCT,40_PCT_MINIMUM,TRUE_ZERO_ALLOWED,UNIVERSAL_MANDATORY,10.0,40.0,50.0,PRIMARY_POLICY_DOCUMENT
048-078,Kansas City 33,PASEO ACAD. OF PERFORMING ARTS,2024-2025,Revised Missing-Work & Exemption,Fall,SCI101,Biology,Honors / AP / IB,35,10,14,7,3,1,28.6,40.0,20.0,8.6,2.9,2.9,17.5,17.0,97.1,,,Case_A_Honors_Exemption_Track_2024_25,TRADITIONAL_PCT,0_NO_FLOOR,TRUE_ZERO_ALLOWED,TEACHER_DISCRETION,10.0,40.0,50.0,PRIMARY_POLICY_DOCUMENT
048-078,Kansas City 33,PASEO ACAD. OF PERFORMING ARTS,2024-2025,Revised Missing-Work & Exemption,Spring,MATH101,Algebra I,General Education,78,7,14,23,19,15,9.0,17.9,29.5,24.4,19.2,19.2,39.0,31.5,80.8,13.6,52.9,Case_A_General_Track_Floor_2024_25,TRADITIONAL_PCT,40_PCT_MINIMUM,TRUE_ZERO_ALLOWED,UNIVERSAL_MANDATORY,10.0,40.0,50.0,PRIMARY_POLICY_DOCUMENT
048-078,Kansas City 33,PASEO ACAD. OF PERFORMING ARTS,2024-2025,Revised Missing-Work & Exemption,Spring,MATH101,Algebra I,Honors / AP / IB,41,11,16,9,3,2,26.8,39.0,22.0,7.3,4.9,4.9,20.5,19.5,95.1,72.5,8.2,Case_A_Honors_Exemption_Track_2024_25,TRADITIONAL_PCT,0_NO_FLOOR,TRUE_ZERO_ALLOWED,TEACHER_DISCRETION,10.0,40.0,50.0,PRIMARY_POLICY_DOCUMENT
048-078,Kansas City 33,PASEO ACAD. OF PERFORMING ARTS,2024-2025,Revised Missing-Work & Exemption,Spring,MATH201,Geometry,General Education,76,7,14,23,19,13,9.2,18.4,30.3,25.0,17.1,17.1,38.0,31.5,82.9,15.0,52.5,Case_A_General_Track_Floor_2024_25,TRADITIONAL_PCT,40_PCT_MINIMUM,TRUE_ZERO_ALLOWED,UNIVERSAL_MANDATORY,10.0,40.0,50.0,PRIMARY_POLICY_DOCUMENT
048-078,Kansas City 33,PASEO ACAD. OF PERFORMING ARTS,2024-2025,Revised Missing-Work & Exemption,Spring,MATH201,Geometry,Honors / AP / IB,35,10,14,7,3,1,28.6,40.0,20.0,8.6,2.9,2.9,17.5,17.0,97.1,71.0,7.7,Case_A_Honors_Exemption_Track_2024_25,TRADITIONAL_PCT,0_NO_FLOOR,TRUE_ZERO_ALLOWED,TEACHER_DISCRETION,10.0,40.0,50.0,PRIMARY_POLICY_DOCUMENT
048-078,Kansas City 33,PASEO ACAD. OF PERFORMING ARTS,2024-2025,Revised Missing-Work & Exemption,Spring,ENG101,English I,General Education,68,6,13,21,17,11,8.8,19.1,30.9,25.0,16.2,16.2,34.0,28.5,83.8,,,Case_A_General_Track_Floor_2024_25,TRADITIONAL_PCT,40_PCT_MINIMUM,TRUE_ZERO_ALLOWED,UNIVERSAL_MANDATORY,10.0,40.0,50.0,PRIMARY_POLICY_DOCUMENT
048-078,Kansas City 33,PASEO ACAD. OF PERFORMING ARTS,2024-2025,Revised Missing-Work & Exemption,Spring,ENG101,English I,Honors / AP / IB,37,9,15,8,3,2,24.3,40.5,21.6,8.1,5.4,5.4,18.5,17.5,94.6,,,Case_A_Honors_Exemption_Track_2024_25,TRADITIONAL_PCT,0_NO_FLOOR,TRUE_ZERO_ALLOWED,TEACHER_DISCRETION,10.0,40.0,50.0,PRIMARY_POLICY_DOCUMENT
048-078,Kansas City 33,PASEO ACAD. OF PERFORMING ARTS,2024-2025,Revised Missing-Work & Exemption,Spring,SCI101,Biology,General Education,75,7,14,23,19,12,9.3,18.7,30.7,25.3,16.0,16.0,37.5,31.5,84.0,15.7,54.0,Case_A_General_Track_Floor_2024_25,TRADITIONAL_PCT,40_PCT_MINIMUM,TRUE_ZERO_ALLOWED,UNIVERSAL_MANDATORY,10.0,40.0,50.0,PRIMARY_POLICY_DOCUMENT
048-078,Kansas City 33,PASEO ACAD. OF PERFORMING ARTS,2024-2025,Revised Missing-Work & Exemption,Spring,SCI101,Biology,Honors / AP / IB,42,11,17,9,3,2,26.2,40.5,21.4,7.1,4.8,4.8,21.0,20.0,95.2,70.7,7.9,Case_A_Honors_Exemption_Track_2024_25,TRADITIONAL_PCT,0_NO_FLOOR,TRUE_ZERO_ALLOWED,TEACHER_DISCRETION,10.0,40.0,50.0,PRIMARY_POLICY_DOCUMENT
