school_year,nces_lea_id,district_name,state,dep_var_name,model_name,school_administrators_fte,pred_peer,residual_peer,z_residual,enrollment_total,operating_schools_count,lea_administrators_fte,instructional_coordinators_fte,central_mgmt_and_coordinators_fte
2014-2015,2003780,Basehor-Linwood,KS,school_administrators_fte,Model 1: SCHADM (Peer),9.9,8.339802674742558,1.5601973252574428,0.25676385362006343,2414.0,5.0,,,
2014-2015,2012000,Blue Valley,KS,school_administrators_fte,Model 1: SCHADM (Peer),66.0,70.01866985925878,-4.018669859258779,-0.66135811335263,22398.0,34.0,,,
2014-2015,2004050,Bonner Springs,KS,school_administrators_fte,Model 1: SCHADM (Peer),10.3,8.625770665743419,1.674229334256582,0.2755302606588817,2660.0,5.0,,,
2014-2015,2005490,De Soto,KS,school_administrators_fte,Model 1: SCHADM (Peer),26.0,23.054917525674746,2.945082474325254,0.4846763374702538,7089.0,12.0,,,
2014-2015,2005640,Easton,KS,school_administrators_fte,Model 1: SCHADM (Peer),4.1,3.624827019117535,0.47517298088246473,0.07819988134345915,639.0,3.0,,,
2014-2015,2006330,Ft Leavenworth,KS,school_administrators_fte,Model 1: SCHADM (Peer),6.0,6.26421418765244,-0.2642141876524402,-0.043482098004200186,1769.0,4.0,,,
2014-2015,2006420,Gardner Edgerton,KS,school_administrators_fte,Model 1: SCHADM (Peer),22.0,20.149324381777248,1.850675618222752,0.3045682721300385,5730.0,11.0,,,
2014-2015,2007950,Kansas City,KS,school_administrators_fte,Model 1: SCHADM (Peer),93.7,81.63811430266642,12.06188569733358,1.9850413812631431,22129.0,43.0,,,
2014-2015,2008340,Lansing,KS,school_administrators_fte,Model 1: SCHADM (Peer),8.0,5.79167391027854,2.20832608972146,0.36342730990969124,2503.0,3.0,,,
2014-2015,2008430,Leavenworth,KS,school_administrators_fte,Model 1: SCHADM (Peer),19.0,12.72463642205764,6.275363577942359,1.0327453515366054,3905.0,7.0,,,
2014-2015,2008970,Louisburg,KS,school_administrators_fte,Model 1: SCHADM (Peer),5.0,7.609770567634664,-2.609770567634664,-0.4294935885110088,1786.0,5.0,,,
2014-2015,2010140,Olathe,KS,school_administrators_fte,Model 1: SCHADM (Peer),90.0,96.5985194231796,-6.598519423179596,-1.0859275604788432,29296.0,48.0,,,
2014-2015,2010260,Osawatomie,KS,school_administrators_fte,Model 1: SCHADM (Peer),6.0,5.69692809168325,0.3030719083167499,0.04987696738331146,1281.0,4.0,,,
2014-2015,2010500,Paola,KS,school_administrators_fte,Model 1: SCHADM (Peer),8.0,6.561806893734639,1.438193106265361,0.2366854488444726,2025.0,4.0,,,
2014-2015,2010680,Piper-Kansas City,KS,school_administrators_fte,Model 1: SCHADM (Peer),7.0,6.593193624454246,0.40680637554575405,0.06694869358598797,2052.0,4.0,,,
2014-2015,2011640,Shawnee Mission Pub Sch,KS,school_administrators_fte,Model 1: SCHADM (Peer),68.0,87.84687462760792,-19.846874627607917,-3.2662278861797196,27470.0,43.0,,,
2014-2015,2011850,Spring Hill,KS,school_administrators_fte,Model 1: SCHADM (Peer),10.0,12.078302263535367,-2.0783022635353667,-0.3420291071737278,3349.0,7.0,,,
2014-2015,2012210,Tonganoxie,KS,school_administrators_fte,Model 1: SCHADM (Peer),6.5,5.1895136690653425,1.3104863309346575,0.2156685664050078,1985.0,3.0,,,
2014-2015,2012360,Turner-Kansas City,KS,school_administrators_fte,Model 1: SCHADM (Peer),16.0,13.093139890135987,2.906860109864013,0.4783860295491584,4222.0,7.0,,,
2014-2015,2903200,ARCHIE R-V,MO,school_administrators_fte,Model 1: SCHADM (Peer),2.0,0.6853222935484236,1.3146777064515764,0.21635834692973427,544.0,2.0,,,
2014-2015,2904620,BELTON 124,MO,school_administrators_fte,Model 1: SCHADM (Peer),14.1,15.11214421046348,-1.0121442104634806,-0.1665699868155828,4971.0,9.0,,,
2014-2015,2905310,BLUE SPRINGS R-IV,MO,school_administrators_fte,Model 1: SCHADM (Peer),48.0,43.38513791666327,4.614862083336732,0.7594743006286928,14466.0,22.0,,,
2014-2015,2908250,CENTER 58,MO,school_administrators_fte,Model 1: SCHADM (Peer),10.8,11.073141346135738,-0.2731413461357377,-0.04495125294822003,2637.0,8.0,,,
2014-2015,2911070,DREXEL R-IV,MO,school_administrators_fte,Model 1: SCHADM (Peer),2.0,0.4435282198566375,1.5564717801433625,0.25615073545555894,336.0,2.0,,,
2014-2015,2911160,EAST LYNNE 40,MO,school_administrators_fte,Model 1: SCHADM (Peer),0.0,-1.0333874405446817,1.0333874405446817,0.17006601486965398,206.0,1.0,,,
2014-2015,2911650,EXCELSIOR SPRINGS 40,MO,school_administrators_fte,Model 1: SCHADM (Peer),10.0,10.020527786203179,-0.020527786203178522,-0.0033782864554950907,2872.0,7.0,,,
2014-2015,2912290,FORT OSAGE R-I,MO,school_administrators_fte,Model 1: SCHADM (Peer),13.9,19.230186355979505,-5.330186355979505,-0.8771962155803292,5092.0,12.0,,,
2014-2015,2913080,GRAIN VALLEY R-V,MO,school_administrators_fte,Model 1: SCHADM (Peer),11.0,12.684326856408887,-1.6843268564088874,-0.27719202398706333,4023.0,8.0,,,
2014-2015,2913140,GRANDVIEW C-4,MO,school_administrators_fte,Model 1: SCHADM (Peer),16.0,14.405361533518262,1.5946384664817383,0.2624318803501847,4363.0,9.0,,,
2014-2015,2913680,HARDIN-CENTRAL C-2,MO,school_administrators_fte,Model 1: SCHADM (Peer),1.83,0.3272810690432788,1.5027189309567213,0.24730455396505888,236.0,2.0,,,
2014-2015,2913760,HARRISONVILLE R-IX,MO,school_administrators_fte,Model 1: SCHADM (Peer),8.5,9.714797779564044,-1.2147977795640443,-0.19992096781635754,2609.0,7.0,,,
2014-2015,2914340,HICKMAN MILLS C-1,MO,school_administrators_fte,Model 1: SCHADM (Peer),23.64,25.12216002290738,-1.4821600229073795,-0.24392114574385934,6739.0,15.0,,,
2014-2015,2915480,INDEPENDENCE 30,MO,school_administrators_fte,Model 1: SCHADM (Peer),50.0,54.68781326478691,-4.687813264786911,-0.7714799784824179,15065.0,30.0,,,
2014-2015,2916400,KANSAS CITY 33,MO,school_administrators_fte,Model 1: SCHADM (Peer),67.5,64.34152716930546,3.158472830694535,0.5197942865525562,15386.0,37.0,,,
2014-2015,2916450,KEARNEY R-I,MO,school_administrators_fte,Model 1: SCHADM (Peer),11.0,10.751722364819205,0.24827763518079493,0.04085939729846555,3501.0,7.0,,,
2014-2015,2918220,LAWSON R-XIV,MO,school_administrators_fte,Model 1: SCHADM (Peer),5.5,2.7132494488050627,2.7867505511949373,0.45861943167001623,1148.0,3.0,,,
2014-2015,2918300,LEE'S SUMMIT R-VII,MO,school_administrators_fte,Model 1: SCHADM (Peer),53.5,53.94558837889082,-0.44558837889081815,-0.07333110206008385,17848.0,27.0,,,
2014-2015,2918540,LIBERTY 53,MO,school_administrators_fte,Model 1: SCHADM (Peer),34.1,37.87735669249115,-3.7773566924911464,-0.621644868351204,12009.0,20.0,,,
2014-2015,2919230,LONE JACK C-6,MO,school_administrators_fte,Model 1: SCHADM (Peer),2.0,0.7550705840364387,1.2449294159635613,0.20487977331651563,604.0,2.0,,,
2014-2015,2931800,MIDWAY R-I,MO,school_administrators_fte,Model 1: SCHADM (Peer),2.0,0.5609378421781299,1.43906215782187,0.2368284698733075,437.0,2.0,,,
2014-2015,2921060,MISSOURI CITY 56,MO,school_administrators_fte,Model 1: SCHADM (Peer),0.45,-1.2275201824029907,1.6775201824029906,0.27607184013608715,39.0,1.0,,,
2014-2015,2922800,NORTH KANSAS CITY 74,MO,school_administrators_fte,Model 1: SCHADM (Peer),53.35,62.915777817991625,-9.565777817991624,-1.5742534201663054,19862.0,32.0,,,
2014-2015,2922830,NORTH PLATTE CO. R-I,MO,school_administrators_fte,Model 1: SCHADM (Peer),2.59,4.735941091592698,-2.1459410915926984,-0.35316052360753025,607.0,5.0,,,
2014-2015,2923010,OAK GROVE R-VI,MO,school_administrators_fte,Model 1: SCHADM (Peer),6.0,5.032956952603232,0.9670430473967677,0.15914762539739152,2003.0,4.0,,,
2014-2015,2923220,ORRICK R-XI,MO,school_administrators_fte,Model 1: SCHADM (Peer),2.0,0.4586403494623741,1.541359650537626,0.2536637111726949,349.0,2.0,,,
2014-2015,2923550,PARK HILL,MO,school_administrators_fte,Model 1: SCHADM (Peer),34.0,32.638692013134346,1.3613079868656541,0.22403235732616097,10924.0,17.0,,,
2014-2015,2925230,PLATTE CO. R-III,MO,school_administrators_fte,Model 1: SCHADM (Peer),13.0,12.615741037429007,0.3842589625709927,0.0632380343310072,3964.0,8.0,,,
2014-2015,2925330,PLEASANT HILL R-III,MO,school_administrators_fte,Model 1: SCHADM (Peer),6.44,6.5993829191308375,-0.15938291913083713,-0.026229869680423904,2210.0,5.0,,,
2014-2015,2923730,RAYMORE-PECULIAR R-II,MO,school_administrators_fte,Model 1: SCHADM (Peer),20.12,17.675970730969706,2.4440292690302954,0.40221731143712697,6036.0,10.0,,,
2014-2015,2926070,RAYTOWN C-2,MO,school_administrators_fte,Model 1: SCHADM (Peer),28.95,33.185044840592326,-4.235044840592327,-0.6969672463352183,9113.0,19.0,,,
2014-2015,2926480,RICHMOND R-XVI,MO,school_administrators_fte,Model 1: SCHADM (Peer),6.0,4.548206333711526,1.4517936662884736,0.23892371200926116,1586.0,4.0,,,
2014-2015,2910320,SHERWOOD CASS R-VIII,MO,school_administrators_fte,Model 1: SCHADM (Peer),3.0,2.3307963226291126,0.6692036773708874,0.11013178415115796,819.0,3.0,,,
2014-2015,2928410,SMITHVILLE R-II,MO,school_administrators_fte,Model 1: SCHADM (Peer),7.5,5.685103468666174,1.814896531333826,0.29868005781260154,2564.0,4.0,,,
2014-2015,2929670,STRASBURG C-3,MO,school_administrators_fte,Model 1: SCHADM (Peer),0.0,-1.1031357310326968,1.1031357310326968,0.1815445884828726,146.0,1.0,,,
2014-2015,2931710,WEST PLATTE CO. R-II,MO,school_administrators_fte,Model 1: SCHADM (Peer),2.87,0.7446083404632367,2.1253916595367635,0.34977867486380493,595.0,2.0,,,
2015-2016,2003780,Basehor-Linwood,KS,school_administrators_fte,Model 1: SCHADM (Peer),11.3,8.037776543527556,3.2622234564724444,0.5368686719902016,2454.0,5.0,,,
2015-2016,2012000,Blue Valley,KS,school_administrators_fte,Model 1: SCHADM (Peer),66.0,69.92123871347529,-3.92123871347529,-0.6453237335668174,22614.0,34.0,,,
2015-2016,2004050,Bonner Springs,KS,school_administrators_fte,Model 1: SCHADM (Peer),11.3,8.402792597081502,2.8972074029184984,0.4767974700810241,2768.0,5.0,,,
2015-2016,2005490,De Soto,KS,school_administrators_fte,Model 1: SCHADM (Peer),22.0,22.665706031349725,-0.6657060313497247,-0.10955617165878016,7054.0,12.0,,,
2015-2016,2005640,Easton,KS,school_administrators_fte,Model 1: SCHADM (Peer),4.1,3.255377540430787,0.8446224595692127,0.13900069822082442,621.0,3.0,,,
2015-2016,2006330,Ft Leavenworth,KS,school_administrators_fte,Model 1: SCHADM (Peer),5.0,6.024961517876655,-1.0249615178766547,-0.16867934900404608,1863.0,4.0,,,
2015-2016,2007950,Kansas City,KS,school_administrators_fte,Model 1: SCHADM (Peer),93.0,81.2000790049998,11.799920995000207,1.941929484200731,22052.0,43.0,,,
2015-2016,2008340,Lansing,KS,school_administrators_fte,Model 1: SCHADM (Peer),7.0,5.602407515352498,1.397592484647502,0.2300037478203721,2640.0,3.0,,,
2015-2016,2008430,Leavenworth,KS,school_administrators_fte,Model 1: SCHADM (Peer),18.0,12.295900896456079,5.704099103543921,0.9387315588526706,3836.0,7.0,,,
2015-2016,2008970,Louisburg,KS,school_administrators_fte,Model 1: SCHADM (Peer),5.5,5.94591345532357,-0.44591345532356996,-0.07338460034279669,1795.0,4.0,,,
2015-2016,2010260,Osawatomie,KS,school_administrators_fte,Model 1: SCHADM (Peer),5.0,5.236805835362082,-0.2368058353620821,-0.03897146717467521,1185.0,4.0,,,
2015-2016,2010500,Paola,KS,school_administrators_fte,Model 1: SCHADM (Peer),6.0,6.20514460163736,-0.20514460163736015,-0.03376093370565794,2018.0,4.0,,,
2015-2016,2010680,Piper-Kansas City,KS,school_administrators_fte,Model 1: SCHADM (Peer),6.0,6.333016467532055,-0.3330164675320546,-0.054804985329892114,2128.0,4.0,,,
2015-2016,2011640,Shawnee Mission Pub Sch,KS,school_administrators_fte,Model 1: SCHADM (Peer),67.8,87.69945720697467,-19.899457206974674,-3.274881474730939,27643.0,43.0,,,
2015-2016,2011850,Spring Hill,KS,school_administrators_fte,Model 1: SCHADM (Peer),10.0,12.0785187244351,-2.0785187244350993,-0.3420647304464214,3649.0,7.0,,,
2015-2016,2012210,Tonganoxie,KS,school_administrators_fte,Model 1: SCHADM (Peer),5.5,4.81890171887046,0.6810982811295396,0.11208929571005727,1966.0,3.0,,,
2015-2016,2012360,Turner-Kansas City,KS,school_administrators_fte,Model 1: SCHADM (Peer),15.0,12.77600162931525,2.2239983706847504,0.36600651908407356,4249.0,7.0,,,
2015-2016,2903200,ARCHIE R-V,MO,school_administrators_fte,Model 1: SCHADM (Peer),2.0,0.8811945324194985,1.1188054675805015,0.1841233789192436,546.0,2.0,,,
2015-2016,2904620,BELTON 124,MO,school_administrators_fte,Model 1: SCHADM (Peer),15.9,15.251055345436013,0.6489446545639872,0.10679772846328647,4924.0,9.0,,,
2015-2016,2905310,BLUE SPRINGS R-IV,MO,school_administrators_fte,Model 1: SCHADM (Peer),47.0,43.40547695780618,3.5945230421938206,0.5915556790789315,14317.0,22.0,,,
2015-2016,2908250,CENTER 58,MO,school_administrators_fte,Model 1: SCHADM (Peer),10.8,11.315512445332155,-0.5155124453321545,-0.08483860336752286,2679.0,8.0,,,
2015-2016,2911070,DREXEL R-IV,MO,school_administrators_fte,Model 1: SCHADM (Peer),1.79,0.6335881011870448,1.1564118988129553,0.19031232184833716,333.0,2.0,,,
2015-2016,2911160,EAST LYNNE 40,MO,school_administrators_fte,Model 1: SCHADM (Peer),0.0,-0.8537898027874767,0.8537898027874767,0.1405093807022476,194.0,1.0,,,
2015-2016,2911650,EXCELSIOR SPRINGS 40,MO,school_administrators_fte,Model 1: SCHADM (Peer),10.0,10.300097973659872,-0.3000979736598719,-0.04938754280184818,2946.0,7.0,,,
2015-2016,2912290,FORT OSAGE R-I,MO,school_administrators_fte,Model 1: SCHADM (Peer),13.9,18.088639515425292,-4.188639515425292,-0.6893302571380898,5084.0,11.0,,,
2015-2016,2913080,GRAIN VALLEY R-V,MO,school_administrators_fte,Model 1: SCHADM (Peer),11.0,12.991796360060789,-1.991796360060789,-0.3277927097787042,4121.0,8.0,,,
2015-2016,2913140,GRANDVIEW C-4,MO,school_administrators_fte,Model 1: SCHADM (Peer),15.0,14.658194876287881,0.3418051237121187,0.05625134675636276,4414.0,9.0,,,
2015-2016,2913680,HARDIN-CENTRAL C-2,MO,school_administrators_fte,Model 1: SCHADM (Peer),2.0,0.5103661213248845,1.4896338786751155,0.24515112862952274,227.0,2.0,,,
2015-2016,2913760,HARRISONVILLE R-IX,MO,school_administrators_fte,Model 1: SCHADM (Peer),8.5,9.826972069849502,-1.3269720698495018,-0.21838164749098596,2539.0,7.0,,,
2015-2016,2914340,HICKMAN MILLS C-1,MO,school_administrators_fte,Model 1: SCHADM (Peer),20.0,24.853043658525017,-4.853043658525017,-0.7986721752286572,6341.0,15.0,,,
2015-2016,2915480,INDEPENDENCE 30,MO,school_administrators_fte,Model 1: SCHADM (Peer),51.0,54.902285047788126,-3.9022850477881263,-0.6422045023238978,15083.0,30.0,,,
2015-2016,2916400,KANSAS CITY 33,MO,school_administrators_fte,Model 1: SCHADM (Peer),65.0,64.92798983490943,0.07201016509057467,0.011850813476700462,15724.0,37.0,,,
2015-2016,2916450,KEARNEY R-I,MO,school_administrators_fte,Model 1: SCHADM (Peer),10.93,10.917370344478806,0.012629655521193328,0.002078480054425436,3477.0,7.0,,,
2015-2016,2918220,LAWSON R-XIV,MO,school_administrators_fte,Model 1: SCHADM (Peer),5.5,2.8916846150541335,2.6083153849458665,0.4292541070628303,1135.0,3.0,,,
2015-2016,2918300,LEE'S SUMMIT R-VII,MO,school_administrators_fte,Model 1: SCHADM (Peer),54.5,54.413478950665166,0.08652104933483429,0.014238889970406773,18084.0,27.0,,,
2015-2016,2918540,LIBERTY 53,MO,school_administrators_fte,Model 1: SCHADM (Peer),38.99,38.35919692236308,0.6308030776369193,0.10381214380221153,12257.0,20.0,,,
2015-2016,2919230,LONE JACK C-6,MO,school_administrators_fte,Model 1: SCHADM (Peer),2.0,0.9428055223505787,1.0571944776494213,0.17398397222756712,599.0,2.0,,,
2015-2016,2931800,MIDWAY R-I,MO,school_administrators_fte,Model 1: SCHADM (Peer),2.0,0.7393730084272012,1.2606269915727988,0.20746314526612147,424.0,2.0,,,
2015-2016,2921060,MISSOURI CITY 56,MO,school_administrators_fte,Model 1: SCHADM (Peer),0.45,-1.0397852440888506,1.4897852440888506,0.24517603904713864,34.0,1.0,,,
2015-2016,2922800,NORTH KANSAS CITY 74,MO,school_administrators_fte,Model 1: SCHADM (Peer),60.87,63.266258767444484,-2.396258767444486,-0.3943556532494283,19997.0,32.0,,,
2015-2016,2922830,NORTH PLATTE CO. R-I,MO,school_administrators_fte,Model 1: SCHADM (Peer),2.75,4.948087931577643,-2.1980879315776427,-0.36174240191989937,623.0,5.0,,,
2015-2016,2923010,OAK GROVE R-VI,MO,school_administrators_fte,Model 1: SCHADM (Peer),6.0,5.267190751242715,0.7328092487572846,0.12059944189963061,2038.0,4.0,,,
2015-2016,2923220,ORRICK R-XI,MO,school_administrators_fte,Model 1: SCHADM (Peer),2.05,0.630100686662644,1.4198993133373559,0.23367481378345747,330.0,2.0,,,
2015-2016,2923550,PARK HILL,MO,school_administrators_fte,Model 1: SCHADM (Peer),32.2,33.544834343475046,-1.3448343434750427,-0.22132126681750489,11537.0,17.0,,,
2015-2016,2925230,PLATTE CO. R-III,MO,school_administrators_fte,Model 1: SCHADM (Peer),13.0,12.886011452820632,0.11398854717936757,0.018759254466416544,4030.0,8.0,,,
2015-2016,2925330,PLEASANT HILL R-III,MO,school_administrators_fte,Model 1: SCHADM (Peer),6.38,6.64529633345268,-0.2652963334526799,-0.043660188250446735,2083.0,5.0,,,
2015-2016,2923730,RAYMORE-PECULIAR R-II,MO,school_administrators_fte,Model 1: SCHADM (Peer),19.97,17.93461643127999,2.0353835687200075,0.33496591760485916,6092.0,10.0,,,
2015-2016,2926070,RAYTOWN C-2,MO,school_administrators_fte,Model 1: SCHADM (Peer),29.0,33.82614366707857,-4.8261436670785685,-0.7942452060534618,9498.0,19.0,,,
2015-2016,2926480,RICHMOND R-XVI,MO,school_administrators_fte,Model 1: SCHADM (Peer),6.0,4.75337834464767,1.24662165535233,0.205158267517008,1596.0,4.0,,,
2015-2016,2910320,SHERWOOD CASS R-VIII,MO,school_administrators_fte,Model 1: SCHADM (Peer),3.0,2.5592177637279283,0.4407822362720717,0.07254014845449852,849.0,3.0,,,
2015-2016,2928410,SMITHVILLE R-II,MO,school_administrators_fte,Model 1: SCHADM (Peer),8.8,5.947236583500864,2.852763416499137,0.4694832611418503,2623.0,4.0,,,
2015-2016,2929670,STRASBURG C-3,MO,school_administrators_fte,Model 1: SCHADM (Peer),0.0,-0.8979637200965531,0.8979637200965531,0.14777914399061945,156.0,1.0,,,
2015-2016,2931710,WEST PLATTE CO. R-II,MO,school_administrators_fte,Model 1: SCHADM (Peer),2.87,0.9230435067123075,1.9469564932876926,0.320413350256619,582.0,2.0,,,
2016-2017,2003780,Basehor-Linwood,KS,school_administrators_fte,Model 1: SCHADM (Peer),9.0,6.879214474326903,2.1207855256730967,0.3490206369784818,2537.0,5.0,,,
2016-2017,2012000,Blue Valley,KS,school_administrators_fte,Model 1: SCHADM (Peer),70.0,68.73826474260383,1.2617352573961682,0.20764553412106762,22676.0,34.0,,,
2016-2017,2004050,Bonner Springs,KS,school_administrators_fte,Model 1: SCHADM (Peer),11.6,7.094271703331617,4.505728296668383,0.7415140008823184,2722.0,5.0,,,
2016-2017,2005490,De Soto,KS,school_administrators_fte,Model 1: SCHADM (Peer),23.0,21.56759248057202,1.4324075194279793,0.23573330673541307,7189.0,12.0,,,
2016-2017,2005640,Easton,KS,school_administrators_fte,Model 1: SCHADM (Peer),4.1,1.9863806779574429,2.113619322042557,0.34784128483486765,609.0,3.0,,,
2016-2017,2006330,Ft Leavenworth,KS,school_administrators_fte,Model 1: SCHADM (Peer),5.0,4.717603095634902,0.2823969043650978,0.04647445309726736,1818.0,4.0,,,
2016-2017,2006420,Gardner Edgerton,KS,school_administrators_fte,Model 1: SCHADM (Peer),22.0,18.901468467350043,3.0985315326499574,0.5099296633874223,6036.0,11.0,,,
2016-2017,2007950,Kansas City,KS,school_administrators_fte,Model 1: SCHADM (Peer),97.0,79.93573202855899,17.064267971441012,2.8082904211040374,22044.0,43.0,,,
2016-2017,2008340,Lansing,KS,school_administrators_fte,Model 1: SCHADM (Peer),7.0,4.389209285269566,2.6107907147304337,0.4296614755438403,2676.0,3.0,,,
2016-2017,2008430,Leavenworth,KS,school_administrators_fte,Model 1: SCHADM (Peer),18.0,11.08037772335688,6.9196222766431195,1.1387719056965793,3870.0,7.0,,,
2016-2017,2008970,Louisburg,KS,school_administrators_fte,Model 1: SCHADM (Peer),4.8,4.685053893407162,0.11494610659283744,0.01891684135692869,1790.0,4.0,,,
2016-2017,2010140,Olathe,KS,school_administrators_fte,Model 1: SCHADM (Peer),51.0,95.12863145069889,-44.12863145069889,-7.262310531388295,29411.0,48.0,,,
2016-2017,2010260,Osawatomie,KS,school_administrators_fte,Model 1: SCHADM (Peer),5.1,3.9503719002667355,1.1496280997332642,0.189195902555926,1158.0,4.0,,,
2016-2017,2010500,Paola,KS,school_administrators_fte,Model 1: SCHADM (Peer),6.0,4.962884583851089,1.037115416148911,0.17067953302331798,2029.0,4.0,,,
2016-2017,2010680,Piper-Kansas City,KS,school_administrators_fte,Model 1: SCHADM (Peer),7.0,5.243040217311283,1.7569597826887167,0.28914532614275934,2270.0,4.0,,,
2016-2017,2011640,Shawnee Mission Pub Sch,KS,school_administrators_fte,Model 1: SCHADM (Peer),77.0,86.29212623503344,-9.292126235033436,-1.5292181968313463,27512.0,43.0,,,
2016-2017,2011850,Spring Hill,KS,school_administrators_fte,Model 1: SCHADM (Peer),10.0,11.137338827255425,-1.1373388272554248,-0.18717343981450554,3919.0,7.0,,,
2016-2017,2012210,Tonganoxie,KS,school_administrators_fte,Model 1: SCHADM (Peer),6.0,3.5603670999703194,2.4396329000296806,0.4014937948483856,1963.0,3.0,,,
2016-2017,2012360,Turner-Kansas City,KS,school_administrators_fte,Model 1: SCHADM (Peer),18.0,11.350071113243873,6.649928886756127,1.0943880877254673,4102.0,7.0,,,
2016-2017,2903200,ARCHIE R-V,MO,school_administrators_fte,Model 1: SCHADM (Peer),2.0,1.471681971164899,0.528318028835101,0.08694603613570014,547.0,2.0,,,
2016-2017,2904620,BELTON 124,MO,school_administrators_fte,Model 1: SCHADM (Peer),15.0,15.892691530539288,-0.8926915305392882,-0.1469114923892328,4969.0,9.0,,,
2016-2017,2905310,BLUE SPRINGS R-IV,MO,school_administrators_fte,Model 1: SCHADM (Peer),48.0,43.99596439655158,4.004035603448422,0.6589497334279246,14318.0,22.0,,,
2016-2017,2908250,CENTER 58,MO,school_administrators_fte,Model 1: SCHADM (Peer),11.8,11.865313381292882,-0.06531338129288145,-0.010748714410819555,2645.0,8.0,,,
2016-2017,2911070,DREXEL R-IV,MO,school_administrators_fte,Model 1: SCHADM (Peer),2.0,1.1996636382616397,0.8003363617383603,0.13171247322725288,313.0,2.0,,,
2016-2017,2911160,EAST LYNNE 40,MO,school_administrators_fte,Model 1: SCHADM (Peer),0.0,-0.26097742102580934,0.26097742102580934,0.042949418798263576,197.0,1.0,,,
2016-2017,2911650,EXCELSIOR SPRINGS 40,MO,school_administrators_fte,Model 1: SCHADM (Peer),10.0,10.880123168832071,-0.8801231688320712,-0.14484309954340902,2938.0,7.0,,,
2016-2017,2912290,FORT OSAGE R-I,MO,school_administrators_fte,Model 1: SCHADM (Peer),13.9,18.388509077137293,-4.488509077137293,-0.738680209866555,4835.0,11.0,,,
2016-2017,2913080,GRAIN VALLEY R-V,MO,school_administrators_fte,Model 1: SCHADM (Peer),12.0,13.739217452404223,-1.7392174524042225,-0.2862254460594532,4257.0,8.0,,,
2016-2017,2913140,GRANDVIEW C-4,MO,school_administrators_fte,Model 1: SCHADM (Peer),15.0,15.284718931785424,-0.28471893178542373,-0.04685659239401046,4446.0,9.0,,,
2016-2017,2913680,HARDIN-CENTRAL C-2,MO,school_administrators_fte,Model 1: SCHADM (Peer),2.0,1.1159656896760213,0.8840343103239787,0.14548676156311527,241.0,2.0,,,
2016-2017,2913760,HARRISONVILLE R-IX,MO,school_administrators_fte,Model 1: SCHADM (Peer),8.5,10.323299316436081,-1.8232993164360813,-0.30006291589668416,2459.0,7.0,,,
2016-2017,2914340,HICKMAN MILLS C-1,MO,school_administrators_fte,Model 1: SCHADM (Peer),21.0,25.42725649615655,-4.427256496156549,-0.7285997870365802,6328.0,15.0,,,
2016-2017,2915480,INDEPENDENCE 30,MO,school_administrators_fte,Model 1: SCHADM (Peer),52.0,55.505559673123,-3.5055596731230025,-0.5769148531373295,15095.0,30.0,,,
2016-2017,2916400,KANSAS CITY 33,MO,school_administrators_fte,Model 1: SCHADM (Peer),66.0,62.510009791969914,3.489990208030086,0.574352564514382,15418.0,35.0,,,
2016-2017,2916450,KEARNEY R-I,MO,school_administrators_fte,Model 1: SCHADM (Peer),11.5,11.482283410045266,0.01771658995473402,0.0029156439612748344,3456.0,7.0,,,
2016-2017,2918220,LAWSON R-XIV,MO,school_administrators_fte,Model 1: SCHADM (Peer),5.5,3.4937967688808698,2.0062032311191302,0.33016366867708374,1146.0,3.0,,,
2016-2017,2918300,LEE'S SUMMIT R-VII,MO,school_administrators_fte,Model 1: SCHADM (Peer),56.0,55.20856137484207,0.7914386251579302,0.1302481602868942,18261.0,27.0,,,
2016-2017,2918540,LIBERTY 53,MO,school_administrators_fte,Model 1: SCHADM (Peer),37.8,39.14614204598306,-1.3461420459830649,-0.2215364772462838,12427.0,20.0,,,
2016-2017,2919230,LONE JACK C-6,MO,school_administrators_fte,Model 1: SCHADM (Peer),4.0,1.5693295778481202,2.43067042215188,0.4000188273422665,631.0,2.0,,,
2016-2017,2931800,MIDWAY R-I,MO,school_administrators_fte,Model 1: SCHADM (Peer),2.0,1.331022918680735,0.668977081319265,0.11009449292235775,426.0,2.0,,,
2016-2017,2921060,MISSOURI CITY 56,MO,school_administrators_fte,Model 1: SCHADM (Peer),0.45,-0.45046027685158396,0.9004602768515839,0.14819000582381553,34.0,1.0,,,
2016-2017,2922800,NORTH KANSAS CITY 74,MO,school_administrators_fte,Model 1: SCHADM (Peer),69.64,64.07761579273524,5.562384207264756,0.9154093403775159,20188.0,32.0,,,
2016-2017,2922830,NORTH PLATTE CO. R-I,MO,school_administrators_fte,Model 1: SCHADM (Peer),2.65,5.528113126749841,-2.878113126749841,-0.4736550983747137,615.0,5.0,,,
2016-2017,2923010,OAK GROVE R-VI,MO,school_administrators_fte,Model 1: SCHADM (Peer),6.0,5.839078645857978,0.16092135414202158,0.026483052079612136,2023.0,4.0,,,
2016-2017,2923220,ORRICK R-XI,MO,school_administrators_fte,Model 1: SCHADM (Peer),2.05,1.1961762237372389,0.853823776262761,0.14051497176454059,310.0,2.0,,,
2016-2017,2923550,PARK HILL,MO,school_administrators_fte,Model 1: SCHADM (Peer),34.0,34.27598083470461,-0.27598083470461177,-0.0454185515491415,11659.0,17.0,,,
2016-2017,2925230,PLATTE CO. R-III,MO,school_administrators_fte,Model 1: SCHADM (Peer),13.0,12.206503159612492,0.7934968403875082,0.13058688364282534,4079.0,7.0,,,
2016-2017,2925330,PLEASANT HILL R-III,MO,school_administrators_fte,Model 1: SCHADM (Peer),6.38,7.517101877166408,-1.1371018771664083,-0.1871344446073054,2326.0,5.0,,,
2016-2017,2923730,RAYMORE-PECULIAR R-II,MO,school_administrators_fte,Model 1: SCHADM (Peer),19.92,18.67971258060716,1.2402874193928426,0.204115833455388,6226.0,10.0,,,
2016-2017,2926070,RAYTOWN C-2,MO,school_administrators_fte,Model 1: SCHADM (Peer),29.0,34.33874551477902,-5.338745514779021,-0.8786048083022447,9432.0,19.0,,,
2016-2017,2926480,RICHMOND R-XVI,MO,school_administrators_fte,Model 1: SCHADM (Peer),6.0,5.327591182279201,0.6724088177207994,0.11065925857654885,1583.0,4.0,,,
2016-2017,2910320,SHERWOOD CASS R-VIII,MO,school_administrators_fte,Model 1: SCHADM (Peer),3.0,3.118318471753722,-0.11831847175372179,-0.019471836203096518,823.0,3.0,,,
2016-2017,2928410,SMITHVILLE R-II,MO,school_administrators_fte,Model 1: SCHADM (Peer),8.8,6.5365615507381305,2.26343844926187,0.3724972279185272,2623.0,4.0,,,
2016-2017,2929670,STRASBURG C-3,MO,school_administrators_fte,Model 1: SCHADM (Peer),0.0,-0.30166392381048485,0.30166392381048485,0.049645253405974456,162.0,1.0,,,
2016-2017,2931710,WEST PLATTE CO. R-II,MO,school_administrators_fte,Model 1: SCHADM (Peer),2.14,1.570492049356254,0.5695079506437462,0.09372471911552879,632.0,2.0,,,
2017-2018,2003780,Basehor-Linwood,KS,school_administrators_fte,Model 1: SCHADM (Peer),9.0,7.031294344455693,1.9687056555443068,0.32399264027565217,2641.0,5.0,,,
2017-2018,2012000,Blue Valley,KS,school_administrators_fte,Model 1: SCHADM (Peer),69.0,70.14290327206416,-1.14290327206416,-0.18808918827094598,22717.0,35.0,,,
2017-2018,2004050,Bonner Springs,KS,school_administrators_fte,Model 1: SCHADM (Peer),11.6,7.151028909793453,4.4489710902065465,0.7321733881175542,2744.0,5.0,,,
2017-2018,2005490,De Soto,KS,school_administrators_fte,Model 1: SCHADM (Peer),26.0,21.918454978591654,4.0815450214083455,0.6717055666325189,7464.0,12.0,,,
2017-2018,2005640,Easton,KS,school_administrators_fte,Model 1: SCHADM (Peer),3.0,2.0396504698948785,0.9603495301051215,0.1580460639049745,628.0,3.0,,,
2017-2018,2006330,Ft Leavenworth,KS,school_administrators_fte,Model 1: SCHADM (Peer),5.0,4.85922072219049,0.14077927780950983,0.023168242436420485,1913.0,4.0,,,
2017-2018,2006420,Gardner Edgerton,KS,school_administrators_fte,Model 1: SCHADM (Peer),25.0,19.022161606759227,5.9778383932407735,0.9837812162081496,6113.0,11.0,,,
2017-2018,2007950,Kansas City,KS,school_administrators_fte,Model 1: SCHADM (Peer),92.5,86.26749287319632,6.232507126803682,1.025692405496571,22902.0,47.0,,,
2017-2018,2008340,Lansing,KS,school_administrators_fte,Model 1: SCHADM (Peer),10.0,4.379705615767788,5.620294384232212,0.9249396991092425,2641.0,3.0,,,
2017-2018,2008430,Leavenworth,KS,school_administrators_fte,Model 1: SCHADM (Peer),19.0,11.061574281790035,7.938425718209965,1.3064378114786712,3827.0,7.0,,,
2017-2018,2008970,Louisburg,KS,school_administrators_fte,Model 1: SCHADM (Peer),3.8,4.64532596469391,-0.8453259646939104,-0.13911647504208582,1729.0,4.0,,,
2017-2018,2010140,Olathe,KS,school_administrators_fte,Model 1: SCHADM (Peer),51.0,97.09939360462026,-46.09939360462026,-7.586641612475062,29939.0,49.0,,,
2017-2018,2010260,Osawatomie,KS,school_administrators_fte,Model 1: SCHADM (Peer),5.1,3.979229790533365,1.1207702094666345,0.1844467192364493,1156.0,4.0,,,
2017-2018,2010500,Paola,KS,school_administrators_fte,Model 1: SCHADM (Peer),6.0,5.0289415623779945,0.9710584376220055,0.15980844377679124,2059.0,4.0,,,
2017-2018,2010680,Piper-Kansas City,KS,school_administrators_fte,Model 1: SCHADM (Peer),8.0,5.396282558948207,2.603717441051793,0.4284974170122456,2375.0,4.0,,,
2017-2018,2011640,Shawnee Mission Pub Sch,KS,school_administrators_fte,Model 1: SCHADM (Peer),82.8,86.40700701690194,-3.607007016901946,-0.5936101842384149,27584.0,43.0,,,
2017-2018,2011850,Spring Hill,KS,school_administrators_fte,Model 1: SCHADM (Peer),9.0,11.28360633984355,-2.2836063398435495,-0.3758162858487703,4018.0,7.0,,,
2017-2018,2012210,Tonganoxie,KS,school_administrators_fte,Model 1: SCHADM (Peer),7.0,3.6066620628589536,3.3933379371410464,0.5584463652581404,1976.0,3.0,,,
2017-2018,2012360,Turner-Kansas City,KS,school_administrators_fte,Model 1: SCHADM (Peer),20.0,11.480064024718127,8.519935975281873,1.4021377669318955,4187.0,7.0,,,
2017-2018,2903200,ARCHIE R-V,MO,school_administrators_fte,Model 1: SCHADM (Peer),3.0,1.6985857411281007,1.3014142588718993,0.21417556283075265,537.0,2.0,,,
2017-2018,2904620,BELTON 124,MO,school_administrators_fte,Model 1: SCHADM (Peer),15.0,16.013810393262332,-1.0138103932623324,-0.16684419284666802,4868.0,9.0,,,
2017-2018,2905310,BLUE SPRINGS R-IV,MO,school_administrators_fte,Model 1: SCHADM (Peer),46.0,44.43327550948696,1.5667244905130389,0.2578380383254918,14489.0,22.0,,,
2017-2018,2908250,CENTER 58,MO,school_administrators_fte,Model 1: SCHADM (Peer),11.8,12.080592436174747,-0.2805924361747465,-0.04617748924610003,2625.0,8.0,,,
2017-2018,2911070,DREXEL R-IV,MO,school_administrators_fte,Model 1: SCHADM (Peer),2.0,1.4719037970420512,0.5280962029579488,0.08690952994117704,342.0,2.0,,,
2017-2018,2911160,EAST LYNNE 40,MO,school_administrators_fte,Model 1: SCHADM (Peer),0.8,-0.10614688456689003,0.9061468845668901,0.14912585880046814,125.0,1.0,,,
2017-2018,2911650,EXCELSIOR SPRINGS 40,MO,school_administrators_fte,Model 1: SCHADM (Peer),10.0,11.005891917587649,-1.0058919175876486,-0.16554103824172534,2841.0,7.0,,,
2017-2018,2912290,FORT OSAGE R-I,MO,school_administrators_fte,Model 1: SCHADM (Peer),13.9,18.89905589508509,-4.999055895085091,-0.8227016129977949,5069.0,11.0,,,
2017-2018,2913080,GRAIN VALLEY R-V,MO,school_administrators_fte,Model 1: SCHADM (Peer),18.0,14.18234092288027,3.81765907711973,0.6282774880973029,4433.0,8.0,,,
2017-2018,2913140,GRANDVIEW C-4,MO,school_administrators_fte,Model 1: SCHADM (Peer),15.0,15.354689048150592,-0.35468904815059155,-0.05837167220175227,4301.0,9.0,,,
2017-2018,2913680,HARDIN-CENTRAL C-2,MO,school_administrators_fte,Model 1: SCHADM (Peer),1.0,1.1719861479435858,-0.1719861479435858,-0.028304000654518987,84.0,2.0,,,
2017-2018,2913760,HARRISONVILLE R-IX,MO,school_administrators_fte,Model 1: SCHADM (Peer),8.5,10.652500579115038,-2.1525005791150384,-0.3542400276335552,2537.0,7.0,,,
2017-2018,2914340,HICKMAN MILLS C-1,MO,school_administrators_fte,Model 1: SCHADM (Peer),18.0,25.30658128518781,-7.306581285187811,-1.2024542903658002,6019.0,15.0,,,
2017-2018,2915480,INDEPENDENCE 30,MO,school_administrators_fte,Model 1: SCHADM (Peer),52.0,55.79988679055795,-3.7998867905579488,-0.6253526780675907,15143.0,30.0,,,
2017-2018,2916400,KANSAS CITY 33,MO,school_administrators_fte,Model 1: SCHADM (Peer),65.7,62.692739644624034,3.007260355375969,0.49490903822551063,15370.0,35.0,,,
2017-2018,2916450,KEARNEY R-I,MO,school_administrators_fte,Model 1: SCHADM (Peer),11.5,11.780097942004618,-0.2800979420046179,-0.046096109649648075,3507.0,7.0,,,
2017-2018,2918220,LAWSON R-XIV,MO,school_administrators_fte,Model 1: SCHADM (Peer),5.5,3.7474373835311443,1.7525626164688557,0.2884216783545328,1159.0,3.0,,,
2017-2018,2918300,LEE'S SUMMIT R-VII,MO,school_administrators_fte,Model 1: SCHADM (Peer),56.0,55.47731411909808,0.5226858809019177,0.08601914568147903,18287.0,27.0,,,
2017-2018,2918540,LIBERTY 53,MO,school_administrators_fte,Model 1: SCHADM (Peer),41.33,39.59856528852418,1.7314347114758206,0.2849446295113456,12611.0,20.0,,,
2017-2018,2919230,LONE JACK C-6,MO,school_administrators_fte,Model 1: SCHADM (Peer),3.0,1.8601692807586692,1.1398307192413308,0.18758353396012947,676.0,2.0,,,
2017-2018,2931800,MIDWAY R-I,MO,school_administrators_fte,Model 1: SCHADM (Peer),2.0,1.5730388182496733,0.4269611817503267,0.07026559820200999,429.0,2.0,,,
2017-2018,2921060,MISSOURI CITY 56,MO,school_administrators_fte,Model 1: SCHADM (Peer),0.45,-0.22936886442905025,0.6793688644290503,0.1118046831874334,19.0,1.0,,,
2017-2018,2922800,NORTH KANSAS CITY 74,MO,school_administrators_fte,Model 1: SCHADM (Peer),69.18,64.45680333026397,4.723196669736041,0.7773030748702024,20309.0,32.0,,,
2017-2018,2922830,NORTH PLATTE CO. R-I,MO,school_administrators_fte,Model 1: SCHADM (Peer),2.65,5.7515294821886425,-3.1015294821886426,-0.5104230401315365,602.0,5.0,,,
2017-2018,2923010,OAK GROVE R-VI,MO,school_administrators_fte,Model 1: SCHADM (Peer),6.0,6.027620856052772,-0.027620856052772425,-0.004545602870601428,1980.0,4.0,,,
2017-2018,2923220,ORRICK R-XI,MO,school_administrators_fte,Model 1: SCHADM (Peer),2.0,1.430054822749242,0.569945177250758,0.09379667410910825,306.0,2.0,,,
2017-2018,2923550,PARK HILL,MO,school_administrators_fte,Model 1: SCHADM (Peer),34.75,34.7690905800304,-0.019090580030400872,-0.0031417634276735677,11878.0,17.0,,,
2017-2018,2925230,PLATTE CO. R-III,MO,school_administrators_fte,Model 1: SCHADM (Peer),13.0,12.543841722848383,0.4561582771516175,0.07507060498441237,4164.0,7.0,,,
2017-2018,2925330,PLEASANT HILL R-III,MO,school_administrators_fte,Model 1: SCHADM (Peer),6.41,7.609158952186114,-1.1991589521861137,-0.19734726414525694,2200.0,5.0,,,
2017-2018,2923730,RAYMORE-PECULIAR R-II,MO,school_administrators_fte,Model 1: SCHADM (Peer),20.41,17.621508489011084,2.7884915109889157,0.45890594385566286,6251.0,9.0,,,
2017-2018,2926070,RAYTOWN C-2,MO,school_administrators_fte,Model 1: SCHADM (Peer),30.0,34.567974227758484,-4.567974227758484,-0.7517579007276319,9424.0,19.0,,,
2017-2018,2926480,RICHMOND R-XVI,MO,school_administrators_fte,Model 1: SCHADM (Peer),6.0,5.4184857857907724,0.5815142142092276,0.09570060668484152,1456.0,4.0,,,
2017-2018,2910320,SHERWOOD CASS R-VIII,MO,school_administrators_fte,Model 1: SCHADM (Peer),3.0,3.370796614895862,-0.37079661489586213,-0.06102251696542702,835.0,3.0,,,
2017-2018,2928410,SMITHVILLE R-II,MO,school_administrators_fte,Model 1: SCHADM (Peer),9.8,6.784389807847736,3.0156101921522644,0.4962831825296142,2631.0,4.0,,,
2017-2018,2929670,STRASBURG C-3,MO,school_administrators_fte,Model 1: SCHADM (Peer),0.0,-0.11428418512382521,0.11428418512382521,0.01880790801598133,118.0,1.0,,,
2017-2018,2931710,WEST PLATTE CO. R-II,MO,school_administrators_fte,Model 1: SCHADM (Peer),2.86,1.838082322104131,1.021917677895869,0.16817842000576028,657.0,2.0,,,
2018-2019,2003780,Basehor-Linwood,KS,school_administrators_fte,Model 1: SCHADM (Peer),9.0,10.421073641099584,-1.421073641099584,-0.23386807454397887,2730.0,5.0,,,
2018-2019,2012000,Blue Valley,KS,school_administrators_fte,Model 1: SCHADM (Peer),69.0,73.50594572402099,-4.5059457240209895,-0.7415497832055118,22783.0,35.0,,,
2018-2019,2004050,Bonner Springs,KS,school_administrators_fte,Model 1: SCHADM (Peer),11.6,10.431535884672787,1.1684641153272128,0.19229577195863234,2739.0,5.0,,,
2018-2019,2005490,De Soto,KS,school_administrators_fte,Model 1: SCHADM (Peer),26.0,25.155950507670045,0.8440494923299546,0.13890640420174855,7422.0,12.0,,,
2018-2019,2005640,Easton,KS,school_administrators_fte,Model 1: SCHADM (Peer),3.05,5.3596814760507545,-2.3096814760507547,-0.3801075074448112,657.0,3.0,,,
2018-2019,2006330,Ft Leavenworth,KS,school_administrators_fte,Model 1: SCHADM (Peer),5.0,8.06067963451674,-3.06067963451674,-0.5037003236275203,1840.0,4.0,,,
2018-2019,2006420,Gardner Edgerton,KS,school_administrators_fte,Model 1: SCHADM (Peer),28.0,22.31661823973616,5.683381760263838,0.935322076724193,6120.0,11.0,,,
2018-2019,2007950,Kansas City,KS,school_administrators_fte,Model 1: SCHADM (Peer),100.0,90.00717609378842,9.992823906211584,1.6445329915446485,23292.0,47.0,,,
2018-2019,2008340,Lansing,KS,school_administrators_fte,Model 1: SCHADM (Peer),10.0,8.901146534897324,1.0988534651026765,0.1808398499958761,2563.0,4.0,,,
2018-2019,2008430,Leavenworth,KS,school_administrators_fte,Model 1: SCHADM (Peer),20.0,14.399042360567915,5.600957639432085,0.9217574240014903,3871.0,7.0,,,
2018-2019,2008970,Louisburg,KS,school_administrators_fte,Model 1: SCHADM (Peer),6.0,7.988606401012458,-1.9886064010124578,-0.3272677337613248,1778.0,4.0,,,
2018-2019,2010140,Olathe,KS,school_administrators_fte,Model 1: SCHADM (Peer),94.9,101.80799243655932,-6.9079924365593115,-1.136857966665559,30022.0,50.0,,,
2018-2019,2010260,Osawatomie,KS,school_administrators_fte,Model 1: SCHADM (Peer),5.1,7.274848895018435,-2.1748488950184353,-0.3579179212053365,1164.0,4.0,,,
2018-2019,2010500,Paola,KS,school_administrators_fte,Model 1: SCHADM (Peer),7.0,8.203663630017171,-1.2036636300171715,-0.19808860526954608,1963.0,4.0,,,
2018-2019,2010680,Piper-Kansas City,KS,school_administrators_fte,Model 1: SCHADM (Peer),9.0,8.746537824315556,0.25346217568444374,0.041712624372641255,2430.0,4.0,,,
2018-2019,2011640,Shawnee Mission Pub Sch,KS,school_administrators_fte,Model 1: SCHADM (Peer),87.7,91.02609554271471,-3.326095542714711,-0.5473801904608613,27590.0,44.0,,,
2018-2019,2011850,Spring Hill,KS,school_administrators_fte,Model 1: SCHADM (Peer),12.0,16.236324188490645,-4.236324188490645,-0.6971777904062632,4311.0,8.0,,,
2018-2019,2012210,Tonganoxie,KS,school_administrators_fte,Model 1: SCHADM (Peer),8.0,6.856944778526813,1.1430552214731868,0.18811419479748298,1945.0,3.0,,,
2018-2019,2012360,Turner-Kansas City,KS,school_administrators_fte,Model 1: SCHADM (Peer),20.0,14.650136206324767,5.349863793675233,0.8804345589939037,4087.0,7.0,,,
2018-2019,2903200,ARCHIE R-V,MO,school_administrators_fte,Model 1: SCHADM (Peer),2.88,2.148562193515235,0.7314378064847649,0.12037374172875542,514.0,2.0,,,
2018-2019,2904620,BELTON 124,MO,school_administrators_fte,Model 1: SCHADM (Peer),16.0,16.3091781350677,-0.3091781350677003,-0.05088187765092343,4712.0,9.0,,,
2018-2019,2905310,BLUE SPRINGS R-IV,MO,school_administrators_fte,Model 1: SCHADM (Peer),44.0,44.96113755291904,-0.9611375529190411,-0.15817574992043357,14533.0,22.0,,,
2018-2019,2908250,CENTER 58,MO,school_administrators_fte,Model 1: SCHADM (Peer),11.8,12.573580334362823,-0.7735803343628227,-0.12730919642034424,2639.0,8.0,,,
2018-2019,2911070,DREXEL R-IV,MO,school_administrators_fte,Model 1: SCHADM (Peer),0.0,1.9137429488722506,-1.9137429488722506,-0.3149473508484461,312.0,2.0,,,
2018-2019,2911160,EAST LYNNE 40,MO,school_administrators_fte,Model 1: SCHADM (Peer),1.0,0.36126664044224843,0.6387333595577516,0.10511724137757779,117.0,1.0,,,
2018-2019,2911650,EXCELSIOR SPRINGS 40,MO,school_administrators_fte,Model 1: SCHADM (Peer),10.0,11.534916432527869,-1.5349164325278686,-0.2526033417827996,2886.0,7.0,,,
2018-2019,2912290,FORT OSAGE R-I,MO,school_administrators_fte,Model 1: SCHADM (Peer),14.9,19.317645616752618,-4.417645616752617,-0.7270181111854029,5019.0,11.0,,,
2018-2019,2913080,GRAIN VALLEY R-V,MO,school_administrators_fte,Model 1: SCHADM (Peer),18.0,14.703228137263554,3.2967718627364455,0.5425543514777708,4471.0,8.0,,,
2018-2019,2913140,GRANDVIEW C-4,MO,school_administrators_fte,Model 1: SCHADM (Peer),16.0,15.806990443553993,0.19300955644600748,0.03176385236425056,4280.0,9.0,,,
2018-2019,2913680,HARDIN-CENTRAL C-2,MO,school_administrators_fte,Model 1: SCHADM (Peer),2.0,1.8288825287784989,0.17111747122150112,0.028161041312709,239.0,2.0,,,
2018-2019,2913760,HARRISONVILLE R-IX,MO,school_administrators_fte,Model 1: SCHADM (Peer),8.5,11.09201478792897,-2.5920147879289708,-0.42657149503766534,2505.0,7.0,,,
2018-2019,2914340,HICKMAN MILLS C-1,MO,school_administrators_fte,Model 1: SCHADM (Peer),20.0,24.237793102880815,-4.237793102880815,-0.6974195316997216,5830.0,14.0,,,
2018-2019,2915480,INDEPENDENCE 30,MO,school_administrators_fte,Model 1: SCHADM (Peer),53.0,55.6965268050735,-2.6965268050735034,-0.44377118371628066,14644.0,30.0,,,
2018-2019,2916400,KANSAS CITY 33,MO,school_administrators_fte,Model 1: SCHADM (Peer),72.08,63.14039115399491,8.939608846005086,1.471203917605437,15345.0,35.0,,,
2018-2019,2916450,KEARNEY R-I,MO,school_administrators_fte,Model 1: SCHADM (Peer),11.5,12.370733446875917,-0.8707334468759171,-0.1432978198823987,3605.0,7.0,,,
2018-2019,2918220,LAWSON R-XIV,MO,school_administrators_fte,Model 1: SCHADM (Peer),4.5,4.170676991231207,0.3293230087687933,0.054197147660970786,1113.0,3.0,,,
2018-2019,2918300,LEE'S SUMMIT R-VII,MO,school_administrators_fte,Model 1: SCHADM (Peer),61.5,56.097011411672725,5.4029885883272755,0.8891773806721693,18410.0,27.0,,,
2018-2019,2918540,LIBERTY 53,MO,school_administrators_fte,Model 1: SCHADM (Peer),41.15,40.20663786601749,0.9433621339825109,0.15525042439143266,12724.0,20.0,,,
2018-2019,2919230,LONE JACK C-6,MO,school_administrators_fte,Model 1: SCHADM (Peer),3.0,2.3426949353735442,0.6573050646264558,0.10817361282786785,681.0,2.0,,,
2018-2019,2931800,MIDWAY R-I,MO,school_administrators_fte,Model 1: SCHADM (Peer),2.0,2.0555644728645484,-0.05556447286454835,-0.00914432293025162,434.0,2.0,,,
2018-2019,2921060,MISSOURI CITY 56,MO,school_administrators_fte,Model 1: SCHADM (Peer),0.45,0.2589691477264928,0.1910308522735072,0.031438214254070215,29.0,1.0,,,
2018-2019,2922800,NORTH KANSAS CITY 74,MO,school_administrators_fte,Model 1: SCHADM (Peer),70.69,65.46127869203082,5.228721307969181,0.8604979708691504,20763.0,32.0,,,
2018-2019,2922830,NORTH PLATTE CO. R-I,MO,school_administrators_fte,Model 1: SCHADM (Peer),2.8,6.273579168080059,-3.473579168080059,-0.5716517767414082,641.0,5.0,,,
2018-2019,2923010,OAK GROVE R-VI,MO,school_administrators_fte,Model 1: SCHADM (Peer),6.0,6.5310709978140515,-0.5310709978140515,-0.08739909608682855,2003.0,4.0,,,
2018-2019,2923220,ORRICK R-XI,MO,school_administrators_fte,Model 1: SCHADM (Peer),2.0,1.8916559902177126,0.10834400978228742,0.017830325060812214,293.0,2.0,,,
2018-2019,2923550,PARK HILL,MO,school_administrators_fte,Model 1: SCHADM (Peer),37.75,36.75759368274994,0.9924063172500581,0.16332169415299705,12038.0,18.0,,,
2018-2019,2925230,PLATTE CO. R-III,MO,school_administrators_fte,Model 1: SCHADM (Peer),14.0,13.113552740573278,0.8864472594267223,0.1458838639681635,4244.0,7.0,,,
2018-2019,2925330,PLEASANT HILL R-III,MO,school_administrators_fte,Model 1: SCHADM (Peer),6.38,8.113771565455526,-1.733771565455526,-0.28532920883568036,2224.0,5.0,,,
2018-2019,2923730,RAYMORE-PECULIAR R-II,MO,school_administrators_fte,Model 1: SCHADM (Peer),19.25,20.92534371250137,-1.6753437125013697,-0.2757136554435605,6402.0,11.0,,,
2018-2019,2926070,RAYTOWN C-2,MO,school_administrators_fte,Model 1: SCHADM (Peer),31.0,35.7078731295405,-4.707873129540502,-0.7747812584512062,8854.0,20.0,,,
2018-2019,2926480,RICHMOND R-XVI,MO,school_administrators_fte,Model 1: SCHADM (Peer),6.0,5.923098399060185,0.07690160093981468,0.012655803908394063,1480.0,4.0,,,
2018-2019,2910320,SHERWOOD CASS R-VIII,MO,school_administrators_fte,Model 1: SCHADM (Peer),3.0,3.812635766726062,-0.812635766726062,-0.13373660348997782,805.0,3.0,,,
2018-2019,2928410,SMITHVILLE R-II,MO,school_administrators_fte,Model 1: SCHADM (Peer),11.8,7.268077933970746,4.531922066029255,0.7458247461022045,2637.0,4.0,,,
2018-2019,2929670,STRASBURG C-3,MO,school_administrators_fte,Model 1: SCHADM (Peer),0.0,0.3787037130642522,-0.3787037130642522,-0.062323799158263096,132.0,1.0,,,
2018-2019,2931710,WEST PLATTE CO. R-II,MO,school_administrators_fte,Model 1: SCHADM (Peer),2.72,2.3636194225199487,0.3563805774800515,0.05865004954679215,699.0,2.0,,,
2019-2020,2003780,Basehor-Linwood,KS,school_administrators_fte,Model 1: SCHADM (Peer),9.5,10.878169411278716,-1.3781694112787157,-0.22680726549946317,2832.0,5.0,,,
2019-2020,2012000,Blue Valley,KS,school_administrators_fte,Model 1: SCHADM (Peer),71.0,73.96536643721637,-2.9653664372163746,-0.48801449758263005,22887.0,35.0,,,
2019-2020,2004050,Bonner Springs,KS,school_administrators_fte,Model 1: SCHADM (Peer),12.2,10.799121348725633,1.4008786512743665,0.2305445568533655,2764.0,5.0,,,
2019-2020,2005490,De Soto,KS,school_administrators_fte,Model 1: SCHADM (Peer),27.5,25.54678540188556,1.9532145981144389,0.3214432553113585,7467.0,12.0,,,
2019-2020,2005640,Easton,KS,school_administrators_fte,Model 1: SCHADM (Peer),3.0,5.6958802093839935,-2.6958802093839935,-0.44366477256027814,655.0,3.0,,,
2019-2020,2006330,Ft Leavenworth,KS,school_administrators_fte,Model 1: SCHADM (Peer),5.0,8.372466466179173,-3.372466466179173,-0.5550115181217337,1817.0,4.0,,,
2019-2020,2006420,Gardner Edgerton,KS,school_administrators_fte,Model 1: SCHADM (Peer),31.0,22.716752906016747,8.283247093983253,1.3631855470508445,6173.0,11.0,,,
2019-2020,2007950,Kansas City,KS,school_administrators_fte,Model 1: SCHADM (Peer),98.0,86.83098033734322,11.16901966265678,1.8381011704841947,23690.0,44.0,,,
2019-2020,2008340,Lansing,KS,school_administrators_fte,Model 1: SCHADM (Peer),10.0,9.345455118486985,0.654544881513015,0.10771936563654727,2654.0,4.0,,,
2019-2020,2008430,Leavenworth,KS,school_administrators_fte,Model 1: SCHADM (Peer),19.0,14.671305160953805,4.328694839046195,0.7123793574222314,3814.0,7.0,,,
2019-2020,2008970,Louisburg,KS,school_administrators_fte,Model 1: SCHADM (Peer),6.0,8.357354336573437,-2.3573543365734366,-0.3879530967063335,1804.0,4.0,,,
2019-2020,2010140,Olathe,KS,school_administrators_fte,Model 1: SCHADM (Peer),95.0,103.63738143140773,-8.637381431407732,-1.421465929733396,30164.0,51.0,,,
2019-2020,2010260,Osawatomie,KS,school_administrators_fte,Model 1: SCHADM (Peer),5.0,7.604072799302873,-2.604072799302873,-0.42855589881610845,1156.0,4.0,,,
2019-2020,2010500,Paola,KS,school_administrators_fte,Model 1: SCHADM (Peer),5.0,8.516612933187739,-3.516612933187739,-0.5787339035890525,1941.0,4.0,,,
2019-2020,2010680,Piper-Kansas City,KS,school_administrators_fte,Model 1: SCHADM (Peer),10.0,9.236182796722428,0.7638172032775721,0.12570246429725646,2560.0,4.0,,,
2019-2020,2011640,Shawnee Mission Pub Sch,KS,school_administrators_fte,Model 1: SCHADM (Peer),89.0,91.36113180453981,-2.3611318045398093,-0.3885747598871829,27587.0,44.0,,,
2019-2020,2011850,Spring Hill,KS,school_administrators_fte,Model 1: SCHADM (Peer),14.5,18.070363069371606,-3.5703630693716057,-0.5875796385968955,4457.0,9.0,,,
2019-2020,2012210,Tonganoxie,KS,school_administrators_fte,Model 1: SCHADM (Peer),8.0,7.223367771071526,0.7766322289284737,0.12781145097291463,1969.0,3.0,,,
2019-2020,2012360,Turner-Kansas City,KS,school_administrators_fte,Model 1: SCHADM (Peer),19.0,14.871250260352783,4.128749739647217,0.6794741130643377,3986.0,7.0,,,
2019-2020,2903200,ARCHIE R-V,MO,school_administrators_fte,Model 1: SCHADM (Peer),2.0,3.038306031495825,-1.038306031495825,-0.17087547425440708,505.0,2.0,,,
2019-2020,2904620,BELTON 124,MO,school_administrators_fte,Model 1: SCHADM (Peer),17.0,15.846390764017267,1.1536092359827332,0.1898510837106761,4680.0,8.0,,,
2019-2020,2905310,BLUE SPRINGS R-IV,MO,school_administrators_fte,Model 1: SCHADM (Peer),47.0,46.019439759579,0.9805602404209992,0.16137216873869947,14669.0,22.0,,,
2019-2020,2908250,CENTER 58,MO,school_administrators_fte,Model 1: SCHADM (Peer),11.8,13.479598773457285,-1.6795987734572844,-0.27641391676995947,2644.0,8.0,,,
2019-2020,2911070,DREXEL R-IV,MO,school_administrators_fte,Model 1: SCHADM (Peer),2.0,2.7895371287552373,-0.7895371287552373,-0.12993522836726054,291.0,2.0,,,
2019-2020,2911160,EAST LYNNE 40,MO,school_administrators_fte,Model 1: SCHADM (Peer),1.0,1.2451981208821703,-0.2451981208821703,-0.04035259732785127,103.0,1.0,,,
2019-2020,2911650,EXCELSIOR SPRINGS 40,MO,school_administrators_fte,Model 1: SCHADM (Peer),12.6,12.166591595702801,0.4334084042971984,0.07132662662417306,2655.0,7.0,,,
2019-2020,2912290,FORT OSAGE R-I,MO,school_administrators_fte,Model 1: SCHADM (Peer),14.9,20.244588542993483,-5.344588542993483,-0.8795664036189836,5042.0,11.0,,,
2019-2020,2913080,GRAIN VALLEY R-V,MO,school_administrators_fte,Model 1: SCHADM (Peer),19.0,15.53949828587,3.4605017141300003,0.5694996018739106,4416.0,8.0,,,
2019-2020,2913140,GRANDVIEW C-4,MO,school_administrators_fte,Model 1: SCHADM (Peer),16.0,16.67929720891258,-0.6792972089125797,-0.11179289073897558,4256.0,9.0,,,
2019-2020,2913680,HARDIN-CENTRAL C-2,MO,school_administrators_fte,Model 1: SCHADM (Peer),2.0,2.7186263667590884,-0.7186263667590884,-0.11826534519382158,230.0,2.0,,,
2019-2020,2913760,HARRISONVILLE R-IX,MO,school_administrators_fte,Model 1: SCHADM (Peer),8.5,11.86434900358807,-3.364349003588069,-0.5536756159619447,2395.0,7.0,,,
2019-2020,2914340,HICKMAN MILLS C-1,MO,school_administrators_fte,Model 1: SCHADM (Peer),19.0,20.82698676856841,-1.8269867685684105,-0.30066976504596094,5543.0,11.0,,,
2019-2020,2915480,INDEPENDENCE 30,MO,school_administrators_fte,Model 1: SCHADM (Peer),54.0,56.67461847767224,-2.67461847767224,-0.44016569966701774,14711.0,30.0,,,
2019-2020,2916400,KANSAS CITY 33,MO,school_administrators_fte,Model 1: SCHADM (Peer),73.0,63.81042787693825,9.189572123061751,1.5123407233424795,15147.0,35.0,,,
2019-2020,2916450,KEARNEY R-I,MO,school_administrators_fte,Model 1: SCHADM (Peer),12.5,14.56767210507032,-2.0676721050703204,-0.34027968714339485,3580.0,8.0,,,
2019-2020,2918220,LAWSON R-XIV,MO,school_administrators_fte,Model 1: SCHADM (Peer),4.5,5.085995202390735,-0.5859952023907349,-0.09643804917040658,1126.0,3.0,,,
2019-2020,2918300,LEE'S SUMMIT R-VII,MO,school_administrators_fte,Model 1: SCHADM (Peer),61.23,56.77634790668113,4.4536520933188655,0.7329437473397303,18220.0,27.0,,,
2019-2020,2918540,LIBERTY 53,MO,school_administrators_fte,Model 1: SCHADM (Peer),44.35,40.94293546492444,3.4070645350755626,0.5607053706581003,12583.0,20.0,,,
2019-2020,2919230,LONE JACK C-6,MO,school_administrators_fte,Model 1: SCHADM (Peer),4.0,3.299862120825882,0.7001378791741182,0.11522266896109547,730.0,2.0,,,
2019-2020,2931800,MIDWAY R-I,MO,school_administrators_fte,Model 1: SCHADM (Peer),2.0,2.9639078549752753,-0.9639078549752753,-0.15863166240030718,441.0,2.0,,,
2019-2020,2921060,MISSOURI CITY 56,MO,school_administrators_fte,Model 1: SCHADM (Peer),0.45,1.1254635555444108,-0.6754635555444108,-0.11116198104805418,0.0,1.0,,,
2019-2020,2922800,NORTH KANSAS CITY 74,MO,school_administrators_fte,Model 1: SCHADM (Peer),75.0,68.52367299734827,6.476327002651729,1.0658181831135658,20342.0,34.0,,,
2019-2020,2922830,NORTH PLATTE CO. R-I,MO,school_administrators_fte,Model 1: SCHADM (Peer),3.3,7.112174259702771,-3.812174259702771,-0.6273748440319771,588.0,5.0,,,
2019-2020,2923010,OAK GROVE R-VI,MO,school_administrators_fte,Model 1: SCHADM (Peer),6.0,7.453364038022381,-1.4533640380223813,-0.2391821502795278,2022.0,4.0,,,
2019-2020,2923220,ORRICK R-XI,MO,school_administrators_fte,Model 1: SCHADM (Peer),2.0,2.776749942165768,-0.7767499421657682,-0.12783082320483719,280.0,2.0,,,
2019-2020,2923550,PARK HILL,MO,school_administrators_fte,Model 1: SCHADM (Peer),45.0,37.77404691511708,7.225953084882917,1.1891851947933418,12138.0,18.0,,,
2019-2020,2925230,PLATTE CO. R-III,MO,school_administrators_fte,Model 1: SCHADM (Peer),15.0,14.123031143891629,0.8769688561083715,0.14432398989147682,4338.0,7.0,,,
2019-2020,2925330,PLEASANT HILL R-III,MO,school_administrators_fte,Model 1: SCHADM (Peer),7.38,9.041876963204524,-1.6618769632045245,-0.2734974136969451,2248.0,5.0,,,
2019-2020,2923730,RAYMORE-PECULIAR R-II,MO,school_administrators_fte,Model 1: SCHADM (Peer),21.25,21.89297314152691,-0.6429731415269089,-0.10581498821977935,6460.0,11.0,,,
2019-2020,2926070,RAYTOWN C-2,MO,school_administrators_fte,Model 1: SCHADM (Peer),30.0,36.25701281563795,-6.25701281563795,-1.0297253409457217,8552.0,20.0,,,
2019-2020,2926480,RICHMOND R-XVI,MO,school_administrators_fte,Model 1: SCHADM (Peer),7.0,6.826791895138379,0.17320810486162141,0.028505099811755877,1483.0,4.0,,,
2019-2020,2910320,SHERWOOD CASS R-VIII,MO,school_administrators_fte,Model 1: SCHADM (Peer),3.0,4.72446656336119,-1.7244665633611902,-0.28379787164069437,815.0,3.0,,,
2019-2020,2928410,SMITHVILLE R-II,MO,school_administrators_fte,Model 1: SCHADM (Peer),11.8,9.538252297177566,2.2617477028224346,0.37221897941479243,2675.0,5.0,,,
2019-2020,2929670,STRASBURG C-3,MO,school_administrators_fte,Model 1: SCHADM (Peer),0.0,1.264960136520441,-1.264960136520441,-0.20817625698413275,120.0,1.0,,,
2019-2020,2931710,WEST PLATTE CO. R-II,MO,school_administrators_fte,Model 1: SCHADM (Peer),2.72,3.2649879755818745,-0.5449879755818743,-0.08968943256194159,700.0,2.0,,,
2020-2021,2003780,Basehor-Linwood,KS,school_administrators_fte,Model 1: SCHADM (Peer),10.0,12.042866323869932,-2.042866323869932,-0.33619736507428294,2905.0,5.0,,,
2020-2021,2012000,Blue Valley,KS,school_administrators_fte,Model 1: SCHADM (Peer),70.8,74.18613648520314,-3.3861364852031386,-0.5572612122513361,22148.0,35.0,,,
2020-2021,2004050,Bonner Springs,KS,school_administrators_fte,Model 1: SCHADM (Peer),11.0,11.72783654516573,-0.7278365451657294,-0.11978107712204239,2634.0,5.0,,,
2020-2021,2005490,De Soto,KS,school_administrators_fte,Model 1: SCHADM (Peer),33.0,26.213944508995603,6.786055491004397,1.116790633173513,7112.0,12.0,,,
2020-2021,2005640,Easton,KS,school_administrators_fte,Model 1: SCHADM (Peer),3.0,6.771066815848923,-3.771066815848923,-0.6206097345644019,651.0,3.0,,,
2020-2021,2006330,Ft Leavenworth,KS,school_administrators_fte,Model 1: SCHADM (Peer),4.0,9.123323521874832,-5.123323521874832,-0.8431525099569271,1534.0,4.0,,,
2020-2021,2006420,Gardner Edgerton,KS,school_administrators_fte,Model 1: SCHADM (Peer),28.0,23.399024142732525,4.600975857267475,0.7571890250035769,5831.0,11.0,,,
2020-2021,2007950,Kansas City,KS,school_administrators_fte,Model 1: SCHADM (Peer),105.0,84.78319162788968,20.21680837211032,3.327108399358951,22140.0,43.0,,,
2020-2021,2008340,Lansing,KS,school_administrators_fte,Model 1: SCHADM (Peer),9.43,10.320669175252426,-0.8906691752524267,-0.14657867055417562,2564.0,4.0,,,
2020-2021,2008430,Leavenworth,KS,school_administrators_fte,Model 1: SCHADM (Peer),18.0,15.510510051267616,2.489489948732384,0.4096988390102944,3607.0,7.0,,,
2020-2021,2008970,Louisburg,KS,school_administrators_fte,Model 1: SCHADM (Peer),6.0,9.301181662619271,-3.301181662619271,-0.5432800784055623,1687.0,4.0,,,
2020-2021,2010140,Olathe,KS,school_administrators_fte,Model 1: SCHADM (Peer),97.0,103.51289744147881,-6.512897441478813,-1.0718366313250889,29128.0,51.0,,,
2020-2021,2010260,Osawatomie,KS,school_administrators_fte,Model 1: SCHADM (Peer),5.0,8.607186172263521,-3.6071861722635212,-0.5936396680865732,1090.0,4.0,,,
2020-2021,2010500,Paola,KS,school_administrators_fte,Model 1: SCHADM (Peer),6.0,9.40812904136756,-3.4081290413675607,-0.5608805579458308,1779.0,4.0,,,
2020-2021,2010680,Piper-Kansas City,KS,school_administrators_fte,Model 1: SCHADM (Peer),10.0,10.317181760728026,-0.31718176072802606,-0.05219904550796906,2561.0,4.0,,,
2020-2021,2011640,Shawnee Mission Pub Sch,KS,school_administrators_fte,Model 1: SCHADM (Peer),92.5,90.73213518008092,1.7678648199190832,0.29093998335554305,26117.0,44.0,,,
2020-2021,2011850,Spring Hill,KS,school_administrators_fte,Model 1: SCHADM (Peer),16.0,20.753247771585286,-4.753247771585286,-0.782248626686905,5836.0,9.0,,,
2020-2021,2012210,Tonganoxie,KS,school_administrators_fte,Model 1: SCHADM (Peer),7.0,8.219506314983372,-1.2195063149833718,-0.2006958580687643,1897.0,3.0,,,
2020-2021,2012360,Turner-Kansas City,KS,school_administrators_fte,Model 1: SCHADM (Peer),19.0,15.79996545679288,3.2000345432071207,0.5266341556479732,3856.0,7.0,,,
2020-2021,2903200,ARCHIE R-V,MO,school_administrators_fte,Model 1: SCHADM (Peer),2.0,2.870686620519713,-0.870686620519713,-0.14329011360353555,500.0,2.0,,,
2020-2021,2904620,BELTON 124,MO,school_administrators_fte,Model 1: SCHADM (Peer),16.0,15.571823974292865,0.42817602570713476,0.07046552676927992,4583.0,8.0,,,
2020-2021,2905310,BLUE SPRINGS R-IV,MO,school_administrators_fte,Model 1: SCHADM (Peer),47.6,45.87855719328996,1.7214428067100442,0.2833002477840265,14687.0,22.0,,,
2020-2021,2908250,CENTER 58,MO,school_administrators_fte,Model 1: SCHADM (Peer),12.8,13.158533123407539,-0.35853312340753796,-0.05900429703747055,2507.0,8.0,,,
2020-2021,2911070,DREXEL R-IV,MO,school_administrators_fte,Model 1: SCHADM (Peer),2.0,2.609130531189656,-0.6091305311896562,-0.10024546255396566,275.0,2.0,,,
2020-2021,2911160,EAST LYNNE 40,MO,school_administrators_fte,Model 1: SCHADM (Peer),0.5,1.1240775702314016,-0.6240775702314016,-0.10270531765206027,138.0,1.0,,,
2020-2021,2911650,EXCELSIOR SPRINGS 40,MO,school_administrators_fte,Model 1: SCHADM (Peer),13.9,13.374752823920385,0.5252471760796151,0.08644066160734153,2693.0,8.0,,,
2020-2021,2912290,FORT OSAGE R-I,MO,school_administrators_fte,Model 1: SCHADM (Peer),14.9,19.88516133317533,-4.985161333175329,-0.8204149655317607,4872.0,11.0,,,
2020-2021,2913080,GRAIN VALLEY R-V,MO,school_administrators_fte,Model 1: SCHADM (Peer),20.0,15.478826253642177,4.521173746357823,0.7440558801170498,4503.0,8.0,,,
2020-2021,2913140,GRANDVIEW C-4,MO,school_administrators_fte,Model 1: SCHADM (Peer),16.75,15.92927957236154,0.8207204276384594,0.13506710743167386,3750.0,9.0,,,
2020-2021,2913680,HARDIN-CENTRAL C-2,MO,school_administrators_fte,Model 1: SCHADM (Peer),2.0,2.5649566138805797,-0.5649566138805797,-0.09297569926559382,237.0,2.0,,,
2020-2021,2913760,HARRISONVILLE R-IX,MO,school_administrators_fte,Model 1: SCHADM (Peer),8.42,11.565370312192861,-3.1453703121928616,-0.5176379867767809,2277.0,7.0,,,
2020-2021,2914340,HICKMAN MILLS C-1,MO,school_administrators_fte,Model 1: SCHADM (Peer),19.0,21.367889351117316,-2.3678893511173165,-0.3896868587686314,5007.0,12.0,,,
2020-2021,2915480,INDEPENDENCE 30,MO,school_administrators_fte,Model 1: SCHADM (Peer),53.0,57.29108170824983,-4.291081708249827,-0.7061893119365442,14240.0,31.0,,,
2020-2021,2916400,KANSAS CITY 33,MO,school_administrators_fte,Model 1: SCHADM (Peer),65.7,62.44662528409267,3.2533747159073343,0.5354124223925382,14113.0,35.0,,,
2020-2021,2916450,KEARNEY R-I,MO,school_administrators_fte,Model 1: SCHADM (Peer),12.5,15.720034700897493,-3.220034700897493,-0.5299256095419488,3570.0,9.0,,,
2020-2021,2918220,LAWSON R-XIV,MO,school_administrators_fte,Model 1: SCHADM (Peer),5.5,4.9044261333170205,0.5955738666829795,0.0980144233356448,1109.0,3.0,,,
2020-2021,2918300,LEE'S SUMMIT R-VII,MO,school_administrators_fte,Model 1: SCHADM (Peer),61.23,56.11467810474824,5.115321895251753,0.8418356710842342,17790.0,27.0,,,
2020-2021,2918540,LIBERTY 53,MO,school_administrators_fte,Model 1: SCHADM (Peer),43.92,40.83808951538754,3.0819104846124645,0.5071943142900851,12632.0,20.0,,,
2020-2021,2919230,LONE JACK C-6,MO,school_administrators_fte,Model 1: SCHADM (Peer),2.95,3.1473548394555064,-0.19735483945550625,-0.03247896166006005,738.0,2.0,,,
2020-2021,2931800,MIDWAY R-I,MO,school_administrators_fte,Model 1: SCHADM (Peer),1.5,2.7893136149503617,-1.2893136149503617,-0.21218414295438187,430.0,2.0,,,
2020-2021,2921060,MISSOURI CITY 56,MO,school_administrators_fte,Model 1: SCHADM (Peer),0.45,0.9950432328285735,-0.5450432328285735,-0.08969852632423257,27.0,1.0,,,
2020-2021,2922800,NORTH KANSAS CITY 74,MO,school_administrators_fte,Model 1: SCHADM (Peer),74.96,67.58417250497146,7.375827495028531,1.2138502358654202,19673.0,34.0,,,
2020-2021,2922830,NORTH PLATTE CO. R-I,MO,school_administrators_fte,Model 1: SCHADM (Peer),3.4,6.9410674342022585,-3.5410674342022586,-0.5827584149871909,580.0,5.0,,,
2020-2021,2923010,OAK GROVE R-VI,MO,school_administrators_fte,Model 1: SCHADM (Peer),6.0,7.248545538785995,-1.2485455387859954,-0.20547488370160646,1985.0,4.0,,,
2020-2021,2923220,ORRICK R-XI,MO,school_administrators_fte,Model 1: SCHADM (Peer),1.95,2.584718629518851,-0.6347186295188509,-0.10445653164596595,254.0,2.0,,,
2020-2021,2923550,PARK HILL,MO,school_administrators_fte,Model 1: SCHADM (Peer),47.0,40.09410775018204,6.90589224981796,1.1365123359992955,11992.0,20.0,,,
2020-2021,2925230,PLATTE CO. R-III,MO,school_administrators_fte,Model 1: SCHADM (Peer),15.0,13.881013556394965,1.118986443605035,0.18415316239644855,4269.0,7.0,,,
2020-2021,2925330,PLEASANT HILL R-III,MO,school_administrators_fte,Model 1: SCHADM (Peer),8.38,8.778934888561459,-0.39893488856145787,-0.06565327197547177,2161.0,5.0,,,
2020-2021,2923730,RAYMORE-PECULIAR R-II,MO,school_administrators_fte,Model 1: SCHADM (Peer),21.45,21.533545931708755,-0.08354593170875546,-0.013749270706049347,6290.0,11.0,,,
2020-2021,2926070,RAYTOWN C-2,MO,school_administrators_fte,Model 1: SCHADM (Peer),31.0,35.344249167948206,-4.344249167948206,-0.7149391550610943,7906.0,20.0,,,
2020-2021,2926480,RICHMOND R-XVI,MO,school_administrators_fte,Model 1: SCHADM (Peer),6.0,6.621973395901992,-0.6219733959019917,-0.10235903074285886,1446.0,4.0,,,
2020-2021,2910320,SHERWOOD CASS R-VIII,MO,school_administrators_fte,Model 1: SCHADM (Peer),3.0,4.537085136746807,-1.537085136746807,-0.2529602484660775,793.0,3.0,,,
2020-2021,2928410,SMITHVILLE R-II,MO,school_administrators_fte,Model 1: SCHADM (Peer),9.8,9.339246155481847,0.4607538445181536,0.0758269039265399,2643.0,5.0,,,
2020-2021,2929670,STRASBURG C-3,MO,school_administrators_fte,Model 1: SCHADM (Peer),0.0,1.1019906115768636,-1.1019906115768636,-0.18135613457414249,119.0,1.0,,,
2020-2021,2931710,WEST PLATTE CO. R-II,MO,school_administrators_fte,Model 1: SCHADM (Peer),3.72,3.0636568908698885,0.6563431091301117,0.10801530246785518,666.0,2.0,,,
2021-2022,2003780,Basehor-Linwood,KS,school_administrators_fte,Model 1: SCHADM (Peer),11.0,13.764899070838938,-2.764899070838938,-0.4550233030184153,2996.0,7.0,,,
2021-2022,2012000,Blue Valley,KS,school_administrators_fte,Model 1: SCHADM (Peer),73.0,73.41583910009852,-0.4158391000985233,-0.06843522168555057,22376.0,35.0,,,
2021-2022,2004050,Bonner Springs,KS,school_administrators_fte,Model 1: SCHADM (Peer),11.0,10.597172992539718,0.40282700746028155,0.06629380342045713,2552.0,5.0,,,
2021-2022,2005490,De Soto,KS,school_administrators_fte,Model 1: SCHADM (Peer),33.0,26.834539892690437,6.165460107309563,1.0146583838248515,7396.0,13.0,,,
2021-2022,2005640,Easton,KS,school_administrators_fte,Model 1: SCHADM (Peer),3.0,5.745025698954934,-2.745025698954934,-0.45175271444173026,659.0,3.0,,,
2021-2022,2006330,Ft Leavenworth,KS,school_administrators_fte,Model 1: SCHADM (Peer),4.0,8.221666856351138,-4.221666856351138,-0.694765612777829,1649.0,4.0,,,
2021-2022,2006420,Gardner Edgerton,KS,school_administrators_fte,Model 1: SCHADM (Peer),30.0,22.46481827498109,7.535181725018909,1.2400753841339163,5918.0,11.0,,,
2021-2022,2007950,Kansas City,KS,school_administrators_fte,Model 1: SCHADM (Peer),90.0,83.11197882398154,6.888021176018455,1.1335712684158523,21593.0,43.0,,,
2021-2022,2008340,Lansing,KS,school_administrators_fte,Model 1: SCHADM (Peer),10.0,9.322527374553644,0.6774726254463559,0.1114926164887542,2596.0,4.0,,,
2021-2022,2008430,Leavenworth,KS,school_administrators_fte,Model 1: SCHADM (Peer),21.0,15.903261019368268,5.0967389806317325,0.8387774548624227,3695.0,8.0,,,
2021-2022,2008970,Louisburg,KS,school_administrators_fte,Model 1: SCHADM (Peer),6.0,9.709044760325659,-3.709044760325659,-0.6104026782339067,1788.0,5.0,,,
2021-2022,2010140,Olathe,KS,school_administrators_fte,Model 1: SCHADM (Peer),96.0,104.00910837380333,-8.009108373803329,-1.3180701548627092,29305.0,52.0,,,
2021-2022,2010260,Osawatomie,KS,school_administrators_fte,Model 1: SCHADM (Peer),5.0,8.88950234709148,-3.8895023470914794,-0.6401008354111236,1083.0,5.0,,,
2021-2022,2010500,Paola,KS,school_administrators_fte,Model 1: SCHADM (Peer),6.0,8.398362525587443,-2.3983625255874426,-0.3947018716662436,1801.0,4.0,,,
2021-2022,2010680,Piper-Kansas City,KS,school_administrators_fte,Model 1: SCHADM (Peer),11.0,9.344614333208183,1.6553856667918172,0.27242913197710444,2615.0,4.0,,,
2021-2022,2011640,Shawnee Mission Pub Sch,KS,school_administrators_fte,Model 1: SCHADM (Peer),93.0,91.4236413257719,1.5763586742281035,0.2594235493997115,26462.0,45.0,,,
2021-2022,2011850,Spring Hill,KS,school_administrators_fte,Model 1: SCHADM (Peer),16.0,20.512451767753134,-4.512451767753134,-0.7426204919123162,5379.0,10.0,,,
2021-2022,2012210,Tonganoxie,KS,school_administrators_fte,Model 1: SCHADM (Peer),6.0,7.191140255073115,-1.1911402550731154,-0.19602761595818818,1903.0,3.0,,,
2021-2022,2012360,Turner-Kansas City,KS,school_administrators_fte,Model 1: SCHADM (Peer),20.0,16.14040520702752,3.85959479297248,0.635178907444943,3899.0,8.0,,,
2021-2022,2903200,ARCHIE R-V,MO,school_administrators_fte,Model 1: SCHADM (Peer),2.0,1.0511774649690708,0.9488225350309292,0.1561490502208748,496.0,2.0,,,
2021-2022,2904620,BELTON 124,MO,school_administrators_fte,Model 1: SCHADM (Peer),17.0,13.632580253404463,3.3674197465955373,0.5541809724289187,4476.0,8.0,,,
2021-2022,2905310,BLUE SPRINGS R-IV,MO,school_administrators_fte,Model 1: SCHADM (Peer),49.0,44.15669564442254,4.843304355577459,0.7970693645354804,14767.0,22.0,,,
2021-2022,2908250,CENTER 58,MO,school_administrators_fte,Model 1: SCHADM (Peer),12.0,11.363435869527702,0.6365641304722978,0.10476024831628412,2524.0,8.0,,,
2021-2022,2911070,DREXEL R-IV,MO,school_administrators_fte,Model 1: SCHADM (Peer),1.9,0.811708334293552,1.0882916657064479,0.17910167991300519,290.0,2.0,,,
2021-2022,2911160,EAST LYNNE 40,MO,school_administrators_fte,Model 1: SCHADM (Peer),1.0,-0.6779945126972365,1.6779945126972367,0.27614990133531353,149.0,1.0,,,
2021-2022,2911650,EXCELSIOR SPRINGS 40,MO,school_administrators_fte,Model 1: SCHADM (Peer),12.9,11.509907279552534,1.3900927204474662,0.22876950114780764,2650.0,8.0,,,
2021-2022,2912290,FORT OSAGE R-I,MO,school_administrators_fte,Model 1: SCHADM (Peer),14.9,17.99125400110414,-3.0912540011041383,-0.5087319898532507,4804.0,11.0,,,
2021-2022,2913080,GRAIN VALLEY R-V,MO,school_administrators_fte,Model 1: SCHADM (Peer),20.0,13.72209055953075,6.27790944046925,1.0331643276895632,4553.0,8.0,,,
2021-2022,2913140,GRANDVIEW C-4,MO,school_administrators_fte,Model 1: SCHADM (Peer),15.75,14.095820758713295,1.6541792412867053,0.27223058884619183,3734.0,9.0,,,
2021-2022,2913680,HARDIN-CENTRAL C-2,MO,school_administrators_fte,Model 1: SCHADM (Peer),2.0,0.7489348728543384,1.2510651271456616,0.20588953587815562,236.0,2.0,,,
2021-2022,2913760,HARRISONVILLE R-IX,MO,school_administrators_fte,Model 1: SCHADM (Peer),7.3,9.678437809170472,-2.378437809170472,-0.3914228332480331,2215.0,7.0,,,
2021-2022,2914340,HICKMAN MILLS C-1,MO,school_administrators_fte,Model 1: SCHADM (Peer),18.0,19.750650237981915,-1.7506502379819153,-0.28810695555509086,5177.0,12.0,,,
2021-2022,2915480,INDEPENDENCE 30,MO,school_administrators_fte,Model 1: SCHADM (Peer),56.0,55.657567994000566,0.34243200599943435,0.05635451365022394,14396.0,31.0,,,
2021-2022,2916400,KANSAS CITY 33,MO,school_administrators_fte,Model 1: SCHADM (Peer),0.0,60.609679055920026,-60.609679055920026,-9.974619561987378,14094.0,35.0,,,
2021-2022,2916450,KEARNEY R-I,MO,school_administrators_fte,Model 1: SCHADM (Peer),13.0,13.89006330177365,-0.8900633017736492,-0.14647896110928765,3557.0,9.0,,,
2021-2022,2918220,LAWSON R-XIV,MO,school_administrators_fte,Model 1: SCHADM (Peer),5.5,3.052367775538638,2.447632224461362,0.40281025484622385,1077.0,3.0,,,
2021-2022,2918300,LEE'S SUMMIT R-VII,MO,school_administrators_fte,Model 1: SCHADM (Peer),62.0,54.362592296669355,7.637407703330645,1.256898856207919,17844.0,27.0,,,
2021-2022,2918540,LIBERTY 53,MO,school_administrators_fte,Model 1: SCHADM (Peer),43.2,38.78492358670204,4.41507641329796,0.7265952937833523,12427.0,20.0,,,
2021-2022,2919230,LONE JACK C-6,MO,school_administrators_fte,Model 1: SCHADM (Peer),2.99,1.3662072436732728,1.6237927563267274,0.26722984256238147,767.0,2.0,,,
2021-2022,2931800,MIDWAY R-I,MO,school_administrators_fte,Model 1: SCHADM (Peer),1.87,0.9907289465461244,0.8792710534538757,0.14470286572510127,444.0,2.0,,,
2021-2022,2921060,MISSOURI CITY 56,MO,school_administrators_fte,Model 1: SCHADM (Peer),1.0,-0.8256283942302021,1.825628394230202,0.300446215483293,22.0,1.0,,,
2021-2022,2922800,NORTH KANSAS CITY 74,MO,school_administrators_fte,Model 1: SCHADM (Peer),75.0,66.00413248009635,8.995867519903655,1.4804624861697482,19875.0,34.0,,,
2021-2022,2922830,NORTH PLATTE CO. R-I,MO,school_administrators_fte,Model 1: SCHADM (Peer),3.1,5.114583449602815,-2.014583449602815,-0.3315428129412196,570.0,5.0,,,
2021-2022,2923010,OAK GROVE R-VI,MO,school_administrators_fte,Model 1: SCHADM (Peer),6.0,5.387187408942544,0.6128125910574562,0.10085142429073515,1945.0,4.0,,,
2021-2022,2923220,ORRICK R-XI,MO,school_administrators_fte,Model 1: SCHADM (Peer),1.95,0.7954337331796819,1.154566266820318,0.19000858361271636,276.0,2.0,,,
2021-2022,2923550,PARK HILL,MO,school_administrators_fte,Model 1: SCHADM (Peer),48.0,38.2780860091558,9.7219139908442,1.599948968275581,11991.0,20.0,,,
2021-2022,2925230,PLATTE CO. R-III,MO,school_administrators_fte,Model 1: SCHADM (Peer),15.0,12.070804172909392,2.9291958270906076,0.48206184973909627,4273.0,7.0,,,
2021-2022,2925330,PLEASANT HILL R-III,MO,school_administrators_fte,Model 1: SCHADM (Peer),8.38,6.998949764287358,1.3810502357126424,0.22728136680144803,2191.0,5.0,,,
2021-2022,2923730,RAYMORE-PECULIAR R-II,MO,school_administrators_fte,Model 1: SCHADM (Peer),21.51,19.88375761634562,1.6262423836543825,0.26763298115414774,6432.0,11.0,,,
2021-2022,2926070,RAYTOWN C-2,MO,school_administrators_fte,Model 1: SCHADM (Peer),29.93,33.681673665995596,-3.7516736659955967,-0.6174181767982394,8037.0,20.0,,,
2021-2022,2926480,RICHMOND R-XVI,MO,school_administrators_fte,Model 1: SCHADM (Peer),5.0,4.894299489493903,0.10570051050609663,0.017395280691610646,1521.0,4.0,,,
2021-2022,2910320,SHERWOOD CASS R-VIII,MO,school_administrators_fte,Model 1: SCHADM (Peer),3.0,2.7385004683425693,0.2614995316574307,0.043035343274367255,807.0,3.0,,,
2021-2022,2928410,SMITHVILLE R-II,MO,school_administrators_fte,Model 1: SCHADM (Peer),9.9,7.452313652459457,2.447686347540543,0.4028191619569818,2581.0,5.0,,,
2021-2022,2929670,STRASBURG C-3,MO,school_administrators_fte,Model 1: SCHADM (Peer),0.0,-0.7117061864331106,0.7117061864331106,0.1171264814491663,120.0,1.0,,,
2021-2022,2931710,WEST PLATTE CO. R-II,MO,school_administrators_fte,Model 1: SCHADM (Peer),3.53,1.2987838962015248,2.231216103798475,0.367194351506729,709.0,2.0,,,
2022-2023,2003780,Basehor-Linwood,KS,school_administrators_fte,Model 1: SCHADM (Peer),10.9,15.733071780745036,-4.833071780745035,-0.7953853753990452,3043.0,7.0,,,
2022-2023,2012000,Blue Valley,KS,school_administrators_fte,Model 1: SCHADM (Peer),75.0,76.66446978553137,-1.6644697855313666,-0.27392411808978995,22384.0,36.0,,,
2022-2023,2004050,Bonner Springs,KS,school_administrators_fte,Model 1: SCHADM (Peer),11.0,12.473510453303263,-1.4735104533032626,-0.24249767398951472,2520.0,5.0,,,
2022-2023,2005490,De Soto,KS,school_administrators_fte,Model 1: SCHADM (Peer),37.0,28.800387659580267,8.199612340419733,1.3494216588080608,7441.0,13.0,,,
2022-2023,2005640,Easton,KS,school_administrators_fte,Model 1: SCHADM (Peer),3.0,7.642287646864883,-4.642287646864883,-0.7639877639356678,645.0,3.0,,,
2022-2023,2006330,Fort Leavenworth,KS,school_administrators_fte,Model 1: SCHADM (Peer),5.0,10.228201126025644,-5.228201126025644,-0.8604123637999392,1729.0,4.0,,,
2022-2023,2006420,Gardner Edgerton,KS,school_administrators_fte,Model 1: SCHADM (Peer),24.0,24.46670265862306,-0.4667026586230598,-0.07680590857506606,5994.0,11.0,,,
2022-2023,2007950,Kansas City,KS,school_administrators_fte,Model 1: SCHADM (Peer),124.0,85.51607834943775,38.48392165056225,6.33335275317209,22015.0,43.0,,,
2022-2023,2008340,Lansing,KS,school_administrators_fte,Model 1: SCHADM (Peer),10.0,11.30348727104921,-1.3034872710492102,-0.21451672134104546,2654.0,4.0,,,
2022-2023,2008430,Leavenworth,KS,school_administrators_fte,Model 1: SCHADM (Peer),20.0,17.71101266115193,2.28898733884807,0.37670184437291304,3604.0,8.0,,,
2022-2023,2008970,Louisburg,KS,school_administrators_fte,Model 1: SCHADM (Peer),6.0,11.638855910463349,-5.638855910463349,-0.9279943954140129,1802.0,5.0,,,
2022-2023,2010140,Olathe,KS,school_administrators_fte,Model 1: SCHADM (Peer),98.0,104.281820779779,-6.281820779778997,-1.0338080222644277,29034.0,51.0,,,
2022-2023,2010260,Osawatomie,KS,school_administrators_fte,Model 1: SCHADM (Peer),5.0,10.779789465952629,-5.7797894659526285,-0.9511880275437395,1063.0,5.0,,,
2022-2023,2010500,Paola,KS,school_administrators_fte,Model 1: SCHADM (Peer),5.0,10.328173675725132,-5.328173675725132,-0.8768649859788861,1815.0,4.0,,,
2022-2023,2010680,Piper-Kansas City,KS,school_administrators_fte,Model 1: SCHADM (Peer),10.25,11.449958681074044,-1.199958681074044,-0.19747887664567088,2780.0,4.0,,,
2022-2023,2011640,Shawnee Mission Pub Sch,KS,school_administrators_fte,Model 1: SCHADM (Peer),93.0,93.51852343006456,-0.5185234300645618,-0.08533412533167987,26618.0,45.0,,,
2022-2023,2011850,Spring Hill,KS,school_administrators_fte,Model 1: SCHADM (Peer),18.0,22.416688544711885,-4.416688544711885,-0.7268606045025031,5371.0,10.0,,,
2022-2023,2012210,Tonganoxie,KS,school_administrators_fte,Model 1: SCHADM (Peer),7.0,9.152338135930412,-2.152338135930412,-0.3542132941317066,1944.0,3.0,,,
2022-2023,2012360,Turner-Kansas City,KS,school_administrators_fte,Model 1: SCHADM (Peer),20.0,18.04464198398627,1.9553580160137294,0.3217960005896836,3891.0,8.0,,,
2022-2023,2903200,ARCHIE R-V,MO,school_administrators_fte,Model 1: SCHADM (Peer),2.0,3.6249641072913086,-1.6249641072913086,-0.2674226134271552,516.0,2.0,,,
2022-2023,2904620,BELTON 124,MO,school_administrators_fte,Model 1: SCHADM (Peer),16.0,16.027346283474127,-0.027346283474127375,-0.004500416077719529,4342.0,8.0,,,
2022-2023,2905310,BLUE SPRINGS R-IV,MO,school_administrators_fte,Model 1: SCHADM (Peer),50.0,46.50728775718313,3.4927122428168715,0.5748005335822867,14595.0,22.0,,,
2022-2023,2908250,CENTER 58,MO,school_administrators_fte,Model 1: SCHADM (Peer),13.0,13.95349711296381,-0.9534971129638095,-0.15691835204229385,2558.0,8.0,,,
2022-2023,2911070,DREXEL R-IV,MO,school_administrators_fte,Model 1: SCHADM (Peer),0.0,3.362245546453118,-3.362245546453118,-0.5533294470824374,290.0,2.0,,,
2022-2023,2911160,EAST LYNNE 40,MO,school_administrators_fte,Model 1: SCHADM (Peer),1.0,1.8818424715273978,-0.8818424715273978,-0.14512604759007267,157.0,1.0,,,
2022-2023,2911650,EXCELSIOR SPRINGS 40,MO,school_administrators_fte,Model 1: SCHADM (Peer),11.05,14.103455937513043,-3.053455937513043,-0.5025115097191597,2687.0,8.0,,,
2022-2023,2912290,FORT OSAGE R-I,MO,school_administrators_fte,Model 1: SCHADM (Peer),14.9,20.590615016605316,-5.6906150166053155,-0.9365124638261276,4846.0,11.0,,,
2022-2023,2913080,GRAIN VALLEY R-V,MO,school_administrators_fte,Model 1: SCHADM (Peer),20.0,16.21799161080804,3.7820083891919616,0.6224104045762939,4506.0,8.0,,,
2022-2023,2913140,GRANDVIEW C-4,MO,school_administrators_fte,Model 1: SCHADM (Peer),16.25,16.59404675300685,-0.3440467530068503,-0.05662025482124996,3689.0,9.0,,,
2022-2023,2913680,HARDIN-CENTRAL C-2,MO,school_administrators_fte,Model 1: SCHADM (Peer),2.0,3.291334784456969,-1.2913347844569691,-0.21251676964392593,229.0,2.0,,,
2022-2023,2913760,HARRISONVILLE R-IX,MO,school_administrators_fte,Model 1: SCHADM (Peer),7.3,12.21967524926497,-4.91967524926497,-0.8096378292098946,2207.0,7.0,,,
2022-2023,2914340,HICKMAN MILLS C-1,MO,school_administrators_fte,Model 1: SCHADM (Peer),23.0,23.561883410029957,-0.5618834100299566,-0.09246993781422368,5121.0,13.0,,,
2022-2023,2915480,INDEPENDENCE 30,MO,school_administrators_fte,Model 1: SCHADM (Peer),59.0,58.219729921241466,0.7802700787585337,0.12841013700200596,14406.0,31.0,,,
2022-2023,2916400,KANSAS CITY 33,MO,school_administrators_fte,Model 1: SCHADM (Peer),78.0,63.53104467917421,14.468955320825792,2.3811761921965444,14413.0,35.0,,,
2022-2023,2916450,KEARNEY R-I,MO,school_administrators_fte,Model 1: SCHADM (Peer),13.0,16.44525039996575,-3.445250399965751,-0.5669896717937929,3561.0,9.0,,,
2022-2023,2918220,LAWSON R-XIV,MO,school_administrators_fte,Model 1: SCHADM (Peer),6.0,5.61801711730394,0.38198288269606007,0.06286345668600431,1090.0,3.0,,,
2022-2023,2918300,LEE'S SUMMIT R-VII,MO,school_administrators_fte,Model 1: SCHADM (Peer),64.73,59.48450770345561,5.245492296544391,0.8632579958902665,17775.0,29.0,,,
2022-2023,2918540,LIBERTY 53,MO,school_administrators_fte,Model 1: SCHADM (Peer),45.25,41.265712508373596,3.9842874916264037,0.6556997590746455,12367.0,20.0,,,
2022-2023,2919230,LONE JACK C-6,MO,school_administrators_fte,Model 1: SCHADM (Peer),3.0,3.8969824401945674,-0.8969824401945674,-0.14761765338617158,750.0,2.0,,,
2022-2023,2931800,MIDWAY R-I,MO,school_administrators_fte,Model 1: SCHADM (Peer),1.88,3.547078516246358,-1.6670785162463582,-0.27435344054829863,449.0,2.0,,,
2022-2023,2921060,MISSOURI CITY 56,MO,school_administrators_fte,Model 1: SCHADM (Peer),0.38,1.721421403404963,-1.3414214034049632,-0.2207595945018423,19.0,1.0,,,
2022-2023,2922800,NORTH KANSAS CITY 74,MO,school_administrators_fte,Model 1: SCHADM (Peer),75.0,69.35212514683553,5.647874853164467,0.9294786554149942,20561.0,34.0,,,
2022-2023,2922830,NORTH PLATTE CO. R-I,MO,school_administrators_fte,Model 1: SCHADM (Peer),2.4,7.688370091925052,-5.288370091925053,-0.870314454582025,590.0,5.0,,,
2022-2023,2923010,OAK GROVE R-VI,MO,school_administrators_fte,Model 1: SCHADM (Peer),7.0,7.955161693724113,-0.9551616937241132,-0.15719229442365698,1960.0,4.0,,,
2022-2023,2923220,ORRICK R-XI,MO,school_administrators_fte,Model 1: SCHADM (Peer),1.95,3.3634080179612513,-1.4134080179612514,-0.232606532234212,291.0,2.0,,,
2022-2023,2923550,PARK HILL,MO,school_administrators_fte,Model 1: SCHADM (Peer),50.0,40.811186148693366,9.188813851306634,1.5122159335003338,11976.0,20.0,,,
2022-2023,2925230,PLATTE CO. R-III,MO,school_administrators_fte,Model 1: SCHADM (Peer),15.06,14.632966100150295,0.42703389984970563,0.07027756552122161,4283.0,7.0,,,
2022-2023,2925330,PLEASANT HILL R-III,MO,school_administrators_fte,Model 1: SCHADM (Peer),8.0,9.556461805495726,-1.5564618054957258,-0.2561490939138614,2197.0,5.0,,,
2022-2023,2923730,RAYMORE-PECULIAR R-II,MO,school_administrators_fte,Model 1: SCHADM (Peer),24.02,22.370358895557835,1.6496411044421642,0.27148374132530706,6377.0,11.0,,,
2022-2023,2926070,RAYTOWN C-2,MO,school_administrators_fte,Model 1: SCHADM (Peer),31.0,36.203149090451824,-5.203149090451824,-0.8562895153045417,8012.0,20.0,,,
2022-2023,2926480,RICHMOND R-XVI,MO,school_administrators_fte,Model 1: SCHADM (Peer),6.0,7.489010618962545,-1.4890106189625447,-0.24504855790784852,1559.0,4.0,,,
2022-2023,2910320,SHERWOOD CASS R-VIII,MO,school_administrators_fte,Model 1: SCHADM (Peer),3.0,5.279737908437067,-2.279737908437067,-0.37517965268749404,799.0,3.0,,,
2022-2023,2928410,SMITHVILLE R-II,MO,school_administrators_fte,Model 1: SCHADM (Peer),11.9,10.006338279143424,1.893661720856576,0.31164255509776956,2584.0,5.0,,,
2022-2023,2929670,STRASBURG C-3,MO,school_administrators_fte,Model 1: SCHADM (Peer),0.5,1.8458058547752567,-1.3458058547752567,-0.22148114978951114,126.0,1.0,,,
2022-2023,2931710,WEST PLATTE CO. R-II,MO,school_administrators_fte,Model 1: SCHADM (Peer),3.86,5.209989617949051,-1.3499896179490514,-0.22216967754029418,739.0,3.0,,,
2023-2024,2003780,Basehor-Linwood,KS,school_administrators_fte,Model 1: SCHADM (Peer),13.1,17.07815882380013,-3.978158823800131,-0.6546911556479146,3097.0,7.0,,,
2023-2024,2012000,Blue Valley,KS,school_administrators_fte,Model 1: SCHADM (Peer),75.0,79.2830399750644,-4.283039975064398,-0.7048658726708511,22393.0,37.0,,,
2023-2024,2004050,Bonner Springs,KS,school_administrators_fte,Model 1: SCHADM (Peer),11.0,13.802322895244485,-2.802322895244485,-0.4611821940868788,2560.0,5.0,,,
2023-2024,2005490,De Soto,KS,school_administrators_fte,Model 1: SCHADM (Peer),37.0,29.993190935069862,7.006809064930138,1.1531203572564726,7364.0,13.0,,,
2023-2024,2005640,Easton,KS,school_administrators_fte,Model 1: SCHADM (Peer),2.0,8.958312902216637,-6.958312902216637,-1.145139276003145,674.0,3.0,,,
2023-2024,2006330,Fort Leavenworth,KS,school_administrators_fte,Model 1: SCHADM (Peer),6.0,11.416354515482702,-5.416354515482702,-0.8913770299781096,1648.0,4.0,,,
2023-2024,2006420,Gardner Edgerton,KS,school_administrators_fte,Model 1: SCHADM (Peer),25.0,25.633931560933718,-0.6339315609337177,-0.10432700266927145,5895.0,11.0,,,
2023-2024,2007950,Kansas City,KS,school_administrators_fte,Model 1: SCHADM (Peer),141.0,85.77192958937167,55.228070410628334,9.08896070841119,21132.0,43.0,,,
2023-2024,2008340,Lansing,KS,school_administrators_fte,Model 1: SCHADM (Peer),10.0,12.419567427001988,-2.4195674270019882,-0.39819159191809306,2511.0,4.0,,,
2023-2024,2008430,Leavenworth,KS,school_administrators_fte,Model 1: SCHADM (Peer),18.0,18.822442931072175,-0.8224429310721746,-0.13535058222832597,3457.0,8.0,,,
2023-2024,2008970,Louisburg,KS,school_administrators_fte,Model 1: SCHADM (Peer),6.0,12.872345688737617,-6.872345688737617,-1.1309915315733117,1760.0,5.0,,,
2023-2024,2010140,Olathe,KS,school_administrators_fte,Model 1: SCHADM (Peer),99.0,106.37379137612751,-7.373791376127514,-1.213515148933152,28590.0,52.0,,,
2023-2024,2010260,Osawatomie,KS,school_administrators_fte,Model 1: SCHADM (Peer),5.0,12.04350350343837,-7.0435035034383695,-1.1591592122687662,1047.0,5.0,,,
2023-2024,2010500,Paola,KS,school_administrators_fte,Model 1: SCHADM (Peer),6.0,11.604674899800344,-5.604674899800344,-0.9223691787338001,1810.0,4.0,,,
2023-2024,2010680,Piper-Kansas City,KS,school_administrators_fte,Model 1: SCHADM (Peer),13.0,12.72529743364112,0.27470256635887935,0.04520818514157402,2774.0,4.0,,,
2023-2024,2011640,Shawnee Mission Pub Sch,KS,school_administrators_fte,Model 1: SCHADM (Peer),95.5,94.62181639942786,0.8781836005721431,0.14452390208503874,26464.0,45.0,,,
2023-2024,2011850,Spring Hill,KS,school_administrators_fte,Model 1: SCHADM (Peer),19.0,25.329364025802718,-6.329364025802718,-1.0416322806867675,5633.0,11.0,,,
2023-2024,2012210,Tonganoxie,KS,school_administrators_fte,Model 1: SCHADM (Peer),7.0,10.511374837083107,-3.511374837083107,-0.5778718627947986,2010.0,3.0,,,
2023-2024,2012360,Turner-Kansas City,KS,school_administrators_fte,Model 1: SCHADM (Peer),20.0,19.338580280683487,0.6614197193165126,0.10885076729892842,3901.0,8.0,,,
2023-2024,2903200,ARCHIE R-V,MO,school_administrators_fte,Model 1: SCHADM (Peer),2.5,3.9357640167857926,-1.4357640167857926,-0.23628569019506007,524.0,2.0,,,
2023-2024,2904620,BELTON 124,MO,school_administrators_fte,Model 1: SCHADM (Peer),16.0,16.16958782428924,-0.16958782428924124,-0.027909305179947493,4205.0,8.0,,,
2023-2024,2905310,BLUE SPRINGS R-IV,MO,school_administrators_fte,Model 1: SCHADM (Peer),61.0,45.6562017849805,15.343798215019497,2.525150309565474,14744.0,21.0,,,
2023-2024,2908250,CENTER 58,MO,school_administrators_fte,Model 1: SCHADM (Peer),13.0,14.134100213547333,-1.1341002135473328,-0.18664045663179224,2454.0,8.0,,,
2023-2024,2911070,DREXEL R-IV,MO,school_administrators_fte,Model 1: SCHADM (Peer),1.9,3.645146139752396,-1.745146139752396,-0.2872011384195041,274.0,2.0,,,
2023-2024,2911160,EAST LYNNE 40,MO,school_administrators_fte,Model 1: SCHADM (Peer),0.0,2.1938048525300156,-2.1938048525300156,-0.36103752961700225,166.0,1.0,,,
2023-2024,2911650,EXCELSIOR SPRINGS 40,MO,school_administrators_fte,Model 1: SCHADM (Peer),12.59,14.347994971043912,-1.757994971043912,-0.28931568853666917,2638.0,8.0,,,
2023-2024,2912290,FORT OSAGE R-I,MO,school_administrators_fte,Model 1: SCHADM (Peer),15.8,20.83399157862805,-5.033991578628051,-0.8284510272482399,4796.0,11.0,,,
2023-2024,2913080,GRAIN VALLEY R-V,MO,school_administrators_fte,Model 1: SCHADM (Peer),19.0,16.452068400765704,2.547931599234296,0.41931666308412546,4448.0,8.0,,,
2023-2024,2913140,GRANDVIEW C-4,MO,school_administrators_fte,Model 1: SCHADM (Peer),15.95,16.895546890436265,-0.9455468904362654,-0.15560997281342134,3689.0,9.0,,,
2023-2024,2913680,HARDIN-CENTRAL C-2,MO,school_administrators_fte,Model 1: SCHADM (Peer),1.9,3.5870225643457165,-1.6870225643457166,-0.2776356604084886,224.0,2.0,,,
2023-2024,2913760,HARRISONVILLE R-IX,MO,school_administrators_fte,Model 1: SCHADM (Peer),7.3,12.522337858202517,-5.2223378582025175,-0.8594474376225252,2208.0,7.0,,,
2023-2024,2914340,HICKMAN MILLS C-1,MO,school_administrators_fte,Model 1: SCHADM (Peer),20.0,23.70063753632067,-3.70063753632067,-0.6090190896333995,4981.0,13.0,,,
2023-2024,2915480,INDEPENDENCE 30,MO,school_administrators_fte,Model 1: SCHADM (Peer),59.0,58.244561839735084,0.7554381602649158,0.12432351348203001,14168.0,31.0,,,
2023-2024,2916400,KANSAS CITY 33,MO,school_administrators_fte,Model 1: SCHADM (Peer),66.0,61.50761058170126,4.4923894182987425,0.7393188030328458,14694.0,33.0,,,
2023-2024,2916450,KEARNEY R-I,MO,school_administrators_fte,Model 1: SCHADM (Peer),13.0,16.675839775399016,-3.675839775399016,-0.6049380874727642,3500.0,9.0,,,
2023-2024,2918220,LAWSON R-XIV,MO,school_administrators_fte,Model 1: SCHADM (Peer),6.0,5.947416570928562,0.052583429071438204,0.008653728388306208,1114.0,3.0,,,
2023-2024,2918300,LEE'S SUMMIT R-VII,MO,school_administrators_fte,Model 1: SCHADM (Peer),66.5,59.81158221406397,6.688417785936032,1.1007222596375974,17797.0,29.0,,,
2023-2024,2918540,LIBERTY 53,MO,school_administrators_fte,Model 1: SCHADM (Peer),46.7,41.319606214570555,5.3803937854294475,0.8854589223913395,12154.0,20.0,,,
2023-2024,2919230,LONE JACK C-6,MO,school_administrators_fte,Model 1: SCHADM (Peer),3.0,4.186857862542647,-1.186857862542647,-0.19532285663637905,740.0,2.0,,,
2023-2024,2931800,MIDWAY R-I,MO,school_administrators_fte,Model 1: SCHADM (Peer),2.0,3.8288166380375026,-1.8288166380375026,-0.3009709092210596,432.0,2.0,,,
2023-2024,2921060,MISSOURI CITY 56,MO,school_administrators_fte,Model 1: SCHADM (Peer),1.0,2.0229215408343784,-1.0229215408343784,-0.16834362713208034,19.0,1.0,,,
2023-2024,2922800,NORTH KANSAS CITY 74,MO,school_administrators_fte,Model 1: SCHADM (Peer),76.0,70.1813873489576,5.8186126510424,0.9575772133550983,21015.0,34.0,,,
2023-2024,2922830,NORTH PLATTE CO. R-I,MO,school_administrators_fte,Model 1: SCHADM (Peer),2.4,7.943371369029124,-5.543371369029124,-0.912280371025623,550.0,5.0,,,
2023-2024,2923010,OAK GROVE R-VI,MO,school_administrators_fte,Model 1: SCHADM (Peer),6.0,8.286886090365002,-2.2868860903650017,-0.37635603897433184,1986.0,4.0,,,
2023-2024,2923220,ORRICK R-XI,MO,school_administrators_fte,Model 1: SCHADM (Peer),2.95,3.64979602578493,-0.6997960257849298,-0.11516640967122226,278.0,2.0,,,
2023-2024,2923550,PARK HILL,MO,school_administrators_fte,Model 1: SCHADM (Peer),50.0,41.04177552412663,8.958224475873372,1.474267517821363,11915.0,20.0,,,
2023-2024,2925230,PLATTE CO. R-III,MO,school_administrators_fte,Model 1: SCHADM (Peer),17.1,16.26026060192366,0.8397393980763397,0.13819708596865823,4283.0,8.0,,,
2023-2024,2925330,PLEASANT HILL R-III,MO,school_administrators_fte,Model 1: SCHADM (Peer),9.5,9.78007635188019,-0.2800763518801901,-0.046092556532706726,2130.0,5.0,,,
2023-2024,2923730,RAYMORE-PECULIAR R-II,MO,school_administrators_fte,Model 1: SCHADM (Peer),23.5,23.924417692318787,-0.42441769231878723,-0.0698470125926697,6314.0,12.0,,,
2023-2024,2926070,RAYTOWN C-2,MO,school_administrators_fte,Model 1: SCHADM (Peer),33.0,36.43606340890136,-3.4360634089013615,-0.5654777558388822,7953.0,20.0,,,
2023-2024,2926480,RICHMOND R-XVI,MO,school_administrators_fte,Model 1: SCHADM (Peer),5.9,7.778886041310624,-1.8788860413106239,-0.30921090087130954,1549.0,4.0,,,
2023-2024,2910320,SHERWOOD CASS R-VIII,MO,school_administrators_fte,Model 1: SCHADM (Peer),3.0,5.556826144195677,-2.5568261441956768,-0.42078045077527804,778.0,3.0,,,
2023-2024,2928410,SMITHVILLE R-II,MO,school_administrators_fte,Model 1: SCHADM (Peer),11.85,10.252039784182427,1.5979602158175723,0.262978545279307,2536.0,5.0,,,
2023-2024,2929670,STRASBURG C-3,MO,school_administrators_fte,Model 1: SCHADM (Peer),0.17,2.1566057642697407,-1.9866057642697408,-0.32693848617742116,134.0,1.0,,,
2023-2024,2931710,WEST PLATTE CO. R-II,MO,school_administrators_fte,Model 1: SCHADM (Peer),4.86,5.502189983313398,-0.6421899833133979,-0.10568610277840602,731.0,3.0,,,
2014-2015,2003780,Basehor-Linwood,KS,lea_administrators_fte,Model 2: LEAADM (Peer),,1.7872571215177084,1.2127428784822916,0.7374234557337102,2414.0,5.0,3.0,,
2014-2015,2012000,Blue Valley,KS,lea_administrators_fte,Model 2: LEAADM (Peer),,6.998498572566515,-0.9984985725665148,-0.6071495293781086,22398.0,34.0,6.0,,
2014-2015,2004050,Bonner Springs,KS,lea_administrators_fte,Model 2: LEAADM (Peer),,1.7864804079891012,-0.7864804079891012,-0.47822923607021617,2660.0,5.0,1.0,,
2014-2015,2005490,De Soto,KS,lea_administrators_fte,Model 2: LEAADM (Peer),,3.0456125664511156,-1.0456125664511156,-0.6357977818644714,7089.0,12.0,2.0,,
2014-2015,2005640,Easton,KS,lea_administrators_fte,Model 2: LEAADM (Peer),,1.429113982837819,-0.429113982837819,-0.2609281173631242,639.0,3.0,1.0,,
2014-2015,2006330,Ft Leavenworth,KS,lea_administrators_fte,Model 2: LEAADM (Peer),,1.607419889451393,2.0925801105486075,1.272419474811961,1769.0,4.0,3.7,,
2014-2015,2006420,Gardner Edgerton,KS,lea_administrators_fte,Model 2: LEAADM (Peer),,2.8680296980410014,-0.8680296980410014,-0.5278163005252651,5730.0,11.0,2.0,,
2014-2015,2007950,Kansas City,KS,lea_administrators_fte,Model 2: LEAADM (Peer),,8.636211539101406,-4.6362115391014065,-2.819106337656044,22129.0,43.0,4.0,,
2014-2015,2008340,Lansing,KS,lea_administrators_fte,Model 2: LEAADM (Peer),,1.423228641303982,1.576771358696018,0.9587755202378072,2503.0,3.0,3.0,,
2014-2015,2008430,Leavenworth,KS,lea_administrators_fte,Model 2: LEAADM (Peer),,2.1462969538647703,0.8537030461352297,0.5191048008785554,3905.0,7.0,3.0,,
2014-2015,2008970,Louisburg,KS,lea_administrators_fte,Model 2: LEAADM (Peer),,1.7892399511761041,0.21076004882389587,0.1281552803087371,1786.0,5.0,2.0,,
2014-2015,2010140,Olathe,KS,lea_administrators_fte,Model 2: LEAADM (Peer),,9.522951338742862,-0.5229513387428621,-0.31798709375143325,29296.0,48.0,9.0,,
2014-2015,2010260,Osawatomie,KS,lea_administrators_fte,Model 2: LEAADM (Peer),,1.6089606870203372,-0.6089606870203372,-0.37028615232150264,1281.0,4.0,1.0,,
2014-2015,2010500,Paola,KS,lea_administrators_fte,Model 2: LEAADM (Peer),,1.6066116022021106,2.3933883977978896,1.455329711295319,2025.0,4.0,4.0,,
2014-2015,2010680,Piper-Kansas City,KS,lea_administrators_fte,Model 2: LEAADM (Peer),,1.606526353156288,-0.6065263531562879,-0.3688059252079999,2052.0,4.0,1.0,,
2014-2015,2011640,Shawnee Mission Pub Sch,KS,lea_administrators_fte,Model 2: LEAADM (Peer),,8.619348014888839,-3.619348014888839,-2.200789770031409,27470.0,43.0,5.0,,
2014-2015,2011850,Spring Hill,KS,lea_administrators_fte,Model 2: LEAADM (Peer),,2.148052452734305,1.851947547265695,1.1260998389463466,3349.0,7.0,4.0,,
2014-2015,2012210,Tonganoxie,KS,lea_administrators_fte,Model 2: LEAADM (Peer),,1.4248641600349519,1.0751358399650481,0.6537497771022927,1985.0,3.0,2.5,,
2014-2015,2012360,Turner-Kansas City,KS,lea_administrators_fte,Model 2: LEAADM (Peer),,2.1452960669193697,2.8547039330806303,1.7358383848548582,4222.0,7.0,5.0,,
2014-2015,2903200,ARCHIE R-V,MO,lea_administrators_fte,Model 2: LEAADM (Peer),,1.7684597507122937,-0.7684597507122937,-0.46727155031551865,544.0,2.0,1.0,,
2014-2015,2904620,BELTON 124,MO,lea_administrators_fte,Model 2: LEAADM (Peer),,3.027598223918443,1.9724017760815569,1.1993435373816608,4971.0,9.0,5.0,,
2014-2015,2905310,BLUE SPRINGS R-IV,MO,lea_administrators_fte,Model 2: LEAADM (Peer),,5.36197755778561,0.6380224422143899,0.387957515580057,14466.0,22.0,6.0,,
2014-2015,2908250,CENTER 58,MO,lea_administrators_fte,Model 2: LEAADM (Peer),,2.8530937932741507,-1.8530937932741507,-1.1267968281496428,2637.0,8.0,1.0,,
2014-2015,2911070,DREXEL R-IV,MO,lea_administrators_fte,Model 2: LEAADM (Peer),,1.7691164841023355,-0.7691164841023355,-0.4676708852566452,336.0,2.0,1.0,,
2014-2015,2911160,EAST LYNNE 40,MO,lea_administrators_fte,Model 2: LEAADM (Peer),,1.5876532054212529,-0.5876532054212529,-0.3573298719816477,206.0,1.0,1.0,,
2014-2015,2911650,EXCELSIOR SPRINGS 40,MO,lea_administrators_fte,Model 2: LEAADM (Peer),,2.670478073788427,1.329521926211573,0.8084324144023353,2872.0,7.0,4.0,,
2014-2015,2912290,FORT OSAGE R-I,MO,lea_administrators_fte,Model 2: LEAADM (Peer),,3.5728373930478514,3.1771626069521486,1.9319134093606538,5092.0,12.0,6.75,,
2014-2015,2913080,GRAIN VALLEY R-V,MO,lea_administrators_fte,Model 2: LEAADM (Peer),,2.848717675588583,0.15128232441141698,0.0919891070385076,4023.0,8.0,3.0,,
2014-2015,2913140,GRANDVIEW C-4,MO,lea_administrators_fte,Model 2: LEAADM (Peer),,3.0295179061354887,0.9704820938645113,0.5901137595471807,4363.0,9.0,4.0,,
2014-2015,2913680,HARDIN-CENTRAL C-2,MO,lea_administrators_fte,Model 2: LEAADM (Peer),,1.7694322213090867,-0.8994322213090867,-0.5469109970499644,236.0,2.0,0.87,,
2014-2015,2913760,HARRISONVILLE R-IX,MO,lea_administrators_fte,Model 2: LEAADM (Peer),,2.671308462642182,2.328691537357818,1.4159899771708477,2609.0,7.0,5.0,,
2014-2015,2914340,HICKMAN MILLS C-1,MO,lea_administrators_fte,Model 2: LEAADM (Peer),,4.11325841240224,-0.6132584124022404,-0.37289943792321545,6739.0,15.0,3.5,,
2014-2015,2915480,INDEPENDENCE 30,MO,lea_administrators_fte,Model 2: LEAADM (Peer),,6.815076188316044,0.184923811683956,0.11244523359320135,15065.0,30.0,7.0,,
2014-2015,2916400,KANSAS CITY 33,MO,lea_administrators_fte,Model 2: LEAADM (Peer),,8.087178831231386,-2.0871788312313857,-1.2691351594552933,15386.0,37.0,6.0,,
2014-2015,2916450,KEARNEY R-I,MO,lea_administrators_fte,Model 2: LEAADM (Peer),,2.668492086757964,1.331507913242036,0.8096400186233382,3501.0,7.0,4.0,,
2014-2015,2918220,LAWSON R-XIV,MO,lea_administrators_fte,Model 2: LEAADM (Peer),,1.9484264350333773,-0.9484264350333773,-0.5767025406958337,1148.0,3.0,1.0,,
2014-2015,2918300,LEE'S SUMMIT R-VII,MO,lea_administrators_fte,Model 2: LEAADM (Peer),,6.26066801070259,-0.2606680107025898,-0.15850243993359583,17848.0,27.0,6.0,,
2014-2015,2918540,LIBERTY 53,MO,lea_administrators_fte,Model 2: LEAADM (Peer),,5.005987746855762,-1.5059877468557623,-0.9157346608943343,12009.0,20.0,3.5,,
2014-2015,2919230,LONE JACK C-6,MO,lea_administrators_fte,Model 2: LEAADM (Peer),,1.7682703083882432,-0.7682703083882432,-0.46715635754403984,604.0,2.0,1.0,,
2014-2015,2931800,MIDWAY R-I,MO,lea_administrators_fte,Model 2: LEAADM (Peer),,1.7687975895235173,-0.7687975895235173,-0.467476977424656,437.0,2.0,1.0,,
2014-2015,2921060,MISSOURI CITY 56,MO,lea_administrators_fte,Model 2: LEAADM (Peer),,1.588180486556527,-1.588180486556527,-0.9657129829457585,39.0,1.0,0.0,,
2014-2015,2922800,NORTH KANSAS CITY 74,MO,lea_administrators_fte,Model 2: LEAADM (Peer),,7.163677748607921,-0.6636777486079213,-0.40355754509521796,19862.0,32.0,6.5,,
2014-2015,2922830,NORTH PLATTE CO. R-I,MO,lea_administrators_fte,Model 2: LEAADM (Peer),,2.3138820474216177,-1.3138820474216177,-0.7989223907450712,607.0,5.0,1.0,,
2014-2015,2923010,OAK GROVE R-VI,MO,lea_administrators_fte,Model 2: LEAADM (Peer),,2.127600618965516,-0.1276006189655159,-0.07758915023196741,2003.0,4.0,2.0,,
2014-2015,2923220,ORRICK R-XI,MO,lea_administrators_fte,Model 2: LEAADM (Peer),,1.769075438265458,-0.7690754382654581,-0.4676459268228249,349.0,2.0,1.0,,
2014-2015,2923550,PARK HILL,MO,lea_administrators_fte,Model 2: LEAADM (Peer),,4.4637922843994335,0.5362077156005665,0.32604779928627053,10924.0,17.0,5.0,,
2014-2015,2925230,PLATTE CO. R-III,MO,lea_administrators_fte,Model 2: LEAADM (Peer),,2.848903960540566,1.1510960394594338,0.6999383252300481,3964.0,8.0,4.0,,
2014-2015,2925330,PLEASANT HILL R-III,MO,lea_administrators_fte,Model 2: LEAADM (Peer),,2.3088207799974003,0.6911792200025997,0.4202801582999276,2210.0,5.0,3.0,,
2014-2015,2923730,RAYMORE-PECULIAR R-II,MO,lea_administrators_fte,Model 2: LEAADM (Peer),,3.206109359716405,0.7938906402835948,0.4827351203787133,6036.0,10.0,4.0,,
2014-2015,2926070,RAYTOWN C-2,MO,lea_administrators_fte,Model 2: LEAADM (Peer),,4.83325775931341,4.16674224068659,2.5336396665747105,9113.0,19.0,9.0,,
2014-2015,2926480,RICHMOND R-XVI,MO,lea_administrators_fte,Model 2: LEAADM (Peer),,2.1289172431176673,-0.12891724311766728,-0.07838973999374528,1586.0,4.0,2.0,,
2014-2015,2910320,SHERWOOD CASS R-VIII,MO,lea_administrators_fte,Model 2: LEAADM (Peer),,1.9494652104435874,-0.9494652104435874,-0.5773341810594423,819.0,3.0,1.0,,
2014-2015,2928410,SMITHVILLE R-II,MO,lea_administrators_fte,Model 2: LEAADM (Peer),,2.1258293332356435,0.8741706667643565,0.5315503932648542,2564.0,4.0,3.0,,
2014-2015,2929670,STRASBURG C-3,MO,lea_administrators_fte,Model 2: LEAADM (Peer),,1.5878426477453034,-1.5878426477453034,-0.9655075558366212,146.0,1.0,0.0,,
2014-2015,2931710,WEST PLATTE CO. R-II,MO,lea_administrators_fte,Model 2: LEAADM (Peer),,1.7682987247368507,-1.3382987247368507,-0.8137692563773536,595.0,2.0,0.43,,
2015-2016,2003780,Basehor-Linwood,KS,lea_administrators_fte,Model 2: LEAADM (Peer),,2.4680465299549943,0.031953470045005705,0.019429706594327998,2454.0,5.0,2.5,,
2015-2016,2012000,Blue Valley,KS,lea_administrators_fte,Model 2: LEAADM (Peer),,7.67873228351992,0.32126771648008035,0.19535084798758356,22614.0,34.0,8.0,,
2015-2016,2004050,Bonner Springs,KS,lea_administrators_fte,Model 2: LEAADM (Peer),,2.4670551151257962,-1.4670551151257962,-0.8920611878601749,2768.0,5.0,1.0,,
2015-2016,2005490,De Soto,KS,lea_administrators_fte,Model 2: LEAADM (Peer),,3.7266387777934646,-1.7266387777934646,-1.0499042764264548,7054.0,12.0,2.0,,
2015-2016,2005640,Easton,KS,lea_administrators_fte,Model 2: LEAADM (Peer),,2.1100865188550206,-1.1100865188550206,-0.6750019739731887,621.0,3.0,1.0,,
2015-2016,2006330,Ft Leavenworth,KS,lea_administrators_fte,Model 2: LEAADM (Peer),,2.2880387997970333,-0.5880387997970333,-0.3575643374583325,1863.0,4.0,1.7,,
2015-2016,2007950,Kansas City,KS,lea_administrators_fte,Model 2: LEAADM (Peer),,9.31737036007059,5.682629639929409,3.4553939347603793,22052.0,43.0,15.0,,
2015-2016,2008340,Lansing,KS,lea_administrators_fte,Model 2: LEAADM (Peer),,2.1037117846507196,0.8962882153492804,0.5449992449540632,2640.0,3.0,3.0,,
2015-2016,2008430,Leavenworth,KS,lea_administrators_fte,Model 2: LEAADM (Peer),,2.8274305158574142,-0.8274305158574142,-0.5031294606707604,3836.0,7.0,2.0,,
2015-2016,2008970,Louisburg,KS,lea_administrators_fte,Model 2: LEAADM (Peer),,2.288253501097624,-0.7882535010976239,-0.47930738748270746,1795.0,4.0,1.5,,
2015-2016,2010260,Osawatomie,KS,lea_administrators_fte,Model 2: LEAADM (Peer),,2.2901794980588046,-1.2901794980588046,-0.7845097595344895,1185.0,4.0,1.0,,
2015-2016,2010500,Paola,KS,lea_administrators_fte,Model 2: LEAADM (Peer),,2.287549407126569,1.7124505928734308,1.0412769733600258,2018.0,4.0,4.0,,
2015-2016,2010680,Piper-Kansas City,KS,lea_administrators_fte,Model 2: LEAADM (Peer),,2.2872020961991435,-1.2872020961991435,-0.7826993131427474,2128.0,4.0,1.0,,
2015-2016,2011640,Shawnee Mission Pub Sch,KS,lea_administrators_fte,Model 2: LEAADM (Peer),,9.299717492841147,-1.2997174928411468,-0.790309456401782,27643.0,43.0,8.0,,
2015-2016,2011850,Spring Hill,KS,lea_administrators_fte,Model 2: LEAADM (Peer),,2.828020944434039,-0.828020944434039,-0.5034884781418697,3649.0,7.0,2.0,,
2015-2016,2012210,Tonganoxie,KS,lea_administrators_fte,Model 2: LEAADM (Peer),,2.1058398534242206,0.39416014657577936,0.2396740006127038,1966.0,3.0,2.5,,
2015-2016,2012360,Turner-Kansas City,KS,lea_administrators_fte,Model 2: LEAADM (Peer),,2.826126521193533,2.173873478806467,1.321850922823403,4249.0,7.0,5.0,,
2015-2016,2903200,ARCHIE R-V,MO,lea_administrators_fte,Model 2: LEAADM (Peer),,1.8847575369115568,-0.8847575369115568,-0.5379878718993383,546.0,2.0,1.0,,
2015-2016,2904620,BELTON 124,MO,lea_administrators_fte,Model 2: LEAADM (Peer),,3.1440507213490143,2.8559492786509857,1.7365956327846281,4924.0,9.0,6.0,,
2015-2016,2905310,BLUE SPRINGS R-IV,MO,lea_administrators_fte,Model 2: LEAADM (Peer),,5.478752107167066,0.5212478928329336,0.3169512921880161,14317.0,22.0,6.0,,
2015-2016,2908250,CENTER 58,MO,lea_administrators_fte,Model 2: LEAADM (Peer),,2.9692652845907133,-1.9692652845907133,-1.1974363545524762,2679.0,8.0,1.0,,
2015-2016,2911070,DREXEL R-IV,MO,lea_administrators_fte,Model 2: LEAADM (Peer),,1.8854300571619362,-0.28543005716193615,-0.17355931158799118,333.0,2.0,1.6,,
2015-2016,2911160,EAST LYNNE 40,MO,lea_administrators_fte,Model 2: LEAADM (Peer),,1.703995194829461,-0.7039951948294609,-0.4280730718788122,194.0,1.0,1.0,,
2015-2016,2911650,EXCELSIOR SPRINGS 40,MO,lea_administrators_fte,Model 2: LEAADM (Peer),,2.7865485291988294,1.2134514708011706,0.7378543241442903,2946.0,7.0,4.0,,
2015-2016,2912290,FORT OSAGE R-I,MO,lea_administrators_fte,Model 2: LEAADM (Peer),,3.5072930159179307,3.2427069840820693,1.9717684865947893,5084.0,11.0,6.75,,
2015-2016,2913080,GRAIN VALLEY R-V,MO,lea_administrators_fte,Model 2: LEAADM (Peer),,2.9647123540693654,0.035287645930634604,0.02145709388905402,4121.0,8.0,3.0,,
2015-2016,2913140,GRANDVIEW C-4,MO,lea_administrators_fte,Model 2: LEAADM (Peer),,3.1456609811034437,0.8543390188965563,0.5194915120600689,4414.0,9.0,4.0,,
2015-2016,2913680,HARDIN-CENTRAL C-2,MO,lea_administrators_fte,Model 2: LEAADM (Peer),,1.885764738601092,-0.8857647386010921,-0.5386003134677005,227.0,2.0,1.0,,
2015-2016,2913760,HARRISONVILLE R-IX,MO,lea_administrators_fte,Model 2: LEAADM (Peer),,2.7878335796303055,1.2121664203696945,0.737072933177759,2539.0,7.0,4.0,,
2015-2016,2914340,HICKMAN MILLS C-1,MO,lea_administrators_fte,Model 2: LEAADM (Peer),,4.230819147428507,0.26918085257149293,0.16367877976660092,6341.0,15.0,4.5,,
2015-2016,2915480,INDEPENDENCE 30,MO,lea_administrators_fte,Model 2: LEAADM (Peer),,6.931323456562227,2.068676543437773,1.2578846122487655,15083.0,30.0,9.0,,
2015-2016,2916400,KANSAS CITY 33,MO,lea_administrators_fte,Model 2: LEAADM (Peer),,8.202415740415965,-2.202415740415965,-1.3392064015188312,15724.0,37.0,6.0,,
2015-2016,2916450,KEARNEY R-I,MO,lea_administrators_fte,Model 2: LEAADM (Peer),,2.784871964630982,0.9151280353690181,0.5564550328468296,3477.0,7.0,3.7,,
2015-2016,2918220,LAWSON R-XIV,MO,lea_administrators_fte,Model 2: LEAADM (Peer),,2.0647715818136527,-1.0647715818136527,-0.6474476604725228,1135.0,3.0,1.0,,
2015-2016,2918300,LEE'S SUMMIT R-VII,MO,lea_administrators_fte,Model 2: LEAADM (Peer),,6.376226971838054,-0.3762269718380544,-0.22876950970864718,18084.0,27.0,6.0,,
2015-2016,2918540,LIBERTY 53,MO,lea_administrators_fte,Model 2: LEAADM (Peer),,5.121508819526417,0.8784911804735831,0.5341775355936469,12257.0,20.0,6.0,,
2015-2016,2919230,LONE JACK C-6,MO,lea_administrators_fte,Model 2: LEAADM (Peer),,1.8845901961919787,-0.8845901961919787,-0.5378861182845319,599.0,2.0,1.0,,
2015-2016,2931800,MIDWAY R-I,MO,lea_administrators_fte,Model 2: LEAADM (Peer),,1.885142736303793,-0.8851427363037929,-0.5382220972013452,424.0,2.0,1.0,,
2015-2016,2921060,MISSOURI CITY 56,MO,lea_administrators_fte,Model 2: LEAADM (Peer),,1.7045003743602625,-1.7045003743602625,-1.0364427436862504,34.0,1.0,0.0,,
2015-2016,2922800,NORTH KANSAS CITY 74,MO,lea_administrators_fte,Model 2: LEAADM (Peer),,7.279555604322205,-1.279555604322205,-0.7780497682440064,19997.0,32.0,6.0,,
2015-2016,2922830,NORTH PLATTE CO. R-I,MO,lea_administrators_fte,Model 2: LEAADM (Peer),,2.430135630411935,-1.430135630411935,-0.8696118340155453,623.0,5.0,1.0,,
2015-2016,2923010,OAK GROVE R-VI,MO,lea_administrators_fte,Model 2: LEAADM (Peer),,2.2437942118865513,-0.24379421188655126,-0.1482421157914737,2038.0,4.0,2.0,,
2015-2016,2923220,ORRICK R-XI,MO,lea_administrators_fte,Model 2: LEAADM (Peer),,1.8854395292781387,-0.8854395292781387,-0.538402565876662,330.0,2.0,1.0,,
2015-2016,2923550,PARK HILL,MO,lea_administrators_fte,Model 2: LEAADM (Peer),,4.578160916265448,-0.578160916265448,-0.3515579669914841,11537.0,17.0,4.0,,
2015-2016,2925230,PLATTE CO. R-III,MO,lea_administrators_fte,Model 2: LEAADM (Peer),,2.9649996749275087,1.0350003250724913,0.6293448759358059,4030.0,8.0,4.0,,
2015-2016,2925330,PLEASANT HILL R-III,MO,lea_administrators_fte,Model 2: LEAADM (Peer),,2.425525867193372,0.5744741328066278,0.3493161722574285,2083.0,5.0,3.0,,
2015-2016,2923730,RAYMORE-PECULIAR R-II,MO,lea_administrators_fte,Model 2: LEAADM (Peer),,3.3222366478240226,0.6777633521759774,0.4121224722892248,6092.0,10.0,4.0,,
2015-2016,2926070,RAYTOWN C-2,MO,lea_administrators_fte,Model 2: LEAADM (Peer),,4.9483462720108164,3.0516537279891836,1.8555961677653363,9498.0,19.0,8.0,,
2015-2016,2926480,RICHMOND R-XVI,MO,lea_administrators_fte,Model 2: LEAADM (Peer),,2.2451897703403905,-0.24518977034039047,-0.1490907025413678,1596.0,4.0,2.0,,
2015-2016,2910320,SHERWOOD CASS R-VIII,MO,lea_administrators_fte,Model 2: LEAADM (Peer),,2.06567459022496,-1.06567459022496,-0.6479967460165716,849.0,3.0,1.0,,
2015-2016,2928410,SMITHVILLE R-II,MO,lea_administrators_fte,Model 2: LEAADM (Peer),,2.2419471492270584,0.7580528507729416,0.4609435048139396,2623.0,4.0,3.0,,
2015-2016,2929670,STRASBURG C-3,MO,lea_administrators_fte,Model 2: LEAADM (Peer),,1.7041151749680263,-1.7041151749680263,-1.0362085183842435,156.0,1.0,0.0,,
2015-2016,2931710,WEST PLATTE CO. R-II,MO,lea_administrators_fte,Model 2: LEAADM (Peer),,1.8846438715171263,-0.8846438715171263,-0.5379187562364509,582.0,2.0,1.0,,
2016-2017,2003780,Basehor-Linwood,KS,lea_administrators_fte,Model 2: LEAADM (Peer),,1.7651328224453982,1.7348671775546018,1.0549076576828427,2537.0,5.0,3.5,,
2016-2017,2012000,Blue Valley,KS,lea_administrators_fte,Model 2: LEAADM (Peer),,6.975884880823741,-1.9758848808237408,-1.201461482727898,22676.0,34.0,5.0,,
2016-2017,2004050,Bonner Springs,KS,lea_administrators_fte,Model 2: LEAADM (Peer),,1.764548708612909,-0.764548708612909,-0.4648933923138344,2722.0,5.0,1.0,,
2016-2017,2005490,De Soto,KS,lea_administrators_fte,Model 2: LEAADM (Peer),,3.023560886936358,0.9764391130636421,0.5937359994808363,7189.0,12.0,4.0,,
2016-2017,2005640,Easton,KS,lea_administrators_fte,Model 2: LEAADM (Peer),,1.4074727616918377,-0.40747276169183766,-0.24776890252301,609.0,3.0,1.0,,
2016-2017,2006330,Ft Leavenworth,KS,lea_administrators_fte,Model 2: LEAADM (Peer),,1.5855292359120783,1.4144707640879217,0.8600866163760759,1818.0,4.0,3.0,,
2016-2017,2006420,Gardner Edgerton,KS,lea_administrators_fte,Model 2: LEAADM (Peer),,2.845327599880337,-0.8453275998803371,-0.5140120061648695,6036.0,11.0,2.0,,
2016-2017,2007950,Kansas City,KS,lea_administrators_fte,Model 2: LEAADM (Peer),,8.614743973419136,-1.6147439734191362,-0.9818652429393003,22044.0,43.0,7.0,,
2016-2017,2008340,Lansing,KS,lea_administrators_fte,Model 2: LEAADM (Peer),,1.4009464736282964,0.5990535263717036,0.3642619795379301,2676.0,3.0,2.0,,
2016-2017,2008430,Leavenworth,KS,lea_administrators_fte,Model 2: LEAADM (Peer),,2.124671519579126,-0.12467151957912614,-0.07580807476244814,3870.0,7.0,2.0,,
2016-2017,2008970,Louisburg,KS,lea_administrators_fte,Model 2: LEAADM (Peer),,1.5856176423299686,-0.38561764232996865,-0.23447962420090482,1790.0,4.0,1.2,,
2016-2017,2010140,Olathe,KS,lea_administrators_fte,Model 2: LEAADM (Peer),,9.500852298647091,-4.500852298647091,-2.7367994607142236,29411.0,48.0,5.0,,
2016-2017,2010260,Osawatomie,KS,lea_administrators_fte,Model 2: LEAADM (Peer),,1.5876131014766344,-0.6876131014766343,-0.41811173538553015,1158.0,4.0,0.9,,
2016-2017,2010500,Paola,KS,lea_administrators_fte,Model 2: LEAADM (Peer),,1.584863030405834,2.4151369695941662,1.4685542020392712,2029.0,4.0,4.0,,
2016-2017,2010680,Piper-Kansas City,KS,lea_administrators_fte,Model 2: LEAADM (Peer),,1.5841021037375642,-0.5841021037375642,-0.35517058024577314,2270.0,4.0,1.0,,
2016-2017,2011640,Shawnee Mission Pub Sch,KS,lea_administrators_fte,Model 2: LEAADM (Peer),,8.597479462953997,1.4025205370460032,0.8528201315519536,27512.0,43.0,10.0,,
2016-2017,2011850,Spring Hill,KS,lea_administrators_fte,Model 2: LEAADM (Peer),,2.1245168083478183,0.8754831916521817,0.5323484904177542,3919.0,7.0,3.0,,
2016-2017,2012210,Tonganoxie,KS,lea_administrators_fte,Model 2: LEAADM (Peer),,1.4031976799124304,0.5968023200875696,0.36289310543685677,1963.0,3.0,2.0,,
2016-2017,2012360,Turner-Kansas City,KS,lea_administrators_fte,Model 2: LEAADM (Peer),,2.123939009259464,1.8760609907405361,1.1407623194542595,4102.0,7.0,4.0,,
2016-2017,2903200,ARCHIE R-V,MO,lea_administrators_fte,Model 2: LEAADM (Peer),,1.9091256039986781,-0.9091256039986781,-0.552805179475223,547.0,2.0,1.0,,
2016-2017,2904620,BELTON 124,MO,lea_administrators_fte,Model 2: LEAADM (Peer),,3.1682798640651653,1.8317201359348347,1.1138003088243331,4969.0,9.0,5.0,,
2016-2017,2905310,BLUE SPRINGS R-IV,MO,lea_administrators_fte,Model 2: LEAADM (Peer),,5.503120174254188,0.496879825745812,0.30213398461213126,14318.0,22.0,6.0,,
2016-2017,2908250,CENTER 58,MO,lea_administrators_fte,Model 2: LEAADM (Peer),,2.9937438597001975,-1.9937438597001975,-1.2123208579117237,2645.0,8.0,1.0,,
2016-2017,2911070,DREXEL R-IV,MO,lea_administrators_fte,Model 2: LEAADM (Peer),,1.9098644290624756,-0.9098644290624756,-0.5532544312839905,313.0,2.0,1.0,,
2016-2017,2911160,EAST LYNNE 40,MO,lea_administrators_fte,Model 2: LEAADM (Peer),,1.7283569471724474,-0.7283569471724474,-0.44288653969564773,197.0,1.0,1.0,,
2016-2017,2911650,EXCELSIOR SPRINGS 40,MO,lea_administrators_fte,Model 2: LEAADM (Peer),,2.8109450126345585,1.1890549873654415,0.7230197376526837,2938.0,7.0,4.0,,
2016-2017,2912290,FORT OSAGE R-I,MO,lea_administrators_fte,Model 2: LEAADM (Peer),,3.532450426021929,3.217549573978071,1.956471209137743,4835.0,11.0,6.75,,
2016-2017,2913080,GRAIN VALLEY R-V,MO,lea_administrators_fte,Model 2: LEAADM (Peer),,2.988654175927373,1.011345824072627,0.6149614611324914,4257.0,8.0,4.0,,
2016-2017,2913140,GRANDVIEW C-4,MO,lea_administrators_fte,Model 2: LEAADM (Peer),,3.1699311696564725,0.8300688303435275,0.5047337207494481,4446.0,9.0,4.0,,
2016-2017,2913680,HARDIN-CENTRAL C-2,MO,lea_administrators_fte,Model 2: LEAADM (Peer),,1.910091759851336,-0.9100917598513361,-0.553392662609765,241.0,2.0,1.0,,
2016-2017,2913760,HARRISONVILLE R-IX,MO,lea_administrators_fte,Model 2: LEAADM (Peer),,2.8124573938548956,1.1875426061451044,0.7221001153603777,2459.0,7.0,4.0,,
2016-2017,2914340,HICKMAN MILLS C-1,MO,lea_administrators_fte,Model 2: LEAADM (Peer),,4.255231417724574,0.7447685822754258,0.45286583941911807,6328.0,15.0,5.0,,
2016-2017,2915480,INDEPENDENCE 30,MO,lea_administrators_fte,Model 2: LEAADM (Peer),,6.9556567925566055,2.0443432074433945,1.243088423347652,15095.0,30.0,9.0,,
2016-2017,2916400,KANSAS CITY 33,MO,lea_administrators_fte,Model 2: LEAADM (Peer),,7.864005646628095,-1.8640056466280948,-1.1334319168823797,15418.0,35.0,6.0,,
2016-2017,2916450,KEARNEY R-I,MO,lea_administrators_fte,Model 2: LEAADM (Peer),,2.809309493903589,0.8906905060964112,0.5415954879214024,3456.0,7.0,3.7,,
2016-2017,2918220,LAWSON R-XIV,MO,lea_administrators_fte,Model 2: LEAADM (Peer),,2.089108075180099,-1.089108075180099,-0.662245769253161,1146.0,3.0,1.0,,
2016-2017,2918300,LEE'S SUMMIT R-VII,MO,lea_administrators_fte,Model 2: LEAADM (Peer),,6.400039341441295,-0.40003934144129527,-0.24324891848819472,18261.0,27.0,6.0,,
2016-2017,2918540,LIBERTY 53,MO,lea_administrators_fte,Model 2: LEAADM (Peer),,5.1453432907341305,-0.14534329073413055,-0.08837780342606803,12427.0,20.0,5.0,,
2016-2017,2919230,LONE JACK C-6,MO,lea_administrators_fte,Model 2: LEAADM (Peer),,1.9088603847450076,-0.9088603847450076,-0.5526439095951527,631.0,2.0,1.0,,
2016-2017,2931800,MIDWAY R-I,MO,lea_administrators_fte,Model 2: LEAADM (Peer),,1.909507646018847,-0.9095076460188469,-0.5530374848977054,426.0,2.0,1.0,,
2016-2017,2921060,MISSOURI CITY 56,MO,lea_administrators_fte,Model 2: LEAADM (Peer),,1.7288715988194516,-1.7288715988194516,-1.05126197114166,34.0,1.0,0.0,,
2016-2017,2922800,NORTH KANSAS CITY 74,MO,lea_administrators_fte,Model 2: LEAADM (Peer),,7.303323770716499,-3.3033237707164993,-2.0086272808771977,20188.0,32.0,4.0,,
2016-2017,2922830,NORTH PLATTE CO. R-I,MO,lea_administrators_fte,Model 2: LEAADM (Peer),,2.4545321138476646,-1.4545321138476646,-0.8844464205071523,615.0,5.0,1.0,,
2016-2017,2923010,OAK GROVE R-VI,MO,lea_administrators_fte,Model 2: LEAADM (Peer),,2.2682127969267527,-0.2682127969267527,-0.16309014143975276,2023.0,4.0,2.0,,
2016-2017,2923220,ORRICK R-XI,MO,lea_administrators_fte,Model 2: LEAADM (Peer),,1.909873901178678,-0.9098739011786781,-0.5532601909225645,310.0,2.0,1.0,,
2016-2017,2923550,PARK HILL,MO,lea_administrators_fte,Model 2: LEAADM (Peer),,4.602146941332401,1.3978530586675992,0.8499820130221029,11659.0,17.0,6.0,,
2016-2017,2925230,PLATTE CO. R-III,MO,lea_administrators_fte,Model 2: LEAADM (Peer),,2.8073424511055305,2.1926575488944695,1.3332728112738008,4079.0,7.0,5.0,,
2016-2017,2925330,PLEASANT HILL R-III,MO,lea_administrators_fte,Model 2: LEAADM (Peer),,2.4491298502401566,0.5508701497598434,0.3349634755265082,2326.0,5.0,3.0,,
2016-2017,2923730,RAYMORE-PECULIAR R-II,MO,lea_administrators_fte,Model 2: LEAADM (Peer),,3.3461847844261654,0.6538152155738346,0.397560508690118,6226.0,10.0,4.0,,
2016-2017,2926070,RAYTOWN C-2,MO,lea_administrators_fte,Model 2: LEAADM (Peer),,4.972925883026461,3.027074116973539,1.8406502282613002,9432.0,19.0,8.0,,
2016-2017,2926480,RICHMOND R-XVI,MO,lea_administrators_fte,Model 2: LEAADM (Peer),,2.2696020406364568,-0.26960204063645676,-0.16393488843059748,1583.0,4.0,2.0,,
2016-2017,2910320,SHERWOOD CASS R-VIII,MO,lea_administrators_fte,Model 2: LEAADM (Peer),,2.0901279063579046,-1.0901279063579046,-0.6628658903396222,823.0,3.0,1.0,,
2016-2017,2928410,SMITHVILLE R-II,MO,lea_administrators_fte,Model 2: LEAADM (Peer),,2.2663183736862473,0.7336816263137527,0.44612427735853016,2623.0,4.0,3.0,,
2016-2017,2929670,STRASBURG C-3,MO,lea_administrators_fte,Model 2: LEAADM (Peer),,1.7284674551948105,-1.7284674551948105,-1.0510162265625054,162.0,1.0,0.0,,
2016-2017,2931710,WEST PLATTE CO. R-II,MO,lea_administrators_fte,Model 2: LEAADM (Peer),,1.9088572273729398,-0.4788572273729399,-0.2911751185497253,632.0,2.0,1.43,,
2017-2018,2003780,Basehor-Linwood,KS,lea_administrators_fte,Model 2: LEAADM (Peer),,1.760381440000843,1.739618559999157,1.0577967951281693,2641.0,5.0,3.5,,
2017-2018,2012000,Blue Valley,KS,lea_administrators_fte,Model 2: LEAADM (Peer),,7.153206149869298,-1.1532061498692983,-0.7012214042223315,22717.0,35.0,6.0,,
2017-2018,2004050,Bonner Springs,KS,lea_administrators_fte,Model 2: LEAADM (Peer),,1.7600562306778897,-0.7600562306778897,-0.4621616849895289,2744.0,5.0,1.0,,
2017-2018,2005490,De Soto,KS,lea_administrators_fte,Model 2: LEAADM (Peer),,3.018269593868259,0.9817304061317409,0.5969534363248774,7464.0,12.0,4.0,,
2017-2018,2005640,Easton,KS,lea_administrators_fte,Model 2: LEAADM (Peer),,1.4029897558730209,-0.4029897558730209,-0.24504295483727848,628.0,3.0,1.0,,
2017-2018,2006330,Ft Leavenworth,KS,lea_administrators_fte,Model 2: LEAADM (Peer),,1.5808062698161307,1.4191937301838693,0.8629584749056807,1913.0,4.0,3.0,,
2017-2018,2006420,Gardner Edgerton,KS,lea_administrators_fte,Model 2: LEAADM (Peer),,2.840661466481605,-0.8406614664816048,-0.5111747054667084,6113.0,11.0,2.0,,
2017-2018,2007950,Kansas City,KS,lea_administrators_fte,Model 2: LEAADM (Peer),,9.335106880635115,-2.3351068806351147,-1.4198909067851966,22902.0,47.0,7.0,,
2017-2018,2008340,Lansing,KS,lea_administrators_fte,Model 2: LEAADM (Peer),,1.3966339659011253,2.6033660340988747,1.58300923589632,2641.0,3.0,4.0,,
2017-2018,2008430,Leavenworth,KS,lea_administrators_fte,Model 2: LEAADM (Peer),,2.1203842708284952,-0.12038427082849523,-0.0732011596072449,3827.0,7.0,2.0,,
2017-2018,2008970,Louisburg,KS,lea_administrators_fte,Model 2: LEAADM (Peer),,1.5813872262765525,-0.3813872262765525,-0.231907266877145,1729.0,4.0,1.2,,
2017-2018,2010140,Olathe,KS,lea_administrators_fte,Model 2: LEAADM (Peer),,9.676635927495772,-4.676635927495772,-2.8436868919636487,29939.0,49.0,5.0,,
2017-2018,2010260,Osawatomie,KS,lea_administrators_fte,Model 2: LEAADM (Peer),,1.5831964004712353,-0.6831964004712353,-0.4154261051698162,1156.0,4.0,0.9,,
2017-2018,2010500,Paola,KS,lea_administrators_fte,Model 2: LEAADM (Peer),,1.5803452934942746,2.4196547065057254,1.4713012683997737,2059.0,4.0,4.0,,
2017-2018,2010680,Piper-Kansas City,KS,lea_administrators_fte,Model 2: LEAADM (Peer),,1.5793475639209418,-0.5793475639209418,-0.3522795229209221,2375.0,4.0,1.0,,
2017-2018,2011640,Shawnee Mission Pub Sch,KS,lea_administrators_fte,Model 2: LEAADM (Peer),,8.592829116415603,0.40717088358439746,0.24758534176899635,27584.0,43.0,9.0,,
2017-2018,2011850,Spring Hill,KS,lea_administrators_fte,Model 2: LEAADM (Peer),,2.119781212763601,0.8802187872363989,0.5352280284654574,4018.0,7.0,3.0,,
2017-2018,2012210,Tonganoxie,KS,lea_administrators_fte,Model 2: LEAADM (Peer),,1.3987336183260188,-0.39873361832601883,-0.2424549572380544,1976.0,3.0,1.0,,
2017-2018,2012360,Turner-Kansas City,KS,lea_administrators_fte,Model 2: LEAADM (Peer),,2.119247616884192,1.8807523831158082,1.1436149791886177,4187.0,7.0,4.0,,
2017-2018,2903200,ARCHIE R-V,MO,lea_administrators_fte,Model 2: LEAADM (Peer),,2.1483946614602516,-1.1483946614602516,-0.6982957185945072,537.0,2.0,1.0,,
2017-2018,2904620,BELTON 124,MO,lea_administrators_fte,Model 2: LEAADM (Peer),,3.4078362423848825,1.5921637576151175,0.9681350606683059,4868.0,9.0,5.0,,
2017-2018,2905310,BLUE SPRINGS R-IV,MO,lea_administrators_fte,Model 2: LEAADM (Peer),,5.741817747371543,0.2581822526284574,0.15699094368680797,14489.0,22.0,6.0,,
2017-2018,2908250,CENTER 58,MO,lea_administrators_fte,Model 2: LEAADM (Peer),,3.2330444908824463,-1.2330444908824463,-0.7497681047427598,2625.0,8.0,2.0,,
2017-2018,2911070,DREXEL R-IV,MO,lea_administrators_fte,Model 2: LEAADM (Peer),,2.149010349013416,-1.149010349013416,-0.6986700951018134,342.0,2.0,1.0,,
2017-2018,2911160,EAST LYNNE 40,MO,lea_administrators_fte,Model 2: LEAADM (Peer),,1.9678217617022065,-1.4678217617022065,-0.8925273568872074,125.0,1.0,0.5,,
2017-2018,2911650,EXCELSIOR SPRINGS 40,MO,lea_administrators_fte,Model 2: LEAADM (Peer),,3.0504887614660054,0.9495112385339946,0.5773621690147551,2841.0,7.0,4.0,,
2017-2018,2912290,FORT OSAGE R-I,MO,lea_administrators_fte,Model 2: LEAADM (Peer),,3.770949084699031,2.979050915300969,1.8114491206224723,5069.0,11.0,6.75,,
2017-2018,2913080,GRAIN VALLEY R-V,MO,lea_administrators_fte,Model 2: LEAADM (Peer),,3.22733596218439,-0.22733596218439,-0.13823447147870335,4433.0,8.0,3.0,,
2017-2018,2913140,GRANDVIEW C-4,MO,lea_administrators_fte,Model 2: LEAADM (Peer),,3.40962647234716,1.5903735276528401,0.9670464889778312,4301.0,9.0,5.0,,
2017-2018,2913680,HARDIN-CENTRAL C-2,MO,lea_administrators_fte,Model 2: LEAADM (Peer),,2.1498249510068335,-1.1498249510068335,-0.6991654240191725,84.0,2.0,1.0,,
2017-2018,2913760,HARRISONVILLE R-IX,MO,lea_administrators_fte,Model 2: LEAADM (Peer),,3.051448602574528,1.9485513974254718,1.1848410167227572,2537.0,7.0,5.0,,
2017-2018,2914340,HICKMAN MILLS C-1,MO,lea_administrators_fte,Model 2: LEAADM (Peer),,4.495444529434332,2.164555470565668,1.3161849915205663,6019.0,15.0,6.66,,
2017-2018,2915480,INDEPENDENCE 30,MO,lea_administrators_fte,Model 2: LEAADM (Peer),,7.194742722438264,1.8052572775617364,1.0977092372407973,15143.0,30.0,9.0,,
2017-2018,2916400,KANSAS CITY 33,MO,lea_administrators_fte,Model 2: LEAADM (Peer),,8.103394684228233,0.39660531577176705,0.24116081628513672,15370.0,35.0,8.5,,
2017-2018,2916450,KEARNEY R-I,MO,lea_administrators_fte,Model 2: LEAADM (Peer),,3.0483859516690446,0.6516140483309556,0.3962220614531216,3507.0,7.0,3.7,,
2017-2018,2918220,LAWSON R-XIV,MO,lea_administrators_fte,Model 2: LEAADM (Peer),,2.32830451308412,-1.3283045130841198,-0.8076921511433784,1159.0,3.0,1.0,,
2017-2018,2918300,LEE'S SUMMIT R-VII,MO,lea_administrators_fte,Model 2: LEAADM (Peer),,6.639194733508438,-0.6391947335084378,-0.38867034194459127,18287.0,27.0,6.0,,
2017-2018,2918540,LIBERTY 53,MO,lea_administrators_fte,Model 2: LEAADM (Peer),,5.3839998180146065,0.6160001819853935,0.3745666051659245,12611.0,20.0,6.0,,
2017-2018,2919230,LONE JACK C-6,MO,lea_administrators_fte,Model 2: LEAADM (Peer),,2.147955786742868,-1.1479557867428678,-0.6980288553405812,676.0,2.0,1.0,,
2017-2018,2931800,MIDWAY R-I,MO,lea_administrators_fte,Model 2: LEAADM (Peer),,2.1487356576435426,-1.1487356576435426,-0.6985030655831691,429.0,2.0,1.0,,
2017-2018,2921060,MISSOURI CITY 56,MO,lea_administrators_fte,Model 2: LEAADM (Peer),,1.9681564431413627,-1.9681564431413627,-1.1967621096585677,19.0,1.0,0.0,,
2017-2018,2922800,NORTH KANSAS CITY 74,MO,lea_administrators_fte,Model 2: LEAADM (Peer),,7.542179212437229,-2.5421792124372287,-1.545803824695258,20309.0,32.0,5.0,,
2017-2018,2922830,NORTH PLATTE CO. R-I,MO,lea_administrators_fte,Model 2: LEAADM (Peer),,2.6938106434254405,-1.6938106434254405,-1.0299427192650104,602.0,5.0,1.0,,
2017-2018,2923010,OAK GROVE R-VI,MO,lea_administrators_fte,Model 2: LEAADM (Peer),,2.507586047666554,-0.5075860476665541,-0.3086440365833504,1980.0,4.0,2.0,,
2017-2018,2923220,ORRICK R-XI,MO,lea_administrators_fte,Model 2: LEAADM (Peer),,2.1491240144078465,-1.1491240144078465,-0.6987392107647008,306.0,2.0,1.0,,
2017-2018,2923550,PARK HILL,MO,lea_administrators_fte,Model 2: LEAADM (Peer),,4.8406929605905145,1.1593070394094855,0.7049311263139629,11878.0,17.0,6.0,,
2017-2018,2925230,PLATTE CO. R-III,MO,lea_administrators_fte,Model 2: LEAADM (Peer),,3.0463115582206908,1.9536884417793092,1.187964660709358,4164.0,7.0,5.0,,
2017-2018,2925330,PLEASANT HILL R-III,MO,lea_administrators_fte,Model 2: LEAADM (Peer),,2.6887651628615608,0.31123483713843925,0.18925023038236516,2200.0,5.0,3.0,,
2017-2018,2923730,RAYMORE-PECULIAR R-II,MO,lea_administrators_fte,Model 2: LEAADM (Peer),,3.4034695968155173,0.5965304031844827,0.362727762967398,6251.0,9.0,4.0,,
2017-2018,2926070,RAYTOWN C-2,MO,lea_administrators_fte,Model 2: LEAADM (Peer),,5.2121886257439,2.9878113742560997,1.8167760271177638,9424.0,19.0,8.2,,
2017-2018,2926480,RICHMOND R-XVI,MO,lea_administrators_fte,Model 2: LEAADM (Peer),,2.5092405106299287,-0.5092405106299287,-0.30965005345426533,1456.0,4.0,2.0,,
2017-2018,2910320,SHERWOOD CASS R-VIII,MO,lea_administrators_fte,Model 2: LEAADM (Peer),,2.3293275016339927,-1.3293275016339927,-0.8083141921093641,835.0,3.0,1.0,,
2017-2018,2928410,SMITHVILLE R-II,MO,lea_administrators_fte,Model 2: LEAADM (Peer),,2.5055305984506058,0.4944694015493942,0.3006682960706895,2631.0,4.0,3.0,,
2017-2018,2929670,STRASBURG C-3,MO,lea_administrators_fte,Model 2: LEAADM (Peer),,1.9678438633066793,-0.9678438633066793,-0.5885095505021327,118.0,1.0,1.0,,
2017-2018,2931710,WEST PLATTE CO. R-II,MO,lea_administrators_fte,Model 2: LEAADM (Peer),,2.1480157768121506,-1.1480157768121506,-0.6980653330515496,657.0,2.0,1.0,,
2018-2019,2003780,Basehor-Linwood,KS,lea_administrators_fte,Model 2: LEAADM (Peer),,1.7640318164139632,3.2359681835860368,1.9676708747782572,2730.0,5.0,5.0,,
2018-2019,2012000,Blue Valley,KS,lea_administrators_fte,Model 2: LEAADM (Peer),,7.15692914583997,-1.1569291458399702,-0.7034852184265521,22783.0,35.0,6.0,,
2018-2019,2004050,Bonner Springs,KS,lea_administrators_fte,Model 2: LEAADM (Peer),,1.7640034000653557,-0.7640034000653557,-0.46456181064,2739.0,5.0,1.0,,
2018-2019,2005490,De Soto,KS,lea_administrators_fte,Model 2: LEAADM (Peer),,3.022333586022223,0.9776664139777771,0.5944822751319944,7422.0,12.0,4.0,,
2018-2019,2005640,Easton,KS,lea_administrators_fte,Model 2: LEAADM (Peer),,1.4068295746101918,-0.40682957461019176,-0.24737780458391168,657.0,3.0,1.0,,
2018-2019,2006330,Ft Leavenworth,KS,lea_administrators_fte,Model 2: LEAADM (Peer),,1.5849681405041876,1.4150318594958124,0.8604277974475334,1840.0,4.0,3.0,,
2018-2019,2006420,Gardner Edgerton,KS,lea_administrators_fte,Model 2: LEAADM (Peer),,2.8445707474042607,-0.8445707474042607,-0.5135517925628837,6120.0,11.0,2.0,,
2018-2019,2007950,Kansas City,KS,lea_administrators_fte,Model 2: LEAADM (Peer),,9.337806888055916,-8.337806888055916,-5.069907626524401,23292.0,47.0,1.0,,
2018-2019,2008340,Lansing,KS,lea_administrators_fte,Model 2: LEAADM (Peer),,1.5826853604993785,2.4173146395006215,1.4698783614273478,2563.0,4.0,4.0,,
2018-2019,2008430,Leavenworth,KS,lea_administrators_fte,Model 2: LEAADM (Peer),,2.1241767289846534,-0.12417672898465337,-0.07550721116100834,3871.0,7.0,2.0,,
2018-2019,2008970,Louisburg,KS,lea_administrators_fte,Model 2: LEAADM (Peer),,1.585163897572373,-0.4851638975723729,-0.29500996814163455,1778.0,4.0,1.1,,
2018-2019,2010140,Olathe,KS,lea_administrators_fte,Model 2: LEAADM (Peer),,9.862178985191157,0.1378210148088428,0.08380378958832016,30022.0,50.0,10.0,,
2018-2019,2010260,Osawatomie,KS,lea_administrators_fte,Model 2: LEAADM (Peer),,1.5871025240218237,-0.6871025240218237,-0.4178012723864669,1164.0,4.0,0.9,,
2018-2019,2010500,Paola,KS,lea_administrators_fte,Model 2: LEAADM (Peer),,1.5845797837398838,1.4154202162601162,0.8606639426290651,1963.0,4.0,3.0,,
2018-2019,2010680,Piper-Kansas City,KS,lea_administrators_fte,Model 2: LEAADM (Peer),,1.583105290984357,-0.583105290984357,-0.3545644557999142,2430.0,4.0,1.0,,
2018-2019,2011640,Shawnee Mission Pub Sch,KS,lea_administrators_fte,Model 2: LEAADM (Peer),,8.778615291760186,0.6213847082398143,0.3778407336134921,27590.0,44.0,9.4,,
2018-2019,2011850,Spring Hill,KS,lea_administrators_fte,Model 2: LEAADM (Peer),,2.304661222324808,0.6953387776751918,0.42280942930012944,4311.0,8.0,3.0,,
2018-2019,2012210,Tonganoxie,KS,lea_administrators_fte,Model 2: LEAADM (Peer),,1.40276287938724,0.59723712061276,0.36315749132732844,1945.0,3.0,2.0,,
2018-2019,2012360,Turner-Kansas City,KS,lea_administrators_fte,Model 2: LEAADM (Peer),,2.1234947366180714,1.8765052633819286,1.1410324649833048,4087.0,7.0,4.0,,
2018-2019,2903200,ARCHIE R-V,MO,lea_administrators_fte,Model 2: LEAADM (Peer),,2.0030311658663793,-1.0030311658663793,-0.6099056293510926,514.0,2.0,1.0,,
2018-2019,2904620,BELTON 124,MO,lea_administrators_fte,Model 2: LEAADM (Peer),,3.2628926772759885,3.7371073227240115,2.272394788101932,4712.0,9.0,7.0,,
2018-2019,2905310,BLUE SPRINGS R-IV,MO,lea_administrators_fte,Model 2: LEAADM (Peer),,5.5962427078491475,-0.5962427078491475,-0.36255282622512097,14533.0,22.0,5.0,,
2018-2019,2908250,CENTER 58,MO,lea_administrators_fte,Model 2: LEAADM (Peer),,3.0875641725220757,-1.0875641725220757,-0.661306979956933,2639.0,8.0,2.0,,
2018-2019,2911070,DREXEL R-IV,MO,lea_administrators_fte,Model 2: LEAADM (Peer),,2.003668955024016,-2.003668955024016,-1.218355936098566,312.0,2.0,0.0,,
2018-2019,2911160,EAST LYNNE 40,MO,lea_administrators_fte,Model 2: LEAADM (Peer),,1.8224109055273217,-0.8224109055273217,-0.5000772239091759,117.0,1.0,1.0,,
2018-2019,2911650,EXCELSIOR SPRINGS 40,MO,lea_administrators_fte,Model 2: LEAADM (Peer),,2.904910564571542,1.095089435428458,0.6658828100658459,2886.0,7.0,4.0,,
2018-2019,2912290,FORT OSAGE R-I,MO,lea_administrators_fte,Model 2: LEAADM (Peer),,3.6256708381509806,3.3743291618490194,2.0518029958895956,5019.0,11.0,7.0,,
2018-2019,2913080,GRAIN VALLEY R-V,MO,lea_administrators_fte,Model 2: LEAADM (Peer),,3.081779866894399,-0.08177986689439898,-0.04972726958428486,4471.0,8.0,3.0,,
2018-2019,2913140,GRANDVIEW C-4,MO,lea_administrators_fte,Model 2: LEAADM (Peer),,3.2642566620091524,1.7357433379908476,1.0554404179802952,4280.0,9.0,5.0,,
2018-2019,2913680,HARDIN-CENTRAL C-2,MO,lea_administrators_fte,Model 2: LEAADM (Peer),,2.0038994431849444,-1.0038994431849444,-0.6104335962203705,239.0,2.0,1.0,,
2018-2019,2913760,HARRISONVILLE R-IX,MO,lea_administrators_fte,Model 2: LEAADM (Peer),,2.906113523329263,2.093886476670737,1.2732138270504503,2505.0,7.0,5.0,,
2018-2019,2914340,HICKMAN MILLS C-1,MO,lea_administrators_fte,Model 2: LEAADM (Peer),,4.168731420553808,1.331268579446192,0.8094944887192368,5830.0,14.0,5.5,,
2018-2019,2915480,INDEPENDENCE 30,MO,lea_administrators_fte,Model 2: LEAADM (Peer),,7.050882135948526,2.949117864051474,1.7932479549139746,14644.0,30.0,10.0,,
2018-2019,2916400,KANSAS CITY 33,MO,lea_administrators_fte,Model 2: LEAADM (Peer),,7.958037503378496,0.04196249662150375,0.025515820227754303,15345.0,35.0,8.0,,
2018-2019,2916450,KEARNEY R-I,MO,lea_administrators_fte,Model 2: LEAADM (Peer),,2.902640414055003,-0.18264041405500286,-0.11105678514280597,3605.0,7.0,2.72,,
2018-2019,2918220,LAWSON R-XIV,MO,lea_administrators_fte,Model 2: LEAADM (Peer),,2.1830136370478,-1.1830136370478002,-0.7193462191290306,1113.0,3.0,1.0,,
2018-2019,2918300,LEE'S SUMMIT R-VII,MO,lea_administrators_fte,Model 2: LEAADM (Peer),,6.49337026159271,0.5066297384072902,0.3080625407929162,18410.0,27.0,7.0,,
2018-2019,2918540,LIBERTY 53,MO,lea_administrators_fte,Model 2: LEAADM (Peer),,5.238206919819554,0.7617930801804462,0.46321779802469054,12724.0,20.0,6.0,,
2018-2019,2919230,LONE JACK C-6,MO,lea_administrators_fte,Model 2: LEAADM (Peer),,2.002503884731105,-1.0025038847311052,-0.6095850094704764,681.0,2.0,1.0,,
2018-2019,2931800,MIDWAY R-I,MO,lea_administrators_fte,Model 2: LEAADM (Peer),,2.00328375563178,-1.00328375563178,-0.6100592197130643,434.0,2.0,1.0,,
2018-2019,2921060,MISSOURI CITY 56,MO,lea_administrators_fte,Model 2: LEAADM (Peer),,1.8226887542692625,-1.8226887542692625,-1.1083086643908395,29.0,1.0,0.0,,
2018-2019,2922800,NORTH KANSAS CITY 74,MO,lea_administrators_fte,Model 2: LEAADM (Peer),,7.395309650367156,-4.395309650367156,-2.672622935085577,20763.0,32.0,3.0,,
2018-2019,2922830,NORTH PLATTE CO. R-I,MO,lea_administrators_fte,Model 2: LEAADM (Peer),,2.5482513907633826,-1.6482513907633827,-1.0022398465994171,641.0,5.0,0.9,,
2018-2019,2923010,OAK GROVE R-VI,MO,lea_administrators_fte,Model 2: LEAADM (Peer),,2.362077312957576,-0.36207731295757606,-0.22016563288180183,2003.0,4.0,2.0,,
2018-2019,2923220,ORRICK R-XI,MO,lea_administrators_fte,Model 2: LEAADM (Peer),,2.003728945093299,-1.003728945093299,-0.6103299227260396,293.0,2.0,1.0,,
2018-2019,2923550,PARK HILL,MO,lea_administrators_fte,Model 2: LEAADM (Peer),,4.876625402958147,1.1233745970418534,0.6830819558971865,12038.0,18.0,6.0,,
2018-2019,2925230,PLATTE CO. R-III,MO,lea_administrators_fte,Model 2: LEAADM (Peer),,2.9006228533038647,1.0993771466961353,0.6684900064603166,4244.0,7.0,4.0,,
2018-2019,2925330,PLEASANT HILL R-III,MO,lea_administrators_fte,Model 2: LEAADM (Peer),,2.5432532707805153,-0.5432532707805153,-0.33033193712005643,2224.0,5.0,2.0,,
2018-2019,2923730,RAYMORE-PECULIAR R-II,MO,lea_administrators_fte,Model 2: LEAADM (Peer),,3.621304192581616,0.37869580741838416,0.23027071602169805,6402.0,11.0,4.0,,
2018-2019,2926070,RAYTOWN C-2,MO,lea_administrators_fte,Model 2: LEAADM (Peer),,5.250425949720814,1.9495740502791863,1.1854628535645004,8854.0,20.0,7.2,,
2018-2019,2926480,RICHMOND R-XVI,MO,lea_administrators_fte,Model 2: LEAADM (Peer),,2.3637286185488833,0.13627138145111672,0.08286151566855517,1480.0,4.0,2.5,,
2018-2019,2910320,SHERWOOD CASS R-VIII,MO,lea_administrators_fte,Model 2: LEAADM (Peer),,2.1839861076445928,-1.3839861076445927,-0.8415500402393208,805.0,3.0,0.8,,
2018-2019,2928410,SMITHVILLE R-II,MO,lea_administrators_fte,Model 2: LEAADM (Peer),,2.3600755390667754,0.6399244609332246,0.3891140618203191,2637.0,4.0,3.0,,
2018-2019,2929670,STRASBURG C-3,MO,lea_administrators_fte,Model 2: LEAADM (Peer),,1.8223635449463087,-0.8223635449463087,-0.5000484257163059,132.0,1.0,1.0,,
2018-2019,2931710,WEST PLATTE CO. R-II,MO,lea_administrators_fte,Model 2: LEAADM (Peer),,2.00244705203389,-1.0024470520338902,-0.6095504516390329,699.0,2.0,1.0,,
2019-2020,2003780,Basehor-Linwood,KS,lea_administrators_fte,Model 2: LEAADM (Peer),,2.1524072447347673,1.3475927552652327,0.8194206077326477,2832.0,5.0,3.5,,
2019-2020,2012000,Blue Valley,KS,lea_administrators_fte,Model 2: LEAADM (Peer),,7.54529825941664,-2.54529825941664,-1.5477004001713652,22887.0,35.0,5.0,,
2019-2020,2004050,Bonner Springs,KS,lea_administrators_fte,Model 2: LEAADM (Peer),,2.152621946035358,-1.152621946035358,-0.7008661717837652,2764.0,5.0,1.0,,
2019-2020,2005490,De Soto,KS,lea_administrators_fte,Model 2: LEAADM (Peer),,3.410888984550875,-1.410888984550875,-0.8579086705882674,7467.0,12.0,2.0,,
2019-2020,2005640,Easton,KS,lea_administrators_fte,Model 2: LEAADM (Peer),,1.7955333696260167,-0.7955333696260167,-0.48373400247484233,655.0,3.0,1.0,,
2019-2020,2006330,Ft Leavenworth,KS,lea_administrators_fte,Model 2: LEAADM (Peer),,1.9737382403334303,1.0262617596665697,0.6240312820865852,1817.0,4.0,3.0,,
2019-2020,2006420,Gardner Edgerton,KS,lea_administrators_fte,Model 2: LEAADM (Peer),,3.2331008869563727,-2.2331008869563727,-1.3578648881634534,6173.0,11.0,1.0,,
2019-2020,2007950,Kansas City,KS,lea_administrators_fte,Model 2: LEAADM (Peer),,9.17962652309516,-1.1796265230951608,-0.7172866421814051,23690.0,44.0,8.0,,
2019-2020,2008340,Lansing,KS,lea_administrators_fte,Model 2: LEAADM (Peer),,1.9710955199129252,1.0289044800870748,0.6256382212487147,2654.0,4.0,3.0,,
2019-2020,2008430,Leavenworth,KS,lea_administrators_fte,Model 2: LEAADM (Peer),,2.5130541794641914,1.4869458205358086,0.9041559797411949,3814.0,7.0,4.0,,
2019-2020,2008970,Louisburg,KS,lea_administrators_fte,Model 2: LEAADM (Peer),,1.9737792861703078,-0.8737792861703078,-0.5313124094058751,1804.0,4.0,1.1,,
2019-2020,2010140,Olathe,KS,lea_administrators_fte,Model 2: LEAADM (Peer),,10.43230185567912,-0.4323018556791194,-0.26286654326426273,30164.0,51.0,10.0,,
2019-2020,2010260,Osawatomie,KS,lea_administrators_fte,Model 2: LEAADM (Peer),,1.9758252632700537,-0.9758252632700537,-0.593362740446196,1156.0,4.0,1.0,,
2019-2020,2010500,Paola,KS,lea_administrators_fte,Model 2: LEAADM (Peer),,1.9733467261970592,2.026653273802941,1.2323318382311361,1941.0,4.0,4.0,,
2019-2020,2010680,Piper-Kansas City,KS,lea_administrators_fte,Model 2: LEAADM (Peer),,1.971392312887271,-0.971392312887271,-0.5906672295935915,2560.0,4.0,1.0,,
2019-2020,2011640,Shawnee Mission Pub Sch,KS,lea_administrators_fte,Model 2: LEAADM (Peer),,9.167322244148078,2.832677755851922,1.7224450926601231,27587.0,44.0,12.0,,
2019-2020,2011850,Spring Hill,KS,lea_administrators_fte,Model 2: LEAADM (Peer),,2.8747714633245005,1.1252285366754995,0.6842092670491398,4457.0,9.0,4.0,,
2019-2020,2012210,Tonganoxie,KS,lea_administrators_fte,Model 2: LEAADM (Peer),,1.7913845827293098,0.20861541727069022,0.1268512103040386,1969.0,3.0,2.0,,
2019-2020,2012360,Turner-Kansas City,KS,lea_administrators_fte,Model 2: LEAADM (Peer),,2.5125111114685796,1.4874888885314204,0.9044861990194343,3986.0,7.0,4.0,,
2019-2020,2903200,ARCHIE R-V,MO,lea_administrators_fte,Model 2: LEAADM (Peer),,1.8579254816068995,-0.8579254816068995,-0.5216723055098983,505.0,2.0,1.0,,
2019-2020,2904620,BELTON 124,MO,lea_administrators_fte,Model 2: LEAADM (Peer),,2.9359858755242025,3.0640141244757975,1.8631120612437666,4680.0,8.0,6.0,,
2019-2020,2905310,BLUE SPRINGS R-IV,MO,lea_administrators_fte,Model 2: LEAADM (Peer),,5.450679204639878,-0.45067920463987843,-0.27404111985285257,14669.0,22.0,5.0,,
2019-2020,2908250,CENTER 58,MO,lea_administrators_fte,Model 2: LEAADM (Peer),,2.9424142850536508,-1.9424142850536508,-1.1811092688858884,2644.0,8.0,1.0,,
2019-2020,2911070,DREXEL R-IV,MO,lea_administrators_fte,Model 2: LEAADM (Peer),,1.8586011592293463,-0.8586011592293463,-0.5220831597281727,291.0,2.0,1.0,,
2019-2020,2911160,EAST LYNNE 40,MO,lea_administrators_fte,Model 2: LEAADM (Peer),,1.677321008128179,-1.677321008128179,-1.0199159905490993,103.0,1.0,0.0,,
2019-2020,2911650,EXCELSIOR SPRINGS 40,MO,lea_administrators_fte,Model 2: LEAADM (Peer),,2.7605058169110497,2.2394941830889503,1.361752411736063,2655.0,7.0,5.0,,
2019-2020,2912290,FORT OSAGE R-I,MO,lea_administrators_fte,Model 2: LEAADM (Peer),,3.4804641179853406,3.5195358820146594,2.1400977558755785,5042.0,11.0,7.0,,
2019-2020,2913080,GRAIN VALLEY R-V,MO,lea_administrators_fte,Model 2: LEAADM (Peer),,2.936819421750025,0.06318057824997503,0.03841773979877548,4416.0,8.0,3.0,,
2019-2020,2913140,GRANDVIEW C-4,MO,lea_administrators_fte,Model 2: LEAADM (Peer),,3.119198338330685,0.8808016616693148,0.535582452545125,4256.0,9.0,4.0,,
2019-2020,2913680,HARDIN-CENTRAL C-2,MO,lea_administrators_fte,Model 2: LEAADM (Peer),,1.8587937589254646,-0.8587937589254646,-0.5222002723791762,230.0,2.0,1.0,,
2019-2020,2913760,HARRISONVILLE R-IX,MO,lea_administrators_fte,Model 2: LEAADM (Peer),,2.761326733648602,1.2386732663513982,0.7531907519761604,2395.0,7.0,4.0,,
2019-2020,2914340,HICKMAN MILLS C-1,MO,lea_administrators_fte,Model 2: LEAADM (Peer),,3.4788822745795187,2.0211177254204813,1.2289658788921844,5543.0,11.0,5.5,,
2019-2020,2915480,INDEPENDENCE 30,MO,lea_administrators_fte,Model 2: LEAADM (Peer),,6.905536491411915,2.0944635085880847,1.2735646985155473,14711.0,30.0,9.0,,
2019-2020,2916400,KANSAS CITY 33,MO,lea_administrators_fte,Model 2: LEAADM (Peer),,7.8135285624397754,1.1864714375602246,0.7214487779222852,15147.0,35.0,9.0,,
2019-2020,2916450,KEARNEY R-I,MO,lea_administrators_fte,Model 2: LEAADM (Peer),,2.9394589847984625,-0.9394589847984625,-0.5712497705673241,3580.0,8.0,2.0,,
2019-2020,2918220,LAWSON R-XIV,MO,lea_administrators_fte,Model 2: LEAADM (Peer),,2.037838490602835,-1.037838490602835,-0.631070657938294,1126.0,3.0,1.0,,
2019-2020,2918300,LEE'S SUMMIT R-VII,MO,lea_administrators_fte,Model 2: LEAADM (Peer),,6.348836061677449,-1.3488360616774493,-0.8201766157268402,18220.0,27.0,5.0,,
2019-2020,2918540,LIBERTY 53,MO,lea_administrators_fte,Model 2: LEAADM (Peer),,5.0935180086729845,-1.0935180086729845,-0.6649272843983576,12583.0,20.0,4.0,,
2019-2020,2919230,LONE JACK C-6,MO,lea_administrators_fte,Model 2: LEAADM (Peer),,1.85721507289171,-0.8572150728917101,-0.5212403326168528,730.0,2.0,1.0,,
2019-2020,2931800,MIDWAY R-I,MO,lea_administrators_fte,Model 2: LEAADM (Peer),,1.8581275534192203,-0.8581275534192203,-0.5217951777994758,441.0,2.0,1.0,,
2019-2020,2921060,MISSOURI CITY 56,MO,lea_administrators_fte,Model 2: LEAADM (Peer),,1.6776462174511328,-1.6776462174511328,-1.0201137381401382,0.0,1.0,0.0,,
2019-2020,2922800,NORTH KANSAS CITY 74,MO,lea_administrators_fte,Model 2: LEAADM (Peer),,7.615252277499207,-1.6152522774992066,-0.9821743235844559,20342.0,34.0,6.0,,
2019-2020,2922830,NORTH PLATTE CO. R-I,MO,lea_administrators_fte,Model 2: LEAADM (Peer),,2.403284630874873,-1.503284630874873,-0.9140909974573072,588.0,5.0,0.9,,
2019-2020,2923010,OAK GROVE R-VI,MO,lea_administrators_fte,Model 2: LEAADM (Peer),,2.2168832222802064,-0.2168832222802064,-0.1318785524139176,2022.0,4.0,2.0,,
2019-2020,2923220,ORRICK R-XI,MO,lea_administrators_fte,Model 2: LEAADM (Peer),,1.858635890322089,-0.858635890322089,-0.5221042784029438,280.0,2.0,1.0,,
2019-2020,2923550,PARK HILL,MO,lea_administrators_fte,Model 2: LEAADM (Peer),,4.7311755651433085,0.2688244348566915,0.16346205552307247,12138.0,18.0,5.0,,
2019-2020,2925230,PLATTE CO. R-III,MO,lea_administrators_fte,Model 2: LEAADM (Peer),,2.7551919597214316,1.2448080402785684,0.7569210778925496,4338.0,7.0,4.0,,
2019-2020,2925330,PLEASANT HILL R-III,MO,lea_administrators_fte,Model 2: LEAADM (Peer),,2.398043393242808,-0.398043393242808,-0.24203525725454894,2248.0,5.0,2.0,,
2019-2020,2923730,RAYMORE-PECULIAR R-II,MO,lea_administrators_fte,Model 2: LEAADM (Peer),,3.4759869643936128,1.5240130356063872,0.9266951628745386,6460.0,11.0,5.0,,
2019-2020,2926070,RAYTOWN C-2,MO,lea_administrators_fte,Model 2: LEAADM (Peer),,5.106245375477114,1.8937546245228862,1.1515211544882744,8552.0,20.0,7.0,,
2019-2020,2926480,RICHMOND R-XVI,MO,lea_administrators_fte,Model 2: LEAADM (Peer),,2.2185850458245935,-0.21858504582459348,-0.13291336747770216,1483.0,4.0,2.0,,
2019-2020,2910320,SHERWOOD CASS R-VIII,MO,lea_administrators_fte,Model 2: LEAADM (Peer),,2.0388204333158306,-1.0388204333158306,-0.6316677404704594,815.0,3.0,1.0,,
2019-2020,2928410,SMITHVILLE R-II,MO,lea_administrators_fte,Model 2: LEAADM (Peer),,2.3966951953699818,0.6033048046300182,0.36684702238597,2675.0,5.0,3.0,,
2019-2020,2929670,STRASBURG C-3,MO,lea_administrators_fte,Model 2: LEAADM (Peer),,1.6772673328030319,-0.6772673328030319,-0.4118208615136858,120.0,1.0,1.0,,
2019-2020,2931710,WEST PLATTE CO. R-II,MO,lea_administrators_fte,Model 2: LEAADM (Peer),,1.857309794053735,-0.8573097940537351,-0.521297929002592,700.0,2.0,1.0,,
2020-2021,2003780,Basehor-Linwood,KS,lea_administrators_fte,Model 2: LEAADM (Peer),,2.1556051599997357,1.8443948400002643,1.1215073209521045,2905.0,5.0,4.0,,
2020-2021,2012000,Blue Valley,KS,lea_administrators_fte,Model 2: LEAADM (Peer),,7.5510599608004245,-3.5510599608004245,-2.1592663657511633,22148.0,35.0,4.0,,
2020-2021,2004050,Bonner Springs,KS,lea_administrators_fte,Model 2: LEAADM (Peer),,2.1564608078300305,-1.1564608078300305,-0.703200439649559,2634.0,5.0,1.0,,
2020-2021,2005490,De Soto,KS,lea_administrators_fte,Model 2: LEAADM (Peer),,3.415438255060737,-1.415438255060737,-0.8606749113471067,7112.0,12.0,2.0,,
2020-2021,2005640,Easton,KS,lea_administrators_fte,Model 2: LEAADM (Peer),,1.798974402540183,-0.798974402540183,-0.4858263655205306,651.0,3.0,1.0,,
2020-2021,2006330,Ft Leavenworth,KS,lea_administrators_fte,Model 2: LEAADM (Peer),,1.9780601800544315,1.0219398199455685,0.6214032726535205,1534.0,4.0,3.0,,
2020-2021,2006420,Gardner Edgerton,KS,lea_administrators_fte,Model 2: LEAADM (Peer),,3.2376091116293573,-1.2376091116293573,-0.7525436794049779,5831.0,11.0,2.0,,
2020-2021,2007950,Kansas City,KS,lea_administrators_fte,Model 2: LEAADM (Peer),,9.006075116175838,-1.006075116175838,-0.6117565413589964,22140.0,43.0,8.0,,
2020-2021,2008340,Lansing,KS,lea_administrators_fte,Model 2: LEAADM (Peer),,1.9748080868248972,0.42519191317510274,0.25854325391381,2564.0,4.0,2.4,,
2020-2021,2008430,Leavenworth,KS,lea_administrators_fte,Model 2: LEAADM (Peer),,2.5171361589080616,0.48286384109193836,0.2936113900685088,3607.0,7.0,3.0,,
2020-2021,2008970,Louisburg,KS,lea_administrators_fte,Model 2: LEAADM (Peer),,1.9775771021281026,-0.8775771021281025,-0.5336217188378485,1687.0,4.0,1.1,,
2020-2021,2010140,Olathe,KS,lea_administrators_fte,Model 2: LEAADM (Peer),,10.439001296566955,0.5609987034330448,0.3411222691041079,29128.0,51.0,11.0,,
2020-2021,2010260,Osawatomie,KS,lea_administrators_fte,Model 2: LEAADM (Peer),,1.9794620532524057,0.02053794674759435,0.012488355061082378,1090.0,4.0,2.0,,
2020-2021,2010500,Paola,KS,lea_administrators_fte,Model 2: LEAADM (Peer),,1.977286623897892,2.022713376102108,1.2299361342205537,1779.0,4.0,4.0,,
2020-2021,2010680,Piper-Kansas City,KS,lea_administrators_fte,Model 2: LEAADM (Peer),,1.9748175589410997,-0.9748175589410997,-0.5927499932416566,2561.0,4.0,1.0,,
2020-2021,2011640,Shawnee Mission Pub Sch,KS,lea_administrators_fte,Model 2: LEAADM (Peer),,9.175391984513213,2.8246080154867865,1.717538186231302,26117.0,44.0,12.0,,
2020-2021,2011850,Spring Hill,KS,lea_administrators_fte,Model 2: LEAADM (Peer),,2.873845850669302,0.12615414933069813,0.07670960630254349,5836.0,9.0,3.0,,
2020-2021,2012210,Tonganoxie,KS,lea_administrators_fte,Model 2: LEAADM (Peer),,1.7950403169440667,0.20495968305593326,0.12462829545067432,1897.0,3.0,2.0,,
2020-2021,2012360,Turner-Kansas City,KS,lea_administrators_fte,Model 2: LEAADM (Peer),,2.516349973263252,1.4836500267367478,0.9021519311536405,3856.0,7.0,4.0,,
2020-2021,2903200,ARCHIE R-V,MO,lea_administrators_fte,Model 2: LEAADM (Peer),,2.004388733878037,-1.004388733878037,-0.6107311155380765,500.0,2.0,1.0,,
2020-2021,2904620,BELTON 124,MO,lea_administrators_fte,Model 2: LEAADM (Peer),,3.082739606025551,0.9172603939744488,0.5577516401323311,4583.0,8.0,4.0,,
2020-2021,2905310,BLUE SPRINGS R-IV,MO,lea_administrators_fte,Model 2: LEAADM (Peer),,5.597069837353464,0.4029301626465358,0.24500671843153027,14687.0,22.0,6.0,,
2020-2021,2908250,CENTER 58,MO,lea_administrators_fte,Model 2: LEAADM (Peer),,3.0892943104377,-1.0892943104377002,-0.6623590119278256,2507.0,8.0,2.0,,
2020-2021,2911070,DREXEL R-IV,MO,lea_administrators_fte,Model 2: LEAADM (Peer),,2.0050991425932265,-1.0050991425932265,-0.611163088431122,275.0,2.0,1.0,,
2020-2021,2911160,EAST LYNNE 40,MO,lea_administrators_fte,Model 2: LEAADM (Peer),,1.8236579655166167,-1.8236579655166167,-1.1088980053962918,138.0,1.0,0.0,,
2020-2021,2911650,EXCELSIOR SPRINGS 40,MO,lea_administrators_fte,Model 2: LEAADM (Peer),,3.0887070392331433,1.9112929607668567,1.1621855589142431,2693.0,8.0,5.0,,
2020-2021,2912290,FORT OSAGE R-I,MO,lea_administrators_fte,Model 2: LEAADM (Peer),,3.6274483366476176,3.3725516633523824,2.0507221657258334,4872.0,11.0,7.0,,
2020-2021,2913080,GRAIN VALLEY R-V,MO,lea_administrators_fte,Model 2: LEAADM (Peer),,3.082992195790952,-0.08299219579095185,-0.05046444131313531,4503.0,8.0,3.0,,
2020-2021,2913140,GRANDVIEW C-4,MO,lea_administrators_fte,Model 2: LEAADM (Peer),,3.267243434007645,0.732756565992355,0.44556178287509857,3750.0,9.0,4.0,,
2020-2021,2913680,HARDIN-CENTRAL C-2,MO,lea_administrators_fte,Model 2: LEAADM (Peer),,2.005219122731792,-1.0052191227317921,-0.6112360438530587,237.0,2.0,1.0,,
2020-2021,2913760,HARRISONVILLE R-IX,MO,lea_administrators_fte,Model 2: LEAADM (Peer),,2.9081467689633684,1.0918532310366316,0.6639149955616966,2277.0,7.0,4.0,,
2020-2021,2914340,HICKMAN MILLS C-1,MO,lea_administrators_fte,Model 2: LEAADM (Peer),,3.808895828468363,1.691104171531637,1.0282970152232167,5007.0,12.0,5.5,,
2020-2021,2915480,INDEPENDENCE 30,MO,lea_administrators_fte,Model 2: LEAADM (Peer),,7.2353448161163705,1.7646551838836295,1.0730206270156821,14240.0,31.0,9.0,,
2020-2021,2916400,KANSAS CITY 33,MO,lea_administrators_fte,Model 2: LEAADM (Peer),,7.96324075056838,5.03675924943162,3.0626643761972243,14113.0,35.0,13.0,,
2020-2021,2916450,KEARNEY R-I,MO,lea_administrators_fte,Model 2: LEAADM (Peer),,3.2678117609797965,-1.2678117609797965,-0.7709087776063273,3570.0,9.0,2.0,,
2020-2021,2918220,LAWSON R-XIV,MO,lea_administrators_fte,Model 2: LEAADM (Peer),,2.184339631338783,-1.184339631338783,-0.7201525065207682,1109.0,3.0,1.0,,
2020-2021,2918300,LEE'S SUMMIT R-VII,MO,lea_administrators_fte,Model 2: LEAADM (Peer),,6.4966411970772775,-0.4966411970772775,-0.3019888834694982,17790.0,27.0,6.0,,
2020-2021,2918540,LIBERTY 53,MO,lea_administrators_fte,Model 2: LEAADM (Peer),,5.239810762852477,1.7601892371475234,1.0703050523182793,12632.0,20.0,7.0,,
2020-2021,2919230,LONE JACK C-6,MO,lea_administrators_fte,Model 2: LEAADM (Peer),,2.00363727932597,-1.0036372793259698,-0.6102741842112104,738.0,2.0,1.0,,
2020-2021,2931800,MIDWAY R-I,MO,lea_administrators_fte,Model 2: LEAADM (Peer),,2.004609749922763,-1.5046097499227629,-0.9148967526465492,430.0,2.0,0.5,,
2020-2021,2921060,MISSOURI CITY 56,MO,lea_administrators_fte,Model 2: LEAADM (Peer),,1.8240084338161102,-1.8240084338161102,-1.1091111120235277,27.0,1.0,0.0,,
2020-2021,2922800,NORTH KANSAS CITY 74,MO,lea_administrators_fte,Model 2: LEAADM (Peer),,7.763812024823171,-1.7638120248231708,-1.072507933617,19673.0,34.0,6.0,,
2020-2021,2922830,NORTH PLATTE CO. R-I,MO,lea_administrators_fte,Model 2: LEAADM (Peer),,2.5497573552622135,-1.7497573552622134,-1.063961816232409,580.0,5.0,0.8,,
2020-2021,2923010,OAK GROVE R-VI,MO,lea_administrators_fte,Model 2: LEAADM (Peer),,2.3634475104575046,-0.36344751045750456,-0.22099879858688473,1985.0,4.0,2.0,,
2020-2021,2923220,ORRICK R-XI,MO,lea_administrators_fte,Model 2: LEAADM (Peer),,2.0051654474066445,-1.0051654474066445,-0.6112034059011398,254.0,2.0,1.0,,
2020-2021,2923550,PARK HILL,MO,lea_administrators_fte,Model 2: LEAADM (Peer),,5.241831480975684,-1.2418314809756836,-0.7551111438279797,11992.0,20.0,4.0,,
2020-2021,2925230,PLATTE CO. R-III,MO,lea_administrators_fte,Model 2: LEAADM (Peer),,2.90185728380489,1.09814271619511,0.6677393955747938,4269.0,7.0,4.0,,
2020-2021,2925330,PLEASANT HILL R-III,MO,lea_administrators_fte,Model 2: LEAADM (Peer),,2.544765550023482,-0.5447655500234818,-0.3312514974037485,2161.0,5.0,2.0,,
2020-2021,2923730,RAYMORE-PECULIAR R-II,MO,lea_administrators_fte,Model 2: LEAADM (Peer),,3.6229711830558897,1.3770288169441103,0.8373195727247934,6290.0,11.0,5.0,,
2020-2021,2926070,RAYTOWN C-2,MO,lea_administrators_fte,Model 2: LEAADM (Peer),,5.254732503243526,2.7452674967564743,1.6692941927682916,7906.0,20.0,8.0,,
2020-2021,2926480,RICHMOND R-XVI,MO,lea_administrators_fte,Model 2: LEAADM (Peer),,2.3651493340018916,-0.36514933400189165,-0.2220336136506693,1446.0,4.0,2.0,,
2020-2021,2910320,SHERWOOD CASS R-VIII,MO,lea_administrators_fte,Model 2: LEAADM (Peer),,2.185337360912116,-1.1853373609121158,-0.7207591884505566,793.0,3.0,1.0,,
2020-2021,2928410,SMITHVILLE R-II,MO,lea_administrators_fte,Model 2: LEAADM (Peer),,2.5432436966869423,-0.5632436966869423,-0.34248736529453844,2643.0,5.0,1.98,,
2020-2021,2929670,STRASBURG C-3,MO,lea_administrators_fte,Model 2: LEAADM (Peer),,1.8237179555858993,-0.8237179555858993,-0.5008719920237654,119.0,1.0,1.0,,
2020-2021,2931710,WEST PLATTE CO. R-II,MO,lea_administrators_fte,Model 2: LEAADM (Peer),,2.0038646101148307,-1.0038646101148307,-0.6104124155369852,666.0,2.0,1.0,,
2021-2022,2003780,Basehor-Linwood,KS,lea_administrators_fte,Model 2: LEAADM (Peer),,2.3602821113611556,1.1397178886388444,0.6930196984981567,2996.0,7.0,3.5,,
2021-2022,2012000,Blue Valley,KS,lea_administrators_fte,Model 2: LEAADM (Peer),,7.3915568780888785,-3.3915568780888785,-2.062278523942084,22376.0,35.0,4.0,,
2021-2022,2004050,Bonner Springs,KS,lea_administrators_fte,Model 2: LEAADM (Peer),,1.9979365104594116,0.002063489540588437,0.001254730590374941,2552.0,5.0,2.0,,
2021-2022,2005490,De Soto,KS,lea_administrators_fte,Model 2: LEAADM (Peer),,3.4376320965632683,-1.4376320965632683,-0.8741701538978481,7396.0,13.0,2.0,,
2021-2022,2005640,Easton,KS,lea_administrators_fte,Model 2: LEAADM (Peer),,1.6401659416834882,-0.6401659416834882,-0.389260897206873,659.0,3.0,1.0,,
2021-2022,2006330,Ft Leavenworth,KS,lea_administrators_fte,Model 2: LEAADM (Peer),,1.8189138803865132,1.1810861196134868,0.7181741680763152,1649.0,4.0,3.0,,
2021-2022,2006420,Gardner Edgerton,KS,lea_administrators_fte,Model 2: LEAADM (Peer),,3.078551218379329,-0.07855121837932888,-0.04776404952537831,5918.0,11.0,3.0,,
2021-2022,2007950,Kansas City,KS,lea_administrators_fte,Model 2: LEAADM (Peer),,8.84901899681661,-3.8490189968166106,-2.340444079432002,21593.0,43.0,5.0,,
2021-2022,2008340,Lansing,KS,lea_administrators_fte,Model 2: LEAADM (Peer),,1.8159238490385823,0.18407615096141772,0.1119298029026611,2596.0,4.0,2.0,,
2021-2022,2008430,Leavenworth,KS,lea_administrators_fte,Model 2: LEAADM (Peer),,2.539948845335825,0.4600511546641748,0.27973985113093625,3695.0,8.0,3.0,,
2021-2022,2008970,Louisburg,KS,lea_administrators_fte,Model 2: LEAADM (Peer),,2.0003487427189883,-0.9003487427189882,-0.5474682993416005,1788.0,5.0,1.1,,
2021-2022,2010140,Olathe,KS,lea_administrators_fte,Model 2: LEAADM (Peer),,10.46153297688071,1.5384670231192903,0.9354840905277241,29305.0,52.0,12.0,,
2021-2022,2010260,Osawatomie,KS,lea_administrators_fte,Model 2: LEAADM (Peer),,2.0025746900265826,-1.0025746900265826,-0.6096280635148263,1083.0,5.0,1.0,,
2021-2022,2010500,Paola,KS,lea_administrators_fte,Model 2: LEAADM (Peer),,1.8184339598322519,2.1815660401677484,1.3265284808475564,1801.0,4.0,4.0,,
2021-2022,2010680,Piper-Kansas City,KS,lea_administrators_fte,Model 2: LEAADM (Peer),,1.8158638589692995,-0.8158638589692995,-0.49609621046986524,2615.0,4.0,1.0,,
2021-2022,2011640,Shawnee Mission Pub Sch,KS,lea_administrators_fte,Model 2: LEAADM (Peer),,9.197393226319626,3.502606773680373,2.12980380009001,26462.0,45.0,12.7,,
2021-2022,2011850,Spring Hill,KS,lea_administrators_fte,Model 2: LEAADM (Peer),,2.898379304873858,0.10162069512614202,0.06179173302403827,5379.0,10.0,3.0,,
2021-2022,2012210,Tonganoxie,KS,lea_administrators_fte,Model 2: LEAADM (Peer),,1.6362381708315068,0.3637618291684932,0.22118992400528262,1903.0,3.0,2.0,,
2021-2022,2012360,Turner-Kansas City,KS,lea_administrators_fte,Model 2: LEAADM (Peer),,2.5393047414340533,1.4606952585659467,0.888193997637459,3899.0,8.0,4.0,,
2021-2022,2903200,ARCHIE R-V,MO,lea_administrators_fte,Model 2: LEAADM (Peer),,1.7863959749447134,-0.7863959749447134,-0.4781778955029159,496.0,2.0,1.0,,
2021-2022,2904620,BELTON 124,MO,lea_administrators_fte,Model 2: LEAADM (Peer),,2.8650720564151806,2.1349279435848194,1.298169603659948,4476.0,8.0,5.0,,
2021-2022,2905310,BLUE SPRINGS R-IV,MO,lea_administrators_fte,Model 2: LEAADM (Peer),,5.378811859166469,1.6211881408335307,0.9857836994302561,14767.0,22.0,7.0,,
2021-2022,2908250,CENTER 58,MO,lea_administrators_fte,Model 2: LEAADM (Peer),,2.8712352466909588,-0.8712352466909588,-0.5297654744226474,2524.0,8.0,2.0,,
2021-2022,2911070,DREXEL R-IV,MO,lea_administrators_fte,Model 2: LEAADM (Peer),,1.7870463935906202,-0.7870463935906202,-0.4785733906849932,290.0,2.0,1.0,,
2021-2022,2911160,EAST LYNNE 40,MO,lea_administrators_fte,Model 2: LEAADM (Peer),,1.60561784600228,-1.60561784600228,-0.9763159871682614,149.0,1.0,0.0,,
2021-2022,2911650,EXCELSIOR SPRINGS 40,MO,lea_administrators_fte,Model 2: LEAADM (Peer),,2.870837417810452,2.129162582189548,1.2946639036479428,2650.0,8.0,5.0,,
2021-2022,2912290,FORT OSAGE R-I,MO,lea_administrators_fte,Model 2: LEAADM (Peer),,3.409657649526614,3.590342350473386,2.1831525134714167,4804.0,11.0,7.0,,
2021-2022,2913080,GRAIN VALLEY R-V,MO,lea_administrators_fte,Model 2: LEAADM (Peer),,2.8648289387659824,0.13517106123401756,0.08219245221635632,4553.0,8.0,3.0,,
2021-2022,2913140,GRANDVIEW C-4,MO,lea_administrators_fte,Model 2: LEAADM (Peer),,3.0492885635391316,0.9507114364608684,0.5780919643559632,3734.0,9.0,4.0,,
2021-2022,2913680,HARDIN-CENTRAL C-2,MO,lea_administrators_fte,Model 2: LEAADM (Peer),,1.7872168916822657,-0.7872168916822657,-0.47867706417932415,236.0,2.0,1.0,,
2021-2022,2913760,HARRISONVILLE R-IX,MO,lea_administrators_fte,Model 2: LEAADM (Peer),,2.6903371376099594,1.3096628623900406,0.7963568625844283,2215.0,7.0,4.0,,
2021-2022,2914340,HICKMAN MILLS C-1,MO,lea_administrators_fte,Model 2: LEAADM (Peer),,3.590353686795292,2.909646313204708,1.769246785379161,5177.0,12.0,6.5,,
2021-2022,2915480,INDEPENDENCE 30,MO,lea_administrators_fte,Model 2: LEAADM (Peer),,7.016846877652246,1.9831531223477539,1.2058810277747858,14396.0,31.0,9.0,,
2021-2022,2916400,KANSAS CITY 33,MO,lea_administrators_fte,Model 2: LEAADM (Peer),,7.745295352216069,-7.745295352216069,-4.709623586045916,14094.0,35.0,0.0,,
2021-2022,2916450,KEARNEY R-I,MO,lea_administrators_fte,Model 2: LEAADM (Peer),,3.04984741839508,-0.04984741839508011,-0.03031034540339363,3557.0,9.0,3.0,,
2021-2022,2918220,LAWSON R-XIV,MO,lea_administrators_fte,Model 2: LEAADM (Peer),,1.9664352788233495,-0.9664352788233495,-0.5876530431122977,1077.0,3.0,1.0,,
2021-2022,2918300,LEE'S SUMMIT R-VII,MO,lea_administrators_fte,Model 2: LEAADM (Peer),,6.278465310564039,0.9015346894359606,0.5481894290566149,17844.0,27.0,7.18,,
2021-2022,2918540,LIBERTY 53,MO,lea_administrators_fte,Model 2: LEAADM (Peer),,5.022452635704723,0.977547364295277,0.5944098854854907,12427.0,20.0,6.0,,
2021-2022,2919230,LONE JACK C-6,MO,lea_administrators_fte,Model 2: LEAADM (Peer),,1.7855403271144183,-0.7855403271144183,-0.4776576081517365,767.0,2.0,1.0,,
2021-2022,2931800,MIDWAY R-I,MO,lea_administrators_fte,Model 2: LEAADM (Peer),,1.7865601582922237,-0.7865601582922237,-0.47827772923819745,444.0,2.0,1.0,,
2021-2022,2921060,MISSOURI CITY 56,MO,lea_administrators_fte,Model 2: LEAADM (Peer),,1.6060188322548539,-1.6060188322548539,-0.9765598118678916,22.0,1.0,0.0,,
2021-2022,2922800,NORTH KANSAS CITY 74,MO,lea_administrators_fte,Model 2: LEAADM (Peer),,7.54516884724394,0.4548311527560598,0.27656576376722725,19875.0,34.0,8.0,,
2021-2022,2922830,NORTH PLATTE CO. R-I,MO,lea_administrators_fte,Model 2: LEAADM (Peer),,2.3317835405612946,-1.3317835405612946,-0.8098076172576972,570.0,5.0,1.0,,
2021-2022,2923010,OAK GROVE R-VI,MO,lea_administrators_fte,Model 2: LEAADM (Peer),,2.1455684169186107,-1.1455684169186107,-0.6965771852981059,1945.0,4.0,1.0,,
2021-2022,2923220,ORRICK R-XI,MO,lea_administrators_fte,Model 2: LEAADM (Peer),,1.7870905967995654,-0.7870905967995654,-0.4786002689983383,276.0,2.0,1.0,,
2021-2022,2923550,PARK HILL,MO,lea_administrators_fte,Model 2: LEAADM (Peer),,5.023829249926156,0.9761707500738437,0.593572818012745,11991.0,20.0,6.0,,
2021-2022,2925230,PLATTE CO. R-III,MO,lea_administrators_fte,Model 2: LEAADM (Peer),,2.683839265895026,1.3161607341049741,0.8003079746461517,4273.0,7.0,4.0,,
2021-2022,2925330,PLEASANT HILL R-III,MO,lea_administrators_fte,Model 2: LEAADM (Peer),,2.3266654404398626,-1.3266654404398626,-0.8066954925482446,2191.0,5.0,1.0,,
2021-2022,2923730,RAYMORE-PECULIAR R-II,MO,lea_administrators_fte,Model 2: LEAADM (Peer),,3.4045174478007096,1.5954825521992904,0.9701530951705524,6432.0,11.0,5.0,,
2021-2022,2926070,RAYTOWN C-2,MO,lea_administrators_fte,Model 2: LEAADM (Peer),,5.036313499081087,0.9636865009189126,0.5859816143722906,8037.0,20.0,6.0,,
2021-2022,2926480,RICHMOND R-XVI,MO,lea_administrators_fte,Model 2: LEAADM (Peer),,2.1469071426752344,-0.14690714267523441,-0.08932872313306141,1521.0,4.0,2.0,,
2021-2022,2910320,SHERWOOD CASS R-VIII,MO,lea_administrators_fte,Model 2: LEAADM (Peer),,1.967287769281577,-0.9672877692815769,-0.5881714105839524,807.0,3.0,1.0,,
2021-2022,2928410,SMITHVILLE R-II,MO,lea_administrators_fte,Model 2: LEAADM (Peer),,2.3254340653335337,-0.0754340653335337,-0.04586862567926359,2581.0,5.0,2.25,,
2021-2022,2929670,STRASBURG C-3,MO,lea_administrators_fte,Model 2: LEAADM (Peer),,1.605709409792238,-0.605709409792238,-0.36830917259098156,120.0,1.0,1.0,,
2021-2022,2931710,WEST PLATTE CO. R-II,MO,lea_administrators_fte,Model 2: LEAADM (Peer),,1.785723454694334,-0.7857234546943339,-0.47776896116416606,709.0,2.0,1.0,,
2022-2023,2003780,Basehor-Linwood,KS,lea_administrators_fte,Model 2: LEAADM (Peer),,2.465510205808193,1.0344897941918072,0.629034441256722,3043.0,7.0,3.5,,
2022-2023,2012000,Blue Valley,KS,lea_administrators_fte,Model 2: LEAADM (Peer),,7.678781847096408,-4.678781847096408,-2.8449917451816766,22384.0,36.0,3.0,,
2022-2023,2004050,Bonner Springs,KS,lea_administrators_fte,Model 2: LEAADM (Peer),,2.1034140372997823,0.8965859627002177,0.5451802939499877,2520.0,5.0,3.0,,
2022-2023,2005490,De Soto,KS,lea_administrators_fte,Model 2: LEAADM (Peer),,3.542866505754441,-1.542866505754441,-0.9381592508983325,7441.0,13.0,2.0,,
2022-2023,2005640,Easton,KS,lea_administrators_fte,Model 2: LEAADM (Peer),,1.745586635826644,-0.7455866358266441,-0.4533632670993116,645.0,3.0,1.0,,
2022-2023,2006330,Fort Leavenworth,KS,lea_administrators_fte,Model 2: LEAADM (Peer),,1.9240377815553233,1.0759622184446767,0.6542522668591934,1729.0,4.0,3.0,,
2022-2023,2006420,Gardner Edgerton,KS,lea_administrators_fte,Model 2: LEAADM (Peer),,3.183687749036409,-0.18368774903640883,-0.11169363026059856,5994.0,11.0,3.0,,
2022-2023,2007950,Kansas City,KS,lea_administrators_fte,Model 2: LEAADM (Peer),,8.953063076738331,-1.9530630767383315,-1.1875843996847044,22015.0,43.0,7.0,,
2022-2023,2008340,Lansing,KS,lea_administrators_fte,Model 2: LEAADM (Peer),,1.9211172123928775,0.07888278760712253,0.04796566433599715,2654.0,4.0,2.0,,
2022-2023,2008430,Leavenworth,KS,lea_administrators_fte,Model 2: LEAADM (Peer),,2.6456126571281793,0.3543873428718207,0.21548965051509988,3604.0,8.0,3.0,,
2022-2023,2008970,Louisburg,KS,lea_administrators_fte,Model 2: LEAADM (Peer),,2.105681030444254,-1.0056810304442538,-0.6115169126073489,1802.0,5.0,1.1,,
2022-2023,2010140,Olathe,KS,lea_administrators_fte,Model 2: LEAADM (Peer),,10.385891378595357,2.614108621404643,1.5895414002941475,29034.0,51.0,13.0,,
2022-2023,2010260,Osawatomie,KS,lea_administrators_fte,Model 2: LEAADM (Peer),,2.108014328402143,-1.108014328402143,-0.6737419526844125,1063.0,5.0,1.0,,
2022-2023,2010500,Paola,KS,lea_administrators_fte,Model 2: LEAADM (Peer),,1.9237662475575175,-1.9237662475575175,-1.1697700967521711,1815.0,4.0,0.0,,
2022-2023,2010680,Piper-Kansas City,KS,lea_administrators_fte,Model 2: LEAADM (Peer),,1.9207193835123713,1.0792806164876287,0.6562700602395974,2780.0,4.0,3.0,,
2022-2023,2011640,Shawnee Mission Pub Sch,KS,lea_administrators_fte,Model 2: LEAADM (Peer),,9.302277167211304,3.397722832788695,2.066027809716762,26618.0,45.0,12.7,,
2022-2023,2011850,Spring Hill,KS,lea_administrators_fte,Model 2: LEAADM (Peer),,3.0037810547846084,-0.0037810547846084397,-0.0022991175912521742,5371.0,10.0,3.0,,
2022-2023,2012210,Tonganoxie,KS,lea_administrators_fte,Model 2: LEAADM (Peer),,1.7414852095109499,0.25851479048905013,0.15719314748669955,1944.0,3.0,2.0,,
2022-2023,2012360,Turner-Kansas City,KS,lea_administrators_fte,Model 2: LEAADM (Peer),,2.6447064913448037,2.3552935086551963,1.4321656381056633,3891.0,8.0,5.0,,
2022-2023,2903200,ARCHIE R-V,MO,lea_administrators_fte,Model 2: LEAADM (Peer),,1.9545105906989506,-0.9545105906989506,-0.580402087545982,516.0,2.0,1.0,,
2022-2023,2904620,BELTON 124,MO,lea_administrators_fte,Model 2: LEAADM (Peer),,3.0336729074678144,2.9663270925321856,1.8037122412535809,4342.0,8.0,6.0,,
2022-2023,2905310,BLUE SPRINGS R-IV,MO,lea_administrators_fte,Model 2: LEAADM (Peer),,5.547532690357668,1.4524673096423317,0.8831908905184579,14595.0,22.0,7.0,,
2022-2023,2908250,CENTER 58,MO,lea_administrators_fte,Model 2: LEAADM (Peer),,3.0393056592362506,-2.0393056592362506,-1.240025279235863,2558.0,8.0,1.0,,
2022-2023,2911070,DREXEL R-IV,MO,lea_administrators_fte,Model 2: LEAADM (Peer),,1.9552241567862076,-1.9552241567862076,-1.188898471402047,290.0,2.0,0.0,,
2022-2023,2911160,EAST LYNNE 40,MO,lea_administrators_fte,Model 2: LEAADM (Peer),,1.7737703502213273,-1.7737703502213273,-1.0785632177656232,157.0,1.0,0.0,,
2022-2023,2911650,EXCELSIOR SPRINGS 40,MO,lea_administrators_fte,Model 2: LEAADM (Peer),,3.0388983582395417,2.9611016417604583,1.8005348406402903,2687.0,8.0,6.0,,
2022-2023,2912290,FORT OSAGE R-I,MO,lea_administrators_fte,Model 2: LEAADM (Peer),,3.577702803095366,3.422297196904634,2.080970558777893,4846.0,11.0,7.0,,
2022-2023,2913080,GRAIN VALLEY R-V,MO,lea_administrators_fte,Model 2: LEAADM (Peer),,3.0331550984487428,-0.03315509844874276,-0.020160371754861035,4506.0,8.0,3.0,,
2022-2023,2913140,GRANDVIEW C-4,MO,lea_administrators_fte,Model 2: LEAADM (Peer),,3.2176084084777568,0.7823915915222432,0.4757429801437953,3689.0,9.0,4.0,,
2022-2023,2913680,HARDIN-CENTRAL C-2,MO,lea_administrators_fte,Model 2: LEAADM (Peer),,1.9554167564823257,-0.9554167564823257,-0.5809530929695557,229.0,2.0,1.0,,
2022-2023,2913760,HARRISONVILLE R-IX,MO,lea_administrators_fte,Model 2: LEAADM (Peer),,2.858540159782087,1.1414598402179128,0.6940789139146719,2207.0,7.0,4.0,,
2022-2023,2914340,HICKMAN MILLS C-1,MO,lea_administrators_fte,Model 2: LEAADM (Peer),,3.9405819998765192,0.05941800012348075,0.0361298571702831,5121.0,13.0,4.0,,
2022-2023,2915480,INDEPENDENCE 30,MO,lea_administrators_fte,Model 2: LEAADM (Peer),,7.184993067127158,2.8150069328728424,1.7117001280199686,14406.0,31.0,10.0,,
2022-2023,2916400,KANSAS CITY 33,MO,lea_administrators_fte,Model 2: LEAADM (Peer),,7.912465913722121,-4.572465913722121,-2.7803450138922408,14413.0,35.0,3.34,,
2022-2023,2916450,KEARNEY R-I,MO,lea_administrators_fte,Model 2: LEAADM (Peer),,3.218012552102398,-0.2180125521023979,-0.13256525551885426,3561.0,9.0,3.0,,
2022-2023,2918220,LAWSON R-XIV,MO,lea_administrators_fte,Model 2: LEAADM (Peer),,2.1345719961820593,-1.1345719961820593,-0.6898906743120362,1090.0,3.0,1.0,,
2022-2023,2918300,LEE'S SUMMIT R-VII,MO,lea_administrators_fte,Model 2: LEAADM (Peer),,6.810608406532001,4.189391593467999,2.5474118884484027,17775.0,29.0,11.0,,
2022-2023,2918540,LIBERTY 53,MO,lea_administrators_fte,Model 2: LEAADM (Peer),,5.190819841224361,-0.8208198412243606,-0.49910975738564334,12367.0,20.0,4.37,,
2022-2023,2919230,LONE JACK C-6,MO,lea_administrators_fte,Model 2: LEAADM (Peer),,1.9537717656351534,-0.9537717656351534,-0.5799528357372145,750.0,2.0,1.0,,
2022-2023,2931800,MIDWAY R-I,MO,lea_administrators_fte,Model 2: LEAADM (Peer),,1.9547221346274737,-0.9547221346274737,-0.5805307194741333,449.0,2.0,1.0,,
2022-2023,2921060,MISSOURI CITY 56,MO,lea_administrators_fte,Model 2: LEAADM (Peer),,1.7742060675666438,-1.7742060675666438,-1.0788281611400246,19.0,1.0,0.0,,
2022-2023,2922800,NORTH KANSAS CITY 74,MO,lea_administrators_fte,Model 2: LEAADM (Peer),,7.711180653201216,-0.7111806532012164,-0.4324422795959186,20561.0,34.0,7.0,,
2022-2023,2922830,NORTH PLATTE CO. R-I,MO,lea_administrators_fte,Model 2: LEAADM (Peer),,2.499898156315532,-1.749898156315532,-1.064047432071637,590.0,5.0,0.75,,
2022-2023,2923010,OAK GROVE R-VI,MO,lea_administrators_fte,Model 2: LEAADM (Peer),,2.3136988195331853,-1.3136988195331853,-0.7988109767387951,1960.0,4.0,1.0,,
2022-2023,2923220,ORRICK R-XI,MO,lea_administrators_fte,Model 2: LEAADM (Peer),,1.95522099941414,-0.9552209994141401,-0.5808340604390275,291.0,2.0,1.0,,
2022-2023,2923550,PARK HILL,MO,lea_administrators_fte,Model 2: LEAADM (Peer),,5.1920543737027565,0.8079456262972435,0.4912814301863162,11976.0,20.0,6.0,,
2022-2023,2925230,PLATTE CO. R-III,MO,lea_administrators_fte,Model 2: LEAADM (Peer),,2.8519854553699386,2.1480145446300614,1.3061270748913336,4283.0,7.0,5.0,,
2022-2023,2925330,PLEASANT HILL R-III,MO,lea_administrators_fte,Model 2: LEAADM (Peer),,2.4948242594030443,0.5051757405969557,0.3071784192623342,2197.0,5.0,3.0,,
2022-2023,2923730,RAYMORE-PECULIAR R-II,MO,lea_administrators_fte,Model 2: LEAADM (Peer),,3.5728688664600097,1.4271311335399903,0.8677849121631381,6377.0,11.0,5.0,,
2022-2023,2926070,RAYTOWN C-2,MO,lea_administrators_fte,Model 2: LEAADM (Peer),,5.204570196578363,1.7954298034216372,1.09173351883411,8012.0,20.0,7.0,,
2022-2023,2926480,RICHMOND R-XVI,MO,lea_administrators_fte,Model 2: LEAADM (Peer),,2.314964925732257,-0.3149649257322569,-0.19151835734468403,1559.0,4.0,2.0,,
2022-2023,2910320,SHERWOOD CASS R-VIII,MO,lea_administrators_fte,Model 2: LEAADM (Peer),,2.1354907914537042,-1.1354907914537042,-0.6904493592537084,799.0,3.0,1.0,,
2022-2023,2928410,SMITHVILLE R-II,MO,lea_administrators_fte,Model 2: LEAADM (Peer),,2.493602356412919,0.7563976435870812,0.45993703540924596,2584.0,5.0,3.25,,
2022-2023,2929670,STRASBURG C-3,MO,lea_administrators_fte,Model 2: LEAADM (Peer),,1.7738682287554202,-1.7738682287554202,-1.0786227340308872,126.0,1.0,0.0,,
2022-2023,2931710,WEST PLATTE CO. R-II,MO,lea_administrators_fte,Model 2: LEAADM (Peer),,2.135680233777755,-1.1356802337777552,-0.6905645520251875,739.0,3.0,1.0,,
2023-2024,2003780,Basehor-Linwood,KS,lea_administrators_fte,Model 2: LEAADM (Peer),,2.5784576942690016,0.4215423057309984,0.256324064519871,3097.0,7.0,3.0,,
2023-2024,2012000,Blue Valley,KS,lea_administrators_fte,Model 2: LEAADM (Peer),,7.973745154350114,-4.973745154350114,-3.0243478685685914,22393.0,37.0,3.0,,
2023-2024,2004050,Bonner Springs,KS,lea_administrators_fte,Model 2: LEAADM (Peer),,2.2164057289695362,0.7835942710304638,0.47647428444153894,2560.0,5.0,3.0,,
2023-2024,2005490,De Soto,KS,lea_administrators_fte,Model 2: LEAADM (Peer),,3.656227609956094,-1.656227609956094,-1.0070898863111652,7364.0,13.0,2.0,,
2023-2024,2005640,Easton,KS,lea_administrators_fte,Model 2: LEAADM (Peer),,1.8586130585891407,-0.8586130585891407,-0.5220903952825315,674.0,3.0,1.0,,
2023-2024,2006330,Fort Leavenworth,KS,lea_administrators_fte,Model 2: LEAADM (Peer),,2.037411515245246,0.9625884847547539,0.5853139519282622,1648.0,4.0,3.0,,
2023-2024,2006420,Gardner Edgerton,KS,lea_administrators_fte,Model 2: LEAADM (Peer),,3.297118315423547,0.702881684576453,0.42739598806052115,5895.0,11.0,4.0,,
2023-2024,2007950,Kansas City,KS,lea_administrators_fte,Model 2: LEAADM (Peer),,9.068969022826398,-3.0689690228263977,-1.866124949077898,21132.0,43.0,6.0,,
2023-2024,2008340,Lansing,KS,lea_administrators_fte,Model 2: LEAADM (Peer),,2.034686703150985,-0.03468670315098521,-0.021091683125461773,2511.0,4.0,2.0,,
2023-2024,2008430,Leavenworth,KS,lea_administrators_fte,Model 2: LEAADM (Peer),,2.7591947773745575,1.2408052226254425,0.7544871146190368,3457.0,8.0,4.0,,
2023-2024,2008970,Louisburg,KS,lea_administrators_fte,Model 2: LEAADM (Peer),,2.2189316266235437,-0.2189316266235437,-0.13312411026167353,1760.0,5.0,2.0,,
2023-2024,2010140,Olathe,KS,lea_administrators_fte,Model 2: LEAADM (Peer),,10.682284975395644,1.3177150246043556,0.8012530803990731,28590.0,52.0,12.0,,
2023-2024,2010260,Osawatomie,KS,lea_administrators_fte,Model 2: LEAADM (Peer),,2.2211828329076777,-0.2211828329076777,-0.13449298436274687,1047.0,5.0,2.0,,
2023-2024,2010500,Paola,KS,lea_administrators_fte,Model 2: LEAADM (Peer),,2.036900020970309,-2.036900020970309,-1.238562500839229,1810.0,4.0,0.0,,
2023-2024,2010680,Piper-Kansas City,KS,lea_administrators_fte,Model 2: LEAADM (Peer),,2.0338563142972306,1.9661436857027694,1.1955382273565096,2774.0,4.0,4.0,,
2023-2024,2011640,Shawnee Mission Pub Sch,KS,lea_administrators_fte,Model 2: LEAADM (Peer),,9.415881389062156,3.5841186109378445,2.1793680909055806,26464.0,45.0,13.0,,
2023-2024,2011850,Spring Hill,KS,lea_administrators_fte,Model 2: LEAADM (Peer),,3.2979455469052343,-0.29794554690523434,-0.18116951145843102,5633.0,11.0,3.0,,
2023-2024,2012210,Tonganoxie,KS,lea_administrators_fte,Model 2: LEAADM (Peer),,1.8543948095069485,0.14560519049305154,0.08853705484589171,2010.0,3.0,2.0,,
2023-2024,2012360,Turner-Kansas City,KS,lea_administrators_fte,Model 2: LEAADM (Peer),,2.7577929041765836,2.2422070958234164,1.3634020322114748,3901.0,8.0,5.0,,
2023-2024,2903200,ARCHIE R-V,MO,lea_administrators_fte,Model 2: LEAADM (Peer),,2.0156041124664,-1.0156041124664,-0.6175507665809609,524.0,2.0,1.0,,
2023-2024,2904620,BELTON 124,MO,lea_administrators_fte,Model 2: LEAADM (Peer),,3.0952242481850525,2.9047757518149475,1.7662851796875283,4205.0,8.0,6.0,,
2023-2024,2905310,BLUE SPRINGS R-IV,MO,lea_administrators_fte,Model 2: LEAADM (Peer),,5.426307285613739,1.5736927143862607,0.9569035121096563,14744.0,21.0,7.0,,
2023-2024,2908250,CENTER 58,MO,lea_administrators_fte,Model 2: LEAADM (Peer),,3.1007528066752608,-2.1007528066752608,-1.2773889847776023,2454.0,8.0,1.0,,
2023-2024,2911070,DREXEL R-IV,MO,lea_administrators_fte,Model 2: LEAADM (Peer),,2.016393455483277,-1.0163934554832772,-0.6180307364621226,274.0,2.0,1.0,,
2023-2024,2911160,EAST LYNNE 40,MO,lea_administrators_fte,Model 2: LEAADM (Peer),,1.8348607146167093,-0.8348607146167093,-0.5076474858375828,166.0,1.0,1.0,,
2023-2024,2911650,EXCELSIOR SPRINGS 40,MO,lea_administrators_fte,Model 2: LEAADM (Peer),,3.1001718502148394,1.8998281497851606,1.1552142373889114,2638.0,8.0,5.0,,
2023-2024,2912290,FORT OSAGE R-I,MO,lea_administrators_fte,Model 2: LEAADM (Peer),,3.6389794524427312,4.361020547557269,2.651773017813979,4796.0,11.0,8.0,,
2023-2024,2913080,GRAIN VALLEY R-V,MO,lea_administrators_fte,Model 2: LEAADM (Peer),,3.0944570067726476,-0.09445700677264757,-0.05743576283846661,4448.0,8.0,3.0,,
2023-2024,2913140,GRANDVIEW C-4,MO,lea_administrators_fte,Model 2: LEAADM (Peer),,3.278727189221746,0.7212728107782538,0.4385789420726191,3689.0,9.0,4.0,,
2023-2024,2913680,HARDIN-CENTRAL C-2,MO,lea_administrators_fte,Model 2: LEAADM (Peer),,2.0165513240866524,-1.0165513240866524,-0.6181267304383549,224.0,2.0,1.0,,
2023-2024,2913760,HARRISONVILLE R-IX,MO,lea_administrators_fte,Model 2: LEAADM (Peer),,2.9196557831540093,2.0803442168459907,1.264979286806515,2208.0,7.0,5.0,,
2023-2024,2914340,HICKMAN MILLS C-1,MO,lea_administrators_fte,Model 2: LEAADM (Peer),,4.00214281270996,0.9978571872900401,0.6067595270491511,4981.0,13.0,5.0,,
2023-2024,2915480,INDEPENDENCE 30,MO,lea_administrators_fte,Model 2: LEAADM (Peer),,7.246863302423215,2.7531366975767853,1.6740791586219261,14168.0,31.0,10.0,,
2023-2024,2916400,KANSAS CITY 33,MO,lea_administrators_fte,Model 2: LEAADM (Peer),,7.608949998815422,-0.9089499988154222,-0.5526984005500452,14694.0,33.0,6.7,,
2023-2024,2916450,KEARNEY R-I,MO,lea_administrators_fte,Model 2: LEAADM (Peer),,3.279323932542505,-0.2793239325425052,-0.16984640624103375,3500.0,9.0,3.0,,
2023-2024,2918220,LAWSON R-XIV,MO,lea_administrators_fte,Model 2: LEAADM (Peer),,2.1956149999964283,-1.1956149999964283,-0.7270086352746207,1114.0,3.0,1.0,,
2023-2024,2918300,LEE'S SUMMIT R-VII,MO,lea_administrators_fte,Model 2: LEAADM (Peer),,6.871657725090507,1.1283422749094933,0.686102614476284,17797.0,29.0,8.0,,
2023-2024,2918540,LIBERTY 53,MO,lea_administrators_fte,Model 2: LEAADM (Peer),,5.252611142218729,0.7473888577812708,0.4544591306705273,12154.0,20.0,6.0,,
2023-2024,2919230,LONE JACK C-6,MO,lea_administrators_fte,Model 2: LEAADM (Peer),,2.014922120099818,-1.014922120099818,-0.6171360726036371,740.0,2.0,1.0,,
2023-2024,2931800,MIDWAY R-I,MO,lea_administrators_fte,Model 2: LEAADM (Peer),,2.0158945906966106,-1.0158945906966106,-0.6177273954972283,432.0,2.0,1.0,,
2023-2024,2921060,MISSOURI CITY 56,MO,lea_administrators_fte,Model 2: LEAADM (Peer),,1.8353248483106333,-1.4553248483106334,-0.8849284525994728,19.0,1.0,0.38,,
2023-2024,2922800,NORTH KANSAS CITY 74,MO,lea_administrators_fte,Model 2: LEAADM (Peer),,7.770865987026556,0.22913401297344382,0.13932779872059006,21015.0,34.0,8.0,,
2023-2024,2922830,NORTH PLATTE CO. R-I,MO,lea_administrators_fte,Model 2: LEAADM (Peer),,2.5611432319422214,-1.8111432319422214,-1.1012882653237988,550.0,5.0,0.75,,
2023-2024,2923010,OAK GROVE R-VI,MO,lea_administrators_fte,Model 2: LEAADM (Peer),,2.3747355086034196,-0.37473550860341964,-0.22786260685883572,1986.0,4.0,2.0,,
2023-2024,2923220,ORRICK R-XI,MO,lea_administrators_fte,Model 2: LEAADM (Peer),,2.016380825995007,-1.016380825995007,-0.6180230569440239,278.0,2.0,1.0,,
2023-2024,2923550,PARK HILL,MO,lea_administrators_fte,Model 2: LEAADM (Peer),,5.253365754142864,0.7466342458571358,0.45400027946413646,11915.0,20.0,6.0,,
2023-2024,2925230,PLATTE CO. R-III,MO,lea_administrators_fte,Model 2: LEAADM (Peer),,3.094977973163787,-3.094977973163787,-1.8819400162105178,4283.0,8.0,0.0,,
2023-2024,2925330,PLEASANT HILL R-III,MO,lea_administrators_fte,Model 2: LEAADM (Peer),,2.556154584075557,-0.5561545840755571,-0.3381767418204881,2130.0,5.0,2.0,,
2023-2024,2923730,RAYMORE-PECULIAR R-II,MO,lea_administrators_fte,Model 2: LEAADM (Peer),,3.8160602986941115,1.1839397013058885,0.7199093240687072,6314.0,12.0,5.0,,
2023-2024,2926070,RAYTOWN C-2,MO,lea_administrators_fte,Model 2: LEAADM (Peer),,5.265875262274335,1.734124737725665,1.0544562078709798,7953.0,20.0,7.0,,
2023-2024,2926480,RICHMOND R-XVI,MO,lea_administrators_fte,Model 2: LEAADM (Peer),,2.376115280196921,-0.3761152801969212,-0.22870159421110653,1549.0,4.0,2.0,,
2023-2024,2910320,SHERWOOD CASS R-VIII,MO,lea_administrators_fte,Model 2: LEAADM (Peer),,2.196675877011111,-1.1966758770111112,-0.727653714794902,778.0,3.0,1.0,,
2023-2024,2928410,SMITHVILLE R-II,MO,lea_administrators_fte,Model 2: LEAADM (Peer),,2.5548726910161483,0.44512730898385167,0.2706652203500133,2536.0,5.0,3.0,,
2023-2024,2929670,STRASBURG C-3,MO,lea_administrators_fte,Model 2: LEAADM (Peer),,1.8349617505228695,-0.9349617505228695,-0.5685151710907209,134.0,1.0,0.9,,
2023-2024,2931710,WEST PLATTE CO. R-II,MO,lea_administrators_fte,Model 2: LEAADM (Peer),,2.1968242734982844,-2.1968242734982844,-1.3358064402160552,731.0,3.0,0.0,,
2014-2015,2003780,Basehor-Linwood,KS,instructional_coordinators_fte,Model 3: CORSUP (Peer),,1.3442092821721408,-1.3442092821721408,-0.1795811666147223,2414.0,5.0,,0.0,
2014-2015,2012000,Blue Valley,KS,instructional_coordinators_fte,Model 3: CORSUP (Peer),,27.46274009186728,8.337259908132719,1.113825711910901,22398.0,34.0,,35.8,
2014-2015,2004050,Bonner Springs,KS,instructional_coordinators_fte,Model 3: CORSUP (Peer),,3.1379043220946596,3.5620956779053405,0.4758822200645854,2660.0,5.0,,6.7,
2014-2015,2005490,De Soto,KS,instructional_coordinators_fte,Model 3: CORSUP (Peer),,11.339640669405775,-3.3396406694057745,-0.44616309040563384,7089.0,12.0,,8.0,
2014-2015,2005640,Easton,KS,instructional_coordinators_fte,Model 3: CORSUP (Peer),,-0.12151108752803341,1.1215110875280334,0.14982954822643338,639.0,3.0,,1.0,
2014-2015,2006330,Ft Leavenworth,KS,instructional_coordinators_fte,Model 3: CORSUP (Peer),,1.6547587059436673,2.3452412940563327,0.3133151758177808,1769.0,4.0,,4.0,
2014-2015,2006420,Gardner Edgerton,KS,instructional_coordinators_fte,Model 3: CORSUP (Peer),,2.9262794890840325,0.8737205109159674,0.11672568455408669,5730.0,11.0,,3.8,
2014-2015,2007950,Kansas City,KS,instructional_coordinators_fte,Model 3: CORSUP (Peer),,87.53036929155842,19.36963070844159,2.587707826193124,22129.0,43.0,,106.9,
2014-2015,2008340,Lansing,KS,instructional_coordinators_fte,Model 3: CORSUP (Peer),,1.230804888019496,-1.230804888019496,-0.16443077770485032,2503.0,3.0,,0.0,
2014-2015,2008430,Leavenworth,KS,instructional_coordinators_fte,Model 3: CORSUP (Peer),,0.6365522546033411,4.363447745396659,0.5829397601796682,3905.0,7.0,,5.0,
2014-2015,2008970,Louisburg,KS,instructional_coordinators_fte,Model 3: CORSUP (Peer),,1.2231358314548708,-0.22313583145487081,-0.029810084975354464,1786.0,5.0,,1.0,
2014-2015,2010140,Olathe,KS,instructional_coordinators_fte,Model 3: CORSUP (Peer),,41.88285937787636,-9.982859377876359,-1.3336714431348333,29296.0,48.0,,31.9,
2014-2015,2010260,Osawatomie,KS,instructional_coordinators_fte,Model 3: CORSUP (Peer),,-2.007255871795887,6.807255871795887,0.9094230839759034,1281.0,4.0,,4.8,
2014-2015,2010500,Paola,KS,instructional_coordinators_fte,Model 3: CORSUP (Peer),,1.3357680287684528,-1.3357680287684528,-0.1784534477735942,2025.0,4.0,,0.0,
2014-2015,2010680,Piper-Kansas City,KS,instructional_coordinators_fte,Model 3: CORSUP (Peer),,1.6820782876584601,-0.6820782876584601,-0.09112302395527754,2052.0,4.0,,1.0,
2014-2015,2011640,Shawnee Mission Pub Sch,KS,instructional_coordinators_fte,Model 3: CORSUP (Peer),,58.81947697273689,-31.219476972736885,-4.170801504067864,27470.0,43.0,,27.6,
2014-2015,2011850,Spring Hill,KS,instructional_coordinators_fte,Model 3: CORSUP (Peer),,0.44488734281963666,3.5551126571803633,0.4749493154753091,3349.0,7.0,,4.0,
2014-2015,2012210,Tonganoxie,KS,instructional_coordinators_fte,Model 3: CORSUP (Peer),,1.4058430223955725,-1.4058430223955725,-0.18781519618061482,1985.0,3.0,,0.0,
2014-2015,2012360,Turner-Kansas City,KS,instructional_coordinators_fte,Model 3: CORSUP (Peer),,10.571459100864736,0.42854089913526394,0.05725140841497137,4222.0,7.0,,11.0,
2014-2015,2903200,ARCHIE R-V,MO,instructional_coordinators_fte,Model 3: CORSUP (Peer),,1.8746515208401748,-1.6246515208401748,-0.21704716618486997,544.0,2.0,,0.25,
2014-2015,2904620,BELTON 124,MO,instructional_coordinators_fte,Model 3: CORSUP (Peer),,4.6837925258013,4.046207474198701,0.5405576856363051,4971.0,9.0,,8.73,
2014-2015,2905310,BLUE SPRINGS R-IV,MO,instructional_coordinators_fte,Model 3: CORSUP (Peer),,11.478155352958696,6.021844647041304,0.8044951788614502,14466.0,22.0,,17.5,
2014-2015,2908250,CENTER 58,MO,instructional_coordinators_fte,Model 3: CORSUP (Peer),,4.1111966589218625,4.968803341078138,0.6638129289124136,2637.0,8.0,,9.08,
2014-2015,2911070,DREXEL R-IV,MO,instructional_coordinators_fte,Model 3: CORSUP (Peer),,1.6730569804947288,-1.6730569804947288,-0.22351394857551074,336.0,2.0,,0.0,
2014-2015,2911160,EAST LYNNE 40,MO,instructional_coordinators_fte,Model 3: CORSUP (Peer),,1.3483925641991459,-1.3483925641991459,-0.18014003693101263,206.0,1.0,,0.0,
2014-2015,2911650,EXCELSIOR SPRINGS 40,MO,instructional_coordinators_fte,Model 3: CORSUP (Peer),,3.9795713706674647,8.020428629332535,1.0714982771716988,2872.0,7.0,,12.0,
2014-2015,2912290,FORT OSAGE R-I,MO,instructional_coordinators_fte,Model 3: CORSUP (Peer),,5.580142118140962,3.5198578818590374,0.4702394137026379,5092.0,12.0,,9.1,
2014-2015,2913080,GRAIN VALLEY R-V,MO,instructional_coordinators_fte,Model 3: CORSUP (Peer),,4.543809982602371,0.45619001739762943,0.06094522378976222,4023.0,8.0,,5.0,
2014-2015,2913140,GRANDVIEW C-4,MO,instructional_coordinators_fte,Model 3: CORSUP (Peer),,8.373677240398095,-0.373677240398095,-0.04992183557877437,4363.0,9.0,,8.0,
2014-2015,2913680,HARDIN-CENTRAL C-2,MO,instructional_coordinators_fte,Model 3: CORSUP (Peer),,1.64927783404347,-1.64927783404347,-0.22033714648267075,236.0,2.0,,0.0,
2014-2015,2913760,HARRISONVILLE R-IX,MO,instructional_coordinators_fte,Model 3: CORSUP (Peer),,4.596117029096799,0.9038829709032008,0.12075527267277936,2609.0,7.0,,5.5,
2014-2015,2914340,HICKMAN MILLS C-1,MO,instructional_coordinators_fte,Model 3: CORSUP (Peer),,6.673900592514386,0.4260994074856139,0.056925234563518896,6739.0,15.0,,7.1,
2014-2015,2915480,INDEPENDENCE 30,MO,instructional_coordinators_fte,Model 3: CORSUP (Peer),,18.540910958853445,6.459089041146555,0.8629093405776114,15065.0,30.0,,25.0,
2014-2015,2916400,KANSAS CITY 33,MO,instructional_coordinators_fte,Model 3: CORSUP (Peer),,31.482967054651716,-10.482967054651716,-1.4004838965373057,15386.0,37.0,,21.0,
2014-2015,2916450,KEARNEY R-I,MO,instructional_coordinators_fte,Model 3: CORSUP (Peer),,5.631849872037678,-3.1318498720376784,-0.4184030426972388,3501.0,7.0,,2.5,
2014-2015,2918220,LAWSON R-XIV,MO,instructional_coordinators_fte,Model 3: CORSUP (Peer),,2.715360337614584,-2.215360337614584,-0.2959635818448876,1148.0,3.0,,0.5,
2014-2015,2918300,LEE'S SUMMIT R-VII,MO,instructional_coordinators_fte,Model 3: CORSUP (Peer),,21.67378181826146,-0.17378181826146033,-0.02321657949675144,17848.0,27.0,,21.5,
2014-2015,2918540,LIBERTY 53,MO,instructional_coordinators_fte,Model 3: CORSUP (Peer),,14.95317361816702,-2.75317361816702,-0.36781335823270545,12009.0,20.0,,12.2,
2014-2015,2919230,LONE JACK C-6,MO,instructional_coordinators_fte,Model 3: CORSUP (Peer),,1.692078976953118,-0.6920789769531179,-0.09245907740640674,604.0,2.0,,1.0,
2014-2015,2931800,MIDWAY R-I,MO,instructional_coordinators_fte,Model 3: CORSUP (Peer),,1.8108683377759145,-1.8108683377759145,-0.24192501346067669,437.0,2.0,,0.0,
2014-2015,2921060,MISSOURI CITY 56,MO,instructional_coordinators_fte,Model 3: CORSUP (Peer),,1.2889379919668236,-1.2889379919668236,-0.17219713578930454,39.0,1.0,,0.0,
2014-2015,2922800,NORTH KANSAS CITY 74,MO,instructional_coordinators_fte,Model 3: CORSUP (Peer),,27.81806761562681,-12.81806761562681,-1.7124443095951427,19862.0,32.0,,15.0,
2014-2015,2922830,NORTH PLATTE CO. R-I,MO,instructional_coordinators_fte,Model 3: CORSUP (Peer),,1.9566729253670185,-0.36667292536701845,-0.04898608615247582,607.0,5.0,,1.59,
2014-2015,2923010,OAK GROVE R-VI,MO,instructional_coordinators_fte,Model 3: CORSUP (Peer),,2.9023297187343085,-0.6123297187343084,-0.0818048846273998,2003.0,4.0,,2.29,
2014-2015,2923220,ORRICK R-XI,MO,instructional_coordinators_fte,Model 3: CORSUP (Peer),,1.6248449433461873,-1.1948449433461874,-0.15962666803124473,349.0,2.0,,0.43,
2014-2015,2923550,PARK HILL,MO,instructional_coordinators_fte,Model 3: CORSUP (Peer),,18.85814883849766,-16.35814883849766,-2.1853854835221114,10924.0,17.0,,2.5,
2014-2015,2925230,PLATTE CO. R-III,MO,instructional_coordinators_fte,Model 3: CORSUP (Peer),,7.580050957510203,3.6699490424897974,0.4902910128710908,3964.0,8.0,,11.25,
2014-2015,2925330,PLEASANT HILL R-III,MO,instructional_coordinators_fte,Model 3: CORSUP (Peer),,2.680901235905374,0.3190987640946261,0.04263036201388958,2210.0,5.0,,3.0,
2014-2015,2923730,RAYMORE-PECULIAR R-II,MO,instructional_coordinators_fte,Model 3: CORSUP (Peer),,8.006059747015884,0.013940252984115276,0.0018623639391527399,6036.0,10.0,,8.02,
2014-2015,2926070,RAYTOWN C-2,MO,instructional_coordinators_fte,Model 3: CORSUP (Peer),,6.563138743562725,16.686861256437275,2.2293001925464035,9113.0,19.0,,23.25,
2014-2015,2926480,RICHMOND R-XVI,MO,instructional_coordinators_fte,Model 3: CORSUP (Peer),,1.800728704322395,0.36927129567760497,0.04933321838691343,1586.0,4.0,,2.17,
2014-2015,2910320,SHERWOOD CASS R-VIII,MO,instructional_coordinators_fte,Model 3: CORSUP (Peer),,1.7567409914024248,0.2432590085975752,0.032498463693765064,819.0,3.0,,2.0,
2014-2015,2928410,SMITHVILLE R-II,MO,instructional_coordinators_fte,Model 3: CORSUP (Peer),,3.0841896395958797,4.71581036040412,0.6300140441573849,2564.0,4.0,,7.8,
2014-2015,2929670,STRASBURG C-3,MO,instructional_coordinators_fte,Model 3: CORSUP (Peer),,1.3503830417298532,-1.1003830417298532,-0.14700692293805911,146.0,1.0,,0.25,
2014-2015,2931710,WEST PLATTE CO. R-II,MO,instructional_coordinators_fte,Model 3: CORSUP (Peer),,2.462072160421165,0.8279278395788352,0.11060796058789135,595.0,2.0,,3.29,
2015-2016,2003780,Basehor-Linwood,KS,instructional_coordinators_fte,Model 3: CORSUP (Peer),,2.865063363032716,-2.365063363032716,-0.3159633276485316,2454.0,5.0,,0.5,
2015-2016,2012000,Blue Valley,KS,instructional_coordinators_fte,Model 3: CORSUP (Peer),,30.746269418455913,2.2537305815440867,0.30108969818669484,22614.0,34.0,,33.0,
2015-2016,2004050,Bonner Springs,KS,instructional_coordinators_fte,Model 3: CORSUP (Peer),,4.785754889286585,-0.7857548892865847,-0.1049738173681474,2768.0,5.0,,4.0,
2015-2016,2005490,De Soto,KS,instructional_coordinators_fte,Model 3: CORSUP (Peer),,12.783667983774084,-2.283667983774084,-0.3050892194585533,7054.0,12.0,,10.5,
2015-2016,2005640,Easton,KS,instructional_coordinators_fte,Model 3: CORSUP (Peer),,1.6006359930593315,-0.6006359930593315,-0.08024264805707089,621.0,3.0,,1.0,
2015-2016,2006330,Ft Leavenworth,KS,instructional_coordinators_fte,Model 3: CORSUP (Peer),,3.3325181285831738,0.6674818714168262,0.08917299914007096,1863.0,4.0,,4.0,
2015-2016,2007950,Kansas City,KS,instructional_coordinators_fte,Model 3: CORSUP (Peer),,91.56441772292132,27.93558227707868,3.7320858603749065,22052.0,43.0,,119.5,
2015-2016,2008340,Lansing,KS,instructional_coordinators_fte,Model 3: CORSUP (Peer),,3.0270793730686525,-3.0270793730686525,-0.4044061088260035,2640.0,3.0,,0.0,
2015-2016,2008430,Leavenworth,KS,instructional_coordinators_fte,Model 3: CORSUP (Peer),,2.520803086226289,2.479196913773711,0.3312111290614396,3836.0,7.0,,5.0,
2015-2016,2008970,Louisburg,KS,instructional_coordinators_fte,Model 3: CORSUP (Peer),,2.710032427575892,-1.710032427575892,-0.22845372544731327,1795.0,4.0,,1.0,
2015-2016,2010260,Osawatomie,KS,instructional_coordinators_fte,Model 3: CORSUP (Peer),,0.24739121660934504,3.752608783390655,0.5013340348914861,1185.0,4.0,,4.0,
2015-2016,2010500,Paola,KS,instructional_coordinators_fte,Model 3: CORSUP (Peer),,2.359780882652532,-2.359780882652532,-0.31525760867911645,2018.0,4.0,,0.0,
2015-2016,2010680,Piper-Kansas City,KS,instructional_coordinators_fte,Model 3: CORSUP (Peer),,3.53964778270226,-2.53964778270226,-0.3392871315924743,2128.0,4.0,,1.0,
2015-2016,2011640,Shawnee Mission Pub Sch,KS,instructional_coordinators_fte,Model 3: CORSUP (Peer),,63.75686450883659,-20.15686450883659,-2.692879220371439,27643.0,43.0,,43.6,
2015-2016,2011850,Spring Hill,KS,instructional_coordinators_fte,Model 3: CORSUP (Peer),,2.124836305272916,-0.124836305272916,-0.016677648067238208,3649.0,7.0,,2.0,
2015-2016,2012210,Tonganoxie,KS,instructional_coordinators_fte,Model 3: CORSUP (Peer),,3.0860673045066918,-1.5860673045066918,-0.21189246395659417,1966.0,3.0,,1.5,
2015-2016,2012360,Turner-Kansas City,KS,instructional_coordinators_fte,Model 3: CORSUP (Peer),,12.549169613435817,0.45083038656418317,0.0602291978178695,4249.0,7.0,,13.0,
2015-2016,2903200,ARCHIE R-V,MO,instructional_coordinators_fte,Model 3: CORSUP (Peer),,2.4935705561202153,-2.2835705561202153,-0.3050762035004177,546.0,2.0,,0.21,
2015-2016,2904620,BELTON 124,MO,instructional_coordinators_fte,Model 3: CORSUP (Peer),,5.422856012464335,6.2771439875356645,0.8386021843776308,4924.0,9.0,,11.7,
2015-2016,2905310,BLUE SPRINGS R-IV,MO,instructional_coordinators_fte,Model 3: CORSUP (Peer),,11.864595785241018,5.635404214758982,0.7528682301587779,14317.0,22.0,,17.5,
2015-2016,2908250,CENTER 58,MO,instructional_coordinators_fte,Model 3: CORSUP (Peer),,4.328907835449541,6.091092164550459,0.8137463796561453,2679.0,8.0,,10.42,
2015-2016,2911070,DREXEL R-IV,MO,instructional_coordinators_fte,Model 3: CORSUP (Peer),,2.3646226903237837,-2.3646226903237837,-0.3159044554772002,333.0,2.0,,0.0,
2015-2016,2911160,EAST LYNNE 40,MO,instructional_coordinators_fte,Model 3: CORSUP (Peer),,2.005883513518154,-1.6058835135181542,-0.21453983291867212,194.0,1.0,,0.4,
2015-2016,2911650,EXCELSIOR SPRINGS 40,MO,instructional_coordinators_fte,Model 3: CORSUP (Peer),,4.595829938231031,7.404170061768969,0.9891685135202002,2946.0,7.0,,12.0,
2015-2016,2912290,FORT OSAGE R-I,MO,instructional_coordinators_fte,Model 3: CORSUP (Peer),,5.493301912771184,4.106698087228816,0.5486389978257539,5084.0,11.0,,9.6,
2015-2016,2913080,GRAIN VALLEY R-V,MO,instructional_coordinators_fte,Model 3: CORSUP (Peer),,5.376554966887072,-0.37655496688707224,-0.05030628871932517,4121.0,8.0,,5.0,
2015-2016,2913140,GRANDVIEW C-4,MO,instructional_coordinators_fte,Model 3: CORSUP (Peer),,8.4354358632331,-2.4354358632330992,-0.3253648217842946,4414.0,9.0,,6.0,
2015-2016,2913680,HARDIN-CENTRAL C-2,MO,instructional_coordinators_fte,Model 3: CORSUP (Peer),,2.2600743709216444,-2.2600743709216444,-0.30193720393768847,227.0,2.0,,0.0,
2015-2016,2913760,HARRISONVILLE R-IX,MO,instructional_coordinators_fte,Model 3: CORSUP (Peer),,5.327518336220591,0.17248166377940866,0.023042883881222803,2539.0,7.0,,5.5,
2015-2016,2914340,HICKMAN MILLS C-1,MO,instructional_coordinators_fte,Model 3: CORSUP (Peer),,5.781184599027755,7.718815400972245,1.0312039151748462,6341.0,15.0,,13.5,
2015-2016,2915480,INDEPENDENCE 30,MO,instructional_coordinators_fte,Model 3: CORSUP (Peer),,19.157681607357173,22.842318392642827,3.051645483735333,15083.0,30.0,,42.0,
2015-2016,2916400,KANSAS CITY 33,MO,instructional_coordinators_fte,Model 3: CORSUP (Peer),,29.487121660185977,-7.987121660185977,-1.0670485947784376,15724.0,37.0,,21.5,
2015-2016,2916450,KEARNEY R-I,MO,instructional_coordinators_fte,Model 3: CORSUP (Peer),,6.325015695200866,-4.125015695200866,-0.5510861594789573,3477.0,7.0,,2.2,
2015-2016,2918220,LAWSON R-XIV,MO,instructional_coordinators_fte,Model 3: CORSUP (Peer),,3.281283686956239,-1.7812836869562392,-0.23797261841434778,1135.0,3.0,,1.5,
2015-2016,2918300,LEE'S SUMMIT R-VII,MO,instructional_coordinators_fte,Model 3: CORSUP (Peer),,21.92913659427826,-5.319136594278259,-0.7106160979933067,18084.0,27.0,,16.61,
2015-2016,2918540,LIBERTY 53,MO,instructional_coordinators_fte,Model 3: CORSUP (Peer),,16.234592750988345,-5.934592750988344,-0.7928386626549726,12257.0,20.0,,10.3,
2015-2016,2919230,LONE JACK C-6,MO,instructional_coordinators_fte,Model 3: CORSUP (Peer),,2.4125991532762168,-1.0925991532762167,-0.14596702551446442,599.0,2.0,,1.32,
2015-2016,2931800,MIDWAY R-I,MO,instructional_coordinators_fte,Model 3: CORSUP (Peer),,2.428830061360425,-2.428830061360425,-0.3244823121762642,424.0,2.0,,0.0,
2015-2016,2921060,MISSOURI CITY 56,MO,instructional_coordinators_fte,Model 3: CORSUP (Peer),,1.9424038147001454,-1.9424038147001454,-0.25949764497762845,34.0,1.0,,0.0,
2015-2016,2922800,NORTH KANSAS CITY 74,MO,instructional_coordinators_fte,Model 3: CORSUP (Peer),,30.058180226432263,-16.92818022643226,-2.2615394745783908,19997.0,32.0,,13.13,
2015-2016,2922830,NORTH PLATTE CO. R-I,MO,instructional_coordinators_fte,Model 3: CORSUP (Peer),,2.471767933985531,-0.781767933985531,-0.10444117554391673,623.0,5.0,,1.69,
2015-2016,2923010,OAK GROVE R-VI,MO,instructional_coordinators_fte,Model 3: CORSUP (Peer),,3.522778836014913,0.9072211639850867,0.12120124237108523,2038.0,4.0,,4.43,
2015-2016,2923220,ORRICK R-XI,MO,instructional_coordinators_fte,Model 3: CORSUP (Peer),,2.175306581177785,-1.925306581177785,-0.25721352063586794,330.0,2.0,,0.25,
2015-2016,2923550,PARK HILL,MO,instructional_coordinators_fte,Model 3: CORSUP (Peer),,20.093560902091184,-17.593560902091184,-2.3504317620833803,11537.0,17.0,,2.5,
2015-2016,2925230,PLATTE CO. R-III,MO,instructional_coordinators_fte,Model 3: CORSUP (Peer),,8.505027471728724,1.4949725282712762,0.19972255380508247,4030.0,8.0,,10.0,
2015-2016,2925330,PLEASANT HILL R-III,MO,instructional_coordinators_fte,Model 3: CORSUP (Peer),,3.63344638154702,-0.6334463815470199,-0.0846259891928947,2083.0,5.0,,3.0,
2015-2016,2923730,RAYMORE-PECULIAR R-II,MO,instructional_coordinators_fte,Model 3: CORSUP (Peer),,8.785497279714374,-0.8354972797143736,-0.11161920854473012,6092.0,10.0,,7.95,
2015-2016,2926070,RAYTOWN C-2,MO,instructional_coordinators_fte,Model 3: CORSUP (Peer),,6.3244021146538,16.4755978853462,2.2010762224052454,9498.0,19.0,,22.8,
2015-2016,2926480,RICHMOND R-XVI,MO,instructional_coordinators_fte,Model 3: CORSUP (Peer),,2.6319544366586953,-0.4619544366586954,-0.061715327931645414,1596.0,4.0,,2.17,
2015-2016,2910320,SHERWOOD CASS R-VIII,MO,instructional_coordinators_fte,Model 3: CORSUP (Peer),,2.308779861202944,-1.308779861202944,-0.174847932858256,849.0,3.0,,1.0,
2015-2016,2928410,SMITHVILLE R-II,MO,instructional_coordinators_fte,Model 3: CORSUP (Peer),,3.807059211924873,4.492940788075128,0.6002395303725298,2623.0,4.0,,8.3,
2015-2016,2929670,STRASBURG C-3,MO,instructional_coordinators_fte,Model 3: CORSUP (Peer),,2.0003915860297776,-2.0003915860297776,-0.2672445871858653,156.0,1.0,,0.0,
2015-2016,2931710,WEST PLATTE CO. R-II,MO,instructional_coordinators_fte,Model 3: CORSUP (Peer),,3.2128457721239148,0.7871542278760852,0.10516076359722376,582.0,2.0,,4.0,
2016-2017,2003780,Basehor-Linwood,KS,instructional_coordinators_fte,Model 3: CORSUP (Peer),,1.558873925092073,-1.4588739250920728,-0.19489991989080996,2537.0,5.0,,0.1,
2016-2017,2012000,Blue Valley,KS,instructional_coordinators_fte,Model 3: CORSUP (Peer),,29.011531594295082,7.988468405704918,1.0672285147764857,22676.0,34.0,,37.0,
2016-2017,2004050,Bonner Springs,KS,instructional_coordinators_fte,Model 3: CORSUP (Peer),,3.3112011730786577,1.6887988269213423,0.2256169984379495,2722.0,5.0,,5.0,
2016-2017,2005490,De Soto,KS,instructional_coordinators_fte,Model 3: CORSUP (Peer),,10.907534394893196,-2.9075343948931955,-0.3884353616154282,7189.0,12.0,,8.0,
2016-2017,2005640,Easton,KS,instructional_coordinators_fte,Model 3: CORSUP (Peer),,0.18157803086205826,0.8184219691379417,0.10933801302384422,609.0,3.0,,1.0,
2016-2017,2006330,Ft Leavenworth,KS,instructional_coordinators_fte,Model 3: CORSUP (Peer),,1.9587595310708872,4.041240468929113,0.5398941129227968,1818.0,4.0,,6.0,
2016-2017,2006420,Gardner Edgerton,KS,instructional_coordinators_fte,Model 3: CORSUP (Peer),,4.1493390470196845,-0.14933904701968448,-0.019951119695877387,6036.0,11.0,,4.0,
2016-2017,2007950,Kansas City,KS,instructional_coordinators_fte,Model 3: CORSUP (Peer),,96.2994152870258,-2.899415287025789,-0.3873506801733067,22044.0,43.0,,93.4,
2016-2017,2008340,Lansing,KS,instructional_coordinators_fte,Model 3: CORSUP (Peer),,1.4553278284405156,-1.4553278284405156,-0.19442617507885168,2676.0,3.0,,0.0,
2016-2017,2008430,Leavenworth,KS,instructional_coordinators_fte,Model 3: CORSUP (Peer),,1.706838868077499,4.293161131922501,0.5735497401786972,3870.0,7.0,,6.0,
2016-2017,2008970,Louisburg,KS,instructional_coordinators_fte,Model 3: CORSUP (Peer),,1.299842004063709,-1.299842004063709,-0.17365386967673577,1790.0,4.0,,0.0,
2016-2017,2010140,Olathe,KS,instructional_coordinators_fte,Model 3: CORSUP (Peer),,48.19310593205586,-10.443105932055857,-1.3951586045658282,29411.0,48.0,,37.75,
2016-2017,2010260,Osawatomie,KS,instructional_coordinators_fte,Model 3: CORSUP (Peer),,-1.046602048701034,3.046602048701034,0.40701426286273096,1158.0,4.0,,2.0,
2016-2017,2010500,Paola,KS,instructional_coordinators_fte,Model 3: CORSUP (Peer),,0.4733479556679891,-0.4733479556679891,-0.06323745805131673,2029.0,4.0,,0.0,
2016-2017,2010680,Piper-Kansas City,KS,instructional_coordinators_fte,Model 3: CORSUP (Peer),,2.2049524887225984,-1.2049524887225984,-0.1609769970420473,2270.0,4.0,,1.0,
2016-2017,2011640,Shawnee Mission Pub Sch,KS,instructional_coordinators_fte,Model 3: CORSUP (Peer),,59.722612075850925,-6.322612075850927,-0.8446765453061624,27512.0,43.0,,53.4,
2016-2017,2011850,Spring Hill,KS,instructional_coordinators_fte,Model 3: CORSUP (Peer),,0.33888911913759096,7.661110880862409,1.0234948142352054,3919.0,7.0,,8.0,
2016-2017,2012210,Tonganoxie,KS,instructional_coordinators_fte,Model 3: CORSUP (Peer),,1.3547603387582408,-0.35476033875824076,-0.04739461060698166,1963.0,3.0,,1.0,
2016-2017,2012360,Turner-Kansas City,KS,instructional_coordinators_fte,Model 3: CORSUP (Peer),,10.568692454588591,-0.5686924545885912,-0.07597511473435188,4102.0,7.0,,10.0,
2016-2017,2903200,ARCHIE R-V,MO,instructional_coordinators_fte,Model 3: CORSUP (Peer),,2.121783229074859,-1.9017832290748589,-0.25407089167967883,547.0,2.0,,0.22,
2016-2017,2904620,BELTON 124,MO,instructional_coordinators_fte,Model 3: CORSUP (Peer),,5.468742991989538,6.731257008010461,0.8992699294031824,4969.0,9.0,,12.2,
2016-2017,2905310,BLUE SPRINGS R-IV,MO,instructional_coordinators_fte,Model 3: CORSUP (Peer),,9.857105043045946,9.642894956954054,1.288253509985263,14318.0,22.0,,19.5,
2016-2017,2908250,CENTER 58,MO,instructional_coordinators_fte,Model 3: CORSUP (Peer),,3.7649659089557277,6.655034091044272,0.8890868421911627,2645.0,8.0,,10.42,
2016-2017,2911070,DREXEL R-IV,MO,instructional_coordinators_fte,Model 3: CORSUP (Peer),,2.059490082039721,-2.059490082039721,-0.2751399179199987,313.0,2.0,,0.0,
2016-2017,2911160,EAST LYNNE 40,MO,instructional_coordinators_fte,Model 3: CORSUP (Peer),,1.563226612220089,-1.1632266122200892,-0.15540258115329966,197.0,1.0,,0.4,
2016-2017,2911650,EXCELSIOR SPRINGS 40,MO,instructional_coordinators_fte,Model 3: CORSUP (Peer),,3.800764109166493,15.019235890833507,2.006511886734752,2938.0,7.0,,18.82,
2016-2017,2912290,FORT OSAGE R-I,MO,instructional_coordinators_fte,Model 3: CORSUP (Peer),,4.902521700758034,4.697478299241966,0.6275649516138248,4835.0,11.0,,9.6,
2016-2017,2913080,GRAIN VALLEY R-V,MO,instructional_coordinators_fte,Model 3: CORSUP (Peer),,5.469601406726028,-0.4696014067260279,-0.06273693358782743,4257.0,8.0,,5.0,
2016-2017,2913140,GRANDVIEW C-4,MO,instructional_coordinators_fte,Model 3: CORSUP (Peer),,7.654548422818904,0.3454515771810964,0.046150996025582126,4446.0,9.0,,8.0,
2016-2017,2913680,HARDIN-CENTRAL C-2,MO,instructional_coordinators_fte,Model 3: CORSUP (Peer),,1.7638454338864988,-1.7638454338864988,-0.23564293517861953,241.0,2.0,,0.0,
2016-2017,2913760,HARRISONVILLE R-IX,MO,instructional_coordinators_fte,Model 3: CORSUP (Peer),,5.06401133876589,0.73598866123411,0.09832524157700566,2459.0,7.0,,5.8,
2016-2017,2914340,HICKMAN MILLS C-1,MO,instructional_coordinators_fte,Model 3: CORSUP (Peer),,6.279817741317052,6.770182258682949,0.9044701925015299,6328.0,15.0,,13.05,
2016-2017,2915480,INDEPENDENCE 30,MO,instructional_coordinators_fte,Model 3: CORSUP (Peer),,20.269201642741766,0.7307983572582337,0.09763183701907348,15095.0,30.0,,21.0,
2016-2017,2916400,KANSAS CITY 33,MO,instructional_coordinators_fte,Model 3: CORSUP (Peer),,33.64313325317016,-10.643133253170163,-1.4218814818416634,15418.0,35.0,,23.0,
2016-2017,2916450,KEARNEY R-I,MO,instructional_coordinators_fte,Model 3: CORSUP (Peer),,5.696158362587887,-3.996158362587887,-0.5338713176947175,3456.0,7.0,,1.7,
2016-2017,2918220,LAWSON R-XIV,MO,instructional_coordinators_fte,Model 3: CORSUP (Peer),,2.6757232120562753,-1.1757232120562753,-0.15707207860958358,1146.0,3.0,,1.5,
2016-2017,2918300,LEE'S SUMMIT R-VII,MO,instructional_coordinators_fte,Model 3: CORSUP (Peer),,23.057955864834383,-15.027955864834384,-2.0076768415708006,18261.0,27.0,,8.03,
2016-2017,2918540,LIBERTY 53,MO,instructional_coordinators_fte,Model 3: CORSUP (Peer),,14.276564423665077,-1.7765644236650768,-0.23734214307198181,12427.0,20.0,,12.5,
2016-2017,2919230,LONE JACK C-6,MO,instructional_coordinators_fte,Model 3: CORSUP (Peer),,2.193165120901394,-1.4031651209013938,-0.18745743888732577,631.0,2.0,,0.79,
2016-2017,2931800,MIDWAY R-I,MO,instructional_coordinators_fte,Model 3: CORSUP (Peer),,1.9676236307389556,-1.9676236307389556,-0.262866914961198,426.0,2.0,,0.0,
2016-2017,2921060,MISSOURI CITY 56,MO,instructional_coordinators_fte,Model 3: CORSUP (Peer),,1.572306368263446,-1.572306368263446,-0.2100540560412139,34.0,1.0,,0.0,
2016-2017,2922800,NORTH KANSAS CITY 74,MO,instructional_coordinators_fte,Model 3: CORSUP (Peer),,28.0392367568527,-9.309236756852698,-1.2436780635726734,20188.0,32.0,,18.73,
2016-2017,2922830,NORTH PLATTE CO. R-I,MO,instructional_coordinators_fte,Model 3: CORSUP (Peer),,2.086880083089291,-0.3968800830892909,-0.05302164571587565,615.0,5.0,,1.69,
2016-2017,2923010,OAK GROVE R-VI,MO,instructional_coordinators_fte,Model 3: CORSUP (Peer),,3.058156731682763,1.3718432683172366,0.1832729603971103,2023.0,4.0,,4.43,
2016-2017,2923220,ORRICK R-XI,MO,instructional_coordinators_fte,Model 3: CORSUP (Peer),,1.9140785641545404,-1.6640785641545404,-0.2223144668414475,310.0,2.0,,0.25,
2016-2017,2923550,PARK HILL,MO,instructional_coordinators_fte,Model 3: CORSUP (Peer),,19.455503954883792,-16.075503954883793,-2.1476252190973337,11659.0,17.0,,3.38,
2016-2017,2925230,PLATTE CO. R-III,MO,instructional_coordinators_fte,Model 3: CORSUP (Peer),,7.742419043595472,-1.742419043595472,-0.232780452218684,4079.0,7.0,,6.0,
2016-2017,2925330,PLEASANT HILL R-III,MO,instructional_coordinators_fte,Model 3: CORSUP (Peer),,3.019202507343612,-0.019202507343611952,-0.002565380790349281,2326.0,5.0,,3.0,
2016-2017,2923730,RAYMORE-PECULIAR R-II,MO,instructional_coordinators_fte,Model 3: CORSUP (Peer),,8.05975351090023,0.9402464890997706,0.12561329820984704,6226.0,10.0,,9.0,
2016-2017,2926070,RAYTOWN C-2,MO,instructional_coordinators_fte,Model 3: CORSUP (Peer),,6.8587512405355024,16.1912487594645,2.163088277797991,9432.0,19.0,,23.05,
2016-2017,2926480,RICHMOND R-XVI,MO,instructional_coordinators_fte,Model 3: CORSUP (Peer),,2.528571093415955,-0.35857109341595494,-0.04790371270603053,1583.0,4.0,,2.17,
2016-2017,2910320,SHERWOOD CASS R-VIII,MO,instructional_coordinators_fte,Model 3: CORSUP (Peer),,1.903467494481178,1.096532505518822,0.146492506177187,823.0,3.0,,3.0,
2016-2017,2928410,SMITHVILLE R-II,MO,instructional_coordinators_fte,Model 3: CORSUP (Peer),,3.221651188004418,3.878348811995582,0.5181324169042578,2623.0,4.0,,7.1,
2016-2017,2929670,STRASBURG C-3,MO,instructional_coordinators_fte,Model 3: CORSUP (Peer),,1.5536378058068958,-1.5536378058068958,-0.207560008224828,162.0,1.0,,0.0,
2016-2017,2931710,WEST PLATTE CO. R-II,MO,instructional_coordinators_fte,Model 3: CORSUP (Peer),,2.7664341255287432,1.2335658744712568,0.1647996348274655,632.0,2.0,,4.0,
2017-2018,2003780,Basehor-Linwood,KS,instructional_coordinators_fte,Model 3: CORSUP (Peer),,1.5256452152474116,-0.9256452152474116,-0.12366262443661545,2641.0,5.0,,0.6,
2017-2018,2012000,Blue Valley,KS,instructional_coordinators_fte,Model 3: CORSUP (Peer),,32.210521587070296,9.789478412929704,1.3078364933641518,22717.0,35.0,,42.0,
2017-2018,2004050,Bonner Springs,KS,instructional_coordinators_fte,Model 3: CORSUP (Peer),,3.5250733695473873,2.4749266304526127,0.3306406357083964,2744.0,5.0,,6.0,
2017-2018,2005490,De Soto,KS,instructional_coordinators_fte,Model 3: CORSUP (Peer),,10.588281856930982,-1.5882818569309816,-0.21218831960434034,7464.0,12.0,,9.0,
2017-2018,2005640,Easton,KS,instructional_coordinators_fte,Model 3: CORSUP (Peer),,0.4183483385975415,0.5816516614024585,0.07770641469552692,628.0,3.0,,1.0,
2017-2018,2006330,Ft Leavenworth,KS,instructional_coordinators_fte,Model 3: CORSUP (Peer),,2.3425084662850213,5.657491533714978,0.7558190106347912,1913.0,4.0,,8.0,
2017-2018,2006420,Gardner Edgerton,KS,instructional_coordinators_fte,Model 3: CORSUP (Peer),,4.966424663447228,-1.9664246634472278,-0.2627067375633501,6113.0,11.0,,3.0,
2017-2018,2007950,Kansas City,KS,instructional_coordinators_fte,Model 3: CORSUP (Peer),,101.96294844325804,-2.3629484432580483,-0.31568078253783455,22902.0,47.0,,99.6,
2017-2018,2008340,Lansing,KS,instructional_coordinators_fte,Model 3: CORSUP (Peer),,1.2202953278753084,-1.2202953278753084,-0.16302674107429602,2641.0,3.0,,0.0,
2017-2018,2008430,Leavenworth,KS,instructional_coordinators_fte,Model 3: CORSUP (Peer),,2.6820582436497102,3.3179417563502898,0.44326419945728496,3827.0,7.0,,6.0,
2017-2018,2008970,Louisburg,KS,instructional_coordinators_fte,Model 3: CORSUP (Peer),,1.6702308118040565,-1.6702308118040565,-0.2231363833576149,1729.0,4.0,,0.0,
2017-2018,2010140,Olathe,KS,instructional_coordinators_fte,Model 3: CORSUP (Peer),,52.26674254237991,-18.416742542379907,-2.460405648783516,29939.0,49.0,,33.85,
2017-2018,2010260,Osawatomie,KS,instructional_coordinators_fte,Model 3: CORSUP (Peer),,-0.8187166216269124,2.8187166216269124,0.37656965026316985,1156.0,4.0,,2.0,
2017-2018,2010500,Paola,KS,instructional_coordinators_fte,Model 3: CORSUP (Peer),,0.29053091388523317,-0.29053091388523317,-0.038813807600586225,2059.0,4.0,,0.0,
2017-2018,2010680,Piper-Kansas City,KS,instructional_coordinators_fte,Model 3: CORSUP (Peer),,2.3412540428020003,-1.3412540428020003,-0.17918635805272665,2375.0,4.0,,1.0,
2017-2018,2011640,Shawnee Mission Pub Sch,KS,instructional_coordinators_fte,Model 3: CORSUP (Peer),,55.350948061737476,2.1490519382625237,0.2871050358804111,27584.0,43.0,,57.5,
2017-2018,2011850,Spring Hill,KS,instructional_coordinators_fte,Model 3: CORSUP (Peer),,0.9806240688624591,5.0193759311375405,0.6705692315522228,4018.0,7.0,,6.0,
2017-2018,2012210,Tonganoxie,KS,instructional_coordinators_fte,Model 3: CORSUP (Peer),,1.2790445527859,0.42095544721409994,0.056238021345436116,1976.0,3.0,,1.7,
2017-2018,2012360,Turner-Kansas City,KS,instructional_coordinators_fte,Model 3: CORSUP (Peer),,10.447236115460802,-2.447236115460802,-0.326941289890492,4187.0,7.0,,8.0,
2017-2018,2903200,ARCHIE R-V,MO,instructional_coordinators_fte,Model 3: CORSUP (Peer),,1.8385343033690946,-1.6185343033690947,-0.2162299295651991,537.0,2.0,,0.22,
2017-2018,2904620,BELTON 124,MO,instructional_coordinators_fte,Model 3: CORSUP (Peer),,5.314510271463016,8.185489728536984,1.0935498022957808,4868.0,9.0,,13.5,
2017-2018,2905310,BLUE SPRINGS R-IV,MO,instructional_coordinators_fte,Model 3: CORSUP (Peer),,9.900555128010183,9.099444871989817,1.2156506783063714,14489.0,22.0,,19.0,
2017-2018,2908250,CENTER 58,MO,instructional_coordinators_fte,Model 3: CORSUP (Peer),,3.477041340908814,5.942958659091186,0.7939563156550117,2625.0,8.0,,9.42,
2017-2018,2911070,DREXEL R-IV,MO,instructional_coordinators_fte,Model 3: CORSUP (Peer),,1.775037882901708,-1.275037882901708,-0.17034013492263023,342.0,2.0,,0.5,
2017-2018,2911160,EAST LYNNE 40,MO,instructional_coordinators_fte,Model 3: CORSUP (Peer),,1.3707891841694941,-1.3707891841694941,-0.18313213882752868,125.0,1.0,,0.0,
2017-2018,2911650,EXCELSIOR SPRINGS 40,MO,instructional_coordinators_fte,Model 3: CORSUP (Peer),,3.769952682768914,15.530047317231087,2.0747543197317744,2841.0,7.0,,19.3,
2017-2018,2912290,FORT OSAGE R-I,MO,instructional_coordinators_fte,Model 3: CORSUP (Peer),,4.735878734382384,4.864121265617616,0.6498278080802815,5069.0,11.0,,9.6,
2017-2018,2913080,GRAIN VALLEY R-V,MO,instructional_coordinators_fte,Model 3: CORSUP (Peer),,5.348560689117936,0.651439310882064,0.08702977503462175,4433.0,8.0,,6.0,
2017-2018,2913140,GRANDVIEW C-4,MO,instructional_coordinators_fte,Model 3: CORSUP (Peer),,7.769270961528045,0.2307290384719547,0.03082450809574205,4301.0,9.0,,8.0,
2017-2018,2913680,HARDIN-CENTRAL C-2,MO,instructional_coordinators_fte,Model 3: CORSUP (Peer),,1.6575539513998205,-1.6575539513998205,-0.22144280378589376,84.0,2.0,,0.0,
2017-2018,2913760,HARRISONVILLE R-IX,MO,instructional_coordinators_fte,Model 3: CORSUP (Peer),,4.627151515387876,-0.0271515153878763,-0.003627337553296256,2537.0,7.0,,4.6,
2017-2018,2914340,HICKMAN MILLS C-1,MO,instructional_coordinators_fte,Model 3: CORSUP (Peer),,5.881515893901025,8.358484106098976,1.116661182757437,6019.0,15.0,,14.24,
2017-2018,2915480,INDEPENDENCE 30,MO,instructional_coordinators_fte,Model 3: CORSUP (Peer),,20.897327065527644,0.10267293447235559,0.01371670735862494,15143.0,30.0,,21.0,
2017-2018,2916400,KANSAS CITY 33,MO,instructional_coordinators_fte,Model 3: CORSUP (Peer),,38.9191925443998,-16.4191925443998,-2.193540686782334,15370.0,35.0,,22.5,
2017-2018,2916450,KEARNEY R-I,MO,instructional_coordinators_fte,Model 3: CORSUP (Peer),,5.206179890251635,-2.5061798902516346,-0.3348159504675327,3507.0,7.0,,2.7,
2017-2018,2918220,LAWSON R-XIV,MO,instructional_coordinators_fte,Model 3: CORSUP (Peer),,2.346407823647533,-0.846407823647533,-0.11307681506025113,1159.0,3.0,,1.5,
2017-2018,2918300,LEE'S SUMMIT R-VII,MO,instructional_coordinators_fte,Model 3: CORSUP (Peer),,23.38743137995141,-15.387431379951408,-2.0557013815217724,18287.0,27.0,,8.0,
2017-2018,2918540,LIBERTY 53,MO,instructional_coordinators_fte,Model 3: CORSUP (Peer),,13.009137369626497,-3.769137369626497,-0.5035421901527919,12611.0,20.0,,9.24,
2017-2018,2919230,LONE JACK C-6,MO,instructional_coordinators_fte,Model 3: CORSUP (Peer),,2.1118319805154715,-1.6118319805154715,-0.21533452512703213,676.0,2.0,,0.5,
2017-2018,2931800,MIDWAY R-I,MO,instructional_coordinators_fte,Model 3: CORSUP (Peer),,1.7015931803556898,-1.2015931803556898,-0.16052820642324334,429.0,2.0,,0.5,
2017-2018,2921060,MISSOURI CITY 56,MO,instructional_coordinators_fte,Model 3: CORSUP (Peer),,1.3516669575327958,-1.3516669575327958,-0.18057748322945072,19.0,1.0,,0.0,
2017-2018,2922800,NORTH KANSAS CITY 74,MO,instructional_coordinators_fte,Model 3: CORSUP (Peer),,30.84175703440584,-10.321757034405842,-1.3789468606830706,20309.0,32.0,,20.52,
2017-2018,2922830,NORTH PLATTE CO. R-I,MO,instructional_coordinators_fte,Model 3: CORSUP (Peer),,1.9488469026918285,-0.25884690269182853,-0.03458094611941035,602.0,5.0,,1.69,
2017-2018,2923010,OAK GROVE R-VI,MO,instructional_coordinators_fte,Model 3: CORSUP (Peer),,2.823985520573751,1.6060144794262485,0.214557329457994,1980.0,4.0,,4.43,
2017-2018,2923220,ORRICK R-XI,MO,instructional_coordinators_fte,Model 3: CORSUP (Peer),,1.7069488412423215,-1.2069488412423215,-0.16124370202557992,306.0,2.0,,0.5,
2017-2018,2923550,PARK HILL,MO,instructional_coordinators_fte,Model 3: CORSUP (Peer),,18.622312927312553,-14.122312927312553,-1.8866864441575744,11878.0,17.0,,4.5,
2017-2018,2925230,PLATTE CO. R-III,MO,instructional_coordinators_fte,Model 3: CORSUP (Peer),,6.470703393821983,0.5292966061780167,0.07071198159639626,4164.0,7.0,,7.0,
2017-2018,2925330,PLEASANT HILL R-III,MO,instructional_coordinators_fte,Model 3: CORSUP (Peer),,2.9072769490649355,0.8427230509350645,0.11258454366234358,2200.0,5.0,,3.75,
2017-2018,2923730,RAYMORE-PECULIAR R-II,MO,instructional_coordinators_fte,Model 3: CORSUP (Peer),,7.19936626273658,2.29063373726342,0.30601981721186156,6251.0,9.0,,9.49,
2017-2018,2926070,RAYTOWN C-2,MO,instructional_coordinators_fte,Model 3: CORSUP (Peer),,7.834939286697866,13.965060713302135,1.8656781559250264,9424.0,19.0,,21.8,
2017-2018,2926480,RICHMOND R-XVI,MO,instructional_coordinators_fte,Model 3: CORSUP (Peer),,2.7088186616055827,-1.1088186616055826,-0.14813388916161763,1456.0,4.0,,1.6,
2017-2018,2910320,SHERWOOD CASS R-VIII,MO,instructional_coordinators_fte,Model 3: CORSUP (Peer),,1.6412798620704214,1.5587201379295788,0.20823898816033332,835.0,3.0,,3.2,
2017-2018,2928410,SMITHVILLE R-II,MO,instructional_coordinators_fte,Model 3: CORSUP (Peer),,3.0675570712339084,2.0324429287660912,0.2715265227419526,2631.0,4.0,,5.1,
2017-2018,2929670,STRASBURG C-3,MO,instructional_coordinators_fte,Model 3: CORSUP (Peer),,1.3528428371987757,-1.3528428371987757,-0.18073457620970004,118.0,1.0,,0.0,
2017-2018,2931710,WEST PLATTE CO. R-II,MO,instructional_coordinators_fte,Model 3: CORSUP (Peer),,2.3762437182261804,1.6237562817738196,0.2169275657044482,657.0,2.0,,4.0,
2018-2019,2003780,Basehor-Linwood,KS,instructional_coordinators_fte,Model 3: CORSUP (Peer),,2.0549613809902407,-1.5549613809902407,-0.20773683275556126,2730.0,5.0,,0.5,
2018-2019,2012000,Blue Valley,KS,instructional_coordinators_fte,Model 3: CORSUP (Peer),,29.95686400031954,14.943135999680457,1.9963452352960456,22783.0,35.0,,44.9,
2018-2019,2004050,Bonner Springs,KS,instructional_coordinators_fte,Model 3: CORSUP (Peer),,3.3605053469431283,2.9694946530568718,0.3967130127166036,2739.0,5.0,,6.33,
2018-2019,2005490,De Soto,KS,instructional_coordinators_fte,Model 3: CORSUP (Peer),,10.916711835836509,-1.9167118358365087,-0.2560652958649091,7422.0,12.0,,9.0,
2018-2019,2005640,Easton,KS,instructional_coordinators_fte,Model 3: CORSUP (Peer),,0.668804469264116,0.33119553073588404,0.0442464433001256,657.0,3.0,,1.0,
2018-2019,2006330,Ft Leavenworth,KS,instructional_coordinators_fte,Model 3: CORSUP (Peer),,2.523205218696401,5.4767947813035995,0.7316786226521321,1840.0,4.0,,8.0,
2018-2019,2006420,Gardner Edgerton,KS,instructional_coordinators_fte,Model 3: CORSUP (Peer),,5.241867569212595,-5.241867569212595,-0.7002932547809377,6120.0,11.0,,0.0,
2018-2019,2007950,Kansas City,KS,instructional_coordinators_fte,Model 3: CORSUP (Peer),,98.51989838911645,1.0901016108835506,0.14563336350030248,23292.0,47.0,,99.61,
2018-2019,2008340,Lansing,KS,instructional_coordinators_fte,Model 3: CORSUP (Peer),,1.4718693923507065,-1.4718693923507065,-0.19663606410731002,2563.0,4.0,,0.0,
2018-2019,2008430,Leavenworth,KS,instructional_coordinators_fte,Model 3: CORSUP (Peer),,1.6120356829607212,4.387964317039279,0.58621507942896,3871.0,7.0,,6.0,
2018-2019,2008970,Louisburg,KS,instructional_coordinators_fte,Model 3: CORSUP (Peer),,1.874064423412992,-1.874064423412992,-0.25036776633755864,1778.0,4.0,,0.0,
2018-2019,2010140,Olathe,KS,instructional_coordinators_fte,Model 3: CORSUP (Peer),,53.43897960729142,-14.138979607291425,-1.8889130482094105,30022.0,50.0,,39.3,
2018-2019,2010260,Osawatomie,KS,instructional_coordinators_fte,Model 3: CORSUP (Peer),,-0.8408081975596231,2.840808197559623,0.3795209994548248,1164.0,4.0,,2.0,
2018-2019,2010500,Paola,KS,instructional_coordinators_fte,Model 3: CORSUP (Peer),,0.5141797864286415,-0.5141797864286415,-0.06869243288318509,1963.0,4.0,,0.0,
2018-2019,2010680,Piper-Kansas City,KS,instructional_coordinators_fte,Model 3: CORSUP (Peer),,3.0901835307247874,-0.29018353072478753,-0.03876739855249936,2430.0,4.0,,2.8,
2018-2019,2011640,Shawnee Mission Pub Sch,KS,instructional_coordinators_fte,Model 3: CORSUP (Peer),,54.74362993525818,-8.243629935258177,-1.1013171092833811,27590.0,44.0,,46.5,
2018-2019,2011850,Spring Hill,KS,instructional_coordinators_fte,Model 3: CORSUP (Peer),,1.6613983173303735,5.338601682669626,0.7132165585971286,4311.0,8.0,,7.0,
2018-2019,2012210,Tonganoxie,KS,instructional_coordinators_fte,Model 3: CORSUP (Peer),,1.7748948886945133,-0.07489488869451333,-0.010005667765890411,1945.0,3.0,,1.7,
2018-2019,2012360,Turner-Kansas City,KS,instructional_coordinators_fte,Model 3: CORSUP (Peer),,10.056754422727755,-2.0567544227277548,-0.2747744444054062,4087.0,7.0,,8.0,
2018-2019,2903200,ARCHIE R-V,MO,instructional_coordinators_fte,Model 3: CORSUP (Peer),,1.1435521474126213,-1.0535521474126213,-0.14075049639299805,514.0,2.0,,0.09,
2018-2019,2904620,BELTON 124,MO,instructional_coordinators_fte,Model 3: CORSUP (Peer),,4.74986349433001,0.7501365056699898,0.10021533893206434,4712.0,9.0,,5.5,
2018-2019,2905310,BLUE SPRINGS R-IV,MO,instructional_coordinators_fte,Model 3: CORSUP (Peer),,10.543092389497543,8.436907610502457,1.1271382599488953,14533.0,22.0,,18.98,
2018-2019,2908250,CENTER 58,MO,instructional_coordinators_fte,Model 3: CORSUP (Peer),,3.501215408642008,3.918784591357992,0.5235344807995042,2639.0,8.0,,7.42,
2018-2019,2911070,DREXEL R-IV,MO,instructional_coordinators_fte,Model 3: CORSUP (Peer),,0.884787458756498,-0.884787458756498,-0.11820418602735078,312.0,2.0,,0.0,
2018-2019,2911160,EAST LYNNE 40,MO,instructional_coordinators_fte,Model 3: CORSUP (Peer),,0.7198964275244224,-0.7198964275244224,-0.09617538132730356,117.0,1.0,,0.0,
2018-2019,2911650,EXCELSIOR SPRINGS 40,MO,instructional_coordinators_fte,Model 3: CORSUP (Peer),,3.029720302446975,7.970279697553025,1.0647985736412382,2886.0,7.0,,11.0,
2018-2019,2912290,FORT OSAGE R-I,MO,instructional_coordinators_fte,Model 3: CORSUP (Peer),,4.502957608923116,3.797042391076885,0.5072701932047957,5019.0,11.0,,8.3,
2018-2019,2913080,GRAIN VALLEY R-V,MO,instructional_coordinators_fte,Model 3: CORSUP (Peer),,4.998396998829083,3.001603001170917,0.40100256397091,4471.0,8.0,,8.0,
2018-2019,2913140,GRANDVIEW C-4,MO,instructional_coordinators_fte,Model 3: CORSUP (Peer),,7.249591912914384,0.7504080870856162,0.10025162115991079,4280.0,9.0,,8.0,
2018-2019,2913680,HARDIN-CENTRAL C-2,MO,instructional_coordinators_fte,Model 3: CORSUP (Peer),,0.8733860294532687,-0.8733860294532687,-0.11668099912297186,239.0,2.0,,0.0,
2018-2019,2913760,HARRISONVILLE R-IX,MO,instructional_coordinators_fte,Model 3: CORSUP (Peer),,3.914246120940799,0.585753879059201,0.07825445512515028,2505.0,7.0,,4.5,
2018-2019,2914340,HICKMAN MILLS C-1,MO,instructional_coordinators_fte,Model 3: CORSUP (Peer),,5.267262263584043,7.632737736415957,1.0197042717595663,5830.0,14.0,,12.9,
2018-2019,2915480,INDEPENDENCE 30,MO,instructional_coordinators_fte,Model 3: CORSUP (Peer),,21.797399581982443,-0.3973995819824445,-0.053091048760866406,14644.0,30.0,,21.4,
2018-2019,2916400,KANSAS CITY 33,MO,instructional_coordinators_fte,Model 3: CORSUP (Peer),,37.88522742831002,-17.385227428310017,-2.322599214902882,15345.0,35.0,,20.5,
2018-2019,2916450,KEARNEY R-I,MO,instructional_coordinators_fte,Model 3: CORSUP (Peer),,4.424831092476412,0.29516890752358815,0.03943342563133033,3605.0,7.0,,4.72,
2018-2019,2918220,LAWSON R-XIV,MO,instructional_coordinators_fte,Model 3: CORSUP (Peer),,1.6884625270485505,-0.1884625270485505,-0.025177865470358517,1113.0,3.0,,1.5,
2018-2019,2918300,LEE'S SUMMIT R-VII,MO,instructional_coordinators_fte,Model 3: CORSUP (Peer),,22.22703267869464,-14.227032678694641,-1.9006765983472633,18410.0,27.0,,8.0,
2018-2019,2918540,LIBERTY 53,MO,instructional_coordinators_fte,Model 3: CORSUP (Peer),,12.838584741829614,-1.8485847418296135,-0.24696377932125055,12724.0,20.0,,10.99,
2018-2019,2919230,LONE JACK C-6,MO,instructional_coordinators_fte,Model 3: CORSUP (Peer),,1.5038864582231413,-0.5338864582231413,-0.07132516809628453,681.0,2.0,,0.97,
2018-2019,2931800,MIDWAY R-I,MO,instructional_coordinators_fte,Model 3: CORSUP (Peer),,1.0586171434254998,-0.6086171434254999,-0.08130889891003926,434.0,2.0,,0.45,
2018-2019,2921060,MISSOURI CITY 56,MO,instructional_coordinators_fte,Model 3: CORSUP (Peer),,0.7487653402737581,-0.7487653402737581,-0.10003215653275883,29.0,1.0,,0.0,
2018-2019,2922800,NORTH KANSAS CITY 74,MO,instructional_coordinators_fte,Model 3: CORSUP (Peer),,32.0111078961938,-10.6111078961938,-1.417603017882707,20763.0,32.0,,21.4,
2018-2019,2922830,NORTH PLATTE CO. R-I,MO,instructional_coordinators_fte,Model 3: CORSUP (Peer),,1.2756926673280322,0.6743073326719677,0.09008485439292356,641.0,5.0,,1.95,
2018-2019,2923010,OAK GROVE R-VI,MO,instructional_coordinators_fte,Model 3: CORSUP (Peer),,1.9320536764300775,2.0679463235699225,0.27626963911692093,2003.0,4.0,,4.0,
2018-2019,2923220,ORRICK R-XI,MO,instructional_coordinators_fte,Model 3: CORSUP (Peer),,1.1144098722259521,-0.11440987222595211,-0.015284716895703352,293.0,2.0,,1.0,
2018-2019,2923550,PARK HILL,MO,instructional_coordinators_fte,Model 3: CORSUP (Peer),,18.25718299072866,-14.357182990728658,-1.9180641771866018,12038.0,18.0,,3.9,
2018-2019,2925230,PLATTE CO. R-III,MO,instructional_coordinators_fte,Model 3: CORSUP (Peer),,5.88899748292973,-0.8889974829297298,-0.11876662899105614,4244.0,7.0,,5.0,
2018-2019,2925330,PLEASANT HILL R-III,MO,instructional_coordinators_fte,Model 3: CORSUP (Peer),,2.0038470901560355,2.8761529098439644,0.3842429164582747,2224.0,5.0,,4.88,
2018-2019,2923730,RAYMORE-PECULIAR R-II,MO,instructional_coordinators_fte,Model 3: CORSUP (Peer),,6.954505208634095,2.1854947913659055,0.2919736602545107,6402.0,11.0,,9.14,
2018-2019,2926070,RAYTOWN C-2,MO,instructional_coordinators_fte,Model 3: CORSUP (Peer),,7.479012445884906,15.320987554115096,2.046824743102233,8854.0,20.0,,22.8,
2018-2019,2926480,RICHMOND R-XVI,MO,instructional_coordinators_fte,Model 3: CORSUP (Peer),,1.945179490042472,0.664820509957528,0.0888174515315379,1480.0,4.0,,2.61,
2018-2019,2910320,SHERWOOD CASS R-VIII,MO,instructional_coordinators_fte,Model 3: CORSUP (Peer),,1.0805756227393943,1.9194243772606057,0.2564276809190005,805.0,3.0,,3.0,
2018-2019,2928410,SMITHVILLE R-II,MO,instructional_coordinators_fte,Model 3: CORSUP (Peer),,3.0426903264697867,1.057309673530213,0.1412524873647402,2637.0,4.0,,4.1,
2018-2019,2929670,STRASBURG C-3,MO,instructional_coordinators_fte,Model 3: CORSUP (Peer),,0.7649237851420595,-0.7649237851420595,-0.10219086233743846,132.0,1.0,,0.0,
2018-2019,2931710,WEST PLATTE CO. R-II,MO,instructional_coordinators_fte,Model 3: CORSUP (Peer),,1.6990458895752514,2.3009541104247484,0.30739857919244823,699.0,2.0,,4.0,
2019-2020,2003780,Basehor-Linwood,KS,instructional_coordinators_fte,Model 3: CORSUP (Peer),,5.478630106231622,-3.7786301062316214,-0.5048103830871241,2832.0,5.0,,1.7,
2019-2020,2012000,Blue Valley,KS,instructional_coordinators_fte,Model 3: CORSUP (Peer),,32.35859486679155,15.891405133208451,2.123030327805235,22887.0,35.0,,48.25,
2019-2020,2004050,Bonner Springs,KS,instructional_coordinators_fte,Model 3: CORSUP (Peer),,6.185145990090613,1.1448540099093867,0.15294807246892816,2764.0,5.0,,7.33,
2019-2020,2005490,De Soto,KS,instructional_coordinators_fte,Model 3: CORSUP (Peer),,13.646186725850596,-5.646186725850596,-0.7543087319813357,7467.0,12.0,,8.0,
2019-2020,2005640,Easton,KS,instructional_coordinators_fte,Model 3: CORSUP (Peer),,3.412888308869357,-2.412888308869357,-0.32235255563597087,655.0,3.0,,1.0,
2019-2020,2006330,Ft Leavenworth,KS,instructional_coordinators_fte,Model 3: CORSUP (Peer),,5.459195032012942,1.5408049679870581,0.20584559067301642,1817.0,4.0,,7.0,
2019-2020,2006420,Gardner Edgerton,KS,instructional_coordinators_fte,Model 3: CORSUP (Peer),,8.16981128056327,-7.66981128056327,-1.0246571540203988,6173.0,11.0,,0.5,
2019-2020,2007950,Kansas City,KS,instructional_coordinators_fte,Model 3: CORSUP (Peer),,100.22150682433787,7.388493175662134,0.9870741421055033,23690.0,44.0,,107.61,
2019-2020,2008340,Lansing,KS,instructional_coordinators_fte,Model 3: CORSUP (Peer),,4.539434771499634,-4.539434771499634,-0.6064509469240108,2654.0,4.0,,0.0,
2019-2020,2008430,Leavenworth,KS,instructional_coordinators_fte,Model 3: CORSUP (Peer),,4.803518126329877,2.1964818736701233,0.2934414920006917,3814.0,7.0,,7.0,
2019-2020,2008970,Louisburg,KS,instructional_coordinators_fte,Model 3: CORSUP (Peer),,4.7185584549123485,-4.7185584549123485,-0.6303811789661535,1804.0,4.0,,0.0,
2019-2020,2010140,Olathe,KS,instructional_coordinators_fte,Model 3: CORSUP (Peer),,56.03677875473654,-13.336778754736535,-1.7817421136891982,30164.0,51.0,,42.7,
2019-2020,2010260,Osawatomie,KS,instructional_coordinators_fte,Model 3: CORSUP (Peer),,2.330016103567592,-0.3300161035675919,-0.04408887638727351,1156.0,4.0,,2.0,
2019-2020,2010500,Paola,KS,instructional_coordinators_fte,Model 3: CORSUP (Peer),,3.3244150138858,-2.3244150138858,-0.31053286525135937,1941.0,4.0,,1.0,
2019-2020,2010680,Piper-Kansas City,KS,instructional_coordinators_fte,Model 3: CORSUP (Peer),,6.528258101765218,-3.5282581017652177,-0.4713616506270359,2560.0,4.0,,3.0,
2019-2020,2011640,Shawnee Mission Pub Sch,KS,instructional_coordinators_fte,Model 3: CORSUP (Peer),,57.641839662914855,20.358160337085145,2.7197715652994088,27587.0,44.0,,78.0,
2019-2020,2011850,Spring Hill,KS,instructional_coordinators_fte,Model 3: CORSUP (Peer),,5.653013748522632,6.846986251477368,0.9147309091991581,4457.0,9.0,,12.5,
2019-2020,2012210,Tonganoxie,KS,instructional_coordinators_fte,Model 3: CORSUP (Peer),,5.196858783549715,-2.4968587835497145,-0.3335706866251597,1969.0,3.0,,2.7,
2019-2020,2012360,Turner-Kansas City,KS,instructional_coordinators_fte,Model 3: CORSUP (Peer),,12.585349343567833,-4.585349343567833,-0.6125849563569012,3986.0,7.0,,8.0,
2019-2020,2903200,ARCHIE R-V,MO,instructional_coordinators_fte,Model 3: CORSUP (Peer),,1.845712255718362,-1.4757122557183622,-0.19714945580595195,505.0,2.0,,0.37,
2019-2020,2904620,BELTON 124,MO,instructional_coordinators_fte,Model 3: CORSUP (Peer),,5.695661534059056,0.804338465940944,0.10745651140971153,4680.0,8.0,,6.5,
2019-2020,2905310,BLUE SPRINGS R-IV,MO,instructional_coordinators_fte,Model 3: CORSUP (Peer),,11.610395531528152,11.48960446847185,1.5349667657819897,14669.0,22.0,,23.1,
2019-2020,2908250,CENTER 58,MO,instructional_coordinators_fte,Model 3: CORSUP (Peer),,4.314890085483818,3.1051099145161816,0.414830687684797,2644.0,8.0,,7.42,
2019-2020,2911070,DREXEL R-IV,MO,instructional_coordinators_fte,Model 3: CORSUP (Peer),,1.568607244456945,-1.568607244456945,-0.20955986739259047,291.0,2.0,,0.0,
2019-2020,2911160,EAST LYNNE 40,MO,instructional_coordinators_fte,Model 3: CORSUP (Peer),,1.5448450870990973,-1.5448450870990973,-0.20638533497699119,103.0,1.0,,0.0,
2019-2020,2911650,EXCELSIOR SPRINGS 40,MO,instructional_coordinators_fte,Model 3: CORSUP (Peer),,3.6584448581007036,9.341555141899295,1.2479956749496706,2655.0,7.0,,13.0,
2019-2020,2912290,FORT OSAGE R-I,MO,instructional_coordinators_fte,Model 3: CORSUP (Peer),,5.184674963652444,2.9153250363475554,0.38947616121382866,5042.0,11.0,,8.1,
2019-2020,2913080,GRAIN VALLEY R-V,MO,instructional_coordinators_fte,Model 3: CORSUP (Peer),,5.888352700028946,2.311647299971053,0.30882714800165534,4416.0,8.0,,8.2,
2019-2020,2913140,GRANDVIEW C-4,MO,instructional_coordinators_fte,Model 3: CORSUP (Peer),,7.70897466151456,-0.70897466151456,-0.09471627558569262,4256.0,9.0,,7.0,
2019-2020,2913680,HARDIN-CENTRAL C-2,MO,instructional_coordinators_fte,Model 3: CORSUP (Peer),,1.8240139307304155,-1.8240139307304155,-0.24368121389011937,230.0,2.0,,0.0,
2019-2020,2913760,HARRISONVILLE R-IX,MO,instructional_coordinators_fte,Model 3: CORSUP (Peer),,4.356345201932533,0.643654798067467,0.08598979419881499,2395.0,7.0,,5.0,
2019-2020,2914340,HICKMAN MILLS C-1,MO,instructional_coordinators_fte,Model 3: CORSUP (Peer),,4.153100934199358,9.146899065800643,1.2219903752555983,5543.0,11.0,,13.3,
2019-2020,2915480,INDEPENDENCE 30,MO,instructional_coordinators_fte,Model 3: CORSUP (Peer),,23.10243996562385,-1.702439965623853,-0.22743940186473702,14711.0,30.0,,21.4,
2019-2020,2916400,KANSAS CITY 33,MO,instructional_coordinators_fte,Model 3: CORSUP (Peer),,32.94201044015057,-3.9420104401505682,-0.5266373644628636,15147.0,35.0,,29.0,
2019-2020,2916450,KEARNEY R-I,MO,instructional_coordinators_fte,Model 3: CORSUP (Peer),,4.983629046939171,2.0163709530608287,0.26937936888337294,3580.0,8.0,,7.0,
2019-2020,2918220,LAWSON R-XIV,MO,instructional_coordinators_fte,Model 3: CORSUP (Peer),,2.3594708246852627,-0.8594708246852627,-0.11482198152871509,1126.0,3.0,,1.5,
2019-2020,2918300,LEE'S SUMMIT R-VII,MO,instructional_coordinators_fte,Model 3: CORSUP (Peer),,21.67622124539463,-11.756221245394629,-1.5705857370789893,18220.0,27.0,,9.92,
2019-2020,2918540,LIBERTY 53,MO,instructional_coordinators_fte,Model 3: CORSUP (Peer),,13.210499107010751,-5.1004991070107515,-0.6814069744215931,12583.0,20.0,,8.11,
2019-2020,2919230,LONE JACK C-6,MO,instructional_coordinators_fte,Model 3: CORSUP (Peer),,2.140808575155339,-1.0108085751553393,-0.13504012028337944,730.0,2.0,,1.13,
2019-2020,2931800,MIDWAY R-I,MO,instructional_coordinators_fte,Model 3: CORSUP (Peer),,1.761425133079308,-1.311425133079308,-0.17520133096067275,441.0,2.0,,0.45,
2019-2020,2921060,MISSOURI CITY 56,MO,instructional_coordinators_fte,Model 3: CORSUP (Peer),,1.4988782548898043,-1.4988782548898043,-0.20024434379116265,0.0,1.0,,0.0,
2019-2020,2922800,NORTH KANSAS CITY 74,MO,instructional_coordinators_fte,Model 3: CORSUP (Peer),,33.46264629954755,-9.00264629954755,-1.2027187630187965,20342.0,34.0,,24.46,
2019-2020,2922830,NORTH PLATTE CO. R-I,MO,instructional_coordinators_fte,Model 3: CORSUP (Peer),,2.017524497863411,-0.05752449786341085,-0.007685050663051819,588.0,5.0,,1.96,
2019-2020,2923010,OAK GROVE R-VI,MO,instructional_coordinators_fte,Model 3: CORSUP (Peer),,2.5830317168517163,1.4169682831482837,0.18930148803364863,2022.0,4.0,,4.0,
2019-2020,2923220,ORRICK R-XI,MO,instructional_coordinators_fte,Model 3: CORSUP (Peer),,1.8245801197328686,-0.8245801197328686,-0.11016071815071188,280.0,2.0,,1.0,
2019-2020,2923550,PARK HILL,MO,instructional_coordinators_fte,Model 3: CORSUP (Peer),,20.525217969520266,-15.625217969520266,-2.087468751176525,12138.0,18.0,,4.9,
2019-2020,2925230,PLATTE CO. R-III,MO,instructional_coordinators_fte,Model 3: CORSUP (Peer),,7.037469667061696,-2.0374696670616963,-0.27219807555695247,4338.0,7.0,,5.0,
2019-2020,2925330,PLEASANT HILL R-III,MO,instructional_coordinators_fte,Model 3: CORSUP (Peer),,2.119163438051037,2.7608365619489628,0.36883709791544333,2248.0,5.0,,4.88,
2019-2020,2923730,RAYMORE-PECULIAR R-II,MO,instructional_coordinators_fte,Model 3: CORSUP (Peer),,8.234098303609814,2.6459016963901867,0.3534822439388376,6460.0,11.0,,10.88,
2019-2020,2926070,RAYTOWN C-2,MO,instructional_coordinators_fte,Model 3: CORSUP (Peer),,7.46417428941708,14.045825710582921,1.8764680475183066,8552.0,20.0,,21.51,
2019-2020,2926480,RICHMOND R-XVI,MO,instructional_coordinators_fte,Model 3: CORSUP (Peer),,2.718412296345916,-0.928412296345916,-0.12403229578048833,1483.0,4.0,,1.79,
2019-2020,2910320,SHERWOOD CASS R-VIII,MO,instructional_coordinators_fte,Model 3: CORSUP (Peer),,1.758346182924662,2.241653817075338,0.2994762891134257,815.0,3.0,,4.0,
2019-2020,2928410,SMITHVILLE R-II,MO,instructional_coordinators_fte,Model 3: CORSUP (Peer),,3.5618442243101813,-0.46184422431018124,-0.06170060398770006,2675.0,5.0,,3.1,
2019-2020,2929670,STRASBURG C-3,MO,instructional_coordinators_fte,Model 3: CORSUP (Peer),,1.5797529940719517,-1.5797529940719517,-0.21104889647846622,120.0,1.0,,0.0,
2019-2020,2931710,WEST PLATTE CO. R-II,MO,instructional_coordinators_fte,Model 3: CORSUP (Peer),,2.494336419258035,-0.0643364192580349,-0.008595097042851864,700.0,2.0,,2.43,
2020-2021,2003780,Basehor-Linwood,KS,instructional_coordinators_fte,Model 3: CORSUP (Peer),,6.5763330154293556,-0.6763330154293552,-0.09035547778288791,2905.0,5.0,,5.9,
2020-2021,2012000,Blue Valley,KS,instructional_coordinators_fte,Model 3: CORSUP (Peer),,31.086945593162604,7.4130544068373965,0.9903554276958096,22148.0,35.0,,38.5,
2020-2021,2004050,Bonner Springs,KS,instructional_coordinators_fte,Model 3: CORSUP (Peer),,6.946682649583076,0.38331735041692383,0.05120971703178598,2634.0,5.0,,7.33,
2020-2021,2005490,De Soto,KS,instructional_coordinators_fte,Model 3: CORSUP (Peer),,14.606895928992744,-9.606895928992744,-1.2834441789353825,7112.0,12.0,,5.0,
2020-2021,2005640,Easton,KS,instructional_coordinators_fte,Model 3: CORSUP (Peer),,4.294211713667668,-3.294211713667668,-0.44009395743821766,651.0,3.0,,1.0,
2020-2021,2006330,Ft Leavenworth,KS,instructional_coordinators_fte,Model 3: CORSUP (Peer),,6.507295463941642,0.4927045360583584,0.06582342240543657,1534.0,4.0,,7.0,
2020-2021,2006420,Gardner Edgerton,KS,instructional_coordinators_fte,Model 3: CORSUP (Peer),,9.651156155369197,-8.151156155369197,-1.0889629695716683,5831.0,11.0,,1.5,
2020-2021,2007950,Kansas City,KS,instructional_coordinators_fte,Model 3: CORSUP (Peer),,96.81286935046134,1.187130649538659,0.15859606818348437,22140.0,43.0,,98.0,
2020-2021,2008340,Lansing,KS,instructional_coordinators_fte,Model 3: CORSUP (Peer),,5.508400982987376,-5.508400982987376,-0.7359010890834463,2564.0,4.0,,0.0,
2020-2021,2008430,Leavenworth,KS,instructional_coordinators_fte,Model 3: CORSUP (Peer),,4.752515396646242,-2.752515396646242,-0.3677254223806324,3607.0,7.0,,2.0,
2020-2021,2008970,Louisburg,KS,instructional_coordinators_fte,Model 3: CORSUP (Peer),,5.618825380349933,-5.618825380349933,-0.7506533619356703,1687.0,4.0,,0.0,
2020-2021,2010140,Olathe,KS,instructional_coordinators_fte,Model 3: CORSUP (Peer),,59.72607412897004,-3.4760741289700405,-0.4643900734794614,29128.0,51.0,,56.25,
2020-2021,2010260,Osawatomie,KS,instructional_coordinators_fte,Model 3: CORSUP (Peer),,3.1636359412033146,-2.1636359412033146,-0.28905340232658505,1090.0,4.0,,1.0,
2020-2021,2010500,Paola,KS,instructional_coordinators_fte,Model 3: CORSUP (Peer),,4.353318264739262,-3.8533182647392623,-0.5147884324987706,1779.0,4.0,,0.5,
2020-2021,2010680,Piper-Kansas City,KS,instructional_coordinators_fte,Model 3: CORSUP (Peer),,7.636272292243435,-4.636272292243435,-0.61938806555419,2561.0,4.0,,3.0,
2020-2021,2011640,Shawnee Mission Pub Sch,KS,instructional_coordinators_fte,Model 3: CORSUP (Peer),,58.03968810660204,46.96031189339796,6.273716233219449,26117.0,44.0,,105.0,
2020-2021,2011850,Spring Hill,KS,instructional_coordinators_fte,Model 3: CORSUP (Peer),,5.882709665553399,1.1172903344466008,0.14926567192204457,5836.0,9.0,,7.0,
2020-2021,2012210,Tonganoxie,KS,instructional_coordinators_fte,Model 3: CORSUP (Peer),,6.159599988449406,-3.259599988449406,-0.4354699646748292,1897.0,3.0,,2.9,
2020-2021,2012360,Turner-Kansas City,KS,instructional_coordinators_fte,Model 3: CORSUP (Peer),,13.556569981648032,-4.556569981648032,-0.6087401447962835,3856.0,7.0,,9.0,
2020-2021,2903200,ARCHIE R-V,MO,instructional_coordinators_fte,Model 3: CORSUP (Peer),,2.3129372149641547,-1.9229372149641546,-0.256896982464004,500.0,2.0,,0.39,
2020-2021,2904620,BELTON 124,MO,instructional_coordinators_fte,Model 3: CORSUP (Peer),,6.328528459750721,3.3314715402492787,0.44507172631255215,4583.0,8.0,,9.66,
2020-2021,2905310,BLUE SPRINGS R-IV,MO,instructional_coordinators_fte,Model 3: CORSUP (Peer),,12.581338431863806,14.138661568136193,1.8888705594070467,14687.0,22.0,,26.72,
2020-2021,2908250,CENTER 58,MO,instructional_coordinators_fte,Model 3: CORSUP (Peer),,5.569091691998938,2.6009083080010615,0.34747130108638846,2507.0,8.0,,8.17,
2020-2021,2911070,DREXEL R-IV,MO,instructional_coordinators_fte,Model 3: CORSUP (Peer),,2.0629026585278933,-2.0629026585278933,-0.2755958249539969,275.0,2.0,,0.0,
2020-2021,2911160,EAST LYNNE 40,MO,instructional_coordinators_fte,Model 3: CORSUP (Peer),,2.1663095217448807,-2.1663095217448807,-0.2894105823572995,138.0,1.0,,0.0,
2020-2021,2911650,EXCELSIOR SPRINGS 40,MO,instructional_coordinators_fte,Model 3: CORSUP (Peer),,4.496789008137972,4.503210991862028,0.6016115899185271,2693.0,8.0,,9.0,
2020-2021,2912290,FORT OSAGE R-I,MO,instructional_coordinators_fte,Model 3: CORSUP (Peer),,6.2774168163113,1.8225831836886996,0.24349007161317668,4872.0,11.0,,8.1,
2020-2021,2913080,GRAIN VALLEY R-V,MO,instructional_coordinators_fte,Model 3: CORSUP (Peer),,6.57091802100336,1.9190819789966405,0.25638193783382374,4503.0,8.0,,8.49,
2020-2021,2913140,GRANDVIEW C-4,MO,instructional_coordinators_fte,Model 3: CORSUP (Peer),,8.192101981816268,-1.792101981816268,-0.23941790081011183,3750.0,9.0,,6.4,
2020-2021,2913680,HARDIN-CENTRAL C-2,MO,instructional_coordinators_fte,Model 3: CORSUP (Peer),,2.227065225305557,-2.227065225305557,-0.29752730961742807,237.0,2.0,,0.0,
2020-2021,2913760,HARRISONVILLE R-IX,MO,instructional_coordinators_fte,Model 3: CORSUP (Peer),,4.738894550922646,0.26110544907735367,0.03488267919040259,2277.0,7.0,,5.0,
2020-2021,2914340,HICKMAN MILLS C-1,MO,instructional_coordinators_fte,Model 3: CORSUP (Peer),,5.741041840746398,15.558958159253603,2.0786166965261286,5007.0,12.0,,21.3,
2020-2021,2915480,INDEPENDENCE 30,MO,instructional_coordinators_fte,Model 3: CORSUP (Peer),,24.233125030011603,-1.3331250300116047,-0.1781003533511624,14240.0,31.0,,22.9,
2020-2021,2916400,KANSAS CITY 33,MO,instructional_coordinators_fte,Model 3: CORSUP (Peer),,30.918062952177536,3.081937047822464,0.41173488222514365,14113.0,35.0,,34.0,
2020-2021,2916450,KEARNEY R-I,MO,instructional_coordinators_fte,Model 3: CORSUP (Peer),,5.627672204569249,-0.6276722045692491,-0.08385458145775962,3570.0,9.0,,5.0,
2020-2021,2918220,LAWSON R-XIV,MO,instructional_coordinators_fte,Model 3: CORSUP (Peer),,2.9472641137874462,-1.4472641137874462,-0.19334889395614852,1109.0,3.0,,1.5,
2020-2021,2918300,LEE'S SUMMIT R-VII,MO,instructional_coordinators_fte,Model 3: CORSUP (Peer),,21.85415444852813,-9.654154448528132,-1.2897577345574176,17790.0,27.0,,12.2,
2020-2021,2918540,LIBERTY 53,MO,instructional_coordinators_fte,Model 3: CORSUP (Peer),,14.017794011244604,-7.577794011244603,-1.0123640023571068,12632.0,20.0,,6.44,
2020-2021,2919230,LONE JACK C-6,MO,instructional_coordinators_fte,Model 3: CORSUP (Peer),,2.8072932708650487,-0.5472932708650489,-0.07311626646671704,738.0,2.0,,2.26,
2020-2021,2931800,MIDWAY R-I,MO,instructional_coordinators_fte,Model 3: CORSUP (Peer),,2.2522290617973875,-1.8022290617973875,-0.2407708395686296,430.0,2.0,,0.45,
2020-2021,2921060,MISSOURI CITY 56,MO,instructional_coordinators_fte,Model 3: CORSUP (Peer),,2.1031341438961677,-2.1031341438961677,-0.2809705959609365,27.0,1.0,,0.0,
2020-2021,2922800,NORTH KANSAS CITY 74,MO,instructional_coordinators_fte,Model 3: CORSUP (Peer),,39.12827980880025,-1.928279808800248,-0.2576107323588745,19673.0,34.0,,37.2,
2020-2021,2922830,NORTH PLATTE CO. R-I,MO,instructional_coordinators_fte,Model 3: CORSUP (Peer),,2.626712726539418,-0.6667127265394179,-0.08907024435611535,580.0,5.0,,1.96,
2020-2021,2923010,OAK GROVE R-VI,MO,instructional_coordinators_fte,Model 3: CORSUP (Peer),,3.2306679309641284,1.7693320690358716,0.2363759284364265,1985.0,4.0,,5.0,
2020-2021,2923220,ORRICK R-XI,MO,instructional_coordinators_fte,Model 3: CORSUP (Peer),,2.462606776478215,-1.4626067764782151,-0.1953986144137637,254.0,2.0,,1.0,
2020-2021,2923550,PARK HILL,MO,instructional_coordinators_fte,Model 3: CORSUP (Peer),,21.71043135558753,-17.04043135558753,-2.276535791740365,11992.0,20.0,,4.67,
2020-2021,2925230,PLATTE CO. R-III,MO,instructional_coordinators_fte,Model 3: CORSUP (Peer),,8.29618239909081,-3.29618239909081,-0.44035723339681443,4269.0,7.0,,5.0,
2020-2021,2925330,PLEASANT HILL R-III,MO,instructional_coordinators_fte,Model 3: CORSUP (Peer),,2.8599759379509644,-0.14997593795096442,-0.020036205863606247,2161.0,5.0,,2.71,
2020-2021,2923730,RAYMORE-PECULIAR R-II,MO,instructional_coordinators_fte,Model 3: CORSUP (Peer),,9.572675840229486,-0.5626758402294865,-0.07517131830175103,6290.0,11.0,,9.01,
2020-2021,2926070,RAYTOWN C-2,MO,instructional_coordinators_fte,Model 3: CORSUP (Peer),,8.941567805527747,12.538432194472254,1.6750860977275777,7906.0,20.0,,21.48,
2020-2021,2926480,RICHMOND R-XVI,MO,instructional_coordinators_fte,Model 3: CORSUP (Peer),,3.303714586283549,0.09628541371645083,0.012863359264444593,1446.0,4.0,,3.4,
2020-2021,2910320,SHERWOOD CASS R-VIII,MO,instructional_coordinators_fte,Model 3: CORSUP (Peer),,2.363543782747989,-0.4135437827479891,-0.0552478516084512,793.0,3.0,,1.95,
2020-2021,2928410,SMITHVILLE R-II,MO,instructional_coordinators_fte,Model 3: CORSUP (Peer),,4.582813832110095,2.1371861678899045,0.2855198148031886,2643.0,5.0,,6.72,
2020-2021,2929670,STRASBURG C-3,MO,instructional_coordinators_fte,Model 3: CORSUP (Peer),,2.231358411186109,-2.231358411186109,-0.29810086266392805,119.0,1.0,,0.0,
2020-2021,2931710,WEST PLATTE CO. R-II,MO,instructional_coordinators_fte,Model 3: CORSUP (Peer),,3.173404146531505,-0.7434041465315047,-0.09931592176228793,666.0,2.0,,2.43,
2023-2024,2003780,Basehor-Linwood,KS,instructional_coordinators_fte,Model 3: CORSUP (Peer),,12.71958006637296,-2.01958006637296,-0.26980809402315187,3097.0,7.0,,10.7,
2023-2024,2012000,Blue Valley,KS,instructional_coordinators_fte,Model 3: CORSUP (Peer),,42.79209650013157,-6.392096500131572,-0.8539593959302163,22393.0,37.0,,36.4,
2023-2024,2004050,Bonner Springs,KS,instructional_coordinators_fte,Model 3: CORSUP (Peer),,13.772994899192962,-6.872994899192962,-0.918205564047018,2560.0,5.0,,6.9,
2023-2024,2005490,De Soto,KS,instructional_coordinators_fte,Model 3: CORSUP (Peer),,20.84820927672415,-13.648209276724149,-1.8233480281845913,7364.0,13.0,,7.2,
2023-2024,2005640,Easton,KS,instructional_coordinators_fte,Model 3: CORSUP (Peer),,10.534441235155272,-9.534441235155272,-1.2737645117744625,674.0,3.0,,1.0,
2023-2024,2006330,Fort Leavenworth,KS,instructional_coordinators_fte,Model 3: CORSUP (Peer),,13.210442370973258,-4.210442370973258,-0.5624988333078673,1648.0,4.0,,9.0,
2023-2024,2006420,Gardner Edgerton,KS,instructional_coordinators_fte,Model 3: CORSUP (Peer),,14.555855192087884,-10.555855192087884,-1.4102214700883602,5895.0,11.0,,4.0,
2023-2024,2007950,Kansas City,KS,instructional_coordinators_fte,Model 3: CORSUP (Peer),,97.77028391861982,9.029716081380172,1.2063351812848964,21132.0,43.0,,106.8,
2023-2024,2008340,Lansing,KS,instructional_coordinators_fte,Model 3: CORSUP (Peer),,10.750452945814372,0.24954705418562817,0.03333852228985241,2511.0,4.0,,11.0,
2023-2024,2008430,Leavenworth,KS,instructional_coordinators_fte,Model 3: CORSUP (Peer),,9.9778459295273,2.0221540704727,0.2701519710259616,3457.0,8.0,,12.0,
2023-2024,2008970,Louisburg,KS,instructional_coordinators_fte,Model 3: CORSUP (Peer),,11.928617262136926,-11.928617262136926,-1.5936171788469597,1760.0,5.0,,0.0,
2023-2024,2010140,Olathe,KS,instructional_coordinators_fte,Model 3: CORSUP (Peer),,64.55974886839851,20.990251131601482,2.804216453302447,28590.0,52.0,,85.55,
2023-2024,2010260,Osawatomie,KS,instructional_coordinators_fte,Model 3: CORSUP (Peer),,9.576264967030433,-5.576264967030433,-0.744967455152487,1047.0,5.0,,4.0,
2023-2024,2010500,Paola,KS,instructional_coordinators_fte,Model 3: CORSUP (Peer),,10.894980986167898,-8.274980986167897,-1.1055054885570812,1810.0,4.0,,2.62,
2023-2024,2010680,Piper-Kansas City,KS,instructional_coordinators_fte,Model 3: CORSUP (Peer),,14.894868424114868,-7.894868424114868,-1.0547239188686997,2774.0,4.0,,7.0,
2023-2024,2011640,Shawnee Mission Pub Sch,KS,instructional_coordinators_fte,Model 3: CORSUP (Peer),,58.5051740203864,65.20482597961359,8.711112825680832,26464.0,45.0,,123.71,
2023-2024,2011850,Spring Hill,KS,instructional_coordinators_fte,Model 3: CORSUP (Peer),,12.74798971340697,-1.2479897134069695,-0.16672660398137026,5633.0,11.0,,11.5,
2023-2024,2012210,Tonganoxie,KS,instructional_coordinators_fte,Model 3: CORSUP (Peer),,12.453090846348182,0.44690915365181816,0.05970533625084279,2010.0,3.0,,12.9,
2023-2024,2012360,Turner-Kansas City,KS,instructional_coordinators_fte,Model 3: CORSUP (Peer),,18.78706257741042,-9.78706257741042,-1.3075137470725913,3901.0,8.0,,9.0,
2023-2024,2903200,ARCHIE R-V,MO,instructional_coordinators_fte,Model 3: CORSUP (Peer),,1.0661754921706534,-1.0661754921706534,-0.14243692648114928,524.0,2.0,,0.0,
2023-2024,2904620,BELTON 124,MO,instructional_coordinators_fte,Model 3: CORSUP (Peer),,4.5997493703804615,7.910250629619538,1.0567789220934747,4205.0,8.0,,12.51,
2023-2024,2905310,BLUE SPRINGS R-IV,MO,instructional_coordinators_fte,Model 3: CORSUP (Peer),,14.7791237038952,8.780876296104799,1.1730911473888517,14744.0,21.0,,23.56,
2023-2024,2908250,CENTER 58,MO,instructional_coordinators_fte,Model 3: CORSUP (Peer),,4.033496150169018,3.086503849830982,0.4123449893291973,2454.0,8.0,,7.12,
2023-2024,2911070,DREXEL R-IV,MO,instructional_coordinators_fte,Model 3: CORSUP (Peer),,1.1463795839060138,-1.1463795839060138,-0.15315188326067383,274.0,2.0,,0.0,
2023-2024,2911160,EAST LYNNE 40,MO,instructional_coordinators_fte,Model 3: CORSUP (Peer),,1.1777204555127123,-1.1777204555127123,-0.15733890261881897,166.0,1.0,,0.0,
2023-2024,2911650,EXCELSIOR SPRINGS 40,MO,instructional_coordinators_fte,Model 3: CORSUP (Peer),,3.386604099798922,5.613395900201078,0.7499280043651086,2638.0,8.0,,9.0,
2023-2024,2912290,FORT OSAGE R-I,MO,instructional_coordinators_fte,Model 3: CORSUP (Peer),,4.774068284644741,-2.574068284644741,-0.3438855776650283,4796.0,11.0,,2.2,
2023-2024,2913080,GRAIN VALLEY R-V,MO,instructional_coordinators_fte,Model 3: CORSUP (Peer),,5.997804662208252,4.462195337791749,0.5961320570027119,4448.0,8.0,,10.46,
2023-2024,2913140,GRANDVIEW C-4,MO,instructional_coordinators_fte,Model 3: CORSUP (Peer),,9.157594440437283,-2.357594440437283,-0.3149655084466916,3689.0,9.0,,6.8,
2023-2024,2913680,HARDIN-CENTRAL C-2,MO,instructional_coordinators_fte,Model 3: CORSUP (Peer),,1.2915842186731905,-1.2915842186731905,-0.17255066145332057,224.0,2.0,,0.0,
2023-2024,2913760,HARRISONVILLE R-IX,MO,instructional_coordinators_fte,Model 3: CORSUP (Peer),,3.6837956738459647,3.0662043261540353,0.40963305139514394,2208.0,7.0,,6.75,
2023-2024,2914340,HICKMAN MILLS C-1,MO,instructional_coordinators_fte,Model 3: CORSUP (Peer),,6.4084742909475905,9.591525709052409,1.2813907769356954,4981.0,13.0,,16.0,
2023-2024,2915480,INDEPENDENCE 30,MO,instructional_coordinators_fte,Model 3: CORSUP (Peer),,25.472667666591683,-3.4726676665916827,-0.4639349832669119,14168.0,31.0,,22.0,
2023-2024,2916400,KANSAS CITY 33,MO,instructional_coordinators_fte,Model 3: CORSUP (Peer),,50.74753601612062,-9.74753601612062,-1.302233151198993,14694.0,33.0,,41.0,
2023-2024,2916450,KEARNEY R-I,MO,instructional_coordinators_fte,Model 3: CORSUP (Peer),,4.529786042405541,1.6702139575944592,0.22313413170033058,3500.0,9.0,,6.2,
2023-2024,2918220,LAWSON R-XIV,MO,instructional_coordinators_fte,Model 3: CORSUP (Peer),,1.9392858993772046,-0.9392858993772046,-0.12548496713424417,1114.0,3.0,,1.0,
2023-2024,2918300,LEE'S SUMMIT R-VII,MO,instructional_coordinators_fte,Model 3: CORSUP (Peer),,22.946993353509637,-11.946993353509637,-1.596072153656535,17797.0,29.0,,11.0,
2023-2024,2918540,LIBERTY 53,MO,instructional_coordinators_fte,Model 3: CORSUP (Peer),,16.990474055021416,-4.980474055021416,-0.6653720912042956,12154.0,20.0,,12.01,
2023-2024,2919230,LONE JACK C-6,MO,instructional_coordinators_fte,Model 3: CORSUP (Peer),,1.9793414169695347,0.6506585830304652,0.08692547281006624,740.0,2.0,,2.63,
2023-2024,2931800,MIDWAY R-I,MO,instructional_coordinators_fte,Model 3: CORSUP (Peer),,1.4989701482156508,-1.0489701482156508,-0.14013835900328295,432.0,2.0,,0.45,
2023-2024,2921060,MISSOURI CITY 56,MO,instructional_coordinators_fte,Model 3: CORSUP (Peer),,1.0296873408297125,-1.0296873408297125,-0.13756225043752587,19.0,1.0,,0.0,
2023-2024,2922800,NORTH KANSAS CITY 74,MO,instructional_coordinators_fte,Model 3: CORSUP (Peer),,37.987362042786025,-1.4373620427860274,-0.19202601552797466,21015.0,34.0,,36.55,
2023-2024,2922830,NORTH PLATTE CO. R-I,MO,instructional_coordinators_fte,Model 3: CORSUP (Peer),,1.7628085652865468,-0.15280856528654674,-0.020414633931508462,550.0,5.0,,1.61,
2023-2024,2923010,OAK GROVE R-VI,MO,instructional_coordinators_fte,Model 3: CORSUP (Peer),,2.4388306403736086,3.5611693596263914,0.4757584675214387,1986.0,4.0,,6.0,
2023-2024,2923220,ORRICK R-XI,MO,instructional_coordinators_fte,Model 3: CORSUP (Peer),,1.2660696596502756,-0.2660696596502756,-0.03554587854323394,278.0,2.0,,1.0,
2023-2024,2923550,PARK HILL,MO,instructional_coordinators_fte,Model 3: CORSUP (Peer),,23.10067930662679,-18.930679306626793,-2.529065614842158,11915.0,20.0,,4.17,
2023-2024,2925230,PLATTE CO. R-III,MO,instructional_coordinators_fte,Model 3: CORSUP (Peer),,6.781157958278258,5.298842041721742,0.7079048241817364,4283.0,8.0,,12.08,
2023-2024,2925330,PLEASANT HILL R-III,MO,instructional_coordinators_fte,Model 3: CORSUP (Peer),,3.3804247911674787,0.11957520883252126,0.015974785909559953,2130.0,5.0,,3.5,
2023-2024,2923730,RAYMORE-PECULIAR R-II,MO,instructional_coordinators_fte,Model 3: CORSUP (Peer),,9.703654766951743,-1.333654766951744,-0.17817112415967473,6314.0,12.0,,8.37,
2023-2024,2926070,RAYTOWN C-2,MO,instructional_coordinators_fte,Model 3: CORSUP (Peer),,9.737942940700995,7.012057059299005,0.9367837313569863,7953.0,20.0,,16.75,
2023-2024,2926480,RICHMOND R-XVI,MO,instructional_coordinators_fte,Model 3: CORSUP (Peer),,2.040086802722376,1.7099131972776238,0.2284377967401225,1549.0,4.0,,3.75,
2023-2024,2910320,SHERWOOD CASS R-VIII,MO,instructional_coordinators_fte,Model 3: CORSUP (Peer),,1.072379088261052,2.017620911738948,0.26954635853343256,778.0,3.0,,3.09,
2023-2024,2928410,SMITHVILLE R-II,MO,instructional_coordinators_fte,Model 3: CORSUP (Peer),,4.40810756342593,0.9318924365740697,0.12449722906910896,2536.0,5.0,,5.34,
2023-2024,2929670,STRASBURG C-3,MO,instructional_coordinators_fte,Model 3: CORSUP (Peer),,1.1318493946961539,-1.1318493946961539,-0.15121070612103765,134.0,1.0,,0.0,
2023-2024,2931710,WEST PLATTE CO. R-II,MO,instructional_coordinators_fte,Model 3: CORSUP (Peer),,2.0913341134412837,0.5486658865587164,0.0732996426201566,731.0,3.0,,2.64,
2014-2015,2003780,Basehor-Linwood,KS,central_mgmt_and_coordinators_fte,Model 4: Central+Coord Footprint (Peer),,3.1825430079848664,-0.18254300798486645,-0.022337001396728902,2414.0,5.0,,,3.0
2014-2015,2012000,Blue Valley,KS,central_mgmt_and_coordinators_fte,Model 4: Central+Coord Footprint (Peer),,34.4433796665338,7.356620333466196,0.9001979340532279,22398.0,34.0,,,41.8
2014-2015,2004050,Bonner Springs,KS,central_mgmt_and_coordinators_fte,Model 4: Central+Coord Footprint (Peer),,5.1609491629851165,2.5390508370148837,0.310692711371717,2660.0,5.0,,,7.7
2014-2015,2005490,De Soto,KS,central_mgmt_and_coordinators_fte,Model 4: Central+Coord Footprint (Peer),,14.328779436045133,-4.328779436045133,-0.5296940889518356,7089.0,12.0,,,10.0
2014-2015,2005640,Easton,KS,central_mgmt_and_coordinators_fte,Model 4: Central+Coord Footprint (Peer),,1.252229281971446,0.747770718028554,0.09150148097932914,639.0,3.0,,,2.0
2014-2015,2006330,Ft Leavenworth,KS,central_mgmt_and_coordinators_fte,Model 4: Central+Coord Footprint (Peer),,3.272936487965268,4.427063512034732,0.5417206878716797,1769.0,4.0,,,7.7
2014-2015,2006420,Gardner Edgerton,KS,central_mgmt_and_coordinators_fte,Model 4: Central+Coord Footprint (Peer),,5.850347441461055,-0.05034744146105474,-0.006160799488581568,5730.0,11.0,,,5.8
2014-2015,2007950,Kansas City,KS,central_mgmt_and_coordinators_fte,Model 4: Central+Coord Footprint (Peer),,94.63208847136133,16.267911528638678,1.990634243121433,22129.0,43.0,,,110.9
2014-2015,2008340,Lansing,KS,central_mgmt_and_coordinators_fte,Model 4: Central+Coord Footprint (Peer),,3.242916606717766,-0.24291660671776594,-0.02972465855275718,2503.0,3.0,,,3.0
2014-2015,2008430,Leavenworth,KS,central_mgmt_and_coordinators_fte,Model 4: Central+Coord Footprint (Peer),,3.4496622917372237,4.550337708262776,0.556805220134645,3905.0,7.0,,,8.0
2014-2015,2008970,Louisburg,KS,central_mgmt_and_coordinators_fte,Model 4: Central+Coord Footprint (Peer),,2.8083755068497545,0.19162449315024555,0.023448263608646998,1786.0,5.0,,,3.0
2014-2015,2010140,Olathe,KS,central_mgmt_and_coordinators_fte,Model 4: Central+Coord Footprint (Peer),,51.446489757531396,-10.546489757531397,-1.2905285118567573,29296.0,48.0,,,40.9
2014-2015,2010260,Osawatomie,KS,central_mgmt_and_coordinators_fte,Model 4: Central+Coord Footprint (Peer),,-0.3347955287198803,6.13479552871988,0.7506884969542233,1281.0,4.0,,,5.8
2014-2015,2010500,Paola,KS,central_mgmt_and_coordinators_fte,Model 4: Central+Coord Footprint (Peer),,3.20584349754643,0.79415650245357,0.09717750956529309,2025.0,4.0,,,4.0
2014-2015,2010680,Piper-Kansas City,KS,central_mgmt_and_coordinators_fte,Model 4: Central+Coord Footprint (Peer),,3.277438659916919,-1.277438659916919,-0.1563146649427696,2052.0,4.0,,,2.0
2014-2015,2011640,Shawnee Mission Pub Sch,KS,central_mgmt_and_coordinators_fte,Model 4: Central+Coord Footprint (Peer),,66.87963748398438,-34.27963748398438,-4.194651544377966,27470.0,43.0,,,32.6
2014-2015,2011850,Spring Hill,KS,central_mgmt_and_coordinators_fte,Model 4: Central+Coord Footprint (Peer),,2.5174441035272226,5.482555896472777,0.6708767433442833,3349.0,7.0,,,8.0
2014-2015,2012210,Tonganoxie,KS,central_mgmt_and_coordinators_fte,Model 4: Central+Coord Footprint (Peer),,3.2430101691479893,-0.7430101691479893,-0.09091895312373915,1985.0,3.0,,,2.5
2014-2015,2012360,Turner-Kansas City,KS,central_mgmt_and_coordinators_fte,Model 4: Central+Coord Footprint (Peer),,12.840724495452775,3.1592755045472245,0.3865869316866587,4222.0,7.0,,,16.0
2014-2015,2903200,ARCHIE R-V,MO,central_mgmt_and_coordinators_fte,Model 4: Central+Coord Footprint (Peer),,3.5500749603517656,-2.3000749603517656,-0.28145026297702896,544.0,2.0,,,1.25
2014-2015,2904620,BELTON 124,MO,central_mgmt_and_coordinators_fte,Model 4: Central+Coord Footprint (Peer),,7.830477859972589,5.899522140027411,0.7218991060602565,4971.0,9.0,,,13.73
2014-2015,2905310,BLUE SPRINGS R-IV,MO,central_mgmt_and_coordinators_fte,Model 4: Central+Coord Footprint (Peer),,17.4619306219285,6.038069378071501,0.7388525346460304,14466.0,22.0,,,23.5
2014-2015,2908250,CENTER 58,MO,central_mgmt_and_coordinators_fte,Model 4: Central+Coord Footprint (Peer),,6.763675234339605,3.3163247656603954,0.4058043731190414,2637.0,8.0,,,10.08
2014-2015,2911070,DREXEL R-IV,MO,central_mgmt_and_coordinators_fte,Model 4: Central+Coord Footprint (Peer),,3.2505382825443685,-2.2505382825443685,-0.27538867314355325,336.0,2.0,,,1.0
2014-2015,2911160,EAST LYNNE 40,MO,central_mgmt_and_coordinators_fte,Model 4: Central+Coord Footprint (Peer),,2.8735534963493836,-1.8735534963493836,-0.22925866910373252,206.0,1.0,,,1.0
2014-2015,2911650,EXCELSIOR SPRINGS 40,MO,central_mgmt_and_coordinators_fte,Model 4: Central+Coord Footprint (Peer),,6.577787600926953,9.422212399073047,1.1529555354747925,2872.0,7.0,,,16.0
2014-2015,2912290,FORT OSAGE R-I,MO,central_mgmt_and_coordinators_fte,Model 4: Central+Coord Footprint (Peer),,8.848998434839956,7.001001565160044,0.8566823975665273,5092.0,12.0,,,15.85
2014-2015,2913080,GRAIN VALLEY R-V,MO,central_mgmt_and_coordinators_fte,Model 4: Central+Coord Footprint (Peer),,7.319216672585429,0.6807833274145709,0.08330452260647372,4023.0,8.0,,,8.0
2014-2015,2913140,GRANDVIEW C-4,MO,central_mgmt_and_coordinators_fte,Model 4: Central+Coord Footprint (Peer),,11.363587805407976,0.6364121945920242,0.07787501825693524,4363.0,9.0,,,12.0
2014-2015,2913680,HARDIN-CENTRAL C-2,MO,central_mgmt_and_coordinators_fte,Model 4: Central+Coord Footprint (Peer),,3.2077859688526362,-2.337785968852636,-0.2860647966086093,236.0,2.0,,,0.87
2014-2015,2913760,HARRISONVILLE R-IX,MO,central_mgmt_and_coordinators_fte,Model 4: Central+Coord Footprint (Peer),,6.956821203226842,3.543178796773158,0.4335635235009583,2609.0,7.0,,,10.5
2014-2015,2914340,HICKMAN MILLS C-1,MO,central_mgmt_and_coordinators_fte,Model 4: Central+Coord Footprint (Peer),,11.372905012667642,-0.7729050126676427,-0.09457705632267871,6739.0,15.0,,,10.6
2014-2015,2915480,INDEPENDENCE 30,MO,central_mgmt_and_coordinators_fte,Model 4: Central+Coord Footprint (Peer),,25.041807854190036,6.958192145809964,0.8514439933659392,15065.0,30.0,,,32.0
2014-2015,2916400,KANSAS CITY 33,MO,central_mgmt_and_coordinators_fte,Model 4: Central+Coord Footprint (Peer),,41.176399028058405,-14.176399028058405,-1.7347048697509087,15386.0,37.0,,,27.0
2014-2015,2916450,KEARNEY R-I,MO,central_mgmt_and_coordinators_fte,Model 4: Central+Coord Footprint (Peer),,8.100717862913235,-1.6007178629132355,-0.19587294815820114,3501.0,7.0,,,6.5
2014-2015,2918220,LAWSON R-XIV,MO,central_mgmt_and_coordinators_fte,Model 4: Central+Coord Footprint (Peer),,4.533150403838876,-3.033150403838876,-0.3711535465256203,1148.0,3.0,,,1.5
2014-2015,2918300,LEE'S SUMMIT R-VII,MO,central_mgmt_and_coordinators_fte,Model 4: Central+Coord Footprint (Peer),,28.43946826866823,-0.9394682686682287,-0.11495868431818786,17848.0,27.0,,,27.5
2014-2015,2918540,LIBERTY 53,MO,central_mgmt_and_coordinators_fte,Model 4: Central+Coord Footprint (Peer),,19.676736176246063,-3.976736176246064,-0.48661607203599333,12009.0,20.0,,,15.7
2014-2015,2919230,LONE JACK C-6,MO,central_mgmt_and_coordinators_fte,Model 4: Central+Coord Footprint (Peer),,3.365235814552792,-1.365235814552792,-0.16705802447967888,604.0,2.0,,,2.0
2014-2015,2931800,MIDWAY R-I,MO,central_mgmt_and_coordinators_fte,Model 4: Central+Coord Footprint (Peer),,3.452981678630707,-2.452981678630707,-0.30016079929101974,437.0,2.0,,,1.0
2014-2015,2921060,MISSOURI CITY 56,MO,central_mgmt_and_coordinators_fte,Model 4: Central+Coord Footprint (Peer),,2.753614254900146,-2.753614254900146,-0.3369479123673496,39.0,1.0,,,0.0
2014-2015,2922800,NORTH KANSAS CITY 74,MO,central_mgmt_and_coordinators_fte,Model 4: Central+Coord Footprint (Peer),,35.353196305950526,-13.853196305950526,-1.6951559451722757,19862.0,32.0,,,21.5
2014-2015,2922830,NORTH PLATTE CO. R-I,MO,central_mgmt_and_coordinators_fte,Model 4: Central+Coord Footprint (Peer),,3.657454297971715,-1.067454297971715,-0.13061978329356339,607.0,5.0,,,2.59
2014-2015,2923010,OAK GROVE R-VI,MO,central_mgmt_and_coordinators_fte,Model 4: Central+Coord Footprint (Peer),,5.07888350093863,-0.7888835009386304,-0.09653227508874757,2003.0,4.0,,,4.29
2014-2015,2923220,ORRICK R-XI,MO,central_mgmt_and_coordinators_fte,Model 4: Central+Coord Footprint (Peer),,3.218626251543487,-1.788626251543487,-0.21886648806765074,349.0,2.0,,,1.43
2014-2015,2923550,PARK HILL,MO,central_mgmt_and_coordinators_fte,Model 4: Central+Coord Footprint (Peer),,23.336115807053968,-15.836115807053968,-1.9377972610720366,10924.0,17.0,,,7.5
2014-2015,2925230,PLATTE CO. R-III,MO,central_mgmt_and_coordinators_fte,Model 4: Central+Coord Footprint (Peer),,10.202694678715764,5.047305321284236,0.6176170057446952,3964.0,8.0,,,15.25
2014-2015,2925330,PLEASANT HILL R-III,MO,central_mgmt_and_coordinators_fte,Model 4: Central+Coord Footprint (Peer),,4.840246725241685,1.159753274758315,0.14191401141086193,2210.0,5.0,,,6.0
2014-2015,2923730,RAYMORE-PECULIAR R-II,MO,central_mgmt_and_coordinators_fte,Model 4: Central+Coord Footprint (Peer),,11.262751022152093,0.7572489778479063,0.09266129479614202,6036.0,10.0,,,12.02
2014-2015,2926070,RAYTOWN C-2,MO,central_mgmt_and_coordinators_fte,Model 4: Central+Coord Footprint (Peer),,11.713730642128134,20.536269357871866,2.5129348003754517,9113.0,19.0,,,32.25
2014-2015,2926480,RICHMOND R-XVI,MO,central_mgmt_and_coordinators_fte,Model 4: Central+Coord Footprint (Peer),,3.922994258505695,0.24700574149430476,0.030225028357239274,1586.0,4.0,,,4.17
2014-2015,2910320,SHERWOOD CASS R-VIII,MO,central_mgmt_and_coordinators_fte,Model 4: Central+Coord Footprint (Peer),,3.5511468640352177,-0.5511468640352177,-0.0674414671241642,819.0,3.0,,,3.0
2014-2015,2928410,SMITHVILLE R-II,MO,central_mgmt_and_coordinators_fte,Model 4: Central+Coord Footprint (Peer),,5.286003674597152,5.513996325402848,0.6747239731707084,2564.0,4.0,,,10.8
2014-2015,2929670,STRASBURG C-3,MO,central_mgmt_and_coordinators_fte,Model 4: Central+Coord Footprint (Peer),,2.8580864430364907,-2.6080864430364907,-0.3191403010392243,146.0,1.0,,,0.25
2014-2015,2931710,WEST PLATTE CO. R-II,MO,central_mgmt_and_coordinators_fte,Model 4: Central+Coord Footprint (Peer),,4.150605032136741,-0.43060503213674073,-0.05269128251175897,595.0,2.0,,,3.72
2015-2016,2003780,Basehor-Linwood,KS,central_mgmt_and_coordinators_fte,Model 4: Central+Coord Footprint (Peer),,5.38377446149233,-2.3837744614923304,-0.29169221031054343,2454.0,5.0,,,3.0
2015-2016,2012000,Blue Valley,KS,central_mgmt_and_coordinators_fte,Model 4: Central+Coord Footprint (Peer),,38.4460260710005,2.553973928999497,0.31251878584141923,22614.0,34.0,,,41.0
2015-2016,2004050,Bonner Springs,KS,central_mgmt_and_coordinators_fte,Model 4: Central+Coord Footprint (Peer),,7.5093100950949445,-2.5093100950949445,-0.3070534649215845,2768.0,5.0,,,5.0
2015-2016,2005490,De Soto,KS,central_mgmt_and_coordinators_fte,Model 4: Central+Coord Footprint (Peer),,16.42257129006395,-3.9225712900639493,-0.47998814828443637,7054.0,12.0,,,12.5
2015-2016,2005640,Easton,KS,central_mgmt_and_coordinators_fte,Model 4: Central+Coord Footprint (Peer),,3.6991019553427282,-1.6991019553427282,-0.20791178565887208,621.0,3.0,,,2.0
2015-2016,2006330,Ft Leavenworth,KS,central_mgmt_and_coordinators_fte,Model 4: Central+Coord Footprint (Peer),,5.696186365062646,0.0038136349373543155,0.00046665807615791933,1863.0,4.0,,,5.7
2015-2016,2007950,Kansas City,KS,central_mgmt_and_coordinators_fte,Model 4: Central+Coord Footprint (Peer),,99.30566574413965,35.194334255860355,4.3065790473622,22052.0,43.0,,,134.5
2015-2016,2008340,Lansing,KS,central_mgmt_and_coordinators_fte,Model 4: Central+Coord Footprint (Peer),,5.810187446502967,-2.810187446502967,-0.343870530077004,2640.0,3.0,,,3.0
2015-2016,2008430,Leavenworth,KS,central_mgmt_and_coordinators_fte,Model 4: Central+Coord Footprint (Peer),,6.015216366237333,0.9847836337626674,0.1205037303025932,3836.0,7.0,,,7.0
2015-2016,2008970,Louisburg,KS,central_mgmt_and_coordinators_fte,Model 4: Central+Coord Footprint (Peer),,5.022002125881417,-2.522002125881417,-0.30860653404504423,1795.0,4.0,,,2.5
2015-2016,2010260,Osawatomie,KS,central_mgmt_and_coordinators_fte,Model 4: Central+Coord Footprint (Peer),,2.6440076670055963,2.3559923329944037,0.28829263094613555,1185.0,4.0,,,5.0
2015-2016,2010500,Paola,KS,central_mgmt_and_coordinators_fte,Model 4: Central+Coord Footprint (Peer),,4.884677883086184,-0.8846778830861837,-0.10825422090003865,2018.0,4.0,,,4.0
2015-2016,2010680,Piper-Kansas City,KS,central_mgmt_and_coordinators_fte,Model 4: Central+Coord Footprint (Peer),,5.896917590116458,-3.896917590116458,-0.4768490155513662,2128.0,4.0,,,2.0
2015-2016,2011640,Shawnee Mission Pub Sch,KS,central_mgmt_and_coordinators_fte,Model 4: Central+Coord Footprint (Peer),,71.94301124604671,-20.343011246046707,-2.4892866378880356,27643.0,43.0,,,51.6
2015-2016,2011850,Spring Hill,KS,central_mgmt_and_coordinators_fte,Model 4: Central+Coord Footprint (Peer),,4.965113247043412,-0.9651132470434121,-0.11809674983003175,3649.0,7.0,,,4.0
2015-2016,2012210,Tonganoxie,KS,central_mgmt_and_coordinators_fte,Model 4: Central+Coord Footprint (Peer),,5.634361335878661,-1.634361335878661,-0.19998975499137125,1966.0,3.0,,,4.0
2015-2016,2012360,Turner-Kansas City,KS,central_mgmt_and_coordinators_fte,Model 4: Central+Coord Footprint (Peer),,15.521869110004493,2.478130889995507,0.30323819992982554,4249.0,7.0,,,18.0
2015-2016,2903200,ARCHIE R-V,MO,central_mgmt_and_coordinators_fte,Model 4: Central+Coord Footprint (Peer),,4.220062223273912,-3.010062223273912,-0.3683283453457959,546.0,2.0,,,1.21
2015-2016,2904620,BELTON 124,MO,central_mgmt_and_coordinators_fte,Model 4: Central+Coord Footprint (Peer),,8.589559176393267,9.110440823606732,1.1148053910593527,4924.0,9.0,,,17.7
2015-2016,2905310,BLUE SPRINGS R-IV,MO,central_mgmt_and_coordinators_fte,Model 4: Central+Coord Footprint (Peer),,18.015953647818797,5.484046352181203,0.6710591239876635,14317.0,22.0,,,23.5
2015-2016,2908250,CENTER 58,MO,central_mgmt_and_coordinators_fte,Model 4: Central+Coord Footprint (Peer),,7.099741540987988,4.320258459012012,0.5286514137051009,2679.0,8.0,,,11.42
2015-2016,2911070,DREXEL R-IV,MO,central_mgmt_and_coordinators_fte,Model 4: Central+Coord Footprint (Peer),,4.008098874050903,-2.408098874050903,-0.2946686838730942,333.0,2.0,,,1.6
2015-2016,2911160,EAST LYNNE 40,MO,central_mgmt_and_coordinators_fte,Model 4: Central+Coord Footprint (Peer),,3.5874096525579655,-2.1874096525579656,-0.2676638946831437,194.0,1.0,,,1.4
2015-2016,2911650,EXCELSIOR SPRINGS 40,MO,central_mgmt_and_coordinators_fte,Model 4: Central+Coord Footprint (Peer),,7.210993337020915,8.789006662979084,1.0754728777291713,2946.0,7.0,,,16.0
2015-2016,2912290,FORT OSAGE R-I,MO,central_mgmt_and_coordinators_fte,Model 4: Central+Coord Footprint (Peer),,9.024475980521729,7.325524019478273,0.8963928120896468,5084.0,11.0,,,16.35
2015-2016,2913080,GRAIN VALLEY R-V,MO,central_mgmt_and_coordinators_fte,Model 4: Central+Coord Footprint (Peer),,8.325550322983222,-0.3255503229832222,-0.039836190383061076,4121.0,8.0,,,8.0
2015-2016,2913140,GRANDVIEW C-4,MO,central_mgmt_and_coordinators_fte,Model 4: Central+Coord Footprint (Peer),,11.631904397869178,-1.631904397869178,-0.19968911007291976,4414.0,9.0,,,10.0
2015-2016,2913680,HARDIN-CENTRAL C-2,MO,central_mgmt_and_coordinators_fte,Model 4: Central+Coord Footprint (Peer),,3.868680415069723,-2.868680415069723,-0.3510280626223358,227.0,2.0,,,1.0
2015-2016,2913760,HARRISONVILLE R-IX,MO,central_mgmt_and_coordinators_fte,Model 4: Central+Coord Footprint (Peer),,7.750281931149997,1.7497180688500027,0.2141054613881704,2539.0,7.0,,,9.5
2015-2016,2914340,HICKMAN MILLS C-1,MO,central_mgmt_and_coordinators_fte,Model 4: Central+Coord Footprint (Peer),,10.720635287666386,7.279364712333614,0.890744496552698,6341.0,15.0,,,18.0
2015-2016,2915480,INDEPENDENCE 30,MO,central_mgmt_and_coordinators_fte,Model 4: Central+Coord Footprint (Peer),,26.085507494972195,24.914492505027805,3.04867910322665,15083.0,30.0,,,51.0
2015-2016,2916400,KANSAS CITY 33,MO,central_mgmt_and_coordinators_fte,Model 4: Central+Coord Footprint (Peer),,39.867334299121175,-12.367334299121175,-1.5133374132641941,15724.0,37.0,,,27.5
2015-2016,2916450,KEARNEY R-I,MO,central_mgmt_and_coordinators_fte,Model 4: Central+Coord Footprint (Peer),,8.837390539315834,-2.9373905393158335,-0.3594358244873207,3477.0,7.0,,,5.9
2015-2016,2918220,LAWSON R-XIV,MO,central_mgmt_and_coordinators_fte,Model 4: Central+Coord Footprint (Peer),,5.167571013928477,-2.6675710139284767,-0.3264191716887551,1135.0,3.0,,,2.5
2015-2016,2918300,LEE'S SUMMIT R-VII,MO,central_mgmt_and_coordinators_fte,Model 4: Central+Coord Footprint (Peer),,28.96816823828297,-6.358168238282971,-0.7780216530174539,18084.0,27.0,,,22.61
2015-2016,2918540,LIBERTY 53,MO,central_mgmt_and_coordinators_fte,Model 4: Central+Coord Footprint (Peer),,20.95892349187915,-4.6589234918791504,-0.5700923946316542,12257.0,20.0,,,16.3
2015-2016,2919230,LONE JACK C-6,MO,central_mgmt_and_coordinators_fte,Model 4: Central+Coord Footprint (Peer),,4.154497111752431,-1.8344971117524311,-0.22447950759585578,599.0,2.0,,,2.3200000000000003
2015-2016,2931800,MIDWAY R-I,MO,central_mgmt_and_coordinators_fte,Model 4: Central+Coord Footprint (Peer),,4.143422601834096,-3.1434226018340956,-0.384647080284217,424.0,2.0,,,1.0
2015-2016,2921060,MISSOURI CITY 56,MO,central_mgmt_and_coordinators_fte,Model 4: Central+Coord Footprint (Peer),,3.471179248908018,-3.471179248908018,-0.42475324904026346,34.0,1.0,,,0.0
2015-2016,2922800,NORTH KANSAS CITY 74,MO,central_mgmt_and_coordinators_fte,Model 4: Central+Coord Footprint (Peer),,37.278193825564834,-18.14819382556483,-2.2207162865605667,19997.0,32.0,,,19.130000000000003
2015-2016,2922830,NORTH PLATTE CO. R-I,MO,central_mgmt_and_coordinators_fte,Model 4: Central+Coord Footprint (Peer),,4.231036634424775,-1.5410366344247755,-0.18857001336589319,623.0,5.0,,,2.69
2015-2016,2923010,OAK GROVE R-VI,MO,central_mgmt_and_coordinators_fte,Model 4: Central+Coord Footprint (Peer),,5.772084929303726,0.6579150706962738,0.08050623256021948,2038.0,4.0,,,6.43
2015-2016,2923220,ORRICK R-XI,MO,central_mgmt_and_coordinators_fte,Model 4: Central+Coord Footprint (Peer),,3.8091213150692793,-2.5591213150692793,-0.3131486492971577,330.0,2.0,,,1.25
2015-2016,2923550,PARK HILL,MO,central_mgmt_and_coordinators_fte,Model 4: Central+Coord Footprint (Peer),,24.671478152982846,-18.171478152982846,-2.2235654893856958,11537.0,17.0,,,6.5
2015-2016,2925230,PLATTE CO. R-III,MO,central_mgmt_and_coordinators_fte,Model 4: Central+Coord Footprint (Peer),,11.235940427051526,2.764059572948474,0.3382260609330516,4030.0,8.0,,,14.0
2015-2016,2925330,PLEASANT HILL R-III,MO,central_mgmt_and_coordinators_fte,Model 4: Central+Coord Footprint (Peer),,5.826656894847691,0.1733431051523091,0.021211248925083206,2083.0,5.0,,,6.0
2015-2016,2923730,RAYMORE-PECULIAR R-II,MO,central_mgmt_and_coordinators_fte,Model 4: Central+Coord Footprint (Peer),,12.116584564767027,-0.1665845647670281,-0.020384235457449395,6092.0,10.0,,,11.95
2015-2016,2926070,RAYTOWN C-2,MO,central_mgmt_and_coordinators_fte,Model 4: Central+Coord Footprint (Peer),,11.829913918109057,18.970086081890944,2.321287700827165,9498.0,19.0,,,30.8
2015-2016,2926480,RICHMOND R-XVI,MO,central_mgmt_and_coordinators_fte,Model 4: Central+Coord Footprint (Peer),,4.759933600753496,-0.5899336007534961,-0.07218763298291112,1596.0,4.0,,,4.17
2015-2016,2910320,SHERWOOD CASS R-VIII,MO,central_mgmt_and_coordinators_fte,Model 4: Central+Coord Footprint (Peer),,4.165636030966667,-2.1656360309666667,-0.2649995504211219,849.0,3.0,,,2.0
2015-2016,2928410,SMITHVILLE R-II,MO,central_mgmt_and_coordinators_fte,Model 4: Central+Coord Footprint (Peer),,6.082106942504053,5.217893057495948,0.6384910920440824,2623.0,4.0,,,11.3
2015-2016,2929670,STRASBURG C-3,MO,central_mgmt_and_coordinators_fte,Model 4: Central+Coord Footprint (Peer),,3.5734515023318054,-3.5734515023318054,-0.437267864049583,156.0,1.0,,,0.0
2015-2016,2931710,WEST PLATTE CO. R-II,MO,central_mgmt_and_coordinators_fte,Model 4: Central+Coord Footprint (Peer),,4.970520433964284,0.02947956603571633,0.003607287482461934,582.0,2.0,,,5.0
2016-2017,2003780,Basehor-Linwood,KS,central_mgmt_and_coordinators_fte,Model 4: Central+Coord Footprint (Peer),,3.4993375947304077,0.10066240526959236,0.012317624826755264,2537.0,5.0,,,3.6
2016-2017,2012000,Blue Valley,KS,central_mgmt_and_coordinators_fte,Model 4: Central+Coord Footprint (Peer),,36.13200065351855,5.867999346481447,0.7180417976306542,22676.0,34.0,,,42.0
2016-2017,2004050,Bonner Springs,KS,central_mgmt_and_coordinators_fte,Model 4: Central+Coord Footprint (Peer),,5.389745020074388,0.6102549799256121,0.0746742725971145,2722.0,5.0,,,6.0
2016-2017,2005490,De Soto,KS,central_mgmt_and_coordinators_fte,Model 4: Central+Coord Footprint (Peer),,13.924895698401224,-1.9248956984012242,-0.23554119315986166,7189.0,12.0,,,12.0
2016-2017,2005640,Easton,KS,central_mgmt_and_coordinators_fte,Model 4: Central+Coord Footprint (Peer),,1.6488779718659106,0.35112202813408944,0.04296528976614463,609.0,3.0,,,2.0
2016-2017,2006330,Ft Leavenworth,KS,central_mgmt_and_coordinators_fte,Model 4: Central+Coord Footprint (Peer),,3.666428290238429,5.333571709761571,0.6526461903179268,1818.0,4.0,,,9.0
2016-2017,2006420,Gardner Edgerton,KS,central_mgmt_and_coordinators_fte,Model 4: Central+Coord Footprint (Peer),,7.2457043331807585,-1.2457043331807585,-0.1524314721080781,6036.0,11.0,,,6.0
2016-2017,2007950,Kansas City,KS,central_mgmt_and_coordinators_fte,Model 4: Central+Coord Footprint (Peer),,102.44212743294958,-2.04212743294957,-0.24988633542115524,22044.0,43.0,,,100.4
2016-2017,2008340,Lansing,KS,central_mgmt_and_coordinators_fte,Model 4: Central+Coord Footprint (Peer),,3.6021920675914156,-1.6021920675914156,-0.19605334023302826,2676.0,3.0,,,2.0
2016-2017,2008430,Leavenworth,KS,central_mgmt_and_coordinators_fte,Model 4: Central+Coord Footprint (Peer),,4.470271267260514,3.5297287327394864,0.4319176971150409,3870.0,7.0,,,8.0
2016-2017,2008970,Louisburg,KS,central_mgmt_and_coordinators_fte,Model 4: Central+Coord Footprint (Peer),,2.9750999475259667,-1.7750999475259668,-0.21721133252339142,1790.0,4.0,,,1.2
2016-2017,2010140,Olathe,KS,central_mgmt_and_coordinators_fte,Model 4: Central+Coord Footprint (Peer),,57.36581781602877,-14.615817816028773,-1.7884746535897766,29411.0,48.0,,,42.75
2016-2017,2010260,Osawatomie,KS,central_mgmt_and_coordinators_fte,Model 4: Central+Coord Footprint (Peer),,0.6988904113899954,2.2011095886100045,0.26934029683136984,1158.0,4.0,,,2.9
2016-2017,2010500,Paola,KS,central_mgmt_and_coordinators_fte,Model 4: Central+Coord Footprint (Peer),,2.3720449779037893,1.6279550220962107,0.1992058419755501,2029.0,4.0,,,4.0
2016-2017,2010680,Piper-Kansas City,KS,central_mgmt_and_coordinators_fte,Model 4: Central+Coord Footprint (Peer),,3.9810986271499846,-1.9810986271499846,-0.24241850339934998,2270.0,4.0,,,2.0
2016-2017,2011640,Shawnee Mission Pub Sch,KS,central_mgmt_and_coordinators_fte,Model 4: Central+Coord Footprint (Peer),,67.23305709916565,-3.83305709916565,-0.46903468241798074,27512.0,43.0,,,63.4
2016-2017,2011850,Spring Hill,KS,central_mgmt_and_coordinators_fte,Model 4: Central+Coord Footprint (Peer),,2.5888374405286214,8.411162559471379,1.0292377227321796,3919.0,7.0,,,11.0
2016-2017,2012210,Tonganoxie,KS,central_mgmt_and_coordinators_fte,Model 4: Central+Coord Footprint (Peer),,3.2542733408862854,-0.2542733408862854,-0.031114333182231505,1963.0,3.0,,,3.0
2016-2017,2012360,Turner-Kansas City,KS,central_mgmt_and_coordinators_fte,Model 4: Central+Coord Footprint (Peer),,12.759300009609873,1.2406999903901266,0.15181911224210437,4102.0,7.0,,,14.0
2016-2017,2903200,ARCHIE R-V,MO,central_mgmt_and_coordinators_fte,Model 4: Central+Coord Footprint (Peer),,3.870377560246113,-2.6503775602461133,-0.32431528284000016,547.0,2.0,,,1.22
2016-2017,2904620,BELTON 124,MO,central_mgmt_and_coordinators_fte,Model 4: Central+Coord Footprint (Peer),,8.583478448303154,8.616521551696845,1.0543666178172841,4969.0,9.0,,,17.2
2016-2017,2905310,BLUE SPRINGS R-IV,MO,central_mgmt_and_coordinators_fte,Model 4: Central+Coord Footprint (Peer),,15.940371658181132,9.559628341818868,1.1697705323291268,14318.0,22.0,,,25.5
2016-2017,2908250,CENTER 58,MO,central_mgmt_and_coordinators_fte,Model 4: Central+Coord Footprint (Peer),,6.547136320347003,4.872863679652997,0.5962713336437527,2645.0,8.0,,,11.42
2016-2017,2911070,DREXEL R-IV,MO,central_mgmt_and_coordinators_fte,Model 4: Central+Coord Footprint (Peer),,3.7318745636162345,-2.7318745636162345,-0.3342877200108533,313.0,2.0,,,1.0
2016-2017,2911160,EAST LYNNE 40,MO,central_mgmt_and_coordinators_fte,Model 4: Central+Coord Footprint (Peer),,3.1780205055775426,-1.7780205055775427,-0.21756870862887712,197.0,1.0,,,1.4
2016-2017,2911650,EXCELSIOR SPRINGS 40,MO,central_mgmt_and_coordinators_fte,Model 4: Central+Coord Footprint (Peer),,6.465598475016006,16.354401524983995,2.001217651330246,2938.0,7.0,,,22.82
2016-2017,2912290,FORT OSAGE R-I,MO,central_mgmt_and_coordinators_fte,Model 4: Central+Coord Footprint (Peer),,8.482999134857593,7.867000865142408,0.9626510007292187,4835.0,11.0,,,16.35
2016-2017,2913080,GRAIN VALLEY R-V,MO,central_mgmt_and_coordinators_fte,Model 4: Central+Coord Footprint (Peer),,8.471331954481782,0.5286680455182182,0.06469083095270009,4257.0,8.0,,,9.0
2016-2017,2913140,GRANDVIEW C-4,MO,central_mgmt_and_coordinators_fte,Model 4: Central+Coord Footprint (Peer),,10.727436221833244,1.2725637781667558,0.15571814666653241,4446.0,9.0,,,12.0
2016-2017,2913680,HARDIN-CENTRAL C-2,MO,central_mgmt_and_coordinators_fte,Model 4: Central+Coord Footprint (Peer),,3.401923077227355,-2.401923077227355,-0.2939129782243468,241.0,2.0,,,1.0
2016-2017,2913760,HARRISONVILLE R-IX,MO,central_mgmt_and_coordinators_fte,Model 4: Central+Coord Footprint (Peer),,7.494685704889699,2.3053142951103016,0.2820913777976473,2459.0,7.0,,,9.8
2016-2017,2914340,HICKMAN MILLS C-1,MO,central_mgmt_and_coordinators_fte,Model 4: Central+Coord Footprint (Peer),,10.989735695831138,7.060264304168863,0.8639341236042822,6328.0,15.0,,,18.05
2016-2017,2915480,INDEPENDENCE 30,MO,central_mgmt_and_coordinators_fte,Model 4: Central+Coord Footprint (Peer),,27.208443558350023,2.791556441649977,0.34159073428521886,15095.0,30.0,,,30.0
2016-2017,2916400,KANSAS CITY 33,MO,central_mgmt_and_coordinators_fte,Model 4: Central+Coord Footprint (Peer),,43.51030291346648,-14.510302913466482,-1.7755632495764002,15418.0,35.0,,,29.0
2016-2017,2916450,KEARNEY R-I,MO,central_mgmt_and_coordinators_fte,Model 4: Central+Coord Footprint (Peer),,8.249898598261026,-2.849898598261026,-0.3487298126213073,3456.0,7.0,,,5.4
2016-2017,2918220,LAWSON R-XIV,MO,central_mgmt_and_coordinators_fte,Model 4: Central+Coord Footprint (Peer),,4.574035300952151,-2.0740353009521506,-0.2537907637529124,1146.0,3.0,,,2.5
2016-2017,2918300,LEE'S SUMMIT R-VII,MO,central_mgmt_and_coordinators_fte,Model 4: Central+Coord Footprint (Peer),,29.966743100086802,-15.936743100086803,-1.9501105893656616,18261.0,27.0,,,14.03
2016-2017,2918540,LIBERTY 53,MO,central_mgmt_and_coordinators_fte,Model 4: Central+Coord Footprint (Peer),,19.2327698785469,-1.7327698785469003,-0.21203158436241323,12427.0,20.0,,,17.5
2016-2017,2919230,LONE JACK C-6,MO,central_mgmt_and_coordinators_fte,Model 4: Central+Coord Footprint (Peer),,3.9424277705136754,-2.1524277705136754,-0.2633833124975566,631.0,2.0,,,1.79
2016-2017,2931800,MIDWAY R-I,MO,central_mgmt_and_coordinators_fte,Model 4: Central+Coord Footprint (Peer),,3.71477854843336,-2.71477854843336,-0.332195754291465,426.0,2.0,,,1.0
2016-2017,2921060,MISSOURI CITY 56,MO,central_mgmt_and_coordinators_fte,Model 4: Central+Coord Footprint (Peer),,3.12555658613237,-3.12555658613237,-0.3824608929189003,34.0,1.0,,,0.0
2016-2017,2922800,NORTH KANSAS CITY 74,MO,central_mgmt_and_coordinators_fte,Model 4: Central+Coord Footprint (Peer),,35.662212641524775,-12.932212641524774,-1.5824591422339347,20188.0,32.0,,,22.73
2016-2017,2922830,NORTH PLATTE CO. R-I,MO,central_mgmt_and_coordinators_fte,Model 4: Central+Coord Footprint (Peer),,3.8642162966489666,-1.1742162966489667,-0.14368378908538776,615.0,5.0,,,2.69
2016-2017,2923010,OAK GROVE R-VI,MO,central_mgmt_and_coordinators_fte,Model 4: Central+Coord Footprint (Peer),,5.335249971005391,1.0947500289946088,0.1339598442946052,2023.0,4.0,,,6.43
2016-2017,2923220,ORRICK R-XI,MO,central_mgmt_and_coordinators_fte,Model 4: Central+Coord Footprint (Peer),,3.5829343884722964,-2.3329343884722964,-0.28547112962060295,310.0,2.0,,,1.25
2016-2017,2923550,PARK HILL,MO,central_mgmt_and_coordinators_fte,Model 4: Central+Coord Footprint (Peer),,24.10310111391591,-14.723101113915908,-1.8016024485198858,11659.0,17.0,,,9.38
2016-2017,2925230,PLATTE CO. R-III,MO,central_mgmt_and_coordinators_fte,Model 4: Central+Coord Footprint (Peer),,10.524595008597961,0.47540499140203885,0.05817326050548921,4079.0,7.0,,,11.0
2016-2017,2925330,PLEASANT HILL R-III,MO,central_mgmt_and_coordinators_fte,Model 4: Central+Coord Footprint (Peer),,5.230910362076027,0.7690896379239733,0.09411018535391802,2326.0,5.0,,,6.0
2016-2017,2923730,RAYMORE-PECULIAR R-II,MO,central_mgmt_and_coordinators_fte,Model 4: Central+Coord Footprint (Peer),,11.389229134953945,1.6107708650460548,0.19710309071562368,6226.0,10.0,,,13.0
2016-2017,2926070,RAYTOWN C-2,MO,central_mgmt_and_coordinators_fte,Model 4: Central+Coord Footprint (Peer),,12.38648918001565,18.663510819984353,2.283773406913603,9432.0,19.0,,,31.05
2016-2017,2926480,RICHMOND R-XVI,MO,central_mgmt_and_coordinators_fte,Model 4: Central+Coord Footprint (Peer),,4.657397448451183,-0.4873974484511834,-0.059640725804840256,1583.0,4.0,,,4.17
2016-2017,2910320,SHERWOOD CASS R-VIII,MO,central_mgmt_and_coordinators_fte,Model 4: Central+Coord Footprint (Peer),,3.790164103319009,0.20983589668099079,0.02567671459449015,823.0,3.0,,,4.0
2016-2017,2928410,SMITHVILLE R-II,MO,central_mgmt_and_coordinators_fte,Model 4: Central+Coord Footprint (Peer),,5.558839376342371,4.541160623657628,0.5556822598311746,2623.0,4.0,,,10.1
2016-2017,2929670,STRASBURG C-3,MO,central_mgmt_and_coordinators_fte,Model 4: Central+Coord Footprint (Peer),,3.1582286907476296,-3.1582286907476296,-0.3864588375922215,162.0,1.0,,,0.0
2016-2017,2931710,WEST PLATTE CO. R-II,MO,central_mgmt_and_coordinators_fte,Model 4: Central+Coord Footprint (Peer),,4.556506708777568,0.8734932912224318,0.10688561058272,632.0,2.0,,,5.43
2017-2018,2003780,Basehor-Linwood,KS,central_mgmt_and_coordinators_fte,Model 4: Central+Coord Footprint (Peer),,3.440162559971184,0.6598374400288156,0.08074146461287404,2641.0,5.0,,,4.1
2017-2018,2012000,Blue Valley,KS,central_mgmt_and_coordinators_fte,Model 4: Central+Coord Footprint (Peer),,39.85838762684131,8.141612373158686,0.9962540277957277,22717.0,35.0,,,48.0
2017-2018,2004050,Bonner Springs,KS,central_mgmt_and_coordinators_fte,Model 4: Central+Coord Footprint (Peer),,5.6018256148725785,1.3981743851274215,0.171088575444374,2744.0,5.0,,,7.0
2017-2018,2005490,De Soto,KS,central_mgmt_and_coordinators_fte,Model 4: Central+Coord Footprint (Peer),,13.629108695556623,-0.6291086955566225,-0.07698132054725194,7464.0,12.0,,,13.0
2017-2018,2005640,Easton,KS,central_mgmt_and_coordinators_fte,Model 4: Central+Coord Footprint (Peer),,1.8663777538471842,0.13362224615281582,0.016350778547469455,628.0,3.0,,,2.0
2017-2018,2006330,Ft Leavenworth,KS,central_mgmt_and_coordinators_fte,Model 4: Central+Coord Footprint (Peer),,4.026685899584202,6.973314100415798,0.8532944017977966,1913.0,4.0,,,11.0
2017-2018,2006420,Gardner Edgerton,KS,central_mgmt_and_coordinators_fte,Model 4: Central+Coord Footprint (Peer),,8.162977856849324,-3.1629778568493236,-0.387039972586204,6113.0,11.0,,,5.0
2017-2018,2007950,Kansas City,KS,central_mgmt_and_coordinators_fte,Model 4: Central+Coord Footprint (Peer),,108.21652166184975,-1.6165216618497595,-0.19780679094306436,22902.0,47.0,,,106.6
2017-2018,2008340,Lansing,KS,central_mgmt_and_coordinators_fte,Model 4: Central+Coord Footprint (Peer),,3.2875372676704626,0.7124627323295374,0.08718099489453754,2641.0,3.0,,,4.0
2017-2018,2008430,Leavenworth,KS,central_mgmt_and_coordinators_fte,Model 4: Central+Coord Footprint (Peer),,5.370829131956225,2.629170868043775,0.3217203112846782,3827.0,7.0,,,8.0
2017-2018,2008970,Louisburg,KS,central_mgmt_and_coordinators_fte,Model 4: Central+Coord Footprint (Peer),,3.3006566475999928,-2.100656647599993,-0.25704830324357836,1729.0,4.0,,,1.2
2017-2018,2010140,Olathe,KS,central_mgmt_and_coordinators_fte,Model 4: Central+Coord Footprint (Peer),,61.45581085045683,-22.605810850456827,-2.7661756761601386,29939.0,49.0,,,38.85
2017-2018,2010260,Osawatomie,KS,central_mgmt_and_coordinators_fte,Model 4: Central+Coord Footprint (Peer),,0.8824802241901559,2.017519775809844,0.24687520243957392,1156.0,4.0,,,2.9
2017-2018,2010500,Paola,KS,central_mgmt_and_coordinators_fte,Model 4: Central+Coord Footprint (Peer),,2.218879243478974,1.7811207565210259,0.21794807297933494,2059.0,4.0,,,4.0
2017-2018,2010680,Piper-Kansas City,KS,central_mgmt_and_coordinators_fte,Model 4: Central+Coord Footprint (Peer),,4.136594629258322,-2.1365946292583224,-0.26144587921956025,2375.0,4.0,,,2.0
2017-2018,2011640,Shawnee Mission Pub Sch,KS,central_mgmt_and_coordinators_fte,Model 4: Central+Coord Footprint (Peer),,63.27682533528415,3.223174664715849,0.3944059966056212,27584.0,43.0,,,66.5
2017-2018,2011850,Spring Hill,KS,central_mgmt_and_coordinators_fte,Model 4: Central+Coord Footprint (Peer),,3.305977103161733,5.694022896838267,0.6967530490690012,4018.0,7.0,,,9.0
2017-2018,2012210,Tonganoxie,KS,central_mgmt_and_coordinators_fte,Model 4: Central+Coord Footprint (Peer),,3.1331489769555434,-0.4331489769555432,-0.05300257407859621,1976.0,3.0,,,2.7
2017-2018,2012360,Turner-Kansas City,KS,central_mgmt_and_coordinators_fte,Model 4: Central+Coord Footprint (Peer),,12.679212920615367,-0.6792129206153668,-0.08311235869258574,4187.0,7.0,,,12.0
2017-2018,2903200,ARCHIE R-V,MO,central_mgmt_and_coordinators_fte,Model 4: Central+Coord Footprint (Peer),,3.8319130717087813,-2.6119130717087815,-0.3196085491027426,537.0,2.0,,,1.22
2017-2018,2904620,BELTON 124,MO,central_mgmt_and_coordinators_fte,Model 4: Central+Coord Footprint (Peer),,8.704508839974253,9.795491160025747,1.1986320491732025,4868.0,9.0,,,18.5
2017-2018,2905310,BLUE SPRINGS R-IV,MO,central_mgmt_and_coordinators_fte,Model 4: Central+Coord Footprint (Peer),,16.238748050139467,8.761251949860533,1.072076653066618,14489.0,22.0,,,25.0
2017-2018,2908250,CENTER 58,MO,central_mgmt_and_coordinators_fte,Model 4: Central+Coord Footprint (Peer),,6.530610264099007,4.889389735900993,0.59829355594396,2625.0,8.0,,,11.42
2017-2018,2911070,DREXEL R-IV,MO,central_mgmt_and_coordinators_fte,Model 4: Central+Coord Footprint (Peer),,3.702437739729574,-2.202437739729574,-0.2695028169615046,342.0,2.0,,,1.5
2017-2018,2911160,EAST LYNNE 40,MO,central_mgmt_and_coordinators_fte,Model 4: Central+Coord Footprint (Peer),,3.233099143509391,-2.733099143509391,-0.3344375665762507,125.0,1.0,,,0.5
2017-2018,2911650,EXCELSIOR SPRINGS 40,MO,central_mgmt_and_coordinators_fte,Model 4: Central+Coord Footprint (Peer),,6.688292315578472,16.61170768442153,2.0327030974516314,2841.0,7.0,,,23.3
2017-2018,2912290,FORT OSAGE R-I,MO,central_mgmt_and_coordinators_fte,Model 4: Central+Coord Footprint (Peer),,8.443847767111656,7.906152232888346,0.9674417849157998,5069.0,11.0,,,16.35
2017-2018,2913080,GRAIN VALLEY R-V,MO,central_mgmt_and_coordinators_fte,Model 4: Central+Coord Footprint (Peer),,8.662571503467715,0.3374284965322847,0.04128967130289995,4433.0,8.0,,,9.0
2017-2018,2913140,GRANDVIEW C-4,MO,central_mgmt_and_coordinators_fte,Model 4: Central+Coord Footprint (Peer),,11.201227887967327,1.7987721120326725,0.22010799330205963,4301.0,9.0,,,13.0
2017-2018,2913680,HARDIN-CENTRAL C-2,MO,central_mgmt_and_coordinators_fte,Model 4: Central+Coord Footprint (Peer),,3.5396906698888677,-2.5396906698888677,-0.3107710049637731,84.0,2.0,,,1.0
2017-2018,2913760,HARRISONVILLE R-IX,MO,central_mgmt_and_coordinators_fte,Model 4: Central+Coord Footprint (Peer),,7.328181412070252,2.2718185879297472,0.2779926524269199,2537.0,7.0,,,9.6
2017-2018,2914340,HICKMAN MILLS C-1,MO,central_mgmt_and_coordinators_fte,Model 4: Central+Coord Footprint (Peer),,10.679315355470084,10.220684644529914,1.2506611439169297,6019.0,15.0,,,20.9
2017-2018,2915480,INDEPENDENCE 30,MO,central_mgmt_and_coordinators_fte,Model 4: Central+Coord Footprint (Peer),,27.902425350312257,2.0975746496877434,0.25667117243790905,15143.0,30.0,,,30.0
2017-2018,2916400,KANSAS CITY 33,MO,central_mgmt_and_coordinators_fte,Model 4: Central+Coord Footprint (Peer),,48.453307012247436,-17.453307012247436,-2.135685981149329,15370.0,35.0,,,31.0
2017-2018,2916450,KEARNEY R-I,MO,central_mgmt_and_coordinators_fte,Model 4: Central+Coord Footprint (Peer),,7.998504035158454,-1.598504035158454,-0.19560205159417185,3507.0,7.0,,,6.4
2017-2018,2918220,LAWSON R-XIV,MO,central_mgmt_and_coordinators_fte,Model 4: Central+Coord Footprint (Peer),,4.503547738194868,-2.003547738194868,-0.2451655043954465,1159.0,3.0,,,2.5
2017-2018,2918300,LEE'S SUMMIT R-VII,MO,central_mgmt_and_coordinators_fte,Model 4: Central+Coord Footprint (Peer),,30.51179345060626,-16.51179345060626,-2.020477023142229,18287.0,27.0,,,14.0
2017-2018,2918540,LIBERTY 53,MO,central_mgmt_and_coordinators_fte,Model 4: Central+Coord Footprint (Peer),,18.301145441370117,-3.061145441370117,-0.3745791786511118,12611.0,20.0,,,15.24
2017-2018,2919230,LONE JACK C-6,MO,central_mgmt_and_coordinators_fte,Model 4: Central+Coord Footprint (Peer),,4.117461914470368,-2.6174619144703684,-0.32028753708417257,676.0,2.0,,,1.5
2017-2018,2931800,MIDWAY R-I,MO,central_mgmt_and_coordinators_fte,Model 4: Central+Coord Footprint (Peer),,3.7035293686039097,-2.2035293686039097,-0.2696363948835512,429.0,2.0,,,1.5
2017-2018,2921060,MISSOURI CITY 56,MO,central_mgmt_and_coordinators_fte,Model 4: Central+Coord Footprint (Peer),,3.1586318787611525,-3.1586318787611525,-0.38650817397229226,19.0,1.0,,,0.0
2017-2018,2922800,NORTH KANSAS CITY 74,MO,central_mgmt_and_coordinators_fte,Model 4: Central+Coord Footprint (Peer),,38.93451461644481,-13.414514616444809,-1.6414763568967228,20309.0,32.0,,,25.52
2017-2018,2922830,NORTH PLATTE CO. R-I,MO,central_mgmt_and_coordinators_fte,Model 4: Central+Coord Footprint (Peer),,3.9842167811365687,-1.2942167811365688,-0.1583677313475309,602.0,5.0,,,2.69
2017-2018,2923010,OAK GROVE R-VI,MO,central_mgmt_and_coordinators_fte,Model 4: Central+Coord Footprint (Peer),,5.344462036648945,1.0855379633510545,0.1328326035121815,1980.0,4.0,,,6.43
2017-2018,2923220,ORRICK R-XI,MO,central_mgmt_and_coordinators_fte,Model 4: Central+Coord Footprint (Peer),,3.6275219835243173,-2.1275219835243173,-0.2603356986507745,306.0,2.0,,,1.5
2017-2018,2923550,PARK HILL,MO,central_mgmt_and_coordinators_fte,Model 4: Central+Coord Footprint (Peer),,23.605995862415355,-13.105995862415355,-1.6037242462256622,11878.0,17.0,,,10.5
2017-2018,2925230,PLATTE CO. R-III,MO,central_mgmt_and_coordinators_fte,Model 4: Central+Coord Footprint (Peer),,9.547576901928096,2.452423098071904,0.30009244819469505,4164.0,7.0,,,12.0
2017-2018,2925330,PLEASANT HILL R-III,MO,central_mgmt_and_coordinators_fte,Model 4: Central+Coord Footprint (Peer),,5.369919072603131,1.380080927396869,0.16887455697792847,2200.0,5.0,,,6.75
2017-2018,2923730,RAYMORE-PECULIAR R-II,MO,central_mgmt_and_coordinators_fte,Model 4: Central+Coord Footprint (Peer),,10.870990949428183,2.619009050571817,0.3204768534630385,6251.0,9.0,,,13.49
2017-2018,2926070,RAYTOWN C-2,MO,central_mgmt_and_coordinators_fte,Model 4: Central+Coord Footprint (Peer),,13.390305639062918,16.609694360937084,2.0324567357312864,9424.0,19.0,,,30.0
2017-2018,2926480,RICHMOND R-XVI,MO,central_mgmt_and_coordinators_fte,Model 4: Central+Coord Footprint (Peer),,5.06060362271503,-1.46060362271503,-0.17872777227028988,1456.0,4.0,,,3.6
2017-2018,2910320,SHERWOOD CASS R-VIII,MO,central_mgmt_and_coordinators_fte,Model 4: Central+Coord Footprint (Peer),,3.7806038285821284,0.4193961714178718,0.051319702519202516,835.0,3.0,,,4.2
2017-2018,2928410,SMITHVILLE R-II,MO,central_mgmt_and_coordinators_fte,Model 4: Central+Coord Footprint (Peer),,5.616651032328017,2.483348967671983,0.30387671361289875,2631.0,4.0,,,8.1
2017-2018,2929670,STRASBURG C-3,MO,central_mgmt_and_coordinators_fte,Model 4: Central+Coord Footprint (Peer),,3.221543142556997,-2.221543142556997,-0.2718406627894675,118.0,1.0,,,1.0
2017-2018,2931710,WEST PLATTE CO. R-II,MO,central_mgmt_and_coordinators_fte,Model 4: Central+Coord Footprint (Peer),,4.420304320185139,0.5796956798148614,0.07093486270794751,657.0,2.0,,,5.0
2018-2019,2003780,Basehor-Linwood,KS,central_mgmt_and_coordinators_fte,Model 4: Central+Coord Footprint (Peer),,3.981375009228407,1.5186249907715932,0.1858275970930901,2730.0,5.0,,,5.5
2018-2019,2012000,Blue Valley,KS,central_mgmt_and_coordinators_fte,Model 4: Central+Coord Footprint (Peer),,37.508022641663416,13.391977358336582,1.6387185697242685,22783.0,35.0,,,50.9
2018-2019,2004050,Bonner Springs,KS,central_mgmt_and_coordinators_fte,Model 4: Central+Coord Footprint (Peer),,5.495061704357585,1.8349382956424147,0.22453349336762302,2739.0,5.0,,,7.33
2018-2019,2005490,De Soto,KS,central_mgmt_and_coordinators_fte,Model 4: Central+Coord Footprint (Peer),,13.98935006764136,-0.9893500676413591,-0.12106250514175255,7422.0,12.0,,,13.0
2018-2019,2005640,Easton,KS,central_mgmt_and_coordinators_fte,Model 4: Central+Coord Footprint (Peer),,2.088445621058837,-0.08844562105883691,-0.010822709579156169,657.0,3.0,,,2.0
2018-2019,2006330,Ft Leavenworth,KS,central_mgmt_and_coordinators_fte,Model 4: Central+Coord Footprint (Peer),,4.159904241422743,6.840095758577257,0.8369930472810347,1840.0,4.0,,,11.0
2018-2019,2006420,Gardner Edgerton,KS,central_mgmt_and_coordinators_fte,Model 4: Central+Coord Footprint (Peer),,8.431491483408163,-6.431491483408163,-0.7869939026086837,6120.0,11.0,,,2.0
2018-2019,2007950,Kansas City,KS,central_mgmt_and_coordinators_fte,Model 4: Central+Coord Footprint (Peer),,105.12783610674893,-4.5178361067489305,-0.5528281391912276,23292.0,47.0,,,100.61
2018-2019,2008340,Lansing,KS,central_mgmt_and_coordinators_fte,Model 4: Central+Coord Footprint (Peer),,3.535906756393376,0.46409324360662385,0.05678909066466695,2563.0,4.0,,,4.0
2018-2019,2008430,Leavenworth,KS,central_mgmt_and_coordinators_fte,Model 4: Central+Coord Footprint (Peer),,4.469067013175712,3.530932986824288,0.4320650564988441,3871.0,7.0,,,8.0
2018-2019,2008970,Louisburg,KS,central_mgmt_and_coordinators_fte,Model 4: Central+Coord Footprint (Peer),,3.5019735949667354,-2.4019735949667353,-0.293919159862458,1778.0,4.0,,,1.1
2018-2019,2010140,Olathe,KS,central_mgmt_and_coordinators_fte,Model 4: Central+Coord Footprint (Peer),,62.999715921494385,-13.699715921494388,-1.676375211799834,30022.0,50.0,,,49.3
2018-2019,2010260,Osawatomie,KS,central_mgmt_and_coordinators_fte,Model 4: Central+Coord Footprint (Peer),,0.8481987110738944,2.0518012889261055,0.25107008349699245,1164.0,4.0,,,2.9
2018-2019,2010500,Paola,KS,central_mgmt_and_coordinators_fte,Model 4: Central+Coord Footprint (Peer),,2.4005435087666647,0.5994564912333353,0.07335290806135564,1963.0,4.0,,,3.0
2018-2019,2010680,Piper-Kansas City,KS,central_mgmt_and_coordinators_fte,Model 4: Central+Coord Footprint (Peer),,4.8446248675295065,-1.0446248675295067,-0.12782624425143033,2430.0,4.0,,,3.8
2018-2019,2011640,Shawnee Mission Pub Sch,KS,central_mgmt_and_coordinators_fte,Model 4: Central+Coord Footprint (Peer),,62.63822994270105,-6.738229942701054,-0.8245281662832683,27590.0,44.0,,,55.9
2018-2019,2011850,Spring Hill,KS,central_mgmt_and_coordinators_fte,Model 4: Central+Coord Footprint (Peer),,4.027218792337908,5.972781207662092,0.7308635025284828,4311.0,8.0,,,10.0
2018-2019,2012210,Tonganoxie,KS,central_mgmt_and_coordinators_fte,Model 4: Central+Coord Footprint (Peer),,3.634417631814426,0.06558236818557406,0.008025031831859613,1945.0,3.0,,,3.7
2018-2019,2012360,Turner-Kansas City,KS,central_mgmt_and_coordinators_fte,Model 4: Central+Coord Footprint (Peer),,12.358616384216784,-0.3586163842167842,-0.0438823418303936,4087.0,7.0,,,12.0
2018-2019,2903200,ARCHIE R-V,MO,central_mgmt_and_coordinators_fte,Model 4: Central+Coord Footprint (Peer),,3.0681141694077207,-1.9781141694077207,-0.24205330816402792,514.0,2.0,,,1.09
2018-2019,2904620,BELTON 124,MO,central_mgmt_and_coordinators_fte,Model 4: Central+Coord Footprint (Peer),,7.98470393407597,4.51529606592403,0.5525173253393038,4712.0,9.0,,,12.5
2018-2019,2905310,BLUE SPRINGS R-IV,MO,central_mgmt_and_coordinators_fte,Model 4: Central+Coord Footprint (Peer),,16.740818549612882,7.239181450387118,0.8858274439187325,14533.0,22.0,,,23.98
2018-2019,2908250,CENTER 58,MO,central_mgmt_and_coordinators_fte,Model 4: Central+Coord Footprint (Peer),,6.409205912730071,3.010794087269929,0.36841790038973715,2639.0,8.0,,,9.42
2018-2019,2911070,DREXEL R-IV,MO,central_mgmt_and_coordinators_fte,Model 4: Central+Coord Footprint (Peer),,2.7306261702482986,-2.7306261702482986,-0.334134959493148,312.0,2.0,,,0.0
2018-2019,2911160,EAST LYNNE 40,MO,central_mgmt_and_coordinators_fte,Model 4: Central+Coord Footprint (Peer),,2.4962856717416915,-1.4962856717416915,-0.1830940308728257,117.0,1.0,,,1.0
2018-2019,2911650,EXCELSIOR SPRINGS 40,MO,central_mgmt_and_coordinators_fte,Model 4: Central+Coord Footprint (Peer),,5.883109357123912,9.116890642876088,1.1155946276541622,2886.0,7.0,,,15.0
2018-2019,2912290,FORT OSAGE R-I,MO,central_mgmt_and_coordinators_fte,Model 4: Central+Coord Footprint (Peer),,7.974874512263938,7.325125487736063,0.896344045477435,5019.0,11.0,,,15.3
2018-2019,2913080,GRAIN VALLEY R-V,MO,central_mgmt_and_coordinators_fte,Model 4: Central+Coord Footprint (Peer),,8.17009580609994,2.8299041939000595,0.34628318350596643,4471.0,8.0,,,11.0
2018-2019,2913140,GRANDVIEW C-4,MO,central_mgmt_and_coordinators_fte,Model 4: Central+Coord Footprint (Peer),,10.455761332715179,2.544238667284821,0.3113275238099737,4280.0,9.0,,,13.0
2018-2019,2913680,HARDIN-CENTRAL C-2,MO,central_mgmt_and_coordinators_fte,Model 4: Central+Coord Footprint (Peer),,2.681715288207756,-1.681715288207756,-0.2057842541123856,239.0,2.0,,,1.0
2018-2019,2913760,HARRISONVILLE R-IX,MO,central_mgmt_and_coordinators_fte,Model 4: Central+Coord Footprint (Peer),,6.51068722652011,2.98931277347989,0.36578932457394114,2505.0,7.0,,,9.5
2018-2019,2914340,HICKMAN MILLS C-1,MO,central_mgmt_and_coordinators_fte,Model 4: Central+Coord Footprint (Peer),,9.930318636132244,8.469681363867755,1.036398416696668,5830.0,14.0,,,18.4
2018-2019,2915480,INDEPENDENCE 30,MO,central_mgmt_and_coordinators_fte,Model 4: Central+Coord Footprint (Peer),,28.353079849609927,3.046920150390072,0.37283849108384826,14644.0,30.0,,,31.4
2018-2019,2916400,KANSAS CITY 33,MO,central_mgmt_and_coordinators_fte,Model 4: Central+Coord Footprint (Peer),,46.75749780035581,-18.257497800355807,-2.23409134301727,15345.0,35.0,,,28.5
2018-2019,2916450,KEARNEY R-I,MO,central_mgmt_and_coordinators_fte,Model 4: Central+Coord Footprint (Peer),,7.164224128683783,0.27577587131621595,0.03374550518683868,3605.0,7.0,,,7.439999999999999
2018-2019,2918220,LAWSON R-XIV,MO,central_mgmt_and_coordinators_fte,Model 4: Central+Coord Footprint (Peer),,3.761110195878073,-1.2611101958780728,-0.15431662114986583,1113.0,3.0,,,2.5
2018-2019,2918300,LEE'S SUMMIT R-VII,MO,central_mgmt_and_coordinators_fte,Model 4: Central+Coord Footprint (Peer),,29.18799304522946,-14.187993045229462,-1.7361235796790646,18410.0,27.0,,,15.0
2018-2019,2918540,LIBERTY 53,MO,central_mgmt_and_coordinators_fte,Model 4: Central+Coord Footprint (Peer),,18.128125770848413,-1.1381257708484114,-0.13926754693996132,12724.0,20.0,,,16.990000000000002
2018-2019,2919230,LONE JACK C-6,MO,central_mgmt_and_coordinators_fte,Model 4: Central+Coord Footprint (Peer),,3.4310186425029032,-1.4610186425029033,-0.17877855645361046,681.0,2.0,,,1.97
2018-2019,2931800,MIDWAY R-I,MO,central_mgmt_and_coordinators_fte,Model 4: Central+Coord Footprint (Peer),,2.9889363520338557,-1.5389363520338557,-0.1883130108588271,434.0,2.0,,,1.45
2018-2019,2921060,MISSOURI CITY 56,MO,central_mgmt_and_coordinators_fte,Model 4: Central+Coord Footprint (Peer),,2.472189814470272,-2.472189814470272,-0.30251121611505105,29.0,1.0,,,0.0
2018-2019,2922800,NORTH KANSAS CITY 74,MO,central_mgmt_and_coordinators_fte,Model 4: Central+Coord Footprint (Peer),,39.67849308827297,-15.278493088272974,-1.8695633715039879,20763.0,32.0,,,24.4
2018-2019,2922830,NORTH PLATTE CO. R-I,MO,central_mgmt_and_coordinators_fte,Model 4: Central+Coord Footprint (Peer),,3.2352002315720587,-0.3852002315720586,-0.04713529269419453,641.0,5.0,,,2.85
2018-2019,2923010,OAK GROVE R-VI,MO,central_mgmt_and_coordinators_fte,Model 4: Central+Coord Footprint (Peer),,4.421792240898319,1.578207759101681,0.1931184837400357,2003.0,4.0,,,6.0
2018-2019,2923220,ORRICK R-XI,MO,central_mgmt_and_coordinators_fte,Model 4: Central+Coord Footprint (Peer),,2.9601839341671705,-0.9601839341671705,-0.117493571051414,293.0,2.0,,,2.0
2018-2019,2923550,PARK HILL,MO,central_mgmt_and_coordinators_fte,Model 4: Central+Coord Footprint (Peer),,23.310787078272412,-13.410787078272412,-1.641020234110743,12038.0,18.0,,,9.9
2018-2019,2925230,PLATTE CO. R-III,MO,central_mgmt_and_coordinators_fte,Model 4: Central+Coord Footprint (Peer),,8.853397054095483,0.14660294590451706,0.017939170848467953,4244.0,7.0,,,9.0
2018-2019,2925330,PLEASANT HILL R-III,MO,central_mgmt_and_coordinators_fte,Model 4: Central+Coord Footprint (Peer),,4.397904108053496,2.4820958919465035,0.3037233801352749,2224.0,5.0,,,6.88
2018-2019,2923730,RAYMORE-PECULIAR R-II,MO,central_mgmt_and_coordinators_fte,Model 4: Central+Coord Footprint (Peer),,10.562937837553113,2.5770621624468877,0.3153439934922383,6402.0,11.0,,,13.14
2018-2019,2926070,RAYTOWN C-2,MO,central_mgmt_and_coordinators_fte,Model 4: Central+Coord Footprint (Peer),,12.854777304002198,17.145222695997802,2.0979870307576007,8854.0,20.0,,,30.0
2018-2019,2926480,RICHMOND R-XVI,MO,central_mgmt_and_coordinators_fte,Model 4: Central+Coord Footprint (Peer),,4.193709934161441,0.9162900658385587,0.11212246750169425,1480.0,4.0,,,5.109999999999999
2018-2019,2910320,SHERWOOD CASS R-VIII,MO,central_mgmt_and_coordinators_fte,Model 4: Central+Coord Footprint (Peer),,3.1346192889263396,0.6653807110736603,0.08141977080733209,805.0,3.0,,,3.8
2018-2019,2928410,SMITHVILLE R-II,MO,central_mgmt_and_coordinators_fte,Model 4: Central+Coord Footprint (Peer),,5.524273684823054,1.5757263151769454,0.192814840138319,2637.0,4.0,,,7.1
2018-2019,2929670,STRASBURG C-3,MO,central_mgmt_and_coordinators_fte,Model 4: Central+Coord Footprint (Peer),,2.5486876756402306,-1.5486876756402306,-0.18950623831475685,132.0,1.0,,,1.0
2018-2019,2931710,WEST PLATTE CO. R-II,MO,central_mgmt_and_coordinators_fte,Model 4: Central+Coord Footprint (Peer),,3.6627443730686675,1.3372556269313325,0.1636342094736662,699.0,2.0,,,5.0
2019-2020,2003780,Basehor-Linwood,KS,central_mgmt_and_coordinators_fte,Model 4: Central+Coord Footprint (Peer),,7.723798178631733,-2.5237981786317327,-0.3088263092817694,2832.0,5.0,,,5.2
2019-2020,2012000,Blue Valley,KS,central_mgmt_and_coordinators_fte,Model 4: Central+Coord Footprint (Peer),,40.41849213649592,12.83150786350408,1.5701363324361908,22887.0,35.0,,,53.25
2019-2020,2004050,Bonner Springs,KS,central_mgmt_and_coordinators_fte,Model 4: Central+Coord Footprint (Peer),,8.690505848207229,-0.36050584820722875,-0.044113547398109056,2764.0,5.0,,,8.33
2019-2020,2005490,De Soto,KS,central_mgmt_and_coordinators_fte,Model 4: Central+Coord Footprint (Peer),,17.015079761873707,-7.015079761873707,-0.8584050858421725,7467.0,12.0,,,10.0
2019-2020,2005640,Easton,KS,central_mgmt_and_coordinators_fte,Model 4: Central+Coord Footprint (Peer),,5.1051057116948675,-3.1051057116948675,-0.3799584075270046,655.0,3.0,,,2.0
2019-2020,2006330,Ft Leavenworth,KS,central_mgmt_and_coordinators_fte,Model 4: Central+Coord Footprint (Peer),,7.416967766987009,2.5830322330129913,0.31607452530523816,1817.0,4.0,,,10.0
2019-2020,2006420,Gardner Edgerton,KS,central_mgmt_and_coordinators_fte,Model 4: Central+Coord Footprint (Peer),,11.737453234629786,-10.237453234629786,-1.252713044039629,6173.0,11.0,,,1.5
2019-2020,2007950,Kansas City,KS,central_mgmt_and_coordinators_fte,Model 4: Central+Coord Footprint (Peer),,107.59770341616662,8.012296583833376,0.9804302118157805,23690.0,44.0,,,115.61
2019-2020,2008340,Lansing,KS,central_mgmt_and_coordinators_fte,Model 4: Central+Coord Footprint (Peer),,6.884485154910649,-3.8844851549106494,-0.4753277120206393,2654.0,4.0,,,3.0
2019-2020,2008430,Leavenworth,KS,central_mgmt_and_coordinators_fte,Model 4: Central+Coord Footprint (Peer),,7.832275235593411,3.1677247644065893,0.3876208312118358,3814.0,7.0,,,11.0
2019-2020,2008970,Louisburg,KS,central_mgmt_and_coordinators_fte,Model 4: Central+Coord Footprint (Peer),,6.628770413799565,-5.528770413799565,-0.6765318147133449,1804.0,4.0,,,1.1
2019-2020,2010140,Olathe,KS,central_mgmt_and_coordinators_fte,Model 4: Central+Coord Footprint (Peer),,66.12224482605421,-13.42224482605421,-1.642422269340855,30164.0,51.0,,,52.7
2019-2020,2010260,Osawatomie,KS,central_mgmt_and_coordinators_fte,Model 4: Central+Coord Footprint (Peer),,4.365281283480977,-1.3652812834809769,-0.16706358831651702,1156.0,4.0,,,3.0
2019-2020,2010500,Paola,KS,central_mgmt_and_coordinators_fte,Model 4: Central+Coord Footprint (Peer),,5.531275998738302,-0.5312759987383018,-0.06500995495182056,1941.0,4.0,,,5.0
2019-2020,2010680,Piper-Kansas City,KS,central_mgmt_and_coordinators_fte,Model 4: Central+Coord Footprint (Peer),,8.66165310247425,-4.661653102474251,-0.570426405319592,2560.0,4.0,,,4.0
2019-2020,2011640,Shawnee Mission Pub Sch,KS,central_mgmt_and_coordinators_fte,Model 4: Central+Coord Footprint (Peer),,66.07698422959895,23.92301577040105,2.927356367008684,27587.0,44.0,,,90.0
2019-2020,2011850,Spring Hill,KS,central_mgmt_and_coordinators_fte,Model 4: Central+Coord Footprint (Peer),,8.464159667250392,8.035840332749608,0.9833111589319237,4457.0,9.0,,,16.5
2019-2020,2012210,Tonganoxie,KS,central_mgmt_and_coordinators_fte,Model 4: Central+Coord Footprint (Peer),,7.341692249826178,-2.6416922498261775,-0.32325249882475476,1969.0,3.0,,,4.7
2019-2020,2012360,Turner-Kansas City,KS,central_mgmt_and_coordinators_fte,Model 4: Central+Coord Footprint (Peer),,15.276071783586168,-3.2760717835861684,-0.40087878913343594,3986.0,7.0,,,12.0
2019-2020,2903200,ARCHIE R-V,MO,central_mgmt_and_coordinators_fte,Model 4: Central+Coord Footprint (Peer),,3.5591188850356703,-2.18911888503567,-0.26787304609717644,505.0,2.0,,,1.37
2019-2020,2904620,BELTON 124,MO,central_mgmt_and_coordinators_fte,Model 4: Central+Coord Footprint (Peer),,8.709014229933901,3.790985770066099,0.4638865951412726,4680.0,8.0,,,12.5
2019-2020,2905310,BLUE SPRINGS R-IV,MO,central_mgmt_and_coordinators_fte,Model 4: Central+Coord Footprint (Peer),,17.636016792032127,10.463983207967875,1.2804325408678687,14669.0,22.0,,,28.1
2019-2020,2908250,CENTER 58,MO,central_mgmt_and_coordinators_fte,Model 4: Central+Coord Footprint (Peer),,7.025873547091029,1.3941264529089707,0.17059324741940304,2644.0,8.0,,,8.42
2019-2020,2911070,DREXEL R-IV,MO,central_mgmt_and_coordinators_fte,Model 4: Central+Coord Footprint (Peer),,3.2314577485784417,-2.2314577485784417,-0.2730538704110237,291.0,2.0,,,1.0
2019-2020,2911160,EAST LYNNE 40,MO,central_mgmt_and_coordinators_fte,Model 4: Central+Coord Footprint (Peer),,3.11686090528634,-3.11686090528634,-0.38139683991929496,103.0,1.0,,,0.0
2019-2020,2911650,EXCELSIOR SPRINGS 40,MO,central_mgmt_and_coordinators_fte,Model 4: Central+Coord Footprint (Peer),,6.318466188535028,11.681533811464972,1.429418962375492,2655.0,7.0,,,18.0
2019-2020,2912290,FORT OSAGE R-I,MO,central_mgmt_and_coordinators_fte,Model 4: Central+Coord Footprint (Peer),,8.513737694481327,6.586262305518673,0.8059325412770131,5042.0,11.0,,,15.1
2019-2020,2913080,GRAIN VALLEY R-V,MO,central_mgmt_and_coordinators_fte,Model 4: Central+Coord Footprint (Peer),,8.819877540596853,2.3801224594031467,0.2912453305496176,4416.0,8.0,,,11.2
2019-2020,2913140,GRANDVIEW C-4,MO,central_mgmt_and_coordinators_fte,Model 4: Central+Coord Footprint (Peer),,10.719073870972519,0.28092612902748115,0.03437572003297282,4256.0,9.0,,,11.0
2019-2020,2913680,HARDIN-CENTRAL C-2,MO,central_mgmt_and_coordinators_fte,Model 4: Central+Coord Footprint (Peer),,3.43096314447192,-2.43096314447192,-0.29746648613332527,230.0,2.0,,,1.0
2019-2020,2913760,HARRISONVILLE R-IX,MO,central_mgmt_and_coordinators_fte,Model 4: Central+Coord Footprint (Peer),,6.730944329242516,2.269055670757484,0.27765456615663664,2395.0,7.0,,,9.0
2019-2020,2914340,HICKMAN MILLS C-1,MO,central_mgmt_and_coordinators_fte,Model 4: Central+Coord Footprint (Peer),,8.675253532662804,10.124746467337197,1.2389216025255059,5543.0,11.0,,,18.8
2019-2020,2915480,INDEPENDENCE 30,MO,central_mgmt_and_coordinators_fte,Model 4: Central+Coord Footprint (Peer),,29.58486531664673,0.8151346833532678,0.09974451917705664,14711.0,30.0,,,30.4
2019-2020,2916400,KANSAS CITY 33,MO,central_mgmt_and_coordinators_fte,Model 4: Central+Coord Footprint (Peer),,42.205170745788045,-4.205170745788045,-0.5145686260957107,15147.0,35.0,,,38.0
2019-2020,2916450,KEARNEY R-I,MO,central_mgmt_and_coordinators_fte,Model 4: Central+Coord Footprint (Peer),,7.607911588682258,1.3920884113177419,0.17034386105082933,3580.0,8.0,,,9.0
2019-2020,2918220,LAWSON R-XIV,MO,central_mgmt_and_coordinators_fte,Model 4: Central+Coord Footprint (Peer),,4.2342617442268535,-1.7342617442268535,-0.21221413753793453,1126.0,3.0,,,2.5
2019-2020,2918300,LEE'S SUMMIT R-VII,MO,central_mgmt_and_coordinators_fte,Model 4: Central+Coord Footprint (Peer),,28.520063252472337,-13.600063252472337,-1.6641811440472207,18220.0,27.0,,,14.92
2019-2020,2918540,LIBERTY 53,MO,central_mgmt_and_coordinators_fte,Model 4: Central+Coord Footprint (Peer),,18.53119275403018,-6.42119275403018,-0.7857336914669916,12583.0,20.0,,,12.11
2019-2020,2919230,LONE JACK C-6,MO,central_mgmt_and_coordinators_fte,Model 4: Central+Coord Footprint (Peer),,3.8655761312234604,-1.7355761312234605,-0.21237497341164538,730.0,2.0,,,2.13
2019-2020,2931800,MIDWAY R-I,MO,central_mgmt_and_coordinators_fte,Model 4: Central+Coord Footprint (Peer),,3.4947151455232146,-2.044715145523215,-0.25020298265957824,441.0,2.0,,,1.45
2019-2020,2921060,MISSOURI CITY 56,MO,central_mgmt_and_coordinators_fte,Model 4: Central+Coord Footprint (Peer),,3.0248999194563,-3.0248999194563,-0.3701439702991095,0.0,1.0,,,0.0
2019-2020,2922800,NORTH KANSAS CITY 74,MO,central_mgmt_and_coordinators_fte,Model 4: Central+Coord Footprint (Peer),,41.69194222013099,-11.231942220130989,-1.3744043764187552,20342.0,34.0,,,30.46
2019-2020,2922830,NORTH PLATTE CO. R-I,MO,central_mgmt_and_coordinators_fte,Model 4: Central+Coord Footprint (Peer),,3.771248294832227,-0.9112482948322271,-0.1115055277062256,588.0,5.0,,,2.86
2019-2020,2923010,OAK GROVE R-VI,MO,central_mgmt_and_coordinators_fte,Model 4: Central+Coord Footprint (Peer),,4.872286562160271,1.1277134378397289,0.13799343461144403,2022.0,4.0,,,6.0
2019-2020,2923220,ORRICK R-XI,MO,central_mgmt_and_coordinators_fte,Model 4: Central+Coord Footprint (Peer),,3.4588867583523357,-1.4588867583523357,-0.1785176869753731,280.0,2.0,,,2.0
2019-2020,2923550,PARK HILL,MO,central_mgmt_and_coordinators_fte,Model 4: Central+Coord Footprint (Peer),,25.46128381913541,-15.56128381913541,-1.9041672548298278,12138.0,18.0,,,9.9
2019-2020,2925230,PLATTE CO. R-III,MO,central_mgmt_and_coordinators_fte,Model 4: Central+Coord Footprint (Peer),,9.769025663147735,-0.769025663147735,-0.0941023570361864,4338.0,7.0,,,9.0
2019-2020,2925330,PLEASANT HILL R-III,MO,central_mgmt_and_coordinators_fte,Model 4: Central+Coord Footprint (Peer),,4.301880460914063,2.578119539085937,0.3154733801158293,2248.0,5.0,,,6.88
2019-2020,2923730,RAYMORE-PECULIAR R-II,MO,central_mgmt_and_coordinators_fte,Model 4: Central+Coord Footprint (Peer),,11.650673301020593,4.229326698979408,0.5175244860113067,6460.0,11.0,,,15.88
2019-2020,2926070,RAYTOWN C-2,MO,central_mgmt_and_coordinators_fte,Model 4: Central+Coord Footprint (Peer),,12.583202525963255,15.926797474036746,1.9488935859568548,8552.0,20.0,,,28.51
2019-2020,2926480,RICHMOND R-XVI,MO,central_mgmt_and_coordinators_fte,Model 4: Central+Coord Footprint (Peer),,4.773445926987624,-0.9834459269876241,-0.12034004088806886,1483.0,4.0,,,3.79
2019-2020,2910320,SHERWOOD CASS R-VIII,MO,central_mgmt_and_coordinators_fte,Model 4: Central+Coord Footprint (Peer),,3.6197693418477748,1.3802306581522252,0.16889287888534332,815.0,3.0,,,5.0
2019-2020,2928410,SMITHVILLE R-II,MO,central_mgmt_and_coordinators_fte,Model 4: Central+Coord Footprint (Peer),,5.898858097310434,0.20114190268956555,0.024612868008014935,2675.0,5.0,,,6.1
2019-2020,2929670,STRASBURG C-3,MO,central_mgmt_and_coordinators_fte,Model 4: Central+Coord Footprint (Peer),,3.1554747559945517,-2.1554747559945517,-0.26375615898285054,120.0,1.0,,,1.0
2019-2020,2931710,WEST PLATTE CO. R-II,MO,central_mgmt_and_coordinators_fte,Model 4: Central+Coord Footprint (Peer),,4.246707265232244,-0.8167072652322438,-0.09993694924608491,700.0,2.0,,,3.43
2020-2021,2003780,Basehor-Linwood,KS,central_mgmt_and_coordinators_fte,Model 4: Central+Coord Footprint (Peer),,8.895380557737097,1.0046194422629036,0.12293095272577008,2905.0,5.0,,,9.9
2020-2021,2012000,Blue Valley,KS,central_mgmt_and_coordinators_fte,Model 4: Central+Coord Footprint (Peer),,38.97100144714275,3.528998552857253,0.43182834814884735,22148.0,35.0,,,42.5
2020-2021,2004050,Bonner Springs,KS,central_mgmt_and_coordinators_fte,Model 4: Central+Coord Footprint (Peer),,9.440375574072796,-1.1103755740727959,-0.1358718749228342,2634.0,5.0,,,8.33
2020-2021,2005490,De Soto,KS,central_mgmt_and_coordinators_fte,Model 4: Central+Coord Footprint (Peer),,18.02799694757307,-11.027996947573069,-1.3494484721183275,7112.0,12.0,,,7.0
2020-2021,2005640,Easton,KS,central_mgmt_and_coordinators_fte,Model 4: Central+Coord Footprint (Peer),,6.050764164462212,-4.050764164462212,-0.4956745580028632,651.0,3.0,,,2.0
2020-2021,2006330,Ft Leavenworth,KS,central_mgmt_and_coordinators_fte,Model 4: Central+Coord Footprint (Peer),,8.524604676112048,1.4753953238879518,0.18053776901246552,1534.0,4.0,,,10.0
2020-2021,2006420,Gardner Edgerton,KS,central_mgmt_and_coordinators_fte,Model 4: Central+Coord Footprint (Peer),,13.273414909628915,-9.773414909628915,-1.19593067352813,5831.0,11.0,,,3.5
2020-2021,2007950,Kansas City,KS,central_mgmt_and_coordinators_fte,Model 4: Central+Coord Footprint (Peer),,103.51619771016934,2.4838022898306633,0.3039321846923085,22140.0,43.0,,,106.0
2020-2021,2008340,Lansing,KS,central_mgmt_and_coordinators_fte,Model 4: Central+Coord Footprint (Peer),,7.931666366708015,-5.531666366708015,-0.676886179993478,2564.0,4.0,,,2.4
2020-2021,2008430,Leavenworth,KS,central_mgmt_and_coordinators_fte,Model 4: Central+Coord Footprint (Peer),,7.86490297192045,-2.8649029719204497,-0.3505658331793523,3607.0,7.0,,,5.0
2020-2021,2008970,Louisburg,KS,central_mgmt_and_coordinators_fte,Model 4: Central+Coord Footprint (Peer),,7.5924334137837635,-6.492433413783763,-0.7944511040591605,1687.0,4.0,,,1.1
2020-2021,2010140,Olathe,KS,central_mgmt_and_coordinators_fte,Model 4: Central+Coord Footprint (Peer),,69.91486641248166,-2.6648664124816577,-0.32608822126253995,29128.0,51.0,,,67.25
2020-2021,2010260,Osawatomie,KS,central_mgmt_and_coordinators_fte,Model 4: Central+Coord Footprint (Peer),,5.236114948325857,-2.2361149483258567,-0.27362375187847204,1090.0,4.0,,,3.0
2020-2021,2010500,Paola,KS,central_mgmt_and_coordinators_fte,Model 4: Central+Coord Footprint (Peer),,6.623458541613281,-2.1234585416132807,-0.2598384727715457,1779.0,4.0,,,4.5
2020-2021,2010680,Piper-Kansas City,KS,central_mgmt_and_coordinators_fte,Model 4: Central+Coord Footprint (Peer),,9.816877738979201,-5.816877738979201,-0.7117862667791227,2561.0,4.0,,,4.0
2020-2021,2011640,Shawnee Mission Pub Sch,KS,central_mgmt_and_coordinators_fte,Model 4: Central+Coord Footprint (Peer),,66.17167041051762,50.82832958948238,6.219643696940669,26117.0,44.0,,,117.0
2020-2021,2011850,Spring Hill,KS,central_mgmt_and_coordinators_fte,Model 4: Central+Coord Footprint (Peer),,8.947210113486495,1.052789886513505,0.12882536244534662,5836.0,9.0,,,10.0
2020-2021,2012210,Tonganoxie,KS,central_mgmt_and_coordinators_fte,Model 4: Central+Coord Footprint (Peer),,8.356765199258913,-3.4567651992589123,-0.4229894638879377,1897.0,3.0,,,4.9
2020-2021,2012360,Turner-Kansas City,KS,central_mgmt_and_coordinators_fte,Model 4: Central+Coord Footprint (Peer),,16.22429789602672,-3.2242978960267195,-0.39454344158166677,3856.0,7.0,,,13.0
2020-2021,2903200,ARCHIE R-V,MO,central_mgmt_and_coordinators_fte,Model 4: Central+Coord Footprint (Peer),,4.259592533123437,-2.8695925331234378,-0.3511396745786891,500.0,2.0,,,1.39
2020-2021,2904620,BELTON 124,MO,central_mgmt_and_coordinators_fte,Model 4: Central+Coord Footprint (Peer),,9.471504077209614,4.188495922790386,0.5125281998493119,4583.0,8.0,,,13.66
2020-2021,2905310,BLUE SPRINGS R-IV,MO,central_mgmt_and_coordinators_fte,Model 4: Central+Coord Footprint (Peer),,18.72605749634546,13.993942503654537,1.7123784509773703,14687.0,22.0,,,32.72
2020-2021,2908250,CENTER 58,MO,central_mgmt_and_coordinators_fte,Model 4: Central+Coord Footprint (Peer),,8.44367708724141,1.7263229127585902,0.21124269693578504,2507.0,8.0,,,10.17
2020-2021,2911070,DREXEL R-IV,MO,central_mgmt_and_coordinators_fte,Model 4: Central+Coord Footprint (Peer),,3.9742412952482122,-2.9742412952482122,-0.3639450927185109,275.0,2.0,,,1.0
2020-2021,2911160,EAST LYNNE 40,MO,central_mgmt_and_coordinators_fte,Model 4: Central+Coord Footprint (Peer),,3.987337810706936,-3.987337810706936,-0.4879133483676058,138.0,1.0,,,0.0
2020-2021,2911650,EXCELSIOR SPRINGS 40,MO,central_mgmt_and_coordinators_fte,Model 4: Central+Coord Footprint (Peer),,7.37174677183047,6.62825322816953,0.8110707895630274,2693.0,8.0,,,14.0
2020-2021,2912290,FORT OSAGE R-I,MO,central_mgmt_and_coordinators_fte,Model 4: Central+Coord Footprint (Peer),,9.841822660871912,5.258177339128087,0.6434205060217347,4872.0,11.0,,,15.1
2020-2021,2913080,GRAIN VALLEY R-V,MO,central_mgmt_and_coordinators_fte,Model 4: Central+Coord Footprint (Peer),,9.711668161983022,1.7783318380169781,0.2176068050381085,4503.0,8.0,,,11.49
2020-2021,2913140,GRANDVIEW C-4,MO,central_mgmt_and_coordinators_fte,Model 4: Central+Coord Footprint (Peer),,11.356542368556136,-0.9565423685561356,-0.11704796835735348,3750.0,9.0,,,10.4
2020-2021,2913680,HARDIN-CENTRAL C-2,MO,central_mgmt_and_coordinators_fte,Model 4: Central+Coord Footprint (Peer),,4.044379480390142,-3.044379480390142,-0.3725276002424868,237.0,2.0,,,1.0
2020-2021,2913760,HARRISONVILLE R-IX,MO,central_mgmt_and_coordinators_fte,Model 4: Central+Coord Footprint (Peer),,7.319772805211857,1.6802271947881433,0.2056021625321093,2277.0,7.0,,,9.0
2020-2021,2914340,HICKMAN MILLS C-1,MO,central_mgmt_and_coordinators_fte,Model 4: Central+Coord Footprint (Peer),,10.164939873396078,16.635060126603925,2.035560635187004,5007.0,12.0,,,26.8
2020-2021,2915480,INDEPENDENCE 30,MO,central_mgmt_and_coordinators_fte,Model 4: Central+Coord Footprint (Peer),,30.589655231714076,1.3103447682859226,0.16034124364722638,14240.0,31.0,,,31.9
2020-2021,2916400,KANSAS CITY 33,MO,central_mgmt_and_coordinators_fte,Model 4: Central+Coord Footprint (Peer),,40.10379154339503,6.896208456604967,0.843859316375949,14113.0,35.0,,,47.0
2020-2021,2916450,KEARNEY R-I,MO,central_mgmt_and_coordinators_fte,Model 4: Central+Coord Footprint (Peer),,8.458501972831776,-1.458501972831776,-0.17847060242907872,3570.0,9.0,,,7.0
2020-2021,2918220,LAWSON R-XIV,MO,central_mgmt_and_coordinators_fte,Model 4: Central+Coord Footprint (Peer),,5.0699498084593255,-2.5699498084593255,-0.3144736853785067,1109.0,3.0,,,2.5
2020-2021,2918300,LEE'S SUMMIT R-VII,MO,central_mgmt_and_coordinators_fte,Model 4: Central+Coord Footprint (Peer),,28.89905038025513,-10.69905038025513,-1.3091966979488172,17790.0,27.0,,,18.2
2020-2021,2918540,LIBERTY 53,MO,central_mgmt_and_coordinators_fte,Model 4: Central+Coord Footprint (Peer),,19.499878936641455,-6.059878936641455,-0.7415212763612951,12632.0,20.0,,,13.44
2020-2021,2919230,LONE JACK C-6,MO,central_mgmt_and_coordinators_fte,Model 4: Central+Coord Footprint (Peer),,4.786858260053724,-1.5268582600537242,-0.18683506678193104,738.0,2.0,,,3.26
2020-2021,2931800,MIDWAY R-I,MO,central_mgmt_and_coordinators_fte,Model 4: Central+Coord Footprint (Peer),,4.2204168910953275,-3.2704168910953273,-0.4001868243035546,430.0,2.0,,,0.95
2020-2021,2921060,MISSOURI CITY 56,MO,central_mgmt_and_coordinators_fte,Model 4: Central+Coord Footprint (Peer),,3.872227831247286,-3.872227831247286,-0.47382783613488966,27.0,1.0,,,0.0
2020-2021,2922800,NORTH KANSAS CITY 74,MO,central_mgmt_and_coordinators_fte,Model 4: Central+Coord Footprint (Peer),,47.05518710837114,-3.8551871083711404,-0.4717426362968477,19673.0,34.0,,,43.2
2020-2021,2922830,NORTH PLATTE CO. R-I,MO,central_mgmt_and_coordinators_fte,Model 4: Central+Coord Footprint (Peer),,4.6129834515376835,-1.8529834515376837,-0.22674160134659438,580.0,5.0,,,2.76
2020-2021,2923010,OAK GROVE R-VI,MO,central_mgmt_and_coordinators_fte,Model 4: Central+Coord Footprint (Peer),,5.740344257974229,1.259655742025771,0.1541386458985046,1985.0,4.0,,,7.0
2020-2021,2923220,ORRICK R-XI,MO,central_mgmt_and_coordinators_fte,Model 4: Central+Coord Footprint (Peer),,4.335256143238393,-2.335256143238393,-0.2857552327480011,254.0,2.0,,,2.0
2020-2021,2923550,PARK HILL,MO,central_mgmt_and_coordinators_fte,Model 4: Central+Coord Footprint (Peer),,26.954769761235024,-18.284769761235026,-2.237428495368244,11992.0,20.0,,,8.67
2020-2021,2925230,PLATTE CO. R-III,MO,central_mgmt_and_coordinators_fte,Model 4: Central+Coord Footprint (Peer),,11.297781415170357,-2.2977814151703573,-0.2811696117349676,4269.0,7.0,,,9.0
2020-2021,2925330,PLEASANT HILL R-III,MO,central_mgmt_and_coordinators_fte,Model 4: Central+Coord Footprint (Peer),,5.321888248552485,-0.6118882485524848,-0.07487412864201276,2161.0,5.0,,,4.71
2020-2021,2923730,RAYMORE-PECULIAR R-II,MO,central_mgmt_and_coordinators_fte,Model 4: Central+Coord Footprint (Peer),,13.208573996149816,0.8014260038501835,0.09806704713039742,6290.0,11.0,,,14.01
2020-2021,2926070,RAYTOWN C-2,MO,central_mgmt_and_coordinators_fte,Model 4: Central+Coord Footprint (Peer),,14.173911998448283,15.306088001551718,1.8729400421486448,7906.0,20.0,,,29.48
2020-2021,2926480,RICHMOND R-XVI,MO,central_mgmt_and_coordinators_fte,Model 4: Central+Coord Footprint (Peer),,5.625443146428417,-0.22544314642841634,-0.02758650650191968,1446.0,4.0,,,5.4
2020-2021,2910320,SHERWOOD CASS R-VIII,MO,central_mgmt_and_coordinators_fte,Model 4: Central+Coord Footprint (Peer),,4.452357543215966,-1.5023575432159655,-0.18383701962434698,793.0,3.0,,,2.95
2020-2021,2928410,SMITHVILLE R-II,MO,central_mgmt_and_coordinators_fte,Model 4: Central+Coord Footprint (Peer),,7.109801551771726,1.5901984482282732,0.19458573270632115,2643.0,5.0,,,8.7
2020-2021,2929670,STRASBURG C-3,MO,central_mgmt_and_coordinators_fte,Model 4: Central+Coord Footprint (Peer),,4.0487962486375695,-3.0487962486375695,-0.37306806114318586,119.0,1.0,,,1.0
2020-2021,2931710,WEST PLATTE CO. R-II,MO,central_mgmt_and_coordinators_fte,Model 4: Central+Coord Footprint (Peer),,5.179291851460128,-1.7492918514601281,-0.21405330700253802,666.0,2.0,,,3.43
2023-2024,2003780,Basehor-Linwood,KS,central_mgmt_and_coordinators_fte,Model 4: Central+Coord Footprint (Peer),,15.35378801432782,-1.6537880143278212,-0.20236691393294334,3097.0,7.0,,,13.7
2023-2024,2012000,Blue Valley,KS,central_mgmt_and_coordinators_fte,Model 4: Central+Coord Footprint (Peer),,51.21770775723738,-11.817707757237379,-1.4460819814113597,22393.0,37.0,,,39.4
2023-2024,2004050,Bonner Springs,KS,central_mgmt_and_coordinators_fte,Model 4: Central+Coord Footprint (Peer),,16.40954882012354,-6.509548820123539,-0.7965454425908717,2560.0,5.0,,,9.9
2023-2024,2005490,De Soto,KS,central_mgmt_and_coordinators_fte,Model 4: Central+Coord Footprint (Peer),,24.541804345610696,-15.341804345610697,-1.8773104972865247,7364.0,13.0,,,9.2
2023-2024,2005640,Easton,KS,central_mgmt_and_coordinators_fte,Model 4: Central+Coord Footprint (Peer),,12.452969951099227,-10.452969951099227,-1.2790848960757006,674.0,3.0,,,2.0
2023-2024,2006330,Fort Leavenworth,KS,central_mgmt_and_coordinators_fte,Model 4: Central+Coord Footprint (Peer),,15.379497888196148,-3.3794978881961484,-0.4135345959410178,1648.0,4.0,,,12.0
2023-2024,2006420,Gardner Edgerton,KS,central_mgmt_and_coordinators_fte,Model 4: Central+Coord Footprint (Peer),,18.3206991557822,-10.3206991557822,-1.2628994887442524,5895.0,11.0,,,8.0
2023-2024,2007950,Kansas City,KS,central_mgmt_and_coordinators_fte,Model 4: Central+Coord Footprint (Peer),,103.9940234674598,8.8059765325402,1.077549407552326,21132.0,43.0,,,112.8
2023-2024,2008340,Lansing,KS,central_mgmt_and_coordinators_fte,Model 4: Central+Coord Footprint (Peer),,13.299868013035002,-0.29986801303500243,-0.03669355676746859,2511.0,4.0,,,13.0
2023-2024,2008430,Leavenworth,KS,central_mgmt_and_coordinators_fte,Model 4: Central+Coord Footprint (Peer),,13.127326995262102,2.872673004737898,0.35151661861787403,3457.0,8.0,,,16.0
2023-2024,2008970,Louisburg,KS,central_mgmt_and_coordinators_fte,Model 4: Central+Coord Footprint (Peer),,14.084828897745366,-12.084828897745366,-1.4787684444782845,1760.0,5.0,,,2.0
2023-2024,2010140,Olathe,KS,central_mgmt_and_coordinators_fte,Model 4: Central+Coord Footprint (Peer),,74.51525840114095,23.034741598859043,2.8186620837849903,28590.0,52.0,,,97.55
2023-2024,2010260,Osawatomie,KS,central_mgmt_and_coordinators_fte,Model 4: Central+Coord Footprint (Peer),,11.775465116591,-5.7754651165910005,-0.7067187826046308,1047.0,5.0,,,6.0
2023-2024,2010500,Paola,KS,central_mgmt_and_coordinators_fte,Model 4: Central+Coord Footprint (Peer),,13.253753860960924,-10.633753860960923,-1.301206644214208,1810.0,4.0,,,2.62
2023-2024,2010680,Piper-Kansas City,KS,central_mgmt_and_coordinators_fte,Model 4: Central+Coord Footprint (Peer),,17.280936332184808,-6.280936332184808,-0.7685711174235091,2774.0,4.0,,,11.0
2023-2024,2011640,Shawnee Mission Pub Sch,KS,central_mgmt_and_coordinators_fte,Model 4: Central+Coord Footprint (Peer),,67.6385676706058,69.07143232939418,8.451973578432826,26464.0,45.0,,,136.70999999999998
2023-2024,2011850,Spring Hill,KS,central_mgmt_and_coordinators_fte,Model 4: Central+Coord Footprint (Peer),,16.074132975640705,-1.5741329756407048,-0.19261987004420605,5633.0,11.0,,,14.5
2023-2024,2012210,Tonganoxie,KS,central_mgmt_and_coordinators_fte,Model 4: Central+Coord Footprint (Peer),,14.82872119496877,0.07127880503123052,0.008722080265444947,2010.0,3.0,,,14.9
2023-2024,2012360,Turner-Kansas City,KS,central_mgmt_and_coordinators_fte,Model 4: Central+Coord Footprint (Peer),,21.731101142027818,-7.731101142027818,-0.9460215371384941,3901.0,8.0,,,14.0
2023-2024,2903200,ARCHIE R-V,MO,central_mgmt_and_coordinators_fte,Model 4: Central+Coord Footprint (Peer),,3.136488092311783,-2.136488092311783,-0.2614328427524289,524.0,2.0,,,1.0
2023-2024,2904620,BELTON 124,MO,central_mgmt_and_coordinators_fte,Model 4: Central+Coord Footprint (Peer),,7.895531507575473,10.614468492424528,1.2988467767578245,4205.0,8.0,,,18.51
2023-2024,2905310,BLUE SPRINGS R-IV,MO,central_mgmt_and_coordinators_fte,Model 4: Central+Coord Footprint (Peer),,21.197665149556716,9.362334850443283,1.1456285778326427,14744.0,21.0,,,30.56
2023-2024,2908250,CENTER 58,MO,central_mgmt_and_coordinators_fte,Model 4: Central+Coord Footprint (Peer),,6.950857054376122,1.1691429456238787,0.14306298497908707,2454.0,8.0,,,8.120000000000001
2023-2024,2911070,DREXEL R-IV,MO,central_mgmt_and_coordinators_fte,Model 4: Central+Coord Footprint (Peer),,3.1483677686232237,-2.1483677686232237,-0.2628865075588253,274.0,2.0,,,1.0
2023-2024,2911160,EAST LYNNE 40,MO,central_mgmt_and_coordinators_fte,Model 4: Central+Coord Footprint (Peer),,3.111264697804715,-2.111264697804715,-0.25834636464212335,166.0,1.0,,,1.0
2023-2024,2911650,EXCELSIOR SPRINGS 40,MO,central_mgmt_and_coordinators_fte,Model 4: Central+Coord Footprint (Peer),,6.189504478939169,7.810495521060831,0.9557366852284165,2638.0,8.0,,,14.0
2023-2024,2912290,FORT OSAGE R-I,MO,central_mgmt_and_coordinators_fte,Model 4: Central+Coord Footprint (Peer),,8.433056320134048,1.7669436798659515,0.21621328519128566,4796.0,11.0,,,10.2
2023-2024,2913080,GRAIN VALLEY R-V,MO,central_mgmt_and_coordinators_fte,Model 4: Central+Coord Footprint (Peer),,9.32296694019775,4.137033059802251,0.5062309110342785,4448.0,8.0,,,13.46
2023-2024,2913140,GRANDVIEW C-4,MO,central_mgmt_and_coordinators_fte,Model 4: Central+Coord Footprint (Peer),,12.25334584923653,-1.4533458492365288,-0.17783966979999496,3689.0,9.0,,,10.8
2023-2024,2913680,HARDIN-CENTRAL C-2,MO,central_mgmt_and_coordinators_fte,Model 4: Central+Coord Footprint (Peer),,3.254220427212342,-2.254220427212342,-0.2758392413219757,224.0,2.0,,,1.0
2023-2024,2913760,HARRISONVILLE R-IX,MO,central_mgmt_and_coordinators_fte,Model 4: Central+Coord Footprint (Peer),,6.340862134196151,5.409137865803849,0.6618928952544518,2208.0,7.0,,,11.75
2023-2024,2914340,HICKMAN MILLS C-1,MO,central_mgmt_and_coordinators_fte,Model 4: Central+Coord Footprint (Peer),,10.593139300849462,10.406860699150538,1.2734427055774187,4981.0,13.0,,,21.0
2023-2024,2915480,INDEPENDENCE 30,MO,central_mgmt_and_coordinators_fte,Model 4: Central+Coord Footprint (Peer),,31.718898564334836,0.281101435665164,0.034397171550913735,14168.0,31.0,,,32.0
2023-2024,2916400,KANSAS CITY 33,MO,central_mgmt_and_coordinators_fte,Model 4: Central+Coord Footprint (Peer),,58.69244304527797,-10.992443045277966,-1.3450978942792098,14694.0,33.0,,,47.7
2023-2024,2916450,KEARNEY R-I,MO,central_mgmt_and_coordinators_fte,Model 4: Central+Coord Footprint (Peer),,7.487648653909638,1.7123513460903617,0.209533056519382,3500.0,9.0,,,9.2
2023-2024,2918220,LAWSON R-XIV,MO,central_mgmt_and_coordinators_fte,Model 4: Central+Coord Footprint (Peer),,4.167156858073788,-2.1671568580737883,-0.26518564748170487,1114.0,3.0,,,2.0
2023-2024,2918300,LEE'S SUMMIT R-VII,MO,central_mgmt_and_coordinators_fte,Model 4: Central+Coord Footprint (Peer),,29.944099599203454,-10.944099599203454,-1.3391823150718232,17797.0,29.0,,,19.0
2023-2024,2918540,LIBERTY 53,MO,central_mgmt_and_coordinators_fte,Model 4: Central+Coord Footprint (Peer),,22.422653927908364,-4.412653927908366,-0.5399574491461318,12154.0,20.0,,,18.009999999999998
2023-2024,2919230,LONE JACK C-6,MO,central_mgmt_and_coordinators_fte,Model 4: Central+Coord Footprint (Peer),,4.053982414751142,-0.4239824147511424,-0.05188090135596923,740.0,2.0,,,3.63
2023-2024,2931800,MIDWAY R-I,MO,central_mgmt_and_coordinators_fte,Model 4: Central+Coord Footprint (Peer),,3.5375270686393834,-2.0875270686393836,-0.25544169323523497,432.0,2.0,,,1.45
2023-2024,2921060,MISSOURI CITY 56,MO,central_mgmt_and_coordinators_fte,Model 4: Central+Coord Footprint (Peer),,2.8987449319868364,-2.5187449319868365,-0.3082079652618526,19.0,1.0,,,0.38
2023-2024,2922800,NORTH KANSAS CITY 74,MO,central_mgmt_and_coordinators_fte,Model 4: Central+Coord Footprint (Peer),,46.09192060714254,-1.5419206071425435,-0.18867818129875147,21015.0,34.0,,,44.55
2023-2024,2922830,NORTH PLATTE CO. R-I,MO,central_mgmt_and_coordinators_fte,Model 4: Central+Coord Footprint (Peer),,3.830476990768293,-1.4704769907682929,-0.1799359337793543,550.0,5.0,,,2.3600000000000003
2023-2024,2923010,OAK GROVE R-VI,MO,central_mgmt_and_coordinators_fte,Model 4: Central+Coord Footprint (Peer),,4.96608934995665,3.0339106500433504,0.3712465745781251,1986.0,4.0,,,8.0
2023-2024,2923220,ORRICK R-XI,MO,central_mgmt_and_coordinators_fte,Model 4: Central+Coord Footprint (Peer),,3.2569853984721417,-1.2569853984721417,-0.1538118874630782,278.0,2.0,,,2.0
2023-2024,2923550,PARK HILL,MO,central_mgmt_and_coordinators_fte,Model 4: Central+Coord Footprint (Peer),,28.416793650678404,-18.246793650678406,-2.2327815223402996,11915.0,20.0,,,10.17
2023-2024,2925230,PLATTE CO. R-III,MO,central_mgmt_and_coordinators_fte,Model 4: Central+Coord Footprint (Peer),,9.968390106878745,2.111609893121255,0.25838860470572705,4283.0,8.0,,,12.08
2023-2024,2925330,PLEASANT HILL R-III,MO,central_mgmt_and_coordinators_fte,Model 4: Central+Coord Footprint (Peer),,5.908372563605605,-0.4083725636056048,-0.04997079112666091,2130.0,5.0,,,5.5
2023-2024,2923730,RAYMORE-PECULIAR R-II,MO,central_mgmt_and_coordinators_fte,Model 4: Central+Coord Footprint (Peer),,13.4268278270507,-0.05682782705070011,-0.006953776352309217,6314.0,12.0,,,13.37
2023-2024,2926070,RAYTOWN C-2,MO,central_mgmt_and_coordinators_fte,Model 4: Central+Coord Footprint (Peer),,14.602761771335446,9.147238228664554,1.1193081309738866,7953.0,20.0,,,23.75
2023-2024,2926480,RICHMOND R-XVI,MO,central_mgmt_and_coordinators_fte,Model 4: Central+Coord Footprint (Peer),,4.520497017935094,1.229502982064906,0.15044898257589237,1549.0,4.0,,,5.75
2023-2024,2910320,SHERWOOD CASS R-VIII,MO,central_mgmt_and_coordinators_fte,Model 4: Central+Coord Footprint (Peer),,3.271519906052187,0.8184800939478127,0.10015388265773938,778.0,3.0,,,4.09
2023-2024,2928410,SMITHVILLE R-II,MO,central_mgmt_and_coordinators_fte,Model 4: Central+Coord Footprint (Peer),,7.004125807287631,1.3358741927123692,0.16346516932022997,2536.0,5.0,,,8.34
2023-2024,2929670,STRASBURG C-3,MO,central_mgmt_and_coordinators_fte,Model 4: Central+Coord Footprint (Peer),,3.053697078822992,-2.153697078822992,-0.26353863228652613,134.0,1.0,,,0.9
2023-2024,2931710,WEST PLATTE CO. R-II,MO,central_mgmt_and_coordinators_fte,Model 4: Central+Coord Footprint (Peer),,4.2011171389141495,-1.5611171389141494,-0.19102717818298307,731.0,3.0,,,2.64
