snapshot_timestamp,snapshot_date,school_year,staff_name,job_title,department,email,source_file,is_rwl_or_career_related,coding_method
20240913115326,2024-09-13,2024-2025,NICOLE ABEL,School Psychologist,Truman Elementary,,data\raw\hickman-mills\organization\snapshots\staff_snapshot_20240913115326.html,False,primary_directory_snapshot
20240913115326,2024-09-13,2024-2025,INDIRA ACOSTA BRAZIL,Lunch Aide,Truman Elementary,,data\raw\hickman-mills\organization\snapshots\staff_snapshot_20240913115326.html,False,primary_directory_snapshot
20240913115326,2024-09-13,2024-2025,ALDEN ADAMS,Title I Pre-Kindergarten Teacher,Freda Markley Early Childhood Center,,data\raw\hickman-mills\organization\snapshots\staff_snapshot_20240913115326.html,False,primary_directory_snapshot
20240913115326,2024-09-13,2024-2025,AMY ADAMS,Art,Ruskin High School,,data\raw\hickman-mills\organization\snapshots\staff_snapshot_20240913115326.html,False,primary_directory_snapshot
20240913115326,2024-09-13,2024-2025,PAYTIN ADAMS,Student Intern - Summer School,Ruskin High School,,data\raw\hickman-mills\organization\snapshots\staff_snapshot_20240913115326.html,True,primary_directory_snapshot
20240913115326,2024-09-13,2024-2025,VERNON ADAMS,Student Intern - Summer School,Hickman Mills School District,,data\raw\hickman-mills\organization\snapshots\staff_snapshot_20240913115326.html,True,primary_directory_snapshot
20240913115326,2024-09-13,2024-2025,MARSHA ADDISON,Registrar,Ruskin High School,,data\raw\hickman-mills\organization\snapshots\staff_snapshot_20240913115326.html,False,primary_directory_snapshot
20240913115326,2024-09-13,2024-2025,TERRANCE ADGER,Warehouseman,Admin Center,,data\raw\hickman-mills\organization\snapshots\staff_snapshot_20240913115326.html,False,primary_directory_snapshot
20240913115326,2024-09-13,2024-2025,JENNA ADKINS,Family Consumer Science,Ruskin High School,,data\raw\hickman-mills\organization\snapshots\staff_snapshot_20240913115326.html,False,primary_directory_snapshot
20240913115326,2024-09-13,2024-2025,DANIELLE AGIN,Art,Ruskin High School,,data\raw\hickman-mills\organization\snapshots\staff_snapshot_20240913115326.html,False,primary_directory_snapshot
20240913115326,2024-09-13,2024-2025,GHUFRAN AHMED,Nutrition Service Associate - Full Time,"Ervin Elementary School, Real World Learning Center",,data\raw\hickman-mills\organization\snapshots\staff_snapshot_20240913115326.html,True,primary_directory_snapshot
20240913115326,2024-09-13,2024-2025,SCOTT AINSWORTH,Accounts Payable Specialist,Admin Center,,data\raw\hickman-mills\organization\snapshots\staff_snapshot_20240913115326.html,False,primary_directory_snapshot
20240913115326,2024-09-13,2024-2025,CHARLES ALFORD,Student Intern - Technology,Admin Center,,data\raw\hickman-mills\organization\snapshots\staff_snapshot_20240913115326.html,True,primary_directory_snapshot
20240913115326,2024-09-13,2024-2025,RAHMA ALLAN,Student Intern - Summer School,Ervin Elementary School,,data\raw\hickman-mills\organization\snapshots\staff_snapshot_20240913115326.html,True,primary_directory_snapshot
20240913115326,2024-09-13,2024-2025,BOBBY ALLBRITTON,Extra Duty - Asst. Boys Basketball Coach,Ruskin High School,,data\raw\hickman-mills\organization\snapshots\staff_snapshot_20240913115326.html,False,primary_directory_snapshot
20241107224701,2024-11-07,2024-2025,NICOLE ABEL,School Psychologist,"Dobbs Elementary, Truman Elementary",,data\raw\hickman-mills\organization\snapshots\staff_snapshot_20241107224701.html,False,primary_directory_snapshot
20241107224701,2024-11-07,2024-2025,ALDEN ADAMS,Title I Pre-Kindergarten Teacher,Freda Markley Early Childhood Center,,data\raw\hickman-mills\organization\snapshots\staff_snapshot_20241107224701.html,False,primary_directory_snapshot
20241107224701,2024-11-07,2024-2025,AMY ADAMS,Art,Ruskin High School,,data\raw\hickman-mills\organization\snapshots\staff_snapshot_20241107224701.html,False,primary_directory_snapshot
20241107224701,2024-11-07,2024-2025,PAYTIN ADAMS,Student Intern - Summer School,Ruskin High School,,data\raw\hickman-mills\organization\snapshots\staff_snapshot_20241107224701.html,True,primary_directory_snapshot
20241107224701,2024-11-07,2024-2025,VERNON ADAMS,Student Intern - Summer School,Hickman Mills School District,,data\raw\hickman-mills\organization\snapshots\staff_snapshot_20241107224701.html,True,primary_directory_snapshot
20241107224701,2024-11-07,2024-2025,MARSHA ADDISON,Registrar,Ruskin High School,,data\raw\hickman-mills\organization\snapshots\staff_snapshot_20241107224701.html,False,primary_directory_snapshot
20241107224701,2024-11-07,2024-2025,TERRANCE ADGER,Warehouseman,Admin Center,,data\raw\hickman-mills\organization\snapshots\staff_snapshot_20241107224701.html,False,primary_directory_snapshot
20241107224701,2024-11-07,2024-2025,JENNA ADKINS,Family Consumer Science,Ruskin High School,,data\raw\hickman-mills\organization\snapshots\staff_snapshot_20241107224701.html,False,primary_directory_snapshot
20241107224701,2024-11-07,2024-2025,DANIELLE AGIN,Art,Ruskin High School,,data\raw\hickman-mills\organization\snapshots\staff_snapshot_20241107224701.html,False,primary_directory_snapshot
20241107224701,2024-11-07,2024-2025,GHUFRAN AHMED,Nutrition Service Associate - Full Time,"Ervin Elementary School, Real World Learning Center",,data\raw\hickman-mills\organization\snapshots\staff_snapshot_20241107224701.html,True,primary_directory_snapshot
20241107224701,2024-11-07,2024-2025,SCOTT AINSWORTH,Accounts Payable Specialist,Admin Center,,data\raw\hickman-mills\organization\snapshots\staff_snapshot_20241107224701.html,False,primary_directory_snapshot
20241107224701,2024-11-07,2024-2025,RAHMA ALLAN,Student Intern - Summer School,Ervin Elementary School,,data\raw\hickman-mills\organization\snapshots\staff_snapshot_20241107224701.html,True,primary_directory_snapshot
20241107224701,2024-11-07,2024-2025,BOBBY ALLBRITTON,Extra Duty - Asst. Boys Basketball Coach,Ruskin High School,,data\raw\hickman-mills\organization\snapshots\staff_snapshot_20241107224701.html,False,primary_directory_snapshot
20241107224701,2024-11-07,2024-2025,TANDA ALLEN,School Psychologist,Freda Markley Early Childhood Center,,data\raw\hickman-mills\organization\snapshots\staff_snapshot_20241107224701.html,False,primary_directory_snapshot
20241107224701,2024-11-07,2024-2025,SIDRA ALMEHBANI,Student Intern - Special Ed,Freda Markley Early Childhood Center,,data\raw\hickman-mills\organization\snapshots\staff_snapshot_20241107224701.html,True,primary_directory_snapshot
20250321170616,2025-03-21,2024-2025,NICOLE ABEL,School Psychologist,"Dobbs Elementary, Truman Elementary",,data\raw\hickman-mills\organization\snapshots\staff_snapshot_20250321170616.html,False,primary_directory_snapshot
20250321170616,2025-03-21,2024-2025,ALDEN ADAMS,Title I Pre-Kindergarten Teacher,Freda Markley Early Childhood Center,,data\raw\hickman-mills\organization\snapshots\staff_snapshot_20250321170616.html,False,primary_directory_snapshot
20250321170616,2025-03-21,2024-2025,AMY ADAMS,Art,Ruskin High School,,data\raw\hickman-mills\organization\snapshots\staff_snapshot_20250321170616.html,False,primary_directory_snapshot
20250321170616,2025-03-21,2024-2025,PAYTIN ADAMS,Student Intern - Summer School,Ruskin High School,,data\raw\hickman-mills\organization\snapshots\staff_snapshot_20250321170616.html,True,primary_directory_snapshot
20250321170616,2025-03-21,2024-2025,VERNON ADAMS,Student Intern - Summer School,Hickman Mills School District,,data\raw\hickman-mills\organization\snapshots\staff_snapshot_20250321170616.html,True,primary_directory_snapshot
20250321170616,2025-03-21,2024-2025,MARSHA ADDISON,Registrar,Ruskin High School,,data\raw\hickman-mills\organization\snapshots\staff_snapshot_20250321170616.html,False,primary_directory_snapshot
20250321170616,2025-03-21,2024-2025,TERRANCE ADGER,Warehouseman,Admin Center,,data\raw\hickman-mills\organization\snapshots\staff_snapshot_20250321170616.html,False,primary_directory_snapshot
20250321170616,2025-03-21,2024-2025,JENNA ADKINS,Family Consumer Science,Ruskin High School,,data\raw\hickman-mills\organization\snapshots\staff_snapshot_20250321170616.html,False,primary_directory_snapshot
20250321170616,2025-03-21,2024-2025,DANIELLE AGIN,Art,Ruskin High School,,data\raw\hickman-mills\organization\snapshots\staff_snapshot_20250321170616.html,False,primary_directory_snapshot
20250321170616,2025-03-21,2024-2025,GHUFRAN AHMED,Nutrition Service Associate - Full Time,"Ervin Elementary School, Real World Learning Center",,data\raw\hickman-mills\organization\snapshots\staff_snapshot_20250321170616.html,True,primary_directory_snapshot
20250321170616,2025-03-21,2024-2025,SCOTT AINSWORTH,Accounts Payable Specialist,Admin Center,,data\raw\hickman-mills\organization\snapshots\staff_snapshot_20250321170616.html,False,primary_directory_snapshot
20250321170616,2025-03-21,2024-2025,Chiamaka Akanuligo,,,,data\raw\hickman-mills\organization\snapshots\staff_snapshot_20250321170616.html,False,primary_directory_snapshot
20250321170616,2025-03-21,2024-2025,JOSIAH ALEXANDER,Police Officer,Hickman Mills School District,,data\raw\hickman-mills\organization\snapshots\staff_snapshot_20250321170616.html,False,primary_directory_snapshot
20250321170616,2025-03-21,2024-2025,RAHMA ALLAN,Student Intern - Summer School,Ervin Elementary School,,data\raw\hickman-mills\organization\snapshots\staff_snapshot_20250321170616.html,True,primary_directory_snapshot
20250321170616,2025-03-21,2024-2025,BOBBY ALLBRITTON,Extra Duty - Asst. Boys Basketball Coach,Ruskin High School,,data\raw\hickman-mills\organization\snapshots\staff_snapshot_20250321170616.html,False,primary_directory_snapshot
20250717091809,2025-07-17,2025-2026,NICOLE ABEL,School Psychologist,"Dobbs Elementary, Truman Elementary",,data\raw\hickman-mills\organization\snapshots\staff_snapshot_20250717091809.html,False,primary_directory_snapshot
20250717091809,2025-07-17,2025-2026,ALDEN ADAMS,Title I Pre-Kindergarten Teacher,Freda Markley Early Childhood Center,,data\raw\hickman-mills\organization\snapshots\staff_snapshot_20250717091809.html,False,primary_directory_snapshot
20250717091809,2025-07-17,2025-2026,AMY ADAMS,Art,Ruskin High School,,data\raw\hickman-mills\organization\snapshots\staff_snapshot_20250717091809.html,False,primary_directory_snapshot
20250717091809,2025-07-17,2025-2026,PAYTIN ADAMS,Student Intern - Summer School,Ruskin High School,,data\raw\hickman-mills\organization\snapshots\staff_snapshot_20250717091809.html,True,primary_directory_snapshot
20250717091809,2025-07-17,2025-2026,VERNON ADAMS,Student Intern - Summer School,Hickman Mills School District,,data\raw\hickman-mills\organization\snapshots\staff_snapshot_20250717091809.html,True,primary_directory_snapshot
20250717091809,2025-07-17,2025-2026,MARSHA ADDISON,Registrar,Ruskin High School,,data\raw\hickman-mills\organization\snapshots\staff_snapshot_20250717091809.html,False,primary_directory_snapshot
20250717091809,2025-07-17,2025-2026,JENNA ADKINS,Family Consumer Science,Ruskin High School,,data\raw\hickman-mills\organization\snapshots\staff_snapshot_20250717091809.html,False,primary_directory_snapshot
20250717091809,2025-07-17,2025-2026,DANIELLE AGIN,Art,Ruskin High School,,data\raw\hickman-mills\organization\snapshots\staff_snapshot_20250717091809.html,False,primary_directory_snapshot
20250717091809,2025-07-17,2025-2026,GHUFRAN AHMED,Nutrition Service Associate - Full Time,"Ervin Elementary School, Real World Learning Center",,data\raw\hickman-mills\organization\snapshots\staff_snapshot_20250717091809.html,True,primary_directory_snapshot
20250717091809,2025-07-17,2025-2026,SCOTT AINSWORTH,Accounts Payable Specialist,Admin Center,,data\raw\hickman-mills\organization\snapshots\staff_snapshot_20250717091809.html,False,primary_directory_snapshot
20250717091809,2025-07-17,2025-2026,Chiamaka Akanuligo,,,,data\raw\hickman-mills\organization\snapshots\staff_snapshot_20250717091809.html,False,primary_directory_snapshot
20250717091809,2025-07-17,2025-2026,JOSIAH ALEXANDER,Police Officer,Hickman Mills School District,,data\raw\hickman-mills\organization\snapshots\staff_snapshot_20250717091809.html,False,primary_directory_snapshot
20250717091809,2025-07-17,2025-2026,RAHMA ALLAN,Student Intern - Summer School,Ervin Elementary School,,data\raw\hickman-mills\organization\snapshots\staff_snapshot_20250717091809.html,True,primary_directory_snapshot
20250717091809,2025-07-17,2025-2026,BOBBY ALLBRITTON,Extra Duty - Asst. Boys Basketball Coach,Ruskin High School,,data\raw\hickman-mills\organization\snapshots\staff_snapshot_20250717091809.html,False,primary_directory_snapshot
20250717091809,2025-07-17,2025-2026,TANDA ALLEN,School Psychologist,Freda Markley Early Childhood Center,,data\raw\hickman-mills\organization\snapshots\staff_snapshot_20250717091809.html,False,primary_directory_snapshot
20260927000000,2026-09-27,2026-2027,LAURA ABFALTER,SPED - Teacher,Ervin Elementary School,,data\raw\hickman-mills\organization\snapshots\live_2026_pages\page_01.html,False,primary_directory_snapshot
20260927000000,2026-09-27,2026-2027,AMY ADAMS,Art,Ruskin High School,,data\raw\hickman-mills\organization\snapshots\live_2026_pages\page_01.html,False,primary_directory_snapshot
20260927000000,2026-09-27,2026-2027,DANIELLE AGIN,Art,Ruskin High School,,data\raw\hickman-mills\organization\snapshots\live_2026_pages\page_01.html,False,primary_directory_snapshot
20260927000000,2026-09-27,2026-2027,SALIM AHMADZAI,ESOL Translator/Paraprofessional,Ruskin High School,,data\raw\hickman-mills\organization\snapshots\live_2026_pages\page_01.html,False,primary_directory_snapshot
20260927000000,2026-09-27,2026-2027,GHUFRAN AHMED,Nutrition Service Associate - Full Time,"Ervin Elementary School, Real World Learning Center",,data\raw\hickman-mills\organization\snapshots\live_2026_pages\page_01.html,True,primary_directory_snapshot
20260927000000,2026-09-27,2026-2027,SCOTT AINSWORTH,Payroll Specialist-Non Certified,Admin Center,,data\raw\hickman-mills\organization\snapshots\live_2026_pages\page_01.html,False,primary_directory_snapshot
20260927000000,2026-09-27,2026-2027,HANNAH ALEXANDER,Communication Arts,Ruskin High School,,data\raw\hickman-mills\organization\snapshots\live_2026_pages\page_01.html,False,primary_directory_snapshot
20260927000000,2026-09-27,2026-2027,ASHLEY ALLEN,Media Specialist,Truman Elementary,,data\raw\hickman-mills\organization\snapshots\live_2026_pages\page_01.html,False,primary_directory_snapshot
20260927000000,2026-09-27,2026-2027,TANDA ALLEN,School Psychologist,Freda Markley Early Childhood Center,,data\raw\hickman-mills\organization\snapshots\live_2026_pages\page_01.html,False,primary_directory_snapshot
20260927000000,2026-09-27,2026-2027,TORRENCE ALLEN,Extra Duty - Asst. Boys Basketball Coach,Ruskin High School,,data\raw\hickman-mills\organization\snapshots\live_2026_pages\page_01.html,False,primary_directory_snapshot
20260927000000,2026-09-27,2026-2027,OLIVA ALVARADO DE ORELLANA,"Custodian, 2nd Shift",Hickman Mills Middle School,,data\raw\hickman-mills\organization\snapshots\live_2026_pages\page_01.html,False,primary_directory_snapshot
20260927000000,2026-09-27,2026-2027,RENEE ALVAREZ,Project Lead the Way,Alvin Brooks Middle School,,data\raw\hickman-mills\organization\snapshots\live_2026_pages\page_01.html,True,primary_directory_snapshot
20260927000000,2026-09-27,2026-2027,JESSICA ALVES,Part B - Special Ed Teacher,Ervin Elementary School,,data\raw\hickman-mills\organization\snapshots\live_2026_pages\page_01.html,False,primary_directory_snapshot
20260927000000,2026-09-27,2026-2027,PEARLENE AMMONS,SPED Paraprofessional,Dobbs Elementary,,data\raw\hickman-mills\organization\snapshots\live_2026_pages\page_01.html,False,primary_directory_snapshot
20260927000000,2026-09-27,2026-2027,JAMIYAH ANDERSON,Student Intern - Coffee Shop,"Real World Learning Center, Ruskin High School",,data\raw\hickman-mills\organization\snapshots\live_2026_pages\page_01.html,True,primary_directory_snapshot
20260927000000,2026-09-27,2026-2027,MICHELLE ANDERSON,Kindergarten,Ingels Elementary,,data\raw\hickman-mills\organization\snapshots\live_2026_pages\page_02.html,False,primary_directory_snapshot
20260927000000,2026-09-27,2026-2027,STEPHANIE ANDERSON,Biology,Ruskin High School,,data\raw\hickman-mills\organization\snapshots\live_2026_pages\page_02.html,False,primary_directory_snapshot
20260927000000,2026-09-27,2026-2027,MOFEED AQL,ISS Instructor,Hickman Mills Middle School,,data\raw\hickman-mills\organization\snapshots\live_2026_pages\page_02.html,False,primary_directory_snapshot
20260927000000,2026-09-27,2026-2027,RAPHAEL ARBUTHNOT,Extra Duty - Asst Baseball Coach,Ruskin High School,,data\raw\hickman-mills\organization\snapshots\live_2026_pages\page_02.html,False,primary_directory_snapshot
20260927000000,2026-09-27,2026-2027,JALEN ASHFORD,Restorative Practice Coach,Truman Elementary,,data\raw\hickman-mills\organization\snapshots\live_2026_pages\page_02.html,False,primary_directory_snapshot
20260927000000,2026-09-27,2026-2027,NAGINA ASIF,Food Service Associate - Part Time,Ruskin High School,,data\raw\hickman-mills\organization\snapshots\live_2026_pages\page_02.html,False,primary_directory_snapshot
20260927000000,2026-09-27,2026-2027,AQEELA ASLAM,History Total Work Record,Freda Markley Early Childhood Center,,data\raw\hickman-mills\organization\snapshots\live_2026_pages\page_02.html,False,primary_directory_snapshot
20260927000000,2026-09-27,2026-2027,VENUS AUGUSTUS,Curriculum & Instruction Secretary,Admin Center,,data\raw\hickman-mills\organization\snapshots\live_2026_pages\page_02.html,True,primary_directory_snapshot
20260927000000,2026-09-27,2026-2027,KELLY BAILEY,Part B - Special Ed Teacher,Dobbs Elementary,,data\raw\hickman-mills\organization\snapshots\live_2026_pages\page_02.html,False,primary_directory_snapshot
20260927000000,2026-09-27,2026-2027,SAMANTHA BAKER,Grade 6 - Math,,,data\raw\hickman-mills\organization\snapshots\live_2026_pages\page_02.html,False,primary_directory_snapshot
20260927000000,2026-09-27,2026-2027,GEOFFREN BALL,Art,Ruskin High School,,data\raw\hickman-mills\organization\snapshots\live_2026_pages\page_02.html,False,primary_directory_snapshot
20260927000000,2026-09-27,2026-2027,MARCUS BANKS,Police Officer,Hickman Mills School District,,data\raw\hickman-mills\organization\snapshots\live_2026_pages\page_02.html,False,primary_directory_snapshot
20260927000000,2026-09-27,2026-2027,SHANIKA BANKSTON,Family School Liaison,Ervin Elementary School,,data\raw\hickman-mills\organization\snapshots\live_2026_pages\page_02.html,False,primary_directory_snapshot
20260927000000,2026-09-27,2026-2027,LULA BARBEE,District Instructional Coach,Admin Center,,data\raw\hickman-mills\organization\snapshots\live_2026_pages\page_02.html,False,primary_directory_snapshot
20260927000000,2026-09-27,2026-2027,BRIANT BARKER,Science,Ruskin High School,,data\raw\hickman-mills\organization\snapshots\live_2026_pages\page_02.html,False,primary_directory_snapshot
20260927000000,2026-09-27,2026-2027,MARIO BARNES,ESOL,Santa Fe Elementary,,data\raw\hickman-mills\organization\snapshots\live_2026_pages\page_03.html,False,primary_directory_snapshot
20260927000000,2026-09-27,2026-2027,TODD BARNEY,Project Lead the Way,Ruskin High School,,data\raw\hickman-mills\organization\snapshots\live_2026_pages\page_03.html,True,primary_directory_snapshot
20260927000000,2026-09-27,2026-2027,JOHN BARRECA,SPED - Teacher,Hickman Mills Middle School,,data\raw\hickman-mills\organization\snapshots\live_2026_pages\page_03.html,False,primary_directory_snapshot
20260927000000,2026-09-27,2026-2027,MICHELLE BASKIN THURMOND,Nutrition Service Associate - Full Time,Ruskin High School,,data\raw\hickman-mills\organization\snapshots\live_2026_pages\page_03.html,False,primary_directory_snapshot
20260927000000,2026-09-27,2026-2027,ACEYEAH BATES,ECSE Paraprofessional,Truman Elementary,,data\raw\hickman-mills\organization\snapshots\live_2026_pages\page_03.html,False,primary_directory_snapshot
20260927000000,2026-09-27,2026-2027,LATONYA BATTLE,Secretary to Principal,Dobbs Elementary,,data\raw\hickman-mills\organization\snapshots\live_2026_pages\page_03.html,True,primary_directory_snapshot
20260927000000,2026-09-27,2026-2027,OBAYDA BAYAZED,Electrician,BUILDING & GROUNDS,,data\raw\hickman-mills\organization\snapshots\live_2026_pages\page_03.html,False,primary_directory_snapshot
20260927000000,2026-09-27,2026-2027,Anthony Bayliss,Custodian,Alvin Brooks Middle School,,data\raw\hickman-mills\organization\snapshots\live_2026_pages\page_03.html,False,primary_directory_snapshot
20260927000000,2026-09-27,2026-2027,RYAN BEATTY,Principal,Real World Learning Center,,data\raw\hickman-mills\organization\snapshots\live_2026_pages\page_03.html,True,primary_directory_snapshot
20260927000000,2026-09-27,2026-2027,MYESHA BELL,Grade 5,Compass Elementary,,data\raw\hickman-mills\organization\snapshots\live_2026_pages\page_03.html,False,primary_directory_snapshot
20260927000000,2026-09-27,2026-2027,RAHJAI BELL,ECSE Paraprofessional,Freda Markley Early Childhood Center,,data\raw\hickman-mills\organization\snapshots\live_2026_pages\page_03.html,False,primary_directory_snapshot
20260927000000,2026-09-27,2026-2027,BETTY BELZESKI,SPED - Teacher,Ruskin High School,,data\raw\hickman-mills\organization\snapshots\live_2026_pages\page_03.html,False,primary_directory_snapshot
20260927000000,2026-09-27,2026-2027,KIMBERLY BENAVIDES,Cafeteria Manager,Compass Elementary,,data\raw\hickman-mills\organization\snapshots\live_2026_pages\page_03.html,False,primary_directory_snapshot
20260927000000,2026-09-27,2026-2027,ETHELLA BENNETT,Administrative Secretary,"Hickman Mills Middle School, Admin Center",,data\raw\hickman-mills\organization\snapshots\live_2026_pages\page_03.html,False,primary_directory_snapshot
20260927000000,2026-09-27,2026-2027,KATY BERGERON,Business,Ruskin High School,,data\raw\hickman-mills\organization\snapshots\live_2026_pages\page_03.html,False,primary_directory_snapshot
20260927000000,2026-09-27,2026-2027,AYESHA BIBI,Title I Paraprofessional,Freda Markley Early Childhood Center,,data\raw\hickman-mills\organization\snapshots\live_2026_pages\page_04.html,False,primary_directory_snapshot
20260927000000,2026-09-27,2026-2027,NATHAN BILLS,Music - Vocal,Hickman Mills Middle School,,data\raw\hickman-mills\organization\snapshots\live_2026_pages\page_04.html,False,primary_directory_snapshot
20260927000000,2026-09-27,2026-2027,PRESTON BLACK,Extra Duty - Asst. Football Coach,Ruskin High School,,data\raw\hickman-mills\organization\snapshots\live_2026_pages\page_04.html,False,primary_directory_snapshot
20260927000000,2026-09-27,2026-2027,ALICIA BLACK-MACKEY,ECSE Paraprofessional,"John Sharp Early Education Center, Truman Elementary",,data\raw\hickman-mills\organization\snapshots\live_2026_pages\page_04.html,False,primary_directory_snapshot
20260927000000,2026-09-27,2026-2027,DANIEL BLAIR,Extra Duty - Asst Flag Football Coach,Ruskin High School,,data\raw\hickman-mills\organization\snapshots\live_2026_pages\page_04.html,False,primary_directory_snapshot
20260927000000,2026-09-27,2026-2027,MONICA BLAIR-CONWAY,Grade 5,Truman Elementary,,data\raw\hickman-mills\organization\snapshots\live_2026_pages\page_04.html,False,primary_directory_snapshot
20260927000000,2026-09-27,2026-2027,KAREN BOLDRIDGE,Grade 4,Ervin Elementary School,,data\raw\hickman-mills\organization\snapshots\live_2026_pages\page_04.html,False,primary_directory_snapshot
20260927000000,2026-09-27,2026-2027,MATTHEW BORRELLI,Communication Arts,Ruskin High School,,data\raw\hickman-mills\organization\snapshots\live_2026_pages\page_04.html,False,primary_directory_snapshot
20260927000000,2026-09-27,2026-2027,JACQUELINE BOWLS,Math Interventionist - 550 Hours,"Ervin Elementary School, Ingels Elementary",,data\raw\hickman-mills\organization\snapshots\live_2026_pages\page_04.html,False,primary_directory_snapshot
20260927000000,2026-09-27,2026-2027,FRANCES BOYD,Lunch Aide,Freda Markley Early Childhood Center,,data\raw\hickman-mills\organization\snapshots\live_2026_pages\page_04.html,False,primary_directory_snapshot
20260927000000,2026-09-27,2026-2027,LISA BOYD,Grade 1,Dobbs Elementary,,data\raw\hickman-mills\organization\snapshots\live_2026_pages\page_04.html,False,primary_directory_snapshot
20260927000000,2026-09-27,2026-2027,ARIANA BRADLEY,Kindergarten,Ingels Elementary,,data\raw\hickman-mills\organization\snapshots\live_2026_pages\page_04.html,False,primary_directory_snapshot
20260927000000,2026-09-27,2026-2027,BRANDI BRADLEY,Grade 2,Warford Elementary,,data\raw\hickman-mills\organization\snapshots\live_2026_pages\page_04.html,False,primary_directory_snapshot
20260927000000,2026-09-27,2026-2027,KIMBERLY BRANSON,Nutrition Services Operations Coordinator,Admin Center,,data\raw\hickman-mills\organization\snapshots\live_2026_pages\page_04.html,False,primary_directory_snapshot
20260927000000,2026-09-27,2026-2027,KENNETH BRIDGEWATER,Grade 6 - Social Studies,Hickman Mills Middle School,,data\raw\hickman-mills\organization\snapshots\live_2026_pages\page_04.html,False,primary_directory_snapshot
20260927000000,2026-09-27,2026-2027,MARJORIE BROCE,ESOL,Compass Elementary,,data\raw\hickman-mills\organization\snapshots\live_2026_pages\page_05.html,False,primary_directory_snapshot
20260927000000,2026-09-27,2026-2027,GREGORY BROOKS,Part B - Paraprofessional,"John Sharp Early Education Center, Ervin Elementary School",,data\raw\hickman-mills\organization\snapshots\live_2026_pages\page_05.html,False,primary_directory_snapshot
20260927000000,2026-09-27,2026-2027,ANGELA BROWN,Counselor,Ruskin High School,,data\raw\hickman-mills\organization\snapshots\live_2026_pages\page_05.html,True,primary_directory_snapshot
20260927000000,2026-09-27,2026-2027,ANITA BROWN,Tutoring,Ingels Elementary,,data\raw\hickman-mills\organization\snapshots\live_2026_pages\page_05.html,False,primary_directory_snapshot
20260927000000,2026-09-27,2026-2027,DONNA BROWN,Secretary,"Crittenton Center, Real World Learning Center",,data\raw\hickman-mills\organization\snapshots\live_2026_pages\page_05.html,True,primary_directory_snapshot
20260927000000,2026-09-27,2026-2027,Jeanelle Brown,Extra Duty - Asst. Girls Basketball Coach,Ruskin High School,,data\raw\hickman-mills\organization\snapshots\live_2026_pages\page_05.html,False,primary_directory_snapshot
20260927000000,2026-09-27,2026-2027,KRISTIN BROWN,Speech Pathologist,Admin Center,,data\raw\hickman-mills\organization\snapshots\live_2026_pages\page_05.html,False,primary_directory_snapshot
20260927000000,2026-09-27,2026-2027,MILAN BROWN,SPED Paraprofessional,"Ingels Elementary, Real World Learning Center",,data\raw\hickman-mills\organization\snapshots\live_2026_pages\page_05.html,True,primary_directory_snapshot
20260927000000,2026-09-27,2026-2027,SHEENA BROWN,Counselor,Dobbs Elementary,,data\raw\hickman-mills\organization\snapshots\live_2026_pages\page_05.html,True,primary_directory_snapshot
20260927000000,2026-09-27,2026-2027,PATRICIA BUCKHOLZ,Nurse,Dobbs Elementary,,data\raw\hickman-mills\organization\snapshots\live_2026_pages\page_05.html,False,primary_directory_snapshot
20260927000000,2026-09-27,2026-2027,FREDERICK BUCKLES,Custodian,Hickman Mills Middle School,,data\raw\hickman-mills\organization\snapshots\live_2026_pages\page_05.html,False,primary_directory_snapshot
20260927000000,2026-09-27,2026-2027,NICOLE BUNGER,ECSE Teacher,Freda Markley Early Childhood Center,,data\raw\hickman-mills\organization\snapshots\live_2026_pages\page_05.html,False,primary_directory_snapshot
20260927000000,2026-09-27,2026-2027,JEFFREY BURGETT,Math,Ruskin High School,,data\raw\hickman-mills\organization\snapshots\live_2026_pages\page_05.html,False,primary_directory_snapshot
20260927000000,2026-09-27,2026-2027,ROCHELLE BURGIN,ECSE Paraprofessional,Freda Markley Early Childhood Center,,data\raw\hickman-mills\organization\snapshots\live_2026_pages\page_05.html,False,primary_directory_snapshot
20260927000000,2026-09-27,2026-2027,ROSIE BURT,"Custodian, Head",Freda Markley Early Childhood Center,,data\raw\hickman-mills\organization\snapshots\live_2026_pages\page_05.html,False,primary_directory_snapshot
20260927000000,2026-09-27,2026-2027,HALEY BURTON,Social Studies,Ruskin High School,,data\raw\hickman-mills\organization\snapshots\live_2026_pages\page_06.html,False,primary_directory_snapshot
20260927000000,2026-09-27,2026-2027,LINDA BURTON,Business,Ruskin High School,,data\raw\hickman-mills\organization\snapshots\live_2026_pages\page_06.html,False,primary_directory_snapshot
20260927000000,2026-09-27,2026-2027,KEVIN BUTLER,MO Options Teacher,Real World Learning Center,,data\raw\hickman-mills\organization\snapshots\live_2026_pages\page_06.html,True,primary_directory_snapshot
20260927000000,2026-09-27,2026-2027,PAULA CACERES CAMPOS,Custodian,Hickman Mills Middle School,,data\raw\hickman-mills\organization\snapshots\live_2026_pages\page_06.html,False,primary_directory_snapshot
20260927000000,2026-09-27,2026-2027,TRAVIS CAL,Family Consumer Science,Ruskin High School,,data\raw\hickman-mills\organization\snapshots\live_2026_pages\page_06.html,False,primary_directory_snapshot
20260927000000,2026-09-27,2026-2027,DEANNA CALDWELL,Health Professional,Truman Elementary,,data\raw\hickman-mills\organization\snapshots\live_2026_pages\page_06.html,False,primary_directory_snapshot
20260927000000,2026-09-27,2026-2027,HOLLY CALDWELL,Secretary to Principal,"Ingels Elementary, Santa Fe Elementary",,data\raw\hickman-mills\organization\snapshots\live_2026_pages\page_06.html,True,primary_directory_snapshot
20260927000000,2026-09-27,2026-2027,TIMOTHY CALLAGHAN,Physical Education,Ruskin High School,,data\raw\hickman-mills\organization\snapshots\live_2026_pages\page_06.html,False,primary_directory_snapshot
20260927000000,2026-09-27,2026-2027,GWENDOLYN CANADY,Secretary to Principal,Freda Markley Early Childhood Center,,data\raw\hickman-mills\organization\snapshots\live_2026_pages\page_06.html,True,primary_directory_snapshot
20260927000000,2026-09-27,2026-2027,RMONI CANADY-DUNN,Kindergarten,Warford Elementary,,data\raw\hickman-mills\organization\snapshots\live_2026_pages\page_06.html,False,primary_directory_snapshot
20260927000000,2026-09-27,2026-2027,YOLANDA CARGILE,Assistant Superintendent Curriculum & Instruction,Admin Center,,data\raw\hickman-mills\organization\snapshots\live_2026_pages\page_06.html,True,primary_directory_snapshot
20260927000000,2026-09-27,2026-2027,JULIE CARLETON,Title I Pre-Kindergarten Teacher,Freda Markley Early Childhood Center,,data\raw\hickman-mills\organization\snapshots\live_2026_pages\page_06.html,False,primary_directory_snapshot
20260927000000,2026-09-27,2026-2027,HOLLY CARLSON-JUKES,Social Studies - 8th Grade,Hickman Mills Middle School,,data\raw\hickman-mills\organization\snapshots\live_2026_pages\page_06.html,False,primary_directory_snapshot
20260927000000,2026-09-27,2026-2027,DENNIS CARPENTER,Superintendent,Admin Center,,data\raw\hickman-mills\organization\snapshots\live_2026_pages\page_06.html,True,primary_directory_snapshot
20260927000000,2026-09-27,2026-2027,LAURA CARR,Substitute - Nurse,Admin Center,,data\raw\hickman-mills\organization\snapshots\live_2026_pages\page_06.html,False,primary_directory_snapshot
20260927000000,2026-09-27,2026-2027,DONNA CARROLL,Nurse,Real World Learning Center,,data\raw\hickman-mills\organization\snapshots\live_2026_pages\page_07.html,True,primary_directory_snapshot
20260927000000,2026-09-27,2026-2027,ASHLEY CARTER,Art,Warford Elementary,,data\raw\hickman-mills\organization\snapshots\live_2026_pages\page_07.html,False,primary_directory_snapshot
20260927000000,2026-09-27,2026-2027,DANA CARTER,Principal,Ervin Elementary School,,data\raw\hickman-mills\organization\snapshots\live_2026_pages\page_07.html,True,primary_directory_snapshot
20260927000000,2026-09-27,2026-2027,NIREE CARTER,Student Intern - Coffee Shop,Real World Learning Center,,data\raw\hickman-mills\organization\snapshots\live_2026_pages\page_07.html,True,primary_directory_snapshot
20260927000000,2026-09-27,2026-2027,Terrell Carter-Williams,Extra Duty - Asst Wrestling Coach,Ruskin High School,,data\raw\hickman-mills\organization\snapshots\live_2026_pages\page_07.html,False,primary_directory_snapshot
20260927000000,2026-09-27,2026-2027,ALICIA CAUDILLO,Student Intern - Coffee Shop,Real World Learning Center,,data\raw\hickman-mills\organization\snapshots\live_2026_pages\page_07.html,True,primary_directory_snapshot
20260927000000,2026-09-27,2026-2027,LESLIE CHAMBERS,Band,Hickman Mills Middle School,,data\raw\hickman-mills\organization\snapshots\live_2026_pages\page_07.html,False,primary_directory_snapshot
20260927000000,2026-09-27,2026-2027,DEMARCUS CHARLES,Student Intern - Coffee Shop,Real World Learning Center,,data\raw\hickman-mills\organization\snapshots\live_2026_pages\page_07.html,True,primary_directory_snapshot
20260927000000,2026-09-27,2026-2027,MORGAN CHAVIS,SPED - Teacher,Warford Elementary,,data\raw\hickman-mills\organization\snapshots\live_2026_pages\page_07.html,False,primary_directory_snapshot
20260927000000,2026-09-27,2026-2027,KATHRYN CHESNUT,Parent Educator,"Freda Markley Early Childhood Center, Admin Center",,data\raw\hickman-mills\organization\snapshots\live_2026_pages\page_07.html,False,primary_directory_snapshot
20260927000000,2026-09-27,2026-2027,CHERYL COBB,Parent Educator,"Crittenton Center, Freda Markley Early Childhood Center, Real World Learning Center",,data\raw\hickman-mills\organization\snapshots\live_2026_pages\page_07.html,True,primary_directory_snapshot
20260927000000,2026-09-27,2026-2027,KEYONIA COBBINS,Principal,Ingels Elementary,,data\raw\hickman-mills\organization\snapshots\live_2026_pages\page_07.html,True,primary_directory_snapshot
20260927000000,2026-09-27,2026-2027,TEMEKA COBBINS,Registrar,Hickman Mills Middle School,,data\raw\hickman-mills\organization\snapshots\live_2026_pages\page_07.html,False,primary_directory_snapshot
20260927000000,2026-09-27,2026-2027,MEGAN CODILLA,Physical Education,Ruskin High School,,data\raw\hickman-mills\organization\snapshots\live_2026_pages\page_07.html,False,primary_directory_snapshot
20260927000000,2026-09-27,2026-2027,TERRI COLBERT,Secretary to Principal,Truman Elementary,,data\raw\hickman-mills\organization\snapshots\live_2026_pages\page_07.html,True,primary_directory_snapshot
20260927000000,2026-09-27,2026-2027,JHANELLE COLE,Police Officer,Hickman Mills School District,,data\raw\hickman-mills\organization\snapshots\live_2026_pages\page_08.html,False,primary_directory_snapshot
20260927000000,2026-09-27,2026-2027,ERIN COLEMAN,Grade 5,"Alvin Brooks Middle School, Truman Elementary",,data\raw\hickman-mills\organization\snapshots\live_2026_pages\page_08.html,False,primary_directory_snapshot
20260927000000,2026-09-27,2026-2027,ASHFORD COLLINS,Principal,Hickman Mills Middle School,,data\raw\hickman-mills\organization\snapshots\live_2026_pages\page_08.html,True,primary_directory_snapshot
20260927000000,2026-09-27,2026-2027,RHONDA COLLINS,Grade 2,Compass Elementary,,data\raw\hickman-mills\organization\snapshots\live_2026_pages\page_08.html,False,primary_directory_snapshot
20260927000000,2026-09-27,2026-2027,Tracee Collins,Cafeteria Supper (PM),,,data\raw\hickman-mills\organization\snapshots\live_2026_pages\page_08.html,False,primary_directory_snapshot
20260927000000,2026-09-27,2026-2027,JOSETTE COLO,Nutrition Service Associate - Full Time,Hickman Mills Middle School,,data\raw\hickman-mills\organization\snapshots\live_2026_pages\page_08.html,False,primary_directory_snapshot
20260927000000,2026-09-27,2026-2027,JARED COMFORT,Police Officer - Part Time,Hickman Mills School District,,data\raw\hickman-mills\organization\snapshots\live_2026_pages\page_08.html,False,primary_directory_snapshot
20260927000000,2026-09-27,2026-2027,HMC1 Communications,,,,data\raw\hickman-mills\organization\snapshots\live_2026_pages\page_08.html,False,primary_directory_snapshot
20260927000000,2026-09-27,2026-2027,RONNIE CONNER,Math,Ruskin High School,,data\raw\hickman-mills\organization\snapshots\live_2026_pages\page_08.html,False,primary_directory_snapshot
20260927000000,2026-09-27,2026-2027,LESLEY COOK,Kindergarten,Dobbs Elementary,,data\raw\hickman-mills\organization\snapshots\live_2026_pages\page_08.html,False,primary_directory_snapshot
20260927000000,2026-09-27,2026-2027,HEATH COOPER,Alternative Teacher - Middle School,Real World Learning Center,,data\raw\hickman-mills\organization\snapshots\live_2026_pages\page_08.html,True,primary_directory_snapshot
20260927000000,2026-09-27,2026-2027,CASSADIE CORPREW,Project Lead the Way,Hickman Mills Middle School,,data\raw\hickman-mills\organization\snapshots\live_2026_pages\page_08.html,True,primary_directory_snapshot
20260927000000,2026-09-27,2026-2027,WOULIMATA COUNDOUL,SPED Paraprofessional,"Dobbs Elementary, Hickman Mills Middle School",,data\raw\hickman-mills\organization\snapshots\live_2026_pages\page_08.html,False,primary_directory_snapshot
20260927000000,2026-09-27,2026-2027,Aigne` Cox,Executive Director of Business and Finance,Admin Center,,data\raw\hickman-mills\organization\snapshots\live_2026_pages\page_08.html,False,primary_directory_snapshot
20260927000000,2026-09-27,2026-2027,HERSHELL COX,SPED - Teacher,Hickman Mills Middle School,,data\raw\hickman-mills\organization\snapshots\live_2026_pages\page_08.html,False,primary_directory_snapshot
20260927000000,2026-09-27,2026-2027,KATHERINE COX,Speech Pathologist,Ervin Elementary School,,data\raw\hickman-mills\organization\snapshots\live_2026_pages\page_09.html,False,primary_directory_snapshot
20260927000000,2026-09-27,2026-2027,DEBORAH CRAWFORD,Nutrition Service Associate - Full Time,"Ervin Elementary School, Truman Elementary",,data\raw\hickman-mills\organization\snapshots\live_2026_pages\page_09.html,False,primary_directory_snapshot
20260927000000,2026-09-27,2026-2027,FREDRICK CRAYTON,Athletic Director,Ruskin High School,,data\raw\hickman-mills\organization\snapshots\live_2026_pages\page_09.html,False,primary_directory_snapshot
20260927000000,2026-09-27,2026-2027,AMBER CREAGH,Grade 3,"Ervin Elementary School, Santa Fe Elementary",,data\raw\hickman-mills\organization\snapshots\live_2026_pages\page_09.html,False,primary_directory_snapshot
20260927000000,2026-09-27,2026-2027,ROSHALLE CROSBY,Receptionist/Administration,"Hickman Mills School District, Admin Center",,data\raw\hickman-mills\organization\snapshots\live_2026_pages\page_09.html,False,primary_directory_snapshot
20260927000000,2026-09-27,2026-2027,LAUREN CROSS,Inventory Specialist,Admin Center,,data\raw\hickman-mills\organization\snapshots\live_2026_pages\page_09.html,False,primary_directory_snapshot
20260927000000,2026-09-27,2026-2027,NICOLE CROSS,Attendance/Media Clerk,"Ingels Elementary, Santa Fe Elementary",,data\raw\hickman-mills\organization\snapshots\live_2026_pages\page_09.html,False,primary_directory_snapshot
20260927000000,2026-09-27,2026-2027,AMY CROTTS,Media Specialist,Ruskin High School,,data\raw\hickman-mills\organization\snapshots\live_2026_pages\page_09.html,False,primary_directory_snapshot
20260927000000,2026-09-27,2026-2027,RACHEL CRUTCHFIELD,Communication Arts,,,data\raw\hickman-mills\organization\snapshots\live_2026_pages\page_09.html,False,primary_directory_snapshot
20260927000000,2026-09-27,2026-2027,Carlos Cubas,Extra Duty - Asst Wrestling Coach,Ruskin High School,,data\raw\hickman-mills\organization\snapshots\live_2026_pages\page_09.html,False,primary_directory_snapshot
20260927000000,2026-09-27,2026-2027,LAUREN CUPP,ESOL,Dobbs Elementary,,data\raw\hickman-mills\organization\snapshots\live_2026_pages\page_09.html,False,primary_directory_snapshot
20260927000000,2026-09-27,2026-2027,RICHARD CUSICK,Physical Education,Ingels Elementary,,data\raw\hickman-mills\organization\snapshots\live_2026_pages\page_09.html,False,primary_directory_snapshot
20260927000000,2026-09-27,2026-2027,AMBER DALTON,Grade 4,Ingels Elementary,,data\raw\hickman-mills\organization\snapshots\live_2026_pages\page_09.html,False,primary_directory_snapshot
20260927000000,2026-09-27,2026-2027,KAYE DANIELS,Grade 6 - Math,Hickman Mills Middle School,,data\raw\hickman-mills\organization\snapshots\live_2026_pages\page_09.html,False,primary_directory_snapshot
20260927000000,2026-09-27,2026-2027,DANIEL DAVIES,Alternative Program Teacher,Crittenton Center,,data\raw\hickman-mills\organization\snapshots\live_2026_pages\page_09.html,False,primary_directory_snapshot
20260927000000,2026-09-27,2026-2027,Darrell Davis,Nutrition Service Associate - Full Time,Ruskin High School,,data\raw\hickman-mills\organization\snapshots\live_2026_pages\page_10.html,False,primary_directory_snapshot
20260927000000,2026-09-27,2026-2027,STEPHANIE DAVIS,Supplemental Teacher,"John Sharp Early Education Center, Freda Markley Early Childhood Center",,data\raw\hickman-mills\organization\snapshots\live_2026_pages\page_10.html,False,primary_directory_snapshot
20260927000000,2026-09-27,2026-2027,TAMARA DAVIS,Art,"Ervin Elementary School, Alvin Brooks Middle School",,data\raw\hickman-mills\organization\snapshots\live_2026_pages\page_10.html,False,primary_directory_snapshot
20260927000000,2026-09-27,2026-2027,JEWELS DAWSON,Communication Arts,Ruskin High School,,data\raw\hickman-mills\organization\snapshots\live_2026_pages\page_10.html,False,primary_directory_snapshot
20260927000000,2026-09-27,2026-2027,PHYLLIS DAWSON,ECSE Teacher,Freda Markley Early Childhood Center,,data\raw\hickman-mills\organization\snapshots\live_2026_pages\page_10.html,False,primary_directory_snapshot
20260927000000,2026-09-27,2026-2027,VITA DE LA ROSA,Social Studies - 7th Grade,"Hickman Mills Middle School, Alvin Brooks Middle School",,data\raw\hickman-mills\organization\snapshots\live_2026_pages\page_10.html,False,primary_directory_snapshot
20260927000000,2026-09-27,2026-2027,NICOLAS DEAN,Project Lead the Way,Ruskin High School,,data\raw\hickman-mills\organization\snapshots\live_2026_pages\page_10.html,True,primary_directory_snapshot
20260927000000,2026-09-27,2026-2027,KASSIE DeLaSALLE,Title I Pre-Kindergarten Teacher,Truman Elementary,,data\raw\hickman-mills\organization\snapshots\live_2026_pages\page_10.html,False,primary_directory_snapshot
20260927000000,2026-09-27,2026-2027,ANGEL DELGADO AMARO,Extra Duty - Asst Girls Soccer Coach,Ruskin High School,,data\raw\hickman-mills\organization\snapshots\live_2026_pages\page_10.html,False,primary_directory_snapshot
20260927000000,2026-09-27,2026-2027,ROLAND DENSON,Extra Duty - Asst Track Coach,Ruskin High School,,data\raw\hickman-mills\organization\snapshots\live_2026_pages\page_10.html,False,primary_directory_snapshot
20260927000000,2026-09-27,2026-2027,KATHLEEN DEVORE,ECSE Teacher,"John Sharp Early Education Center, Truman Elementary",,data\raw\hickman-mills\organization\snapshots\live_2026_pages\page_10.html,False,primary_directory_snapshot
20260927000000,2026-09-27,2026-2027,JESSICA DIAL,Grade 2,Truman Elementary,,data\raw\hickman-mills\organization\snapshots\live_2026_pages\page_10.html,False,primary_directory_snapshot
20260927000000,2026-09-27,2026-2027,JOELL DICKERSON,Media Clerk,Hickman Mills Middle School,,data\raw\hickman-mills\organization\snapshots\live_2026_pages\page_10.html,False,primary_directory_snapshot
20260927000000,2026-09-27,2026-2027,MICHAEL DICKERSON,Police Officer,Hickman Mills School District,,data\raw\hickman-mills\organization\snapshots\live_2026_pages\page_10.html,False,primary_directory_snapshot
20260927000000,2026-09-27,2026-2027,NATASHA DICKEY,Paraprofessional,Real World Learning Center,,data\raw\hickman-mills\organization\snapshots\live_2026_pages\page_10.html,True,primary_directory_snapshot
20260927000000,2026-09-27,2026-2027,CHRISTA DIEATRICK,Occupational Therapist,Admin Center,,data\raw\hickman-mills\organization\snapshots\live_2026_pages\page_11.html,False,primary_directory_snapshot
20260927000000,2026-09-27,2026-2027,JEFFREY DIERKING,Communication Arts,Real World Learning Center,,data\raw\hickman-mills\organization\snapshots\live_2026_pages\page_11.html,True,primary_directory_snapshot
20260927000000,2026-09-27,2026-2027,MARIAH DIERKING,MOSIS/Core Data Coordinator,Admin Center,,data\raw\hickman-mills\organization\snapshots\live_2026_pages\page_11.html,False,primary_directory_snapshot
20260927000000,2026-09-27,2026-2027,DIANA DISCHER,Math,Ruskin High School,,data\raw\hickman-mills\organization\snapshots\live_2026_pages\page_11.html,False,primary_directory_snapshot
20260927000000,2026-09-27,2026-2027,LEON DIXON,Police Officer,Hickman Mills School District,,data\raw\hickman-mills\organization\snapshots\live_2026_pages\page_11.html,False,primary_directory_snapshot
20260927000000,2026-09-27,2026-2027,SIMMONE DOGAN,Grade 5,Dobbs Elementary,,data\raw\hickman-mills\organization\snapshots\live_2026_pages\page_11.html,False,primary_directory_snapshot
20260927000000,2026-09-27,2026-2027,DIANE DOLLAR,Title I Pre-Kindergarten Teacher,Freda Markley Early Childhood Center,,data\raw\hickman-mills\organization\snapshots\live_2026_pages\page_11.html,False,primary_directory_snapshot
20260927000000,2026-09-27,2026-2027,SANDRA DONALDSON,Paraprofessional,,,data\raw\hickman-mills\organization\snapshots\live_2026_pages\page_11.html,False,primary_directory_snapshot
20260927000000,2026-09-27,2026-2027,DOROTHY DUNN,Attendance Clerk,Ruskin High School,,data\raw\hickman-mills\organization\snapshots\live_2026_pages\page_11.html,False,primary_directory_snapshot
20260927000000,2026-09-27,2026-2027,SHARON DURANT,Grade 6 - Science,Santa Fe Elementary,,data\raw\hickman-mills\organization\snapshots\live_2026_pages\page_11.html,False,primary_directory_snapshot
20260927000000,2026-09-27,2026-2027,JEFFREY DZIEDZIC,SPED - Teacher,"Real World Learning Center, Warford Elementary",,data\raw\hickman-mills\organization\snapshots\live_2026_pages\page_11.html,True,primary_directory_snapshot
20260927000000,2026-09-27,2026-2027,JOE EASON,Grade 2,Dobbs Elementary,,data\raw\hickman-mills\organization\snapshots\live_2026_pages\page_11.html,False,primary_directory_snapshot
20260927000000,2026-09-27,2026-2027,BRENNA EATON,Supplemental Teacher,Ervin Elementary School,,data\raw\hickman-mills\organization\snapshots\live_2026_pages\page_11.html,False,primary_directory_snapshot
20260927000000,2026-09-27,2026-2027,EDSEL EDWARDS,Family School Liaison,Santa Fe Elementary,,data\raw\hickman-mills\organization\snapshots\live_2026_pages\page_11.html,False,primary_directory_snapshot
20260927000000,2026-09-27,2026-2027,ERICA EDWARDS,Director of Elementary Schools,Admin Center,,data\raw\hickman-mills\organization\snapshots\live_2026_pages\page_11.html,False,primary_directory_snapshot
20260927000000,2026-09-27,2026-2027,DAYTON EHLERS,Communication Arts - 6th - 8th Grade,Hickman Mills Middle School,,data\raw\hickman-mills\organization\snapshots\live_2026_pages\page_12.html,False,primary_directory_snapshot
20260927000000,2026-09-27,2026-2027,SHEILA ELLINGBURG,Secretary to Principal,Hickman Mills Middle School,,data\raw\hickman-mills\organization\snapshots\live_2026_pages\page_12.html,True,primary_directory_snapshot
20260927000000,2026-09-27,2026-2027,DERON ELLIS,Police Officer,Hickman Mills School District,,data\raw\hickman-mills\organization\snapshots\live_2026_pages\page_12.html,False,primary_directory_snapshot
20260927000000,2026-09-27,2026-2027,KAYE ELLIS,Grade 4,Warford Elementary,,data\raw\hickman-mills\organization\snapshots\live_2026_pages\page_12.html,False,primary_directory_snapshot
20260927000000,2026-09-27,2026-2027,SALWA ELSHARIF,ESOL Translator/Paraprofessional,Ruskin High School,,data\raw\hickman-mills\organization\snapshots\live_2026_pages\page_12.html,False,primary_directory_snapshot
20260927000000,2026-09-27,2026-2027,TABITHA ENAHORO,ECSE Teacher,"Dobbs Elementary, Santa Fe Elementary, Truman Elementary",,data\raw\hickman-mills\organization\snapshots\live_2026_pages\page_12.html,False,primary_directory_snapshot
20260927000000,2026-09-27,2026-2027,ANNETTE ERVIN,Part B - Special Ed Teacher,Compass Elementary,,data\raw\hickman-mills\organization\snapshots\live_2026_pages\page_12.html,False,primary_directory_snapshot
20260927000000,2026-09-27,2026-2027,JENNIFER ESFANDIARY,Grade 2,Truman Elementary,,data\raw\hickman-mills\organization\snapshots\live_2026_pages\page_12.html,False,primary_directory_snapshot
20260927000000,2026-09-27,2026-2027,BILLY EVANS,Custodian,Freda Markley Early Childhood Center,,data\raw\hickman-mills\organization\snapshots\live_2026_pages\page_12.html,False,primary_directory_snapshot
20260927000000,2026-09-27,2026-2027,JOANN EVANS,Tutoring,Ingels Elementary,,data\raw\hickman-mills\organization\snapshots\live_2026_pages\page_12.html,False,primary_directory_snapshot
20260927000000,2026-09-27,2026-2027,KAREEMAH EVANS,Grade 4,Truman Elementary,,data\raw\hickman-mills\organization\snapshots\live_2026_pages\page_12.html,False,primary_directory_snapshot
20260927000000,2026-09-27,2026-2027,DORIAN EWING,Custodian,Hickman Mills Middle School,,data\raw\hickman-mills\organization\snapshots\live_2026_pages\page_12.html,False,primary_directory_snapshot
20260927000000,2026-09-27,2026-2027,CURTIS FARMER,Police Officer - Part Time,Hickman Mills School District,,data\raw\hickman-mills\organization\snapshots\live_2026_pages\page_12.html,False,primary_directory_snapshot
20260927000000,2026-09-27,2026-2027,DANIELLE FARRENS,Grade 6 - Social Studies,Hickman Mills Middle School,,data\raw\hickman-mills\organization\snapshots\live_2026_pages\page_12.html,False,primary_directory_snapshot
20260927000000,2026-09-27,2026-2027,GLORIA FAYNE,Cafeteria Supper (PM),"Dobbs Elementary, John Sharp Early Education Center, Alvin Brooks Middle School",,data\raw\hickman-mills\organization\snapshots\live_2026_pages\page_12.html,False,primary_directory_snapshot
20260927000000,2026-09-27,2026-2027,JOSHUA FELLERS,Math - 6th-8th Grade,Alvin Brooks Middle School,,data\raw\hickman-mills\organization\snapshots\live_2026_pages\page_13.html,False,primary_directory_snapshot
20260927000000,2026-09-27,2026-2027,ERNEST FIELDS,Principal,Ruskin High School,,data\raw\hickman-mills\organization\snapshots\live_2026_pages\page_13.html,True,primary_directory_snapshot
20260927000000,2026-09-27,2026-2027,JESSICA FINLEY,Kindergarten,"Compass Elementary, Santa Fe Elementary",,data\raw\hickman-mills\organization\snapshots\live_2026_pages\page_13.html,False,primary_directory_snapshot
20260927000000,2026-09-27,2026-2027,ERIN FLAX,Music,Truman Elementary,,data\raw\hickman-mills\organization\snapshots\live_2026_pages\page_13.html,False,primary_directory_snapshot
20260927000000,2026-09-27,2026-2027,AMY FLEAK,Extra Duty - Head Volleyball Coach,Ruskin High School,,data\raw\hickman-mills\organization\snapshots\live_2026_pages\page_13.html,False,primary_directory_snapshot
20260927000000,2026-09-27,2026-2027,KEITH FLETCHER,Extra Duty - Asst. Football Coach,Ruskin High School,,data\raw\hickman-mills\organization\snapshots\live_2026_pages\page_13.html,False,primary_directory_snapshot
20260927000000,2026-09-27,2026-2027,DALTON FLORES,Police Officer,Hickman Mills School District,,data\raw\hickman-mills\organization\snapshots\live_2026_pages\page_13.html,False,primary_directory_snapshot
20260927000000,2026-09-27,2026-2027,JAMAIA FLOYD,Student Intern - Coffee Shop,Real World Learning Center,,data\raw\hickman-mills\organization\snapshots\live_2026_pages\page_13.html,True,primary_directory_snapshot
20260927000000,2026-09-27,2026-2027,JOSEPH FODE,Custodian,"Dobbs Elementary, Hickman Mills Middle School",,data\raw\hickman-mills\organization\snapshots\live_2026_pages\page_13.html,False,primary_directory_snapshot
20260927000000,2026-09-27,2026-2027,KEVIN FONDREN,Extra Duty - Asst. Football Coach,Ruskin High School,,data\raw\hickman-mills\organization\snapshots\live_2026_pages\page_13.html,False,primary_directory_snapshot
20260927000000,2026-09-27,2026-2027,MARQUETTA FORBUSH,Registrar,Ruskin High School,,data\raw\hickman-mills\organization\snapshots\live_2026_pages\page_13.html,False,primary_directory_snapshot
20260927000000,2026-09-27,2026-2027,DARLENE FORD,Part B - Paraprofessional,Dobbs Elementary,,data\raw\hickman-mills\organization\snapshots\live_2026_pages\page_13.html,False,primary_directory_snapshot
20260927000000,2026-09-27,2026-2027,Mari Foster,Program Clerk,"Truman Elementary, Warford Elementary",,data\raw\hickman-mills\organization\snapshots\live_2026_pages\page_13.html,False,primary_directory_snapshot
20260927000000,2026-09-27,2026-2027,MARY FOSTER,Custodian,Dobbs Elementary,,data\raw\hickman-mills\organization\snapshots\live_2026_pages\page_13.html,False,primary_directory_snapshot
20260927000000,2026-09-27,2026-2027,DELANEY FOX,Art,Ervin Elementary School,,data\raw\hickman-mills\organization\snapshots\live_2026_pages\page_13.html,False,primary_directory_snapshot
20260927000000,2026-09-27,2026-2027,FANIA FRANCIS DILLARD,Secretary to Principal,Warford Elementary,,data\raw\hickman-mills\organization\snapshots\live_2026_pages\page_14.html,True,primary_directory_snapshot
20260927000000,2026-09-27,2026-2027,KIMBERLY FRANKEN,Speech Pathologist,Freda Markley Early Childhood Center,,data\raw\hickman-mills\organization\snapshots\live_2026_pages\page_14.html,False,primary_directory_snapshot
20260927000000,2026-09-27,2026-2027,SHAMIKA FRANKLIN,Grade 4,Warford Elementary,,data\raw\hickman-mills\organization\snapshots\live_2026_pages\page_14.html,False,primary_directory_snapshot
20260927000000,2026-09-27,2026-2027,ANDRE FRAZIER,SPED - Teacher,Santa Fe Elementary,,data\raw\hickman-mills\organization\snapshots\live_2026_pages\page_14.html,False,primary_directory_snapshot
20260927000000,2026-09-27,2026-2027,KARA FREDRICKSON,Restorative Practice Coach,Hickman Mills Middle School,,data\raw\hickman-mills\organization\snapshots\live_2026_pages\page_14.html,False,primary_directory_snapshot
20260927000000,2026-09-27,2026-2027,CAREN FREEMAN,Media Specialist,Compass Elementary,,data\raw\hickman-mills\organization\snapshots\live_2026_pages\page_14.html,False,primary_directory_snapshot
20260927000000,2026-09-27,2026-2027,ISAAC FREEMAN,Extra Duty - Asst Track Coach,"Hickman Mills Middle School, Ruskin High School",,data\raw\hickman-mills\organization\snapshots\live_2026_pages\page_14.html,False,primary_directory_snapshot
20260927000000,2026-09-27,2026-2027,ELENA FROST,Part B - Paraprofessional,Hickman Mills Middle School,,data\raw\hickman-mills\organization\snapshots\live_2026_pages\page_14.html,False,primary_directory_snapshot
20260927000000,2026-09-27,2026-2027,PATRICIA FURRELL,Grade 1,Ingels Elementary,,data\raw\hickman-mills\organization\snapshots\live_2026_pages\page_14.html,False,primary_directory_snapshot
20260927000000,2026-09-27,2026-2027,ROBERT GAGE,Physical Education,,,data\raw\hickman-mills\organization\snapshots\live_2026_pages\page_14.html,False,primary_directory_snapshot
20260927000000,2026-09-27,2026-2027,JESSICA GAGEWANAMAKER,Process Coordinator,,,data\raw\hickman-mills\organization\snapshots\live_2026_pages\page_14.html,False,primary_directory_snapshot
20260927000000,2026-09-27,2026-2027,ANGELA GALAMBA,School Psychologist,Ervin Elementary School,,data\raw\hickman-mills\organization\snapshots\live_2026_pages\page_14.html,False,primary_directory_snapshot
20260927000000,2026-09-27,2026-2027,JESSICA GALLES,Title I Pre-Kindergarten Teacher,Truman Elementary,,data\raw\hickman-mills\organization\snapshots\live_2026_pages\page_14.html,False,primary_directory_snapshot
20260927000000,2026-09-27,2026-2027,DERYCK GALLOWAY,Police Officer,Hickman Mills School District,,data\raw\hickman-mills\organization\snapshots\live_2026_pages\page_14.html,False,primary_directory_snapshot
20260927000000,2026-09-27,2026-2027,ERIONE GANT,Health Professional,Ingels Elementary,,data\raw\hickman-mills\organization\snapshots\live_2026_pages\page_14.html,False,primary_directory_snapshot
20260927000000,2026-09-27,2026-2027,ALEJANDRO GARCIA,Alternative Teacher - Middle School,Real World Learning Center,,data\raw\hickman-mills\organization\snapshots\live_2026_pages\page_15.html,True,primary_directory_snapshot
20260927000000,2026-09-27,2026-2027,YOLANDA GARCIA,Custodian,Hickman Mills Middle School,,data\raw\hickman-mills\organization\snapshots\live_2026_pages\page_15.html,False,primary_directory_snapshot
20260927000000,2026-09-27,2026-2027,BRITTANY GARCIA-GASH,SPED - Teacher,Ingels Elementary,,data\raw\hickman-mills\organization\snapshots\live_2026_pages\page_15.html,False,primary_directory_snapshot
20260927000000,2026-09-27,2026-2027,KIERSTEN GARDNER,SPED - Teacher,Truman Elementary,,data\raw\hickman-mills\organization\snapshots\live_2026_pages\page_15.html,False,primary_directory_snapshot
20260927000000,2026-09-27,2026-2027,TAMARA GAST,ESOL,Ervin Elementary School,,data\raw\hickman-mills\organization\snapshots\live_2026_pages\page_15.html,False,primary_directory_snapshot
20260927000000,2026-09-27,2026-2027,CELESTE GATEWOOD,SPED Paraprofessional,Hickman Mills Middle School,,data\raw\hickman-mills\organization\snapshots\live_2026_pages\page_15.html,False,primary_directory_snapshot
20260927000000,2026-09-27,2026-2027,CAMILLE GAY,History Total Work Record,Ingels Elementary,,data\raw\hickman-mills\organization\snapshots\live_2026_pages\page_15.html,False,primary_directory_snapshot
20260927000000,2026-09-27,2026-2027,TENESIA GAYLE,Grade 2,Warford Elementary,,data\raw\hickman-mills\organization\snapshots\live_2026_pages\page_15.html,False,primary_directory_snapshot
20260927000000,2026-09-27,2026-2027,ERJABO GEMBERO,ESOL,Dobbs Elementary,,data\raw\hickman-mills\organization\snapshots\live_2026_pages\page_15.html,False,primary_directory_snapshot
20260927000000,2026-09-27,2026-2027,SHIRLEY GEORGE,ECSE Paraprofessional,"John Sharp Early Education Center, Truman Elementary",,data\raw\hickman-mills\organization\snapshots\live_2026_pages\page_15.html,False,primary_directory_snapshot
20260927000000,2026-09-27,2026-2027,HOUDA GHICHAOUI,Nutrition Service Associate - Full Time,"Ervin Elementary School, Alvin Brooks Middle School, Truman Elementary",,data\raw\hickman-mills\organization\snapshots\live_2026_pages\page_15.html,False,primary_directory_snapshot
20260927000000,2026-09-27,2026-2027,MELODY GIBESON,Grade 4,Ingels Elementary,,data\raw\hickman-mills\organization\snapshots\live_2026_pages\page_15.html,False,primary_directory_snapshot
20260927000000,2026-09-27,2026-2027,ALVIN GILMORE,Extra Duty - Asst Baseball Coach,Ruskin High School,,data\raw\hickman-mills\organization\snapshots\live_2026_pages\page_15.html,False,primary_directory_snapshot
20260927000000,2026-09-27,2026-2027,HJORDIS GILMORE,Administrative Secretary/Student Services,John Sharp Early Education Center,,data\raw\hickman-mills\organization\snapshots\live_2026_pages\page_15.html,False,primary_directory_snapshot
20260927000000,2026-09-27,2026-2027,JUDY GIOVANNI-HALTER,SPED - Teacher,"Ruskin High School, Warford Elementary",,data\raw\hickman-mills\organization\snapshots\live_2026_pages\page_15.html,False,primary_directory_snapshot
20260927000000,2026-09-27,2026-2027,IVAN GLASCO,ROTC,Ruskin High School,,data\raw\hickman-mills\organization\snapshots\live_2026_pages\page_16.html,False,primary_directory_snapshot
20260927000000,2026-09-27,2026-2027,MICHAEL GLINES,Nutrition Services Bookkeeper,Admin Center,,data\raw\hickman-mills\organization\snapshots\live_2026_pages\page_16.html,False,primary_directory_snapshot
20260927000000,2026-09-27,2026-2027,REBECCA GOEHRING,Asst. Director of Communications,Admin Center,,data\raw\hickman-mills\organization\snapshots\live_2026_pages\page_16.html,False,primary_directory_snapshot
20260927000000,2026-09-27,2026-2027,SHERRI GOESSELE,History Total Work Record,Warford Elementary,,data\raw\hickman-mills\organization\snapshots\live_2026_pages\page_16.html,False,primary_directory_snapshot
20260927000000,2026-09-27,2026-2027,TERESA GOLDMAN,Grade 4,Truman Elementary,,data\raw\hickman-mills\organization\snapshots\live_2026_pages\page_16.html,False,primary_directory_snapshot
20260927000000,2026-09-27,2026-2027,FARIDA GONZALES,ESOL Translator/Paraprofessional,Ervin Elementary School,,data\raw\hickman-mills\organization\snapshots\live_2026_pages\page_16.html,False,primary_directory_snapshot
20260927000000,2026-09-27,2026-2027,KELSEY GONZALEZ,ESL Childcare Worker - Part Time,Admin Center,,data\raw\hickman-mills\organization\snapshots\live_2026_pages\page_16.html,False,primary_directory_snapshot
20260927000000,2026-09-27,2026-2027,STEVEN GOODWIN,Grade 5,Dobbs Elementary,,data\raw\hickman-mills\organization\snapshots\live_2026_pages\page_16.html,False,primary_directory_snapshot
20260927000000,2026-09-27,2026-2027,RENNA GORDON,Asst Principal,Hickman Mills Middle School,,data\raw\hickman-mills\organization\snapshots\live_2026_pages\page_16.html,True,primary_directory_snapshot
20260927000000,2026-09-27,2026-2027,GWENETTE GRADY,Grade 6 - Math,Hickman Mills Middle School,,data\raw\hickman-mills\organization\snapshots\live_2026_pages\page_16.html,False,primary_directory_snapshot
20260927000000,2026-09-27,2026-2027,SMOKEY GRAFF,Supplemental Teacher,Compass Elementary,,data\raw\hickman-mills\organization\snapshots\live_2026_pages\page_16.html,False,primary_directory_snapshot
20260927000000,2026-09-27,2026-2027,MARVIN GRAHAM,Nutrition Service Associate - Full Time,Ruskin High School,,data\raw\hickman-mills\organization\snapshots\live_2026_pages\page_16.html,False,primary_directory_snapshot
20260927000000,2026-09-27,2026-2027,MELISSA GRAHAM,ECSE Teacher,Freda Markley Early Childhood Center,,data\raw\hickman-mills\organization\snapshots\live_2026_pages\page_16.html,False,primary_directory_snapshot
20260927000000,2026-09-27,2026-2027,KEYAWNA GRANT,Paraprofessional,Truman Elementary,,data\raw\hickman-mills\organization\snapshots\live_2026_pages\page_16.html,False,primary_directory_snapshot
20260927000000,2026-09-27,2026-2027,NICOLE GRANT,Communication Arts,Ruskin High School,,data\raw\hickman-mills\organization\snapshots\live_2026_pages\page_16.html,False,primary_directory_snapshot
20260927000000,2026-09-27,2026-2027,PATRICIA GRASINSKI,Title I Pre-Kindergarten Teacher,Freda Markley Early Childhood Center,,data\raw\hickman-mills\organization\snapshots\live_2026_pages\page_17.html,False,primary_directory_snapshot
20260927000000,2026-09-27,2026-2027,GINA GRAY,Kindergarten,Warford Elementary,,data\raw\hickman-mills\organization\snapshots\live_2026_pages\page_17.html,False,primary_directory_snapshot
20260927000000,2026-09-27,2026-2027,TONAE GRAY,Behavior Interventionist,Admin Center,,data\raw\hickman-mills\organization\snapshots\live_2026_pages\page_17.html,False,primary_directory_snapshot
20260927000000,2026-09-27,2026-2027,LASHAWNDRA GREEN,Cafeteria Manager,"Alvin Brooks Middle School, Ingels Elementary, Truman Elementary",,data\raw\hickman-mills\organization\snapshots\live_2026_pages\page_17.html,False,primary_directory_snapshot
20260927000000,2026-09-27,2026-2027,JUSTICE GREENBERGER,Police Officer,Hickman Mills School District,,data\raw\hickman-mills\organization\snapshots\live_2026_pages\page_17.html,False,primary_directory_snapshot
20260927000000,2026-09-27,2026-2027,JEFFREY GRESNICK,Science - 6th - 8th Grade,,,data\raw\hickman-mills\organization\snapshots\live_2026_pages\page_17.html,False,primary_directory_snapshot
20260927000000,2026-09-27,2026-2027,CIARA GRIFFIN,Tutoring,Ingels Elementary,,data\raw\hickman-mills\organization\snapshots\live_2026_pages\page_17.html,False,primary_directory_snapshot
20260927000000,2026-09-27,2026-2027,KIKIA GRIFFIN,"Custodian, 2nd Shift",Ruskin High School,,data\raw\hickman-mills\organization\snapshots\live_2026_pages\page_17.html,False,primary_directory_snapshot
20260927000000,2026-09-27,2026-2027,TIAH GRIFFIN,Grade 1,Truman Elementary,,data\raw\hickman-mills\organization\snapshots\live_2026_pages\page_17.html,False,primary_directory_snapshot
20260927000000,2026-09-27,2026-2027,ARTIS GRIGSBY,"Custodian, Head",Warford Elementary,,data\raw\hickman-mills\organization\snapshots\live_2026_pages\page_17.html,False,primary_directory_snapshot
20260927000000,2026-09-27,2026-2027,JILL GRIGSBY,ESOL,Ingels Elementary,,data\raw\hickman-mills\organization\snapshots\live_2026_pages\page_17.html,False,primary_directory_snapshot
20260927000000,2026-09-27,2026-2027,ANGELA GROSS,Part B - Assessment Team/Evaluator,Admin Center,,data\raw\hickman-mills\organization\snapshots\live_2026_pages\page_17.html,False,primary_directory_snapshot
20260927000000,2026-09-27,2026-2027,STEPHEN GULICK,Database Specialist,Admin Center,,data\raw\hickman-mills\organization\snapshots\live_2026_pages\page_17.html,False,primary_directory_snapshot
20260927000000,2026-09-27,2026-2027,AMY GUTHRIE,Part B - Process Coordinator,Ruskin High School,,data\raw\hickman-mills\organization\snapshots\live_2026_pages\page_17.html,False,primary_directory_snapshot
20260927000000,2026-09-27,2026-2027,KEYONNA HADLEY,SPED Paraprofessional,,,data\raw\hickman-mills\organization\snapshots\live_2026_pages\page_17.html,False,primary_directory_snapshot
20260927000000,2026-09-27,2026-2027,ADAM HAJEH,Music,Warford Elementary,,data\raw\hickman-mills\organization\snapshots\live_2026_pages\page_18.html,False,primary_directory_snapshot
20260927000000,2026-09-27,2026-2027,MARQUIS HALL,Principal,Alvin Brooks Middle School,,data\raw\hickman-mills\organization\snapshots\live_2026_pages\page_18.html,True,primary_directory_snapshot
20260927000000,2026-09-27,2026-2027,NONETTA HAMMOND,SPED Paraprofessional,Warford Elementary,,data\raw\hickman-mills\organization\snapshots\live_2026_pages\page_18.html,False,primary_directory_snapshot
20260927000000,2026-09-27,2026-2027,EDITH HANCOCK-REESE,Grade 5,Warford Elementary,,data\raw\hickman-mills\organization\snapshots\live_2026_pages\page_18.html,False,primary_directory_snapshot
20260927000000,2026-09-27,2026-2027,RONALD HANKINS,Project Lead the Way,Ruskin High School,,data\raw\hickman-mills\organization\snapshots\live_2026_pages\page_18.html,True,primary_directory_snapshot
20260927000000,2026-09-27,2026-2027,HILLARY HANSFORD STANFORD,Speech Pathologist,Dobbs Elementary,,data\raw\hickman-mills\organization\snapshots\live_2026_pages\page_18.html,False,primary_directory_snapshot
20260927000000,2026-09-27,2026-2027,ALEX HARDIMAN,Student Intern - Coffee Shop,Ruskin High School,,data\raw\hickman-mills\organization\snapshots\live_2026_pages\page_18.html,True,primary_directory_snapshot
20260927000000,2026-09-27,2026-2027,FAITH HARDING,Speech Pathologist,"Hickman Mills Middle School, Alvin Brooks Middle School",,data\raw\hickman-mills\organization\snapshots\live_2026_pages\page_18.html,False,primary_directory_snapshot
20260927000000,2026-09-27,2026-2027,RICHARD HARDLEY,"Custodian, Head",Ingels Elementary,,data\raw\hickman-mills\organization\snapshots\live_2026_pages\page_18.html,False,primary_directory_snapshot
20260927000000,2026-09-27,2026-2027,CHRISTOPHER HARRIS,Restorative Practice Coach,"Ingels Elementary, Santa Fe Elementary",,data\raw\hickman-mills\organization\snapshots\live_2026_pages\page_18.html,False,primary_directory_snapshot
20260927000000,2026-09-27,2026-2027,CLAUDE HARRIS,Business,Ruskin High School,,data\raw\hickman-mills\organization\snapshots\live_2026_pages\page_18.html,False,primary_directory_snapshot
20260927000000,2026-09-27,2026-2027,JORDAN HARRIS,Kindergarten,Truman Elementary,,data\raw\hickman-mills\organization\snapshots\live_2026_pages\page_18.html,False,primary_directory_snapshot
20260927000000,2026-09-27,2026-2027,KIM HARRIS,Cafeteria Manager,Dobbs Elementary,,data\raw\hickman-mills\organization\snapshots\live_2026_pages\page_18.html,False,primary_directory_snapshot
20260927000000,2026-09-27,2026-2027,LATOYA HARRIS,Part B - Special Ed Teacher,Compass Elementary,,data\raw\hickman-mills\organization\snapshots\live_2026_pages\page_18.html,False,primary_directory_snapshot
20260927000000,2026-09-27,2026-2027,TABITHA HARRIS,Supplemental Teacher,Warford Elementary,,data\raw\hickman-mills\organization\snapshots\live_2026_pages\page_18.html,False,primary_directory_snapshot
20260927000000,2026-09-27,2026-2027,KEITH HARRISON,Police Officer,Hickman Mills School District,,data\raw\hickman-mills\organization\snapshots\live_2026_pages\page_19.html,False,primary_directory_snapshot
20260927000000,2026-09-27,2026-2027,KIMBERLY HARTMAN,Process Coordinator,"Dobbs Elementary, Admin Center",,data\raw\hickman-mills\organization\snapshots\live_2026_pages\page_19.html,False,primary_directory_snapshot
20260927000000,2026-09-27,2026-2027,ALLISON HARTZELL,Part B - Paraprofessional,Ervin Elementary School,,data\raw\hickman-mills\organization\snapshots\live_2026_pages\page_19.html,False,primary_directory_snapshot
20260927000000,2026-09-27,2026-2027,ROCHELLE HARVEY ACKER,LPN,Warford Elementary,,data\raw\hickman-mills\organization\snapshots\live_2026_pages\page_19.html,False,primary_directory_snapshot
20260927000000,2026-09-27,2026-2027,REBEKAH HASBROUCK,ROTC,Ruskin High School,,data\raw\hickman-mills\organization\snapshots\live_2026_pages\page_19.html,False,primary_directory_snapshot
20260927000000,2026-09-27,2026-2027,JRAE HAWKINS,Grade 3,Truman Elementary,,data\raw\hickman-mills\organization\snapshots\live_2026_pages\page_19.html,False,primary_directory_snapshot
20260927000000,2026-09-27,2026-2027,ANNE HAWKS,Coord. of Teaching & Learning,"Alvin Brooks Middle School, Admin Center",,data\raw\hickman-mills\organization\snapshots\live_2026_pages\page_19.html,False,primary_directory_snapshot
20260927000000,2026-09-27,2026-2027,BRIANA HAWLEY,Police Officer - Part Time,Hickman Mills School District,,data\raw\hickman-mills\organization\snapshots\live_2026_pages\page_19.html,False,primary_directory_snapshot
20260927000000,2026-09-27,2026-2027,YVETTE HAYES,Grade 5,Ingels Elementary,,data\raw\hickman-mills\organization\snapshots\live_2026_pages\page_19.html,False,primary_directory_snapshot
20260927000000,2026-09-27,2026-2027,JANET HAYWARD,Nurse,"Ervin Elementary School, Admin Center",,data\raw\hickman-mills\organization\snapshots\live_2026_pages\page_19.html,False,primary_directory_snapshot
20260927000000,2026-09-27,2026-2027,JENNA HAYWOOD,Kindergarten,Ervin Elementary School,,data\raw\hickman-mills\organization\snapshots\live_2026_pages\page_19.html,False,primary_directory_snapshot
20260927000000,2026-09-27,2026-2027,KAITLIN HEARD,Communication Arts - 8th Grade,Hickman Mills Middle School,,data\raw\hickman-mills\organization\snapshots\live_2026_pages\page_19.html,False,primary_directory_snapshot
20260927000000,2026-09-27,2026-2027,SHARON HEFFERNAN,Secretary,Ruskin High School,,data\raw\hickman-mills\organization\snapshots\live_2026_pages\page_19.html,False,primary_directory_snapshot
20260927000000,2026-09-27,2026-2027,CHRISTOPHER HENRICH,Science - 6th Grade,Hickman Mills Middle School,,data\raw\hickman-mills\organization\snapshots\live_2026_pages\page_19.html,False,primary_directory_snapshot
20260927000000,2026-09-27,2026-2027,Daniel Hernandez,Police Officer,Hickman Mills School District,,data\raw\hickman-mills\organization\snapshots\live_2026_pages\page_19.html,False,primary_directory_snapshot
20260927000000,2026-09-27,2026-2027,ELIZABETH HIERSCHE,Math - 8th Grade,Hickman Mills Middle School,,data\raw\hickman-mills\organization\snapshots\live_2026_pages\page_20.html,False,primary_directory_snapshot
20260927000000,2026-09-27,2026-2027,AMY HILL,Speech Pathologist,Ervin Elementary School,,data\raw\hickman-mills\organization\snapshots\live_2026_pages\page_20.html,False,primary_directory_snapshot
20260927000000,2026-09-27,2026-2027,ELNORA HILL,Lunch Aide,Freda Markley Early Childhood Center,,data\raw\hickman-mills\organization\snapshots\live_2026_pages\page_20.html,False,primary_directory_snapshot
20260927000000,2026-09-27,2026-2027,KELLY HILL,Custodian Supervisor,BUILDING & GROUNDS,,data\raw\hickman-mills\organization\snapshots\live_2026_pages\page_20.html,False,primary_directory_snapshot
20260927000000,2026-09-27,2026-2027,RAMYAH HILL,Part B - Paraprofessional,Ingels Elementary,,data\raw\hickman-mills\organization\snapshots\live_2026_pages\page_20.html,False,primary_directory_snapshot
20260927000000,2026-09-27,2026-2027,ROGER HILL,Police Officer,Hickman Mills School District,,data\raw\hickman-mills\organization\snapshots\live_2026_pages\page_20.html,False,primary_directory_snapshot
20260927000000,2026-09-27,2026-2027,TANIKA HILL,Extra Duty,Ruskin High School,,data\raw\hickman-mills\organization\snapshots\live_2026_pages\page_20.html,False,primary_directory_snapshot
20260927000000,2026-09-27,2026-2027,ERICA HOARD,Principal,Compass Elementary,,data\raw\hickman-mills\organization\snapshots\live_2026_pages\page_20.html,True,primary_directory_snapshot
20260927000000,2026-09-27,2026-2027,STEFAN HODES,Art,Compass Elementary,,data\raw\hickman-mills\organization\snapshots\live_2026_pages\page_20.html,False,primary_directory_snapshot
20260927000000,2026-09-27,2026-2027,MELODY HOLLIDAY,Orchestra,Hickman Mills Middle School,,data\raw\hickman-mills\organization\snapshots\live_2026_pages\page_20.html,False,primary_directory_snapshot
20260927000000,2026-09-27,2026-2027,TERRON HOLLINGSWORTH,Extra Duty - Asst. Boys Basketball Coach,Ruskin High School,,data\raw\hickman-mills\organization\snapshots\live_2026_pages\page_20.html,False,primary_directory_snapshot
20260927000000,2026-09-27,2026-2027,CHAD HOLMES,ISS Instructor,Alvin Brooks Middle School,,data\raw\hickman-mills\organization\snapshots\live_2026_pages\page_20.html,False,primary_directory_snapshot
20260927000000,2026-09-27,2026-2027,GENE HOLMES,"Custodian, 2nd Shift","Hickman Mills Middle School, Truman Elementary",,data\raw\hickman-mills\organization\snapshots\live_2026_pages\page_20.html,False,primary_directory_snapshot
20260927000000,2026-09-27,2026-2027,JONITA HOLMES,District Instructional Coach,"Compass Elementary, Admin Center",,data\raw\hickman-mills\organization\snapshots\live_2026_pages\page_20.html,False,primary_directory_snapshot
20260927000000,2026-09-27,2026-2027,RYAN HOOD,Social Studies - 6th Grade,,,data\raw\hickman-mills\organization\snapshots\live_2026_pages\page_20.html,False,primary_directory_snapshot
20260927000000,2026-09-27,2026-2027,DONNA HOOVER,Director of Nutrition Services,Admin Center,,data\raw\hickman-mills\organization\snapshots\live_2026_pages\page_21.html,False,primary_directory_snapshot
20260927000000,2026-09-27,2026-2027,SARAH HOPKINS,Summer School,Ervin Elementary School,,data\raw\hickman-mills\organization\snapshots\live_2026_pages\page_21.html,False,primary_directory_snapshot
20260927000000,2026-09-27,2026-2027,STEVEN HOPKINS,Maintenance Supervisor,BUILDING & GROUNDS,,data\raw\hickman-mills\organization\snapshots\live_2026_pages\page_21.html,False,primary_directory_snapshot
20260927000000,2026-09-27,2026-2027,SOPHIA HOPPER,Communication Arts - 7th Grade,Hickman Mills Middle School,,data\raw\hickman-mills\organization\snapshots\live_2026_pages\page_21.html,False,primary_directory_snapshot
20260927000000,2026-09-27,2026-2027,LESLEY HOSKINS,Cafeteria Supper (PM),"Ingels Elementary, Real World Learning Center, Truman Elementary",,data\raw\hickman-mills\organization\snapshots\live_2026_pages\page_21.html,True,primary_directory_snapshot
20260927000000,2026-09-27,2026-2027,RACHEL HOUSTON,Process Coordinator,Compass Elementary,,data\raw\hickman-mills\organization\snapshots\live_2026_pages\page_21.html,False,primary_directory_snapshot
20260927000000,2026-09-27,2026-2027,AMANDA HOWARD,Math,Ruskin High School,,data\raw\hickman-mills\organization\snapshots\live_2026_pages\page_21.html,False,primary_directory_snapshot
20260927000000,2026-09-27,2026-2027,HOLLY HOWARD,Extra Duty - Choreographer,Ruskin High School,,data\raw\hickman-mills\organization\snapshots\live_2026_pages\page_21.html,False,primary_directory_snapshot
20260927000000,2026-09-27,2026-2027,MARVIN HOWARD,Custodian,Ervin Elementary School,,data\raw\hickman-mills\organization\snapshots\live_2026_pages\page_21.html,False,primary_directory_snapshot
20260927000000,2026-09-27,2026-2027,PHILIP HOWARD,Grade 4,Ervin Elementary School,,data\raw\hickman-mills\organization\snapshots\live_2026_pages\page_21.html,False,primary_directory_snapshot
20260927000000,2026-09-27,2026-2027,WENDY HOWARD,Counselor,Ruskin High School,,data\raw\hickman-mills\organization\snapshots\live_2026_pages\page_21.html,True,primary_directory_snapshot
20260927000000,2026-09-27,2026-2027,JERAMIE HOWELL,Math,Ruskin High School,,data\raw\hickman-mills\organization\snapshots\live_2026_pages\page_21.html,False,primary_directory_snapshot
20260927000000,2026-09-27,2026-2027,KRISTI HOWERY,Grade 5,Truman Elementary,,data\raw\hickman-mills\organization\snapshots\live_2026_pages\page_21.html,False,primary_directory_snapshot
20260927000000,2026-09-27,2026-2027,JASMINE HUBBARD,ECSE Paraprofessional,Truman Elementary,,data\raw\hickman-mills\organization\snapshots\live_2026_pages\page_21.html,False,primary_directory_snapshot
20260927000000,2026-09-27,2026-2027,LAURENCE HUDSON,Extra Duty - Asst. Football Coach,Hickman Mills Middle School,,data\raw\hickman-mills\organization\snapshots\live_2026_pages\page_21.html,False,primary_directory_snapshot
20260927000000,2026-09-27,2026-2027,ELIZABETH HUFF,Project Lead the Way,Hickman Mills Middle School,,data\raw\hickman-mills\organization\snapshots\live_2026_pages\page_22.html,True,primary_directory_snapshot
20260927000000,2026-09-27,2026-2027,MATTHEW HUFF,Police Officer,Hickman Mills School District,,data\raw\hickman-mills\organization\snapshots\live_2026_pages\page_22.html,False,primary_directory_snapshot
20260927000000,2026-09-27,2026-2027,FAITH HUMPHRIES,Grade 2,Ingels Elementary,,data\raw\hickman-mills\organization\snapshots\live_2026_pages\page_22.html,False,primary_directory_snapshot
20260927000000,2026-09-27,2026-2027,MICHAEL HUTCHINS,Social Studies,Ruskin High School,,data\raw\hickman-mills\organization\snapshots\live_2026_pages\page_22.html,False,primary_directory_snapshot
20260927000000,2026-09-27,2026-2027,KYRA HYCHE,Grade 3,Warford Elementary,,data\raw\hickman-mills\organization\snapshots\live_2026_pages\page_22.html,False,primary_directory_snapshot
20260927000000,2026-09-27,2026-2027,ICELYN IONEL,Science- 8th Grade,Hickman Mills Middle School,,data\raw\hickman-mills\organization\snapshots\live_2026_pages\page_22.html,False,primary_directory_snapshot
20260927000000,2026-09-27,2026-2027,SHANITA ISAAC,Alternative Teacher - Middle School,Real World Learning Center,,data\raw\hickman-mills\organization\snapshots\live_2026_pages\page_22.html,True,primary_directory_snapshot
20260927000000,2026-09-27,2026-2027,ASIA IVERSON,Cafeteria Supper (PM),Hickman Mills Middle School,,data\raw\hickman-mills\organization\snapshots\live_2026_pages\page_22.html,False,primary_directory_snapshot
20260927000000,2026-09-27,2026-2027,Andrew Jackson,Skilled Trades Instructor,Real World Learning Center,,data\raw\hickman-mills\organization\snapshots\live_2026_pages\page_22.html,True,primary_directory_snapshot
20260927000000,2026-09-27,2026-2027,BILLIE JACKSON,"Custodian, Head","Ervin Elementary School, Real World Learning Center",,data\raw\hickman-mills\organization\snapshots\live_2026_pages\page_22.html,True,primary_directory_snapshot
20260927000000,2026-09-27,2026-2027,KIMBERLY JACKSON,Grade 1,Warford Elementary,,data\raw\hickman-mills\organization\snapshots\live_2026_pages\page_22.html,False,primary_directory_snapshot
20260927000000,2026-09-27,2026-2027,TARENCE JACKSON,"Custodian, 2nd Shift",Ruskin High School,,data\raw\hickman-mills\organization\snapshots\live_2026_pages\page_22.html,False,primary_directory_snapshot
20260927000000,2026-09-27,2026-2027,LORI JACKSON-RUSS,School Psychologist,Dobbs Elementary,,data\raw\hickman-mills\organization\snapshots\live_2026_pages\page_22.html,False,primary_directory_snapshot
20260927000000,2026-09-27,2026-2027,TAMEIA JACKSON-WHITE,Extra Duty,Alvin Brooks Middle School,,data\raw\hickman-mills\organization\snapshots\live_2026_pages\page_22.html,False,primary_directory_snapshot
20260927000000,2026-09-27,2026-2027,TABITHA JARRETT,Counselor,Truman Elementary,,data\raw\hickman-mills\organization\snapshots\live_2026_pages\page_22.html,True,primary_directory_snapshot
20260927000000,2026-09-27,2026-2027,MARGUERITE JAYBUSH,Social Studies - 7th Grade,Hickman Mills Middle School,,data\raw\hickman-mills\organization\snapshots\live_2026_pages\page_23.html,False,primary_directory_snapshot
20260927000000,2026-09-27,2026-2027,ELSTON JEFFERS,Science,Crittenton Center,,data\raw\hickman-mills\organization\snapshots\live_2026_pages\page_23.html,False,primary_directory_snapshot
20260927000000,2026-09-27,2026-2027,CARTER JEFFERY,Social Studies,Ruskin High School,,data\raw\hickman-mills\organization\snapshots\live_2026_pages\page_23.html,False,primary_directory_snapshot
20260927000000,2026-09-27,2026-2027,JAMES JENKINS,Grade 6 - Social Studies,Hickman Mills Middle School,,data\raw\hickman-mills\organization\snapshots\live_2026_pages\page_23.html,False,primary_directory_snapshot
20260927000000,2026-09-27,2026-2027,TYNETTA JENKINS,Police Officer,Hickman Mills School District,,data\raw\hickman-mills\organization\snapshots\live_2026_pages\page_23.html,False,primary_directory_snapshot
20260927000000,2026-09-27,2026-2027,MARGUERITE JOB,Business,Ruskin High School,,data\raw\hickman-mills\organization\snapshots\live_2026_pages\page_23.html,False,primary_directory_snapshot
20260927000000,2026-09-27,2026-2027,ABIGAIL JOHNSON,Grade 2,"Santa Fe Elementary, Truman Elementary",,data\raw\hickman-mills\organization\snapshots\live_2026_pages\page_23.html,False,primary_directory_snapshot
20260927000000,2026-09-27,2026-2027,ANDRE JOHNSON,"Custodian, 2nd Shift",Truman Elementary,,data\raw\hickman-mills\organization\snapshots\live_2026_pages\page_23.html,False,primary_directory_snapshot
20260927000000,2026-09-27,2026-2027,BENJAMIN JOHNSON,Band,Alvin Brooks Middle School,,data\raw\hickman-mills\organization\snapshots\live_2026_pages\page_23.html,False,primary_directory_snapshot
20260927000000,2026-09-27,2026-2027,BREANNA JOHNSON,Extra Duty,Ruskin High School,,data\raw\hickman-mills\organization\snapshots\live_2026_pages\page_23.html,False,primary_directory_snapshot
20260927000000,2026-09-27,2026-2027,BRETT JOHNSON,SPED - Teacher,Real World Learning Center,,data\raw\hickman-mills\organization\snapshots\live_2026_pages\page_23.html,True,primary_directory_snapshot
20260927000000,2026-09-27,2026-2027,DEBORAH JOHNSON,Science - 7th Grade,Alvin Brooks Middle School,,data\raw\hickman-mills\organization\snapshots\live_2026_pages\page_23.html,False,primary_directory_snapshot
20260927000000,2026-09-27,2026-2027,DENIE JOHNSON,"Custodian, 2nd Shift",Santa Fe Elementary,,data\raw\hickman-mills\organization\snapshots\live_2026_pages\page_23.html,False,primary_directory_snapshot
20260927000000,2026-09-27,2026-2027,DENISE JOHNSON,Cafeteria Manager,Ruskin High School,,data\raw\hickman-mills\organization\snapshots\live_2026_pages\page_23.html,False,primary_directory_snapshot
20260927000000,2026-09-27,2026-2027,EDWARD JOHNSON,Police Officer,Hickman Mills School District,,data\raw\hickman-mills\organization\snapshots\live_2026_pages\page_23.html,False,primary_directory_snapshot
20260927000000,2026-09-27,2026-2027,JABALI JOHNSON,Family School Liaison,Real World Learning Center,,data\raw\hickman-mills\organization\snapshots\live_2026_pages\page_24.html,True,primary_directory_snapshot
20260927000000,2026-09-27,2026-2027,LEOTIS JOHNSON,"Custodian, Head",Ruskin High School,,data\raw\hickman-mills\organization\snapshots\live_2026_pages\page_24.html,False,primary_directory_snapshot
20260927000000,2026-09-27,2026-2027,LOUIS JOHNSON,Physical Education,Dobbs Elementary,,data\raw\hickman-mills\organization\snapshots\live_2026_pages\page_24.html,False,primary_directory_snapshot
20260927000000,2026-09-27,2026-2027,MONICA JOHNSON,Part B - Paraprofessional,Dobbs Elementary,,data\raw\hickman-mills\organization\snapshots\live_2026_pages\page_24.html,False,primary_directory_snapshot
20260927000000,2026-09-27,2026-2027,NATALIE JOHNSON,Asst Principal,Real World Learning Center,,data\raw\hickman-mills\organization\snapshots\live_2026_pages\page_24.html,True,primary_directory_snapshot
20260927000000,2026-09-27,2026-2027,TAILOR JOHNSON,SPED Paraprofessional,Warford Elementary,,data\raw\hickman-mills\organization\snapshots\live_2026_pages\page_24.html,False,primary_directory_snapshot
20260927000000,2026-09-27,2026-2027,THOMAS JOHNSON,Communication Arts,,,data\raw\hickman-mills\organization\snapshots\live_2026_pages\page_24.html,False,primary_directory_snapshot
20260927000000,2026-09-27,2026-2027,TORRI JOHNSON,Microsystems Analyst,Admin Center,,data\raw\hickman-mills\organization\snapshots\live_2026_pages\page_24.html,False,primary_directory_snapshot
20260927000000,2026-09-27,2026-2027,AGNES JONES,Kindergarten,"Dobbs Elementary, Santa Fe Elementary",,data\raw\hickman-mills\organization\snapshots\live_2026_pages\page_24.html,False,primary_directory_snapshot
20260927000000,2026-09-27,2026-2027,CAMILLE JONES,Process Coordinator,Real World Learning Center,,data\raw\hickman-mills\organization\snapshots\live_2026_pages\page_24.html,True,primary_directory_snapshot
20260927000000,2026-09-27,2026-2027,CHARLES JONES,SPED Paraprofessional,"John Sharp Early Education Center, Warford Elementary",,data\raw\hickman-mills\organization\snapshots\live_2026_pages\page_24.html,False,primary_directory_snapshot
20260927000000,2026-09-27,2026-2027,DONOVAN JONES,Custodian,"Hickman Mills Middle School, Ruskin High School",,data\raw\hickman-mills\organization\snapshots\live_2026_pages\page_24.html,False,primary_directory_snapshot
20260927000000,2026-09-27,2026-2027,JANILL JONES,Enrollment/Residency Coordinator,"Crittenton Center, Admin Center",,data\raw\hickman-mills\organization\snapshots\live_2026_pages\page_24.html,False,primary_directory_snapshot
20260927000000,2026-09-27,2026-2027,QUINCY JONES,SPED Paraprofessional,Truman Elementary,,data\raw\hickman-mills\organization\snapshots\live_2026_pages\page_24.html,False,primary_directory_snapshot
20260927000000,2026-09-27,2026-2027,KIMBERLY JORDAN,Nutrition Service Associate - Full Time,Ingels Elementary,,data\raw\hickman-mills\organization\snapshots\live_2026_pages\page_24.html,False,primary_directory_snapshot
20260927000000,2026-09-27,2026-2027,VICTORIA JOYCE,Grade 6 - Math,Hickman Mills Middle School,,data\raw\hickman-mills\organization\snapshots\live_2026_pages\page_25.html,False,primary_directory_snapshot
20260927000000,2026-09-27,2026-2027,LAINEY JUNGDEN,Grade 1,Compass Elementary,,data\raw\hickman-mills\organization\snapshots\live_2026_pages\page_25.html,False,primary_directory_snapshot
20260927000000,2026-09-27,2026-2027,SILVIA JURADO,Bilingual Translator,"Dobbs Elementary, Admin Center",,data\raw\hickman-mills\organization\snapshots\live_2026_pages\page_25.html,False,primary_directory_snapshot
20260927000000,2026-09-27,2026-2027,MARITZA KARTMAN,ESOL Translator/Paraprofessional,Hickman Mills Middle School,,data\raw\hickman-mills\organization\snapshots\live_2026_pages\page_25.html,False,primary_directory_snapshot
20260927000000,2026-09-27,2026-2027,ROBERT KEARNEY,Police Officer,Admin Center,,data\raw\hickman-mills\organization\snapshots\live_2026_pages\page_25.html,False,primary_directory_snapshot
20260927000000,2026-09-27,2026-2027,Marie Kelley,Nutrition Service Associate - Full Time,Hickman Mills Middle School,,data\raw\hickman-mills\organization\snapshots\live_2026_pages\page_25.html,False,primary_directory_snapshot
20260927000000,2026-09-27,2026-2027,BETHANY KELLY,Coord. of Secondary Programs,"Real World Learning Center, Ruskin High School",,data\raw\hickman-mills\organization\snapshots\live_2026_pages\page_25.html,True,primary_directory_snapshot
20260927000000,2026-09-27,2026-2027,WILLIAM KENDRICK,Part B - Paraprofessional,Ervin Elementary School,,data\raw\hickman-mills\organization\snapshots\live_2026_pages\page_25.html,False,primary_directory_snapshot
20260927000000,2026-09-27,2026-2027,BRITNEY KEY,Police Officer - Part Time,Hickman Mills School District,,data\raw\hickman-mills\organization\snapshots\live_2026_pages\page_25.html,False,primary_directory_snapshot
20260927000000,2026-09-27,2026-2027,ASLAM KHAN,Science,Ruskin High School,,data\raw\hickman-mills\organization\snapshots\live_2026_pages\page_25.html,False,primary_directory_snapshot
20260927000000,2026-09-27,2026-2027,SAGUFA KHAN,Cafeteria Supper (PM),Compass Elementary,,data\raw\hickman-mills\organization\snapshots\live_2026_pages\page_25.html,False,primary_directory_snapshot
20260927000000,2026-09-27,2026-2027,Maria King,Cafeteria Assistant Manager,Warford Elementary,,data\raw\hickman-mills\organization\snapshots\live_2026_pages\page_25.html,False,primary_directory_snapshot
20260927000000,2026-09-27,2026-2027,CULLEY KINSELLA,Social Studies,,,data\raw\hickman-mills\organization\snapshots\live_2026_pages\page_25.html,False,primary_directory_snapshot
20260927000000,2026-09-27,2026-2027,ELLEN KIRSCH,Supplemental Teacher,Truman Elementary,,data\raw\hickman-mills\organization\snapshots\live_2026_pages\page_25.html,False,primary_directory_snapshot
20260927000000,2026-09-27,2026-2027,KRISTINE KLAAS,Grade 3,Truman Elementary,,data\raw\hickman-mills\organization\snapshots\live_2026_pages\page_25.html,False,primary_directory_snapshot
20260927000000,2026-09-27,2026-2027,CASEY KLAPMEYER,Assistant Superintendent of Human Resources,Admin Center,,data\raw\hickman-mills\organization\snapshots\live_2026_pages\page_26.html,True,primary_directory_snapshot
20260927000000,2026-09-27,2026-2027,ERIN KLEIN,Coord. of Special Svcs,"Ruskin High School, Admin Center",,data\raw\hickman-mills\organization\snapshots\live_2026_pages\page_26.html,False,primary_directory_snapshot
20260927000000,2026-09-27,2026-2027,BARBARA KLUEPFEL-WILSON,Title I Pre-Kindergarten Teacher,Freda Markley Early Childhood Center,,data\raw\hickman-mills\organization\snapshots\live_2026_pages\page_26.html,False,primary_directory_snapshot
20260927000000,2026-09-27,2026-2027,DEREK KNAPP,Physical Education,"Santa Fe Elementary, Warford Elementary",,data\raw\hickman-mills\organization\snapshots\live_2026_pages\page_26.html,False,primary_directory_snapshot
20260927000000,2026-09-27,2026-2027,ABBY KNIPP,History Total Work Record,Ervin Elementary School,,data\raw\hickman-mills\organization\snapshots\live_2026_pages\page_26.html,False,primary_directory_snapshot
20260927000000,2026-09-27,2026-2027,ANN KNOWLES,Communication Arts,Alvin Brooks Middle School,,data\raw\hickman-mills\organization\snapshots\live_2026_pages\page_26.html,False,primary_directory_snapshot
20260927000000,2026-09-27,2026-2027,AMANDA KOLLE,Title I Pre-Kindergarten Teacher,Freda Markley Early Childhood Center,,data\raw\hickman-mills\organization\snapshots\live_2026_pages\page_26.html,False,primary_directory_snapshot
20260927000000,2026-09-27,2026-2027,RACHAEL KOSOBUCKI,Kindergarten,Dobbs Elementary,,data\raw\hickman-mills\organization\snapshots\live_2026_pages\page_26.html,False,primary_directory_snapshot
20260927000000,2026-09-27,2026-2027,ERIC KRAUSE,Communication Arts,Ruskin High School,,data\raw\hickman-mills\organization\snapshots\live_2026_pages\page_26.html,False,primary_directory_snapshot
20260927000000,2026-09-27,2026-2027,KELLY KRIESEL,Foreign Language Exploration,Ruskin High School,,data\raw\hickman-mills\organization\snapshots\live_2026_pages\page_26.html,False,primary_directory_snapshot
20260927000000,2026-09-27,2026-2027,SUSAN KUCHINSKY,Title I Paraprofessional,Freda Markley Early Childhood Center,,data\raw\hickman-mills\organization\snapshots\live_2026_pages\page_26.html,False,primary_directory_snapshot
20260927000000,2026-09-27,2026-2027,SWAPNAM KUMAR,ELD Specialist,Admin Center,,data\raw\hickman-mills\organization\snapshots\live_2026_pages\page_26.html,False,primary_directory_snapshot
20260927000000,2026-09-27,2026-2027,MEGAN KYANKA,Art,Dobbs Elementary,,data\raw\hickman-mills\organization\snapshots\live_2026_pages\page_26.html,False,primary_directory_snapshot
20260927000000,2026-09-27,2026-2027,LEAH LA FAVER,CORE Teacher,Real World Learning Center,,data\raw\hickman-mills\organization\snapshots\live_2026_pages\page_26.html,True,primary_directory_snapshot
20260927000000,2026-09-27,2026-2027,STEPHANIE LAFFERTY,Grade 3,Warford Elementary,,data\raw\hickman-mills\organization\snapshots\live_2026_pages\page_26.html,False,primary_directory_snapshot
20260927000000,2026-09-27,2026-2027,MONEICA LANDRUM,Police Officer,Hickman Mills School District,,data\raw\hickman-mills\organization\snapshots\live_2026_pages\page_27.html,False,primary_directory_snapshot
20260927000000,2026-09-27,2026-2027,DYLAN LARA-RYAN,Orchestra,,,data\raw\hickman-mills\organization\snapshots\live_2026_pages\page_27.html,False,primary_directory_snapshot
20260927000000,2026-09-27,2026-2027,JACQUELYN LARUE,SPED - Teacher,,,data\raw\hickman-mills\organization\snapshots\live_2026_pages\page_27.html,False,primary_directory_snapshot
20260927000000,2026-09-27,2026-2027,ASHTON LAURENT,Orchestra,,,data\raw\hickman-mills\organization\snapshots\live_2026_pages\page_27.html,False,primary_directory_snapshot
20260927000000,2026-09-27,2026-2027,DERRELL LEAPER,Nutrition Service Associate - Full Time,Compass Elementary,,data\raw\hickman-mills\organization\snapshots\live_2026_pages\page_27.html,False,primary_directory_snapshot
20260927000000,2026-09-27,2026-2027,JENNIFER LEIGHTER-YEATES,Grade 2,Compass Elementary,,data\raw\hickman-mills\organization\snapshots\live_2026_pages\page_27.html,False,primary_directory_snapshot
20260927000000,2026-09-27,2026-2027,KAREN LEIKER,Grade 4,Ervin Elementary School,,data\raw\hickman-mills\organization\snapshots\live_2026_pages\page_27.html,False,primary_directory_snapshot
20260927000000,2026-09-27,2026-2027,JONATHAN LENORE,"Custodian, Head",Dobbs Elementary,,data\raw\hickman-mills\organization\snapshots\live_2026_pages\page_27.html,False,primary_directory_snapshot
20260927000000,2026-09-27,2026-2027,CAMERON LENTZ,Physical Education/Health,Truman Elementary,,data\raw\hickman-mills\organization\snapshots\live_2026_pages\page_27.html,False,primary_directory_snapshot
20260927000000,2026-09-27,2026-2027,KATLYN LEPPER-PAPPAN,Math - 7th Grade,,,data\raw\hickman-mills\organization\snapshots\live_2026_pages\page_27.html,False,primary_directory_snapshot
20260927000000,2026-09-27,2026-2027,SAMARIA LESTLIE,SPED Paraprofessional,,,data\raw\hickman-mills\organization\snapshots\live_2026_pages\page_27.html,False,primary_directory_snapshot
20260927000000,2026-09-27,2026-2027,CLAYTON LEVELS,Student Intern - Coffee Shop,Real World Learning Center,,data\raw\hickman-mills\organization\snapshots\live_2026_pages\page_27.html,True,primary_directory_snapshot
20260927000000,2026-09-27,2026-2027,DAVONTE LEWIS,SPED Paraprofessional,Ruskin High School,,data\raw\hickman-mills\organization\snapshots\live_2026_pages\page_27.html,False,primary_directory_snapshot
20260927000000,2026-09-27,2026-2027,RAQUEL LEWIS,Attendance/Media Clerk,Ruskin High School,,data\raw\hickman-mills\organization\snapshots\live_2026_pages\page_27.html,False,primary_directory_snapshot
20260927000000,2026-09-27,2026-2027,KIMBERLY LIGHTFOOT,Nurse,Hickman Mills Middle School,,data\raw\hickman-mills\organization\snapshots\live_2026_pages\page_27.html,False,primary_directory_snapshot
20260927000000,2026-09-27,2026-2027,JANICE LILE,ESOL,Hickman Mills Middle School,,data\raw\hickman-mills\organization\snapshots\live_2026_pages\page_28.html,False,primary_directory_snapshot
20260927000000,2026-09-27,2026-2027,ETOI LOMBARD,ECSE Paraprofessional,"John Sharp Early Education Center, Truman Elementary",,data\raw\hickman-mills\organization\snapshots\live_2026_pages\page_28.html,False,primary_directory_snapshot
20260927000000,2026-09-27,2026-2027,Wanomi Long,Employee Leave and Compliance Analyst,"Ruskin High School, Admin Center",,data\raw\hickman-mills\organization\snapshots\live_2026_pages\page_28.html,False,primary_directory_snapshot
20260927000000,2026-09-27,2026-2027,SHAYLA LOPEZ,Health Professional,Ingels Elementary,,data\raw\hickman-mills\organization\snapshots\live_2026_pages\page_28.html,False,primary_directory_snapshot
20260927000000,2026-09-27,2026-2027,MADDISON LORIMOR-GOMEZ,Title I Pre-Kindergarten Teacher,Freda Markley Early Childhood Center,,data\raw\hickman-mills\organization\snapshots\live_2026_pages\page_28.html,False,primary_directory_snapshot
20260927000000,2026-09-27,2026-2027,ANGELA LORMIS,Math - 8th Grade,Hickman Mills Middle School,,data\raw\hickman-mills\organization\snapshots\live_2026_pages\page_28.html,False,primary_directory_snapshot
20260927000000,2026-09-27,2026-2027,TYSON LOY,Counselor,"Ingels Elementary, Santa Fe Elementary",,data\raw\hickman-mills\organization\snapshots\live_2026_pages\page_28.html,True,primary_directory_snapshot
20260927000000,2026-09-27,2026-2027,MICHAEL LUGENBEEL,Extra Duty - Asst. Play Coach,Ruskin High School,,data\raw\hickman-mills\organization\snapshots\live_2026_pages\page_28.html,False,primary_directory_snapshot
20260927000000,2026-09-27,2026-2027,GLORIA LUGO GOVEA,"Custodian, 2nd Shift",Ervin Elementary School,,data\raw\hickman-mills\organization\snapshots\live_2026_pages\page_28.html,False,primary_directory_snapshot
20260927000000,2026-09-27,2026-2027,KATHERINE LUNA,Speech Pathologist,Truman Elementary,,data\raw\hickman-mills\organization\snapshots\live_2026_pages\page_28.html,False,primary_directory_snapshot
20260927000000,2026-09-27,2026-2027,BRIDGETTE LYLES,Police Officer,Hickman Mills School District,,data\raw\hickman-mills\organization\snapshots\live_2026_pages\page_28.html,False,primary_directory_snapshot
20260927000000,2026-09-27,2026-2027,ANA MAGANA,"Custodian, 2nd Shift","Hickman Mills Middle School, Ruskin High School",,data\raw\hickman-mills\organization\snapshots\live_2026_pages\page_28.html,False,primary_directory_snapshot
20260927000000,2026-09-27,2026-2027,MARISSA MAGSAM,Counselor,Hickman Mills Middle School,,data\raw\hickman-mills\organization\snapshots\live_2026_pages\page_28.html,True,primary_directory_snapshot
20260927000000,2026-09-27,2026-2027,ZEMA MAIZE,Grade 1,Dobbs Elementary,,data\raw\hickman-mills\organization\snapshots\live_2026_pages\page_28.html,False,primary_directory_snapshot
20260927000000,2026-09-27,2026-2027,RONALD MALANGA,Music,Ervin Elementary School,,data\raw\hickman-mills\organization\snapshots\live_2026_pages\page_28.html,False,primary_directory_snapshot
20260927000000,2026-09-27,2026-2027,OCTAVIA MANIER,Student Intern - Coffee Shop,Real World Learning Center,,data\raw\hickman-mills\organization\snapshots\live_2026_pages\page_29.html,True,primary_directory_snapshot
20260927000000,2026-09-27,2026-2027,GA`QUAWNA MANNING,ECSE Paraprofessional,Truman Elementary,,data\raw\hickman-mills\organization\snapshots\live_2026_pages\page_29.html,False,primary_directory_snapshot
20260927000000,2026-09-27,2026-2027,SHELIA MARKS,History Total Work Record,Santa Fe Elementary,,data\raw\hickman-mills\organization\snapshots\live_2026_pages\page_29.html,False,primary_directory_snapshot
20260927000000,2026-09-27,2026-2027,RASHEDA MARSENBURG,SPED - Teacher,Warford Elementary,,data\raw\hickman-mills\organization\snapshots\live_2026_pages\page_29.html,False,primary_directory_snapshot
20260927000000,2026-09-27,2026-2027,VERONICA MARTI,Part B - Paraprofessional,"Ervin Elementary School, Compass Elementary",,data\raw\hickman-mills\organization\snapshots\live_2026_pages\page_29.html,False,primary_directory_snapshot
20260927000000,2026-09-27,2026-2027,BENJAMIN MARTIN,Math,Ruskin High School,,data\raw\hickman-mills\organization\snapshots\live_2026_pages\page_29.html,False,primary_directory_snapshot
20260927000000,2026-09-27,2026-2027,BRANDON MARTIN,Microsystems Analyst,Admin Center,,data\raw\hickman-mills\organization\snapshots\live_2026_pages\page_29.html,False,primary_directory_snapshot
20260927000000,2026-09-27,2026-2027,ERIC MARTIN,Counselor,Ruskin High School,,data\raw\hickman-mills\organization\snapshots\live_2026_pages\page_29.html,True,primary_directory_snapshot
20260927000000,2026-09-27,2026-2027,JOHNISHA MARTIN,SPED Paraprofessional,Hickman Mills Middle School,,data\raw\hickman-mills\organization\snapshots\live_2026_pages\page_29.html,False,primary_directory_snapshot
20260927000000,2026-09-27,2026-2027,YAHNTAY MARTIN,Title I Paraprofessional,Freda Markley Early Childhood Center,,data\raw\hickman-mills\organization\snapshots\live_2026_pages\page_29.html,False,primary_directory_snapshot
20260927000000,2026-09-27,2026-2027,ALBA MARTINEZ,ESOL Translator/Paraprofessional,Real World Learning Center,,data\raw\hickman-mills\organization\snapshots\live_2026_pages\page_29.html,True,primary_directory_snapshot
20260927000000,2026-09-27,2026-2027,HASSAN MATRANE,Police Officer,Hickman Mills School District,,data\raw\hickman-mills\organization\snapshots\live_2026_pages\page_29.html,False,primary_directory_snapshot
20260927000000,2026-09-27,2026-2027,VEOLETTA MAXEY,Title I Instructional Paraprofessional,Dobbs Elementary,,data\raw\hickman-mills\organization\snapshots\live_2026_pages\page_29.html,False,primary_directory_snapshot
20260927000000,2026-09-27,2026-2027,LINDA MAY,Grade 5,Dobbs Elementary,,data\raw\hickman-mills\organization\snapshots\live_2026_pages\page_29.html,False,primary_directory_snapshot
20260927000000,2026-09-27,2026-2027,JOSH MAYFIELD,Nutrition Service Associate - Full Time,Dobbs Elementary,,data\raw\hickman-mills\organization\snapshots\live_2026_pages\page_29.html,False,primary_directory_snapshot
20260927000000,2026-09-27,2026-2027,RACHEL MAYO,SPED - Teacher,Ruskin High School,,data\raw\hickman-mills\organization\snapshots\live_2026_pages\page_30.html,False,primary_directory_snapshot
20260927000000,2026-09-27,2026-2027,DESAREA MAYS,SPED - Teacher,Compass Elementary,,data\raw\hickman-mills\organization\snapshots\live_2026_pages\page_30.html,False,primary_directory_snapshot
20260927000000,2026-09-27,2026-2027,CLARA MCAFEE,Lunch Aide,Freda Markley Early Childhood Center,,data\raw\hickman-mills\organization\snapshots\live_2026_pages\page_30.html,False,primary_directory_snapshot
20260927000000,2026-09-27,2026-2027,JONATHAN MCAFEE,SPED - Teacher,Ervin Elementary School,,data\raw\hickman-mills\organization\snapshots\live_2026_pages\page_30.html,False,primary_directory_snapshot
20260927000000,2026-09-27,2026-2027,GRACE MCCAULLEY,Grade 1,Truman Elementary,,data\raw\hickman-mills\organization\snapshots\live_2026_pages\page_30.html,False,primary_directory_snapshot
20260927000000,2026-09-27,2026-2027,DEMONTE MCCLARY,History Total Work Record,Admin Center,,data\raw\hickman-mills\organization\snapshots\live_2026_pages\page_30.html,False,primary_directory_snapshot
20260927000000,2026-09-27,2026-2027,TRACIE MCCLELLAND,SPED - Teacher,Hickman Mills Middle School,,data\raw\hickman-mills\organization\snapshots\live_2026_pages\page_30.html,False,primary_directory_snapshot
20260927000000,2026-09-27,2026-2027,ELIZABETH MCCLERNON,School Psychologist,Truman Elementary,,data\raw\hickman-mills\organization\snapshots\live_2026_pages\page_30.html,False,primary_directory_snapshot
20260927000000,2026-09-27,2026-2027,BRITNEY MCCOOL,Project Lead the Way,"Hickman Mills Middle School, Ruskin High School",,data\raw\hickman-mills\organization\snapshots\live_2026_pages\page_30.html,True,primary_directory_snapshot
20260927000000,2026-09-27,2026-2027,MACHELLE MCCRACKEN,Police Officer,Admin Center,,data\raw\hickman-mills\organization\snapshots\live_2026_pages\page_30.html,False,primary_directory_snapshot
20260927000000,2026-09-27,2026-2027,BARBARA MCCREADY,Media Specialist,Dobbs Elementary,,data\raw\hickman-mills\organization\snapshots\live_2026_pages\page_30.html,False,primary_directory_snapshot
20260927000000,2026-09-27,2026-2027,SUSAN MCCULLOUGH,ESOL,Truman Elementary,,data\raw\hickman-mills\organization\snapshots\live_2026_pages\page_30.html,False,primary_directory_snapshot
20260927000000,2026-09-27,2026-2027,ESTHER MCCUNE,Art,Hickman Mills Middle School,,data\raw\hickman-mills\organization\snapshots\live_2026_pages\page_30.html,False,primary_directory_snapshot
20260927000000,2026-09-27,2026-2027,TANGERINA MCCUTCHEN,Process Coordinator,,,data\raw\hickman-mills\organization\snapshots\live_2026_pages\page_30.html,False,primary_directory_snapshot
20260927000000,2026-09-27,2026-2027,BRIAN MCDANIEL,Police Officer - Part Time,Hickman Mills School District,,data\raw\hickman-mills\organization\snapshots\live_2026_pages\page_30.html,False,primary_directory_snapshot
20260927000000,2026-09-27,2026-2027,HAYLEE McDANIEL,Grade 2,Ervin Elementary School,,data\raw\hickman-mills\organization\snapshots\live_2026_pages\page_31.html,False,primary_directory_snapshot
20260927000000,2026-09-27,2026-2027,SHAUNTE MCDANIEL,Part B - Paraprofessional,Ingels Elementary,,data\raw\hickman-mills\organization\snapshots\live_2026_pages\page_31.html,False,primary_directory_snapshot
20260927000000,2026-09-27,2026-2027,DONNA MCDONALD,Grade 1,Ingels Elementary,,data\raw\hickman-mills\organization\snapshots\live_2026_pages\page_31.html,False,primary_directory_snapshot
20260927000000,2026-09-27,2026-2027,DEMETRIC MCDOWELL,Police Officer,Hickman Mills School District,,data\raw\hickman-mills\organization\snapshots\live_2026_pages\page_31.html,False,primary_directory_snapshot
20260927000000,2026-09-27,2026-2027,DEBORAH MCGAUTHA,Nutrition Service Associate - Full Time,"John Sharp Early Education Center, Ervin Elementary School, Hickman Mills Middle School",,data\raw\hickman-mills\organization\snapshots\live_2026_pages\page_31.html,False,primary_directory_snapshot
20260927000000,2026-09-27,2026-2027,GAY MCGEE,Cafeteria Manager,"Ervin Elementary School, Truman Elementary",,data\raw\hickman-mills\organization\snapshots\live_2026_pages\page_31.html,False,primary_directory_snapshot
20260927000000,2026-09-27,2026-2027,DEBRA MCGILL,Grade 5,Warford Elementary,,data\raw\hickman-mills\organization\snapshots\live_2026_pages\page_31.html,False,primary_directory_snapshot
20260927000000,2026-09-27,2026-2027,PHILLIP MCKELVY,Custodian,Ruskin High School,,data\raw\hickman-mills\organization\snapshots\live_2026_pages\page_31.html,False,primary_directory_snapshot
20260927000000,2026-09-27,2026-2027,MYURRI MCKINNEY,Paraprofessional,Ingels Elementary,,data\raw\hickman-mills\organization\snapshots\live_2026_pages\page_31.html,False,primary_directory_snapshot
20260927000000,2026-09-27,2026-2027,ORALEE MCKINZY,Project Lead the Way,Hickman Mills Middle School,,data\raw\hickman-mills\organization\snapshots\live_2026_pages\page_31.html,True,primary_directory_snapshot
20260927000000,2026-09-27,2026-2027,STEPHANIE MCKOWN,Family School Liaison,John Sharp Early Education Center,,data\raw\hickman-mills\organization\snapshots\live_2026_pages\page_31.html,False,primary_directory_snapshot
20260927000000,2026-09-27,2026-2027,MYRNA MCLEAN,ESOL,Hickman Mills Middle School,,data\raw\hickman-mills\organization\snapshots\live_2026_pages\page_31.html,False,primary_directory_snapshot
20260927000000,2026-09-27,2026-2027,MARLA MCMILLEN,Kindergarten,Truman Elementary,,data\raw\hickman-mills\organization\snapshots\live_2026_pages\page_31.html,False,primary_directory_snapshot
20260927000000,2026-09-27,2026-2027,MICHELLE MCNEALEY,Secretary to Principal,Truman Elementary,,data\raw\hickman-mills\organization\snapshots\live_2026_pages\page_31.html,True,primary_directory_snapshot
20260927000000,2026-09-27,2026-2027,DEBORAH MEAD,Homebound Instructor - Part Time,Admin Center,,data\raw\hickman-mills\organization\snapshots\live_2026_pages\page_31.html,False,primary_directory_snapshot
20260927000000,2026-09-27,2026-2027,BIANCA MEDINA,Literacy Coach,Ingels Elementary,,data\raw\hickman-mills\organization\snapshots\live_2026_pages\page_32.html,False,primary_directory_snapshot
20260927000000,2026-09-27,2026-2027,ASIF MEHMOOD,Custodian,Admin Center,,data\raw\hickman-mills\organization\snapshots\live_2026_pages\page_32.html,False,primary_directory_snapshot
20260927000000,2026-09-27,2026-2027,JOSHUA MEIERER,Police Officer,Hickman Mills School District,,data\raw\hickman-mills\organization\snapshots\live_2026_pages\page_32.html,False,primary_directory_snapshot
20260927000000,2026-09-27,2026-2027,VICKY MEJIA,"Custodian, 2nd Shift",Hickman Mills Middle School,,data\raw\hickman-mills\organization\snapshots\live_2026_pages\page_32.html,False,primary_directory_snapshot
20260927000000,2026-09-27,2026-2027,JHONATTAN MEJIA CALDERON,Custodian,Hickman Mills Middle School,,data\raw\hickman-mills\organization\snapshots\live_2026_pages\page_32.html,False,primary_directory_snapshot
20260927000000,2026-09-27,2026-2027,KAREN MELL,Title I Paraprofessional,Freda Markley Early Childhood Center,,data\raw\hickman-mills\organization\snapshots\live_2026_pages\page_32.html,False,primary_directory_snapshot
20260927000000,2026-09-27,2026-2027,AMY MELTON,Science - 7th Grade,Hickman Mills Middle School,,data\raw\hickman-mills\organization\snapshots\live_2026_pages\page_32.html,False,primary_directory_snapshot
20260927000000,2026-09-27,2026-2027,ISABEL MENDEZ MARTINEZ,ESOL Translator/Paraprofessional,Ruskin High School,,data\raw\hickman-mills\organization\snapshots\live_2026_pages\page_32.html,False,primary_directory_snapshot
20260927000000,2026-09-27,2026-2027,KELBYS MENDOZA,Custodian,"Hickman Mills Middle School, Alvin Brooks Middle School",,data\raw\hickman-mills\organization\snapshots\live_2026_pages\page_32.html,False,primary_directory_snapshot
20260927000000,2026-09-27,2026-2027,MARINA MENDOZA CARRANZA,Custodian,"Alvin Brooks Middle School, Ruskin High School",,data\raw\hickman-mills\organization\snapshots\live_2026_pages\page_32.html,False,primary_directory_snapshot
20260927000000,2026-09-27,2026-2027,BRANDON MEYER,Police Officer - Part Time,Hickman Mills School District,,data\raw\hickman-mills\organization\snapshots\live_2026_pages\page_32.html,False,primary_directory_snapshot
20260927000000,2026-09-27,2026-2027,BONNIE MEYERS,ESOL,Compass Elementary,,data\raw\hickman-mills\organization\snapshots\live_2026_pages\page_32.html,False,primary_directory_snapshot
20260927000000,2026-09-27,2026-2027,KELLY MICHALE,Academic Interventionist,Ruskin High School,,data\raw\hickman-mills\organization\snapshots\live_2026_pages\page_32.html,False,primary_directory_snapshot
20260927000000,2026-09-27,2026-2027,SCHARELLE MICKENS,Cafeteria Manager,Hickman Mills Middle School,,data\raw\hickman-mills\organization\snapshots\live_2026_pages\page_32.html,False,primary_directory_snapshot
20260927000000,2026-09-27,2026-2027,GEORGE MILES,Chemistry,Ruskin High School,,data\raw\hickman-mills\organization\snapshots\live_2026_pages\page_32.html,False,primary_directory_snapshot
20260927000000,2026-09-27,2026-2027,JACOB MILLER,Maintenance,BUILDING & GROUNDS,,data\raw\hickman-mills\organization\snapshots\live_2026_pages\page_33.html,False,primary_directory_snapshot
20260927000000,2026-09-27,2026-2027,NINA MILLER,Grade 4,Compass Elementary,,data\raw\hickman-mills\organization\snapshots\live_2026_pages\page_33.html,False,primary_directory_snapshot
20260927000000,2026-09-27,2026-2027,SAUNDRA MILLER,Grade 4,Warford Elementary,,data\raw\hickman-mills\organization\snapshots\live_2026_pages\page_33.html,False,primary_directory_snapshot
20260927000000,2026-09-27,2026-2027,DEANNA MILLHOUSE,Grade 1,Dobbs Elementary,,data\raw\hickman-mills\organization\snapshots\live_2026_pages\page_33.html,False,primary_directory_snapshot
20260927000000,2026-09-27,2026-2027,CECILIA MILTON,Part B - Paraprofessional,Ingels Elementary,,data\raw\hickman-mills\organization\snapshots\live_2026_pages\page_33.html,False,primary_directory_snapshot
20260927000000,2026-09-27,2026-2027,CORNELIUS MITCHELL,Math,Ruskin High School,,data\raw\hickman-mills\organization\snapshots\live_2026_pages\page_33.html,False,primary_directory_snapshot
20260927000000,2026-09-27,2026-2027,EDWARDO MITCHELL,Custodian,Ervin Elementary School,,data\raw\hickman-mills\organization\snapshots\live_2026_pages\page_33.html,False,primary_directory_snapshot
20260927000000,2026-09-27,2026-2027,LASHANDA MITCHELL,Attendance Clerk,Hickman Mills Middle School,,data\raw\hickman-mills\organization\snapshots\live_2026_pages\page_33.html,False,primary_directory_snapshot
20260927000000,2026-09-27,2026-2027,SUNJA MITCHELL,"Custodian, Head",Hickman Mills Middle School,,data\raw\hickman-mills\organization\snapshots\live_2026_pages\page_33.html,False,primary_directory_snapshot
20260927000000,2026-09-27,2026-2027,BRUCE MOFFETT-LAPHAM,Science,Ruskin High School,,data\raw\hickman-mills\organization\snapshots\live_2026_pages\page_33.html,False,primary_directory_snapshot
20260927000000,2026-09-27,2026-2027,ELIZABETH MONDAINE,Secretary to Principal,"John Sharp Early Education Center, Ingels Elementary",,data\raw\hickman-mills\organization\snapshots\live_2026_pages\page_33.html,True,primary_directory_snapshot
20260927000000,2026-09-27,2026-2027,LUCIOUS MONDAINE,Extra Duty - Lego League Coach,Compass Elementary,,data\raw\hickman-mills\organization\snapshots\live_2026_pages\page_33.html,False,primary_directory_snapshot
20260927000000,2026-09-27,2026-2027,EDITH MONDAY,History Total Work Record,Warford Elementary,,data\raw\hickman-mills\organization\snapshots\live_2026_pages\page_33.html,False,primary_directory_snapshot
20260927000000,2026-09-27,2026-2027,KENDRA MOORE,Program Coordinator,Admin Center,,data\raw\hickman-mills\organization\snapshots\live_2026_pages\page_33.html,False,primary_directory_snapshot
20260927000000,2026-09-27,2026-2027,MARKUS MOORE,Student Intern - Coffee Shop,Real World Learning Center,,data\raw\hickman-mills\organization\snapshots\live_2026_pages\page_33.html,True,primary_directory_snapshot
20260927000000,2026-09-27,2026-2027,SHANNON MOORE,Physical Education,Ruskin High School,,data\raw\hickman-mills\organization\snapshots\live_2026_pages\page_34.html,False,primary_directory_snapshot
20260927000000,2026-09-27,2026-2027,SHAQUELLA MOORE,Part B - Special Ed Teacher,Ruskin High School,,data\raw\hickman-mills\organization\snapshots\live_2026_pages\page_34.html,False,primary_directory_snapshot
20260927000000,2026-09-27,2026-2027,JAMES MORGAN,Physical Education,Ruskin High School,,data\raw\hickman-mills\organization\snapshots\live_2026_pages\page_34.html,False,primary_directory_snapshot
20260927000000,2026-09-27,2026-2027,MYLES MOSES ATKINS,SPED Paraprofessional,Real World Learning Center,,data\raw\hickman-mills\organization\snapshots\live_2026_pages\page_34.html,True,primary_directory_snapshot
20260927000000,2026-09-27,2026-2027,CRISLYN MOSLEY,History Total Work Record,Ingels Elementary,,data\raw\hickman-mills\organization\snapshots\live_2026_pages\page_34.html,False,primary_directory_snapshot
20260927000000,2026-09-27,2026-2027,RILEY MOUTRAY,Event,Ruskin High School,,data\raw\hickman-mills\organization\snapshots\live_2026_pages\page_34.html,False,primary_directory_snapshot
20260927000000,2026-09-27,2026-2027,GABRIEL MOYER,Speech/Drama,Ruskin High School,,data\raw\hickman-mills\organization\snapshots\live_2026_pages\page_34.html,False,primary_directory_snapshot
20260927000000,2026-09-27,2026-2027,MEGAN MOZLEY,Counselor,Warford Elementary,,data\raw\hickman-mills\organization\snapshots\live_2026_pages\page_34.html,True,primary_directory_snapshot
20260927000000,2026-09-27,2026-2027,LATOSHA MYERS,Police Officer,Hickman Mills School District,,data\raw\hickman-mills\organization\snapshots\live_2026_pages\page_34.html,False,primary_directory_snapshot
20260927000000,2026-09-27,2026-2027,LEIGH MYERS,Media Clerk,Ruskin High School,,data\raw\hickman-mills\organization\snapshots\live_2026_pages\page_34.html,False,primary_directory_snapshot
20260927000000,2026-09-27,2026-2027,KHADIJA NAFR,Nutrition Service Associate - Full Time,Ruskin High School,,data\raw\hickman-mills\organization\snapshots\live_2026_pages\page_34.html,False,primary_directory_snapshot
20260927000000,2026-09-27,2026-2027,NAGUIB NASSIR,Extra Duty - Head Boys Soccer Coach,Ruskin High School,,data\raw\hickman-mills\organization\snapshots\live_2026_pages\page_34.html,False,primary_directory_snapshot
20260927000000,2026-09-27,2026-2027,EILEEN NEELEY,Grade 2,Dobbs Elementary,,data\raw\hickman-mills\organization\snapshots\live_2026_pages\page_34.html,False,primary_directory_snapshot
20260927000000,2026-09-27,2026-2027,GENEVIEVE NELSON,Custodian,Admin Center,,data\raw\hickman-mills\organization\snapshots\live_2026_pages\page_34.html,False,primary_directory_snapshot
20260927000000,2026-09-27,2026-2027,ROBYN NEUERBURG,Substitute - Nurse,Hickman Mills School District,,data\raw\hickman-mills\organization\snapshots\live_2026_pages\page_34.html,False,primary_directory_snapshot
20260927000000,2026-09-27,2026-2027,KELLY NEVELS,Assessment Team/Evaluator,"Ervin Elementary School, Alvin Brooks Middle School",,data\raw\hickman-mills\organization\snapshots\live_2026_pages\page_35.html,False,primary_directory_snapshot
20260927000000,2026-09-27,2026-2027,JAMES NEWLAND,Science- 8th Grade,,,data\raw\hickman-mills\organization\snapshots\live_2026_pages\page_35.html,False,primary_directory_snapshot
20260927000000,2026-09-27,2026-2027,AYLA NGIRNGESECHEI,Title I Paraprofessional,Truman Elementary,,data\raw\hickman-mills\organization\snapshots\live_2026_pages\page_35.html,False,primary_directory_snapshot
20260927000000,2026-09-27,2026-2027,BRANDON NICHOLS,Entrepreneurial Facilitator,Real World Learning Center,,data\raw\hickman-mills\organization\snapshots\live_2026_pages\page_35.html,True,primary_directory_snapshot
20260927000000,2026-09-27,2026-2027,CONNIE NIEMEYER,Part B - Special Ed Teacher,Hickman Mills Middle School,,data\raw\hickman-mills\organization\snapshots\live_2026_pages\page_35.html,False,primary_directory_snapshot
20260927000000,2026-09-27,2026-2027,JACOB NIENHUESER,Vocal Music,Ruskin High School,,data\raw\hickman-mills\organization\snapshots\live_2026_pages\page_35.html,False,primary_directory_snapshot
20260927000000,2026-09-27,2026-2027,DALE NOLL,Grade 8 - Social Studies,Alvin Brooks Middle School,,data\raw\hickman-mills\organization\snapshots\live_2026_pages\page_35.html,False,primary_directory_snapshot
20260927000000,2026-09-27,2026-2027,AMY NORE,School Psychologist,Ervin Elementary School,,data\raw\hickman-mills\organization\snapshots\live_2026_pages\page_35.html,False,primary_directory_snapshot
20260927000000,2026-09-27,2026-2027,LEAH O`KEEFE,Occupational Therapist,Admin Center,,data\raw\hickman-mills\organization\snapshots\live_2026_pages\page_35.html,False,primary_directory_snapshot
20260927000000,2026-09-27,2026-2027,NEKEISHA OGLETREE,ESOL,Ruskin High School,,data\raw\hickman-mills\organization\snapshots\live_2026_pages\page_35.html,False,primary_directory_snapshot
20260927000000,2026-09-27,2026-2027,BERNADETTE OGUINN,Counselor,Ervin Elementary School,,data\raw\hickman-mills\organization\snapshots\live_2026_pages\page_35.html,True,primary_directory_snapshot
20260927000000,2026-09-27,2026-2027,CHINAZOM OKAGBUE,ESOL,Ervin Elementary School,,data\raw\hickman-mills\organization\snapshots\live_2026_pages\page_35.html,False,primary_directory_snapshot
20260927000000,2026-09-27,2026-2027,TAMIKA OLIVER,Family School Liaison,Alvin Brooks Middle School,,data\raw\hickman-mills\organization\snapshots\live_2026_pages\page_35.html,False,primary_directory_snapshot
20260927000000,2026-09-27,2026-2027,JACOB ONEILL,Social Studies,Ruskin High School,,data\raw\hickman-mills\organization\snapshots\live_2026_pages\page_35.html,False,primary_directory_snapshot
20260927000000,2026-09-27,2026-2027,ALICE OSBORN,Grade 3,Dobbs Elementary,,data\raw\hickman-mills\organization\snapshots\live_2026_pages\page_35.html,False,primary_directory_snapshot
20260927000000,2026-09-27,2026-2027,DANA OSTERTAG,Asst Principal,Ruskin High School,,data\raw\hickman-mills\organization\snapshots\live_2026_pages\page_36.html,True,primary_directory_snapshot
20260927000000,2026-09-27,2026-2027,ANGELA OWENS,Principal,Truman Elementary,,data\raw\hickman-mills\organization\snapshots\live_2026_pages\page_36.html,True,primary_directory_snapshot
20260927000000,2026-09-27,2026-2027,JENIENA PADILLA,Attendance/Media Clerk,Ervin Elementary School,,data\raw\hickman-mills\organization\snapshots\live_2026_pages\page_36.html,False,primary_directory_snapshot
20260927000000,2026-09-27,2026-2027,LIDIA PADILLA CORNEJO,Cafeteria Supper (PM),"Freda Markley Early Childhood Center, Hickman Mills Middle School, Admin Center",,data\raw\hickman-mills\organization\snapshots\live_2026_pages\page_36.html,False,primary_directory_snapshot
20260927000000,2026-09-27,2026-2027,MORGAN PAGE,Kindergarten,Ervin Elementary School,,data\raw\hickman-mills\organization\snapshots\live_2026_pages\page_36.html,False,primary_directory_snapshot
20260927000000,2026-09-27,2026-2027,MARY PARIS,History Total Work Record,,,data\raw\hickman-mills\organization\snapshots\live_2026_pages\page_36.html,False,primary_directory_snapshot
20260927000000,2026-09-27,2026-2027,STEPHANIE PARKER,Accounts Payable Specialist,Admin Center,,data\raw\hickman-mills\organization\snapshots\live_2026_pages\page_36.html,False,primary_directory_snapshot
20260927000000,2026-09-27,2026-2027,AMBER PARKS,Grade 1,Compass Elementary,,data\raw\hickman-mills\organization\snapshots\live_2026_pages\page_36.html,False,primary_directory_snapshot
20260927000000,2026-09-27,2026-2027,DARCEL PARSONS,Title I Pre-Kindergarten Teacher,"John Sharp Early Education Center, Truman Elementary",,data\raw\hickman-mills\organization\snapshots\live_2026_pages\page_36.html,False,primary_directory_snapshot
20260927000000,2026-09-27,2026-2027,MELANIE PASSMORE,Communication Arts - 7th Grade,Hickman Mills Middle School,,data\raw\hickman-mills\organization\snapshots\live_2026_pages\page_36.html,False,primary_directory_snapshot
20260927000000,2026-09-27,2026-2027,MALACHI PATRICK,Communication Arts,Ruskin High School,,data\raw\hickman-mills\organization\snapshots\live_2026_pages\page_36.html,False,primary_directory_snapshot
20260927000000,2026-09-27,2026-2027,SHATREASE PATTON,Benefits and Business Office Coordinator,Admin Center,,data\raw\hickman-mills\organization\snapshots\live_2026_pages\page_36.html,False,primary_directory_snapshot
20260927000000,2026-09-27,2026-2027,John Payne,Police Officer - Part Time,Admin Center,,data\raw\hickman-mills\organization\snapshots\live_2026_pages\page_36.html,False,primary_directory_snapshot
20260927000000,2026-09-27,2026-2027,YENJU SOPHIA PAYNE,Music - Vocal,"Dobbs Elementary, Santa Fe Elementary",,data\raw\hickman-mills\organization\snapshots\live_2026_pages\page_36.html,False,primary_directory_snapshot
20260927000000,2026-09-27,2026-2027,JONELL PEDESCLEAUX,Physical Education/Health,Hickman Mills Middle School,,data\raw\hickman-mills\organization\snapshots\live_2026_pages\page_36.html,False,primary_directory_snapshot
20260927000000,2026-09-27,2026-2027,GRACIELA PENA,"Custodian, 2nd Shift",Ruskin High School,,data\raw\hickman-mills\organization\snapshots\live_2026_pages\page_37.html,False,primary_directory_snapshot
20260927000000,2026-09-27,2026-2027,ALETHA PENN,Acting Principal,"Freda Markley Early Childhood Center, Real World Learning Center",,data\raw\hickman-mills\organization\snapshots\live_2026_pages\page_37.html,True,primary_directory_snapshot
20260927000000,2026-09-27,2026-2027,MARIA PENNYE,Attendance/Media Clerk,Warford Elementary,,data\raw\hickman-mills\organization\snapshots\live_2026_pages\page_37.html,False,primary_directory_snapshot
20260927000000,2026-09-27,2026-2027,PATRICIA PEPPERS-TOWLES,Instructional Technology Facilitator,Admin Center,,data\raw\hickman-mills\organization\snapshots\live_2026_pages\page_37.html,False,primary_directory_snapshot
20260927000000,2026-09-27,2026-2027,JAMIE PEREZ,Grade 3,Truman Elementary,,data\raw\hickman-mills\organization\snapshots\live_2026_pages\page_37.html,False,primary_directory_snapshot
20260927000000,2026-09-27,2026-2027,MARIA PEREZ,ECSE Teacher,"John Sharp Early Education Center, Ervin Elementary School, Truman Elementary",,data\raw\hickman-mills\organization\snapshots\live_2026_pages\page_37.html,False,primary_directory_snapshot
20260927000000,2026-09-27,2026-2027,WILLIAM PERKINS,Asst Principal,Ruskin High School,,data\raw\hickman-mills\organization\snapshots\live_2026_pages\page_37.html,True,primary_directory_snapshot
20260927000000,2026-09-27,2026-2027,LAUREN PERKINS GODBOLD,Extra Duty - Asst. Girls Basketball Coach,Ruskin High School,,data\raw\hickman-mills\organization\snapshots\live_2026_pages\page_37.html,False,primary_directory_snapshot
20260927000000,2026-09-27,2026-2027,KEITH PERRY,"Custodian, Head",Truman Elementary,,data\raw\hickman-mills\organization\snapshots\live_2026_pages\page_37.html,False,primary_directory_snapshot
20260927000000,2026-09-27,2026-2027,LISA PERRY,Family School Liaison,Compass Elementary,,data\raw\hickman-mills\organization\snapshots\live_2026_pages\page_37.html,False,primary_directory_snapshot
20260927000000,2026-09-27,2026-2027,LACEY PETERS,ECSE Teacher,"John Sharp Early Education Center, Truman Elementary",,data\raw\hickman-mills\organization\snapshots\live_2026_pages\page_37.html,False,primary_directory_snapshot
20260927000000,2026-09-27,2026-2027,EARL PETERSON,Extra Duty - Asst. Boys Basketball Coach,Ruskin High School,,data\raw\hickman-mills\organization\snapshots\live_2026_pages\page_37.html,False,primary_directory_snapshot
20260927000000,2026-09-27,2026-2027,TRACI PETTIS JOHNSON,Family School Liaison,Truman Elementary,,data\raw\hickman-mills\organization\snapshots\live_2026_pages\page_37.html,False,primary_directory_snapshot
20260927000000,2026-09-27,2026-2027,SUSAN PHILLIPS,Physical Education,Ervin Elementary School,,data\raw\hickman-mills\organization\snapshots\live_2026_pages\page_37.html,False,primary_directory_snapshot
20260927000000,2026-09-27,2026-2027,TARRON PHILLIPS,"Custodian, Head",Real World Learning Center,,data\raw\hickman-mills\organization\snapshots\live_2026_pages\page_37.html,True,primary_directory_snapshot
20260927000000,2026-09-27,2026-2027,HOLLY PHILLIPS HENRICH,CODE Teacher,Hickman Mills Middle School,,data\raw\hickman-mills\organization\snapshots\live_2026_pages\page_38.html,False,primary_directory_snapshot
20260927000000,2026-09-27,2026-2027,JAMES PICKETT,Social Studies,Ruskin High School,,data\raw\hickman-mills\organization\snapshots\live_2026_pages\page_38.html,False,primary_directory_snapshot
20260927000000,2026-09-27,2026-2027,JULIE PIERCE,Media Specialist,Hickman Mills Middle School,,data\raw\hickman-mills\organization\snapshots\live_2026_pages\page_38.html,False,primary_directory_snapshot
20260927000000,2026-09-27,2026-2027,MIRANDA PIERCE,Occupational Therapist,Admin Center,,data\raw\hickman-mills\organization\snapshots\live_2026_pages\page_38.html,False,primary_directory_snapshot
20260927000000,2026-09-27,2026-2027,BRANDY PILCHER,Cafeteria Manager,"Dobbs Elementary, Real World Learning Center, Warford Elementary",,data\raw\hickman-mills\organization\snapshots\live_2026_pages\page_38.html,True,primary_directory_snapshot
20260927000000,2026-09-27,2026-2027,ADRIENNE PITTARD,Communication Arts,Ruskin High School,,data\raw\hickman-mills\organization\snapshots\live_2026_pages\page_38.html,False,primary_directory_snapshot
20260927000000,2026-09-27,2026-2027,DIANE POINTS,History Total Work Record,Dobbs Elementary,,data\raw\hickman-mills\organization\snapshots\live_2026_pages\page_38.html,False,primary_directory_snapshot
20260927000000,2026-09-27,2026-2027,LAKIAH POKE,Student Intern - Coffee Shop,Real World Learning Center,,data\raw\hickman-mills\organization\snapshots\live_2026_pages\page_38.html,True,primary_directory_snapshot
20260927000000,2026-09-27,2026-2027,KAREN POLSON,Title I Paraprofessional,"Freda Markley Early Childhood Center, Warford Elementary",,data\raw\hickman-mills\organization\snapshots\live_2026_pages\page_38.html,False,primary_directory_snapshot
20260927000000,2026-09-27,2026-2027,BREONA PORTER,Grade 4,Dobbs Elementary,,data\raw\hickman-mills\organization\snapshots\live_2026_pages\page_38.html,False,primary_directory_snapshot
20260927000000,2026-09-27,2026-2027,SAUNDRA POWELL,Tutoring,Ingels Elementary,,data\raw\hickman-mills\organization\snapshots\live_2026_pages\page_38.html,False,primary_directory_snapshot
20260927000000,2026-09-27,2026-2027,SUSAN PRICE,Secretary to Principal,Real World Learning Center,,data\raw\hickman-mills\organization\snapshots\live_2026_pages\page_38.html,True,primary_directory_snapshot
20260927000000,2026-09-27,2026-2027,LATOYA RAGAN,Principal,Dobbs Elementary,,data\raw\hickman-mills\organization\snapshots\live_2026_pages\page_38.html,True,primary_directory_snapshot
20260927000000,2026-09-27,2026-2027,ALLEN RAINE,Science,Ruskin High School,,data\raw\hickman-mills\organization\snapshots\live_2026_pages\page_38.html,False,primary_directory_snapshot
20260927000000,2026-09-27,2026-2027,JENNIFER RAMAEKER,Speech Pathologist,Compass Elementary,,data\raw\hickman-mills\organization\snapshots\live_2026_pages\page_38.html,False,primary_directory_snapshot
20260927000000,2026-09-27,2026-2027,WENDY RAMIREZ,Classified Sub,Hickman Mills School District,,data\raw\hickman-mills\organization\snapshots\live_2026_pages\page_39.html,False,primary_directory_snapshot
20260927000000,2026-09-27,2026-2027,CHRISTINE REAM,Grade 1,"Ervin Elementary School, Santa Fe Elementary",,data\raw\hickman-mills\organization\snapshots\live_2026_pages\page_39.html,False,primary_directory_snapshot
20260927000000,2026-09-27,2026-2027,SHANTA REAMS,Cafeteria Manager,"Ervin Elementary School, Alvin Brooks Middle School, Truman Elementary",,data\raw\hickman-mills\organization\snapshots\live_2026_pages\page_39.html,False,primary_directory_snapshot
20260927000000,2026-09-27,2026-2027,JARON REED,Extra Duty - Asst. Football Coach,Ruskin High School,,data\raw\hickman-mills\organization\snapshots\live_2026_pages\page_39.html,False,primary_directory_snapshot
20260927000000,2026-09-27,2026-2027,NIKELA REED,Speech,Ruskin High School,,data\raw\hickman-mills\organization\snapshots\live_2026_pages\page_39.html,False,primary_directory_snapshot
20260927000000,2026-09-27,2026-2027,RAYMOND REED,Part B - Special Ed Teacher,Dobbs Elementary,,data\raw\hickman-mills\organization\snapshots\live_2026_pages\page_39.html,False,primary_directory_snapshot
20260927000000,2026-09-27,2026-2027,LATOSHA REESE,SPED - Teacher,"Ruskin High School, Warford Elementary",,data\raw\hickman-mills\organization\snapshots\live_2026_pages\page_39.html,False,primary_directory_snapshot
20260927000000,2026-09-27,2026-2027,JODI REEVES,Family Consumer Science,Ruskin High School,,data\raw\hickman-mills\organization\snapshots\live_2026_pages\page_39.html,False,primary_directory_snapshot
20260927000000,2026-09-27,2026-2027,HEATHER REILLY,Communication Arts,Ruskin High School,,data\raw\hickman-mills\organization\snapshots\live_2026_pages\page_39.html,False,primary_directory_snapshot
20260927000000,2026-09-27,2026-2027,ELIZABETH REINKEN,District Spec Ed/ELL Instructional Coach,Admin Center,,data\raw\hickman-mills\organization\snapshots\live_2026_pages\page_39.html,False,primary_directory_snapshot
20260927000000,2026-09-27,2026-2027,JUSTIN REMINGTON,Physical Education,Compass Elementary,,data\raw\hickman-mills\organization\snapshots\live_2026_pages\page_39.html,False,primary_directory_snapshot
20260927000000,2026-09-27,2026-2027,GRACE RENDON,Administrative Secretary/Security,Admin Center,,data\raw\hickman-mills\organization\snapshots\live_2026_pages\page_39.html,False,primary_directory_snapshot
20260927000000,2026-09-27,2026-2027,TERRENCE REVELES,Restorative Practice Coach,Warford Elementary,,data\raw\hickman-mills\organization\snapshots\live_2026_pages\page_39.html,False,primary_directory_snapshot
20260927000000,2026-09-27,2026-2027,DANIKA REYES,Lead Parent Educator,Admin Center,,data\raw\hickman-mills\organization\snapshots\live_2026_pages\page_39.html,False,primary_directory_snapshot
20260927000000,2026-09-27,2026-2027,CHELSEA RHODES,Grade 3,"Freda Markley Early Childhood Center, Truman Elementary",,data\raw\hickman-mills\organization\snapshots\live_2026_pages\page_39.html,False,primary_directory_snapshot
20260927000000,2026-09-27,2026-2027,ELIZABETH RHODES,Kindergarten,Truman Elementary,,data\raw\hickman-mills\organization\snapshots\live_2026_pages\page_40.html,False,primary_directory_snapshot
20260927000000,2026-09-27,2026-2027,KIMBERLY RICE,Department Clerk - EC,Freda Markley Early Childhood Center,,data\raw\hickman-mills\organization\snapshots\live_2026_pages\page_40.html,False,primary_directory_snapshot
20260927000000,2026-09-27,2026-2027,KYLIE RICHARDS,Kindergarten,Compass Elementary,,data\raw\hickman-mills\organization\snapshots\live_2026_pages\page_40.html,False,primary_directory_snapshot
20260927000000,2026-09-27,2026-2027,BRENDA RICHARDSON,Cafeteria Supper (PM),"Ervin Elementary School, Warford Elementary",,data\raw\hickman-mills\organization\snapshots\live_2026_pages\page_40.html,False,primary_directory_snapshot
20260927000000,2026-09-27,2026-2027,ELINOR RICHARDSON,Title I Paraprofessional,Freda Markley Early Childhood Center,,data\raw\hickman-mills\organization\snapshots\live_2026_pages\page_40.html,False,primary_directory_snapshot
20260927000000,2026-09-27,2026-2027,ERICKA RIDGELL,History Total Work Record,,,data\raw\hickman-mills\organization\snapshots\live_2026_pages\page_40.html,False,primary_directory_snapshot
20260927000000,2026-09-27,2026-2027,TRACY RIDGELY,Nurse,"John Sharp Early Education Center, Hickman Mills Middle School",,data\raw\hickman-mills\organization\snapshots\live_2026_pages\page_40.html,False,primary_directory_snapshot
20260927000000,2026-09-27,2026-2027,RYANN RIDGNAL,Nutrition Service Associate - Full Time,Hickman Mills Middle School,,data\raw\hickman-mills\organization\snapshots\live_2026_pages\page_40.html,False,primary_directory_snapshot
20260927000000,2026-09-27,2026-2027,CRYSTAL RIDLEY,Social Studies - 7th Grade,Alvin Brooks Middle School,,data\raw\hickman-mills\organization\snapshots\live_2026_pages\page_40.html,False,primary_directory_snapshot
20260927000000,2026-09-27,2026-2027,LUCINDA RIEDLINGER,Nutrition Service Associate - Full Time,"Dobbs Elementary, Warford Elementary",,data\raw\hickman-mills\organization\snapshots\live_2026_pages\page_40.html,False,primary_directory_snapshot
20260927000000,2026-09-27,2026-2027,MARKEEDA RILEY,Grade 1,Truman Elementary,,data\raw\hickman-mills\organization\snapshots\live_2026_pages\page_40.html,False,primary_directory_snapshot
20260927000000,2026-09-27,2026-2027,MARK RITCHEY,Art,Ingels Elementary,,data\raw\hickman-mills\organization\snapshots\live_2026_pages\page_40.html,False,primary_directory_snapshot
20260927000000,2026-09-27,2026-2027,ETHAN RITSCHEL,Process Coordinator,,,data\raw\hickman-mills\organization\snapshots\live_2026_pages\page_40.html,False,primary_directory_snapshot
20260927000000,2026-09-27,2026-2027,MEGAN RITZ,Occupational Therapist,Freda Markley Early Childhood Center,,data\raw\hickman-mills\organization\snapshots\live_2026_pages\page_40.html,False,primary_directory_snapshot
20260927000000,2026-09-27,2026-2027,EMELYN RIVERA RODRIGUEZ,Extra Duty - Asst Girls Tennis Coach,Ruskin High School,,data\raw\hickman-mills\organization\snapshots\live_2026_pages\page_40.html,False,primary_directory_snapshot
20260927000000,2026-09-27,2026-2027,AMBER ROAN,SPED - Teacher,Real World Learning Center,,data\raw\hickman-mills\organization\snapshots\live_2026_pages\page_41.html,True,primary_directory_snapshot
20260927000000,2026-09-27,2026-2027,DOMINIQUE ROBERSON,History Total Work Record,,,data\raw\hickman-mills\organization\snapshots\live_2026_pages\page_41.html,False,primary_directory_snapshot
20260927000000,2026-09-27,2026-2027,NADINE ROBERTS,Lunch Aide,Freda Markley Early Childhood Center,,data\raw\hickman-mills\organization\snapshots\live_2026_pages\page_41.html,False,primary_directory_snapshot
20260927000000,2026-09-27,2026-2027,TAMARA ROBERTS,Grade 1,Warford Elementary,,data\raw\hickman-mills\organization\snapshots\live_2026_pages\page_41.html,False,primary_directory_snapshot
20260927000000,2026-09-27,2026-2027,DESTINEE ROBINSON,Supplemental Teacher,Ingels Elementary,,data\raw\hickman-mills\organization\snapshots\live_2026_pages\page_41.html,False,primary_directory_snapshot
20260927000000,2026-09-27,2026-2027,JACQUELYN ROBINSON,Grade 2,Ervin Elementary School,,data\raw\hickman-mills\organization\snapshots\live_2026_pages\page_41.html,False,primary_directory_snapshot
20260927000000,2026-09-27,2026-2027,LEKEYAH ROBINSON,History Total Work Record,Hickman Mills Middle School,,data\raw\hickman-mills\organization\snapshots\live_2026_pages\page_41.html,False,primary_directory_snapshot
20260927000000,2026-09-27,2026-2027,Makayla Robinson,ECSE Paraprofessional,Truman Elementary,,data\raw\hickman-mills\organization\snapshots\live_2026_pages\page_41.html,False,primary_directory_snapshot
20260927000000,2026-09-27,2026-2027,ROSA ROBINSON,"Custodian, 2nd Shift",Ervin Elementary School,,data\raw\hickman-mills\organization\snapshots\live_2026_pages\page_41.html,False,primary_directory_snapshot
20260927000000,2026-09-27,2026-2027,SUSAN ROBINSON,Custodian,Hickman Mills Middle School,,data\raw\hickman-mills\organization\snapshots\live_2026_pages\page_41.html,False,primary_directory_snapshot
20260927000000,2026-09-27,2026-2027,ANTHONY RODRIGUEZ,"Custodian, 2nd Shift","Hickman Mills Middle School, Truman Elementary",,data\raw\hickman-mills\organization\snapshots\live_2026_pages\page_41.html,False,primary_directory_snapshot
20260927000000,2026-09-27,2026-2027,KAYLA ROGERS,Human Resources & Operations Specialist,Admin Center,,data\raw\hickman-mills\organization\snapshots\live_2026_pages\page_41.html,False,primary_directory_snapshot
20260927000000,2026-09-27,2026-2027,Jasmine Roland,Title I Paraprofessional,Freda Markley Early Childhood Center,,data\raw\hickman-mills\organization\snapshots\live_2026_pages\page_41.html,False,primary_directory_snapshot
20260927000000,2026-09-27,2026-2027,CANAAN ROLING,Communication Arts,Alvin Brooks Middle School,,data\raw\hickman-mills\organization\snapshots\live_2026_pages\page_41.html,False,primary_directory_snapshot
20260927000000,2026-09-27,2026-2027,DIVINITY ROLLEN,SPED Paraprofessional,Truman Elementary,,data\raw\hickman-mills\organization\snapshots\live_2026_pages\page_41.html,False,primary_directory_snapshot
20260927000000,2026-09-27,2026-2027,TAUREAN ROLLINS,Restorative Practice Coach,Alvin Brooks Middle School,,data\raw\hickman-mills\organization\snapshots\live_2026_pages\page_42.html,False,primary_directory_snapshot
20260927000000,2026-09-27,2026-2027,TYA ROLLINS,Title I Paraprofessional,"John Sharp Early Education Center, Truman Elementary",,data\raw\hickman-mills\organization\snapshots\live_2026_pages\page_42.html,False,primary_directory_snapshot
20260927000000,2026-09-27,2026-2027,YOLONDA ROLLINS,Administrative Secretary/Buildings&Grounds,"Ingels Elementary, BUILDING & GROUNDS",,data\raw\hickman-mills\organization\snapshots\live_2026_pages\page_42.html,False,primary_directory_snapshot
20260927000000,2026-09-27,2026-2027,Simon Ronnell,Custodian,"Ervin Elementary School, Real World Learning Center",,data\raw\hickman-mills\organization\snapshots\live_2026_pages\page_42.html,True,primary_directory_snapshot
20260927000000,2026-09-27,2026-2027,KYIA ROONEY,Speech Pathologist,Alvin Brooks Middle School,,data\raw\hickman-mills\organization\snapshots\live_2026_pages\page_42.html,False,primary_directory_snapshot
20260927000000,2026-09-27,2026-2027,JACQUELYN ROSE,Administrative Secretary,Ruskin High School,,data\raw\hickman-mills\organization\snapshots\live_2026_pages\page_42.html,False,primary_directory_snapshot
20260927000000,2026-09-27,2026-2027,MICHAEL ROSS,Social Studies,Ruskin High School,,data\raw\hickman-mills\organization\snapshots\live_2026_pages\page_42.html,False,primary_directory_snapshot
20260927000000,2026-09-27,2026-2027,RICKEY ROSS,Custodian,Admin Center,,data\raw\hickman-mills\organization\snapshots\live_2026_pages\page_42.html,False,primary_directory_snapshot
20260927000000,2026-09-27,2026-2027,DAVID ROTH,Band/Orchestra,Ruskin High School,,data\raw\hickman-mills\organization\snapshots\live_2026_pages\page_42.html,False,primary_directory_snapshot
20260927000000,2026-09-27,2026-2027,MATTHEW ROWLAND,Food Service Associate - Part Time,Ruskin High School,,data\raw\hickman-mills\organization\snapshots\live_2026_pages\page_42.html,False,primary_directory_snapshot
20260927000000,2026-09-27,2026-2027,MARY ROY,Payroll Specialist-Certified,"Truman Elementary, Admin Center",,data\raw\hickman-mills\organization\snapshots\live_2026_pages\page_42.html,False,primary_directory_snapshot
20260927000000,2026-09-27,2026-2027,JOEL RUBIO,Grade 5,Warford Elementary,,data\raw\hickman-mills\organization\snapshots\live_2026_pages\page_42.html,False,primary_directory_snapshot
20260927000000,2026-09-27,2026-2027,NICOLE RUIZ,Title I Instructional Coach,"Hickman Mills Middle School, Ruskin High School",,data\raw\hickman-mills\organization\snapshots\live_2026_pages\page_42.html,False,primary_directory_snapshot
20260927000000,2026-09-27,2026-2027,SHONA RUSH,Physical Therapist,Admin Center,,data\raw\hickman-mills\organization\snapshots\live_2026_pages\page_42.html,False,primary_directory_snapshot
20260927000000,2026-09-27,2026-2027,HEATHER RUSSELL,SPED Paraprofessional,Ruskin High School,,data\raw\hickman-mills\organization\snapshots\live_2026_pages\page_42.html,False,primary_directory_snapshot
20260927000000,2026-09-27,2026-2027,MARCUS RUSSELL,Courier,"Ervin Elementary School, Alvin Brooks Middle School, BUILDING & GROUNDS",,data\raw\hickman-mills\organization\snapshots\live_2026_pages\page_43.html,False,primary_directory_snapshot
20260927000000,2026-09-27,2026-2027,TARA RUSSELL,Grade 4,Compass Elementary,,data\raw\hickman-mills\organization\snapshots\live_2026_pages\page_43.html,False,primary_directory_snapshot
20260927000000,2026-09-27,2026-2027,CARESSE RYAN,Communication Arts,Ruskin High School,,data\raw\hickman-mills\organization\snapshots\live_2026_pages\page_43.html,False,primary_directory_snapshot
20260927000000,2026-09-27,2026-2027,CARRI RYERSON,Asst Principal,Ruskin High School,,data\raw\hickman-mills\organization\snapshots\live_2026_pages\page_43.html,True,primary_directory_snapshot
20260927000000,2026-09-27,2026-2027,DANIEL RYERSON,Counselor,Real World Learning Center,,data\raw\hickman-mills\organization\snapshots\live_2026_pages\page_43.html,True,primary_directory_snapshot
20260927000000,2026-09-27,2026-2027,VALERIE SABINO,Grade 5,"Compass Elementary, Hickman Mills Middle School, Santa Fe Elementary",,data\raw\hickman-mills\organization\snapshots\live_2026_pages\page_43.html,False,primary_directory_snapshot
20260927000000,2026-09-27,2026-2027,KIMBERLY SALMONS,ECSE Paraprofessional,Freda Markley Early Childhood Center,,data\raw\hickman-mills\organization\snapshots\live_2026_pages\page_43.html,False,primary_directory_snapshot
20260927000000,2026-09-27,2026-2027,KARIMA SAMYH,Nutrition Service Associate - Full Time,"Dobbs Elementary, Warford Elementary",,data\raw\hickman-mills\organization\snapshots\live_2026_pages\page_43.html,False,primary_directory_snapshot
20260927000000,2026-09-27,2026-2027,KRISTIE SANBORN,Instructional Technology Facilitator,Admin Center,,data\raw\hickman-mills\organization\snapshots\live_2026_pages\page_43.html,False,primary_directory_snapshot
20260927000000,2026-09-27,2026-2027,JAVIER SANCHEZ,Social Studies,Ruskin High School,,data\raw\hickman-mills\organization\snapshots\live_2026_pages\page_43.html,False,primary_directory_snapshot
20260927000000,2026-09-27,2026-2027,DORIS SANDEFUR,SPED - Teacher,Ervin Elementary School,,data\raw\hickman-mills\organization\snapshots\live_2026_pages\page_43.html,False,primary_directory_snapshot
20260927000000,2026-09-27,2026-2027,YVONNE SANDERS,Family School Liaison,Dobbs Elementary,,data\raw\hickman-mills\organization\snapshots\live_2026_pages\page_43.html,False,primary_directory_snapshot
20260927000000,2026-09-27,2026-2027,SARAH SANFILIPPO,Early Education Process Coordinator,Freda Markley Early Childhood Center,,data\raw\hickman-mills\organization\snapshots\live_2026_pages\page_43.html,False,primary_directory_snapshot
20260927000000,2026-09-27,2026-2027,KATIA SAWAF,ESOL Translator/Paraprofessional,Truman Elementary,,data\raw\hickman-mills\organization\snapshots\live_2026_pages\page_43.html,False,primary_directory_snapshot
20260927000000,2026-09-27,2026-2027,MARY ANN SAWYER,SPED - Teacher,Ruskin High School,,data\raw\hickman-mills\organization\snapshots\live_2026_pages\page_43.html,False,primary_directory_snapshot
20260927000000,2026-09-27,2026-2027,GLORIA SCHALLERT,Substitute - Nurse,Admin Center,,data\raw\hickman-mills\organization\snapshots\live_2026_pages\page_44.html,False,primary_directory_snapshot
20260927000000,2026-09-27,2026-2027,KRISTIN SCHENKELBERG,Substitute - Nurse,Freda Markley Early Childhood Center,,data\raw\hickman-mills\organization\snapshots\live_2026_pages\page_44.html,False,primary_directory_snapshot
20260927000000,2026-09-27,2026-2027,KATE SCHLARMAN,Science,Ruskin High School,,data\raw\hickman-mills\organization\snapshots\live_2026_pages\page_44.html,False,primary_directory_snapshot
20260927000000,2026-09-27,2026-2027,JULIE SCHMIDT,Kindergarten,Ervin Elementary School,,data\raw\hickman-mills\organization\snapshots\live_2026_pages\page_44.html,False,primary_directory_snapshot
20260927000000,2026-09-27,2026-2027,JODY SCHNEIDER,Grade 2,Warford Elementary,,data\raw\hickman-mills\organization\snapshots\live_2026_pages\page_44.html,False,primary_directory_snapshot
20260927000000,2026-09-27,2026-2027,BRITTANY SCHOENEBECK,Speech Pathologist,"Santa Fe Elementary, Admin Center",,data\raw\hickman-mills\organization\snapshots\live_2026_pages\page_44.html,False,primary_directory_snapshot
20260927000000,2026-09-27,2026-2027,BELINDA SCOTT,Family School Liaison,Ingels Elementary,,data\raw\hickman-mills\organization\snapshots\live_2026_pages\page_44.html,False,primary_directory_snapshot
20260927000000,2026-09-27,2026-2027,CHARRY SCOTT,Title I Paraprofessional,Freda Markley Early Childhood Center,,data\raw\hickman-mills\organization\snapshots\live_2026_pages\page_44.html,False,primary_directory_snapshot
20260927000000,2026-09-27,2026-2027,KEVIN SCOTT,Title I Paraprofessional,"John Sharp Early Education Center, Truman Elementary",,data\raw\hickman-mills\organization\snapshots\live_2026_pages\page_44.html,False,primary_directory_snapshot
20260927000000,2026-09-27,2026-2027,STEVEN SEALS,Grade 3,Dobbs Elementary,,data\raw\hickman-mills\organization\snapshots\live_2026_pages\page_44.html,False,primary_directory_snapshot
20260927000000,2026-09-27,2026-2027,KATHLEEN SELF,Nurse,Ruskin High School,,data\raw\hickman-mills\organization\snapshots\live_2026_pages\page_44.html,False,primary_directory_snapshot
20260927000000,2026-09-27,2026-2027,Cinncerlee Selkirk,Nurse - One on One,"Hickman Mills Middle School, Ingels Elementary",,data\raw\hickman-mills\organization\snapshots\live_2026_pages\page_44.html,False,primary_directory_snapshot
20260927000000,2026-09-27,2026-2027,JOSHUA SHANE THOMPSON,Student Intern - Coffee Shop,Real World Learning Center,,data\raw\hickman-mills\organization\snapshots\live_2026_pages\page_44.html,True,primary_directory_snapshot
20260927000000,2026-09-27,2026-2027,ROBIN SHAON,Science,Ruskin High School,,data\raw\hickman-mills\organization\snapshots\live_2026_pages\page_44.html,False,primary_directory_snapshot
20260927000000,2026-09-27,2026-2027,DONNA SHAW,Process Coordinator,Santa Fe Elementary,,data\raw\hickman-mills\organization\snapshots\live_2026_pages\page_44.html,False,primary_directory_snapshot
20260927000000,2026-09-27,2026-2027,MATTHEW SHAW,Microsystems Analyst,Admin Center,,data\raw\hickman-mills\organization\snapshots\live_2026_pages\page_45.html,False,primary_directory_snapshot
20260927000000,2026-09-27,2026-2027,TERESA SHEEDER,Title I Pre-Kindergarten Teacher,"John Sharp Early Education Center, Truman Elementary",,data\raw\hickman-mills\organization\snapshots\live_2026_pages\page_45.html,False,primary_directory_snapshot
20260927000000,2026-09-27,2026-2027,JEFF SHERMAN,Maintenance,BUILDING & GROUNDS,,data\raw\hickman-mills\organization\snapshots\live_2026_pages\page_45.html,False,primary_directory_snapshot
20260927000000,2026-09-27,2026-2027,KIARA SHERMAN,Title I Paraprofessional,"John Sharp Early Education Center, Truman Elementary",,data\raw\hickman-mills\organization\snapshots\live_2026_pages\page_45.html,False,primary_directory_snapshot
20260927000000,2026-09-27,2026-2027,SARAH SHERMAN,Plato/Credit Recovery,Ruskin High School,,data\raw\hickman-mills\organization\snapshots\live_2026_pages\page_45.html,False,primary_directory_snapshot
20260927000000,2026-09-27,2026-2027,LYNNE SHIPLEY,Title I Instructional Coach,Hickman Mills Middle School,,data\raw\hickman-mills\organization\snapshots\live_2026_pages\page_45.html,False,primary_directory_snapshot
20260927000000,2026-09-27,2026-2027,MIRANDA SHOAF,Grade 2,Ingels Elementary,,data\raw\hickman-mills\organization\snapshots\live_2026_pages\page_45.html,False,primary_directory_snapshot
20260927000000,2026-09-27,2026-2027,HAYLEY SIMON,Art,Truman Elementary,,data\raw\hickman-mills\organization\snapshots\live_2026_pages\page_45.html,False,primary_directory_snapshot
20260927000000,2026-09-27,2026-2027,DREANNA SIMPSON,Grade 1,"Freda Markley Early Childhood Center, Truman Elementary",,data\raw\hickman-mills\organization\snapshots\live_2026_pages\page_45.html,False,primary_directory_snapshot
20260927000000,2026-09-27,2026-2027,DANYCA SINGLETON,Coord. of Student & Family Svcs,Admin Center,,data\raw\hickman-mills\organization\snapshots\live_2026_pages\page_45.html,False,primary_directory_snapshot
20260927000000,2026-09-27,2026-2027,JULIA SIPE,Title I Paraprofessional,Truman Elementary,,data\raw\hickman-mills\organization\snapshots\live_2026_pages\page_45.html,False,primary_directory_snapshot
20260927000000,2026-09-27,2026-2027,Sydnee Sirls Hayter,Part B - Paraprofessional,"Compass Elementary, Truman Elementary",,data\raw\hickman-mills\organization\snapshots\live_2026_pages\page_45.html,False,primary_directory_snapshot
20260927000000,2026-09-27,2026-2027,KIMBERLY SIXTA,Social Studies,Ruskin High School,,data\raw\hickman-mills\organization\snapshots\live_2026_pages\page_45.html,False,primary_directory_snapshot
20260927000000,2026-09-27,2026-2027,MONICA SLAUGHTER,SPED Paraprofessional,Ingels Elementary,,data\raw\hickman-mills\organization\snapshots\live_2026_pages\page_45.html,False,primary_directory_snapshot
20260927000000,2026-09-27,2026-2027,AUNDREA SLIDER,Title I Pre-Kindergarten Teacher,Freda Markley Early Childhood Center,,data\raw\hickman-mills\organization\snapshots\live_2026_pages\page_45.html,False,primary_directory_snapshot
20260927000000,2026-09-27,2026-2027,BARBARA SMELTER,Purchasing Analyst,Admin Center,,data\raw\hickman-mills\organization\snapshots\live_2026_pages\page_46.html,False,primary_directory_snapshot
20260927000000,2026-09-27,2026-2027,CHRISTA SMITH,SPED - Teacher,Ruskin High School,,data\raw\hickman-mills\organization\snapshots\live_2026_pages\page_46.html,False,primary_directory_snapshot
20260927000000,2026-09-27,2026-2027,DAWN SMITH,Assistant Superintendent of Operations,Admin Center,,data\raw\hickman-mills\organization\snapshots\live_2026_pages\page_46.html,True,primary_directory_snapshot
20260927000000,2026-09-27,2026-2027,JASMINE SMITH,Part B - Special Ed Teacher,Truman Elementary,,data\raw\hickman-mills\organization\snapshots\live_2026_pages\page_46.html,False,primary_directory_snapshot
20260927000000,2026-09-27,2026-2027,JOLAN SMITH,SPED - Teacher,Ruskin High School,,data\raw\hickman-mills\organization\snapshots\live_2026_pages\page_46.html,False,primary_directory_snapshot
20260927000000,2026-09-27,2026-2027,JONATHON SMITH,Process Coordinator,Ingels Elementary,,data\raw\hickman-mills\organization\snapshots\live_2026_pages\page_46.html,False,primary_directory_snapshot
20260927000000,2026-09-27,2026-2027,JOYCE SMITH,Grade 4,Truman Elementary,,data\raw\hickman-mills\organization\snapshots\live_2026_pages\page_46.html,False,primary_directory_snapshot
20260927000000,2026-09-27,2026-2027,LEISA SMITH,"Custodian, Head",Santa Fe Elementary,,data\raw\hickman-mills\organization\snapshots\live_2026_pages\page_46.html,False,primary_directory_snapshot
20260927000000,2026-09-27,2026-2027,PATRICIA SMITH,"Custodian, 2nd Shift",BUILDING & GROUNDS,,data\raw\hickman-mills\organization\snapshots\live_2026_pages\page_46.html,False,primary_directory_snapshot
20260927000000,2026-09-27,2026-2027,TERESA SMITH,Kindergarten,Compass Elementary,,data\raw\hickman-mills\organization\snapshots\live_2026_pages\page_46.html,False,primary_directory_snapshot
20260927000000,2026-09-27,2026-2027,KOURTNEY SMITH-POLSON,ECSE Paraprofessional,Freda Markley Early Childhood Center,,data\raw\hickman-mills\organization\snapshots\live_2026_pages\page_46.html,False,primary_directory_snapshot
20260927000000,2026-09-27,2026-2027,HOLLY SMOTHERS,Grade 6 - ELA,Hickman Mills Middle School,,data\raw\hickman-mills\organization\snapshots\live_2026_pages\page_46.html,False,primary_directory_snapshot
20260927000000,2026-09-27,2026-2027,CANDACE SNYDER-TITALANGHA,SPED Paraprofessional,Compass Elementary,,data\raw\hickman-mills\organization\snapshots\live_2026_pages\page_46.html,False,primary_directory_snapshot
20260927000000,2026-09-27,2026-2027,CARLA SOLE,Speech,Ruskin High School,,data\raw\hickman-mills\organization\snapshots\live_2026_pages\page_46.html,False,primary_directory_snapshot
20260927000000,2026-09-27,2026-2027,JONALYN SPALDING,Grade 1,Ervin Elementary School,,data\raw\hickman-mills\organization\snapshots\live_2026_pages\page_46.html,False,primary_directory_snapshot
20260927000000,2026-09-27,2026-2027,DEVIN SPENCER,Maintenance,"Hickman Mills Middle School, BUILDING & GROUNDS",,data\raw\hickman-mills\organization\snapshots\live_2026_pages\page_47.html,False,primary_directory_snapshot
20260927000000,2026-09-27,2026-2027,JORDAN SPENCER,"Custodian, 2nd Shift",Ervin Elementary School,,data\raw\hickman-mills\organization\snapshots\live_2026_pages\page_47.html,False,primary_directory_snapshot
20260927000000,2026-09-27,2026-2027,WILLIE SPENCER,SPED Paraprofessional,Ingels Elementary,,data\raw\hickman-mills\organization\snapshots\live_2026_pages\page_47.html,False,primary_directory_snapshot
20260927000000,2026-09-27,2026-2027,MONTAE SPILLER,"Custodian, 2nd Shift",Warford Elementary,,data\raw\hickman-mills\organization\snapshots\live_2026_pages\page_47.html,False,primary_directory_snapshot
20260927000000,2026-09-27,2026-2027,SHELLY SPOTTSVILLE,Grade 3,Warford Elementary,,data\raw\hickman-mills\organization\snapshots\live_2026_pages\page_47.html,False,primary_directory_snapshot
20260927000000,2026-09-27,2026-2027,GINA SPRINGER,Speech Pathologist,Ruskin High School,,data\raw\hickman-mills\organization\snapshots\live_2026_pages\page_47.html,False,primary_directory_snapshot
20260927000000,2026-09-27,2026-2027,ANGELA STAMILIO,Math,Ruskin High School,,data\raw\hickman-mills\organization\snapshots\live_2026_pages\page_47.html,False,primary_directory_snapshot
20260927000000,2026-09-27,2026-2027,DAYSANAE STEMMONS,Extra Duty - Asst. Volleyball Coach,Hickman Mills Middle School,,data\raw\hickman-mills\organization\snapshots\live_2026_pages\page_47.html,False,primary_directory_snapshot
20260927000000,2026-09-27,2026-2027,CODY STEWART,Police Officer,Hickman Mills School District,,data\raw\hickman-mills\organization\snapshots\live_2026_pages\page_47.html,False,primary_directory_snapshot
20260927000000,2026-09-27,2026-2027,LEANN STIENS,ECSE Teacher,"John Sharp Early Education Center, Truman Elementary",,data\raw\hickman-mills\organization\snapshots\live_2026_pages\page_47.html,False,primary_directory_snapshot
20260927000000,2026-09-27,2026-2027,SAMUEL STILLWELL,SPED - Teacher,Alvin Brooks Middle School,,data\raw\hickman-mills\organization\snapshots\live_2026_pages\page_47.html,False,primary_directory_snapshot
20260927000000,2026-09-27,2026-2027,DANIEL STILLWELL LOUIS,SPED Paraprofessional,Compass Elementary,,data\raw\hickman-mills\organization\snapshots\live_2026_pages\page_47.html,False,primary_directory_snapshot
20260927000000,2026-09-27,2026-2027,JONATHAN STRABO,Police Officer,Hickman Mills School District,,data\raw\hickman-mills\organization\snapshots\live_2026_pages\page_47.html,False,primary_directory_snapshot
20260927000000,2026-09-27,2026-2027,DIEDRE STRATTON,Media Specialist,Ervin Elementary School,,data\raw\hickman-mills\organization\snapshots\live_2026_pages\page_47.html,False,primary_directory_snapshot
20260927000000,2026-09-27,2026-2027,SHANA STRAWN,Grade 3,Dobbs Elementary,,data\raw\hickman-mills\organization\snapshots\live_2026_pages\page_47.html,False,primary_directory_snapshot
20260927000000,2026-09-27,2026-2027,MICHAEL STRINGER,SPED - Teacher,"Alvin Brooks Middle School, Real World Learning Center",,data\raw\hickman-mills\organization\snapshots\live_2026_pages\page_48.html,True,primary_directory_snapshot
20260927000000,2026-09-27,2026-2027,ERIC STUBBS,Police Officer - Part Time,Hickman Mills School District,,data\raw\hickman-mills\organization\snapshots\live_2026_pages\page_48.html,False,primary_directory_snapshot
20260927000000,2026-09-27,2026-2027,ERIC STUCKER,Police Officer,Hickman Mills School District,,data\raw\hickman-mills\organization\snapshots\live_2026_pages\page_48.html,False,primary_directory_snapshot
20260927000000,2026-09-27,2026-2027,LAQUINDA STUMON,Cafeteria Manager,"Freda Markley Early Childhood Center, Hickman Mills Middle School, Truman Elementary",,data\raw\hickman-mills\organization\snapshots\live_2026_pages\page_48.html,False,primary_directory_snapshot
20260927000000,2026-09-27,2026-2027,MATTHEW SULLIVAN,Physical Education,,,data\raw\hickman-mills\organization\snapshots\live_2026_pages\page_48.html,False,primary_directory_snapshot
20260927000000,2026-09-27,2026-2027,TIMOTHY SULLIVAN,SPED - Teacher,Compass Elementary,,data\raw\hickman-mills\organization\snapshots\live_2026_pages\page_48.html,False,primary_directory_snapshot
20260927000000,2026-09-27,2026-2027,ABRIEL SUTKO,Parent Educator,,,data\raw\hickman-mills\organization\snapshots\live_2026_pages\page_48.html,False,primary_directory_snapshot
20260927000000,2026-09-27,2026-2027,ANGELA SWEARINGIN,Counselor,Hickman Mills Middle School,,data\raw\hickman-mills\organization\snapshots\live_2026_pages\page_48.html,True,primary_directory_snapshot
20260927000000,2026-09-27,2026-2027,MORGAN SYDNOR,Grade 5,"Ervin Elementary School, Santa Fe Elementary",,data\raw\hickman-mills\organization\snapshots\live_2026_pages\page_48.html,False,primary_directory_snapshot
20260927000000,2026-09-27,2026-2027,LUJAIN TALEB,Student Intern - Summer School,Ervin Elementary School,,data\raw\hickman-mills\organization\snapshots\live_2026_pages\page_48.html,True,primary_directory_snapshot
20260927000000,2026-09-27,2026-2027,BRIDGET TAPIA,Grade 2,"John Sharp Early Education Center, Santa Fe Elementary, Truman Elementary",,data\raw\hickman-mills\organization\snapshots\live_2026_pages\page_48.html,False,primary_directory_snapshot
20260927000000,2026-09-27,2026-2027,CARLOS TAYLOR,Restorative Practice Lead,"Dobbs Elementary, Compass Elementary",,data\raw\hickman-mills\organization\snapshots\live_2026_pages\page_48.html,False,primary_directory_snapshot
20260927000000,2026-09-27,2026-2027,COLIN TAYLOR,Grade 5,Compass Elementary,,data\raw\hickman-mills\organization\snapshots\live_2026_pages\page_48.html,False,primary_directory_snapshot
20260927000000,2026-09-27,2026-2027,CRYSTAL TAYLOR,Alternative Teacher - Middle School,Real World Learning Center,,data\raw\hickman-mills\organization\snapshots\live_2026_pages\page_48.html,True,primary_directory_snapshot
20260927000000,2026-09-27,2026-2027,JULIE TAYLOR,Comprehensive - Instructional Coach,Ruskin High School,,data\raw\hickman-mills\organization\snapshots\live_2026_pages\page_48.html,False,primary_directory_snapshot
20260927000000,2026-09-27,2026-2027,KENDA TAYLOR,Grade 3,Compass Elementary,,data\raw\hickman-mills\organization\snapshots\live_2026_pages\page_49.html,False,primary_directory_snapshot
20260927000000,2026-09-27,2026-2027,LATEASHA TAYLOR,Cafeteria Assistant Manager,"Ervin Elementary School, Hickman Mills Middle School, Ruskin High School",,data\raw\hickman-mills\organization\snapshots\live_2026_pages\page_49.html,False,primary_directory_snapshot
20260927000000,2026-09-27,2026-2027,RUBY TAYLOR,Grade 1,"Freda Markley Early Childhood Center, Warford Elementary",,data\raw\hickman-mills\organization\snapshots\live_2026_pages\page_49.html,False,primary_directory_snapshot
20260927000000,2026-09-27,2026-2027,LAURICE TAYLOR-SEALS,Counselor,Alvin Brooks Middle School,,data\raw\hickman-mills\organization\snapshots\live_2026_pages\page_49.html,True,primary_directory_snapshot
20260927000000,2026-09-27,2026-2027,AMELIA TERRY ROSE,Student Intern - Coffee Shop,Real World Learning Center,,data\raw\hickman-mills\organization\snapshots\live_2026_pages\page_49.html,True,primary_directory_snapshot
20260927000000,2026-09-27,2026-2027,FS Test,,,,data\raw\hickman-mills\organization\snapshots\live_2026_pages\page_49.html,False,primary_directory_snapshot
20260927000000,2026-09-27,2026-2027,PATRICIA THOMAS,SPED - Teacher,Hickman Mills Middle School,,data\raw\hickman-mills\organization\snapshots\live_2026_pages\page_49.html,False,primary_directory_snapshot
20260927000000,2026-09-27,2026-2027,ZIBIAH THOMAS,Grade 4,Warford Elementary,,data\raw\hickman-mills\organization\snapshots\live_2026_pages\page_49.html,False,primary_directory_snapshot
20260927000000,2026-09-27,2026-2027,Brent Thompson,Transportation Manager,,,data\raw\hickman-mills\organization\snapshots\live_2026_pages\page_49.html,False,primary_directory_snapshot
20260927000000,2026-09-27,2026-2027,DAMION THOMPSON,"Custodian, 2nd Shift",Ruskin High School,,data\raw\hickman-mills\organization\snapshots\live_2026_pages\page_49.html,False,primary_directory_snapshot
20260927000000,2026-09-27,2026-2027,DERRIESHA THOMPSON,Secretary to Principal,"Alvin Brooks Middle School, Ruskin High School",,data\raw\hickman-mills\organization\snapshots\live_2026_pages\page_49.html,True,primary_directory_snapshot
20260927000000,2026-09-27,2026-2027,MARY THOMPSON,History Total Work Record,Ingels Elementary,,data\raw\hickman-mills\organization\snapshots\live_2026_pages\page_49.html,False,primary_directory_snapshot
20260927000000,2026-09-27,2026-2027,LIONEL THORPE,Custodian,"Ingels Elementary, Ruskin High School",,data\raw\hickman-mills\organization\snapshots\live_2026_pages\page_49.html,False,primary_directory_snapshot
20260927000000,2026-09-27,2026-2027,RONETTA THORPE,Kindergarten,Truman Elementary,,data\raw\hickman-mills\organization\snapshots\live_2026_pages\page_49.html,False,primary_directory_snapshot
20260927000000,2026-09-27,2026-2027,SHERRY TIBBS,Safety & Security Monitor,Hickman Mills Middle School,,data\raw\hickman-mills\organization\snapshots\live_2026_pages\page_49.html,False,primary_directory_snapshot
20260927000000,2026-09-27,2026-2027,DANA TILLER,Principal,Warford Elementary,,data\raw\hickman-mills\organization\snapshots\live_2026_pages\page_50.html,True,primary_directory_snapshot
20260927000000,2026-09-27,2026-2027,DWIGHT TILLER,Plumber Maintenance Tech,"Hickman Mills Middle School, BUILDING & GROUNDS",,data\raw\hickman-mills\organization\snapshots\live_2026_pages\page_50.html,False,primary_directory_snapshot
20260927000000,2026-09-27,2026-2027,DEZELL TILLMAN,Nutrition Service Associate - Full Time,Ruskin High School,,data\raw\hickman-mills\organization\snapshots\live_2026_pages\page_50.html,False,primary_directory_snapshot
20260927000000,2026-09-27,2026-2027,LAKENDA TOLBERT,HR/Business Office Administrative Assistant,Admin Center,,data\raw\hickman-mills\organization\snapshots\live_2026_pages\page_50.html,False,primary_directory_snapshot
20260927000000,2026-09-27,2026-2027,MACALEE TOLBERT,Extra Duty - Asst Softball Coach,Ruskin High School,,data\raw\hickman-mills\organization\snapshots\live_2026_pages\page_50.html,False,primary_directory_snapshot
20260927000000,2026-09-27,2026-2027,MADISON TOLBERT,SPED - Teacher,Ruskin High School,,data\raw\hickman-mills\organization\snapshots\live_2026_pages\page_50.html,False,primary_directory_snapshot
20260927000000,2026-09-27,2026-2027,WILLIAM TOLBERT,ISS Instructor,Ruskin High School,,data\raw\hickman-mills\organization\snapshots\live_2026_pages\page_50.html,False,primary_directory_snapshot
20260927000000,2026-09-27,2026-2027,LENA TOOMBS,Student Intern - Summer School,Ervin Elementary School,,data\raw\hickman-mills\organization\snapshots\live_2026_pages\page_50.html,True,primary_directory_snapshot
20260927000000,2026-09-27,2026-2027,SAMUEL TORBETT,Social Studies,,,data\raw\hickman-mills\organization\snapshots\live_2026_pages\page_50.html,False,primary_directory_snapshot
20260927000000,2026-09-27,2026-2027,CEDRIC TOWNSEND SR.,Grade 4,Dobbs Elementary,,data\raw\hickman-mills\organization\snapshots\live_2026_pages\page_50.html,False,primary_directory_snapshot
20260927000000,2026-09-27,2026-2027,DEBORAH TOWNSEND-JONES,Grade 2,Dobbs Elementary,,data\raw\hickman-mills\organization\snapshots\live_2026_pages\page_50.html,False,primary_directory_snapshot
20260927000000,2026-09-27,2026-2027,KATHERINE TRABLIK-BARRERA,Social Studies,Ruskin High School,,data\raw\hickman-mills\organization\snapshots\live_2026_pages\page_50.html,False,primary_directory_snapshot
20260927000000,2026-09-27,2026-2027,KIERSTEN TRAINER,Social Studies - 8th Grade,Hickman Mills Middle School,,data\raw\hickman-mills\organization\snapshots\live_2026_pages\page_50.html,False,primary_directory_snapshot
20260927000000,2026-09-27,2026-2027,MARSHA TRENT,SPED - Teacher,Warford Elementary,,data\raw\hickman-mills\organization\snapshots\live_2026_pages\page_50.html,False,primary_directory_snapshot
20260927000000,2026-09-27,2026-2027,OTHA TRIPLETT,SPED - Teacher,Ruskin High School,,data\raw\hickman-mills\organization\snapshots\live_2026_pages\page_50.html,False,primary_directory_snapshot
20260927000000,2026-09-27,2026-2027,DANA TROUMBLEY,Alternative Teacher - High School,Real World Learning Center,,data\raw\hickman-mills\organization\snapshots\live_2026_pages\page_51.html,True,primary_directory_snapshot
20260927000000,2026-09-27,2026-2027,DEONTE TUCKER,Warehouseman,Admin Center,,data\raw\hickman-mills\organization\snapshots\live_2026_pages\page_51.html,False,primary_directory_snapshot
20260927000000,2026-09-27,2026-2027,TAMMEKO TUCKER,Certified Hiring Specialist,Admin Center,,data\raw\hickman-mills\organization\snapshots\live_2026_pages\page_51.html,False,primary_directory_snapshot
20260927000000,2026-09-27,2026-2027,BERNICE TUGGLE,"Custodian, 2nd Shift",Admin Center,,data\raw\hickman-mills\organization\snapshots\live_2026_pages\page_51.html,False,primary_directory_snapshot
20260927000000,2026-09-27,2026-2027,TARYN TUNSON,ECSE Paraprofessional,"John Sharp Early Education Center, Truman Elementary",,data\raw\hickman-mills\organization\snapshots\live_2026_pages\page_51.html,False,primary_directory_snapshot
20260927000000,2026-09-27,2026-2027,ANGELA TURLEY,Attendance/Media Clerk,Dobbs Elementary,,data\raw\hickman-mills\organization\snapshots\live_2026_pages\page_51.html,False,primary_directory_snapshot
20260927000000,2026-09-27,2026-2027,SABRINA TURNAGE,ESOL,Warford Elementary,,data\raw\hickman-mills\organization\snapshots\live_2026_pages\page_51.html,False,primary_directory_snapshot
20260927000000,2026-09-27,2026-2027,RACHAEL TURNER,Title I Paraprofessional,"John Sharp Early Education Center, Truman Elementary",,data\raw\hickman-mills\organization\snapshots\live_2026_pages\page_51.html,False,primary_directory_snapshot
20260927000000,2026-09-27,2026-2027,JAMES VACA,Director of Safety & Security,"Hickman Mills School District, Admin Center",,data\raw\hickman-mills\organization\snapshots\live_2026_pages\page_51.html,False,primary_directory_snapshot
20260927000000,2026-09-27,2026-2027,ALICIA VALDEZ,History Total Work Record,,,data\raw\hickman-mills\organization\snapshots\live_2026_pages\page_51.html,False,primary_directory_snapshot
20260927000000,2026-09-27,2026-2027,VANESSA VAMPLE,Part B - Special Ed Teacher,Hickman Mills Middle School,,data\raw\hickman-mills\organization\snapshots\live_2026_pages\page_51.html,False,primary_directory_snapshot
20260927000000,2026-09-27,2026-2027,ASHLEY VAN ROSS,Secretary to Principal,Ervin Elementary School,,data\raw\hickman-mills\organization\snapshots\live_2026_pages\page_51.html,True,primary_directory_snapshot
20260927000000,2026-09-27,2026-2027,ZACHARY VARGGENS,Spanish,Ruskin High School,,data\raw\hickman-mills\organization\snapshots\live_2026_pages\page_51.html,False,primary_directory_snapshot
20260927000000,2026-09-27,2026-2027,EMILY VAUGHAN,Process Coordinator,Ervin Elementary School,,data\raw\hickman-mills\organization\snapshots\live_2026_pages\page_51.html,False,primary_directory_snapshot
20260927000000,2026-09-27,2026-2027,LAPORSCHA VAUGHN,Grade 3,Compass Elementary,,data\raw\hickman-mills\organization\snapshots\live_2026_pages\page_51.html,False,primary_directory_snapshot
20260927000000,2026-09-27,2026-2027,BRYNDA VELDHUIZEN,Substitute,Hickman Mills School District,,data\raw\hickman-mills\organization\snapshots\live_2026_pages\page_52.html,False,primary_directory_snapshot
20260927000000,2026-09-27,2026-2027,Elizabeth Velez,Nurse,"Ingels Elementary, Truman Elementary",,data\raw\hickman-mills\organization\snapshots\live_2026_pages\page_52.html,False,primary_directory_snapshot
20260927000000,2026-09-27,2026-2027,ANGELA VERSTRAETE,Character Education,Hickman Mills Middle School,,data\raw\hickman-mills\organization\snapshots\live_2026_pages\page_52.html,True,primary_directory_snapshot
20260927000000,2026-09-27,2026-2027,BRYAN VICTORIA,Director of Technology,Admin Center,,data\raw\hickman-mills\organization\snapshots\live_2026_pages\page_52.html,False,primary_directory_snapshot
20260927000000,2026-09-27,2026-2027,ALLEN WALKER,"Custodian, Head",Admin Center,,data\raw\hickman-mills\organization\snapshots\live_2026_pages\page_52.html,False,primary_directory_snapshot
20260927000000,2026-09-27,2026-2027,CHA`SHA WALKER,Executive Admin. Assist - Superintendent,Hickman Mills School District,,data\raw\hickman-mills\organization\snapshots\live_2026_pages\page_52.html,True,primary_directory_snapshot
20260927000000,2026-09-27,2026-2027,JANE WALKER,Secretary to Principal,Compass Elementary,,data\raw\hickman-mills\organization\snapshots\live_2026_pages\page_52.html,True,primary_directory_snapshot
20260927000000,2026-09-27,2026-2027,JANET WALKER,Math,Ruskin High School,,data\raw\hickman-mills\organization\snapshots\live_2026_pages\page_52.html,False,primary_directory_snapshot
20260927000000,2026-09-27,2026-2027,ROSEMARY WALKER,Nutrition Service Associate - Full Time,"Compass Elementary, Ruskin High School",,data\raw\hickman-mills\organization\snapshots\live_2026_pages\page_52.html,False,primary_directory_snapshot
20260927000000,2026-09-27,2026-2027,KODY WALROD,Student Intern - Coffee Shop,Real World Learning Center,,data\raw\hickman-mills\organization\snapshots\live_2026_pages\page_52.html,True,primary_directory_snapshot
20260927000000,2026-09-27,2026-2027,KIMBERLY WALTER,Grade 2,Ervin Elementary School,,data\raw\hickman-mills\organization\snapshots\live_2026_pages\page_52.html,False,primary_directory_snapshot
20260927000000,2026-09-27,2026-2027,CATHERINE WARD,SPED Paraprofessional,Ingels Elementary,,data\raw\hickman-mills\organization\snapshots\live_2026_pages\page_52.html,False,primary_directory_snapshot
20260927000000,2026-09-27,2026-2027,KIARA WARD,Health Professional,Ruskin High School,,data\raw\hickman-mills\organization\snapshots\live_2026_pages\page_52.html,False,primary_directory_snapshot
20260927000000,2026-09-27,2026-2027,MICHAEL WARD,"Custodian, 2nd Shift","Real World Learning Center, Truman Elementary",,data\raw\hickman-mills\organization\snapshots\live_2026_pages\page_52.html,True,primary_directory_snapshot
20260927000000,2026-09-27,2026-2027,ARIANA WASHINGTON,Grade 2,"Ingels Elementary, Santa Fe Elementary",,data\raw\hickman-mills\organization\snapshots\live_2026_pages\page_52.html,False,primary_directory_snapshot
20260927000000,2026-09-27,2026-2027,ASHTON WASHINGTON,Grade 2,"John Sharp Early Education Center, Santa Fe Elementary",,data\raw\hickman-mills\organization\snapshots\live_2026_pages\page_53.html,False,primary_directory_snapshot
20260927000000,2026-09-27,2026-2027,DONALD WASHINGTON,Grade 5,"Dobbs Elementary, Alvin Brooks Middle School, Santa Fe Elementary",,data\raw\hickman-mills\organization\snapshots\live_2026_pages\page_53.html,False,primary_directory_snapshot
20260927000000,2026-09-27,2026-2027,FRANCINE WASHINGTON,Music - Vocal,Ingels Elementary,,data\raw\hickman-mills\organization\snapshots\live_2026_pages\page_53.html,False,primary_directory_snapshot
20260927000000,2026-09-27,2026-2027,JERRY WASHINGTON,Art,Hickman Mills Middle School,,data\raw\hickman-mills\organization\snapshots\live_2026_pages\page_53.html,False,primary_directory_snapshot
20260927000000,2026-09-27,2026-2027,TARIK WATSON,Extra Duty - Asst. Football Coach,Ruskin High School,,data\raw\hickman-mills\organization\snapshots\live_2026_pages\page_53.html,False,primary_directory_snapshot
20260927000000,2026-09-27,2026-2027,ANDREA WATTS,Asst Principal,Ruskin High School,,data\raw\hickman-mills\organization\snapshots\live_2026_pages\page_53.html,True,primary_directory_snapshot
20260927000000,2026-09-27,2026-2027,KERRY WEBB,SPED - Teacher,Warford Elementary,,data\raw\hickman-mills\organization\snapshots\live_2026_pages\page_53.html,False,primary_directory_snapshot
20260927000000,2026-09-27,2026-2027,ROBERT WEBB,Extra Duty - Asst Wrestling Coach,Ruskin High School,,data\raw\hickman-mills\organization\snapshots\live_2026_pages\page_53.html,False,primary_directory_snapshot
20260927000000,2026-09-27,2026-2027,DARIN WEBSTER,Maintenance,"Ingels Elementary, BUILDING & GROUNDS",,data\raw\hickman-mills\organization\snapshots\live_2026_pages\page_53.html,False,primary_directory_snapshot
20260927000000,2026-09-27,2026-2027,KYLE WERNIMONT,Engineering & Technology,Hickman Mills Middle School,,data\raw\hickman-mills\organization\snapshots\live_2026_pages\page_53.html,False,primary_directory_snapshot
20260927000000,2026-09-27,2026-2027,KATIE WHETSTONE,Grade 1,Ervin Elementary School,,data\raw\hickman-mills\organization\snapshots\live_2026_pages\page_53.html,False,primary_directory_snapshot
20260927000000,2026-09-27,2026-2027,ADRIENE WHITE,Supplemental Teacher,Dobbs Elementary,,data\raw\hickman-mills\organization\snapshots\live_2026_pages\page_53.html,False,primary_directory_snapshot
20260927000000,2026-09-27,2026-2027,MIAH WHITE,SPED Paraprofessional,,,data\raw\hickman-mills\organization\snapshots\live_2026_pages\page_53.html,False,primary_directory_snapshot
20260927000000,2026-09-27,2026-2027,MICHAEL WHITEBEAR,Nutrition Service Associate - Full Time,Hickman Mills Middle School,,data\raw\hickman-mills\organization\snapshots\live_2026_pages\page_53.html,False,primary_directory_snapshot
20260927000000,2026-09-27,2026-2027,JOHNATHAN WHITELAW,Extra Duty - Asst. Boys Basketball Coach,Ruskin High School,,data\raw\hickman-mills\organization\snapshots\live_2026_pages\page_53.html,False,primary_directory_snapshot
20260927000000,2026-09-27,2026-2027,GARNETT WHITMIRE,Plumber Maintenance Tech,BUILDING & GROUNDS,,data\raw\hickman-mills\organization\snapshots\live_2026_pages\page_54.html,False,primary_directory_snapshot
20260927000000,2026-09-27,2026-2027,MARCUS WHITNEY,Extra Duty - Head Boys Basketball Coach,Ruskin High School,,data\raw\hickman-mills\organization\snapshots\live_2026_pages\page_54.html,False,primary_directory_snapshot
20260927000000,2026-09-27,2026-2027,CAITLYN WICKS,Social Studies,,,data\raw\hickman-mills\organization\snapshots\live_2026_pages\page_54.html,False,primary_directory_snapshot
20260927000000,2026-09-27,2026-2027,JADEN WILEY,Student Intern - Coffee Shop,Real World Learning Center,,data\raw\hickman-mills\organization\snapshots\live_2026_pages\page_54.html,True,primary_directory_snapshot
20260927000000,2026-09-27,2026-2027,ANDREA WILGER,Music - Vocal,Compass Elementary,,data\raw\hickman-mills\organization\snapshots\live_2026_pages\page_54.html,False,primary_directory_snapshot
20260927000000,2026-09-27,2026-2027,MICHAEL WILHOIT,Asst Principal,Hickman Mills Middle School,,data\raw\hickman-mills\organization\snapshots\live_2026_pages\page_54.html,True,primary_directory_snapshot
20260927000000,2026-09-27,2026-2027,CRUCE WILKINSON,Science,"Hickman Mills Middle School, Ruskin High School",,data\raw\hickman-mills\organization\snapshots\live_2026_pages\page_54.html,False,primary_directory_snapshot
20260927000000,2026-09-27,2026-2027,BAILEY WILLIAMS,ECSE Paraprofessional,Freda Markley Early Childhood Center,,data\raw\hickman-mills\organization\snapshots\live_2026_pages\page_54.html,False,primary_directory_snapshot
20260927000000,2026-09-27,2026-2027,CHEZARE WILLIAMS,Federal Programs Analyst,Admin Center,,data\raw\hickman-mills\organization\snapshots\live_2026_pages\page_54.html,False,primary_directory_snapshot
20260927000000,2026-09-27,2026-2027,DANIELLE WILLIAMS,Asst Principal,"Ingels Elementary, Truman Elementary, Warford Elementary",,data\raw\hickman-mills\organization\snapshots\live_2026_pages\page_54.html,True,primary_directory_snapshot
20260927000000,2026-09-27,2026-2027,JAMES WILLIAMS,Nutrition Service Associate - Full Time,"Ervin Elementary School, Alvin Brooks Middle School, Truman Elementary",,data\raw\hickman-mills\organization\snapshots\live_2026_pages\page_54.html,False,primary_directory_snapshot
20260927000000,2026-09-27,2026-2027,JAVON WILLIAMS,"Custodian, 2nd Shift","Real World Learning Center, Ruskin High School, Truman Elementary",,data\raw\hickman-mills\organization\snapshots\live_2026_pages\page_54.html,True,primary_directory_snapshot
20260927000000,2026-09-27,2026-2027,JENETTE WILLIAMS,Attendance/Media Clerk,Compass Elementary,,data\raw\hickman-mills\organization\snapshots\live_2026_pages\page_54.html,False,primary_directory_snapshot
20260927000000,2026-09-27,2026-2027,KEVANNA WILLIAMS,Attendance Clerk,Alvin Brooks Middle School,,data\raw\hickman-mills\organization\snapshots\live_2026_pages\page_54.html,False,primary_directory_snapshot
20260927000000,2026-09-27,2026-2027,MICHELLE WILLIAMS,Nutrition Service Associate - Full Time,Hickman Mills Middle School,,data\raw\hickman-mills\organization\snapshots\live_2026_pages\page_54.html,False,primary_directory_snapshot
20260927000000,2026-09-27,2026-2027,EDNA WILLIAMSON,Cafeteria Manager,"Freda Markley Early Childhood Center, Ruskin High School",,data\raw\hickman-mills\organization\snapshots\live_2026_pages\page_55.html,False,primary_directory_snapshot
20260927000000,2026-09-27,2026-2027,DELVIN WILLIS,SPED - Teacher,Hickman Mills Middle School,,data\raw\hickman-mills\organization\snapshots\live_2026_pages\page_55.html,False,primary_directory_snapshot
20260927000000,2026-09-27,2026-2027,SHATARA WILLIS,Title I Paraprofessional,Freda Markley Early Childhood Center,,data\raw\hickman-mills\organization\snapshots\live_2026_pages\page_55.html,False,primary_directory_snapshot
20260927000000,2026-09-27,2026-2027,BRET WILSON,Physical Education,Hickman Mills Middle School,,data\raw\hickman-mills\organization\snapshots\live_2026_pages\page_55.html,False,primary_directory_snapshot
20260927000000,2026-09-27,2026-2027,ERIC WILSON,Title I Paraprofessional,"John Sharp Early Education Center, Truman Elementary",,data\raw\hickman-mills\organization\snapshots\live_2026_pages\page_55.html,False,primary_directory_snapshot
20260927000000,2026-09-27,2026-2027,MALEAH WILSON,Grade 1,Ervin Elementary School,,data\raw\hickman-mills\organization\snapshots\live_2026_pages\page_55.html,False,primary_directory_snapshot
20260927000000,2026-09-27,2026-2027,TRACY WILSON,Police Officer,Hickman Mills School District,,data\raw\hickman-mills\organization\snapshots\live_2026_pages\page_55.html,False,primary_directory_snapshot
20260927000000,2026-09-27,2026-2027,KERRI WISNIEWSKI,SPED - Teacher,Hickman Mills Middle School,,data\raw\hickman-mills\organization\snapshots\live_2026_pages\page_55.html,False,primary_directory_snapshot
20260927000000,2026-09-27,2026-2027,BRONDA WOLFE,Title I Pre-Kindergarten Teacher,Truman Elementary,,data\raw\hickman-mills\organization\snapshots\live_2026_pages\page_55.html,False,primary_directory_snapshot
20260927000000,2026-09-27,2026-2027,CARMILLA WOODS,Part B - Paraprofessional,"Ervin Elementary School, Warford Elementary",,data\raw\hickman-mills\organization\snapshots\live_2026_pages\page_55.html,False,primary_directory_snapshot
20260927000000,2026-09-27,2026-2027,LAVONNA WOODS,Grade 5,Ingels Elementary,,data\raw\hickman-mills\organization\snapshots\live_2026_pages\page_55.html,False,primary_directory_snapshot
20260927000000,2026-09-27,2026-2027,BARBARA WOODSON,Literacy Interventionist - 550 Hours,Ingels Elementary,,data\raw\hickman-mills\organization\snapshots\live_2026_pages\page_55.html,False,primary_directory_snapshot
20260927000000,2026-09-27,2026-2027,RASHONDA WOOTEN,SPED - Teacher,Ingels Elementary,,data\raw\hickman-mills\organization\snapshots\live_2026_pages\page_55.html,False,primary_directory_snapshot
20260927000000,2026-09-27,2026-2027,JENNIFER WORKCUFF,History Total Work Record,Real World Learning Center,,data\raw\hickman-mills\organization\snapshots\live_2026_pages\page_55.html,True,primary_directory_snapshot
20260927000000,2026-09-27,2026-2027,MATTHEW WORLEY,Social Studies,Ruskin High School,,data\raw\hickman-mills\organization\snapshots\live_2026_pages\page_55.html,False,primary_directory_snapshot
20260927000000,2026-09-27,2026-2027,TERA WURTZ,Grade 3,Truman Elementary,,data\raw\hickman-mills\organization\snapshots\live_2026_pages\page_56.html,False,primary_directory_snapshot
20260927000000,2026-09-27,2026-2027,ZAMYA WYATT CAPRICE,SPED Paraprofessional,Truman Elementary,,data\raw\hickman-mills\organization\snapshots\live_2026_pages\page_56.html,False,primary_directory_snapshot
20260927000000,2026-09-27,2026-2027,TIFFANY WYNN-FRAZIER,ECSE Paraprofessional,Freda Markley Early Childhood Center,,data\raw\hickman-mills\organization\snapshots\live_2026_pages\page_56.html,False,primary_directory_snapshot
20260927000000,2026-09-27,2026-2027,JULIE WYZARD,ECSE Teacher,"Ervin Elementary School, Truman Elementary",,data\raw\hickman-mills\organization\snapshots\live_2026_pages\page_56.html,False,primary_directory_snapshot
20260927000000,2026-09-27,2026-2027,ASIA YANCY,Counselor,Ruskin High School,,data\raw\hickman-mills\organization\snapshots\live_2026_pages\page_56.html,True,primary_directory_snapshot
20260927000000,2026-09-27,2026-2027,JED YARICK,ESOL,Ruskin High School,,data\raw\hickman-mills\organization\snapshots\live_2026_pages\page_56.html,False,primary_directory_snapshot
20260927000000,2026-09-27,2026-2027,BAYLEE YAZELL,Grade 3,"Ervin Elementary School, Ingels Elementary",,data\raw\hickman-mills\organization\snapshots\live_2026_pages\page_56.html,False,primary_directory_snapshot
20260927000000,2026-09-27,2026-2027,WILLIE YOUNG,Extra Duty - Asst. Football Coach,Ruskin High School,,data\raw\hickman-mills\organization\snapshots\live_2026_pages\page_56.html,False,primary_directory_snapshot
20260927000000,2026-09-27,2026-2027,AMY YOUNGBLOOD,SPED - Teacher,Ingels Elementary,,data\raw\hickman-mills\organization\snapshots\live_2026_pages\page_56.html,False,primary_directory_snapshot
20260927000000,2026-09-27,2026-2027,MICHELE YOUNT,Part B - Special Ed Teacher,Santa Fe Elementary,,data\raw\hickman-mills\organization\snapshots\live_2026_pages\page_56.html,False,primary_directory_snapshot
