is_simulated,data_provenance,district_code,district_name,school_name,academic_year,policy_era,term,course_code,course_title,course_track,simulated_course_enrollment,simulated_count_A,simulated_count_B,simulated_count_C,simulated_count_D,simulated_count_F,simulated_pct_A,simulated_pct_B,simulated_pct_C,simulated_pct_D,simulated_pct_F,simulated_failure_rate_pct,simulated_credits_attempted,simulated_credits_earned,simulated_credit_completion_pct,simulated_eoc_prof_pct,simulated_eoc_bb_pct,policy_exposure_role,grading_model,attempted_work_floor,missing_work_rule,reassessment_rule,engagement_weight_pct,progress_weight_pct,proficiency_weight_pct,audit_status
True,SYNTHETIC_SIMULATION_FOR_PIPELINE_VALIDATION,048-078,Kansas City 33,CENTRAL HIGH SCHOOL,2021-2022,Pre-Reform,Fall,MATH101,Algebra I,General Education,123,11,21,33,23,35,8.9,17.1,26.8,18.7,28.5,28.5,61.5,44.0,71.5,,,Baseline_2022_Pre_Policy,TRADITIONAL_PCT,0_NO_FLOOR,TRUE_ZERO_ALLOWED,TEACHER_DISCRETION,Unspecified,Unspecified,Unspecified,BOARD_POLICY_MANUAL
True,SYNTHETIC_SIMULATION_FOR_PIPELINE_VALIDATION,048-078,Kansas City 33,CENTRAL HIGH SCHOOL,2021-2022,Pre-Reform,Fall,MATH101,Algebra I,Honors / AP / IB,8,2,3,2,1,0,25.0,37.5,25.0,12.5,0.0,0.0,4.0,4.0,100.0,,,Baseline_2022_Pre_Policy,TRADITIONAL_PCT,0_NO_FLOOR,TRUE_ZERO_ALLOWED,TEACHER_DISCRETION,Unspecified,Unspecified,Unspecified,BOARD_POLICY_MANUAL
True,SYNTHETIC_SIMULATION_FOR_PIPELINE_VALIDATION,048-078,Kansas City 33,CENTRAL HIGH SCHOOL,2021-2022,Pre-Reform,Fall,MATH201,Geometry,General Education,139,13,25,40,27,34,9.4,18.0,28.8,19.4,24.5,24.5,69.5,52.5,75.5,,,Baseline_2022_Pre_Policy,TRADITIONAL_PCT,0_NO_FLOOR,TRUE_ZERO_ALLOWED,TEACHER_DISCRETION,Unspecified,Unspecified,Unspecified,BOARD_POLICY_MANUAL
True,SYNTHETIC_SIMULATION_FOR_PIPELINE_VALIDATION,048-078,Kansas City 33,CENTRAL HIGH SCHOOL,2021-2022,Pre-Reform,Fall,MATH201,Geometry,Honors / AP / IB,8,2,3,2,1,0,25.0,37.5,25.0,12.5,0.0,0.0,4.0,4.0,100.0,,,Baseline_2022_Pre_Policy,TRADITIONAL_PCT,0_NO_FLOOR,TRUE_ZERO_ALLOWED,TEACHER_DISCRETION,Unspecified,Unspecified,Unspecified,BOARD_POLICY_MANUAL
True,SYNTHETIC_SIMULATION_FOR_PIPELINE_VALIDATION,048-078,Kansas City 33,CENTRAL HIGH SCHOOL,2021-2022,Pre-Reform,Fall,ENG101,English I,General Education,144,13,27,43,29,32,9.0,18.8,29.9,20.1,22.2,22.2,72.0,56.0,77.8,,,Baseline_2022_Pre_Policy,TRADITIONAL_PCT,0_NO_FLOOR,TRUE_ZERO_ALLOWED,TEACHER_DISCRETION,Unspecified,Unspecified,Unspecified,BOARD_POLICY_MANUAL
True,SYNTHETIC_SIMULATION_FOR_PIPELINE_VALIDATION,048-078,Kansas City 33,CENTRAL HIGH SCHOOL,2021-2022,Pre-Reform,Fall,ENG101,English I,Honors / AP / IB,8,2,3,2,1,0,25.0,37.5,25.0,12.5,0.0,0.0,4.0,4.0,100.0,,,Baseline_2022_Pre_Policy,TRADITIONAL_PCT,0_NO_FLOOR,TRUE_ZERO_ALLOWED,TEACHER_DISCRETION,Unspecified,Unspecified,Unspecified,BOARD_POLICY_MANUAL
True,SYNTHETIC_SIMULATION_FOR_PIPELINE_VALIDATION,048-078,Kansas City 33,CENTRAL HIGH SCHOOL,2021-2022,Pre-Reform,Fall,SCI101,Biology,General Education,129,11,24,38,26,30,8.5,18.6,29.5,20.2,23.3,23.3,64.5,49.5,76.7,,,Baseline_2022_Pre_Policy,TRADITIONAL_PCT,0_NO_FLOOR,TRUE_ZERO_ALLOWED,TEACHER_DISCRETION,Unspecified,Unspecified,Unspecified,BOARD_POLICY_MANUAL
True,SYNTHETIC_SIMULATION_FOR_PIPELINE_VALIDATION,048-078,Kansas City 33,CENTRAL HIGH SCHOOL,2021-2022,Pre-Reform,Fall,SCI101,Biology,Honors / AP / IB,8,2,3,2,1,0,25.0,37.5,25.0,12.5,0.0,0.0,4.0,4.0,100.0,,,Baseline_2022_Pre_Policy,TRADITIONAL_PCT,0_NO_FLOOR,TRUE_ZERO_ALLOWED,TEACHER_DISCRETION,Unspecified,Unspecified,Unspecified,BOARD_POLICY_MANUAL
True,SYNTHETIC_SIMULATION_FOR_PIPELINE_VALIDATION,048-078,Kansas City 33,CENTRAL HIGH SCHOOL,2021-2022,Pre-Reform,Spring,MATH101,Algebra I,General Education,132,11,23,36,24,38,8.3,17.4,27.3,18.2,28.8,28.8,66.0,47.0,71.2,14.0,52.4,Baseline_2022_Pre_Policy,TRADITIONAL_PCT,0_NO_FLOOR,TRUE_ZERO_ALLOWED,TEACHER_DISCRETION,Unspecified,Unspecified,Unspecified,BOARD_POLICY_MANUAL
True,SYNTHETIC_SIMULATION_FOR_PIPELINE_VALIDATION,048-078,Kansas City 33,CENTRAL HIGH SCHOOL,2021-2022,Pre-Reform,Spring,MATH101,Algebra I,Honors / AP / IB,8,2,3,2,1,0,25.0,37.5,25.0,12.5,0.0,0.0,4.0,4.0,100.0,69.7,7.8,Baseline_2022_Pre_Policy,TRADITIONAL_PCT,0_NO_FLOOR,TRUE_ZERO_ALLOWED,TEACHER_DISCRETION,Unspecified,Unspecified,Unspecified,BOARD_POLICY_MANUAL
True,SYNTHETIC_SIMULATION_FOR_PIPELINE_VALIDATION,048-078,Kansas City 33,CENTRAL HIGH SCHOOL,2021-2022,Pre-Reform,Spring,MATH201,Geometry,General Education,134,12,24,38,26,34,9.0,17.9,28.4,19.4,25.4,25.4,67.0,50.0,74.6,,,Baseline_2022_Pre_Policy,TRADITIONAL_PCT,0_NO_FLOOR,TRUE_ZERO_ALLOWED,TEACHER_DISCRETION,Unspecified,Unspecified,Unspecified,BOARD_POLICY_MANUAL
True,SYNTHETIC_SIMULATION_FOR_PIPELINE_VALIDATION,048-078,Kansas City 33,CENTRAL HIGH SCHOOL,2021-2022,Pre-Reform,Spring,MATH201,Geometry,Honors / AP / IB,8,2,3,2,1,0,25.0,37.5,25.0,12.5,0.0,0.0,4.0,4.0,100.0,,,Baseline_2022_Pre_Policy,TRADITIONAL_PCT,0_NO_FLOOR,TRUE_ZERO_ALLOWED,TEACHER_DISCRETION,Unspecified,Unspecified,Unspecified,BOARD_POLICY_MANUAL
True,SYNTHETIC_SIMULATION_FOR_PIPELINE_VALIDATION,048-078,Kansas City 33,CENTRAL HIGH SCHOOL,2021-2022,Pre-Reform,Spring,ENG101,English I,General Education,146,13,27,43,29,34,8.9,18.5,29.5,19.9,23.3,23.3,73.0,56.0,76.7,,,Baseline_2022_Pre_Policy,TRADITIONAL_PCT,0_NO_FLOOR,TRUE_ZERO_ALLOWED,TEACHER_DISCRETION,Unspecified,Unspecified,Unspecified,BOARD_POLICY_MANUAL
True,SYNTHETIC_SIMULATION_FOR_PIPELINE_VALIDATION,048-078,Kansas City 33,CENTRAL HIGH SCHOOL,2021-2022,Pre-Reform,Spring,ENG101,English I,Honors / AP / IB,8,2,3,2,1,0,25.0,37.5,25.0,12.5,0.0,0.0,4.0,4.0,100.0,,,Baseline_2022_Pre_Policy,TRADITIONAL_PCT,0_NO_FLOOR,TRUE_ZERO_ALLOWED,TEACHER_DISCRETION,Unspecified,Unspecified,Unspecified,BOARD_POLICY_MANUAL
True,SYNTHETIC_SIMULATION_FOR_PIPELINE_VALIDATION,048-078,Kansas City 33,CENTRAL HIGH SCHOOL,2021-2022,Pre-Reform,Spring,SCI101,Biology,General Education,135,12,24,39,27,33,8.9,17.8,28.9,20.0,24.4,24.4,67.5,51.0,75.6,16.6,53.8,Baseline_2022_Pre_Policy,TRADITIONAL_PCT,0_NO_FLOOR,TRUE_ZERO_ALLOWED,TEACHER_DISCRETION,Unspecified,Unspecified,Unspecified,BOARD_POLICY_MANUAL
True,SYNTHETIC_SIMULATION_FOR_PIPELINE_VALIDATION,048-078,Kansas City 33,CENTRAL HIGH SCHOOL,2021-2022,Pre-Reform,Spring,SCI101,Biology,Honors / AP / IB,8,2,3,2,1,0,25.0,37.5,25.0,12.5,0.0,0.0,4.0,4.0,100.0,73.4,8.0,Baseline_2022_Pre_Policy,TRADITIONAL_PCT,0_NO_FLOOR,TRUE_ZERO_ALLOWED,TEACHER_DISCRETION,Unspecified,Unspecified,Unspecified,BOARD_POLICY_MANUAL
True,SYNTHETIC_SIMULATION_FOR_PIPELINE_VALIDATION,048-078,Kansas City 33,CENTRAL HIGH SCHOOL,2022-2023,Pre-Reform,Fall,MATH101,Algebra I,General Education,137,11,24,38,26,38,8.0,17.5,27.7,19.0,27.7,27.7,68.5,49.5,72.3,,,Baseline_2022_Pre_Policy,TRADITIONAL_PCT,0_NO_FLOOR,TRUE_ZERO_ALLOWED,TEACHER_DISCRETION,Unspecified,Unspecified,Unspecified,BOARD_POLICY_MANUAL
True,SYNTHETIC_SIMULATION_FOR_PIPELINE_VALIDATION,048-078,Kansas City 33,CENTRAL HIGH SCHOOL,2022-2023,Pre-Reform,Fall,MATH101,Algebra I,Honors / AP / IB,8,2,3,2,1,0,25.0,37.5,25.0,12.5,0.0,0.0,4.0,4.0,100.0,,,Baseline_2022_Pre_Policy,TRADITIONAL_PCT,0_NO_FLOOR,TRUE_ZERO_ALLOWED,TEACHER_DISCRETION,Unspecified,Unspecified,Unspecified,BOARD_POLICY_MANUAL
True,SYNTHETIC_SIMULATION_FOR_PIPELINE_VALIDATION,048-078,Kansas City 33,CENTRAL HIGH SCHOOL,2022-2023,Pre-Reform,Fall,MATH201,Geometry,General Education,135,13,24,38,26,34,9.6,17.8,28.1,19.3,25.2,25.2,67.5,50.5,74.8,,,Baseline_2022_Pre_Policy,TRADITIONAL_PCT,0_NO_FLOOR,TRUE_ZERO_ALLOWED,TEACHER_DISCRETION,Unspecified,Unspecified,Unspecified,BOARD_POLICY_MANUAL
True,SYNTHETIC_SIMULATION_FOR_PIPELINE_VALIDATION,048-078,Kansas City 33,CENTRAL HIGH SCHOOL,2022-2023,Pre-Reform,Fall,MATH201,Geometry,Honors / AP / IB,8,2,3,2,1,0,25.0,37.5,25.0,12.5,0.0,0.0,4.0,4.0,100.0,,,Baseline_2022_Pre_Policy,TRADITIONAL_PCT,0_NO_FLOOR,TRUE_ZERO_ALLOWED,TEACHER_DISCRETION,Unspecified,Unspecified,Unspecified,BOARD_POLICY_MANUAL
True,SYNTHETIC_SIMULATION_FOR_PIPELINE_VALIDATION,048-078,Kansas City 33,CENTRAL HIGH SCHOOL,2022-2023,Pre-Reform,Fall,ENG101,English I,General Education,146,14,27,43,30,32,9.6,18.5,29.5,20.5,21.9,21.9,73.0,57.0,78.1,,,Baseline_2022_Pre_Policy,TRADITIONAL_PCT,0_NO_FLOOR,TRUE_ZERO_ALLOWED,TEACHER_DISCRETION,Unspecified,Unspecified,Unspecified,BOARD_POLICY_MANUAL
True,SYNTHETIC_SIMULATION_FOR_PIPELINE_VALIDATION,048-078,Kansas City 33,CENTRAL HIGH SCHOOL,2022-2023,Pre-Reform,Fall,ENG101,English I,Honors / AP / IB,8,2,3,2,1,0,25.0,37.5,25.0,12.5,0.0,0.0,4.0,4.0,100.0,,,Baseline_2022_Pre_Policy,TRADITIONAL_PCT,0_NO_FLOOR,TRUE_ZERO_ALLOWED,TEACHER_DISCRETION,Unspecified,Unspecified,Unspecified,BOARD_POLICY_MANUAL
True,SYNTHETIC_SIMULATION_FOR_PIPELINE_VALIDATION,048-078,Kansas City 33,CENTRAL HIGH SCHOOL,2022-2023,Pre-Reform,Fall,SCI101,Biology,General Education,120,10,22,35,24,29,8.3,18.3,29.2,20.0,24.2,24.2,60.0,45.5,75.8,,,Baseline_2022_Pre_Policy,TRADITIONAL_PCT,0_NO_FLOOR,TRUE_ZERO_ALLOWED,TEACHER_DISCRETION,Unspecified,Unspecified,Unspecified,BOARD_POLICY_MANUAL
True,SYNTHETIC_SIMULATION_FOR_PIPELINE_VALIDATION,048-078,Kansas City 33,CENTRAL HIGH SCHOOL,2022-2023,Pre-Reform,Fall,SCI101,Biology,Honors / AP / IB,8,2,3,2,1,0,25.0,37.5,25.0,12.5,0.0,0.0,4.0,4.0,100.0,,,Baseline_2022_Pre_Policy,TRADITIONAL_PCT,0_NO_FLOOR,TRUE_ZERO_ALLOWED,TEACHER_DISCRETION,Unspecified,Unspecified,Unspecified,BOARD_POLICY_MANUAL
True,SYNTHETIC_SIMULATION_FOR_PIPELINE_VALIDATION,048-078,Kansas City 33,CENTRAL HIGH SCHOOL,2022-2023,Pre-Reform,Spring,MATH101,Algebra I,General Education,130,12,22,35,24,37,9.2,16.9,26.9,18.5,28.5,28.5,65.0,46.5,71.5,13.6,50.1,Baseline_2022_Pre_Policy,TRADITIONAL_PCT,0_NO_FLOOR,TRUE_ZERO_ALLOWED,TEACHER_DISCRETION,Unspecified,Unspecified,Unspecified,BOARD_POLICY_MANUAL
True,SYNTHETIC_SIMULATION_FOR_PIPELINE_VALIDATION,048-078,Kansas City 33,CENTRAL HIGH SCHOOL,2022-2023,Pre-Reform,Spring,MATH101,Algebra I,Honors / AP / IB,8,2,3,2,1,0,25.0,37.5,25.0,12.5,0.0,0.0,4.0,4.0,100.0,74.8,7.8,Baseline_2022_Pre_Policy,TRADITIONAL_PCT,0_NO_FLOOR,TRUE_ZERO_ALLOWED,TEACHER_DISCRETION,Unspecified,Unspecified,Unspecified,BOARD_POLICY_MANUAL
True,SYNTHETIC_SIMULATION_FOR_PIPELINE_VALIDATION,048-078,Kansas City 33,CENTRAL HIGH SCHOOL,2022-2023,Pre-Reform,Spring,MATH201,Geometry,General Education,122,11,22,34,23,32,9.0,18.0,27.9,18.9,26.2,26.2,61.0,45.0,73.8,,,Baseline_2022_Pre_Policy,TRADITIONAL_PCT,0_NO_FLOOR,TRUE_ZERO_ALLOWED,TEACHER_DISCRETION,Unspecified,Unspecified,Unspecified,BOARD_POLICY_MANUAL
True,SYNTHETIC_SIMULATION_FOR_PIPELINE_VALIDATION,048-078,Kansas City 33,CENTRAL HIGH SCHOOL,2022-2023,Pre-Reform,Spring,MATH201,Geometry,Honors / AP / IB,8,2,3,2,1,0,25.0,37.5,25.0,12.5,0.0,0.0,4.0,4.0,100.0,,,Baseline_2022_Pre_Policy,TRADITIONAL_PCT,0_NO_FLOOR,TRUE_ZERO_ALLOWED,TEACHER_DISCRETION,Unspecified,Unspecified,Unspecified,BOARD_POLICY_MANUAL
True,SYNTHETIC_SIMULATION_FOR_PIPELINE_VALIDATION,048-078,Kansas City 33,CENTRAL HIGH SCHOOL,2022-2023,Pre-Reform,Spring,ENG101,English I,General Education,145,13,27,43,29,33,9.0,18.6,29.7,20.0,22.8,22.8,72.5,56.0,77.2,,,Baseline_2022_Pre_Policy,TRADITIONAL_PCT,0_NO_FLOOR,TRUE_ZERO_ALLOWED,TEACHER_DISCRETION,Unspecified,Unspecified,Unspecified,BOARD_POLICY_MANUAL
True,SYNTHETIC_SIMULATION_FOR_PIPELINE_VALIDATION,048-078,Kansas City 33,CENTRAL HIGH SCHOOL,2022-2023,Pre-Reform,Spring,ENG101,English I,Honors / AP / IB,8,2,3,2,1,0,25.0,37.5,25.0,12.5,0.0,0.0,4.0,4.0,100.0,,,Baseline_2022_Pre_Policy,TRADITIONAL_PCT,0_NO_FLOOR,TRUE_ZERO_ALLOWED,TEACHER_DISCRETION,Unspecified,Unspecified,Unspecified,BOARD_POLICY_MANUAL
True,SYNTHETIC_SIMULATION_FOR_PIPELINE_VALIDATION,048-078,Kansas City 33,CENTRAL HIGH SCHOOL,2022-2023,Pre-Reform,Spring,SCI101,Biology,General Education,126,11,23,36,24,32,8.7,18.3,28.6,19.0,25.4,25.4,63.0,47.0,74.6,15.6,51.2,Baseline_2022_Pre_Policy,TRADITIONAL_PCT,0_NO_FLOOR,TRUE_ZERO_ALLOWED,TEACHER_DISCRETION,Unspecified,Unspecified,Unspecified,BOARD_POLICY_MANUAL
True,SYNTHETIC_SIMULATION_FOR_PIPELINE_VALIDATION,048-078,Kansas City 33,CENTRAL HIGH SCHOOL,2022-2023,Pre-Reform,Spring,SCI101,Biology,Honors / AP / IB,8,2,3,2,1,0,25.0,37.5,25.0,12.5,0.0,0.0,4.0,4.0,100.0,74.8,8.3,Baseline_2022_Pre_Policy,TRADITIONAL_PCT,0_NO_FLOOR,TRUE_ZERO_ALLOWED,TEACHER_DISCRETION,Unspecified,Unspecified,Unspecified,BOARD_POLICY_MANUAL
True,SYNTHETIC_SIMULATION_FOR_PIPELINE_VALIDATION,048-078,Kansas City 33,CENTRAL HIGH SCHOOL,2023-2024,Initial 40% Floor,Fall,MATH101,Algebra I,General Education,122,10,21,37,37,17,8.2,17.2,30.3,30.3,13.9,13.9,61.0,52.5,86.1,,,Case_A_Active_Policy_Floor_2023_24,TRADITIONAL_PCT,40_PCT_MINIMUM,FLOOR_40_UNSUBMITTED,UNIVERSAL_MANDATORY,Unspecified,Unspecified,Unspecified,SECONDARY_JOURNALISTIC_RECORD
True,SYNTHETIC_SIMULATION_FOR_PIPELINE_VALIDATION,048-078,Kansas City 33,CENTRAL HIGH SCHOOL,2023-2024,Initial 40% Floor,Fall,MATH101,Algebra I,Honors / AP / IB,8,2,3,2,1,0,25.0,37.5,25.0,12.5,0.0,0.0,4.0,4.0,100.0,,,UNVERIFIED,UNVERIFIED,UNVERIFIED,UNVERIFIED,UNVERIFIED,,,,UNVERIFIED
True,SYNTHETIC_SIMULATION_FOR_PIPELINE_VALIDATION,048-078,Kansas City 33,CENTRAL HIGH SCHOOL,2023-2024,Initial 40% Floor,Fall,MATH201,Geometry,General Education,137,13,24,42,42,16,9.5,17.5,30.7,30.7,11.7,11.7,68.5,60.5,88.3,,,Case_A_Active_Policy_Floor_2023_24,TRADITIONAL_PCT,40_PCT_MINIMUM,FLOOR_40_UNSUBMITTED,UNIVERSAL_MANDATORY,Unspecified,Unspecified,Unspecified,SECONDARY_JOURNALISTIC_RECORD
True,SYNTHETIC_SIMULATION_FOR_PIPELINE_VALIDATION,048-078,Kansas City 33,CENTRAL HIGH SCHOOL,2023-2024,Initial 40% Floor,Fall,MATH201,Geometry,Honors / AP / IB,8,2,3,2,1,0,25.0,37.5,25.0,12.5,0.0,0.0,4.0,4.0,100.0,,,UNVERIFIED,UNVERIFIED,UNVERIFIED,UNVERIFIED,UNVERIFIED,,,,UNVERIFIED
True,SYNTHETIC_SIMULATION_FOR_PIPELINE_VALIDATION,048-078,Kansas City 33,CENTRAL HIGH SCHOOL,2023-2024,Initial 40% Floor,Fall,ENG101,English I,General Education,120,12,21,37,37,13,10.0,17.5,30.8,30.8,10.8,10.8,60.0,53.5,89.2,,,Case_A_Active_Policy_Floor_2023_24,TRADITIONAL_PCT,40_PCT_MINIMUM,FLOOR_40_UNSUBMITTED,UNIVERSAL_MANDATORY,Unspecified,Unspecified,Unspecified,SECONDARY_JOURNALISTIC_RECORD
True,SYNTHETIC_SIMULATION_FOR_PIPELINE_VALIDATION,048-078,Kansas City 33,CENTRAL HIGH SCHOOL,2023-2024,Initial 40% Floor,Fall,ENG101,English I,Honors / AP / IB,8,2,3,2,1,0,25.0,37.5,25.0,12.5,0.0,0.0,4.0,4.0,100.0,,,UNVERIFIED,UNVERIFIED,UNVERIFIED,UNVERIFIED,UNVERIFIED,,,,UNVERIFIED
True,SYNTHETIC_SIMULATION_FOR_PIPELINE_VALIDATION,048-078,Kansas City 33,CENTRAL HIGH SCHOOL,2023-2024,Initial 40% Floor,Fall,SCI101,Biology,General Education,121,12,21,37,37,14,9.9,17.4,30.6,30.6,11.6,11.6,60.5,53.5,88.4,,,Case_A_Active_Policy_Floor_2023_24,TRADITIONAL_PCT,40_PCT_MINIMUM,FLOOR_40_UNSUBMITTED,UNIVERSAL_MANDATORY,Unspecified,Unspecified,Unspecified,SECONDARY_JOURNALISTIC_RECORD
True,SYNTHETIC_SIMULATION_FOR_PIPELINE_VALIDATION,048-078,Kansas City 33,CENTRAL HIGH SCHOOL,2023-2024,Initial 40% Floor,Fall,SCI101,Biology,Honors / AP / IB,8,2,3,2,1,0,25.0,37.5,25.0,12.5,0.0,0.0,4.0,4.0,100.0,,,UNVERIFIED,UNVERIFIED,UNVERIFIED,UNVERIFIED,UNVERIFIED,,,,UNVERIFIED
True,SYNTHETIC_SIMULATION_FOR_PIPELINE_VALIDATION,048-078,Kansas City 33,CENTRAL HIGH SCHOOL,2023-2024,Initial 40% Floor,Spring,MATH101,Algebra I,General Education,123,10,21,37,37,18,8.1,17.1,30.1,30.1,14.6,14.6,61.5,52.5,85.4,14.1,52.4,Case_A_Active_Policy_Floor_2023_24,TRADITIONAL_PCT,40_PCT_MINIMUM,FLOOR_40_UNSUBMITTED,UNIVERSAL_MANDATORY,Unspecified,Unspecified,Unspecified,SECONDARY_JOURNALISTIC_RECORD
True,SYNTHETIC_SIMULATION_FOR_PIPELINE_VALIDATION,048-078,Kansas City 33,CENTRAL HIGH SCHOOL,2023-2024,Initial 40% Floor,Spring,MATH101,Algebra I,Honors / AP / IB,8,2,3,2,1,0,25.0,37.5,25.0,12.5,0.0,0.0,4.0,4.0,100.0,71.3,8.2,UNVERIFIED,UNVERIFIED,UNVERIFIED,UNVERIFIED,UNVERIFIED,,,,UNVERIFIED
True,SYNTHETIC_SIMULATION_FOR_PIPELINE_VALIDATION,048-078,Kansas City 33,CENTRAL HIGH SCHOOL,2023-2024,Initial 40% Floor,Spring,MATH201,Geometry,General Education,132,11,23,41,41,16,8.3,17.4,31.1,31.1,12.1,12.1,66.0,58.0,87.9,,,Case_A_Active_Policy_Floor_2023_24,TRADITIONAL_PCT,40_PCT_MINIMUM,FLOOR_40_UNSUBMITTED,UNIVERSAL_MANDATORY,Unspecified,Unspecified,Unspecified,SECONDARY_JOURNALISTIC_RECORD
True,SYNTHETIC_SIMULATION_FOR_PIPELINE_VALIDATION,048-078,Kansas City 33,CENTRAL HIGH SCHOOL,2023-2024,Initial 40% Floor,Spring,MATH201,Geometry,Honors / AP / IB,8,2,3,2,1,0,25.0,37.5,25.0,12.5,0.0,0.0,4.0,4.0,100.0,,,UNVERIFIED,UNVERIFIED,UNVERIFIED,UNVERIFIED,UNVERIFIED,,,,UNVERIFIED
True,SYNTHETIC_SIMULATION_FOR_PIPELINE_VALIDATION,048-078,Kansas City 33,CENTRAL HIGH SCHOOL,2023-2024,Initial 40% Floor,Spring,ENG101,English I,General Education,127,10,23,40,40,14,7.9,18.1,31.5,31.5,11.0,11.0,63.5,56.5,89.0,,,Case_A_Active_Policy_Floor_2023_24,TRADITIONAL_PCT,40_PCT_MINIMUM,FLOOR_40_UNSUBMITTED,UNIVERSAL_MANDATORY,Unspecified,Unspecified,Unspecified,SECONDARY_JOURNALISTIC_RECORD
True,SYNTHETIC_SIMULATION_FOR_PIPELINE_VALIDATION,048-078,Kansas City 33,CENTRAL HIGH SCHOOL,2023-2024,Initial 40% Floor,Spring,ENG101,English I,Honors / AP / IB,8,2,3,2,1,0,25.0,37.5,25.0,12.5,0.0,0.0,4.0,4.0,100.0,,,UNVERIFIED,UNVERIFIED,UNVERIFIED,UNVERIFIED,UNVERIFIED,,,,UNVERIFIED
True,SYNTHETIC_SIMULATION_FOR_PIPELINE_VALIDATION,048-078,Kansas City 33,CENTRAL HIGH SCHOOL,2023-2024,Initial 40% Floor,Spring,SCI101,Biology,General Education,131,12,23,40,40,16,9.2,17.6,30.5,30.5,12.2,12.2,65.5,57.5,87.8,16.6,52.9,Case_A_Active_Policy_Floor_2023_24,TRADITIONAL_PCT,40_PCT_MINIMUM,FLOOR_40_UNSUBMITTED,UNIVERSAL_MANDATORY,Unspecified,Unspecified,Unspecified,SECONDARY_JOURNALISTIC_RECORD
True,SYNTHETIC_SIMULATION_FOR_PIPELINE_VALIDATION,048-078,Kansas City 33,CENTRAL HIGH SCHOOL,2023-2024,Initial 40% Floor,Spring,SCI101,Biology,Honors / AP / IB,8,2,3,2,1,0,25.0,37.5,25.0,12.5,0.0,0.0,4.0,4.0,100.0,71.2,7.9,UNVERIFIED,UNVERIFIED,UNVERIFIED,UNVERIFIED,UNVERIFIED,,,,UNVERIFIED
True,SYNTHETIC_SIMULATION_FOR_PIPELINE_VALIDATION,048-078,Kansas City 33,CENTRAL HIGH SCHOOL,2024-2025,Revised Missing-Work & Exemption,Fall,MATH101,Algebra I,General Education,134,13,24,39,33,25,9.7,17.9,29.1,24.6,18.7,18.7,67.0,54.5,81.3,,,Case_A_General_Track_Floor_2024_25,TRADITIONAL_PCT,40_PCT_MINIMUM,TRUE_ZERO_ALLOWED,UNIVERSAL_MANDATORY,10.0,40.0,50.0,PRIMARY_POLICY_DOCUMENT
True,SYNTHETIC_SIMULATION_FOR_PIPELINE_VALIDATION,048-078,Kansas City 33,CENTRAL HIGH SCHOOL,2024-2025,Revised Missing-Work & Exemption,Fall,MATH101,Algebra I,Honors / AP / IB,8,2,3,2,1,0,25.0,37.5,25.0,12.5,0.0,0.0,4.0,4.0,100.0,,,Case_A_Honors_Exemption_Track_2024_25,TRADITIONAL_PCT,0_NO_FLOOR,TRUE_ZERO_ALLOWED,TEACHER_DISCRETION,10.0,40.0,50.0,PRIMARY_POLICY_DOCUMENT
True,SYNTHETIC_SIMULATION_FOR_PIPELINE_VALIDATION,048-078,Kansas City 33,CENTRAL HIGH SCHOOL,2024-2025,Revised Missing-Work & Exemption,Fall,MATH201,Geometry,General Education,138,14,25,41,34,24,10.1,18.1,29.7,24.6,17.4,17.4,69.0,57.0,82.6,,,Case_A_General_Track_Floor_2024_25,TRADITIONAL_PCT,40_PCT_MINIMUM,TRUE_ZERO_ALLOWED,UNIVERSAL_MANDATORY,10.0,40.0,50.0,PRIMARY_POLICY_DOCUMENT
True,SYNTHETIC_SIMULATION_FOR_PIPELINE_VALIDATION,048-078,Kansas City 33,CENTRAL HIGH SCHOOL,2024-2025,Revised Missing-Work & Exemption,Fall,MATH201,Geometry,Honors / AP / IB,8,2,3,2,1,0,25.0,37.5,25.0,12.5,0.0,0.0,4.0,4.0,100.0,,,Case_A_Honors_Exemption_Track_2024_25,TRADITIONAL_PCT,0_NO_FLOOR,TRUE_ZERO_ALLOWED,TEACHER_DISCRETION,10.0,40.0,50.0,PRIMARY_POLICY_DOCUMENT
True,SYNTHETIC_SIMULATION_FOR_PIPELINE_VALIDATION,048-078,Kansas City 33,CENTRAL HIGH SCHOOL,2024-2025,Revised Missing-Work & Exemption,Fall,ENG101,English I,General Education,122,13,23,37,31,18,10.7,18.9,30.3,25.4,14.8,14.8,61.0,52.0,85.2,,,Case_A_General_Track_Floor_2024_25,TRADITIONAL_PCT,40_PCT_MINIMUM,TRUE_ZERO_ALLOWED,UNIVERSAL_MANDATORY,10.0,40.0,50.0,PRIMARY_POLICY_DOCUMENT
True,SYNTHETIC_SIMULATION_FOR_PIPELINE_VALIDATION,048-078,Kansas City 33,CENTRAL HIGH SCHOOL,2024-2025,Revised Missing-Work & Exemption,Fall,ENG101,English I,Honors / AP / IB,8,2,3,2,1,0,25.0,37.5,25.0,12.5,0.0,0.0,4.0,4.0,100.0,,,Case_A_Honors_Exemption_Track_2024_25,TRADITIONAL_PCT,0_NO_FLOOR,TRUE_ZERO_ALLOWED,TEACHER_DISCRETION,10.0,40.0,50.0,PRIMARY_POLICY_DOCUMENT
True,SYNTHETIC_SIMULATION_FOR_PIPELINE_VALIDATION,048-078,Kansas City 33,CENTRAL HIGH SCHOOL,2024-2025,Revised Missing-Work & Exemption,Fall,SCI101,Biology,General Education,139,13,26,42,35,23,9.4,18.7,30.2,25.2,16.5,16.5,69.5,58.0,83.5,,,Case_A_General_Track_Floor_2024_25,TRADITIONAL_PCT,40_PCT_MINIMUM,TRUE_ZERO_ALLOWED,UNIVERSAL_MANDATORY,10.0,40.0,50.0,PRIMARY_POLICY_DOCUMENT
True,SYNTHETIC_SIMULATION_FOR_PIPELINE_VALIDATION,048-078,Kansas City 33,CENTRAL HIGH SCHOOL,2024-2025,Revised Missing-Work & Exemption,Fall,SCI101,Biology,Honors / AP / IB,8,2,3,2,1,0,25.0,37.5,25.0,12.5,0.0,0.0,4.0,4.0,100.0,,,Case_A_Honors_Exemption_Track_2024_25,TRADITIONAL_PCT,0_NO_FLOOR,TRUE_ZERO_ALLOWED,TEACHER_DISCRETION,10.0,40.0,50.0,PRIMARY_POLICY_DOCUMENT
True,SYNTHETIC_SIMULATION_FOR_PIPELINE_VALIDATION,048-078,Kansas City 33,CENTRAL HIGH SCHOOL,2024-2025,Revised Missing-Work & Exemption,Spring,MATH101,Algebra I,General Education,135,13,24,39,33,26,9.6,17.8,28.9,24.4,19.3,19.3,67.5,54.5,80.7,13.3,51.9,Case_A_General_Track_Floor_2024_25,TRADITIONAL_PCT,40_PCT_MINIMUM,TRUE_ZERO_ALLOWED,UNIVERSAL_MANDATORY,10.0,40.0,50.0,PRIMARY_POLICY_DOCUMENT
True,SYNTHETIC_SIMULATION_FOR_PIPELINE_VALIDATION,048-078,Kansas City 33,CENTRAL HIGH SCHOOL,2024-2025,Revised Missing-Work & Exemption,Spring,MATH101,Algebra I,Honors / AP / IB,8,2,3,2,1,0,25.0,37.5,25.0,12.5,0.0,0.0,4.0,4.0,100.0,72.2,7.6,Case_A_Honors_Exemption_Track_2024_25,TRADITIONAL_PCT,0_NO_FLOOR,TRUE_ZERO_ALLOWED,TEACHER_DISCRETION,10.0,40.0,50.0,PRIMARY_POLICY_DOCUMENT
True,SYNTHETIC_SIMULATION_FOR_PIPELINE_VALIDATION,048-078,Kansas City 33,CENTRAL HIGH SCHOOL,2024-2025,Revised Missing-Work & Exemption,Spring,MATH201,Geometry,General Education,131,13,24,39,32,23,9.9,18.3,29.8,24.4,17.6,17.6,65.5,54.0,82.4,,,Case_A_General_Track_Floor_2024_25,TRADITIONAL_PCT,40_PCT_MINIMUM,TRUE_ZERO_ALLOWED,UNIVERSAL_MANDATORY,10.0,40.0,50.0,PRIMARY_POLICY_DOCUMENT
True,SYNTHETIC_SIMULATION_FOR_PIPELINE_VALIDATION,048-078,Kansas City 33,CENTRAL HIGH SCHOOL,2024-2025,Revised Missing-Work & Exemption,Spring,MATH201,Geometry,Honors / AP / IB,8,2,3,2,1,0,25.0,37.5,25.0,12.5,0.0,0.0,4.0,4.0,100.0,,,Case_A_Honors_Exemption_Track_2024_25,TRADITIONAL_PCT,0_NO_FLOOR,TRUE_ZERO_ALLOWED,TEACHER_DISCRETION,10.0,40.0,50.0,PRIMARY_POLICY_DOCUMENT
True,SYNTHETIC_SIMULATION_FOR_PIPELINE_VALIDATION,048-078,Kansas City 33,CENTRAL HIGH SCHOOL,2024-2025,Revised Missing-Work & Exemption,Spring,ENG101,English I,General Education,126,13,23,38,32,20,10.3,18.3,30.2,25.4,15.9,15.9,63.0,53.0,84.1,,,Case_A_General_Track_Floor_2024_25,TRADITIONAL_PCT,40_PCT_MINIMUM,TRUE_ZERO_ALLOWED,UNIVERSAL_MANDATORY,10.0,40.0,50.0,PRIMARY_POLICY_DOCUMENT
True,SYNTHETIC_SIMULATION_FOR_PIPELINE_VALIDATION,048-078,Kansas City 33,CENTRAL HIGH SCHOOL,2024-2025,Revised Missing-Work & Exemption,Spring,ENG101,English I,Honors / AP / IB,8,2,3,2,1,0,25.0,37.5,25.0,12.5,0.0,0.0,4.0,4.0,100.0,,,Case_A_Honors_Exemption_Track_2024_25,TRADITIONAL_PCT,0_NO_FLOOR,TRUE_ZERO_ALLOWED,TEACHER_DISCRETION,10.0,40.0,50.0,PRIMARY_POLICY_DOCUMENT
True,SYNTHETIC_SIMULATION_FOR_PIPELINE_VALIDATION,048-078,Kansas City 33,CENTRAL HIGH SCHOOL,2024-2025,Revised Missing-Work & Exemption,Spring,SCI101,Biology,General Education,130,13,24,39,32,22,10.0,18.5,30.0,24.6,16.9,16.9,65.0,54.0,83.1,16.0,54.0,Case_A_General_Track_Floor_2024_25,TRADITIONAL_PCT,40_PCT_MINIMUM,TRUE_ZERO_ALLOWED,UNIVERSAL_MANDATORY,10.0,40.0,50.0,PRIMARY_POLICY_DOCUMENT
True,SYNTHETIC_SIMULATION_FOR_PIPELINE_VALIDATION,048-078,Kansas City 33,CENTRAL HIGH SCHOOL,2024-2025,Revised Missing-Work & Exemption,Spring,SCI101,Biology,Honors / AP / IB,8,2,3,2,1,0,25.0,37.5,25.0,12.5,0.0,0.0,4.0,4.0,100.0,69.1,8.2,Case_A_Honors_Exemption_Track_2024_25,TRADITIONAL_PCT,0_NO_FLOOR,TRUE_ZERO_ALLOWED,TEACHER_DISCRETION,10.0,40.0,50.0,PRIMARY_POLICY_DOCUMENT
True,SYNTHETIC_SIMULATION_FOR_PIPELINE_VALIDATION,048-078,Kansas City 33,EAST HIGH SCHOOL,2021-2022,Pre-Reform,Fall,MATH101,Algebra I,General Education,137,12,24,38,26,37,8.8,17.5,27.7,19.0,27.0,27.0,68.5,50.0,73.0,,,Baseline_2022_Pre_Policy,TRADITIONAL_PCT,0_NO_FLOOR,TRUE_ZERO_ALLOWED,TEACHER_DISCRETION,Unspecified,Unspecified,Unspecified,BOARD_POLICY_MANUAL
True,SYNTHETIC_SIMULATION_FOR_PIPELINE_VALIDATION,048-078,Kansas City 33,EAST HIGH SCHOOL,2021-2022,Pre-Reform,Fall,MATH101,Algebra I,Honors / AP / IB,11,3,5,2,1,0,27.3,45.5,18.2,9.1,0.0,0.0,5.5,5.5,100.0,,,Baseline_2022_Pre_Policy,TRADITIONAL_PCT,0_NO_FLOOR,TRUE_ZERO_ALLOWED,TEACHER_DISCRETION,Unspecified,Unspecified,Unspecified,BOARD_POLICY_MANUAL
True,SYNTHETIC_SIMULATION_FOR_PIPELINE_VALIDATION,048-078,Kansas City 33,EAST HIGH SCHOOL,2021-2022,Pre-Reform,Fall,MATH201,Geometry,General Education,130,12,24,37,25,32,9.2,18.5,28.5,19.2,24.6,24.6,65.0,49.0,75.4,,,Baseline_2022_Pre_Policy,TRADITIONAL_PCT,0_NO_FLOOR,TRUE_ZERO_ALLOWED,TEACHER_DISCRETION,Unspecified,Unspecified,Unspecified,BOARD_POLICY_MANUAL
True,SYNTHETIC_SIMULATION_FOR_PIPELINE_VALIDATION,048-078,Kansas City 33,EAST HIGH SCHOOL,2021-2022,Pre-Reform,Fall,MATH201,Geometry,Honors / AP / IB,10,3,4,2,1,0,30.0,40.0,20.0,10.0,0.0,0.0,5.0,5.0,100.0,,,Baseline_2022_Pre_Policy,TRADITIONAL_PCT,0_NO_FLOOR,TRUE_ZERO_ALLOWED,TEACHER_DISCRETION,Unspecified,Unspecified,Unspecified,BOARD_POLICY_MANUAL
True,SYNTHETIC_SIMULATION_FOR_PIPELINE_VALIDATION,048-078,Kansas City 33,EAST HIGH SCHOOL,2021-2022,Pre-Reform,Fall,ENG101,English I,General Education,117,11,22,35,24,25,9.4,18.8,29.9,20.5,21.4,21.4,58.5,46.0,78.6,,,Baseline_2022_Pre_Policy,TRADITIONAL_PCT,0_NO_FLOOR,TRUE_ZERO_ALLOWED,TEACHER_DISCRETION,Unspecified,Unspecified,Unspecified,BOARD_POLICY_MANUAL
True,SYNTHETIC_SIMULATION_FOR_PIPELINE_VALIDATION,048-078,Kansas City 33,EAST HIGH SCHOOL,2021-2022,Pre-Reform,Fall,ENG101,English I,Honors / AP / IB,11,3,5,2,1,0,27.3,45.5,18.2,9.1,0.0,0.0,5.5,5.5,100.0,,,Baseline_2022_Pre_Policy,TRADITIONAL_PCT,0_NO_FLOOR,TRUE_ZERO_ALLOWED,TEACHER_DISCRETION,Unspecified,Unspecified,Unspecified,BOARD_POLICY_MANUAL
True,SYNTHETIC_SIMULATION_FOR_PIPELINE_VALIDATION,048-078,Kansas City 33,EAST HIGH SCHOOL,2021-2022,Pre-Reform,Fall,SCI101,Biology,General Education,117,11,21,33,23,29,9.4,17.9,28.2,19.7,24.8,24.8,58.5,44.0,75.2,,,Baseline_2022_Pre_Policy,TRADITIONAL_PCT,0_NO_FLOOR,TRUE_ZERO_ALLOWED,TEACHER_DISCRETION,Unspecified,Unspecified,Unspecified,BOARD_POLICY_MANUAL
True,SYNTHETIC_SIMULATION_FOR_PIPELINE_VALIDATION,048-078,Kansas City 33,EAST HIGH SCHOOL,2021-2022,Pre-Reform,Fall,SCI101,Biology,Honors / AP / IB,10,3,4,2,1,0,30.0,40.0,20.0,10.0,0.0,0.0,5.0,5.0,100.0,,,Baseline_2022_Pre_Policy,TRADITIONAL_PCT,0_NO_FLOOR,TRUE_ZERO_ALLOWED,TEACHER_DISCRETION,Unspecified,Unspecified,Unspecified,BOARD_POLICY_MANUAL
True,SYNTHETIC_SIMULATION_FOR_PIPELINE_VALIDATION,048-078,Kansas City 33,EAST HIGH SCHOOL,2021-2022,Pre-Reform,Spring,MATH101,Algebra I,General Education,140,12,24,37,25,42,8.6,17.1,26.4,17.9,30.0,30.0,70.0,49.0,70.0,13.5,51.0,Baseline_2022_Pre_Policy,TRADITIONAL_PCT,0_NO_FLOOR,TRUE_ZERO_ALLOWED,TEACHER_DISCRETION,Unspecified,Unspecified,Unspecified,BOARD_POLICY_MANUAL
True,SYNTHETIC_SIMULATION_FOR_PIPELINE_VALIDATION,048-078,Kansas City 33,EAST HIGH SCHOOL,2021-2022,Pre-Reform,Spring,MATH101,Algebra I,Honors / AP / IB,10,3,4,2,1,0,30.0,40.0,20.0,10.0,0.0,0.0,5.0,5.0,100.0,72.6,8.1,Baseline_2022_Pre_Policy,TRADITIONAL_PCT,0_NO_FLOOR,TRUE_ZERO_ALLOWED,TEACHER_DISCRETION,Unspecified,Unspecified,Unspecified,BOARD_POLICY_MANUAL
True,SYNTHETIC_SIMULATION_FOR_PIPELINE_VALIDATION,048-078,Kansas City 33,EAST HIGH SCHOOL,2021-2022,Pre-Reform,Spring,MATH201,Geometry,General Education,123,11,22,34,23,33,8.9,17.9,27.6,18.7,26.8,26.8,61.5,45.0,73.2,,,Baseline_2022_Pre_Policy,TRADITIONAL_PCT,0_NO_FLOOR,TRUE_ZERO_ALLOWED,TEACHER_DISCRETION,Unspecified,Unspecified,Unspecified,BOARD_POLICY_MANUAL
True,SYNTHETIC_SIMULATION_FOR_PIPELINE_VALIDATION,048-078,Kansas City 33,EAST HIGH SCHOOL,2021-2022,Pre-Reform,Spring,MATH201,Geometry,Honors / AP / IB,11,3,4,2,1,1,27.3,36.4,18.2,9.1,9.1,9.1,5.5,5.0,90.9,,,Baseline_2022_Pre_Policy,TRADITIONAL_PCT,0_NO_FLOOR,TRUE_ZERO_ALLOWED,TEACHER_DISCRETION,Unspecified,Unspecified,Unspecified,BOARD_POLICY_MANUAL
True,SYNTHETIC_SIMULATION_FOR_PIPELINE_VALIDATION,048-078,Kansas City 33,EAST HIGH SCHOOL,2021-2022,Pre-Reform,Spring,ENG101,English I,General Education,124,11,23,36,25,29,8.9,18.5,29.0,20.2,23.4,23.4,62.0,47.5,76.6,,,Baseline_2022_Pre_Policy,TRADITIONAL_PCT,0_NO_FLOOR,TRUE_ZERO_ALLOWED,TEACHER_DISCRETION,Unspecified,Unspecified,Unspecified,BOARD_POLICY_MANUAL
True,SYNTHETIC_SIMULATION_FOR_PIPELINE_VALIDATION,048-078,Kansas City 33,EAST HIGH SCHOOL,2021-2022,Pre-Reform,Spring,ENG101,English I,Honors / AP / IB,10,3,4,2,1,0,30.0,40.0,20.0,10.0,0.0,0.0,5.0,5.0,100.0,,,Baseline_2022_Pre_Policy,TRADITIONAL_PCT,0_NO_FLOOR,TRUE_ZERO_ALLOWED,TEACHER_DISCRETION,Unspecified,Unspecified,Unspecified,BOARD_POLICY_MANUAL
True,SYNTHETIC_SIMULATION_FOR_PIPELINE_VALIDATION,048-078,Kansas City 33,EAST HIGH SCHOOL,2021-2022,Pre-Reform,Spring,SCI101,Biology,General Education,129,12,23,36,25,33,9.3,17.8,27.9,19.4,25.6,25.6,64.5,48.0,74.4,16.0,51.6,Baseline_2022_Pre_Policy,TRADITIONAL_PCT,0_NO_FLOOR,TRUE_ZERO_ALLOWED,TEACHER_DISCRETION,Unspecified,Unspecified,Unspecified,BOARD_POLICY_MANUAL
True,SYNTHETIC_SIMULATION_FOR_PIPELINE_VALIDATION,048-078,Kansas City 33,EAST HIGH SCHOOL,2021-2022,Pre-Reform,Spring,SCI101,Biology,Honors / AP / IB,10,3,4,2,1,0,30.0,40.0,20.0,10.0,0.0,0.0,5.0,5.0,100.0,72.3,8.2,Baseline_2022_Pre_Policy,TRADITIONAL_PCT,0_NO_FLOOR,TRUE_ZERO_ALLOWED,TEACHER_DISCRETION,Unspecified,Unspecified,Unspecified,BOARD_POLICY_MANUAL
True,SYNTHETIC_SIMULATION_FOR_PIPELINE_VALIDATION,048-078,Kansas City 33,EAST HIGH SCHOOL,2022-2023,Pre-Reform,Fall,MATH101,Algebra I,General Education,138,12,24,38,26,38,8.7,17.4,27.5,18.8,27.5,27.5,69.0,50.0,72.5,,,Baseline_2022_Pre_Policy,TRADITIONAL_PCT,0_NO_FLOOR,TRUE_ZERO_ALLOWED,TEACHER_DISCRETION,Unspecified,Unspecified,Unspecified,BOARD_POLICY_MANUAL
True,SYNTHETIC_SIMULATION_FOR_PIPELINE_VALIDATION,048-078,Kansas City 33,EAST HIGH SCHOOL,2022-2023,Pre-Reform,Fall,MATH101,Algebra I,Honors / AP / IB,11,3,5,2,1,0,27.3,45.5,18.2,9.1,0.0,0.0,5.5,5.5,100.0,,,Baseline_2022_Pre_Policy,TRADITIONAL_PCT,0_NO_FLOOR,TRUE_ZERO_ALLOWED,TEACHER_DISCRETION,Unspecified,Unspecified,Unspecified,BOARD_POLICY_MANUAL
True,SYNTHETIC_SIMULATION_FOR_PIPELINE_VALIDATION,048-078,Kansas City 33,EAST HIGH SCHOOL,2022-2023,Pre-Reform,Fall,MATH201,Geometry,General Education,124,11,23,36,24,30,8.9,18.5,29.0,19.4,24.2,24.2,62.0,47.0,75.8,,,Baseline_2022_Pre_Policy,TRADITIONAL_PCT,0_NO_FLOOR,TRUE_ZERO_ALLOWED,TEACHER_DISCRETION,Unspecified,Unspecified,Unspecified,BOARD_POLICY_MANUAL
True,SYNTHETIC_SIMULATION_FOR_PIPELINE_VALIDATION,048-078,Kansas City 33,EAST HIGH SCHOOL,2022-2023,Pre-Reform,Fall,MATH201,Geometry,Honors / AP / IB,11,3,5,2,1,0,27.3,45.5,18.2,9.1,0.0,0.0,5.5,5.5,100.0,,,Baseline_2022_Pre_Policy,TRADITIONAL_PCT,0_NO_FLOOR,TRUE_ZERO_ALLOWED,TEACHER_DISCRETION,Unspecified,Unspecified,Unspecified,BOARD_POLICY_MANUAL
True,SYNTHETIC_SIMULATION_FOR_PIPELINE_VALIDATION,048-078,Kansas City 33,EAST HIGH SCHOOL,2022-2023,Pre-Reform,Fall,ENG101,English I,General Education,116,10,22,35,24,25,8.6,19.0,30.2,20.7,21.6,21.6,58.0,45.5,78.4,,,Baseline_2022_Pre_Policy,TRADITIONAL_PCT,0_NO_FLOOR,TRUE_ZERO_ALLOWED,TEACHER_DISCRETION,Unspecified,Unspecified,Unspecified,BOARD_POLICY_MANUAL
True,SYNTHETIC_SIMULATION_FOR_PIPELINE_VALIDATION,048-078,Kansas City 33,EAST HIGH SCHOOL,2022-2023,Pre-Reform,Fall,ENG101,English I,Honors / AP / IB,11,3,5,2,1,0,27.3,45.5,18.2,9.1,0.0,0.0,5.5,5.5,100.0,,,Baseline_2022_Pre_Policy,TRADITIONAL_PCT,0_NO_FLOOR,TRUE_ZERO_ALLOWED,TEACHER_DISCRETION,Unspecified,Unspecified,Unspecified,BOARD_POLICY_MANUAL
True,SYNTHETIC_SIMULATION_FOR_PIPELINE_VALIDATION,048-078,Kansas City 33,EAST HIGH SCHOOL,2022-2023,Pre-Reform,Fall,SCI101,Biology,General Education,129,12,24,37,25,31,9.3,18.6,28.7,19.4,24.0,24.0,64.5,49.0,76.0,,,Baseline_2022_Pre_Policy,TRADITIONAL_PCT,0_NO_FLOOR,TRUE_ZERO_ALLOWED,TEACHER_DISCRETION,Unspecified,Unspecified,Unspecified,BOARD_POLICY_MANUAL
True,SYNTHETIC_SIMULATION_FOR_PIPELINE_VALIDATION,048-078,Kansas City 33,EAST HIGH SCHOOL,2022-2023,Pre-Reform,Fall,SCI101,Biology,Honors / AP / IB,11,3,5,2,1,0,27.3,45.5,18.2,9.1,0.0,0.0,5.5,5.5,100.0,,,Baseline_2022_Pre_Policy,TRADITIONAL_PCT,0_NO_FLOOR,TRUE_ZERO_ALLOWED,TEACHER_DISCRETION,Unspecified,Unspecified,Unspecified,BOARD_POLICY_MANUAL
True,SYNTHETIC_SIMULATION_FOR_PIPELINE_VALIDATION,048-078,Kansas City 33,EAST HIGH SCHOOL,2022-2023,Pre-Reform,Spring,MATH101,Algebra I,General Education,128,11,21,34,23,39,8.6,16.4,26.6,18.0,30.5,30.5,64.0,44.5,69.5,14.1,52.3,Baseline_2022_Pre_Policy,TRADITIONAL_PCT,0_NO_FLOOR,TRUE_ZERO_ALLOWED,TEACHER_DISCRETION,Unspecified,Unspecified,Unspecified,BOARD_POLICY_MANUAL
True,SYNTHETIC_SIMULATION_FOR_PIPELINE_VALIDATION,048-078,Kansas City 33,EAST HIGH SCHOOL,2022-2023,Pre-Reform,Spring,MATH101,Algebra I,Honors / AP / IB,11,3,5,2,1,0,27.3,45.5,18.2,9.1,0.0,0.0,5.5,5.5,100.0,74.7,8.2,Baseline_2022_Pre_Policy,TRADITIONAL_PCT,0_NO_FLOOR,TRUE_ZERO_ALLOWED,TEACHER_DISCRETION,Unspecified,Unspecified,Unspecified,BOARD_POLICY_MANUAL
True,SYNTHETIC_SIMULATION_FOR_PIPELINE_VALIDATION,048-078,Kansas City 33,EAST HIGH SCHOOL,2022-2023,Pre-Reform,Spring,MATH201,Geometry,General Education,128,11,23,36,24,34,8.6,18.0,28.1,18.8,26.6,26.6,64.0,47.0,73.4,,,Baseline_2022_Pre_Policy,TRADITIONAL_PCT,0_NO_FLOOR,TRUE_ZERO_ALLOWED,TEACHER_DISCRETION,Unspecified,Unspecified,Unspecified,BOARD_POLICY_MANUAL
True,SYNTHETIC_SIMULATION_FOR_PIPELINE_VALIDATION,048-078,Kansas City 33,EAST HIGH SCHOOL,2022-2023,Pre-Reform,Spring,MATH201,Geometry,Honors / AP / IB,11,3,5,2,1,0,27.3,45.5,18.2,9.1,0.0,0.0,5.5,5.5,100.0,,,Baseline_2022_Pre_Policy,TRADITIONAL_PCT,0_NO_FLOOR,TRUE_ZERO_ALLOWED,TEACHER_DISCRETION,Unspecified,Unspecified,Unspecified,BOARD_POLICY_MANUAL
True,SYNTHETIC_SIMULATION_FOR_PIPELINE_VALIDATION,048-078,Kansas City 33,EAST HIGH SCHOOL,2022-2023,Pre-Reform,Spring,ENG101,English I,General Education,123,11,23,36,25,28,8.9,18.7,29.3,20.3,22.8,22.8,61.5,47.5,77.2,,,Baseline_2022_Pre_Policy,TRADITIONAL_PCT,0_NO_FLOOR,TRUE_ZERO_ALLOWED,TEACHER_DISCRETION,Unspecified,Unspecified,Unspecified,BOARD_POLICY_MANUAL
True,SYNTHETIC_SIMULATION_FOR_PIPELINE_VALIDATION,048-078,Kansas City 33,EAST HIGH SCHOOL,2022-2023,Pre-Reform,Spring,ENG101,English I,Honors / AP / IB,10,3,4,2,1,0,30.0,40.0,20.0,10.0,0.0,0.0,5.0,5.0,100.0,,,Baseline_2022_Pre_Policy,TRADITIONAL_PCT,0_NO_FLOOR,TRUE_ZERO_ALLOWED,TEACHER_DISCRETION,Unspecified,Unspecified,Unspecified,BOARD_POLICY_MANUAL
True,SYNTHETIC_SIMULATION_FOR_PIPELINE_VALIDATION,048-078,Kansas City 33,EAST HIGH SCHOOL,2022-2023,Pre-Reform,Spring,SCI101,Biology,General Education,135,12,24,38,26,35,8.9,17.8,28.1,19.3,25.9,25.9,67.5,50.0,74.1,16.0,51.1,Baseline_2022_Pre_Policy,TRADITIONAL_PCT,0_NO_FLOOR,TRUE_ZERO_ALLOWED,TEACHER_DISCRETION,Unspecified,Unspecified,Unspecified,BOARD_POLICY_MANUAL
True,SYNTHETIC_SIMULATION_FOR_PIPELINE_VALIDATION,048-078,Kansas City 33,EAST HIGH SCHOOL,2022-2023,Pre-Reform,Spring,SCI101,Biology,Honors / AP / IB,11,3,5,2,1,0,27.3,45.5,18.2,9.1,0.0,0.0,5.5,5.5,100.0,69.5,8.2,Baseline_2022_Pre_Policy,TRADITIONAL_PCT,0_NO_FLOOR,TRUE_ZERO_ALLOWED,TEACHER_DISCRETION,Unspecified,Unspecified,Unspecified,BOARD_POLICY_MANUAL
True,SYNTHETIC_SIMULATION_FOR_PIPELINE_VALIDATION,048-078,Kansas City 33,EAST HIGH SCHOOL,2023-2024,Initial 40% Floor,Fall,MATH101,Algebra I,General Education,130,10,23,40,40,17,7.7,17.7,30.8,30.8,13.1,13.1,65.0,56.5,86.9,,,Case_A_Active_Policy_Floor_2023_24,TRADITIONAL_PCT,40_PCT_MINIMUM,FLOOR_40_UNSUBMITTED,UNIVERSAL_MANDATORY,Unspecified,Unspecified,Unspecified,SECONDARY_JOURNALISTIC_RECORD
True,SYNTHETIC_SIMULATION_FOR_PIPELINE_VALIDATION,048-078,Kansas City 33,EAST HIGH SCHOOL,2023-2024,Initial 40% Floor,Fall,MATH101,Algebra I,Honors / AP / IB,11,3,5,2,1,0,27.3,45.5,18.2,9.1,0.0,0.0,5.5,5.5,100.0,,,UNVERIFIED,UNVERIFIED,UNVERIFIED,UNVERIFIED,UNVERIFIED,,,,UNVERIFIED
True,SYNTHETIC_SIMULATION_FOR_PIPELINE_VALIDATION,048-078,Kansas City 33,EAST HIGH SCHOOL,2023-2024,Initial 40% Floor,Fall,MATH201,Geometry,General Education,136,11,24,42,42,17,8.1,17.6,30.9,30.9,12.5,12.5,68.0,59.5,87.5,,,Case_A_Active_Policy_Floor_2023_24,TRADITIONAL_PCT,40_PCT_MINIMUM,FLOOR_40_UNSUBMITTED,UNIVERSAL_MANDATORY,Unspecified,Unspecified,Unspecified,SECONDARY_JOURNALISTIC_RECORD
True,SYNTHETIC_SIMULATION_FOR_PIPELINE_VALIDATION,048-078,Kansas City 33,EAST HIGH SCHOOL,2023-2024,Initial 40% Floor,Fall,MATH201,Geometry,Honors / AP / IB,10,3,4,2,1,0,30.0,40.0,20.0,10.0,0.0,0.0,5.0,5.0,100.0,,,UNVERIFIED,UNVERIFIED,UNVERIFIED,UNVERIFIED,UNVERIFIED,,,,UNVERIFIED
True,SYNTHETIC_SIMULATION_FOR_PIPELINE_VALIDATION,048-078,Kansas City 33,EAST HIGH SCHOOL,2023-2024,Initial 40% Floor,Fall,ENG101,English I,General Education,140,12,25,44,44,15,8.6,17.9,31.4,31.4,10.7,10.7,70.0,62.5,89.3,,,Case_A_Active_Policy_Floor_2023_24,TRADITIONAL_PCT,40_PCT_MINIMUM,FLOOR_40_UNSUBMITTED,UNIVERSAL_MANDATORY,Unspecified,Unspecified,Unspecified,SECONDARY_JOURNALISTIC_RECORD
True,SYNTHETIC_SIMULATION_FOR_PIPELINE_VALIDATION,048-078,Kansas City 33,EAST HIGH SCHOOL,2023-2024,Initial 40% Floor,Fall,ENG101,English I,Honors / AP / IB,11,3,5,2,1,0,27.3,45.5,18.2,9.1,0.0,0.0,5.5,5.5,100.0,,,UNVERIFIED,UNVERIFIED,UNVERIFIED,UNVERIFIED,UNVERIFIED,,,,UNVERIFIED
True,SYNTHETIC_SIMULATION_FOR_PIPELINE_VALIDATION,048-078,Kansas City 33,EAST HIGH SCHOOL,2023-2024,Initial 40% Floor,Fall,SCI101,Biology,General Education,116,10,21,36,36,13,8.6,18.1,31.0,31.0,11.2,11.2,58.0,51.5,88.8,,,Case_A_Active_Policy_Floor_2023_24,TRADITIONAL_PCT,40_PCT_MINIMUM,FLOOR_40_UNSUBMITTED,UNIVERSAL_MANDATORY,Unspecified,Unspecified,Unspecified,SECONDARY_JOURNALISTIC_RECORD
True,SYNTHETIC_SIMULATION_FOR_PIPELINE_VALIDATION,048-078,Kansas City 33,EAST HIGH SCHOOL,2023-2024,Initial 40% Floor,Fall,SCI101,Biology,Honors / AP / IB,10,3,4,2,1,0,30.0,40.0,20.0,10.0,0.0,0.0,5.0,5.0,100.0,,,UNVERIFIED,UNVERIFIED,UNVERIFIED,UNVERIFIED,UNVERIFIED,,,,UNVERIFIED
True,SYNTHETIC_SIMULATION_FOR_PIPELINE_VALIDATION,048-078,Kansas City 33,EAST HIGH SCHOOL,2023-2024,Initial 40% Floor,Spring,MATH101,Algebra I,General Education,123,11,21,37,37,17,8.9,17.1,30.1,30.1,13.8,13.8,61.5,53.0,86.2,13.4,50.5,Case_A_Active_Policy_Floor_2023_24,TRADITIONAL_PCT,40_PCT_MINIMUM,FLOOR_40_UNSUBMITTED,UNIVERSAL_MANDATORY,Unspecified,Unspecified,Unspecified,SECONDARY_JOURNALISTIC_RECORD
True,SYNTHETIC_SIMULATION_FOR_PIPELINE_VALIDATION,048-078,Kansas City 33,EAST HIGH SCHOOL,2023-2024,Initial 40% Floor,Spring,MATH101,Algebra I,Honors / AP / IB,11,3,5,2,1,0,27.3,45.5,18.2,9.1,0.0,0.0,5.5,5.5,100.0,71.5,7.7,UNVERIFIED,UNVERIFIED,UNVERIFIED,UNVERIFIED,UNVERIFIED,,,,UNVERIFIED
True,SYNTHETIC_SIMULATION_FOR_PIPELINE_VALIDATION,048-078,Kansas City 33,EAST HIGH SCHOOL,2023-2024,Initial 40% Floor,Spring,MATH201,Geometry,General Education,130,10,23,40,40,17,7.7,17.7,30.8,30.8,13.1,13.1,65.0,56.5,86.9,,,Case_A_Active_Policy_Floor_2023_24,TRADITIONAL_PCT,40_PCT_MINIMUM,FLOOR_40_UNSUBMITTED,UNIVERSAL_MANDATORY,Unspecified,Unspecified,Unspecified,SECONDARY_JOURNALISTIC_RECORD
True,SYNTHETIC_SIMULATION_FOR_PIPELINE_VALIDATION,048-078,Kansas City 33,EAST HIGH SCHOOL,2023-2024,Initial 40% Floor,Spring,MATH201,Geometry,Honors / AP / IB,12,3,5,2,1,1,25.0,41.7,16.7,8.3,8.3,8.3,6.0,5.5,91.7,,,UNVERIFIED,UNVERIFIED,UNVERIFIED,UNVERIFIED,UNVERIFIED,,,,UNVERIFIED
True,SYNTHETIC_SIMULATION_FOR_PIPELINE_VALIDATION,048-078,Kansas City 33,EAST HIGH SCHOOL,2023-2024,Initial 40% Floor,Spring,ENG101,English I,General Education,121,12,21,37,37,14,9.9,17.4,30.6,30.6,11.6,11.6,60.5,53.5,88.4,,,Case_A_Active_Policy_Floor_2023_24,TRADITIONAL_PCT,40_PCT_MINIMUM,FLOOR_40_UNSUBMITTED,UNIVERSAL_MANDATORY,Unspecified,Unspecified,Unspecified,SECONDARY_JOURNALISTIC_RECORD
True,SYNTHETIC_SIMULATION_FOR_PIPELINE_VALIDATION,048-078,Kansas City 33,EAST HIGH SCHOOL,2023-2024,Initial 40% Floor,Spring,ENG101,English I,Honors / AP / IB,11,3,4,2,1,1,27.3,36.4,18.2,9.1,9.1,9.1,5.5,5.0,90.9,,,UNVERIFIED,UNVERIFIED,UNVERIFIED,UNVERIFIED,UNVERIFIED,,,,UNVERIFIED
True,SYNTHETIC_SIMULATION_FOR_PIPELINE_VALIDATION,048-078,Kansas City 33,EAST HIGH SCHOOL,2023-2024,Initial 40% Floor,Spring,SCI101,Biology,General Education,127,11,22,39,39,16,8.7,17.3,30.7,30.7,12.6,12.6,63.5,55.5,87.4,16.1,52.9,Case_A_Active_Policy_Floor_2023_24,TRADITIONAL_PCT,40_PCT_MINIMUM,FLOOR_40_UNSUBMITTED,UNIVERSAL_MANDATORY,Unspecified,Unspecified,Unspecified,SECONDARY_JOURNALISTIC_RECORD
True,SYNTHETIC_SIMULATION_FOR_PIPELINE_VALIDATION,048-078,Kansas City 33,EAST HIGH SCHOOL,2023-2024,Initial 40% Floor,Spring,SCI101,Biology,Honors / AP / IB,10,3,4,2,1,0,30.0,40.0,20.0,10.0,0.0,0.0,5.0,5.0,100.0,73.4,7.7,UNVERIFIED,UNVERIFIED,UNVERIFIED,UNVERIFIED,UNVERIFIED,,,,UNVERIFIED
True,SYNTHETIC_SIMULATION_FOR_PIPELINE_VALIDATION,048-078,Kansas City 33,EAST HIGH SCHOOL,2024-2025,Revised Missing-Work & Exemption,Fall,MATH101,Algebra I,General Education,124,12,22,36,30,24,9.7,17.7,29.0,24.2,19.4,19.4,62.0,50.0,80.6,,,Case_A_General_Track_Floor_2024_25,TRADITIONAL_PCT,40_PCT_MINIMUM,TRUE_ZERO_ALLOWED,UNIVERSAL_MANDATORY,10.0,40.0,50.0,PRIMARY_POLICY_DOCUMENT
True,SYNTHETIC_SIMULATION_FOR_PIPELINE_VALIDATION,048-078,Kansas City 33,EAST HIGH SCHOOL,2024-2025,Revised Missing-Work & Exemption,Fall,MATH101,Algebra I,Honors / AP / IB,11,3,5,2,1,0,27.3,45.5,18.2,9.1,0.0,0.0,5.5,5.5,100.0,,,Case_A_Honors_Exemption_Track_2024_25,TRADITIONAL_PCT,0_NO_FLOOR,TRUE_ZERO_ALLOWED,TEACHER_DISCRETION,10.0,40.0,50.0,PRIMARY_POLICY_DOCUMENT
True,SYNTHETIC_SIMULATION_FOR_PIPELINE_VALIDATION,048-078,Kansas City 33,EAST HIGH SCHOOL,2024-2025,Revised Missing-Work & Exemption,Fall,MATH201,Geometry,General Education,117,12,21,35,29,20,10.3,17.9,29.9,24.8,17.1,17.1,58.5,48.5,82.9,,,Case_A_General_Track_Floor_2024_25,TRADITIONAL_PCT,40_PCT_MINIMUM,TRUE_ZERO_ALLOWED,UNIVERSAL_MANDATORY,10.0,40.0,50.0,PRIMARY_POLICY_DOCUMENT
True,SYNTHETIC_SIMULATION_FOR_PIPELINE_VALIDATION,048-078,Kansas City 33,EAST HIGH SCHOOL,2024-2025,Revised Missing-Work & Exemption,Fall,MATH201,Geometry,Honors / AP / IB,12,3,5,3,1,0,25.0,41.7,25.0,8.3,0.0,0.0,6.0,6.0,100.0,,,Case_A_Honors_Exemption_Track_2024_25,TRADITIONAL_PCT,0_NO_FLOOR,TRUE_ZERO_ALLOWED,TEACHER_DISCRETION,10.0,40.0,50.0,PRIMARY_POLICY_DOCUMENT
True,SYNTHETIC_SIMULATION_FOR_PIPELINE_VALIDATION,048-078,Kansas City 33,EAST HIGH SCHOOL,2024-2025,Revised Missing-Work & Exemption,Fall,ENG101,English I,General Education,122,13,23,37,31,18,10.7,18.9,30.3,25.4,14.8,14.8,61.0,52.0,85.2,,,Case_A_General_Track_Floor_2024_25,TRADITIONAL_PCT,40_PCT_MINIMUM,TRUE_ZERO_ALLOWED,UNIVERSAL_MANDATORY,10.0,40.0,50.0,PRIMARY_POLICY_DOCUMENT
True,SYNTHETIC_SIMULATION_FOR_PIPELINE_VALIDATION,048-078,Kansas City 33,EAST HIGH SCHOOL,2024-2025,Revised Missing-Work & Exemption,Fall,ENG101,English I,Honors / AP / IB,12,3,5,2,1,1,25.0,41.7,16.7,8.3,8.3,8.3,6.0,5.5,91.7,,,Case_A_Honors_Exemption_Track_2024_25,TRADITIONAL_PCT,0_NO_FLOOR,TRUE_ZERO_ALLOWED,TEACHER_DISCRETION,10.0,40.0,50.0,PRIMARY_POLICY_DOCUMENT
True,SYNTHETIC_SIMULATION_FOR_PIPELINE_VALIDATION,048-078,Kansas City 33,EAST HIGH SCHOOL,2024-2025,Revised Missing-Work & Exemption,Fall,SCI101,Biology,General Education,119,12,22,36,30,19,10.1,18.5,30.3,25.2,16.0,16.0,59.5,50.0,84.0,,,Case_A_General_Track_Floor_2024_25,TRADITIONAL_PCT,40_PCT_MINIMUM,TRUE_ZERO_ALLOWED,UNIVERSAL_MANDATORY,10.0,40.0,50.0,PRIMARY_POLICY_DOCUMENT
True,SYNTHETIC_SIMULATION_FOR_PIPELINE_VALIDATION,048-078,Kansas City 33,EAST HIGH SCHOOL,2024-2025,Revised Missing-Work & Exemption,Fall,SCI101,Biology,Honors / AP / IB,10,3,4,2,1,0,30.0,40.0,20.0,10.0,0.0,0.0,5.0,5.0,100.0,,,Case_A_Honors_Exemption_Track_2024_25,TRADITIONAL_PCT,0_NO_FLOOR,TRUE_ZERO_ALLOWED,TEACHER_DISCRETION,10.0,40.0,50.0,PRIMARY_POLICY_DOCUMENT
True,SYNTHETIC_SIMULATION_FOR_PIPELINE_VALIDATION,048-078,Kansas City 33,EAST HIGH SCHOOL,2024-2025,Revised Missing-Work & Exemption,Spring,MATH101,Algebra I,General Education,120,12,21,35,29,23,10.0,17.5,29.2,24.2,19.2,19.2,60.0,48.5,80.8,14.4,52.9,Case_A_General_Track_Floor_2024_25,TRADITIONAL_PCT,40_PCT_MINIMUM,TRUE_ZERO_ALLOWED,UNIVERSAL_MANDATORY,10.0,40.0,50.0,PRIMARY_POLICY_DOCUMENT
True,SYNTHETIC_SIMULATION_FOR_PIPELINE_VALIDATION,048-078,Kansas City 33,EAST HIGH SCHOOL,2024-2025,Revised Missing-Work & Exemption,Spring,MATH101,Algebra I,Honors / AP / IB,10,3,4,2,1,0,30.0,40.0,20.0,10.0,0.0,0.0,5.0,5.0,100.0,74.3,8.0,Case_A_Honors_Exemption_Track_2024_25,TRADITIONAL_PCT,0_NO_FLOOR,TRUE_ZERO_ALLOWED,TEACHER_DISCRETION,10.0,40.0,50.0,PRIMARY_POLICY_DOCUMENT
True,SYNTHETIC_SIMULATION_FOR_PIPELINE_VALIDATION,048-078,Kansas City 33,EAST HIGH SCHOOL,2024-2025,Revised Missing-Work & Exemption,Spring,MATH201,Geometry,General Education,117,12,21,35,29,20,10.3,17.9,29.9,24.8,17.1,17.1,58.5,48.5,82.9,,,Case_A_General_Track_Floor_2024_25,TRADITIONAL_PCT,40_PCT_MINIMUM,TRUE_ZERO_ALLOWED,UNIVERSAL_MANDATORY,10.0,40.0,50.0,PRIMARY_POLICY_DOCUMENT
True,SYNTHETIC_SIMULATION_FOR_PIPELINE_VALIDATION,048-078,Kansas City 33,EAST HIGH SCHOOL,2024-2025,Revised Missing-Work & Exemption,Spring,MATH201,Geometry,Honors / AP / IB,10,3,4,2,1,0,30.0,40.0,20.0,10.0,0.0,0.0,5.0,5.0,100.0,,,Case_A_Honors_Exemption_Track_2024_25,TRADITIONAL_PCT,0_NO_FLOOR,TRUE_ZERO_ALLOWED,TEACHER_DISCRETION,10.0,40.0,50.0,PRIMARY_POLICY_DOCUMENT
True,SYNTHETIC_SIMULATION_FOR_PIPELINE_VALIDATION,048-078,Kansas City 33,EAST HIGH SCHOOL,2024-2025,Revised Missing-Work & Exemption,Spring,ENG101,English I,General Education,141,15,26,43,36,21,10.6,18.4,30.5,25.5,14.9,14.9,70.5,60.0,85.1,,,Case_A_General_Track_Floor_2024_25,TRADITIONAL_PCT,40_PCT_MINIMUM,TRUE_ZERO_ALLOWED,UNIVERSAL_MANDATORY,10.0,40.0,50.0,PRIMARY_POLICY_DOCUMENT
True,SYNTHETIC_SIMULATION_FOR_PIPELINE_VALIDATION,048-078,Kansas City 33,EAST HIGH SCHOOL,2024-2025,Revised Missing-Work & Exemption,Spring,ENG101,English I,Honors / AP / IB,11,3,4,2,1,1,27.3,36.4,18.2,9.1,9.1,9.1,5.5,5.0,90.9,,,Case_A_Honors_Exemption_Track_2024_25,TRADITIONAL_PCT,0_NO_FLOOR,TRUE_ZERO_ALLOWED,TEACHER_DISCRETION,10.0,40.0,50.0,PRIMARY_POLICY_DOCUMENT
True,SYNTHETIC_SIMULATION_FOR_PIPELINE_VALIDATION,048-078,Kansas City 33,EAST HIGH SCHOOL,2024-2025,Revised Missing-Work & Exemption,Spring,SCI101,Biology,General Education,122,12,22,37,31,20,9.8,18.0,30.3,25.4,16.4,16.4,61.0,51.0,83.6,16.9,53.0,Case_A_General_Track_Floor_2024_25,TRADITIONAL_PCT,40_PCT_MINIMUM,TRUE_ZERO_ALLOWED,UNIVERSAL_MANDATORY,10.0,40.0,50.0,PRIMARY_POLICY_DOCUMENT
True,SYNTHETIC_SIMULATION_FOR_PIPELINE_VALIDATION,048-078,Kansas City 33,EAST HIGH SCHOOL,2024-2025,Revised Missing-Work & Exemption,Spring,SCI101,Biology,Honors / AP / IB,10,3,4,2,1,0,30.0,40.0,20.0,10.0,0.0,0.0,5.0,5.0,100.0,70.9,8.4,Case_A_Honors_Exemption_Track_2024_25,TRADITIONAL_PCT,0_NO_FLOOR,TRUE_ZERO_ALLOWED,TEACHER_DISCRETION,10.0,40.0,50.0,PRIMARY_POLICY_DOCUMENT
True,SYNTHETIC_SIMULATION_FOR_PIPELINE_VALIDATION,048-078,Kansas City 33,LINCOLN COLLEGE PREP.,2021-2022,Pre-Reform,Fall,MATH101,Algebra I,General Education,47,4,8,13,9,13,8.5,17.0,27.7,19.1,27.7,27.7,23.5,17.0,72.3,,,Baseline_2022_Pre_Policy,TRADITIONAL_PCT,0_NO_FLOOR,TRUE_ZERO_ALLOWED,TEACHER_DISCRETION,Unspecified,Unspecified,Unspecified,BOARD_POLICY_MANUAL
True,SYNTHETIC_SIMULATION_FOR_PIPELINE_VALIDATION,048-078,Kansas City 33,LINCOLN COLLEGE PREP.,2021-2022,Pre-Reform,Fall,MATH101,Algebra I,Honors / AP / IB,144,39,58,30,11,6,27.1,40.3,20.8,7.6,4.2,4.2,72.0,69.0,95.8,,,Baseline_2022_Pre_Policy,TRADITIONAL_PCT,0_NO_FLOOR,TRUE_ZERO_ALLOWED,TEACHER_DISCRETION,Unspecified,Unspecified,Unspecified,BOARD_POLICY_MANUAL
True,SYNTHETIC_SIMULATION_FOR_PIPELINE_VALIDATION,048-078,Kansas City 33,LINCOLN COLLEGE PREP.,2021-2022,Pre-Reform,Fall,MATH201,Geometry,General Education,45,4,8,13,9,11,8.9,17.8,28.9,20.0,24.4,24.4,22.5,17.0,75.6,,,Baseline_2022_Pre_Policy,TRADITIONAL_PCT,0_NO_FLOOR,TRUE_ZERO_ALLOWED,TEACHER_DISCRETION,Unspecified,Unspecified,Unspecified,BOARD_POLICY_MANUAL
True,SYNTHETIC_SIMULATION_FOR_PIPELINE_VALIDATION,048-078,Kansas City 33,LINCOLN COLLEGE PREP.,2021-2022,Pre-Reform,Fall,MATH201,Geometry,Honors / AP / IB,122,33,49,26,9,5,27.0,40.2,21.3,7.4,4.1,4.1,61.0,58.5,95.9,,,Baseline_2022_Pre_Policy,TRADITIONAL_PCT,0_NO_FLOOR,TRUE_ZERO_ALLOWED,TEACHER_DISCRETION,Unspecified,Unspecified,Unspecified,BOARD_POLICY_MANUAL
True,SYNTHETIC_SIMULATION_FOR_PIPELINE_VALIDATION,048-078,Kansas City 33,LINCOLN COLLEGE PREP.,2021-2022,Pre-Reform,Fall,ENG101,English I,General Education,45,5,8,13,9,10,11.1,17.8,28.9,20.0,22.2,22.2,22.5,17.5,77.8,,,Baseline_2022_Pre_Policy,TRADITIONAL_PCT,0_NO_FLOOR,TRUE_ZERO_ALLOWED,TEACHER_DISCRETION,Unspecified,Unspecified,Unspecified,BOARD_POLICY_MANUAL
True,SYNTHETIC_SIMULATION_FOR_PIPELINE_VALIDATION,048-078,Kansas City 33,LINCOLN COLLEGE PREP.,2021-2022,Pre-Reform,Fall,ENG101,English I,Honors / AP / IB,142,38,57,30,11,6,26.8,40.1,21.1,7.7,4.2,4.2,71.0,68.0,95.8,,,Baseline_2022_Pre_Policy,TRADITIONAL_PCT,0_NO_FLOOR,TRUE_ZERO_ALLOWED,TEACHER_DISCRETION,Unspecified,Unspecified,Unspecified,BOARD_POLICY_MANUAL
True,SYNTHETIC_SIMULATION_FOR_PIPELINE_VALIDATION,048-078,Kansas City 33,LINCOLN COLLEGE PREP.,2021-2022,Pre-Reform,Fall,SCI101,Biology,General Education,42,4,8,12,8,10,9.5,19.0,28.6,19.0,23.8,23.8,21.0,16.0,76.2,,,Baseline_2022_Pre_Policy,TRADITIONAL_PCT,0_NO_FLOOR,TRUE_ZERO_ALLOWED,TEACHER_DISCRETION,Unspecified,Unspecified,Unspecified,BOARD_POLICY_MANUAL
True,SYNTHETIC_SIMULATION_FOR_PIPELINE_VALIDATION,048-078,Kansas City 33,LINCOLN COLLEGE PREP.,2021-2022,Pre-Reform,Fall,SCI101,Biology,Honors / AP / IB,134,37,54,28,10,5,27.6,40.3,20.9,7.5,3.7,3.7,67.0,64.5,96.3,,,Baseline_2022_Pre_Policy,TRADITIONAL_PCT,0_NO_FLOOR,TRUE_ZERO_ALLOWED,TEACHER_DISCRETION,Unspecified,Unspecified,Unspecified,BOARD_POLICY_MANUAL
True,SYNTHETIC_SIMULATION_FOR_PIPELINE_VALIDATION,048-078,Kansas City 33,LINCOLN COLLEGE PREP.,2021-2022,Pre-Reform,Spring,MATH101,Algebra I,General Education,44,4,7,12,8,13,9.1,15.9,27.3,18.2,29.5,29.5,22.0,15.5,70.5,13.6,53.9,Baseline_2022_Pre_Policy,TRADITIONAL_PCT,0_NO_FLOOR,TRUE_ZERO_ALLOWED,TEACHER_DISCRETION,Unspecified,Unspecified,Unspecified,BOARD_POLICY_MANUAL
True,SYNTHETIC_SIMULATION_FOR_PIPELINE_VALIDATION,048-078,Kansas City 33,LINCOLN COLLEGE PREP.,2021-2022,Pre-Reform,Spring,MATH101,Algebra I,Honors / AP / IB,128,34,51,27,10,6,26.6,39.8,21.1,7.8,4.7,4.7,64.0,61.0,95.3,73.4,7.9,Baseline_2022_Pre_Policy,TRADITIONAL_PCT,0_NO_FLOOR,TRUE_ZERO_ALLOWED,TEACHER_DISCRETION,Unspecified,Unspecified,Unspecified,BOARD_POLICY_MANUAL
True,SYNTHETIC_SIMULATION_FOR_PIPELINE_VALIDATION,048-078,Kansas City 33,LINCOLN COLLEGE PREP.,2021-2022,Pre-Reform,Spring,MATH201,Geometry,General Education,40,3,7,11,8,11,7.5,17.5,27.5,20.0,27.5,27.5,20.0,14.5,72.5,,,Baseline_2022_Pre_Policy,TRADITIONAL_PCT,0_NO_FLOOR,TRUE_ZERO_ALLOWED,TEACHER_DISCRETION,Unspecified,Unspecified,Unspecified,BOARD_POLICY_MANUAL
True,SYNTHETIC_SIMULATION_FOR_PIPELINE_VALIDATION,048-078,Kansas City 33,LINCOLN COLLEGE PREP.,2021-2022,Pre-Reform,Spring,MATH201,Geometry,Honors / AP / IB,124,33,50,26,9,6,26.6,40.3,21.0,7.3,4.8,4.8,62.0,59.0,95.2,,,Baseline_2022_Pre_Policy,TRADITIONAL_PCT,0_NO_FLOOR,TRUE_ZERO_ALLOWED,TEACHER_DISCRETION,Unspecified,Unspecified,Unspecified,BOARD_POLICY_MANUAL
True,SYNTHETIC_SIMULATION_FOR_PIPELINE_VALIDATION,048-078,Kansas City 33,LINCOLN COLLEGE PREP.,2021-2022,Pre-Reform,Spring,ENG101,English I,General Education,48,4,9,14,10,11,8.3,18.8,29.2,20.8,22.9,22.9,24.0,18.5,77.1,,,Baseline_2022_Pre_Policy,TRADITIONAL_PCT,0_NO_FLOOR,TRUE_ZERO_ALLOWED,TEACHER_DISCRETION,Unspecified,Unspecified,Unspecified,BOARD_POLICY_MANUAL
True,SYNTHETIC_SIMULATION_FOR_PIPELINE_VALIDATION,048-078,Kansas City 33,LINCOLN COLLEGE PREP.,2021-2022,Pre-Reform,Spring,ENG101,English I,Honors / AP / IB,127,33,51,27,10,6,26.0,40.2,21.3,7.9,4.7,4.7,63.5,60.5,95.3,,,Baseline_2022_Pre_Policy,TRADITIONAL_PCT,0_NO_FLOOR,TRUE_ZERO_ALLOWED,TEACHER_DISCRETION,Unspecified,Unspecified,Unspecified,BOARD_POLICY_MANUAL
True,SYNTHETIC_SIMULATION_FOR_PIPELINE_VALIDATION,048-078,Kansas City 33,LINCOLN COLLEGE PREP.,2021-2022,Pre-Reform,Spring,SCI101,Biology,General Education,42,4,7,12,8,11,9.5,16.7,28.6,19.0,26.2,26.2,21.0,15.5,73.8,16.2,53.5,Baseline_2022_Pre_Policy,TRADITIONAL_PCT,0_NO_FLOOR,TRUE_ZERO_ALLOWED,TEACHER_DISCRETION,Unspecified,Unspecified,Unspecified,BOARD_POLICY_MANUAL
True,SYNTHETIC_SIMULATION_FOR_PIPELINE_VALIDATION,048-078,Kansas City 33,LINCOLN COLLEGE PREP.,2021-2022,Pre-Reform,Spring,SCI101,Biology,Honors / AP / IB,146,39,59,31,11,6,26.7,40.4,21.2,7.5,4.1,4.1,73.0,70.0,95.9,70.1,7.8,Baseline_2022_Pre_Policy,TRADITIONAL_PCT,0_NO_FLOOR,TRUE_ZERO_ALLOWED,TEACHER_DISCRETION,Unspecified,Unspecified,Unspecified,BOARD_POLICY_MANUAL
True,SYNTHETIC_SIMULATION_FOR_PIPELINE_VALIDATION,048-078,Kansas City 33,LINCOLN COLLEGE PREP.,2022-2023,Pre-Reform,Fall,MATH101,Algebra I,General Education,40,3,7,11,8,11,7.5,17.5,27.5,20.0,27.5,27.5,20.0,14.5,72.5,,,Baseline_2022_Pre_Policy,TRADITIONAL_PCT,0_NO_FLOOR,TRUE_ZERO_ALLOWED,TEACHER_DISCRETION,Unspecified,Unspecified,Unspecified,BOARD_POLICY_MANUAL
True,SYNTHETIC_SIMULATION_FOR_PIPELINE_VALIDATION,048-078,Kansas City 33,LINCOLN COLLEGE PREP.,2022-2023,Pre-Reform,Fall,MATH101,Algebra I,Honors / AP / IB,145,39,58,31,11,6,26.9,40.0,21.4,7.6,4.1,4.1,72.5,69.5,95.9,,,Baseline_2022_Pre_Policy,TRADITIONAL_PCT,0_NO_FLOOR,TRUE_ZERO_ALLOWED,TEACHER_DISCRETION,Unspecified,Unspecified,Unspecified,BOARD_POLICY_MANUAL
True,SYNTHETIC_SIMULATION_FOR_PIPELINE_VALIDATION,048-078,Kansas City 33,LINCOLN COLLEGE PREP.,2022-2023,Pre-Reform,Fall,MATH201,Geometry,General Education,41,4,7,12,8,10,9.8,17.1,29.3,19.5,24.4,24.4,20.5,15.5,75.6,,,Baseline_2022_Pre_Policy,TRADITIONAL_PCT,0_NO_FLOOR,TRUE_ZERO_ALLOWED,TEACHER_DISCRETION,Unspecified,Unspecified,Unspecified,BOARD_POLICY_MANUAL
True,SYNTHETIC_SIMULATION_FOR_PIPELINE_VALIDATION,048-078,Kansas City 33,LINCOLN COLLEGE PREP.,2022-2023,Pre-Reform,Fall,MATH201,Geometry,Honors / AP / IB,126,34,50,26,10,6,27.0,39.7,20.6,7.9,4.8,4.8,63.0,60.0,95.2,,,Baseline_2022_Pre_Policy,TRADITIONAL_PCT,0_NO_FLOOR,TRUE_ZERO_ALLOWED,TEACHER_DISCRETION,Unspecified,Unspecified,Unspecified,BOARD_POLICY_MANUAL
True,SYNTHETIC_SIMULATION_FOR_PIPELINE_VALIDATION,048-078,Kansas City 33,LINCOLN COLLEGE PREP.,2022-2023,Pre-Reform,Fall,ENG101,English I,General Education,46,4,9,14,9,10,8.7,19.6,30.4,19.6,21.7,21.7,23.0,18.0,78.3,,,Baseline_2022_Pre_Policy,TRADITIONAL_PCT,0_NO_FLOOR,TRUE_ZERO_ALLOWED,TEACHER_DISCRETION,Unspecified,Unspecified,Unspecified,BOARD_POLICY_MANUAL
True,SYNTHETIC_SIMULATION_FOR_PIPELINE_VALIDATION,048-078,Kansas City 33,LINCOLN COLLEGE PREP.,2022-2023,Pre-Reform,Fall,ENG101,English I,Honors / AP / IB,129,34,52,27,10,6,26.4,40.3,20.9,7.8,4.7,4.7,64.5,61.5,95.3,,,Baseline_2022_Pre_Policy,TRADITIONAL_PCT,0_NO_FLOOR,TRUE_ZERO_ALLOWED,TEACHER_DISCRETION,Unspecified,Unspecified,Unspecified,BOARD_POLICY_MANUAL
True,SYNTHETIC_SIMULATION_FOR_PIPELINE_VALIDATION,048-078,Kansas City 33,LINCOLN COLLEGE PREP.,2022-2023,Pre-Reform,Fall,SCI101,Biology,General Education,43,3,8,13,9,10,7.0,18.6,30.2,20.9,23.3,23.3,21.5,16.5,76.7,,,Baseline_2022_Pre_Policy,TRADITIONAL_PCT,0_NO_FLOOR,TRUE_ZERO_ALLOWED,TEACHER_DISCRETION,Unspecified,Unspecified,Unspecified,BOARD_POLICY_MANUAL
True,SYNTHETIC_SIMULATION_FOR_PIPELINE_VALIDATION,048-078,Kansas City 33,LINCOLN COLLEGE PREP.,2022-2023,Pre-Reform,Fall,SCI101,Biology,Honors / AP / IB,125,33,50,26,10,6,26.4,40.0,20.8,8.0,4.8,4.8,62.5,59.5,95.2,,,Baseline_2022_Pre_Policy,TRADITIONAL_PCT,0_NO_FLOOR,TRUE_ZERO_ALLOWED,TEACHER_DISCRETION,Unspecified,Unspecified,Unspecified,BOARD_POLICY_MANUAL
True,SYNTHETIC_SIMULATION_FOR_PIPELINE_VALIDATION,048-078,Kansas City 33,LINCOLN COLLEGE PREP.,2022-2023,Pre-Reform,Spring,MATH101,Algebra I,General Education,47,3,8,13,9,14,6.4,17.0,27.7,19.1,29.8,29.8,23.5,16.5,70.2,14.3,53.0,Baseline_2022_Pre_Policy,TRADITIONAL_PCT,0_NO_FLOOR,TRUE_ZERO_ALLOWED,TEACHER_DISCRETION,Unspecified,Unspecified,Unspecified,BOARD_POLICY_MANUAL
True,SYNTHETIC_SIMULATION_FOR_PIPELINE_VALIDATION,048-078,Kansas City 33,LINCOLN COLLEGE PREP.,2022-2023,Pre-Reform,Spring,MATH101,Algebra I,Honors / AP / IB,130,35,52,27,10,6,26.9,40.0,20.8,7.7,4.6,4.6,65.0,62.0,95.4,73.4,7.6,Baseline_2022_Pre_Policy,TRADITIONAL_PCT,0_NO_FLOOR,TRUE_ZERO_ALLOWED,TEACHER_DISCRETION,Unspecified,Unspecified,Unspecified,BOARD_POLICY_MANUAL
True,SYNTHETIC_SIMULATION_FOR_PIPELINE_VALIDATION,048-078,Kansas City 33,LINCOLN COLLEGE PREP.,2022-2023,Pre-Reform,Spring,MATH201,Geometry,General Education,47,4,8,13,9,13,8.5,17.0,27.7,19.1,27.7,27.7,23.5,17.0,72.3,,,Baseline_2022_Pre_Policy,TRADITIONAL_PCT,0_NO_FLOOR,TRUE_ZERO_ALLOWED,TEACHER_DISCRETION,Unspecified,Unspecified,Unspecified,BOARD_POLICY_MANUAL
True,SYNTHETIC_SIMULATION_FOR_PIPELINE_VALIDATION,048-078,Kansas City 33,LINCOLN COLLEGE PREP.,2022-2023,Pre-Reform,Spring,MATH201,Geometry,Honors / AP / IB,141,37,57,30,11,6,26.2,40.4,21.3,7.8,4.3,4.3,70.5,67.5,95.7,,,Baseline_2022_Pre_Policy,TRADITIONAL_PCT,0_NO_FLOOR,TRUE_ZERO_ALLOWED,TEACHER_DISCRETION,Unspecified,Unspecified,Unspecified,BOARD_POLICY_MANUAL
True,SYNTHETIC_SIMULATION_FOR_PIPELINE_VALIDATION,048-078,Kansas City 33,LINCOLN COLLEGE PREP.,2022-2023,Pre-Reform,Spring,ENG101,English I,General Education,45,4,8,13,9,11,8.9,17.8,28.9,20.0,24.4,24.4,22.5,17.0,75.6,,,Baseline_2022_Pre_Policy,TRADITIONAL_PCT,0_NO_FLOOR,TRUE_ZERO_ALLOWED,TEACHER_DISCRETION,Unspecified,Unspecified,Unspecified,BOARD_POLICY_MANUAL
True,SYNTHETIC_SIMULATION_FOR_PIPELINE_VALIDATION,048-078,Kansas City 33,LINCOLN COLLEGE PREP.,2022-2023,Pre-Reform,Spring,ENG101,English I,Honors / AP / IB,127,33,51,27,10,6,26.0,40.2,21.3,7.9,4.7,4.7,63.5,60.5,95.3,,,Baseline_2022_Pre_Policy,TRADITIONAL_PCT,0_NO_FLOOR,TRUE_ZERO_ALLOWED,TEACHER_DISCRETION,Unspecified,Unspecified,Unspecified,BOARD_POLICY_MANUAL
True,SYNTHETIC_SIMULATION_FOR_PIPELINE_VALIDATION,048-078,Kansas City 33,LINCOLN COLLEGE PREP.,2022-2023,Pre-Reform,Spring,SCI101,Biology,General Education,40,4,7,11,8,10,10.0,17.5,27.5,20.0,25.0,25.0,20.0,15.0,75.0,15.8,51.3,Baseline_2022_Pre_Policy,TRADITIONAL_PCT,0_NO_FLOOR,TRUE_ZERO_ALLOWED,TEACHER_DISCRETION,Unspecified,Unspecified,Unspecified,BOARD_POLICY_MANUAL
True,SYNTHETIC_SIMULATION_FOR_PIPELINE_VALIDATION,048-078,Kansas City 33,LINCOLN COLLEGE PREP.,2022-2023,Pre-Reform,Spring,SCI101,Biology,Honors / AP / IB,144,39,58,30,11,6,27.1,40.3,20.8,7.6,4.2,4.2,72.0,69.0,95.8,74.2,7.7,Baseline_2022_Pre_Policy,TRADITIONAL_PCT,0_NO_FLOOR,TRUE_ZERO_ALLOWED,TEACHER_DISCRETION,Unspecified,Unspecified,Unspecified,BOARD_POLICY_MANUAL
True,SYNTHETIC_SIMULATION_FOR_PIPELINE_VALIDATION,048-078,Kansas City 33,LINCOLN COLLEGE PREP.,2023-2024,Initial 40% Floor,Fall,MATH101,Algebra I,General Education,42,3,7,13,13,6,7.1,16.7,31.0,31.0,14.3,14.3,21.0,18.0,85.7,,,UNVERIFIED,UNVERIFIED,UNVERIFIED,UNVERIFIED,UNVERIFIED,,,,UNVERIFIED
True,SYNTHETIC_SIMULATION_FOR_PIPELINE_VALIDATION,048-078,Kansas City 33,LINCOLN COLLEGE PREP.,2023-2024,Initial 40% Floor,Fall,MATH101,Algebra I,Honors / AP / IB,127,34,51,27,10,5,26.8,40.2,21.3,7.9,3.9,3.9,63.5,61.0,96.1,,,UNVERIFIED,UNVERIFIED,UNVERIFIED,UNVERIFIED,UNVERIFIED,,,,UNVERIFIED
True,SYNTHETIC_SIMULATION_FOR_PIPELINE_VALIDATION,048-078,Kansas City 33,LINCOLN COLLEGE PREP.,2023-2024,Initial 40% Floor,Fall,MATH201,Geometry,General Education,41,3,7,13,13,5,7.3,17.1,31.7,31.7,12.2,12.2,20.5,18.0,87.8,,,UNVERIFIED,UNVERIFIED,UNVERIFIED,UNVERIFIED,UNVERIFIED,,,,UNVERIFIED
True,SYNTHETIC_SIMULATION_FOR_PIPELINE_VALIDATION,048-078,Kansas City 33,LINCOLN COLLEGE PREP.,2023-2024,Initial 40% Floor,Fall,MATH201,Geometry,Honors / AP / IB,128,34,52,27,10,5,26.6,40.6,21.1,7.8,3.9,3.9,64.0,61.5,96.1,,,UNVERIFIED,UNVERIFIED,UNVERIFIED,UNVERIFIED,UNVERIFIED,,,,UNVERIFIED
True,SYNTHETIC_SIMULATION_FOR_PIPELINE_VALIDATION,048-078,Kansas City 33,LINCOLN COLLEGE PREP.,2023-2024,Initial 40% Floor,Fall,ENG101,English I,General Education,45,4,8,14,14,5,8.9,17.8,31.1,31.1,11.1,11.1,22.5,20.0,88.9,,,UNVERIFIED,UNVERIFIED,UNVERIFIED,UNVERIFIED,UNVERIFIED,,,,UNVERIFIED
True,SYNTHETIC_SIMULATION_FOR_PIPELINE_VALIDATION,048-078,Kansas City 33,LINCOLN COLLEGE PREP.,2023-2024,Initial 40% Floor,Fall,ENG101,English I,Honors / AP / IB,127,33,51,27,10,6,26.0,40.2,21.3,7.9,4.7,4.7,63.5,60.5,95.3,,,UNVERIFIED,UNVERIFIED,UNVERIFIED,UNVERIFIED,UNVERIFIED,,,,UNVERIFIED
True,SYNTHETIC_SIMULATION_FOR_PIPELINE_VALIDATION,048-078,Kansas City 33,LINCOLN COLLEGE PREP.,2023-2024,Initial 40% Floor,Fall,SCI101,Biology,General Education,42,4,7,13,13,5,9.5,16.7,31.0,31.0,11.9,11.9,21.0,18.5,88.1,,,UNVERIFIED,UNVERIFIED,UNVERIFIED,UNVERIFIED,UNVERIFIED,,,,UNVERIFIED
True,SYNTHETIC_SIMULATION_FOR_PIPELINE_VALIDATION,048-078,Kansas City 33,LINCOLN COLLEGE PREP.,2023-2024,Initial 40% Floor,Fall,SCI101,Biology,Honors / AP / IB,140,38,56,29,11,6,27.1,40.0,20.7,7.9,4.3,4.3,70.0,67.0,95.7,,,UNVERIFIED,UNVERIFIED,UNVERIFIED,UNVERIFIED,UNVERIFIED,,,,UNVERIFIED
True,SYNTHETIC_SIMULATION_FOR_PIPELINE_VALIDATION,048-078,Kansas City 33,LINCOLN COLLEGE PREP.,2023-2024,Initial 40% Floor,Spring,MATH101,Algebra I,General Education,48,5,8,14,14,7,10.4,16.7,29.2,29.2,14.6,14.6,24.0,20.5,85.4,13.8,51.6,UNVERIFIED,UNVERIFIED,UNVERIFIED,UNVERIFIED,UNVERIFIED,,,,UNVERIFIED
True,SYNTHETIC_SIMULATION_FOR_PIPELINE_VALIDATION,048-078,Kansas City 33,LINCOLN COLLEGE PREP.,2023-2024,Initial 40% Floor,Spring,MATH101,Algebra I,Honors / AP / IB,127,34,51,27,10,5,26.8,40.2,21.3,7.9,3.9,3.9,63.5,61.0,96.1,73.9,8.2,UNVERIFIED,UNVERIFIED,UNVERIFIED,UNVERIFIED,UNVERIFIED,,,,UNVERIFIED
True,SYNTHETIC_SIMULATION_FOR_PIPELINE_VALIDATION,048-078,Kansas City 33,LINCOLN COLLEGE PREP.,2023-2024,Initial 40% Floor,Spring,MATH201,Geometry,General Education,47,5,8,14,14,6,10.6,17.0,29.8,29.8,12.8,12.8,23.5,20.5,87.2,,,UNVERIFIED,UNVERIFIED,UNVERIFIED,UNVERIFIED,UNVERIFIED,,,,UNVERIFIED
True,SYNTHETIC_SIMULATION_FOR_PIPELINE_VALIDATION,048-078,Kansas City 33,LINCOLN COLLEGE PREP.,2023-2024,Initial 40% Floor,Spring,MATH201,Geometry,Honors / AP / IB,122,32,49,26,9,6,26.2,40.2,21.3,7.4,4.9,4.9,61.0,58.0,95.1,,,UNVERIFIED,UNVERIFIED,UNVERIFIED,UNVERIFIED,UNVERIFIED,,,,UNVERIFIED
True,SYNTHETIC_SIMULATION_FOR_PIPELINE_VALIDATION,048-078,Kansas City 33,LINCOLN COLLEGE PREP.,2023-2024,Initial 40% Floor,Spring,ENG101,English I,General Education,45,4,8,14,14,5,8.9,17.8,31.1,31.1,11.1,11.1,22.5,20.0,88.9,,,UNVERIFIED,UNVERIFIED,UNVERIFIED,UNVERIFIED,UNVERIFIED,,,,UNVERIFIED
True,SYNTHETIC_SIMULATION_FOR_PIPELINE_VALIDATION,048-078,Kansas City 33,LINCOLN COLLEGE PREP.,2023-2024,Initial 40% Floor,Spring,ENG101,English I,Honors / AP / IB,128,34,51,27,10,6,26.6,39.8,21.1,7.8,4.7,4.7,64.0,61.0,95.3,,,UNVERIFIED,UNVERIFIED,UNVERIFIED,UNVERIFIED,UNVERIFIED,,,,UNVERIFIED
True,SYNTHETIC_SIMULATION_FOR_PIPELINE_VALIDATION,048-078,Kansas City 33,LINCOLN COLLEGE PREP.,2023-2024,Initial 40% Floor,Spring,SCI101,Biology,General Education,46,4,8,14,14,6,8.7,17.4,30.4,30.4,13.0,13.0,23.0,20.0,87.0,16.8,52.2,UNVERIFIED,UNVERIFIED,UNVERIFIED,UNVERIFIED,UNVERIFIED,,,,UNVERIFIED
True,SYNTHETIC_SIMULATION_FOR_PIPELINE_VALIDATION,048-078,Kansas City 33,LINCOLN COLLEGE PREP.,2023-2024,Initial 40% Floor,Spring,SCI101,Biology,Honors / AP / IB,123,33,49,26,9,6,26.8,39.8,21.1,7.3,4.9,4.9,61.5,58.5,95.1,74.7,8.2,UNVERIFIED,UNVERIFIED,UNVERIFIED,UNVERIFIED,UNVERIFIED,,,,UNVERIFIED
True,SYNTHETIC_SIMULATION_FOR_PIPELINE_VALIDATION,048-078,Kansas City 33,LINCOLN COLLEGE PREP.,2024-2025,Revised Missing-Work & Exemption,Fall,MATH101,Algebra I,General Education,48,4,9,14,12,9,8.3,18.8,29.2,25.0,18.8,18.8,24.0,19.5,81.2,,,Case_A_General_Track_Floor_2024_25,TRADITIONAL_PCT,40_PCT_MINIMUM,TRUE_ZERO_ALLOWED,UNIVERSAL_MANDATORY,10.0,40.0,50.0,PRIMARY_POLICY_DOCUMENT
True,SYNTHETIC_SIMULATION_FOR_PIPELINE_VALIDATION,048-078,Kansas City 33,LINCOLN COLLEGE PREP.,2024-2025,Revised Missing-Work & Exemption,Fall,MATH101,Algebra I,Honors / AP / IB,137,37,55,29,10,6,27.0,40.1,21.2,7.3,4.4,4.4,68.5,65.5,95.6,,,Case_A_Honors_Exemption_Track_2024_25,TRADITIONAL_PCT,0_NO_FLOOR,TRUE_ZERO_ALLOWED,TEACHER_DISCRETION,10.0,40.0,50.0,PRIMARY_POLICY_DOCUMENT
True,SYNTHETIC_SIMULATION_FOR_PIPELINE_VALIDATION,048-078,Kansas City 33,LINCOLN COLLEGE PREP.,2024-2025,Revised Missing-Work & Exemption,Fall,MATH201,Geometry,General Education,43,4,8,13,11,7,9.3,18.6,30.2,25.6,16.3,16.3,21.5,18.0,83.7,,,Case_A_General_Track_Floor_2024_25,TRADITIONAL_PCT,40_PCT_MINIMUM,TRUE_ZERO_ALLOWED,UNIVERSAL_MANDATORY,10.0,40.0,50.0,PRIMARY_POLICY_DOCUMENT
True,SYNTHETIC_SIMULATION_FOR_PIPELINE_VALIDATION,048-078,Kansas City 33,LINCOLN COLLEGE PREP.,2024-2025,Revised Missing-Work & Exemption,Fall,MATH201,Geometry,Honors / AP / IB,132,36,53,28,10,5,27.3,40.2,21.2,7.6,3.8,3.8,66.0,63.5,96.2,,,Case_A_Honors_Exemption_Track_2024_25,TRADITIONAL_PCT,0_NO_FLOOR,TRUE_ZERO_ALLOWED,TEACHER_DISCRETION,10.0,40.0,50.0,PRIMARY_POLICY_DOCUMENT
True,SYNTHETIC_SIMULATION_FOR_PIPELINE_VALIDATION,048-078,Kansas City 33,LINCOLN COLLEGE PREP.,2024-2025,Revised Missing-Work & Exemption,Fall,ENG101,English I,General Education,46,4,9,14,12,7,8.7,19.6,30.4,26.1,15.2,15.2,23.0,19.5,84.8,,,Case_A_General_Track_Floor_2024_25,TRADITIONAL_PCT,40_PCT_MINIMUM,TRUE_ZERO_ALLOWED,UNIVERSAL_MANDATORY,10.0,40.0,50.0,PRIMARY_POLICY_DOCUMENT
True,SYNTHETIC_SIMULATION_FOR_PIPELINE_VALIDATION,048-078,Kansas City 33,LINCOLN COLLEGE PREP.,2024-2025,Revised Missing-Work & Exemption,Fall,ENG101,English I,Honors / AP / IB,124,33,50,26,10,5,26.6,40.3,21.0,8.1,4.0,4.0,62.0,59.5,96.0,,,Case_A_Honors_Exemption_Track_2024_25,TRADITIONAL_PCT,0_NO_FLOOR,TRUE_ZERO_ALLOWED,TEACHER_DISCRETION,10.0,40.0,50.0,PRIMARY_POLICY_DOCUMENT
True,SYNTHETIC_SIMULATION_FOR_PIPELINE_VALIDATION,048-078,Kansas City 33,LINCOLN COLLEGE PREP.,2024-2025,Revised Missing-Work & Exemption,Fall,SCI101,Biology,General Education,47,4,9,14,12,8,8.5,19.1,29.8,25.5,17.0,17.0,23.5,19.5,83.0,,,Case_A_General_Track_Floor_2024_25,TRADITIONAL_PCT,40_PCT_MINIMUM,TRUE_ZERO_ALLOWED,UNIVERSAL_MANDATORY,10.0,40.0,50.0,PRIMARY_POLICY_DOCUMENT
True,SYNTHETIC_SIMULATION_FOR_PIPELINE_VALIDATION,048-078,Kansas City 33,LINCOLN COLLEGE PREP.,2024-2025,Revised Missing-Work & Exemption,Fall,SCI101,Biology,Honors / AP / IB,139,37,56,29,11,6,26.6,40.3,20.9,7.9,4.3,4.3,69.5,66.5,95.7,,,Case_A_Honors_Exemption_Track_2024_25,TRADITIONAL_PCT,0_NO_FLOOR,TRUE_ZERO_ALLOWED,TEACHER_DISCRETION,10.0,40.0,50.0,PRIMARY_POLICY_DOCUMENT
True,SYNTHETIC_SIMULATION_FOR_PIPELINE_VALIDATION,048-078,Kansas City 33,LINCOLN COLLEGE PREP.,2024-2025,Revised Missing-Work & Exemption,Spring,MATH101,Algebra I,General Education,44,4,8,13,11,8,9.1,18.2,29.5,25.0,18.2,18.2,22.0,18.0,81.8,13.9,51.4,Case_A_General_Track_Floor_2024_25,TRADITIONAL_PCT,40_PCT_MINIMUM,TRUE_ZERO_ALLOWED,UNIVERSAL_MANDATORY,10.0,40.0,50.0,PRIMARY_POLICY_DOCUMENT
True,SYNTHETIC_SIMULATION_FOR_PIPELINE_VALIDATION,048-078,Kansas City 33,LINCOLN COLLEGE PREP.,2024-2025,Revised Missing-Work & Exemption,Spring,MATH101,Algebra I,Honors / AP / IB,146,39,58,31,11,7,26.7,39.7,21.2,7.5,4.8,4.8,73.0,69.5,95.2,72.6,8.0,Case_A_Honors_Exemption_Track_2024_25,TRADITIONAL_PCT,0_NO_FLOOR,TRUE_ZERO_ALLOWED,TEACHER_DISCRETION,10.0,40.0,50.0,PRIMARY_POLICY_DOCUMENT
True,SYNTHETIC_SIMULATION_FOR_PIPELINE_VALIDATION,048-078,Kansas City 33,LINCOLN COLLEGE PREP.,2024-2025,Revised Missing-Work & Exemption,Spring,MATH201,Geometry,General Education,43,4,8,13,10,8,9.3,18.6,30.2,23.3,18.6,18.6,21.5,17.5,81.4,,,Case_A_General_Track_Floor_2024_25,TRADITIONAL_PCT,40_PCT_MINIMUM,TRUE_ZERO_ALLOWED,UNIVERSAL_MANDATORY,10.0,40.0,50.0,PRIMARY_POLICY_DOCUMENT
True,SYNTHETIC_SIMULATION_FOR_PIPELINE_VALIDATION,048-078,Kansas City 33,LINCOLN COLLEGE PREP.,2024-2025,Revised Missing-Work & Exemption,Spring,MATH201,Geometry,Honors / AP / IB,128,34,51,27,10,6,26.6,39.8,21.1,7.8,4.7,4.7,64.0,61.0,95.3,,,Case_A_Honors_Exemption_Track_2024_25,TRADITIONAL_PCT,0_NO_FLOOR,TRUE_ZERO_ALLOWED,TEACHER_DISCRETION,10.0,40.0,50.0,PRIMARY_POLICY_DOCUMENT
True,SYNTHETIC_SIMULATION_FOR_PIPELINE_VALIDATION,048-078,Kansas City 33,LINCOLN COLLEGE PREP.,2024-2025,Revised Missing-Work & Exemption,Spring,ENG101,English I,General Education,47,5,9,14,12,7,10.6,19.1,29.8,25.5,14.9,14.9,23.5,20.0,85.1,,,Case_A_General_Track_Floor_2024_25,TRADITIONAL_PCT,40_PCT_MINIMUM,TRUE_ZERO_ALLOWED,UNIVERSAL_MANDATORY,10.0,40.0,50.0,PRIMARY_POLICY_DOCUMENT
True,SYNTHETIC_SIMULATION_FOR_PIPELINE_VALIDATION,048-078,Kansas City 33,LINCOLN COLLEGE PREP.,2024-2025,Revised Missing-Work & Exemption,Spring,ENG101,English I,Honors / AP / IB,137,37,55,29,10,6,27.0,40.1,21.2,7.3,4.4,4.4,68.5,65.5,95.6,,,Case_A_Honors_Exemption_Track_2024_25,TRADITIONAL_PCT,0_NO_FLOOR,TRUE_ZERO_ALLOWED,TEACHER_DISCRETION,10.0,40.0,50.0,PRIMARY_POLICY_DOCUMENT
True,SYNTHETIC_SIMULATION_FOR_PIPELINE_VALIDATION,048-078,Kansas City 33,LINCOLN COLLEGE PREP.,2024-2025,Revised Missing-Work & Exemption,Spring,SCI101,Biology,General Education,41,5,7,12,10,7,12.2,17.1,29.3,24.4,17.1,17.1,20.5,17.0,82.9,16.3,51.3,Case_A_General_Track_Floor_2024_25,TRADITIONAL_PCT,40_PCT_MINIMUM,TRUE_ZERO_ALLOWED,UNIVERSAL_MANDATORY,10.0,40.0,50.0,PRIMARY_POLICY_DOCUMENT
True,SYNTHETIC_SIMULATION_FOR_PIPELINE_VALIDATION,048-078,Kansas City 33,LINCOLN COLLEGE PREP.,2024-2025,Revised Missing-Work & Exemption,Spring,SCI101,Biology,Honors / AP / IB,141,38,56,29,11,7,27.0,39.7,20.6,7.8,5.0,5.0,70.5,67.0,95.0,71.7,7.9,Case_A_Honors_Exemption_Track_2024_25,TRADITIONAL_PCT,0_NO_FLOOR,TRUE_ZERO_ALLOWED,TEACHER_DISCRETION,10.0,40.0,50.0,PRIMARY_POLICY_DOCUMENT
True,SYNTHETIC_SIMULATION_FOR_PIPELINE_VALIDATION,048-078,Kansas City 33,NORTHEAST HIGH,2021-2022,Pre-Reform,Fall,MATH101,Algebra I,General Education,134,12,23,36,25,38,9.0,17.2,26.9,18.7,28.4,28.4,67.0,48.0,71.6,,,Baseline_2022_Pre_Policy,TRADITIONAL_PCT,0_NO_FLOOR,TRUE_ZERO_ALLOWED,TEACHER_DISCRETION,Unspecified,Unspecified,Unspecified,BOARD_POLICY_MANUAL
True,SYNTHETIC_SIMULATION_FOR_PIPELINE_VALIDATION,048-078,Kansas City 33,NORTHEAST HIGH,2021-2022,Pre-Reform,Fall,MATH101,Algebra I,Honors / AP / IB,8,2,3,2,1,0,25.0,37.5,25.0,12.5,0.0,0.0,4.0,4.0,100.0,,,Baseline_2022_Pre_Policy,TRADITIONAL_PCT,0_NO_FLOOR,TRUE_ZERO_ALLOWED,TEACHER_DISCRETION,Unspecified,Unspecified,Unspecified,BOARD_POLICY_MANUAL
True,SYNTHETIC_SIMULATION_FOR_PIPELINE_VALIDATION,048-078,Kansas City 33,NORTHEAST HIGH,2021-2022,Pre-Reform,Fall,MATH201,Geometry,General Education,120,11,22,34,23,30,9.2,18.3,28.3,19.2,25.0,25.0,60.0,45.0,75.0,,,Baseline_2022_Pre_Policy,TRADITIONAL_PCT,0_NO_FLOOR,TRUE_ZERO_ALLOWED,TEACHER_DISCRETION,Unspecified,Unspecified,Unspecified,BOARD_POLICY_MANUAL
True,SYNTHETIC_SIMULATION_FOR_PIPELINE_VALIDATION,048-078,Kansas City 33,NORTHEAST HIGH,2021-2022,Pre-Reform,Fall,MATH201,Geometry,Honors / AP / IB,8,2,3,2,1,0,25.0,37.5,25.0,12.5,0.0,0.0,4.0,4.0,100.0,,,Baseline_2022_Pre_Policy,TRADITIONAL_PCT,0_NO_FLOOR,TRUE_ZERO_ALLOWED,TEACHER_DISCRETION,Unspecified,Unspecified,Unspecified,BOARD_POLICY_MANUAL
True,SYNTHETIC_SIMULATION_FOR_PIPELINE_VALIDATION,048-078,Kansas City 33,NORTHEAST HIGH,2021-2022,Pre-Reform,Fall,ENG101,English I,General Education,136,13,25,40,27,31,9.6,18.4,29.4,19.9,22.8,22.8,68.0,52.5,77.2,,,Baseline_2022_Pre_Policy,TRADITIONAL_PCT,0_NO_FLOOR,TRUE_ZERO_ALLOWED,TEACHER_DISCRETION,Unspecified,Unspecified,Unspecified,BOARD_POLICY_MANUAL
True,SYNTHETIC_SIMULATION_FOR_PIPELINE_VALIDATION,048-078,Kansas City 33,NORTHEAST HIGH,2021-2022,Pre-Reform,Fall,ENG101,English I,Honors / AP / IB,8,2,3,2,1,0,25.0,37.5,25.0,12.5,0.0,0.0,4.0,4.0,100.0,,,Baseline_2022_Pre_Policy,TRADITIONAL_PCT,0_NO_FLOOR,TRUE_ZERO_ALLOWED,TEACHER_DISCRETION,Unspecified,Unspecified,Unspecified,BOARD_POLICY_MANUAL
True,SYNTHETIC_SIMULATION_FOR_PIPELINE_VALIDATION,048-078,Kansas City 33,NORTHEAST HIGH,2021-2022,Pre-Reform,Fall,SCI101,Biology,General Education,130,11,24,38,26,31,8.5,18.5,29.2,20.0,23.8,23.8,65.0,49.5,76.2,,,Baseline_2022_Pre_Policy,TRADITIONAL_PCT,0_NO_FLOOR,TRUE_ZERO_ALLOWED,TEACHER_DISCRETION,Unspecified,Unspecified,Unspecified,BOARD_POLICY_MANUAL
True,SYNTHETIC_SIMULATION_FOR_PIPELINE_VALIDATION,048-078,Kansas City 33,NORTHEAST HIGH,2021-2022,Pre-Reform,Fall,SCI101,Biology,Honors / AP / IB,8,2,3,2,1,0,25.0,37.5,25.0,12.5,0.0,0.0,4.0,4.0,100.0,,,Baseline_2022_Pre_Policy,TRADITIONAL_PCT,0_NO_FLOOR,TRUE_ZERO_ALLOWED,TEACHER_DISCRETION,Unspecified,Unspecified,Unspecified,BOARD_POLICY_MANUAL
True,SYNTHETIC_SIMULATION_FOR_PIPELINE_VALIDATION,048-078,Kansas City 33,NORTHEAST HIGH,2021-2022,Pre-Reform,Spring,MATH101,Algebra I,General Education,128,10,22,35,24,37,7.8,17.2,27.3,18.8,28.9,28.9,64.0,45.5,71.1,14.3,53.2,Baseline_2022_Pre_Policy,TRADITIONAL_PCT,0_NO_FLOOR,TRUE_ZERO_ALLOWED,TEACHER_DISCRETION,Unspecified,Unspecified,Unspecified,BOARD_POLICY_MANUAL
True,SYNTHETIC_SIMULATION_FOR_PIPELINE_VALIDATION,048-078,Kansas City 33,NORTHEAST HIGH,2021-2022,Pre-Reform,Spring,MATH101,Algebra I,Honors / AP / IB,8,2,3,2,1,0,25.0,37.5,25.0,12.5,0.0,0.0,4.0,4.0,100.0,71.8,8.1,Baseline_2022_Pre_Policy,TRADITIONAL_PCT,0_NO_FLOOR,TRUE_ZERO_ALLOWED,TEACHER_DISCRETION,Unspecified,Unspecified,Unspecified,BOARD_POLICY_MANUAL
True,SYNTHETIC_SIMULATION_FOR_PIPELINE_VALIDATION,048-078,Kansas City 33,NORTHEAST HIGH,2021-2022,Pre-Reform,Spring,MATH201,Geometry,General Education,139,12,25,39,27,36,8.6,18.0,28.1,19.4,25.9,25.9,69.5,51.5,74.1,,,Baseline_2022_Pre_Policy,TRADITIONAL_PCT,0_NO_FLOOR,TRUE_ZERO_ALLOWED,TEACHER_DISCRETION,Unspecified,Unspecified,Unspecified,BOARD_POLICY_MANUAL
True,SYNTHETIC_SIMULATION_FOR_PIPELINE_VALIDATION,048-078,Kansas City 33,NORTHEAST HIGH,2021-2022,Pre-Reform,Spring,MATH201,Geometry,Honors / AP / IB,8,2,3,2,1,0,25.0,37.5,25.0,12.5,0.0,0.0,4.0,4.0,100.0,,,Baseline_2022_Pre_Policy,TRADITIONAL_PCT,0_NO_FLOOR,TRUE_ZERO_ALLOWED,TEACHER_DISCRETION,Unspecified,Unspecified,Unspecified,BOARD_POLICY_MANUAL
True,SYNTHETIC_SIMULATION_FOR_PIPELINE_VALIDATION,048-078,Kansas City 33,NORTHEAST HIGH,2021-2022,Pre-Reform,Spring,ENG101,English I,General Education,119,10,22,35,24,28,8.4,18.5,29.4,20.2,23.5,23.5,59.5,45.5,76.5,,,Baseline_2022_Pre_Policy,TRADITIONAL_PCT,0_NO_FLOOR,TRUE_ZERO_ALLOWED,TEACHER_DISCRETION,Unspecified,Unspecified,Unspecified,BOARD_POLICY_MANUAL
True,SYNTHETIC_SIMULATION_FOR_PIPELINE_VALIDATION,048-078,Kansas City 33,NORTHEAST HIGH,2021-2022,Pre-Reform,Spring,ENG101,English I,Honors / AP / IB,8,2,3,2,1,0,25.0,37.5,25.0,12.5,0.0,0.0,4.0,4.0,100.0,,,Baseline_2022_Pre_Policy,TRADITIONAL_PCT,0_NO_FLOOR,TRUE_ZERO_ALLOWED,TEACHER_DISCRETION,Unspecified,Unspecified,Unspecified,BOARD_POLICY_MANUAL
True,SYNTHETIC_SIMULATION_FOR_PIPELINE_VALIDATION,048-078,Kansas City 33,NORTHEAST HIGH,2021-2022,Pre-Reform,Spring,SCI101,Biology,General Education,140,12,25,40,27,36,8.6,17.9,28.6,19.3,25.7,25.7,70.0,52.0,74.3,16.0,50.3,Baseline_2022_Pre_Policy,TRADITIONAL_PCT,0_NO_FLOOR,TRUE_ZERO_ALLOWED,TEACHER_DISCRETION,Unspecified,Unspecified,Unspecified,BOARD_POLICY_MANUAL
True,SYNTHETIC_SIMULATION_FOR_PIPELINE_VALIDATION,048-078,Kansas City 33,NORTHEAST HIGH,2021-2022,Pre-Reform,Spring,SCI101,Biology,Honors / AP / IB,8,2,3,2,1,0,25.0,37.5,25.0,12.5,0.0,0.0,4.0,4.0,100.0,71.0,7.7,Baseline_2022_Pre_Policy,TRADITIONAL_PCT,0_NO_FLOOR,TRUE_ZERO_ALLOWED,TEACHER_DISCRETION,Unspecified,Unspecified,Unspecified,BOARD_POLICY_MANUAL
True,SYNTHETIC_SIMULATION_FOR_PIPELINE_VALIDATION,048-078,Kansas City 33,NORTHEAST HIGH,2022-2023,Pre-Reform,Fall,MATH101,Algebra I,General Education,141,12,24,39,27,39,8.5,17.0,27.7,19.1,27.7,27.7,70.5,51.0,72.3,,,Baseline_2022_Pre_Policy,TRADITIONAL_PCT,0_NO_FLOOR,TRUE_ZERO_ALLOWED,TEACHER_DISCRETION,Unspecified,Unspecified,Unspecified,BOARD_POLICY_MANUAL
True,SYNTHETIC_SIMULATION_FOR_PIPELINE_VALIDATION,048-078,Kansas City 33,NORTHEAST HIGH,2022-2023,Pre-Reform,Fall,MATH101,Algebra I,Honors / AP / IB,8,2,3,2,1,0,25.0,37.5,25.0,12.5,0.0,0.0,4.0,4.0,100.0,,,Baseline_2022_Pre_Policy,TRADITIONAL_PCT,0_NO_FLOOR,TRUE_ZERO_ALLOWED,TEACHER_DISCRETION,Unspecified,Unspecified,Unspecified,BOARD_POLICY_MANUAL
True,SYNTHETIC_SIMULATION_FOR_PIPELINE_VALIDATION,048-078,Kansas City 33,NORTHEAST HIGH,2022-2023,Pre-Reform,Fall,MATH201,Geometry,General Education,139,12,25,40,27,35,8.6,18.0,28.8,19.4,25.2,25.2,69.5,52.0,74.8,,,Baseline_2022_Pre_Policy,TRADITIONAL_PCT,0_NO_FLOOR,TRUE_ZERO_ALLOWED,TEACHER_DISCRETION,Unspecified,Unspecified,Unspecified,BOARD_POLICY_MANUAL
True,SYNTHETIC_SIMULATION_FOR_PIPELINE_VALIDATION,048-078,Kansas City 33,NORTHEAST HIGH,2022-2023,Pre-Reform,Fall,MATH201,Geometry,Honors / AP / IB,8,2,3,2,1,0,25.0,37.5,25.0,12.5,0.0,0.0,4.0,4.0,100.0,,,Baseline_2022_Pre_Policy,TRADITIONAL_PCT,0_NO_FLOOR,TRUE_ZERO_ALLOWED,TEACHER_DISCRETION,Unspecified,Unspecified,Unspecified,BOARD_POLICY_MANUAL
True,SYNTHETIC_SIMULATION_FOR_PIPELINE_VALIDATION,048-078,Kansas City 33,NORTHEAST HIGH,2022-2023,Pre-Reform,Fall,ENG101,English I,General Education,134,13,25,40,27,29,9.7,18.7,29.9,20.1,21.6,21.6,67.0,52.5,78.4,,,Baseline_2022_Pre_Policy,TRADITIONAL_PCT,0_NO_FLOOR,TRUE_ZERO_ALLOWED,TEACHER_DISCRETION,Unspecified,Unspecified,Unspecified,BOARD_POLICY_MANUAL
True,SYNTHETIC_SIMULATION_FOR_PIPELINE_VALIDATION,048-078,Kansas City 33,NORTHEAST HIGH,2022-2023,Pre-Reform,Fall,ENG101,English I,Honors / AP / IB,8,2,3,2,1,0,25.0,37.5,25.0,12.5,0.0,0.0,4.0,4.0,100.0,,,Baseline_2022_Pre_Policy,TRADITIONAL_PCT,0_NO_FLOOR,TRUE_ZERO_ALLOWED,TEACHER_DISCRETION,Unspecified,Unspecified,Unspecified,BOARD_POLICY_MANUAL
True,SYNTHETIC_SIMULATION_FOR_PIPELINE_VALIDATION,048-078,Kansas City 33,NORTHEAST HIGH,2022-2023,Pre-Reform,Fall,SCI101,Biology,General Education,138,13,25,40,28,32,9.4,18.1,29.0,20.3,23.2,23.2,69.0,53.0,76.8,,,Baseline_2022_Pre_Policy,TRADITIONAL_PCT,0_NO_FLOOR,TRUE_ZERO_ALLOWED,TEACHER_DISCRETION,Unspecified,Unspecified,Unspecified,BOARD_POLICY_MANUAL
True,SYNTHETIC_SIMULATION_FOR_PIPELINE_VALIDATION,048-078,Kansas City 33,NORTHEAST HIGH,2022-2023,Pre-Reform,Fall,SCI101,Biology,Honors / AP / IB,8,2,3,2,1,0,25.0,37.5,25.0,12.5,0.0,0.0,4.0,4.0,100.0,,,Baseline_2022_Pre_Policy,TRADITIONAL_PCT,0_NO_FLOOR,TRUE_ZERO_ALLOWED,TEACHER_DISCRETION,Unspecified,Unspecified,Unspecified,BOARD_POLICY_MANUAL
True,SYNTHETIC_SIMULATION_FOR_PIPELINE_VALIDATION,048-078,Kansas City 33,NORTHEAST HIGH,2022-2023,Pre-Reform,Spring,MATH101,Algebra I,General Education,143,13,24,38,26,42,9.1,16.8,26.6,18.2,29.4,29.4,71.5,50.5,70.6,14.5,50.1,Baseline_2022_Pre_Policy,TRADITIONAL_PCT,0_NO_FLOOR,TRUE_ZERO_ALLOWED,TEACHER_DISCRETION,Unspecified,Unspecified,Unspecified,BOARD_POLICY_MANUAL
True,SYNTHETIC_SIMULATION_FOR_PIPELINE_VALIDATION,048-078,Kansas City 33,NORTHEAST HIGH,2022-2023,Pre-Reform,Spring,MATH101,Algebra I,Honors / AP / IB,8,2,3,2,1,0,25.0,37.5,25.0,12.5,0.0,0.0,4.0,4.0,100.0,74.2,8.4,Baseline_2022_Pre_Policy,TRADITIONAL_PCT,0_NO_FLOOR,TRUE_ZERO_ALLOWED,TEACHER_DISCRETION,Unspecified,Unspecified,Unspecified,BOARD_POLICY_MANUAL
True,SYNTHETIC_SIMULATION_FOR_PIPELINE_VALIDATION,048-078,Kansas City 33,NORTHEAST HIGH,2022-2023,Pre-Reform,Spring,MATH201,Geometry,General Education,136,12,24,38,26,36,8.8,17.6,27.9,19.1,26.5,26.5,68.0,50.0,73.5,,,Baseline_2022_Pre_Policy,TRADITIONAL_PCT,0_NO_FLOOR,TRUE_ZERO_ALLOWED,TEACHER_DISCRETION,Unspecified,Unspecified,Unspecified,BOARD_POLICY_MANUAL
True,SYNTHETIC_SIMULATION_FOR_PIPELINE_VALIDATION,048-078,Kansas City 33,NORTHEAST HIGH,2022-2023,Pre-Reform,Spring,MATH201,Geometry,Honors / AP / IB,8,2,3,2,1,0,25.0,37.5,25.0,12.5,0.0,0.0,4.0,4.0,100.0,,,Baseline_2022_Pre_Policy,TRADITIONAL_PCT,0_NO_FLOOR,TRUE_ZERO_ALLOWED,TEACHER_DISCRETION,Unspecified,Unspecified,Unspecified,BOARD_POLICY_MANUAL
True,SYNTHETIC_SIMULATION_FOR_PIPELINE_VALIDATION,048-078,Kansas City 33,NORTHEAST HIGH,2022-2023,Pre-Reform,Spring,ENG101,English I,General Education,134,12,25,40,27,30,9.0,18.7,29.9,20.1,22.4,22.4,67.0,52.0,77.6,,,Baseline_2022_Pre_Policy,TRADITIONAL_PCT,0_NO_FLOOR,TRUE_ZERO_ALLOWED,TEACHER_DISCRETION,Unspecified,Unspecified,Unspecified,BOARD_POLICY_MANUAL
True,SYNTHETIC_SIMULATION_FOR_PIPELINE_VALIDATION,048-078,Kansas City 33,NORTHEAST HIGH,2022-2023,Pre-Reform,Spring,ENG101,English I,Honors / AP / IB,8,2,3,2,1,0,25.0,37.5,25.0,12.5,0.0,0.0,4.0,4.0,100.0,,,Baseline_2022_Pre_Policy,TRADITIONAL_PCT,0_NO_FLOOR,TRUE_ZERO_ALLOWED,TEACHER_DISCRETION,Unspecified,Unspecified,Unspecified,BOARD_POLICY_MANUAL
True,SYNTHETIC_SIMULATION_FOR_PIPELINE_VALIDATION,048-078,Kansas City 33,NORTHEAST HIGH,2022-2023,Pre-Reform,Spring,SCI101,Biology,General Education,130,12,24,37,25,32,9.2,18.5,28.5,19.2,24.6,24.6,65.0,49.0,75.4,16.0,52.1,Baseline_2022_Pre_Policy,TRADITIONAL_PCT,0_NO_FLOOR,TRUE_ZERO_ALLOWED,TEACHER_DISCRETION,Unspecified,Unspecified,Unspecified,BOARD_POLICY_MANUAL
True,SYNTHETIC_SIMULATION_FOR_PIPELINE_VALIDATION,048-078,Kansas City 33,NORTHEAST HIGH,2022-2023,Pre-Reform,Spring,SCI101,Biology,Honors / AP / IB,9,2,4,2,1,0,22.2,44.4,22.2,11.1,0.0,0.0,4.5,4.5,100.0,74.4,8.1,Baseline_2022_Pre_Policy,TRADITIONAL_PCT,0_NO_FLOOR,TRUE_ZERO_ALLOWED,TEACHER_DISCRETION,Unspecified,Unspecified,Unspecified,BOARD_POLICY_MANUAL
True,SYNTHETIC_SIMULATION_FOR_PIPELINE_VALIDATION,048-078,Kansas City 33,NORTHEAST HIGH,2023-2024,Initial 40% Floor,Fall,MATH101,Algebra I,General Education,125,10,22,38,38,17,8.0,17.6,30.4,30.4,13.6,13.6,62.5,54.0,86.4,,,Case_A_Active_Policy_Floor_2023_24,TRADITIONAL_PCT,40_PCT_MINIMUM,FLOOR_40_UNSUBMITTED,UNIVERSAL_MANDATORY,Unspecified,Unspecified,Unspecified,SECONDARY_JOURNALISTIC_RECORD
True,SYNTHETIC_SIMULATION_FOR_PIPELINE_VALIDATION,048-078,Kansas City 33,NORTHEAST HIGH,2023-2024,Initial 40% Floor,Fall,MATH101,Algebra I,Honors / AP / IB,9,2,4,2,1,0,22.2,44.4,22.2,11.1,0.0,0.0,4.5,4.5,100.0,,,UNVERIFIED,UNVERIFIED,UNVERIFIED,UNVERIFIED,UNVERIFIED,,,,UNVERIFIED
True,SYNTHETIC_SIMULATION_FOR_PIPELINE_VALIDATION,048-078,Kansas City 33,NORTHEAST HIGH,2023-2024,Initial 40% Floor,Fall,MATH201,Geometry,General Education,132,11,23,41,41,16,8.3,17.4,31.1,31.1,12.1,12.1,66.0,58.0,87.9,,,Case_A_Active_Policy_Floor_2023_24,TRADITIONAL_PCT,40_PCT_MINIMUM,FLOOR_40_UNSUBMITTED,UNIVERSAL_MANDATORY,Unspecified,Unspecified,Unspecified,SECONDARY_JOURNALISTIC_RECORD
True,SYNTHETIC_SIMULATION_FOR_PIPELINE_VALIDATION,048-078,Kansas City 33,NORTHEAST HIGH,2023-2024,Initial 40% Floor,Fall,MATH201,Geometry,Honors / AP / IB,8,2,3,2,1,0,25.0,37.5,25.0,12.5,0.0,0.0,4.0,4.0,100.0,,,UNVERIFIED,UNVERIFIED,UNVERIFIED,UNVERIFIED,UNVERIFIED,,,,UNVERIFIED
True,SYNTHETIC_SIMULATION_FOR_PIPELINE_VALIDATION,048-078,Kansas City 33,NORTHEAST HIGH,2023-2024,Initial 40% Floor,Fall,ENG101,English I,General Education,137,12,25,43,43,14,8.8,18.2,31.4,31.4,10.2,10.2,68.5,61.5,89.8,,,Case_A_Active_Policy_Floor_2023_24,TRADITIONAL_PCT,40_PCT_MINIMUM,FLOOR_40_UNSUBMITTED,UNIVERSAL_MANDATORY,Unspecified,Unspecified,Unspecified,SECONDARY_JOURNALISTIC_RECORD
True,SYNTHETIC_SIMULATION_FOR_PIPELINE_VALIDATION,048-078,Kansas City 33,NORTHEAST HIGH,2023-2024,Initial 40% Floor,Fall,ENG101,English I,Honors / AP / IB,8,2,3,2,1,0,25.0,37.5,25.0,12.5,0.0,0.0,4.0,4.0,100.0,,,UNVERIFIED,UNVERIFIED,UNVERIFIED,UNVERIFIED,UNVERIFIED,,,,UNVERIFIED
True,SYNTHETIC_SIMULATION_FOR_PIPELINE_VALIDATION,048-078,Kansas City 33,NORTHEAST HIGH,2023-2024,Initial 40% Floor,Fall,SCI101,Biology,General Education,124,12,22,38,38,14,9.7,17.7,30.6,30.6,11.3,11.3,62.0,55.0,88.7,,,Case_A_Active_Policy_Floor_2023_24,TRADITIONAL_PCT,40_PCT_MINIMUM,FLOOR_40_UNSUBMITTED,UNIVERSAL_MANDATORY,Unspecified,Unspecified,Unspecified,SECONDARY_JOURNALISTIC_RECORD
True,SYNTHETIC_SIMULATION_FOR_PIPELINE_VALIDATION,048-078,Kansas City 33,NORTHEAST HIGH,2023-2024,Initial 40% Floor,Fall,SCI101,Biology,Honors / AP / IB,8,2,3,2,1,0,25.0,37.5,25.0,12.5,0.0,0.0,4.0,4.0,100.0,,,UNVERIFIED,UNVERIFIED,UNVERIFIED,UNVERIFIED,UNVERIFIED,,,,UNVERIFIED
True,SYNTHETIC_SIMULATION_FOR_PIPELINE_VALIDATION,048-078,Kansas City 33,NORTHEAST HIGH,2023-2024,Initial 40% Floor,Spring,MATH101,Algebra I,General Education,143,12,25,43,43,20,8.4,17.5,30.1,30.1,14.0,14.0,71.5,61.5,86.0,14.3,50.0,Case_A_Active_Policy_Floor_2023_24,TRADITIONAL_PCT,40_PCT_MINIMUM,FLOOR_40_UNSUBMITTED,UNIVERSAL_MANDATORY,Unspecified,Unspecified,Unspecified,SECONDARY_JOURNALISTIC_RECORD
True,SYNTHETIC_SIMULATION_FOR_PIPELINE_VALIDATION,048-078,Kansas City 33,NORTHEAST HIGH,2023-2024,Initial 40% Floor,Spring,MATH101,Algebra I,Honors / AP / IB,8,2,3,2,1,0,25.0,37.5,25.0,12.5,0.0,0.0,4.0,4.0,100.0,74.2,8.3,UNVERIFIED,UNVERIFIED,UNVERIFIED,UNVERIFIED,UNVERIFIED,,,,UNVERIFIED
True,SYNTHETIC_SIMULATION_FOR_PIPELINE_VALIDATION,048-078,Kansas City 33,NORTHEAST HIGH,2023-2024,Initial 40% Floor,Spring,MATH201,Geometry,General Education,121,11,21,37,37,15,9.1,17.4,30.6,30.6,12.4,12.4,60.5,53.0,87.6,,,Case_A_Active_Policy_Floor_2023_24,TRADITIONAL_PCT,40_PCT_MINIMUM,FLOOR_40_UNSUBMITTED,UNIVERSAL_MANDATORY,Unspecified,Unspecified,Unspecified,SECONDARY_JOURNALISTIC_RECORD
True,SYNTHETIC_SIMULATION_FOR_PIPELINE_VALIDATION,048-078,Kansas City 33,NORTHEAST HIGH,2023-2024,Initial 40% Floor,Spring,MATH201,Geometry,Honors / AP / IB,8,2,3,2,1,0,25.0,37.5,25.0,12.5,0.0,0.0,4.0,4.0,100.0,,,UNVERIFIED,UNVERIFIED,UNVERIFIED,UNVERIFIED,UNVERIFIED,,,,UNVERIFIED
True,SYNTHETIC_SIMULATION_FOR_PIPELINE_VALIDATION,048-078,Kansas City 33,NORTHEAST HIGH,2023-2024,Initial 40% Floor,Spring,ENG101,English I,General Education,123,11,22,38,38,14,8.9,17.9,30.9,30.9,11.4,11.4,61.5,54.5,88.6,,,Case_A_Active_Policy_Floor_2023_24,TRADITIONAL_PCT,40_PCT_MINIMUM,FLOOR_40_UNSUBMITTED,UNIVERSAL_MANDATORY,Unspecified,Unspecified,Unspecified,SECONDARY_JOURNALISTIC_RECORD
True,SYNTHETIC_SIMULATION_FOR_PIPELINE_VALIDATION,048-078,Kansas City 33,NORTHEAST HIGH,2023-2024,Initial 40% Floor,Spring,ENG101,English I,Honors / AP / IB,8,2,3,2,1,0,25.0,37.5,25.0,12.5,0.0,0.0,4.0,4.0,100.0,,,UNVERIFIED,UNVERIFIED,UNVERIFIED,UNVERIFIED,UNVERIFIED,,,,UNVERIFIED
True,SYNTHETIC_SIMULATION_FOR_PIPELINE_VALIDATION,048-078,Kansas City 33,NORTHEAST HIGH,2023-2024,Initial 40% Floor,Spring,SCI101,Biology,General Education,120,11,21,37,37,14,9.2,17.5,30.8,30.8,11.7,11.7,60.0,53.0,88.3,16.3,50.0,Case_A_Active_Policy_Floor_2023_24,TRADITIONAL_PCT,40_PCT_MINIMUM,FLOOR_40_UNSUBMITTED,UNIVERSAL_MANDATORY,Unspecified,Unspecified,Unspecified,SECONDARY_JOURNALISTIC_RECORD
True,SYNTHETIC_SIMULATION_FOR_PIPELINE_VALIDATION,048-078,Kansas City 33,NORTHEAST HIGH,2023-2024,Initial 40% Floor,Spring,SCI101,Biology,Honors / AP / IB,8,2,3,2,1,0,25.0,37.5,25.0,12.5,0.0,0.0,4.0,4.0,100.0,72.0,8.3,UNVERIFIED,UNVERIFIED,UNVERIFIED,UNVERIFIED,UNVERIFIED,,,,UNVERIFIED
True,SYNTHETIC_SIMULATION_FOR_PIPELINE_VALIDATION,048-078,Kansas City 33,NORTHEAST HIGH,2024-2025,Revised Missing-Work & Exemption,Fall,MATH101,Algebra I,General Education,119,12,21,35,29,22,10.1,17.6,29.4,24.4,18.5,18.5,59.5,48.5,81.5,,,Case_A_General_Track_Floor_2024_25,TRADITIONAL_PCT,40_PCT_MINIMUM,TRUE_ZERO_ALLOWED,UNIVERSAL_MANDATORY,10.0,40.0,50.0,PRIMARY_POLICY_DOCUMENT
True,SYNTHETIC_SIMULATION_FOR_PIPELINE_VALIDATION,048-078,Kansas City 33,NORTHEAST HIGH,2024-2025,Revised Missing-Work & Exemption,Fall,MATH101,Algebra I,Honors / AP / IB,9,2,4,2,1,0,22.2,44.4,22.2,11.1,0.0,0.0,4.5,4.5,100.0,,,Case_A_Honors_Exemption_Track_2024_25,TRADITIONAL_PCT,0_NO_FLOOR,TRUE_ZERO_ALLOWED,TEACHER_DISCRETION,10.0,40.0,50.0,PRIMARY_POLICY_DOCUMENT
True,SYNTHETIC_SIMULATION_FOR_PIPELINE_VALIDATION,048-078,Kansas City 33,NORTHEAST HIGH,2024-2025,Revised Missing-Work & Exemption,Fall,MATH201,Geometry,General Education,131,13,24,39,33,22,9.9,18.3,29.8,25.2,16.8,16.8,65.5,54.5,83.2,,,Case_A_General_Track_Floor_2024_25,TRADITIONAL_PCT,40_PCT_MINIMUM,TRUE_ZERO_ALLOWED,UNIVERSAL_MANDATORY,10.0,40.0,50.0,PRIMARY_POLICY_DOCUMENT
True,SYNTHETIC_SIMULATION_FOR_PIPELINE_VALIDATION,048-078,Kansas City 33,NORTHEAST HIGH,2024-2025,Revised Missing-Work & Exemption,Fall,MATH201,Geometry,Honors / AP / IB,8,2,3,2,1,0,25.0,37.5,25.0,12.5,0.0,0.0,4.0,4.0,100.0,,,Case_A_Honors_Exemption_Track_2024_25,TRADITIONAL_PCT,0_NO_FLOOR,TRUE_ZERO_ALLOWED,TEACHER_DISCRETION,10.0,40.0,50.0,PRIMARY_POLICY_DOCUMENT
True,SYNTHETIC_SIMULATION_FOR_PIPELINE_VALIDATION,048-078,Kansas City 33,NORTHEAST HIGH,2024-2025,Revised Missing-Work & Exemption,Fall,ENG101,English I,General Education,125,13,23,38,32,19,10.4,18.4,30.4,25.6,15.2,15.2,62.5,53.0,84.8,,,Case_A_General_Track_Floor_2024_25,TRADITIONAL_PCT,40_PCT_MINIMUM,TRUE_ZERO_ALLOWED,UNIVERSAL_MANDATORY,10.0,40.0,50.0,PRIMARY_POLICY_DOCUMENT
True,SYNTHETIC_SIMULATION_FOR_PIPELINE_VALIDATION,048-078,Kansas City 33,NORTHEAST HIGH,2024-2025,Revised Missing-Work & Exemption,Fall,ENG101,English I,Honors / AP / IB,8,2,3,2,1,0,25.0,37.5,25.0,12.5,0.0,0.0,4.0,4.0,100.0,,,Case_A_Honors_Exemption_Track_2024_25,TRADITIONAL_PCT,0_NO_FLOOR,TRUE_ZERO_ALLOWED,TEACHER_DISCRETION,10.0,40.0,50.0,PRIMARY_POLICY_DOCUMENT
True,SYNTHETIC_SIMULATION_FOR_PIPELINE_VALIDATION,048-078,Kansas City 33,NORTHEAST HIGH,2024-2025,Revised Missing-Work & Exemption,Fall,SCI101,Biology,General Education,139,14,26,42,35,22,10.1,18.7,30.2,25.2,15.8,15.8,69.5,58.5,84.2,,,Case_A_General_Track_Floor_2024_25,TRADITIONAL_PCT,40_PCT_MINIMUM,TRUE_ZERO_ALLOWED,UNIVERSAL_MANDATORY,10.0,40.0,50.0,PRIMARY_POLICY_DOCUMENT
True,SYNTHETIC_SIMULATION_FOR_PIPELINE_VALIDATION,048-078,Kansas City 33,NORTHEAST HIGH,2024-2025,Revised Missing-Work & Exemption,Fall,SCI101,Biology,Honors / AP / IB,8,2,3,2,1,0,25.0,37.5,25.0,12.5,0.0,0.0,4.0,4.0,100.0,,,Case_A_Honors_Exemption_Track_2024_25,TRADITIONAL_PCT,0_NO_FLOOR,TRUE_ZERO_ALLOWED,TEACHER_DISCRETION,10.0,40.0,50.0,PRIMARY_POLICY_DOCUMENT
True,SYNTHETIC_SIMULATION_FOR_PIPELINE_VALIDATION,048-078,Kansas City 33,NORTHEAST HIGH,2024-2025,Revised Missing-Work & Exemption,Spring,MATH101,Algebra I,General Education,142,15,25,41,34,27,10.6,17.6,28.9,23.9,19.0,19.0,71.0,57.5,81.0,13.5,53.5,Case_A_General_Track_Floor_2024_25,TRADITIONAL_PCT,40_PCT_MINIMUM,TRUE_ZERO_ALLOWED,UNIVERSAL_MANDATORY,10.0,40.0,50.0,PRIMARY_POLICY_DOCUMENT
True,SYNTHETIC_SIMULATION_FOR_PIPELINE_VALIDATION,048-078,Kansas City 33,NORTHEAST HIGH,2024-2025,Revised Missing-Work & Exemption,Spring,MATH101,Algebra I,Honors / AP / IB,8,2,3,2,1,0,25.0,37.5,25.0,12.5,0.0,0.0,4.0,4.0,100.0,71.0,7.9,Case_A_Honors_Exemption_Track_2024_25,TRADITIONAL_PCT,0_NO_FLOOR,TRUE_ZERO_ALLOWED,TEACHER_DISCRETION,10.0,40.0,50.0,PRIMARY_POLICY_DOCUMENT
True,SYNTHETIC_SIMULATION_FOR_PIPELINE_VALIDATION,048-078,Kansas City 33,NORTHEAST HIGH,2024-2025,Revised Missing-Work & Exemption,Spring,MATH201,Geometry,General Education,134,13,24,40,33,24,9.7,17.9,29.9,24.6,17.9,17.9,67.0,55.0,82.1,,,Case_A_General_Track_Floor_2024_25,TRADITIONAL_PCT,40_PCT_MINIMUM,TRUE_ZERO_ALLOWED,UNIVERSAL_MANDATORY,10.0,40.0,50.0,PRIMARY_POLICY_DOCUMENT
True,SYNTHETIC_SIMULATION_FOR_PIPELINE_VALIDATION,048-078,Kansas City 33,NORTHEAST HIGH,2024-2025,Revised Missing-Work & Exemption,Spring,MATH201,Geometry,Honors / AP / IB,9,2,4,2,1,0,22.2,44.4,22.2,11.1,0.0,0.0,4.5,4.5,100.0,,,Case_A_Honors_Exemption_Track_2024_25,TRADITIONAL_PCT,0_NO_FLOOR,TRUE_ZERO_ALLOWED,TEACHER_DISCRETION,10.0,40.0,50.0,PRIMARY_POLICY_DOCUMENT
True,SYNTHETIC_SIMULATION_FOR_PIPELINE_VALIDATION,048-078,Kansas City 33,NORTHEAST HIGH,2024-2025,Revised Missing-Work & Exemption,Spring,ENG101,English I,General Education,142,15,26,43,36,22,10.6,18.3,30.3,25.4,15.5,15.5,71.0,60.0,84.5,,,Case_A_General_Track_Floor_2024_25,TRADITIONAL_PCT,40_PCT_MINIMUM,TRUE_ZERO_ALLOWED,UNIVERSAL_MANDATORY,10.0,40.0,50.0,PRIMARY_POLICY_DOCUMENT
True,SYNTHETIC_SIMULATION_FOR_PIPELINE_VALIDATION,048-078,Kansas City 33,NORTHEAST HIGH,2024-2025,Revised Missing-Work & Exemption,Spring,ENG101,English I,Honors / AP / IB,8,2,3,2,1,0,25.0,37.5,25.0,12.5,0.0,0.0,4.0,4.0,100.0,,,Case_A_Honors_Exemption_Track_2024_25,TRADITIONAL_PCT,0_NO_FLOOR,TRUE_ZERO_ALLOWED,TEACHER_DISCRETION,10.0,40.0,50.0,PRIMARY_POLICY_DOCUMENT
True,SYNTHETIC_SIMULATION_FOR_PIPELINE_VALIDATION,048-078,Kansas City 33,NORTHEAST HIGH,2024-2025,Revised Missing-Work & Exemption,Spring,SCI101,Biology,General Education,136,13,25,41,34,23,9.6,18.4,30.1,25.0,16.9,16.9,68.0,56.5,83.1,16.7,50.4,Case_A_General_Track_Floor_2024_25,TRADITIONAL_PCT,40_PCT_MINIMUM,TRUE_ZERO_ALLOWED,UNIVERSAL_MANDATORY,10.0,40.0,50.0,PRIMARY_POLICY_DOCUMENT
True,SYNTHETIC_SIMULATION_FOR_PIPELINE_VALIDATION,048-078,Kansas City 33,NORTHEAST HIGH,2024-2025,Revised Missing-Work & Exemption,Spring,SCI101,Biology,Honors / AP / IB,8,2,3,2,1,0,25.0,37.5,25.0,12.5,0.0,0.0,4.0,4.0,100.0,73.5,8.3,Case_A_Honors_Exemption_Track_2024_25,TRADITIONAL_PCT,0_NO_FLOOR,TRUE_ZERO_ALLOWED,TEACHER_DISCRETION,10.0,40.0,50.0,PRIMARY_POLICY_DOCUMENT
True,SYNTHETIC_SIMULATION_FOR_PIPELINE_VALIDATION,048-078,Kansas City 33,SOUTHEAST HIGH SCHOOL,2021-2022,Pre-Reform,Fall,MATH101,Algebra I,General Education,136,12,23,37,25,39,8.8,16.9,27.2,18.4,28.7,28.7,68.0,48.5,71.3,,,Baseline_2022_Pre_Policy,TRADITIONAL_PCT,0_NO_FLOOR,TRUE_ZERO_ALLOWED,TEACHER_DISCRETION,Unspecified,Unspecified,Unspecified,BOARD_POLICY_MANUAL
True,SYNTHETIC_SIMULATION_FOR_PIPELINE_VALIDATION,048-078,Kansas City 33,SOUTHEAST HIGH SCHOOL,2021-2022,Pre-Reform,Fall,MATH101,Algebra I,Honors / AP / IB,10,3,4,2,1,0,30.0,40.0,20.0,10.0,0.0,0.0,5.0,5.0,100.0,,,Baseline_2022_Pre_Policy,TRADITIONAL_PCT,0_NO_FLOOR,TRUE_ZERO_ALLOWED,TEACHER_DISCRETION,Unspecified,Unspecified,Unspecified,BOARD_POLICY_MANUAL
True,SYNTHETIC_SIMULATION_FOR_PIPELINE_VALIDATION,048-078,Kansas City 33,SOUTHEAST HIGH SCHOOL,2021-2022,Pre-Reform,Fall,MATH201,Geometry,General Education,133,11,24,38,26,34,8.3,18.0,28.6,19.5,25.6,25.6,66.5,49.5,74.4,,,Baseline_2022_Pre_Policy,TRADITIONAL_PCT,0_NO_FLOOR,TRUE_ZERO_ALLOWED,TEACHER_DISCRETION,Unspecified,Unspecified,Unspecified,BOARD_POLICY_MANUAL
True,SYNTHETIC_SIMULATION_FOR_PIPELINE_VALIDATION,048-078,Kansas City 33,SOUTHEAST HIGH SCHOOL,2021-2022,Pre-Reform,Fall,MATH201,Geometry,Honors / AP / IB,8,2,3,2,1,0,25.0,37.5,25.0,12.5,0.0,0.0,4.0,4.0,100.0,,,Baseline_2022_Pre_Policy,TRADITIONAL_PCT,0_NO_FLOOR,TRUE_ZERO_ALLOWED,TEACHER_DISCRETION,Unspecified,Unspecified,Unspecified,BOARD_POLICY_MANUAL
True,SYNTHETIC_SIMULATION_FOR_PIPELINE_VALIDATION,048-078,Kansas City 33,SOUTHEAST HIGH SCHOOL,2021-2022,Pre-Reform,Fall,ENG101,English I,General Education,123,11,23,36,25,28,8.9,18.7,29.3,20.3,22.8,22.8,61.5,47.5,77.2,,,Baseline_2022_Pre_Policy,TRADITIONAL_PCT,0_NO_FLOOR,TRUE_ZERO_ALLOWED,TEACHER_DISCRETION,Unspecified,Unspecified,Unspecified,BOARD_POLICY_MANUAL
True,SYNTHETIC_SIMULATION_FOR_PIPELINE_VALIDATION,048-078,Kansas City 33,SOUTHEAST HIGH SCHOOL,2021-2022,Pre-Reform,Fall,ENG101,English I,Honors / AP / IB,9,2,4,2,1,0,22.2,44.4,22.2,11.1,0.0,0.0,4.5,4.5,100.0,,,Baseline_2022_Pre_Policy,TRADITIONAL_PCT,0_NO_FLOOR,TRUE_ZERO_ALLOWED,TEACHER_DISCRETION,Unspecified,Unspecified,Unspecified,BOARD_POLICY_MANUAL
True,SYNTHETIC_SIMULATION_FOR_PIPELINE_VALIDATION,048-078,Kansas City 33,SOUTHEAST HIGH SCHOOL,2021-2022,Pre-Reform,Fall,SCI101,Biology,General Education,131,12,24,38,26,31,9.2,18.3,29.0,19.8,23.7,23.7,65.5,50.0,76.3,,,Baseline_2022_Pre_Policy,TRADITIONAL_PCT,0_NO_FLOOR,TRUE_ZERO_ALLOWED,TEACHER_DISCRETION,Unspecified,Unspecified,Unspecified,BOARD_POLICY_MANUAL
True,SYNTHETIC_SIMULATION_FOR_PIPELINE_VALIDATION,048-078,Kansas City 33,SOUTHEAST HIGH SCHOOL,2021-2022,Pre-Reform,Fall,SCI101,Biology,Honors / AP / IB,9,2,4,2,1,0,22.2,44.4,22.2,11.1,0.0,0.0,4.5,4.5,100.0,,,Baseline_2022_Pre_Policy,TRADITIONAL_PCT,0_NO_FLOOR,TRUE_ZERO_ALLOWED,TEACHER_DISCRETION,Unspecified,Unspecified,Unspecified,BOARD_POLICY_MANUAL
True,SYNTHETIC_SIMULATION_FOR_PIPELINE_VALIDATION,048-078,Kansas City 33,SOUTHEAST HIGH SCHOOL,2021-2022,Pre-Reform,Spring,MATH101,Algebra I,General Education,123,10,21,33,22,37,8.1,17.1,26.8,17.9,30.1,30.1,61.5,43.0,69.9,13.6,52.8,Baseline_2022_Pre_Policy,TRADITIONAL_PCT,0_NO_FLOOR,TRUE_ZERO_ALLOWED,TEACHER_DISCRETION,Unspecified,Unspecified,Unspecified,BOARD_POLICY_MANUAL
True,SYNTHETIC_SIMULATION_FOR_PIPELINE_VALIDATION,048-078,Kansas City 33,SOUTHEAST HIGH SCHOOL,2021-2022,Pre-Reform,Spring,MATH101,Algebra I,Honors / AP / IB,9,2,4,2,1,0,22.2,44.4,22.2,11.1,0.0,0.0,4.5,4.5,100.0,69.7,7.9,Baseline_2022_Pre_Policy,TRADITIONAL_PCT,0_NO_FLOOR,TRUE_ZERO_ALLOWED,TEACHER_DISCRETION,Unspecified,Unspecified,Unspecified,BOARD_POLICY_MANUAL
True,SYNTHETIC_SIMULATION_FOR_PIPELINE_VALIDATION,048-078,Kansas City 33,SOUTHEAST HIGH SCHOOL,2021-2022,Pre-Reform,Spring,MATH201,Geometry,General Education,131,12,23,37,25,34,9.2,17.6,28.2,19.1,26.0,26.0,65.5,48.5,74.0,,,Baseline_2022_Pre_Policy,TRADITIONAL_PCT,0_NO_FLOOR,TRUE_ZERO_ALLOWED,TEACHER_DISCRETION,Unspecified,Unspecified,Unspecified,BOARD_POLICY_MANUAL
True,SYNTHETIC_SIMULATION_FOR_PIPELINE_VALIDATION,048-078,Kansas City 33,SOUTHEAST HIGH SCHOOL,2021-2022,Pre-Reform,Spring,MATH201,Geometry,Honors / AP / IB,8,2,3,2,1,0,25.0,37.5,25.0,12.5,0.0,0.0,4.0,4.0,100.0,,,Baseline_2022_Pre_Policy,TRADITIONAL_PCT,0_NO_FLOOR,TRUE_ZERO_ALLOWED,TEACHER_DISCRETION,Unspecified,Unspecified,Unspecified,BOARD_POLICY_MANUAL
True,SYNTHETIC_SIMULATION_FOR_PIPELINE_VALIDATION,048-078,Kansas City 33,SOUTHEAST HIGH SCHOOL,2021-2022,Pre-Reform,Spring,ENG101,English I,General Education,136,12,25,40,27,32,8.8,18.4,29.4,19.9,23.5,23.5,68.0,52.0,76.5,,,Baseline_2022_Pre_Policy,TRADITIONAL_PCT,0_NO_FLOOR,TRUE_ZERO_ALLOWED,TEACHER_DISCRETION,Unspecified,Unspecified,Unspecified,BOARD_POLICY_MANUAL
True,SYNTHETIC_SIMULATION_FOR_PIPELINE_VALIDATION,048-078,Kansas City 33,SOUTHEAST HIGH SCHOOL,2021-2022,Pre-Reform,Spring,ENG101,English I,Honors / AP / IB,10,3,4,2,1,0,30.0,40.0,20.0,10.0,0.0,0.0,5.0,5.0,100.0,,,Baseline_2022_Pre_Policy,TRADITIONAL_PCT,0_NO_FLOOR,TRUE_ZERO_ALLOWED,TEACHER_DISCRETION,Unspecified,Unspecified,Unspecified,BOARD_POLICY_MANUAL
True,SYNTHETIC_SIMULATION_FOR_PIPELINE_VALIDATION,048-078,Kansas City 33,SOUTHEAST HIGH SCHOOL,2021-2022,Pre-Reform,Spring,SCI101,Biology,General Education,122,11,22,35,24,30,9.0,18.0,28.7,19.7,24.6,24.6,61.0,46.0,75.4,16.3,54.1,Baseline_2022_Pre_Policy,TRADITIONAL_PCT,0_NO_FLOOR,TRUE_ZERO_ALLOWED,TEACHER_DISCRETION,Unspecified,Unspecified,Unspecified,BOARD_POLICY_MANUAL
True,SYNTHETIC_SIMULATION_FOR_PIPELINE_VALIDATION,048-078,Kansas City 33,SOUTHEAST HIGH SCHOOL,2021-2022,Pre-Reform,Spring,SCI101,Biology,Honors / AP / IB,10,3,4,2,1,0,30.0,40.0,20.0,10.0,0.0,0.0,5.0,5.0,100.0,73.4,7.8,Baseline_2022_Pre_Policy,TRADITIONAL_PCT,0_NO_FLOOR,TRUE_ZERO_ALLOWED,TEACHER_DISCRETION,Unspecified,Unspecified,Unspecified,BOARD_POLICY_MANUAL
True,SYNTHETIC_SIMULATION_FOR_PIPELINE_VALIDATION,048-078,Kansas City 33,SOUTHEAST HIGH SCHOOL,2022-2023,Pre-Reform,Fall,MATH101,Algebra I,General Education,134,12,23,37,25,37,9.0,17.2,27.6,18.7,27.6,27.6,67.0,48.5,72.4,,,Baseline_2022_Pre_Policy,TRADITIONAL_PCT,0_NO_FLOOR,TRUE_ZERO_ALLOWED,TEACHER_DISCRETION,Unspecified,Unspecified,Unspecified,BOARD_POLICY_MANUAL
True,SYNTHETIC_SIMULATION_FOR_PIPELINE_VALIDATION,048-078,Kansas City 33,SOUTHEAST HIGH SCHOOL,2022-2023,Pre-Reform,Fall,MATH101,Algebra I,Honors / AP / IB,9,2,4,2,1,0,22.2,44.4,22.2,11.1,0.0,0.0,4.5,4.5,100.0,,,Baseline_2022_Pre_Policy,TRADITIONAL_PCT,0_NO_FLOOR,TRUE_ZERO_ALLOWED,TEACHER_DISCRETION,Unspecified,Unspecified,Unspecified,BOARD_POLICY_MANUAL
True,SYNTHETIC_SIMULATION_FOR_PIPELINE_VALIDATION,048-078,Kansas City 33,SOUTHEAST HIGH SCHOOL,2022-2023,Pre-Reform,Fall,MATH201,Geometry,General Education,127,11,23,36,25,32,8.7,18.1,28.3,19.7,25.2,25.2,63.5,47.5,74.8,,,Baseline_2022_Pre_Policy,TRADITIONAL_PCT,0_NO_FLOOR,TRUE_ZERO_ALLOWED,TEACHER_DISCRETION,Unspecified,Unspecified,Unspecified,BOARD_POLICY_MANUAL
True,SYNTHETIC_SIMULATION_FOR_PIPELINE_VALIDATION,048-078,Kansas City 33,SOUTHEAST HIGH SCHOOL,2022-2023,Pre-Reform,Fall,MATH201,Geometry,Honors / AP / IB,10,3,4,2,1,0,30.0,40.0,20.0,10.0,0.0,0.0,5.0,5.0,100.0,,,Baseline_2022_Pre_Policy,TRADITIONAL_PCT,0_NO_FLOOR,TRUE_ZERO_ALLOWED,TEACHER_DISCRETION,Unspecified,Unspecified,Unspecified,BOARD_POLICY_MANUAL
True,SYNTHETIC_SIMULATION_FOR_PIPELINE_VALIDATION,048-078,Kansas City 33,SOUTHEAST HIGH SCHOOL,2022-2023,Pre-Reform,Fall,ENG101,English I,General Education,122,12,23,36,25,26,9.8,18.9,29.5,20.5,21.3,21.3,61.0,48.0,78.7,,,Baseline_2022_Pre_Policy,TRADITIONAL_PCT,0_NO_FLOOR,TRUE_ZERO_ALLOWED,TEACHER_DISCRETION,Unspecified,Unspecified,Unspecified,BOARD_POLICY_MANUAL
True,SYNTHETIC_SIMULATION_FOR_PIPELINE_VALIDATION,048-078,Kansas City 33,SOUTHEAST HIGH SCHOOL,2022-2023,Pre-Reform,Fall,ENG101,English I,Honors / AP / IB,10,3,4,2,1,0,30.0,40.0,20.0,10.0,0.0,0.0,5.0,5.0,100.0,,,Baseline_2022_Pre_Policy,TRADITIONAL_PCT,0_NO_FLOOR,TRUE_ZERO_ALLOWED,TEACHER_DISCRETION,Unspecified,Unspecified,Unspecified,BOARD_POLICY_MANUAL
True,SYNTHETIC_SIMULATION_FOR_PIPELINE_VALIDATION,048-078,Kansas City 33,SOUTHEAST HIGH SCHOOL,2022-2023,Pre-Reform,Fall,SCI101,Biology,General Education,143,14,26,41,28,34,9.8,18.2,28.7,19.6,23.8,23.8,71.5,54.5,76.2,,,Baseline_2022_Pre_Policy,TRADITIONAL_PCT,0_NO_FLOOR,TRUE_ZERO_ALLOWED,TEACHER_DISCRETION,Unspecified,Unspecified,Unspecified,BOARD_POLICY_MANUAL
True,SYNTHETIC_SIMULATION_FOR_PIPELINE_VALIDATION,048-078,Kansas City 33,SOUTHEAST HIGH SCHOOL,2022-2023,Pre-Reform,Fall,SCI101,Biology,Honors / AP / IB,8,2,3,2,1,0,25.0,37.5,25.0,12.5,0.0,0.0,4.0,4.0,100.0,,,Baseline_2022_Pre_Policy,TRADITIONAL_PCT,0_NO_FLOOR,TRUE_ZERO_ALLOWED,TEACHER_DISCRETION,Unspecified,Unspecified,Unspecified,BOARD_POLICY_MANUAL
True,SYNTHETIC_SIMULATION_FOR_PIPELINE_VALIDATION,048-078,Kansas City 33,SOUTHEAST HIGH SCHOOL,2022-2023,Pre-Reform,Spring,MATH101,Algebra I,General Education,136,11,23,36,25,41,8.1,16.9,26.5,18.4,30.1,30.1,68.0,47.5,69.9,13.7,52.9,Baseline_2022_Pre_Policy,TRADITIONAL_PCT,0_NO_FLOOR,TRUE_ZERO_ALLOWED,TEACHER_DISCRETION,Unspecified,Unspecified,Unspecified,BOARD_POLICY_MANUAL
True,SYNTHETIC_SIMULATION_FOR_PIPELINE_VALIDATION,048-078,Kansas City 33,SOUTHEAST HIGH SCHOOL,2022-2023,Pre-Reform,Spring,MATH101,Algebra I,Honors / AP / IB,9,2,4,2,1,0,22.2,44.4,22.2,11.1,0.0,0.0,4.5,4.5,100.0,69.9,7.9,Baseline_2022_Pre_Policy,TRADITIONAL_PCT,0_NO_FLOOR,TRUE_ZERO_ALLOWED,TEACHER_DISCRETION,Unspecified,Unspecified,Unspecified,BOARD_POLICY_MANUAL
True,SYNTHETIC_SIMULATION_FOR_PIPELINE_VALIDATION,048-078,Kansas City 33,SOUTHEAST HIGH SCHOOL,2022-2023,Pre-Reform,Spring,MATH201,Geometry,General Education,130,11,23,36,25,35,8.5,17.7,27.7,19.2,26.9,26.9,65.0,47.5,73.1,,,Baseline_2022_Pre_Policy,TRADITIONAL_PCT,0_NO_FLOOR,TRUE_ZERO_ALLOWED,TEACHER_DISCRETION,Unspecified,Unspecified,Unspecified,BOARD_POLICY_MANUAL
True,SYNTHETIC_SIMULATION_FOR_PIPELINE_VALIDATION,048-078,Kansas City 33,SOUTHEAST HIGH SCHOOL,2022-2023,Pre-Reform,Spring,MATH201,Geometry,Honors / AP / IB,9,2,4,2,1,0,22.2,44.4,22.2,11.1,0.0,0.0,4.5,4.5,100.0,,,Baseline_2022_Pre_Policy,TRADITIONAL_PCT,0_NO_FLOOR,TRUE_ZERO_ALLOWED,TEACHER_DISCRETION,Unspecified,Unspecified,Unspecified,BOARD_POLICY_MANUAL
True,SYNTHETIC_SIMULATION_FOR_PIPELINE_VALIDATION,048-078,Kansas City 33,SOUTHEAST HIGH SCHOOL,2022-2023,Pre-Reform,Spring,ENG101,English I,General Education,134,12,25,39,27,31,9.0,18.7,29.1,20.1,23.1,23.1,67.0,51.5,76.9,,,Baseline_2022_Pre_Policy,TRADITIONAL_PCT,0_NO_FLOOR,TRUE_ZERO_ALLOWED,TEACHER_DISCRETION,Unspecified,Unspecified,Unspecified,BOARD_POLICY_MANUAL
True,SYNTHETIC_SIMULATION_FOR_PIPELINE_VALIDATION,048-078,Kansas City 33,SOUTHEAST HIGH SCHOOL,2022-2023,Pre-Reform,Spring,ENG101,English I,Honors / AP / IB,9,2,4,2,1,0,22.2,44.4,22.2,11.1,0.0,0.0,4.5,4.5,100.0,,,Baseline_2022_Pre_Policy,TRADITIONAL_PCT,0_NO_FLOOR,TRUE_ZERO_ALLOWED,TEACHER_DISCRETION,Unspecified,Unspecified,Unspecified,BOARD_POLICY_MANUAL
True,SYNTHETIC_SIMULATION_FOR_PIPELINE_VALIDATION,048-078,Kansas City 33,SOUTHEAST HIGH SCHOOL,2022-2023,Pre-Reform,Spring,SCI101,Biology,General Education,120,11,21,34,23,31,9.2,17.5,28.3,19.2,25.8,25.8,60.0,44.5,74.2,16.4,50.1,Baseline_2022_Pre_Policy,TRADITIONAL_PCT,0_NO_FLOOR,TRUE_ZERO_ALLOWED,TEACHER_DISCRETION,Unspecified,Unspecified,Unspecified,BOARD_POLICY_MANUAL
True,SYNTHETIC_SIMULATION_FOR_PIPELINE_VALIDATION,048-078,Kansas City 33,SOUTHEAST HIGH SCHOOL,2022-2023,Pre-Reform,Spring,SCI101,Biology,Honors / AP / IB,8,2,3,2,1,0,25.0,37.5,25.0,12.5,0.0,0.0,4.0,4.0,100.0,71.1,8.4,Baseline_2022_Pre_Policy,TRADITIONAL_PCT,0_NO_FLOOR,TRUE_ZERO_ALLOWED,TEACHER_DISCRETION,Unspecified,Unspecified,Unspecified,BOARD_POLICY_MANUAL
True,SYNTHETIC_SIMULATION_FOR_PIPELINE_VALIDATION,048-078,Kansas City 33,SOUTHEAST HIGH SCHOOL,2023-2024,Initial 40% Floor,Fall,MATH101,Algebra I,General Education,141,12,24,43,43,19,8.5,17.0,30.5,30.5,13.5,13.5,70.5,61.0,86.5,,,Case_A_Active_Policy_Floor_2023_24,TRADITIONAL_PCT,40_PCT_MINIMUM,FLOOR_40_UNSUBMITTED,UNIVERSAL_MANDATORY,Unspecified,Unspecified,Unspecified,SECONDARY_JOURNALISTIC_RECORD
True,SYNTHETIC_SIMULATION_FOR_PIPELINE_VALIDATION,048-078,Kansas City 33,SOUTHEAST HIGH SCHOOL,2023-2024,Initial 40% Floor,Fall,MATH101,Algebra I,Honors / AP / IB,10,3,4,2,1,0,30.0,40.0,20.0,10.0,0.0,0.0,5.0,5.0,100.0,,,UNVERIFIED,UNVERIFIED,UNVERIFIED,UNVERIFIED,UNVERIFIED,,,,UNVERIFIED
True,SYNTHETIC_SIMULATION_FOR_PIPELINE_VALIDATION,048-078,Kansas City 33,SOUTHEAST HIGH SCHOOL,2023-2024,Initial 40% Floor,Fall,MATH201,Geometry,General Education,138,12,24,43,43,16,8.7,17.4,31.2,31.2,11.6,11.6,69.0,61.0,88.4,,,Case_A_Active_Policy_Floor_2023_24,TRADITIONAL_PCT,40_PCT_MINIMUM,FLOOR_40_UNSUBMITTED,UNIVERSAL_MANDATORY,Unspecified,Unspecified,Unspecified,SECONDARY_JOURNALISTIC_RECORD
True,SYNTHETIC_SIMULATION_FOR_PIPELINE_VALIDATION,048-078,Kansas City 33,SOUTHEAST HIGH SCHOOL,2023-2024,Initial 40% Floor,Fall,MATH201,Geometry,Honors / AP / IB,9,2,4,2,1,0,22.2,44.4,22.2,11.1,0.0,0.0,4.5,4.5,100.0,,,UNVERIFIED,UNVERIFIED,UNVERIFIED,UNVERIFIED,UNVERIFIED,,,,UNVERIFIED
True,SYNTHETIC_SIMULATION_FOR_PIPELINE_VALIDATION,048-078,Kansas City 33,SOUTHEAST HIGH SCHOOL,2023-2024,Initial 40% Floor,Fall,ENG101,English I,General Education,138,12,25,43,43,15,8.7,18.1,31.2,31.2,10.9,10.9,69.0,61.5,89.1,,,Case_A_Active_Policy_Floor_2023_24,TRADITIONAL_PCT,40_PCT_MINIMUM,FLOOR_40_UNSUBMITTED,UNIVERSAL_MANDATORY,Unspecified,Unspecified,Unspecified,SECONDARY_JOURNALISTIC_RECORD
True,SYNTHETIC_SIMULATION_FOR_PIPELINE_VALIDATION,048-078,Kansas City 33,SOUTHEAST HIGH SCHOOL,2023-2024,Initial 40% Floor,Fall,ENG101,English I,Honors / AP / IB,9,2,4,2,1,0,22.2,44.4,22.2,11.1,0.0,0.0,4.5,4.5,100.0,,,UNVERIFIED,UNVERIFIED,UNVERIFIED,UNVERIFIED,UNVERIFIED,,,,UNVERIFIED
True,SYNTHETIC_SIMULATION_FOR_PIPELINE_VALIDATION,048-078,Kansas City 33,SOUTHEAST HIGH SCHOOL,2023-2024,Initial 40% Floor,Fall,SCI101,Biology,General Education,134,12,24,41,41,16,9.0,17.9,30.6,30.6,11.9,11.9,67.0,59.0,88.1,,,Case_A_Active_Policy_Floor_2023_24,TRADITIONAL_PCT,40_PCT_MINIMUM,FLOOR_40_UNSUBMITTED,UNIVERSAL_MANDATORY,Unspecified,Unspecified,Unspecified,SECONDARY_JOURNALISTIC_RECORD
True,SYNTHETIC_SIMULATION_FOR_PIPELINE_VALIDATION,048-078,Kansas City 33,SOUTHEAST HIGH SCHOOL,2023-2024,Initial 40% Floor,Fall,SCI101,Biology,Honors / AP / IB,9,2,4,2,1,0,22.2,44.4,22.2,11.1,0.0,0.0,4.5,4.5,100.0,,,UNVERIFIED,UNVERIFIED,UNVERIFIED,UNVERIFIED,UNVERIFIED,,,,UNVERIFIED
True,SYNTHETIC_SIMULATION_FOR_PIPELINE_VALIDATION,048-078,Kansas City 33,SOUTHEAST HIGH SCHOOL,2023-2024,Initial 40% Floor,Spring,MATH101,Algebra I,General Education,136,11,23,41,41,20,8.1,16.9,30.1,30.1,14.7,14.7,68.0,58.0,85.3,14.5,53.8,Case_A_Active_Policy_Floor_2023_24,TRADITIONAL_PCT,40_PCT_MINIMUM,FLOOR_40_UNSUBMITTED,UNIVERSAL_MANDATORY,Unspecified,Unspecified,Unspecified,SECONDARY_JOURNALISTIC_RECORD
True,SYNTHETIC_SIMULATION_FOR_PIPELINE_VALIDATION,048-078,Kansas City 33,SOUTHEAST HIGH SCHOOL,2023-2024,Initial 40% Floor,Spring,MATH101,Algebra I,Honors / AP / IB,8,2,3,2,1,0,25.0,37.5,25.0,12.5,0.0,0.0,4.0,4.0,100.0,69.5,7.7,UNVERIFIED,UNVERIFIED,UNVERIFIED,UNVERIFIED,UNVERIFIED,,,,UNVERIFIED
True,SYNTHETIC_SIMULATION_FOR_PIPELINE_VALIDATION,048-078,Kansas City 33,SOUTHEAST HIGH SCHOOL,2023-2024,Initial 40% Floor,Spring,MATH201,Geometry,General Education,134,12,23,41,41,17,9.0,17.2,30.6,30.6,12.7,12.7,67.0,58.5,87.3,,,Case_A_Active_Policy_Floor_2023_24,TRADITIONAL_PCT,40_PCT_MINIMUM,FLOOR_40_UNSUBMITTED,UNIVERSAL_MANDATORY,Unspecified,Unspecified,Unspecified,SECONDARY_JOURNALISTIC_RECORD
True,SYNTHETIC_SIMULATION_FOR_PIPELINE_VALIDATION,048-078,Kansas City 33,SOUTHEAST HIGH SCHOOL,2023-2024,Initial 40% Floor,Spring,MATH201,Geometry,Honors / AP / IB,8,2,3,2,1,0,25.0,37.5,25.0,12.5,0.0,0.0,4.0,4.0,100.0,,,UNVERIFIED,UNVERIFIED,UNVERIFIED,UNVERIFIED,UNVERIFIED,,,,UNVERIFIED
True,SYNTHETIC_SIMULATION_FOR_PIPELINE_VALIDATION,048-078,Kansas City 33,SOUTHEAST HIGH SCHOOL,2023-2024,Initial 40% Floor,Spring,ENG101,English I,General Education,136,13,24,42,42,15,9.6,17.6,30.9,30.9,11.0,11.0,68.0,60.5,89.0,,,Case_A_Active_Policy_Floor_2023_24,TRADITIONAL_PCT,40_PCT_MINIMUM,FLOOR_40_UNSUBMITTED,UNIVERSAL_MANDATORY,Unspecified,Unspecified,Unspecified,SECONDARY_JOURNALISTIC_RECORD
True,SYNTHETIC_SIMULATION_FOR_PIPELINE_VALIDATION,048-078,Kansas City 33,SOUTHEAST HIGH SCHOOL,2023-2024,Initial 40% Floor,Spring,ENG101,English I,Honors / AP / IB,9,2,4,2,1,0,22.2,44.4,22.2,11.1,0.0,0.0,4.5,4.5,100.0,,,UNVERIFIED,UNVERIFIED,UNVERIFIED,UNVERIFIED,UNVERIFIED,,,,UNVERIFIED
True,SYNTHETIC_SIMULATION_FOR_PIPELINE_VALIDATION,048-078,Kansas City 33,SOUTHEAST HIGH SCHOOL,2023-2024,Initial 40% Floor,Spring,SCI101,Biology,General Education,127,12,22,39,39,15,9.4,17.3,30.7,30.7,11.8,11.8,63.5,56.0,88.2,16.3,51.1,Case_A_Active_Policy_Floor_2023_24,TRADITIONAL_PCT,40_PCT_MINIMUM,FLOOR_40_UNSUBMITTED,UNIVERSAL_MANDATORY,Unspecified,Unspecified,Unspecified,SECONDARY_JOURNALISTIC_RECORD
True,SYNTHETIC_SIMULATION_FOR_PIPELINE_VALIDATION,048-078,Kansas City 33,SOUTHEAST HIGH SCHOOL,2023-2024,Initial 40% Floor,Spring,SCI101,Biology,Honors / AP / IB,9,2,4,2,1,0,22.2,44.4,22.2,11.1,0.0,0.0,4.5,4.5,100.0,72.5,7.8,UNVERIFIED,UNVERIFIED,UNVERIFIED,UNVERIFIED,UNVERIFIED,,,,UNVERIFIED
True,SYNTHETIC_SIMULATION_FOR_PIPELINE_VALIDATION,048-078,Kansas City 33,SOUTHEAST HIGH SCHOOL,2024-2025,Revised Missing-Work & Exemption,Fall,MATH101,Algebra I,General Education,140,14,25,41,34,26,10.0,17.9,29.3,24.3,18.6,18.6,70.0,57.0,81.4,,,Case_A_General_Track_Floor_2024_25,TRADITIONAL_PCT,40_PCT_MINIMUM,TRUE_ZERO_ALLOWED,UNIVERSAL_MANDATORY,10.0,40.0,50.0,PRIMARY_POLICY_DOCUMENT
True,SYNTHETIC_SIMULATION_FOR_PIPELINE_VALIDATION,048-078,Kansas City 33,SOUTHEAST HIGH SCHOOL,2024-2025,Revised Missing-Work & Exemption,Fall,MATH101,Algebra I,Honors / AP / IB,10,3,4,2,1,0,30.0,40.0,20.0,10.0,0.0,0.0,5.0,5.0,100.0,,,Case_A_Honors_Exemption_Track_2024_25,TRADITIONAL_PCT,0_NO_FLOOR,TRUE_ZERO_ALLOWED,TEACHER_DISCRETION,10.0,40.0,50.0,PRIMARY_POLICY_DOCUMENT
True,SYNTHETIC_SIMULATION_FOR_PIPELINE_VALIDATION,048-078,Kansas City 33,SOUTHEAST HIGH SCHOOL,2024-2025,Revised Missing-Work & Exemption,Fall,MATH201,Geometry,General Education,141,15,26,42,35,23,10.6,18.4,29.8,24.8,16.3,16.3,70.5,59.0,83.7,,,Case_A_General_Track_Floor_2024_25,TRADITIONAL_PCT,40_PCT_MINIMUM,TRUE_ZERO_ALLOWED,UNIVERSAL_MANDATORY,10.0,40.0,50.0,PRIMARY_POLICY_DOCUMENT
True,SYNTHETIC_SIMULATION_FOR_PIPELINE_VALIDATION,048-078,Kansas City 33,SOUTHEAST HIGH SCHOOL,2024-2025,Revised Missing-Work & Exemption,Fall,MATH201,Geometry,Honors / AP / IB,10,3,4,2,1,0,30.0,40.0,20.0,10.0,0.0,0.0,5.0,5.0,100.0,,,Case_A_Honors_Exemption_Track_2024_25,TRADITIONAL_PCT,0_NO_FLOOR,TRUE_ZERO_ALLOWED,TEACHER_DISCRETION,10.0,40.0,50.0,PRIMARY_POLICY_DOCUMENT
True,SYNTHETIC_SIMULATION_FOR_PIPELINE_VALIDATION,048-078,Kansas City 33,SOUTHEAST HIGH SCHOOL,2024-2025,Revised Missing-Work & Exemption,Fall,ENG101,English I,General Education,122,13,23,37,31,18,10.7,18.9,30.3,25.4,14.8,14.8,61.0,52.0,85.2,,,Case_A_General_Track_Floor_2024_25,TRADITIONAL_PCT,40_PCT_MINIMUM,TRUE_ZERO_ALLOWED,UNIVERSAL_MANDATORY,10.0,40.0,50.0,PRIMARY_POLICY_DOCUMENT
True,SYNTHETIC_SIMULATION_FOR_PIPELINE_VALIDATION,048-078,Kansas City 33,SOUTHEAST HIGH SCHOOL,2024-2025,Revised Missing-Work & Exemption,Fall,ENG101,English I,Honors / AP / IB,10,3,4,2,1,0,30.0,40.0,20.0,10.0,0.0,0.0,5.0,5.0,100.0,,,Case_A_Honors_Exemption_Track_2024_25,TRADITIONAL_PCT,0_NO_FLOOR,TRUE_ZERO_ALLOWED,TEACHER_DISCRETION,10.0,40.0,50.0,PRIMARY_POLICY_DOCUMENT
True,SYNTHETIC_SIMULATION_FOR_PIPELINE_VALIDATION,048-078,Kansas City 33,SOUTHEAST HIGH SCHOOL,2024-2025,Revised Missing-Work & Exemption,Fall,SCI101,Biology,General Education,132,14,24,40,33,21,10.6,18.2,30.3,25.0,15.9,15.9,66.0,55.5,84.1,,,Case_A_General_Track_Floor_2024_25,TRADITIONAL_PCT,40_PCT_MINIMUM,TRUE_ZERO_ALLOWED,UNIVERSAL_MANDATORY,10.0,40.0,50.0,PRIMARY_POLICY_DOCUMENT
True,SYNTHETIC_SIMULATION_FOR_PIPELINE_VALIDATION,048-078,Kansas City 33,SOUTHEAST HIGH SCHOOL,2024-2025,Revised Missing-Work & Exemption,Fall,SCI101,Biology,Honors / AP / IB,10,3,4,2,1,0,30.0,40.0,20.0,10.0,0.0,0.0,5.0,5.0,100.0,,,Case_A_Honors_Exemption_Track_2024_25,TRADITIONAL_PCT,0_NO_FLOOR,TRUE_ZERO_ALLOWED,TEACHER_DISCRETION,10.0,40.0,50.0,PRIMARY_POLICY_DOCUMENT
True,SYNTHETIC_SIMULATION_FOR_PIPELINE_VALIDATION,048-078,Kansas City 33,SOUTHEAST HIGH SCHOOL,2024-2025,Revised Missing-Work & Exemption,Spring,MATH101,Algebra I,General Education,124,11,22,36,30,25,8.9,17.7,29.0,24.2,20.2,20.2,62.0,49.5,79.8,13.4,53.2,Case_A_General_Track_Floor_2024_25,TRADITIONAL_PCT,40_PCT_MINIMUM,TRUE_ZERO_ALLOWED,UNIVERSAL_MANDATORY,10.0,40.0,50.0,PRIMARY_POLICY_DOCUMENT
True,SYNTHETIC_SIMULATION_FOR_PIPELINE_VALIDATION,048-078,Kansas City 33,SOUTHEAST HIGH SCHOOL,2024-2025,Revised Missing-Work & Exemption,Spring,MATH101,Algebra I,Honors / AP / IB,9,2,4,2,1,0,22.2,44.4,22.2,11.1,0.0,0.0,4.5,4.5,100.0,74.5,8.3,Case_A_Honors_Exemption_Track_2024_25,TRADITIONAL_PCT,0_NO_FLOOR,TRUE_ZERO_ALLOWED,TEACHER_DISCRETION,10.0,40.0,50.0,PRIMARY_POLICY_DOCUMENT
True,SYNTHETIC_SIMULATION_FOR_PIPELINE_VALIDATION,048-078,Kansas City 33,SOUTHEAST HIGH SCHOOL,2024-2025,Revised Missing-Work & Exemption,Spring,MATH201,Geometry,General Education,123,13,22,36,30,22,10.6,17.9,29.3,24.4,17.9,17.9,61.5,50.5,82.1,,,Case_A_General_Track_Floor_2024_25,TRADITIONAL_PCT,40_PCT_MINIMUM,TRUE_ZERO_ALLOWED,UNIVERSAL_MANDATORY,10.0,40.0,50.0,PRIMARY_POLICY_DOCUMENT
True,SYNTHETIC_SIMULATION_FOR_PIPELINE_VALIDATION,048-078,Kansas City 33,SOUTHEAST HIGH SCHOOL,2024-2025,Revised Missing-Work & Exemption,Spring,MATH201,Geometry,Honors / AP / IB,9,2,4,2,1,0,22.2,44.4,22.2,11.1,0.0,0.0,4.5,4.5,100.0,,,Case_A_Honors_Exemption_Track_2024_25,TRADITIONAL_PCT,0_NO_FLOOR,TRUE_ZERO_ALLOWED,TEACHER_DISCRETION,10.0,40.0,50.0,PRIMARY_POLICY_DOCUMENT
True,SYNTHETIC_SIMULATION_FOR_PIPELINE_VALIDATION,048-078,Kansas City 33,SOUTHEAST HIGH SCHOOL,2024-2025,Revised Missing-Work & Exemption,Spring,ENG101,English I,General Education,118,11,22,36,30,19,9.3,18.6,30.5,25.4,16.1,16.1,59.0,49.5,83.9,,,Case_A_General_Track_Floor_2024_25,TRADITIONAL_PCT,40_PCT_MINIMUM,TRUE_ZERO_ALLOWED,UNIVERSAL_MANDATORY,10.0,40.0,50.0,PRIMARY_POLICY_DOCUMENT
True,SYNTHETIC_SIMULATION_FOR_PIPELINE_VALIDATION,048-078,Kansas City 33,SOUTHEAST HIGH SCHOOL,2024-2025,Revised Missing-Work & Exemption,Spring,ENG101,English I,Honors / AP / IB,10,3,4,2,1,0,30.0,40.0,20.0,10.0,0.0,0.0,5.0,5.0,100.0,,,Case_A_Honors_Exemption_Track_2024_25,TRADITIONAL_PCT,0_NO_FLOOR,TRUE_ZERO_ALLOWED,TEACHER_DISCRETION,10.0,40.0,50.0,PRIMARY_POLICY_DOCUMENT
True,SYNTHETIC_SIMULATION_FOR_PIPELINE_VALIDATION,048-078,Kansas City 33,SOUTHEAST HIGH SCHOOL,2024-2025,Revised Missing-Work & Exemption,Spring,SCI101,Biology,General Education,131,13,24,39,33,22,9.9,18.3,29.8,25.2,16.8,16.8,65.5,54.5,83.2,15.9,53.7,Case_A_General_Track_Floor_2024_25,TRADITIONAL_PCT,40_PCT_MINIMUM,TRUE_ZERO_ALLOWED,UNIVERSAL_MANDATORY,10.0,40.0,50.0,PRIMARY_POLICY_DOCUMENT
True,SYNTHETIC_SIMULATION_FOR_PIPELINE_VALIDATION,048-078,Kansas City 33,SOUTHEAST HIGH SCHOOL,2024-2025,Revised Missing-Work & Exemption,Spring,SCI101,Biology,Honors / AP / IB,10,3,4,2,1,0,30.0,40.0,20.0,10.0,0.0,0.0,5.0,5.0,100.0,72.2,8.2,Case_A_Honors_Exemption_Track_2024_25,TRADITIONAL_PCT,0_NO_FLOOR,TRUE_ZERO_ALLOWED,TEACHER_DISCRETION,10.0,40.0,50.0,PRIMARY_POLICY_DOCUMENT
True,SYNTHETIC_SIMULATION_FOR_PIPELINE_VALIDATION,048-078,Kansas City 33,PASEO ACAD. OF PERFORMING ARTS,2021-2022,Pre-Reform,Fall,MATH101,Algebra I,General Education,73,6,12,20,14,21,8.2,16.4,27.4,19.2,28.8,28.8,36.5,26.0,71.2,,,Baseline_2022_Pre_Policy,TRADITIONAL_PCT,0_NO_FLOOR,TRUE_ZERO_ALLOWED,TEACHER_DISCRETION,Unspecified,Unspecified,Unspecified,BOARD_POLICY_MANUAL
True,SYNTHETIC_SIMULATION_FOR_PIPELINE_VALIDATION,048-078,Kansas City 33,PASEO ACAD. OF PERFORMING ARTS,2021-2022,Pre-Reform,Fall,MATH101,Algebra I,Honors / AP / IB,37,9,15,8,3,2,24.3,40.5,21.6,8.1,5.4,5.4,18.5,17.5,94.6,,,Baseline_2022_Pre_Policy,TRADITIONAL_PCT,0_NO_FLOOR,TRUE_ZERO_ALLOWED,TEACHER_DISCRETION,Unspecified,Unspecified,Unspecified,BOARD_POLICY_MANUAL
True,SYNTHETIC_SIMULATION_FOR_PIPELINE_VALIDATION,048-078,Kansas City 33,PASEO ACAD. OF PERFORMING ARTS,2021-2022,Pre-Reform,Fall,MATH201,Geometry,General Education,74,7,13,21,15,18,9.5,17.6,28.4,20.3,24.3,24.3,37.0,28.0,75.7,,,Baseline_2022_Pre_Policy,TRADITIONAL_PCT,0_NO_FLOOR,TRUE_ZERO_ALLOWED,TEACHER_DISCRETION,Unspecified,Unspecified,Unspecified,BOARD_POLICY_MANUAL
True,SYNTHETIC_SIMULATION_FOR_PIPELINE_VALIDATION,048-078,Kansas City 33,PASEO ACAD. OF PERFORMING ARTS,2021-2022,Pre-Reform,Fall,MATH201,Geometry,Honors / AP / IB,40,11,16,8,3,2,27.5,40.0,20.0,7.5,5.0,5.0,20.0,19.0,95.0,,,Baseline_2022_Pre_Policy,TRADITIONAL_PCT,0_NO_FLOOR,TRUE_ZERO_ALLOWED,TEACHER_DISCRETION,Unspecified,Unspecified,Unspecified,BOARD_POLICY_MANUAL
True,SYNTHETIC_SIMULATION_FOR_PIPELINE_VALIDATION,048-078,Kansas City 33,PASEO ACAD. OF PERFORMING ARTS,2021-2022,Pre-Reform,Fall,ENG101,English I,General Education,71,7,13,21,14,16,9.9,18.3,29.6,19.7,22.5,22.5,35.5,27.5,77.5,,,Baseline_2022_Pre_Policy,TRADITIONAL_PCT,0_NO_FLOOR,TRUE_ZERO_ALLOWED,TEACHER_DISCRETION,Unspecified,Unspecified,Unspecified,BOARD_POLICY_MANUAL
True,SYNTHETIC_SIMULATION_FOR_PIPELINE_VALIDATION,048-078,Kansas City 33,PASEO ACAD. OF PERFORMING ARTS,2021-2022,Pre-Reform,Fall,ENG101,English I,Honors / AP / IB,41,11,16,9,3,2,26.8,39.0,22.0,7.3,4.9,4.9,20.5,19.5,95.1,,,Baseline_2022_Pre_Policy,TRADITIONAL_PCT,0_NO_FLOOR,TRUE_ZERO_ALLOWED,TEACHER_DISCRETION,Unspecified,Unspecified,Unspecified,BOARD_POLICY_MANUAL
True,SYNTHETIC_SIMULATION_FOR_PIPELINE_VALIDATION,048-078,Kansas City 33,PASEO ACAD. OF PERFORMING ARTS,2021-2022,Pre-Reform,Fall,SCI101,Biology,General Education,64,5,12,19,13,15,7.8,18.8,29.7,20.3,23.4,23.4,32.0,24.5,76.6,,,Baseline_2022_Pre_Policy,TRADITIONAL_PCT,0_NO_FLOOR,TRUE_ZERO_ALLOWED,TEACHER_DISCRETION,Unspecified,Unspecified,Unspecified,BOARD_POLICY_MANUAL
True,SYNTHETIC_SIMULATION_FOR_PIPELINE_VALIDATION,048-078,Kansas City 33,PASEO ACAD. OF PERFORMING ARTS,2021-2022,Pre-Reform,Fall,SCI101,Biology,Honors / AP / IB,36,9,15,8,3,1,25.0,41.7,22.2,8.3,2.8,2.8,18.0,17.5,97.2,,,Baseline_2022_Pre_Policy,TRADITIONAL_PCT,0_NO_FLOOR,TRUE_ZERO_ALLOWED,TEACHER_DISCRETION,Unspecified,Unspecified,Unspecified,BOARD_POLICY_MANUAL
True,SYNTHETIC_SIMULATION_FOR_PIPELINE_VALIDATION,048-078,Kansas City 33,PASEO ACAD. OF PERFORMING ARTS,2021-2022,Pre-Reform,Spring,MATH101,Algebra I,General Education,74,6,13,20,14,21,8.1,17.6,27.0,18.9,28.4,28.4,37.0,26.5,71.6,14.3,52.3,Baseline_2022_Pre_Policy,TRADITIONAL_PCT,0_NO_FLOOR,TRUE_ZERO_ALLOWED,TEACHER_DISCRETION,Unspecified,Unspecified,Unspecified,BOARD_POLICY_MANUAL
True,SYNTHETIC_SIMULATION_FOR_PIPELINE_VALIDATION,048-078,Kansas City 33,PASEO ACAD. OF PERFORMING ARTS,2021-2022,Pre-Reform,Spring,MATH101,Algebra I,Honors / AP / IB,41,11,16,9,3,2,26.8,39.0,22.0,7.3,4.9,4.9,20.5,19.5,95.1,73.2,7.7,Baseline_2022_Pre_Policy,TRADITIONAL_PCT,0_NO_FLOOR,TRUE_ZERO_ALLOWED,TEACHER_DISCRETION,Unspecified,Unspecified,Unspecified,BOARD_POLICY_MANUAL
True,SYNTHETIC_SIMULATION_FOR_PIPELINE_VALIDATION,048-078,Kansas City 33,PASEO ACAD. OF PERFORMING ARTS,2021-2022,Pre-Reform,Spring,MATH201,Geometry,General Education,64,6,11,18,12,17,9.4,17.2,28.1,18.8,26.6,26.6,32.0,23.5,73.4,,,Baseline_2022_Pre_Policy,TRADITIONAL_PCT,0_NO_FLOOR,TRUE_ZERO_ALLOWED,TEACHER_DISCRETION,Unspecified,Unspecified,Unspecified,BOARD_POLICY_MANUAL
True,SYNTHETIC_SIMULATION_FOR_PIPELINE_VALIDATION,048-078,Kansas City 33,PASEO ACAD. OF PERFORMING ARTS,2021-2022,Pre-Reform,Spring,MATH201,Geometry,Honors / AP / IB,42,11,17,9,3,2,26.2,40.5,21.4,7.1,4.8,4.8,21.0,20.0,95.2,,,Baseline_2022_Pre_Policy,TRADITIONAL_PCT,0_NO_FLOOR,TRUE_ZERO_ALLOWED,TEACHER_DISCRETION,Unspecified,Unspecified,Unspecified,BOARD_POLICY_MANUAL
True,SYNTHETIC_SIMULATION_FOR_PIPELINE_VALIDATION,048-078,Kansas City 33,PASEO ACAD. OF PERFORMING ARTS,2021-2022,Pre-Reform,Spring,ENG101,English I,General Education,77,8,14,22,15,18,10.4,18.2,28.6,19.5,23.4,23.4,38.5,29.5,76.6,,,Baseline_2022_Pre_Policy,TRADITIONAL_PCT,0_NO_FLOOR,TRUE_ZERO_ALLOWED,TEACHER_DISCRETION,Unspecified,Unspecified,Unspecified,BOARD_POLICY_MANUAL
True,SYNTHETIC_SIMULATION_FOR_PIPELINE_VALIDATION,048-078,Kansas City 33,PASEO ACAD. OF PERFORMING ARTS,2021-2022,Pre-Reform,Spring,ENG101,English I,Honors / AP / IB,39,10,16,8,3,2,25.6,41.0,20.5,7.7,5.1,5.1,19.5,18.5,94.9,,,Baseline_2022_Pre_Policy,TRADITIONAL_PCT,0_NO_FLOOR,TRUE_ZERO_ALLOWED,TEACHER_DISCRETION,Unspecified,Unspecified,Unspecified,BOARD_POLICY_MANUAL
True,SYNTHETIC_SIMULATION_FOR_PIPELINE_VALIDATION,048-078,Kansas City 33,PASEO ACAD. OF PERFORMING ARTS,2021-2022,Pre-Reform,Spring,SCI101,Biology,General Education,75,7,13,21,15,19,9.3,17.3,28.0,20.0,25.3,25.3,37.5,28.0,74.7,15.7,52.9,Baseline_2022_Pre_Policy,TRADITIONAL_PCT,0_NO_FLOOR,TRUE_ZERO_ALLOWED,TEACHER_DISCRETION,Unspecified,Unspecified,Unspecified,BOARD_POLICY_MANUAL
True,SYNTHETIC_SIMULATION_FOR_PIPELINE_VALIDATION,048-078,Kansas City 33,PASEO ACAD. OF PERFORMING ARTS,2021-2022,Pre-Reform,Spring,SCI101,Biology,Honors / AP / IB,39,10,16,8,3,2,25.6,41.0,20.5,7.7,5.1,5.1,19.5,18.5,94.9,74.2,8.3,Baseline_2022_Pre_Policy,TRADITIONAL_PCT,0_NO_FLOOR,TRUE_ZERO_ALLOWED,TEACHER_DISCRETION,Unspecified,Unspecified,Unspecified,BOARD_POLICY_MANUAL
True,SYNTHETIC_SIMULATION_FOR_PIPELINE_VALIDATION,048-078,Kansas City 33,PASEO ACAD. OF PERFORMING ARTS,2022-2023,Pre-Reform,Fall,MATH101,Algebra I,General Education,75,6,13,21,14,21,8.0,17.3,28.0,18.7,28.0,28.0,37.5,27.0,72.0,,,Baseline_2022_Pre_Policy,TRADITIONAL_PCT,0_NO_FLOOR,TRUE_ZERO_ALLOWED,TEACHER_DISCRETION,Unspecified,Unspecified,Unspecified,BOARD_POLICY_MANUAL
True,SYNTHETIC_SIMULATION_FOR_PIPELINE_VALIDATION,048-078,Kansas City 33,PASEO ACAD. OF PERFORMING ARTS,2022-2023,Pre-Reform,Fall,MATH101,Algebra I,Honors / AP / IB,37,9,15,8,3,2,24.3,40.5,21.6,8.1,5.4,5.4,18.5,17.5,94.6,,,Baseline_2022_Pre_Policy,TRADITIONAL_PCT,0_NO_FLOOR,TRUE_ZERO_ALLOWED,TEACHER_DISCRETION,Unspecified,Unspecified,Unspecified,BOARD_POLICY_MANUAL
True,SYNTHETIC_SIMULATION_FOR_PIPELINE_VALIDATION,048-078,Kansas City 33,PASEO ACAD. OF PERFORMING ARTS,2022-2023,Pre-Reform,Fall,MATH201,Geometry,General Education,66,6,12,19,13,16,9.1,18.2,28.8,19.7,24.2,24.2,33.0,25.0,75.8,,,Baseline_2022_Pre_Policy,TRADITIONAL_PCT,0_NO_FLOOR,TRUE_ZERO_ALLOWED,TEACHER_DISCRETION,Unspecified,Unspecified,Unspecified,BOARD_POLICY_MANUAL
True,SYNTHETIC_SIMULATION_FOR_PIPELINE_VALIDATION,048-078,Kansas City 33,PASEO ACAD. OF PERFORMING ARTS,2022-2023,Pre-Reform,Fall,MATH201,Geometry,Honors / AP / IB,36,10,14,7,3,2,27.8,38.9,19.4,8.3,5.6,5.6,18.0,17.0,94.4,,,Baseline_2022_Pre_Policy,TRADITIONAL_PCT,0_NO_FLOOR,TRUE_ZERO_ALLOWED,TEACHER_DISCRETION,Unspecified,Unspecified,Unspecified,BOARD_POLICY_MANUAL
True,SYNTHETIC_SIMULATION_FOR_PIPELINE_VALIDATION,048-078,Kansas City 33,PASEO ACAD. OF PERFORMING ARTS,2022-2023,Pre-Reform,Fall,ENG101,English I,General Education,73,6,14,22,15,16,8.2,19.2,30.1,20.5,21.9,21.9,36.5,28.5,78.1,,,Baseline_2022_Pre_Policy,TRADITIONAL_PCT,0_NO_FLOOR,TRUE_ZERO_ALLOWED,TEACHER_DISCRETION,Unspecified,Unspecified,Unspecified,BOARD_POLICY_MANUAL
True,SYNTHETIC_SIMULATION_FOR_PIPELINE_VALIDATION,048-078,Kansas City 33,PASEO ACAD. OF PERFORMING ARTS,2022-2023,Pre-Reform,Fall,ENG101,English I,Honors / AP / IB,42,11,17,9,3,2,26.2,40.5,21.4,7.1,4.8,4.8,21.0,20.0,95.2,,,Baseline_2022_Pre_Policy,TRADITIONAL_PCT,0_NO_FLOOR,TRUE_ZERO_ALLOWED,TEACHER_DISCRETION,Unspecified,Unspecified,Unspecified,BOARD_POLICY_MANUAL
True,SYNTHETIC_SIMULATION_FOR_PIPELINE_VALIDATION,048-078,Kansas City 33,PASEO ACAD. OF PERFORMING ARTS,2022-2023,Pre-Reform,Fall,SCI101,Biology,General Education,68,7,12,19,13,17,10.3,17.6,27.9,19.1,25.0,25.0,34.0,25.5,75.0,,,Baseline_2022_Pre_Policy,TRADITIONAL_PCT,0_NO_FLOOR,TRUE_ZERO_ALLOWED,TEACHER_DISCRETION,Unspecified,Unspecified,Unspecified,BOARD_POLICY_MANUAL
True,SYNTHETIC_SIMULATION_FOR_PIPELINE_VALIDATION,048-078,Kansas City 33,PASEO ACAD. OF PERFORMING ARTS,2022-2023,Pre-Reform,Fall,SCI101,Biology,Honors / AP / IB,38,10,16,8,3,1,26.3,42.1,21.1,7.9,2.6,2.6,19.0,18.5,97.4,,,Baseline_2022_Pre_Policy,TRADITIONAL_PCT,0_NO_FLOOR,TRUE_ZERO_ALLOWED,TEACHER_DISCRETION,Unspecified,Unspecified,Unspecified,BOARD_POLICY_MANUAL
True,SYNTHETIC_SIMULATION_FOR_PIPELINE_VALIDATION,048-078,Kansas City 33,PASEO ACAD. OF PERFORMING ARTS,2022-2023,Pre-Reform,Spring,MATH101,Algebra I,General Education,69,6,12,18,12,21,8.7,17.4,26.1,17.4,30.4,30.4,34.5,24.0,69.6,14.0,50.9,Baseline_2022_Pre_Policy,TRADITIONAL_PCT,0_NO_FLOOR,TRUE_ZERO_ALLOWED,TEACHER_DISCRETION,Unspecified,Unspecified,Unspecified,BOARD_POLICY_MANUAL
True,SYNTHETIC_SIMULATION_FOR_PIPELINE_VALIDATION,048-078,Kansas City 33,PASEO ACAD. OF PERFORMING ARTS,2022-2023,Pre-Reform,Spring,MATH101,Algebra I,Honors / AP / IB,39,10,16,8,3,2,25.6,41.0,20.5,7.7,5.1,5.1,19.5,18.5,94.9,69.2,8.2,Baseline_2022_Pre_Policy,TRADITIONAL_PCT,0_NO_FLOOR,TRUE_ZERO_ALLOWED,TEACHER_DISCRETION,Unspecified,Unspecified,Unspecified,BOARD_POLICY_MANUAL
True,SYNTHETIC_SIMULATION_FOR_PIPELINE_VALIDATION,048-078,Kansas City 33,PASEO ACAD. OF PERFORMING ARTS,2022-2023,Pre-Reform,Spring,MATH201,Geometry,General Education,78,7,14,22,15,20,9.0,17.9,28.2,19.2,25.6,25.6,39.0,29.0,74.4,,,Baseline_2022_Pre_Policy,TRADITIONAL_PCT,0_NO_FLOOR,TRUE_ZERO_ALLOWED,TEACHER_DISCRETION,Unspecified,Unspecified,Unspecified,BOARD_POLICY_MANUAL
True,SYNTHETIC_SIMULATION_FOR_PIPELINE_VALIDATION,048-078,Kansas City 33,PASEO ACAD. OF PERFORMING ARTS,2022-2023,Pre-Reform,Spring,MATH201,Geometry,Honors / AP / IB,40,11,16,8,3,2,27.5,40.0,20.0,7.5,5.0,5.0,20.0,19.0,95.0,,,Baseline_2022_Pre_Policy,TRADITIONAL_PCT,0_NO_FLOOR,TRUE_ZERO_ALLOWED,TEACHER_DISCRETION,Unspecified,Unspecified,Unspecified,BOARD_POLICY_MANUAL
True,SYNTHETIC_SIMULATION_FOR_PIPELINE_VALIDATION,048-078,Kansas City 33,PASEO ACAD. OF PERFORMING ARTS,2022-2023,Pre-Reform,Spring,ENG101,English I,General Education,72,7,13,21,14,17,9.7,18.1,29.2,19.4,23.6,23.6,36.0,27.5,76.4,,,Baseline_2022_Pre_Policy,TRADITIONAL_PCT,0_NO_FLOOR,TRUE_ZERO_ALLOWED,TEACHER_DISCRETION,Unspecified,Unspecified,Unspecified,BOARD_POLICY_MANUAL
True,SYNTHETIC_SIMULATION_FOR_PIPELINE_VALIDATION,048-078,Kansas City 33,PASEO ACAD. OF PERFORMING ARTS,2022-2023,Pre-Reform,Spring,ENG101,English I,Honors / AP / IB,35,10,14,7,3,1,28.6,40.0,20.0,8.6,2.9,2.9,17.5,17.0,97.1,,,Baseline_2022_Pre_Policy,TRADITIONAL_PCT,0_NO_FLOOR,TRUE_ZERO_ALLOWED,TEACHER_DISCRETION,Unspecified,Unspecified,Unspecified,BOARD_POLICY_MANUAL
True,SYNTHETIC_SIMULATION_FOR_PIPELINE_VALIDATION,048-078,Kansas City 33,PASEO ACAD. OF PERFORMING ARTS,2022-2023,Pre-Reform,Spring,SCI101,Biology,General Education,67,7,12,19,13,16,10.4,17.9,28.4,19.4,23.9,23.9,33.5,25.5,76.1,15.7,52.0,Baseline_2022_Pre_Policy,TRADITIONAL_PCT,0_NO_FLOOR,TRUE_ZERO_ALLOWED,TEACHER_DISCRETION,Unspecified,Unspecified,Unspecified,BOARD_POLICY_MANUAL
True,SYNTHETIC_SIMULATION_FOR_PIPELINE_VALIDATION,048-078,Kansas City 33,PASEO ACAD. OF PERFORMING ARTS,2022-2023,Pre-Reform,Spring,SCI101,Biology,Honors / AP / IB,36,10,14,7,3,2,27.8,38.9,19.4,8.3,5.6,5.6,18.0,17.0,94.4,71.5,7.7,Baseline_2022_Pre_Policy,TRADITIONAL_PCT,0_NO_FLOOR,TRUE_ZERO_ALLOWED,TEACHER_DISCRETION,Unspecified,Unspecified,Unspecified,BOARD_POLICY_MANUAL
True,SYNTHETIC_SIMULATION_FOR_PIPELINE_VALIDATION,048-078,Kansas City 33,PASEO ACAD. OF PERFORMING ARTS,2023-2024,Initial 40% Floor,Fall,MATH101,Algebra I,General Education,71,7,12,21,21,10,9.9,16.9,29.6,29.6,14.1,14.1,35.5,30.5,85.9,,,Case_A_Active_Policy_Floor_2023_24,TRADITIONAL_PCT,40_PCT_MINIMUM,FLOOR_40_UNSUBMITTED,UNIVERSAL_MANDATORY,Unspecified,Unspecified,Unspecified,SECONDARY_JOURNALISTIC_RECORD
True,SYNTHETIC_SIMULATION_FOR_PIPELINE_VALIDATION,048-078,Kansas City 33,PASEO ACAD. OF PERFORMING ARTS,2023-2024,Initial 40% Floor,Fall,MATH101,Algebra I,Honors / AP / IB,38,10,15,8,3,2,26.3,39.5,21.1,7.9,5.3,5.3,19.0,18.0,94.7,,,UNVERIFIED,UNVERIFIED,UNVERIFIED,UNVERIFIED,UNVERIFIED,,,,UNVERIFIED
True,SYNTHETIC_SIMULATION_FOR_PIPELINE_VALIDATION,048-078,Kansas City 33,PASEO ACAD. OF PERFORMING ARTS,2023-2024,Initial 40% Floor,Fall,MATH201,Geometry,General Education,66,6,12,20,20,8,9.1,18.2,30.3,30.3,12.1,12.1,33.0,29.0,87.9,,,Case_A_Active_Policy_Floor_2023_24,TRADITIONAL_PCT,40_PCT_MINIMUM,FLOOR_40_UNSUBMITTED,UNIVERSAL_MANDATORY,Unspecified,Unspecified,Unspecified,SECONDARY_JOURNALISTIC_RECORD
True,SYNTHETIC_SIMULATION_FOR_PIPELINE_VALIDATION,048-078,Kansas City 33,PASEO ACAD. OF PERFORMING ARTS,2023-2024,Initial 40% Floor,Fall,MATH201,Geometry,Honors / AP / IB,40,11,16,8,3,2,27.5,40.0,20.0,7.5,5.0,5.0,20.0,19.0,95.0,,,UNVERIFIED,UNVERIFIED,UNVERIFIED,UNVERIFIED,UNVERIFIED,,,,UNVERIFIED
True,SYNTHETIC_SIMULATION_FOR_PIPELINE_VALIDATION,048-078,Kansas City 33,PASEO ACAD. OF PERFORMING ARTS,2023-2024,Initial 40% Floor,Fall,ENG101,English I,General Education,67,6,12,21,21,7,9.0,17.9,31.3,31.3,10.4,10.4,33.5,30.0,89.6,,,Case_A_Active_Policy_Floor_2023_24,TRADITIONAL_PCT,40_PCT_MINIMUM,FLOOR_40_UNSUBMITTED,UNIVERSAL_MANDATORY,Unspecified,Unspecified,Unspecified,SECONDARY_JOURNALISTIC_RECORD
True,SYNTHETIC_SIMULATION_FOR_PIPELINE_VALIDATION,048-078,Kansas City 33,PASEO ACAD. OF PERFORMING ARTS,2023-2024,Initial 40% Floor,Fall,ENG101,English I,Honors / AP / IB,40,11,16,8,3,2,27.5,40.0,20.0,7.5,5.0,5.0,20.0,19.0,95.0,,,UNVERIFIED,UNVERIFIED,UNVERIFIED,UNVERIFIED,UNVERIFIED,,,,UNVERIFIED
True,SYNTHETIC_SIMULATION_FOR_PIPELINE_VALIDATION,048-078,Kansas City 33,PASEO ACAD. OF PERFORMING ARTS,2023-2024,Initial 40% Floor,Fall,SCI101,Biology,General Education,64,6,11,20,20,7,9.4,17.2,31.2,31.2,10.9,10.9,32.0,28.5,89.1,,,Case_A_Active_Policy_Floor_2023_24,TRADITIONAL_PCT,40_PCT_MINIMUM,FLOOR_40_UNSUBMITTED,UNIVERSAL_MANDATORY,Unspecified,Unspecified,Unspecified,SECONDARY_JOURNALISTIC_RECORD
True,SYNTHETIC_SIMULATION_FOR_PIPELINE_VALIDATION,048-078,Kansas City 33,PASEO ACAD. OF PERFORMING ARTS,2023-2024,Initial 40% Floor,Fall,SCI101,Biology,Honors / AP / IB,41,11,16,9,3,2,26.8,39.0,22.0,7.3,4.9,4.9,20.5,19.5,95.1,,,UNVERIFIED,UNVERIFIED,UNVERIFIED,UNVERIFIED,UNVERIFIED,,,,UNVERIFIED
True,SYNTHETIC_SIMULATION_FOR_PIPELINE_VALIDATION,048-078,Kansas City 33,PASEO ACAD. OF PERFORMING ARTS,2023-2024,Initial 40% Floor,Spring,MATH101,Algebra I,General Education,72,6,12,22,22,10,8.3,16.7,30.6,30.6,13.9,13.9,36.0,31.0,86.1,13.9,51.1,Case_A_Active_Policy_Floor_2023_24,TRADITIONAL_PCT,40_PCT_MINIMUM,FLOOR_40_UNSUBMITTED,UNIVERSAL_MANDATORY,Unspecified,Unspecified,Unspecified,SECONDARY_JOURNALISTIC_RECORD
True,SYNTHETIC_SIMULATION_FOR_PIPELINE_VALIDATION,048-078,Kansas City 33,PASEO ACAD. OF PERFORMING ARTS,2023-2024,Initial 40% Floor,Spring,MATH101,Algebra I,Honors / AP / IB,38,10,15,8,3,2,26.3,39.5,21.1,7.9,5.3,5.3,19.0,18.0,94.7,74.6,7.7,UNVERIFIED,UNVERIFIED,UNVERIFIED,UNVERIFIED,UNVERIFIED,,,,UNVERIFIED
True,SYNTHETIC_SIMULATION_FOR_PIPELINE_VALIDATION,048-078,Kansas City 33,PASEO ACAD. OF PERFORMING ARTS,2023-2024,Initial 40% Floor,Spring,MATH201,Geometry,General Education,65,6,11,20,20,8,9.2,16.9,30.8,30.8,12.3,12.3,32.5,28.5,87.7,,,Case_A_Active_Policy_Floor_2023_24,TRADITIONAL_PCT,40_PCT_MINIMUM,FLOOR_40_UNSUBMITTED,UNIVERSAL_MANDATORY,Unspecified,Unspecified,Unspecified,SECONDARY_JOURNALISTIC_RECORD
True,SYNTHETIC_SIMULATION_FOR_PIPELINE_VALIDATION,048-078,Kansas City 33,PASEO ACAD. OF PERFORMING ARTS,2023-2024,Initial 40% Floor,Spring,MATH201,Geometry,Honors / AP / IB,40,11,16,8,3,2,27.5,40.0,20.0,7.5,5.0,5.0,20.0,19.0,95.0,,,UNVERIFIED,UNVERIFIED,UNVERIFIED,UNVERIFIED,UNVERIFIED,,,,UNVERIFIED
True,SYNTHETIC_SIMULATION_FOR_PIPELINE_VALIDATION,048-078,Kansas City 33,PASEO ACAD. OF PERFORMING ARTS,2023-2024,Initial 40% Floor,Spring,ENG101,English I,General Education,65,6,12,20,20,7,9.2,18.5,30.8,30.8,10.8,10.8,32.5,29.0,89.2,,,Case_A_Active_Policy_Floor_2023_24,TRADITIONAL_PCT,40_PCT_MINIMUM,FLOOR_40_UNSUBMITTED,UNIVERSAL_MANDATORY,Unspecified,Unspecified,Unspecified,SECONDARY_JOURNALISTIC_RECORD
True,SYNTHETIC_SIMULATION_FOR_PIPELINE_VALIDATION,048-078,Kansas City 33,PASEO ACAD. OF PERFORMING ARTS,2023-2024,Initial 40% Floor,Spring,ENG101,English I,Honors / AP / IB,39,10,16,8,3,2,25.6,41.0,20.5,7.7,5.1,5.1,19.5,18.5,94.9,,,UNVERIFIED,UNVERIFIED,UNVERIFIED,UNVERIFIED,UNVERIFIED,,,,UNVERIFIED
True,SYNTHETIC_SIMULATION_FOR_PIPELINE_VALIDATION,048-078,Kansas City 33,PASEO ACAD. OF PERFORMING ARTS,2023-2024,Initial 40% Floor,Spring,SCI101,Biology,General Education,77,8,13,23,23,10,10.4,16.9,29.9,29.9,13.0,13.0,38.5,33.5,87.0,15.7,50.6,Case_A_Active_Policy_Floor_2023_24,TRADITIONAL_PCT,40_PCT_MINIMUM,FLOOR_40_UNSUBMITTED,UNIVERSAL_MANDATORY,Unspecified,Unspecified,Unspecified,SECONDARY_JOURNALISTIC_RECORD
True,SYNTHETIC_SIMULATION_FOR_PIPELINE_VALIDATION,048-078,Kansas City 33,PASEO ACAD. OF PERFORMING ARTS,2023-2024,Initial 40% Floor,Spring,SCI101,Biology,Honors / AP / IB,42,11,17,9,3,2,26.2,40.5,21.4,7.1,4.8,4.8,21.0,20.0,95.2,74.3,7.8,UNVERIFIED,UNVERIFIED,UNVERIFIED,UNVERIFIED,UNVERIFIED,,,,UNVERIFIED
True,SYNTHETIC_SIMULATION_FOR_PIPELINE_VALIDATION,048-078,Kansas City 33,PASEO ACAD. OF PERFORMING ARTS,2024-2025,Revised Missing-Work & Exemption,Fall,MATH101,Algebra I,General Education,78,7,14,23,19,15,9.0,17.9,29.5,24.4,19.2,19.2,39.0,31.5,80.8,,,Case_A_General_Track_Floor_2024_25,TRADITIONAL_PCT,40_PCT_MINIMUM,TRUE_ZERO_ALLOWED,UNIVERSAL_MANDATORY,10.0,40.0,50.0,PRIMARY_POLICY_DOCUMENT
True,SYNTHETIC_SIMULATION_FOR_PIPELINE_VALIDATION,048-078,Kansas City 33,PASEO ACAD. OF PERFORMING ARTS,2024-2025,Revised Missing-Work & Exemption,Fall,MATH101,Algebra I,Honors / AP / IB,40,11,16,8,3,2,27.5,40.0,20.0,7.5,5.0,5.0,20.0,19.0,95.0,,,Case_A_Honors_Exemption_Track_2024_25,TRADITIONAL_PCT,0_NO_FLOOR,TRUE_ZERO_ALLOWED,TEACHER_DISCRETION,10.0,40.0,50.0,PRIMARY_POLICY_DOCUMENT
True,SYNTHETIC_SIMULATION_FOR_PIPELINE_VALIDATION,048-078,Kansas City 33,PASEO ACAD. OF PERFORMING ARTS,2024-2025,Revised Missing-Work & Exemption,Fall,MATH201,Geometry,General Education,65,7,12,19,16,11,10.8,18.5,29.2,24.6,16.9,16.9,32.5,27.0,83.1,,,Case_A_General_Track_Floor_2024_25,TRADITIONAL_PCT,40_PCT_MINIMUM,TRUE_ZERO_ALLOWED,UNIVERSAL_MANDATORY,10.0,40.0,50.0,PRIMARY_POLICY_DOCUMENT
True,SYNTHETIC_SIMULATION_FOR_PIPELINE_VALIDATION,048-078,Kansas City 33,PASEO ACAD. OF PERFORMING ARTS,2024-2025,Revised Missing-Work & Exemption,Fall,MATH201,Geometry,Honors / AP / IB,42,11,17,9,3,2,26.2,40.5,21.4,7.1,4.8,4.8,21.0,20.0,95.2,,,Case_A_Honors_Exemption_Track_2024_25,TRADITIONAL_PCT,0_NO_FLOOR,TRUE_ZERO_ALLOWED,TEACHER_DISCRETION,10.0,40.0,50.0,PRIMARY_POLICY_DOCUMENT
True,SYNTHETIC_SIMULATION_FOR_PIPELINE_VALIDATION,048-078,Kansas City 33,PASEO ACAD. OF PERFORMING ARTS,2024-2025,Revised Missing-Work & Exemption,Fall,ENG101,English I,General Education,76,8,14,23,20,11,10.5,18.4,30.3,26.3,14.5,14.5,38.0,32.5,85.5,,,Case_A_General_Track_Floor_2024_25,TRADITIONAL_PCT,40_PCT_MINIMUM,TRUE_ZERO_ALLOWED,UNIVERSAL_MANDATORY,10.0,40.0,50.0,PRIMARY_POLICY_DOCUMENT
True,SYNTHETIC_SIMULATION_FOR_PIPELINE_VALIDATION,048-078,Kansas City 33,PASEO ACAD. OF PERFORMING ARTS,2024-2025,Revised Missing-Work & Exemption,Fall,ENG101,English I,Honors / AP / IB,35,9,14,7,3,2,25.7,40.0,20.0,8.6,5.7,5.7,17.5,16.5,94.3,,,Case_A_Honors_Exemption_Track_2024_25,TRADITIONAL_PCT,0_NO_FLOOR,TRUE_ZERO_ALLOWED,TEACHER_DISCRETION,10.0,40.0,50.0,PRIMARY_POLICY_DOCUMENT
True,SYNTHETIC_SIMULATION_FOR_PIPELINE_VALIDATION,048-078,Kansas City 33,PASEO ACAD. OF PERFORMING ARTS,2024-2025,Revised Missing-Work & Exemption,Fall,SCI101,Biology,General Education,72,7,13,22,18,12,9.7,18.1,30.6,25.0,16.7,16.7,36.0,30.0,83.3,,,Case_A_General_Track_Floor_2024_25,TRADITIONAL_PCT,40_PCT_MINIMUM,TRUE_ZERO_ALLOWED,UNIVERSAL_MANDATORY,10.0,40.0,50.0,PRIMARY_POLICY_DOCUMENT
True,SYNTHETIC_SIMULATION_FOR_PIPELINE_VALIDATION,048-078,Kansas City 33,PASEO ACAD. OF PERFORMING ARTS,2024-2025,Revised Missing-Work & Exemption,Fall,SCI101,Biology,Honors / AP / IB,41,11,16,9,3,2,26.8,39.0,22.0,7.3,4.9,4.9,20.5,19.5,95.1,,,Case_A_Honors_Exemption_Track_2024_25,TRADITIONAL_PCT,0_NO_FLOOR,TRUE_ZERO_ALLOWED,TEACHER_DISCRETION,10.0,40.0,50.0,PRIMARY_POLICY_DOCUMENT
True,SYNTHETIC_SIMULATION_FOR_PIPELINE_VALIDATION,048-078,Kansas City 33,PASEO ACAD. OF PERFORMING ARTS,2024-2025,Revised Missing-Work & Exemption,Spring,MATH101,Algebra I,General Education,69,7,12,20,16,14,10.1,17.4,29.0,23.2,20.3,20.3,34.5,27.5,79.7,13.6,52.8,Case_A_General_Track_Floor_2024_25,TRADITIONAL_PCT,40_PCT_MINIMUM,TRUE_ZERO_ALLOWED,UNIVERSAL_MANDATORY,10.0,40.0,50.0,PRIMARY_POLICY_DOCUMENT
True,SYNTHETIC_SIMULATION_FOR_PIPELINE_VALIDATION,048-078,Kansas City 33,PASEO ACAD. OF PERFORMING ARTS,2024-2025,Revised Missing-Work & Exemption,Spring,MATH101,Algebra I,Honors / AP / IB,37,9,15,8,3,2,24.3,40.5,21.6,8.1,5.4,5.4,18.5,17.5,94.6,74.3,7.9,Case_A_Honors_Exemption_Track_2024_25,TRADITIONAL_PCT,0_NO_FLOOR,TRUE_ZERO_ALLOWED,TEACHER_DISCRETION,10.0,40.0,50.0,PRIMARY_POLICY_DOCUMENT
True,SYNTHETIC_SIMULATION_FOR_PIPELINE_VALIDATION,048-078,Kansas City 33,PASEO ACAD. OF PERFORMING ARTS,2024-2025,Revised Missing-Work & Exemption,Spring,MATH201,Geometry,General Education,65,6,12,19,16,12,9.2,18.5,29.2,24.6,18.5,18.5,32.5,26.5,81.5,,,Case_A_General_Track_Floor_2024_25,TRADITIONAL_PCT,40_PCT_MINIMUM,TRUE_ZERO_ALLOWED,UNIVERSAL_MANDATORY,10.0,40.0,50.0,PRIMARY_POLICY_DOCUMENT
True,SYNTHETIC_SIMULATION_FOR_PIPELINE_VALIDATION,048-078,Kansas City 33,PASEO ACAD. OF PERFORMING ARTS,2024-2025,Revised Missing-Work & Exemption,Spring,MATH201,Geometry,Honors / AP / IB,36,10,14,7,3,2,27.8,38.9,19.4,8.3,5.6,5.6,18.0,17.0,94.4,,,Case_A_Honors_Exemption_Track_2024_25,TRADITIONAL_PCT,0_NO_FLOOR,TRUE_ZERO_ALLOWED,TEACHER_DISCRETION,10.0,40.0,50.0,PRIMARY_POLICY_DOCUMENT
True,SYNTHETIC_SIMULATION_FOR_PIPELINE_VALIDATION,048-078,Kansas City 33,PASEO ACAD. OF PERFORMING ARTS,2024-2025,Revised Missing-Work & Exemption,Spring,ENG101,English I,General Education,67,6,13,21,17,10,9.0,19.4,31.3,25.4,14.9,14.9,33.5,28.5,85.1,,,Case_A_General_Track_Floor_2024_25,TRADITIONAL_PCT,40_PCT_MINIMUM,TRUE_ZERO_ALLOWED,UNIVERSAL_MANDATORY,10.0,40.0,50.0,PRIMARY_POLICY_DOCUMENT
True,SYNTHETIC_SIMULATION_FOR_PIPELINE_VALIDATION,048-078,Kansas City 33,PASEO ACAD. OF PERFORMING ARTS,2024-2025,Revised Missing-Work & Exemption,Spring,ENG101,English I,Honors / AP / IB,34,9,14,7,3,1,26.5,41.2,20.6,8.8,2.9,2.9,17.0,16.5,97.1,,,Case_A_Honors_Exemption_Track_2024_25,TRADITIONAL_PCT,0_NO_FLOOR,TRUE_ZERO_ALLOWED,TEACHER_DISCRETION,10.0,40.0,50.0,PRIMARY_POLICY_DOCUMENT
True,SYNTHETIC_SIMULATION_FOR_PIPELINE_VALIDATION,048-078,Kansas City 33,PASEO ACAD. OF PERFORMING ARTS,2024-2025,Revised Missing-Work & Exemption,Spring,SCI101,Biology,General Education,65,7,12,19,16,11,10.8,18.5,29.2,24.6,16.9,16.9,32.5,27.0,83.1,15.7,50.5,Case_A_General_Track_Floor_2024_25,TRADITIONAL_PCT,40_PCT_MINIMUM,TRUE_ZERO_ALLOWED,UNIVERSAL_MANDATORY,10.0,40.0,50.0,PRIMARY_POLICY_DOCUMENT
True,SYNTHETIC_SIMULATION_FOR_PIPELINE_VALIDATION,048-078,Kansas City 33,PASEO ACAD. OF PERFORMING ARTS,2024-2025,Revised Missing-Work & Exemption,Spring,SCI101,Biology,Honors / AP / IB,35,9,14,7,3,2,25.7,40.0,20.0,8.6,5.7,5.7,17.5,16.5,94.3,72.0,8.3,Case_A_Honors_Exemption_Track_2024_25,TRADITIONAL_PCT,0_NO_FLOOR,TRUE_ZERO_ALLOWED,TEACHER_DISCRETION,10.0,40.0,50.0,PRIMARY_POLICY_DOCUMENT
