Textbox4,Textbox36,Textbox20,Textbox2,Textbox30
"State of Missouri
Department of Elementary and Secondary Education
School Finance Section
","ANNUAL SECRETARY OF THE BOARD REPORT (ASBR) 
Fiscal Year 2018-2019
","SECTION 162.821, RSMo, requires that one copy be filed with ... the Department of
Elementary and Secondary Education on or before August 15, 2019.

SECTION 161.527, RSMo, concerning financially stressed school districts, requires that one
copy be filed with the Department of Elementary and Secondary Education by July 15, 2019,
to be eligible for the Proposition C rollback exemption.
","Total Assessed Valuation as of December 31, 2018  400,897,673
(Exclude Tax Increment Financing AV)",CASH

Textbox68,Textbox70,Textbox61,Textbox69,Textbox63,Textbox54,INCID_FUND_UNADJ_RATE,TEACHER_FUND_UNADJ_RATE,DEBT_SERVICE_UNADJ_RATE,CAP_PROJECT_UNADJ_RATE,TOTAL_UNADJ_RATE,Textbox16,INCID_FUND_ADJ_RATE,TEACHER_FUND_ADJ_RATE,DEBT_SERVICE_ADJ_RATE,CAP_PROJECT_ADJ_RATE,TOTAL_ADJ_RATE
"General
(Incidental)
Fund","Special
Revenue
(Teachers) Fund","Debt
Service
Fund","Capital
Projects
Fund","Total
All
Funds",2018-2019 Levy Unadjusted,5.9402,0.0000,1.1000,0.0000,7.0402,2018-2019 Levy Adjusted,5.9402,0.0000,1.1000,0.0000,7.0402

REVENUE_CODE,Textbox392,GENERAL_FUND,SPECIAL_REVENUE,Textbox393,CAPITAL_PROJECTS,TOTAL
3111,Beginning Fund Balances,"5,393,051.04",0.00,"3,345,384.21","1,159,430.42","9,897,865.67"
5899,Total Revenue (See Part II),"47,311,636.74","28,822,772.79","4,657,439.37","3,752,753.13","84,544,602.03"
5999,Total Revenue And Balances,"52,704,687.78","28,822,772.79","8,002,823.58","4,912,183.55","94,442,467.70"
5510,Transfer To,0.00,"12,334,912.77",0.00,"2,536,147.47","14,871,060.24"
6710,Transfer From,"14,871,060.24",0.00,0.00,0.00,"14,871,060.24"
9999,Expenditures (See Part III),"35,239,935.15","41,157,685.56","4,245,587.50","4,229,850.45","84,873,058.66"
3112,Ending Fund Balances,"2,593,692.39",0.00,"3,757,236.08","3,218,480.57","9,569,409.04"
3412,Restr Fund Balances,"67,362.47",0.00,0.00,0.00,"67,362.47"

UnrestEndFundBalPercentage
3.31%

Textbox71,Textbox72,Textbox65,Textbox73,Textbox74,LINE_NUMBER1,NAME1,GENERAL_FUND1,SPECIAL_REVENUE1,DEBT_SERVICE1,CAPITAL_PROJECTS1,TOTAL1
"General
(Incidental)
Fund","Special
Revenue
(Teachers) Fund","Debt
Service
Fund","Capital
Projects
Fund","Total
All
Funds",1001,Professional Development,"67,362.47",0.00,0.00,0.00,"67,362.47"
"General
(Incidental)
Fund","Special
Revenue
(Teachers) Fund","Debt
Service
Fund","Capital
Projects
Fund","Total
All
Funds",1003,Student Scholarships,0.00,0.00,0.00,0.00,0.00
"General
(Incidental)
Fund","Special
Revenue
(Teachers) Fund","Debt
Service
Fund","Capital
Projects
Fund","Total
All
Funds",1004,Bond Proceeds,0.00,0.00,0.00,0.00,0.00
"General
(Incidental)
Fund","Special
Revenue
(Teachers) Fund","Debt
Service
Fund","Capital
Projects
Fund","Total
All
Funds",1005,Escrow Amt for Crossover Refunding of Bonded Debt,0.00,0.00,0.00,0.00,0.00
"General
(Incidental)
Fund","Special
Revenue
(Teachers) Fund","Debt
Service
Fund","Capital
Projects
Fund","Total
All
Funds",1006,Sinking Fund,0.00,0.00,0.00,0.00,0.00
"General
(Incidental)
Fund","Special
Revenue
(Teachers) Fund","Debt
Service
Fund","Capital
Projects
Fund","Total
All
Funds",1009,Other,0.00,0.00,0.00,0.00,0.00
"General
(Incidental)
Fund","Special
Revenue
(Teachers) Fund","Debt
Service
Fund","Capital
Projects
Fund","Total
All
Funds",1099,Total,"67,362.47",0.00,0.00,0.00,"67,362.47"

LINE_NUMBER,NAME2,Transfer_From,Transfer_To,FUND_AMOUNT
002,Teachers Fund,General (Incidental) Fund,Special Revenue (Teachers) Fund,"12,334,912.77"
003,Debt Service Balance,Debt Service Fund,Capital Projects Fund,0.00
004,Transportation Calc Cost,General (Incidental) Fund,Capital Projects Fund,0.00
005,Area Career Center,General (Incidental) Fund,Capital Projects Fund,0.00
006,Grant Match,General (Incidental) Fund,Capital Projects Fund,0.00
007,DNR Energy Conservation Loans,General (Incidental) Fund,Capital Projects Fund,0.00
008,Food Services,General (Incidental) Fund,Capital Projects Fund,"53,002.80"
009,Student Activities,General (Incidental) Fund,Capital Projects Fund,0.00
010,"$162,326 or 7%xSATxWADA",General (Incidental) Fund,Capital Projects Fund,"2,483,144.67"
011,Capital Projects Fund Interest,Capital Projects Fund,General (Incidental) Fund,0.00
012,Unspent Bond Proceeds,Capital Projects Fund,Debt Service Fund,0.00
014,Capital Projects Unrestricted Funds,Capital Projects Fund,General (Incidental) Fund,0.00
015,FY06 Designated Levy or 5%xSATxWADA (Debt Service),General (Incidental) Fund,Debt Service Fund,0.00
016,FY06 Designated Levy or 5%xSATxWADA (Capital Proje,General (Incidental) Fund,Capital Projects Fund,0.00
017,Lease Purchase prior to 01/01/97,General (Incidental) Fund,Capital Projects Fund,0.00
018,Guaranteed Energy Performance Savings Contract,General (Incidental) Fund,Capital Projects Fund,0.00
019,Excess Incidental Fund Balance,General (Incidental) Fund,Special Revenue (Teachers) Fund,0.00

Textbox164,Textbox166,TOTALS,Transfer_From_6710,Transfer_To_5510
"Transfer From
6710","Transfer To
5510",General (Incidental) Fund,"14,871,060.24",0.00
"Transfer From
6710","Transfer To
5510",Special Revenue (Teachers) Fund,0.00,"12,334,912.77"
"Transfer From
6710","Transfer To
5510",Debt Service Fund,0.00,0.00
"Transfer From
6710","Transfer To
5510",Capital Projects Fund,0.00,"2,536,147.47"
"Transfer From
6710","Transfer To
5510",Total,"14,871,060.24","14,871,060.24"

Category,Textbox12,Textbox75,Textbox76,Textbox62,Textbox77,Textbox64,REVENUE_CODE3,NAME3,GENERAL_FUND3,SPECIAL_REVENUE3,DEBT_SERVICE3,CAPITAL_PROJECTS3,TOTAL_UNADJ_RATE3
Local Revenue Detail,"Revenue
Code","General
(Incidental)
Fund","Special
Revenue
(Teachers) Fund","Debt
Service
Fund","Capital
Projects
Fund","Total
All
Funds",5111,Current Taxes,"$21,597,784.67",$0.00,"$3,999,455.10",$0.00,"$25,597,239.77"
Local Revenue Detail,"Revenue
Code","General
(Incidental)
Fund","Special
Revenue
(Teachers) Fund","Debt
Service
Fund","Capital
Projects
Fund","Total
All
Funds",5112,Delinquent Taxes,"$1,537,193.07",$0.00,"$285,528.94",$0.00,"$1,822,722.01"
Local Revenue Detail,"Revenue
Code","General
(Incidental)
Fund","Special
Revenue
(Teachers) Fund","Debt
Service
Fund","Capital
Projects
Fund","Total
All
Funds",5113,School District Trust Fund (Prop C),"$3,985,575.84","$2,391,345.50",-,-,"$6,376,921.34"
Local Revenue Detail,"Revenue
Code","General
(Incidental)
Fund","Special
Revenue
(Teachers) Fund","Debt
Service
Fund","Capital
Projects
Fund","Total
All
Funds",5114,Financial Institution Tax,$0.00,$0.00,$0.00,"$365,176.72","$365,176.72"
Local Revenue Detail,"Revenue
Code","General
(Incidental)
Fund","Special
Revenue
(Teachers) Fund","Debt
Service
Fund","Capital
Projects
Fund","Total
All
Funds",5115,M&M Surtax,$0.00,$0.00,$0.00,"$603,232.76","$603,232.76"
Local Revenue Detail,"Revenue
Code","General
(Incidental)
Fund","Special
Revenue
(Teachers) Fund","Debt
Service
Fund","Capital
Projects
Fund","Total
All
Funds",5116,In Lieu of Tax,$0.00,$0.00,$0.00,"$233,917.42","$233,917.42"
Local Revenue Detail,"Revenue
Code","General
(Incidental)
Fund","Special
Revenue
(Teachers) Fund","Debt
Service
Fund","Capital
Projects
Fund","Total
All
Funds",5117,City Sales Tax,$0.00,$0.00,$0.00,$0.00,$0.00
Local Revenue Detail,"Revenue
Code","General
(Incidental)
Fund","Special
Revenue
(Teachers) Fund","Debt
Service
Fund","Capital
Projects
Fund","Total
All
Funds",5121,Reg Day School Tuition (K - 12) from Individuals,$0.00,$0.00,-,-,$0.00
Local Revenue Detail,"Revenue
Code","General
(Incidental)
Fund","Special
Revenue
(Teachers) Fund","Debt
Service
Fund","Capital
Projects
Fund","Total
All
Funds",5122,Summer School Tuition (K - 12) from Individuals,$0.00,$0.00,-,-,$0.00
Local Revenue Detail,"Revenue
Code","General
(Incidental)
Fund","Special
Revenue
(Teachers) Fund","Debt
Service
Fund","Capital
Projects
Fund","Total
All
Funds",5123,Adult/Continuing Education Tuition - Post Secondar,$0.00,$0.00,-,-,$0.00
Local Revenue Detail,"Revenue
Code","General
(Incidental)
Fund","Special
Revenue
(Teachers) Fund","Debt
Service
Fund","Capital
Projects
Fund","Total
All
Funds",5131,Transportation Fees From Patrons,$0.00,-,-,-,$0.00
Local Revenue Detail,"Revenue
Code","General
(Incidental)
Fund","Special
Revenue
(Teachers) Fund","Debt
Service
Fund","Capital
Projects
Fund","Total
All
Funds",5141,Earnings from Temporary Deposits,"$719,017.75",$0.00,"$136,280.76","$7,638.24","$862,936.75"
Local Revenue Detail,"Revenue
Code","General
(Incidental)
Fund","Special
Revenue
(Teachers) Fund","Debt
Service
Fund","Capital
Projects
Fund","Total
All
Funds",5142,Accrued Interest on Bonds Sold,-,-,$0.00,-,$0.00
Local Revenue Detail,"Revenue
Code","General
(Incidental)
Fund","Special
Revenue
(Teachers) Fund","Debt
Service
Fund","Capital
Projects
Fund","Total
All
Funds",5143,Premium on Bonds Sold,-,-,$0.00,$0.00,$0.00
Local Revenue Detail,"Revenue
Code","General
(Incidental)
Fund","Special
Revenue
(Teachers) Fund","Debt
Service
Fund","Capital
Projects
Fund","Total
All
Funds",5151,Food Service - Sales to Pupils,$0.00,-,-,-,$0.00
Local Revenue Detail,"Revenue
Code","General
(Incidental)
Fund","Special
Revenue
(Teachers) Fund","Debt
Service
Fund","Capital
Projects
Fund","Total
All
Funds",5161,Food Service - Sales to Adults,"$17,725.45",-,-,-,"$17,725.45"
Local Revenue Detail,"Revenue
Code","General
(Incidental)
Fund","Special
Revenue
(Teachers) Fund","Debt
Service
Fund","Capital
Projects
Fund","Total
All
Funds",5165,Food Service Non-Program,"$11,369.95",-,-,-,"$11,369.95"
Local Revenue Detail,"Revenue
Code","General
(Incidental)
Fund","Special
Revenue
(Teachers) Fund","Debt
Service
Fund","Capital
Projects
Fund","Total
All
Funds",5171,Admissions - Student Activities,$0.00,$0.00,-,$0.00,$0.00
Local Revenue Detail,"Revenue
Code","General
(Incidental)
Fund","Special
Revenue
(Teachers) Fund","Debt
Service
Fund","Capital
Projects
Fund","Total
All
Funds",5172,Bookstore Sales,$0.00,$0.00,-,$0.00,$0.00
Local Revenue Detail,"Revenue
Code","General
(Incidental)
Fund","Special
Revenue
(Teachers) Fund","Debt
Service
Fund","Capital
Projects
Fund","Total
All
Funds",5173,Student Organization Membership Dues and Fees,$0.00,$0.00,-,$0.00,$0.00
Local Revenue Detail,"Revenue
Code","General
(Incidental)
Fund","Special
Revenue
(Teachers) Fund","Debt
Service
Fund","Capital
Projects
Fund","Total
All
Funds",5174,Revenue from Enterprise Activities,"$34,709.52",$0.00,-,$0.00,"$34,709.52"
Local Revenue Detail,"Revenue
Code","General
(Incidental)
Fund","Special
Revenue
(Teachers) Fund","Debt
Service
Fund","Capital
Projects
Fund","Total
All
Funds",5179,Other Pupil Activity Income,"$200,197.34",$0.00,-,$0.00,"$200,197.34"
Local Revenue Detail,"Revenue
Code","General
(Incidental)
Fund","Special
Revenue
(Teachers) Fund","Debt
Service
Fund","Capital
Projects
Fund","Total
All
Funds",5181,Community Services,"$9,330.00",$0.00,$0.00,$0.00,"$9,330.00"
Local Revenue Detail,"Revenue
Code","General
(Incidental)
Fund","Special
Revenue
(Teachers) Fund","Debt
Service
Fund","Capital
Projects
Fund","Total
All
Funds",5182,PK Tuition from Parents,$0.00,$0.00,-,$0.00,$0.00
Local Revenue Detail,"Revenue
Code","General
(Incidental)
Fund","Special
Revenue
(Teachers) Fund","Debt
Service
Fund","Capital
Projects
Fund","Total
All
Funds",5191,Rentals,"$8,180.00",-,-,$0.00,"$8,180.00"
Local Revenue Detail,"Revenue
Code","General
(Incidental)
Fund","Special
Revenue
(Teachers) Fund","Debt
Service
Fund","Capital
Projects
Fund","Total
All
Funds",5192,Gifts,$0.00,$0.00,$0.00,$0.00,$0.00
Local Revenue Detail,"Revenue
Code","General
(Incidental)
Fund","Special
Revenue
(Teachers) Fund","Debt
Service
Fund","Capital
Projects
Fund","Total
All
Funds",5195,Prior Period Adjustment,"$3,560.09","$1,215.55",$0.00,$0.00,"$4,775.64"
Local Revenue Detail,"Revenue
Code","General
(Incidental)
Fund","Special
Revenue
(Teachers) Fund","Debt
Service
Fund","Capital
Projects
Fund","Total
All
Funds",5196,Net Receipts From Clearing Accounts,$0.00,$0.00,$0.00,$0.00,$0.00
Local Revenue Detail,"Revenue
Code","General
(Incidental)
Fund","Special
Revenue
(Teachers) Fund","Debt
Service
Fund","Capital
Projects
Fund","Total
All
Funds",5198,Miscellaneous Local Revenue,"$155,725.05","$50,593.77",$0.00,"$220,376.76","$426,695.58"
Local Revenue Detail,"Revenue
Code","General
(Incidental)
Fund","Special
Revenue
(Teachers) Fund","Debt
Service
Fund","Capital
Projects
Fund","Total
All
Funds",5199,Local - Subtotal,"$28,280,368.73","$2,443,154.82","$4,421,264.80","$1,430,341.90","$36,575,130.25"
County Revenue Detail,"Revenue
Code","General
(Incidental)
Fund","Special
Revenue
(Teachers) Fund","Debt
Service
Fund","Capital
Projects
Fund","Total
All
Funds",5211,"Fines, Escheats, Etc.",-,"$32,013.79",-,-,"$32,013.79"
County Revenue Detail,"Revenue
Code","General
(Incidental)
Fund","Special
Revenue
(Teachers) Fund","Debt
Service
Fund","Capital
Projects
Fund","Total
All
Funds",5221,State Assessed Utilities,"$976,388.28",$0.00,"$236,174.57",$0.00,"$1,212,562.85"
County Revenue Detail,"Revenue
Code","General
(Incidental)
Fund","Special
Revenue
(Teachers) Fund","Debt
Service
Fund","Capital
Projects
Fund","Total
All
Funds",5222,County Stock Insurance Fund,$0.00,$0.00,$0.00,$0.00,$0.00
County Revenue Detail,"Revenue
Code","General
(Incidental)
Fund","Special
Revenue
(Teachers) Fund","Debt
Service
Fund","Capital
Projects
Fund","Total
All
Funds",5231,"Fed Prop (Include Fed Forest, Flood & Mineral)",$0.00,$0.00,$0.00,$0.00,$0.00
County Revenue Detail,"Revenue
Code","General
(Incidental)
Fund","Special
Revenue
(Teachers) Fund","Debt
Service
Fund","Capital
Projects
Fund","Total
All
Funds",5232,"Penalties, Concentrated Animal Feed Oper",-,$0.00,-,-,$0.00
County Revenue Detail,"Revenue
Code","General
(Incidental)
Fund","Special
Revenue
(Teachers) Fund","Debt
Service
Fund","Capital
Projects
Fund","Total
All
Funds",5237,Other - County,$0.00,$0.00,$0.00,$0.00,$0.00
County Revenue Detail,"Revenue
Code","General
(Incidental)
Fund","Special
Revenue
(Teachers) Fund","Debt
Service
Fund","Capital
Projects
Fund","Total
All
Funds",5299,County - Subtotal,"$976,388.28","$32,013.79","$236,174.57",$0.00,"$1,244,576.64"
State Revenue Detail,"Revenue
Code","General
(Incidental)
Fund","Special
Revenue
(Teachers) Fund","Debt
Service
Fund","Capital
Projects
Fund","Total
All
Funds",5311,Basic Formula - State Monies,"$7,439,295.90","$22,317,887.72",-,-,"$29,757,183.62"
State Revenue Detail,"Revenue
Code","General
(Incidental)
Fund","Special
Revenue
(Teachers) Fund","Debt
Service
Fund","Capital
Projects
Fund","Total
All
Funds",5312,Transportation,"$1,123,274.00",-,-,-,"$1,123,274.00"
State Revenue Detail,"Revenue
Code","General
(Incidental)
Fund","Special
Revenue
(Teachers) Fund","Debt
Service
Fund","Capital
Projects
Fund","Total
All
Funds",5314,Early Childhood Special Education,"$1,278,875.42","$833,782.52",-,"$164,900.00","$2,277,557.94"
State Revenue Detail,"Revenue
Code","General
(Incidental)
Fund","Special
Revenue
(Teachers) Fund","Debt
Service
Fund","Capital
Projects
Fund","Total
All
Funds",5317,Career Ladder/Excellence in Education Act,-,$0.00,-,-,$0.00
State Revenue Detail,"Revenue
Code","General
(Incidental)
Fund","Special
Revenue
(Teachers) Fund","Debt
Service
Fund","Capital
Projects
Fund","Total
All
Funds",5319,Basic Formula - Classroom Trust Fund,$0.00,$0.00,$0.00,"$2,059,048.95","$2,059,048.95"
State Revenue Detail,"Revenue
Code","General
(Incidental)
Fund","Special
Revenue
(Teachers) Fund","Debt
Service
Fund","Capital
Projects
Fund","Total
All
Funds",5322,Career Education/At Risk,$0.00,$0.00,-,-,$0.00
State Revenue Detail,"Revenue
Code","General
(Incidental)
Fund","Special
Revenue
(Teachers) Fund","Debt
Service
Fund","Capital
Projects
Fund","Total
All
Funds",5324,Educational Screening Prog/PAT,"$45,991.80","$27,048.20",-,-,"$73,040.00"
State Revenue Detail,"Revenue
Code","General
(Incidental)
Fund","Special
Revenue
(Teachers) Fund","Debt
Service
Fund","Capital
Projects
Fund","Total
All
Funds",5325,Small Schools Grant,$0.00,$0.00,-,-,$0.00
State Revenue Detail,"Revenue
Code","General
(Incidental)
Fund","Special
Revenue
(Teachers) Fund","Debt
Service
Fund","Capital
Projects
Fund","Total
All
Funds",5332,Career Education,"$15,770.00",$0.00,-,$0.00,"$15,770.00"
State Revenue Detail,"Revenue
Code","General
(Incidental)
Fund","Special
Revenue
(Teachers) Fund","Debt
Service
Fund","Capital
Projects
Fund","Total
All
Funds",5333,Food Service - State,"$29,652.03",-,-,-,"$29,652.03"
State Revenue Detail,"Revenue
Code","General
(Incidental)
Fund","Special
Revenue
(Teachers) Fund","Debt
Service
Fund","Capital
Projects
Fund","Total
All
Funds",5337,Adult Education & Literacy (AEL),$0.00,$0.00,-,$0.00,$0.00
State Revenue Detail,"Revenue
Code","General
(Incidental)
Fund","Special
Revenue
(Teachers) Fund","Debt
Service
Fund","Capital
Projects
Fund","Total
All
Funds",5359,Career Education Enhancement Grant,$0.00,$0.00,-,$0.00,$0.00
State Revenue Detail,"Revenue
Code","General
(Incidental)
Fund","Special
Revenue
(Teachers) Fund","Debt
Service
Fund","Capital
Projects
Fund","Total
All
Funds",5366,MO Dept of Nat Res (DNR) Energy Loan,$0.00,$0.00,-,$0.00,$0.00
State Revenue Detail,"Revenue
Code","General
(Incidental)
Fund","Special
Revenue
(Teachers) Fund","Debt
Service
Fund","Capital
Projects
Fund","Total
All
Funds",5369,Residential Placement/Excess Cost,"$184,656.55",$0.00,-,$0.00,"$184,656.55"
State Revenue Detail,"Revenue
Code","General
(Incidental)
Fund","Special
Revenue
(Teachers) Fund","Debt
Service
Fund","Capital
Projects
Fund","Total
All
Funds",5371,Readers For The Blind,$0.00,$0.00,-,$0.00,$0.00
State Revenue Detail,"Revenue
Code","General
(Incidental)
Fund","Special
Revenue
(Teachers) Fund","Debt
Service
Fund","Capital
Projects
Fund","Total
All
Funds",5372,State Emer Management Agency (SEMA) Funds,$0.00,$0.00,-,$0.00,$0.00
State Revenue Detail,"Revenue
Code","General
(Incidental)
Fund","Special
Revenue
(Teachers) Fund","Debt
Service
Fund","Capital
Projects
Fund","Total
All
Funds",5381,High Need Fund - Special Education,"$251,452.84",$0.00,-,$0.00,"$251,452.84"
State Revenue Detail,"Revenue
Code","General
(Incidental)
Fund","Special
Revenue
(Teachers) Fund","Debt
Service
Fund","Capital
Projects
Fund","Total
All
Funds",5382,Missouri Preschool Project,"$147,516.50","$264,323.50",-,$0.00,"$411,840.00"
State Revenue Detail,"Revenue
Code","General
(Incidental)
Fund","Special
Revenue
(Teachers) Fund","Debt
Service
Fund","Capital
Projects
Fund","Total
All
Funds",5397,Other - State,"$4,449.10",$0.00,-,$0.00,"$4,449.10"
State Revenue Detail,"Revenue
Code","General
(Incidental)
Fund","Special
Revenue
(Teachers) Fund","Debt
Service
Fund","Capital
Projects
Fund","Total
All
Funds",5399,State - Subtotal,"$10,520,934.14","$23,443,041.94",$0.00,"$2,223,948.95","$36,187,925.03"
Federal Revenue Detail,"Revenue
Code","General
(Incidental)
Fund","Special
Revenue
(Teachers) Fund","Debt
Service
Fund","Capital
Projects
Fund","Total
All
Funds",5411,Impact Aid (P.L. 81-874),$0.00,$0.00,-,$0.00,$0.00
Federal Revenue Detail,"Revenue
Code","General
(Incidental)
Fund","Special
Revenue
(Teachers) Fund","Debt
Service
Fund","Capital
Projects
Fund","Total
All
Funds",5412,Medicaid,"$273,540.31","$5,002.00",-,$0.00,"$278,542.31"
Federal Revenue Detail,"Revenue
Code","General
(Incidental)
Fund","Special
Revenue
(Teachers) Fund","Debt
Service
Fund","Capital
Projects
Fund","Total
All
Funds",5418,Reserve Officer Training Corps (ROTC),"$2,194.22","$73,859.41",-,$0.00,"$76,053.63"
Federal Revenue Detail,"Revenue
Code","General
(Incidental)
Fund","Special
Revenue
(Teachers) Fund","Debt
Service
Fund","Capital
Projects
Fund","Total
All
Funds",5421,Child Development Associate (CDA) Grant,$0.00,$0.00,-,$0.00,$0.00
Federal Revenue Detail,"Revenue
Code","General
(Incidental)
Fund","Special
Revenue
(Teachers) Fund","Debt
Service
Fund","Capital
Projects
Fund","Total
All
Funds",5427,"Perkins Basic Grant, Career Education","$89,059.23","$4,319.00",-,"$20,383.14","$113,761.37"
Federal Revenue Detail,"Revenue
Code","General
(Incidental)
Fund","Special
Revenue
(Teachers) Fund","Debt
Service
Fund","Capital
Projects
Fund","Total
All
Funds",5436,Adult Education & Literacy (AEL),$0.00,$0.00,-,$0.00,$0.00
Federal Revenue Detail,"Revenue
Code","General
(Incidental)
Fund","Special
Revenue
(Teachers) Fund","Debt
Service
Fund","Capital
Projects
Fund","Total
All
Funds",5437,IDEA Grants,"$7,385.72","$3,710.51",-,$0.00,"$11,096.23"
Federal Revenue Detail,"Revenue
Code","General
(Incidental)
Fund","Special
Revenue
(Teachers) Fund","Debt
Service
Fund","Capital
Projects
Fund","Total
All
Funds",5438,Non-IDEA Special Education Grants,$0.00,$0.00,-,$0.00,$0.00
Federal Revenue Detail,"Revenue
Code","General
(Incidental)
Fund","Special
Revenue
(Teachers) Fund","Debt
Service
Fund","Capital
Projects
Fund","Total
All
Funds",5441,"IDEA Entitlement Funds, Part B IDEA","$288,417.41","$1,767,651.87",-,$0.00,"$2,056,069.28"
Federal Revenue Detail,"Revenue
Code","General
(Incidental)
Fund","Special
Revenue
(Teachers) Fund","Debt
Service
Fund","Capital
Projects
Fund","Total
All
Funds",5442,Early Childhood Special Education - Federal,"$174,187.00",$0.00,-,$0.00,"$174,187.00"
Federal Revenue Detail,"Revenue
Code","General
(Incidental)
Fund","Special
Revenue
(Teachers) Fund","Debt
Service
Fund","Capital
Projects
Fund","Total
All
Funds",5444,National School Lunch Equipment Grant,-,-,-,$0.00,$0.00
Federal Revenue Detail,"Revenue
Code","General
(Incidental)
Fund","Special
Revenue
(Teachers) Fund","Debt
Service
Fund","Capital
Projects
Fund","Total
All
Funds",5445,School Lunch Program,"$2,592,824.40",-,-,-,"$2,592,824.40"
Federal Revenue Detail,"Revenue
Code","General
(Incidental)
Fund","Special
Revenue
(Teachers) Fund","Debt
Service
Fund","Capital
Projects
Fund","Total
All
Funds",5446,School Breakfast Program,"$1,290,987.88",-,-,-,"$1,290,987.88"
Federal Revenue Detail,"Revenue
Code","General
(Incidental)
Fund","Special
Revenue
(Teachers) Fund","Debt
Service
Fund","Capital
Projects
Fund","Total
All
Funds",5447,Special Milk Program,$0.00,-,-,-,$0.00
Federal Revenue Detail,"Revenue
Code","General
(Incidental)
Fund","Special
Revenue
(Teachers) Fund","Debt
Service
Fund","Capital
Projects
Fund","Total
All
Funds",5448,After School Snack Program,$0.00,-,-,-,$0.00
Federal Revenue Detail,"Revenue
Code","General
(Incidental)
Fund","Special
Revenue
(Teachers) Fund","Debt
Service
Fund","Capital
Projects
Fund","Total
All
Funds",5449,Fresh Fruits and Vegetable Program,$0.00,-,-,-,$0.00
Federal Revenue Detail,"Revenue
Code","General
(Incidental)
Fund","Special
Revenue
(Teachers) Fund","Debt
Service
Fund","Capital
Projects
Fund","Total
All
Funds",5451,Title I - ESEA,"$1,839,588.99","$897,988.41",-,"$36,389.00","$2,773,966.40"
Federal Revenue Detail,"Revenue
Code","General
(Incidental)
Fund","Special
Revenue
(Teachers) Fund","Debt
Service
Fund","Capital
Projects
Fund","Total
All
Funds",5452,"Title I, Part C - Migrant Education",$0.00,$0.00,-,$0.00,$0.00
Federal Revenue Detail,"Revenue
Code","General
(Incidental)
Fund","Special
Revenue
(Teachers) Fund","Debt
Service
Fund","Capital
Projects
Fund","Total
All
Funds",5459,21st Century Community Learning Center/Afterschool,$0.00,$0.00,-,$0.00,$0.00
Federal Revenue Detail,"Revenue
Code","General
(Incidental)
Fund","Special
Revenue
(Teachers) Fund","Debt
Service
Fund","Capital
Projects
Fund","Total
All
Funds",5461,Title IV.A Student Support and Academic Enrichment,"$28,361.36","$32,963.65",-,$0.00,"$61,325.01"
Federal Revenue Detail,"Revenue
Code","General
(Incidental)
Fund","Special
Revenue
(Teachers) Fund","Debt
Service
Fund","Capital
Projects
Fund","Total
All
Funds",5462,"Title III, ESEA - English Language Acquisition","$42,530.64",$0.00,-,$0.00,"$42,530.64"
Federal Revenue Detail,"Revenue
Code","General
(Incidental)
Fund","Special
Revenue
(Teachers) Fund","Debt
Service
Fund","Capital
Projects
Fund","Total
All
Funds",5463,Educ For Homeless Children & Youth,$0.00,$0.00,-,$0.00,$0.00
Federal Revenue Detail,"Revenue
Code","General
(Incidental)
Fund","Special
Revenue
(Teachers) Fund","Debt
Service
Fund","Capital
Projects
Fund","Total
All
Funds",5465,"Title II, Part A&B, ESEA - Teacher & Principal Tra","$191,655.13","$67,983.42",-,$0.00,"$259,638.55"
Federal Revenue Detail,"Revenue
Code","General
(Incidental)
Fund","Special
Revenue
(Teachers) Fund","Debt
Service
Fund","Capital
Projects
Fund","Total
All
Funds",5472,Childcare Development Fund Grant,$0.00,$0.00,-,$0.00,$0.00
Federal Revenue Detail,"Revenue
Code","General
(Incidental)
Fund","Special
Revenue
(Teachers) Fund","Debt
Service
Fund","Capital
Projects
Fund","Total
All
Funds",5477,Federal Emergency Mgt Agency (FEMA) Funds,$0.00,$0.00,-,$0.00,$0.00
Federal Revenue Detail,"Revenue
Code","General
(Incidental)
Fund","Special
Revenue
(Teachers) Fund","Debt
Service
Fund","Capital
Projects
Fund","Total
All
Funds",5478,Vocational Rehabilitation,$0.00,$0.00,-,-,$0.00
Federal Revenue Detail,"Revenue
Code","General
(Incidental)
Fund","Special
Revenue
(Teachers) Fund","Debt
Service
Fund","Capital
Projects
Fund","Total
All
Funds",5481,Dept of Health Food Service Program,"$627,640.13",$0.00,-,$0.00,"$627,640.13"
Federal Revenue Detail,"Revenue
Code","General
(Incidental)
Fund","Special
Revenue
(Teachers) Fund","Debt
Service
Fund","Capital
Projects
Fund","Total
All
Funds",5483,Headstart,$0.00,$0.00,-,$0.00,$0.00
Federal Revenue Detail,"Revenue
Code","General
(Incidental)
Fund","Special
Revenue
(Teachers) Fund","Debt
Service
Fund","Capital
Projects
Fund","Total
All
Funds",5484,Pell Grants,$0.00,-,-,-,$0.00
Federal Revenue Detail,"Revenue
Code","General
(Incidental)
Fund","Special
Revenue
(Teachers) Fund","Debt
Service
Fund","Capital
Projects
Fund","Total
All
Funds",5486,"Impact Aid, Restricted Purpose",$0.00,$0.00,-,$0.00,$0.00
Federal Revenue Detail,"Revenue
Code","General
(Incidental)
Fund","Special
Revenue
(Teachers) Fund","Debt
Service
Fund","Capital
Projects
Fund","Total
All
Funds",5492,"Title VI, Part B Rural Education Initiative",$0.00,$0.00,-,$0.00,$0.00
Federal Revenue Detail,"Revenue
Code","General
(Incidental)
Fund","Special
Revenue
(Teachers) Fund","Debt
Service
Fund","Capital
Projects
Fund","Total
All
Funds",5497,Other - Federal,"$4,800.00",$0.00,$0.00,$0.00,"$4,800.00"
Federal Revenue Detail,"Revenue
Code","General
(Incidental)
Fund","Special
Revenue
(Teachers) Fund","Debt
Service
Fund","Capital
Projects
Fund","Total
All
Funds",5499,Federal - Subtotal,"$7,453,172.42","$2,853,478.27",$0.00,"$56,772.14","$10,363,422.83"
Other Revenue Detail,"Revenue
Code","General
(Incidental)
Fund","Special
Revenue
(Teachers) Fund","Debt
Service
Fund","Capital
Projects
Fund","Total
All
Funds",5611,Sale of Bonds,-,-,-,$0.00,$0.00
Other Revenue Detail,"Revenue
Code","General
(Incidental)
Fund","Special
Revenue
(Teachers) Fund","Debt
Service
Fund","Capital
Projects
Fund","Total
All
Funds",5613,Sales of Bonds - QZAB (ARRA),-,-,-,$0.00,$0.00
Other Revenue Detail,"Revenue
Code","General
(Incidental)
Fund","Special
Revenue
(Teachers) Fund","Debt
Service
Fund","Capital
Projects
Fund","Total
All
Funds",5631,Net Insurance Recovery,"$80,773.17",-,-,"$32,435.89","$113,209.06"
Other Revenue Detail,"Revenue
Code","General
(Incidental)
Fund","Special
Revenue
(Teachers) Fund","Debt
Service
Fund","Capital
Projects
Fund","Total
All
Funds",5641,Sale of School Buses,-,-,-,$0.00,$0.00
Other Revenue Detail,"Revenue
Code","General
(Incidental)
Fund","Special
Revenue
(Teachers) Fund","Debt
Service
Fund","Capital
Projects
Fund","Total
All
Funds",5651,Sale of Other Property,$0.00,-,-,"$9,254.25","$9,254.25"
Other Revenue Detail,"Revenue
Code","General
(Incidental)
Fund","Special
Revenue
(Teachers) Fund","Debt
Service
Fund","Capital
Projects
Fund","Total
All
Funds",5691,Temporary Direct Deposit Revenues,-,-,$0.00,-,$0.00
Other Revenue Detail,"Revenue
Code","General
(Incidental)
Fund","Special
Revenue
(Teachers) Fund","Debt
Service
Fund","Capital
Projects
Fund","Total
All
Funds",5692,Refunding Bonds,-,-,$0.00,-,$0.00
Other Revenue Detail,"Revenue
Code","General
(Incidental)
Fund","Special
Revenue
(Teachers) Fund","Debt
Service
Fund","Capital
Projects
Fund","Total
All
Funds",5699,Other Revenue Subtotal,"$80,773.17",$0.00,$0.00,"$41,690.14","$122,463.31"
Other Revenue Detail,"Revenue
Code","General
(Incidental)
Fund","Special
Revenue
(Teachers) Fund","Debt
Service
Fund","Capital
Projects
Fund","Total
All
Funds",5811,Tuition From Other LEAs - Regular Term,$0.00,$0.00,-,-,$0.00
Other Revenue Detail,"Revenue
Code","General
(Incidental)
Fund","Special
Revenue
(Teachers) Fund","Debt
Service
Fund","Capital
Projects
Fund","Total
All
Funds",5812,Tuition From Other LEAs - Summer School,$0.00,$0.00,-,-,$0.00
Other Revenue Detail,"Revenue
Code","General
(Incidental)
Fund","Special
Revenue
(Teachers) Fund","Debt
Service
Fund","Capital
Projects
Fund","Total
All
Funds",5821,Area Voc Fees From Other LEAs,$0.00,$0.00,-,-,$0.00
Other Revenue Detail,"Revenue
Code","General
(Incidental)
Fund","Special
Revenue
(Teachers) Fund","Debt
Service
Fund","Capital
Projects
Fund","Total
All
Funds",5831,Contracted Educational Services,$0.00,"$51,083.97",-,-,"$51,083.97"
Other Revenue Detail,"Revenue
Code","General
(Incidental)
Fund","Special
Revenue
(Teachers) Fund","Debt
Service
Fund","Capital
Projects
Fund","Total
All
Funds",5841,Transportation From Other LEAs for Non-Disabled Ro,$0.00,-,-,-,$0.00
Other Revenue Detail,"Revenue
Code","General
(Incidental)
Fund","Special
Revenue
(Teachers) Fund","Debt
Service
Fund","Capital
Projects
Fund","Total
All
Funds",5842,Trans. Amts. from other LEAs for K-12 Disabled Stu,$0.00,-,-,$0.00,$0.00
Other Revenue Detail,"Revenue
Code","General
(Incidental)
Fund","Special
Revenue
(Teachers) Fund","Debt
Service
Fund","Capital
Projects
Fund","Total
All
Funds",5843,Transportation from other LEAs for ECSE,$0.00,-,-,-,$0.00
Other Revenue Detail,"Revenue
Code","General
(Incidental)
Fund","Special
Revenue
(Teachers) Fund","Debt
Service
Fund","Capital
Projects
Fund","Total
All
Funds",5898,Receipts Other Districts - Subtotal,$0.00,"$51,083.97",$0.00,$0.00,"$51,083.97"

Textbox17,Textbox87,Textbox90,Textbox66,Textbox91,Textbox67,REVENUE_CODE2,Name,GENERAL_FUND2,SPECIAL_REVENUE2,DEBT_SERVICE2,CAPITAL_PROJECTS2,TOTAL_UNADJ_RATE2
"Revenue
Code","General
(Incidental)
Fund","Special
Revenue
(Teachers) Fund","Debt
Service
Fund","Capital
Projects
Fund","Total
All
Funds",5899,Total Revenues,"47,311,636.74","28,822,772.79","4,657,439.37","3,752,753.13","84,544,602.03"

Project_Code1,CodeName,General_Fund_Project_Code,Special_Revenue_Project_Code,Debt_Service_Project_Code,Capital_Projects_Project_Code,Total_Project_Code
33200,CTE Base and Performance Grant,"$15,770.00",$0.00,$0.00,$0.00,"$15,770.00"
42701,Perkins Grant - Secondary,"$85,734.23","$4,319.00",$0.00,"$20,383.14","$110,436.37"
42702,Perkins - Pathways for Teachers Grant,"$3,325.00",$0.00,$0.00,$0.00,"$3,325.00"
43703,Special Education High Need Fund - Federal,"$7,138.48",$0.00,$0.00,$0.00,"$7,138.48"
43706,State-Wide Collaborative Work Initiative,$247.24,"$3,710.51",$0.00,$0.00,"$3,957.75"
44100,"IDEA Entitlement Funds, Part B IDEA","$288,417.41","$1,767,651.87",$0.00,$0.00,"$2,056,069.28"
44200,IDEA - 611 ECSE Portion,"$119,629.00",$0.00,$0.00,$0.00,"$119,629.00"
44201,IDEA - 619 Preschool Grant,"$54,558.00",$0.00,$0.00,$0.00,"$54,558.00"
45100,Title I,"$1,726,231.52","$868,727.38",$0.00,$849.00,"$2,595,807.90"
45102,Title I School Improvement (a),"$113,357.47","$29,261.03",$0.00,"$35,540.00","$178,158.50"
46100,Title IV.A Student Support and Academic Enrichment,"$28,361.36","$32,963.65",$0.00,$0.00,"$61,325.01"
46200,Title III LEP,"$32,653.40",$0.00,$0.00,$0.00,"$32,653.40"
46201,Title III Immigrant,"$9,877.24",$0.00,$0.00,$0.00,"$9,877.24"
46500,Title II.A,"$191,655.13","$54,383.42",$0.00,$0.00,"$246,038.55"
46501,Math and Science Partnerships ,$0.00,"$13,600.00",$0.00,$0.00,"$13,600.00"

Textbox348,Textbox351,Textbox352,Textbox353,Textbox354,Textbox355,Textbox356
-,-,$0.00,$0.00,$0.00,$0.00,$0.00

Category2,Textbox229,Textbox231,Textbox232,Textbox233,Textbox234,Textbox235,REPORTING_FUND_CODE,NAME4,GENERAL_FUND4,SPECIAL_REVENUE4,Textbox236,CAPITAL_PROJECTS4,TOTAL_UNADJ_RATE4
Instruction Expenditures,"Function
Code","General
(Incidental)
Fund","Special
Revenue
(Teachers) Fund","Debt
Service
Fund","Capital
Projects
Fund","Total
All
Funds",1111,Elementary,"$264,519.32","$12,142,328.42",-,$0.00,"$12,406,847.74"
Instruction Expenditures,"Function
Code","General
(Incidental)
Fund","Special
Revenue
(Teachers) Fund","Debt
Service
Fund","Capital
Projects
Fund","Total
All
Funds",1131,Middle/Junior High,"$65,517.86","$2,214,222.91",-,"$29,198.04","$2,308,938.81"
Instruction Expenditures,"Function
Code","General
(Incidental)
Fund","Special
Revenue
(Teachers) Fund","Debt
Service
Fund","Capital
Projects
Fund","Total
All
Funds",1151,Senior High,"$218,480.69","$4,854,301.02",-,"$93,185.21","$5,165,966.92"
Instruction Expenditures,"Function
Code","General
(Incidental)
Fund","Special
Revenue
(Teachers) Fund","Debt
Service
Fund","Capital
Projects
Fund","Total
All
Funds",1191,Summer School (Regular),"$37,963.36","$260,631.96",-,$0.00,"$298,595.32"
Instruction Expenditures,"Function
Code","General
(Incidental)
Fund","Special
Revenue
(Teachers) Fund","Debt
Service
Fund","Capital
Projects
Fund","Total
All
Funds",1192,Juvenile Program,$0.00,"$182,471.67",-,$0.00,"$182,471.67"
Instruction Expenditures,"Function
Code","General
(Incidental)
Fund","Special
Revenue
(Teachers) Fund","Debt
Service
Fund","Capital
Projects
Fund","Total
All
Funds",1193,Alternative Programs,"$3,049.16","$142,404.77",-,$0.00,"$145,453.93"
Instruction Expenditures,"Function
Code","General
(Incidental)
Fund","Special
Revenue
(Teachers) Fund","Debt
Service
Fund","Capital
Projects
Fund","Total
All
Funds",1194,Residential/Treatment Facilities,$0.00,$0.00,-,$0.00,$0.00
Instruction Expenditures,"Function
Code","General
(Incidental)
Fund","Special
Revenue
(Teachers) Fund","Debt
Service
Fund","Capital
Projects
Fund","Total
All
Funds",1195,Virtual Instruction,$90.95,"$28,148.15",-,$0.00,"$28,239.10"
Instruction Expenditures,"Function
Code","General
(Incidental)
Fund","Special
Revenue
(Teachers) Fund","Debt
Service
Fund","Capital
Projects
Fund","Total
All
Funds",1211,Gifted & Talented,"$62,361.89","$465,435.30",-,$0.00,"$527,797.19"
Instruction Expenditures,"Function
Code","General
(Incidental)
Fund","Special
Revenue
(Teachers) Fund","Debt
Service
Fund","Capital
Projects
Fund","Total
All
Funds",1221,Special Education and Related Services,"$1,303,731.66","$3,923,614.51",-,"$22,865.16","$5,250,211.33"
Instruction Expenditures,"Function
Code","General
(Incidental)
Fund","Special
Revenue
(Teachers) Fund","Debt
Service
Fund","Capital
Projects
Fund","Total
All
Funds",1223,Coordinated Early Intervening Services,$0.00,$0.00,-,$0.00,$0.00
Instruction Expenditures,"Function
Code","General
(Incidental)
Fund","Special
Revenue
(Teachers) Fund","Debt
Service
Fund","Capital
Projects
Fund","Total
All
Funds",1224,Proportionate Share Services,$0.00,"$1,911.46",-,$0.00,"$1,911.46"
Instruction Expenditures,"Function
Code","General
(Incidental)
Fund","Special
Revenue
(Teachers) Fund","Debt
Service
Fund","Capital
Projects
Fund","Total
All
Funds",1251,Supplemental Instruction,"$1,284,786.84","$585,062.94",-,"$70,517.79","$1,940,367.57"
Instruction Expenditures,"Function
Code","General
(Incidental)
Fund","Special
Revenue
(Teachers) Fund","Debt
Service
Fund","Capital
Projects
Fund","Total
All
Funds",1252,Migrant,$0.00,$0.00,-,$0.00,$0.00
Instruction Expenditures,"Function
Code","General
(Incidental)
Fund","Special
Revenue
(Teachers) Fund","Debt
Service
Fund","Capital
Projects
Fund","Total
All
Funds",1253,Institutions for Adjudicated Students,$0.00,$0.00,-,$0.00,$0.00
Instruction Expenditures,"Function
Code","General
(Incidental)
Fund","Special
Revenue
(Teachers) Fund","Debt
Service
Fund","Capital
Projects
Fund","Total
All
Funds",1254,Institutions for Neglected Students,"$327,769.40","$728,467.75",-,$0.00,"$1,056,237.15"
Instruction Expenditures,"Function
Code","General
(Incidental)
Fund","Special
Revenue
(Teachers) Fund","Debt
Service
Fund","Capital
Projects
Fund","Total
All
Funds",1271,Bilingual,"$278,999.32","$825,498.42",-,$0.00,"$1,104,497.74"
Instruction Expenditures,"Function
Code","General
(Incidental)
Fund","Special
Revenue
(Teachers) Fund","Debt
Service
Fund","Capital
Projects
Fund","Total
All
Funds",1281,Early Childhood Special Education,"$794,144.36","$806,930.41",-,"$1,914.84","$1,602,989.61"
Instruction Expenditures,"Function
Code","General
(Incidental)
Fund","Special
Revenue
(Teachers) Fund","Debt
Service
Fund","Capital
Projects
Fund","Total
All
Funds",1311,Agricultural Education,$0.00,$0.00,-,$0.00,$0.00
Instruction Expenditures,"Function
Code","General
(Incidental)
Fund","Special
Revenue
(Teachers) Fund","Debt
Service
Fund","Capital
Projects
Fund","Total
All
Funds",1321,Business Education,"$41,316.57","$438,407.20",-,"$14,249.14","$493,972.91"
Instruction Expenditures,"Function
Code","General
(Incidental)
Fund","Special
Revenue
(Teachers) Fund","Debt
Service
Fund","Capital
Projects
Fund","Total
All
Funds",1331,Family and Consumer Sciences Education,"$28,983.95","$326,890.92",-,"$1,439.00","$357,313.87"
Instruction Expenditures,"Function
Code","General
(Incidental)
Fund","Special
Revenue
(Teachers) Fund","Debt
Service
Fund","Capital
Projects
Fund","Total
All
Funds",1341,Health Sciences Education,"$43,027.14","$1,159.60",-,"$3,200.00","$47,386.74"
Instruction Expenditures,"Function
Code","General
(Incidental)
Fund","Special
Revenue
(Teachers) Fund","Debt
Service
Fund","Capital
Projects
Fund","Total
All
Funds",1351,Marketing and Cooperative Education,$0.00,$0.00,-,$0.00,$0.00
Instruction Expenditures,"Function
Code","General
(Incidental)
Fund","Special
Revenue
(Teachers) Fund","Debt
Service
Fund","Capital
Projects
Fund","Total
All
Funds",1361,Trade and Industrial Education,$0.00,$0.00,-,$0.00,$0.00
Instruction Expenditures,"Function
Code","General
(Incidental)
Fund","Special
Revenue
(Teachers) Fund","Debt
Service
Fund","Capital
Projects
Fund","Total
All
Funds",1371,Project Lead the Way,"$63,173.30","$379,296.04",-,"$1,495.00","$443,964.34"
Instruction Expenditures,"Function
Code","General
(Incidental)
Fund","Special
Revenue
(Teachers) Fund","Debt
Service
Fund","Capital
Projects
Fund","Total
All
Funds",1381,Career Education Special Needs,$0.00,$0.00,-,$0.00,$0.00
Instruction Expenditures,"Function
Code","General
(Incidental)
Fund","Special
Revenue
(Teachers) Fund","Debt
Service
Fund","Capital
Projects
Fund","Total
All
Funds",1391,Other Career Education (Non-Program Specific),"$1,862.50","$68,550.20",-,$0.00,"$70,412.70"
Instruction Expenditures,"Function
Code","General
(Incidental)
Fund","Special
Revenue
(Teachers) Fund","Debt
Service
Fund","Capital
Projects
Fund","Total
All
Funds",1411,Student Activities,"$245,670.95","$8,116.94",-,"$5,186.05","$258,973.94"
Instruction Expenditures,"Function
Code","General
(Incidental)
Fund","Special
Revenue
(Teachers) Fund","Debt
Service
Fund","Capital
Projects
Fund","Total
All
Funds",1421,School-Sponsored Athletics,"$156,433.59",$0.00,-,$0.00,"$156,433.59"
Instruction Expenditures,"Function
Code","General
(Incidental)
Fund","Special
Revenue
(Teachers) Fund","Debt
Service
Fund","Capital
Projects
Fund","Total
All
Funds",1491,Other Student Activities,$0.00,$0.00,-,$0.00,$0.00
Instruction Expenditures,"Function
Code","General
(Incidental)
Fund","Special
Revenue
(Teachers) Fund","Debt
Service
Fund","Capital
Projects
Fund","Total
All
Funds",1911,Tuition to Other Districts within the State,$0.00,"$115,492.59",-,-,"$115,492.59"
Instruction Expenditures,"Function
Code","General
(Incidental)
Fund","Special
Revenue
(Teachers) Fund","Debt
Service
Fund","Capital
Projects
Fund","Total
All
Funds",1912,Tuition to Districts Outside the State,$0.00,$0.00,-,-,$0.00
Instruction Expenditures,"Function
Code","General
(Incidental)
Fund","Special
Revenue
(Teachers) Fund","Debt
Service
Fund","Capital
Projects
Fund","Total
All
Funds",1913,Tuition to Private Agencies,$0.00,"$459,130.00",-,-,"$459,130.00"
Instruction Expenditures,"Function
Code","General
(Incidental)
Fund","Special
Revenue
(Teachers) Fund","Debt
Service
Fund","Capital
Projects
Fund","Total
All
Funds",1921,Area Career Center Fees,$0.00,"$323,163.16",-,-,"$323,163.16"
Instruction Expenditures,"Function
Code","General
(Incidental)
Fund","Special
Revenue
(Teachers) Fund","Debt
Service
Fund","Capital
Projects
Fund","Total
All
Funds",1931,"Tuition, Special Ed Services-Other Distr in State",$0.00,"$1,501,723.14",-,-,"$1,501,723.14"
Instruction Expenditures,"Function
Code","General
(Incidental)
Fund","Special
Revenue
(Teachers) Fund","Debt
Service
Fund","Capital
Projects
Fund","Total
All
Funds",1932,"Tuition, Spec Ed Prog Outside the State",$0.00,$0.00,-,-,$0.00
Instruction Expenditures,"Function
Code","General
(Incidental)
Fund","Special
Revenue
(Teachers) Fund","Debt
Service
Fund","Capital
Projects
Fund","Total
All
Funds",1933,Tuition for Special Ed Svcs to Private Agencies,$0.00,$0.00,-,-,$0.00
Instruction Expenditures,"Function
Code","General
(Incidental)
Fund","Special
Revenue
(Teachers) Fund","Debt
Service
Fund","Capital
Projects
Fund","Total
All
Funds",1941,Contracted Education Services,$0.00,$0.00,-,$0.00,$0.00
Instruction Expenditures,"Function
Code","General
(Incidental)
Fund","Special
Revenue
(Teachers) Fund","Debt
Service
Fund","Capital
Projects
Fund","Total
All
Funds",1942,Supplemental Education Services,$0.00,$0.00,-,$0.00,$0.00
Instruction Expenditures,"Function
Code","General
(Incidental)
Fund","Special
Revenue
(Teachers) Fund","Debt
Service
Fund","Capital
Projects
Fund","Total
All
Funds",1999,Total Instruction (K-12 only),"$5,221,882.81","$30,783,359.48",-,"$243,250.23","$36,248,492.52"
Support Services,"Function
Code","General
(Incidental)
Fund","Special
Revenue
(Teachers) Fund","Debt
Service
Fund","Capital
Projects
Fund","Total
All
Funds",2111,Attendance and Social Work Services Area Direction,$0.00,$0.00,-,$0.00,$0.00
Support Services,"Function
Code","General
(Incidental)
Fund","Special
Revenue
(Teachers) Fund","Debt
Service
Fund","Capital
Projects
Fund","Total
All
Funds",2112,Attendance Services,"$445,346.95",$0.00,-,$0.00,"$445,346.95"
Support Services,"Function
Code","General
(Incidental)
Fund","Special
Revenue
(Teachers) Fund","Debt
Service
Fund","Capital
Projects
Fund","Total
All
Funds",2113,Social Work Services,"$52,728.42",$0.00,-,$0.00,"$52,728.42"
Support Services,"Function
Code","General
(Incidental)
Fund","Special
Revenue
(Teachers) Fund","Debt
Service
Fund","Capital
Projects
Fund","Total
All
Funds",2114,Pupil Accounting Services,"$98,959.63","$2,416.08",-,$0.00,"$101,375.71"
Support Services,"Function
Code","General
(Incidental)
Fund","Special
Revenue
(Teachers) Fund","Debt
Service
Fund","Capital
Projects
Fund","Total
All
Funds",2119,Other Attendance and Social Work Services,$0.00,$0.00,-,$0.00,$0.00
Support Services,"Function
Code","General
(Incidental)
Fund","Special
Revenue
(Teachers) Fund","Debt
Service
Fund","Capital
Projects
Fund","Total
All
Funds",2121,System Support for Guidance Services,$0.00,$0.00,-,$0.00,$0.00
Support Services,"Function
Code","General
(Incidental)
Fund","Special
Revenue
(Teachers) Fund","Debt
Service
Fund","Capital
Projects
Fund","Total
All
Funds",2122,Counseling Services,"$168,124.74","$1,109,753.58",-,$0.00,"$1,277,878.32"
Support Services,"Function
Code","General
(Incidental)
Fund","Special
Revenue
(Teachers) Fund","Debt
Service
Fund","Capital
Projects
Fund","Total
All
Funds",2123,Appraisal Services,$0.00,$0.00,-,$0.00,$0.00
Support Services,"Function
Code","General
(Incidental)
Fund","Special
Revenue
(Teachers) Fund","Debt
Service
Fund","Capital
Projects
Fund","Total
All
Funds",2124,Information Services,$0.00,$0.00,-,$0.00,$0.00
Support Services,"Function
Code","General
(Incidental)
Fund","Special
Revenue
(Teachers) Fund","Debt
Service
Fund","Capital
Projects
Fund","Total
All
Funds",2125,Record Maintenance Services,"$132,938.62",$0.00,-,$0.00,"$132,938.62"
Support Services,"Function
Code","General
(Incidental)
Fund","Special
Revenue
(Teachers) Fund","Debt
Service
Fund","Capital
Projects
Fund","Total
All
Funds",2126,Placement Services,$0.00,$0.00,-,$0.00,$0.00
Support Services,"Function
Code","General
(Incidental)
Fund","Special
Revenue
(Teachers) Fund","Debt
Service
Fund","Capital
Projects
Fund","Total
All
Funds",2129,Other Guidance Services,$0.00,"$143,175.86",-,$0.00,"$143,175.86"
Support Services,"Function
Code","General
(Incidental)
Fund","Special
Revenue
(Teachers) Fund","Debt
Service
Fund","Capital
Projects
Fund","Total
All
Funds",2131,"Health, Psych, Speech, and Audio - Serive Area Dir",$0.00,$0.00,-,$0.00,$0.00
Support Services,"Function
Code","General
(Incidental)
Fund","Special
Revenue
(Teachers) Fund","Debt
Service
Fund","Capital
Projects
Fund","Total
All
Funds",2132,Medical Services,"$1,006.19",$0.00,-,"$7,019.50","$8,025.69"
Support Services,"Function
Code","General
(Incidental)
Fund","Special
Revenue
(Teachers) Fund","Debt
Service
Fund","Capital
Projects
Fund","Total
All
Funds",2133,Dental Services,$0.00,$0.00,-,$0.00,$0.00
Support Services,"Function
Code","General
(Incidental)
Fund","Special
Revenue
(Teachers) Fund","Debt
Service
Fund","Capital
Projects
Fund","Total
All
Funds",2134,Nursing Services,"$775,056.29",$0.00,-,$0.00,"$775,056.29"
Support Services,"Function
Code","General
(Incidental)
Fund","Special
Revenue
(Teachers) Fund","Debt
Service
Fund","Capital
Projects
Fund","Total
All
Funds",2139,Other Health Services,$0.00,$0.00,-,$0.00,$0.00
Support Services,"Function
Code","General
(Incidental)
Fund","Special
Revenue
(Teachers) Fund","Debt
Service
Fund","Capital
Projects
Fund","Total
All
Funds",2141,Pyschological Services - Service Area Direction,$0.00,$0.00,-,$0.00,$0.00
Support Services,"Function
Code","General
(Incidental)
Fund","Special
Revenue
(Teachers) Fund","Debt
Service
Fund","Capital
Projects
Fund","Total
All
Funds",2142,Psychological Testing Services,"$647,350.05","$409,255.68",-,$0.00,"$1,056,605.73"
Support Services,"Function
Code","General
(Incidental)
Fund","Special
Revenue
(Teachers) Fund","Debt
Service
Fund","Capital
Projects
Fund","Total
All
Funds",2143,Psychological Counseling Services,$0.00,$0.00,-,$0.00,$0.00
Support Services,"Function
Code","General
(Incidental)
Fund","Special
Revenue
(Teachers) Fund","Debt
Service
Fund","Capital
Projects
Fund","Total
All
Funds",2144,Psychotherapy Services,$0.00,$0.00,-,$0.00,$0.00
Support Services,"Function
Code","General
(Incidental)
Fund","Special
Revenue
(Teachers) Fund","Debt
Service
Fund","Capital
Projects
Fund","Total
All
Funds",2149,Other Psychological Services,$0.00,$0.00,-,$0.00,$0.00
Support Services,"Function
Code","General
(Incidental)
Fund","Special
Revenue
(Teachers) Fund","Debt
Service
Fund","Capital
Projects
Fund","Total
All
Funds",2151,Speech Path. and Audio. Services-Service Area Dire,$0.00,$0.00,-,$0.00,$0.00
Support Services,"Function
Code","General
(Incidental)
Fund","Special
Revenue
(Teachers) Fund","Debt
Service
Fund","Capital
Projects
Fund","Total
All
Funds",2152,Speech Pathology Services,"$547,583.19","$502,345.00",-,$0.00,"$1,049,928.19"
Support Services,"Function
Code","General
(Incidental)
Fund","Special
Revenue
(Teachers) Fund","Debt
Service
Fund","Capital
Projects
Fund","Total
All
Funds",2153,Audiology Services,$0.00,$0.00,-,$0.00,$0.00
Support Services,"Function
Code","General
(Incidental)
Fund","Special
Revenue
(Teachers) Fund","Debt
Service
Fund","Capital
Projects
Fund","Total
All
Funds",2159,Other Speech Pathology and Audiology Services,$0.00,$0.00,-,$0.00,$0.00
Support Services,"Function
Code","General
(Incidental)
Fund","Special
Revenue
(Teachers) Fund","Debt
Service
Fund","Capital
Projects
Fund","Total
All
Funds",2161,Occupational Therapy-Related Service Area Direction,$0.00,$0.00,-,$0.00,$0.00
Support Services,"Function
Code","General
(Incidental)
Fund","Special
Revenue
(Teachers) Fund","Debt
Service
Fund","Capital
Projects
Fund","Total
All
Funds",2162,Occupational Therapy-Related Services,"$418,544.80",$0.00,-,$0.00,"$418,544.80"
Support Services,"Function
Code","General
(Incidental)
Fund","Special
Revenue
(Teachers) Fund","Debt
Service
Fund","Capital
Projects
Fund","Total
All
Funds",2171,Physical Therapy-Related Servies Area Direction,$0.00,$0.00,-,$0.00,$0.00
Support Services,"Function
Code","General
(Incidental)
Fund","Special
Revenue
(Teachers) Fund","Debt
Service
Fund","Capital
Projects
Fund","Total
All
Funds",2172,Physical Therapy-Related Services,$0.00,$0.00,-,$0.00,$0.00
Support Services,"Function
Code","General
(Incidental)
Fund","Special
Revenue
(Teachers) Fund","Debt
Service
Fund","Capital
Projects
Fund","Total
All
Funds",2181,Visually Impaired/Vision Service Area Direction,$0.00,$0.00,-,$0.00,$0.00
Support Services,"Function
Code","General
(Incidental)
Fund","Special
Revenue
(Teachers) Fund","Debt
Service
Fund","Capital
Projects
Fund","Total
All
Funds",2182,Visually Impaired/Vision Services,$0.00,$0.00,-,$0.00,$0.00
Support Services,"Function
Code","General
(Incidental)
Fund","Special
Revenue
(Teachers) Fund","Debt
Service
Fund","Capital
Projects
Fund","Total
All
Funds",2191,Other Support Services - Students,"$268,419.06","$7,322.68",-,$0.00,"$275,741.74"
Support Services,"Function
Code","General
(Incidental)
Fund","Special
Revenue
(Teachers) Fund","Debt
Service
Fund","Capital
Projects
Fund","Total
All
Funds",2211,Service Area Direction-Improvement of Instruction,"$513,299.44","$719,019.30",-,"$5,009.48","$1,237,328.22"
Support Services,"Function
Code","General
(Incidental)
Fund","Special
Revenue
(Teachers) Fund","Debt
Service
Fund","Capital
Projects
Fund","Total
All
Funds",2212,Instruction and Curriculum Development Services,"$6,048.30",$0.00,-,$0.00,"$6,048.30"
Support Services,"Function
Code","General
(Incidental)
Fund","Special
Revenue
(Teachers) Fund","Debt
Service
Fund","Capital
Projects
Fund","Total
All
Funds",2213,Instructional Staff Training Services,"$285,934.33","$14,091.35",-,$0.00,"$300,025.68"
Support Services,"Function
Code","General
(Incidental)
Fund","Special
Revenue
(Teachers) Fund","Debt
Service
Fund","Capital
Projects
Fund","Total
All
Funds",2214,Professional Development,"$197,446.14","$100,149.17",-,-,"$297,595.31"
Support Services,"Function
Code","General
(Incidental)
Fund","Special
Revenue
(Teachers) Fund","Debt
Service
Fund","Capital
Projects
Fund","Total
All
Funds",2219,Other Improvement of Instruction Services,"$1,055.45",$0.00,-,$0.00,"$1,055.45"
Support Services,"Function
Code","General
(Incidental)
Fund","Special
Revenue
(Teachers) Fund","Debt
Service
Fund","Capital
Projects
Fund","Total
All
Funds",2221,Service Area Direction-Educational Media Services,$0.00,$0.00,-,$0.00,$0.00
Support Services,"Function
Code","General
(Incidental)
Fund","Special
Revenue
(Teachers) Fund","Debt
Service
Fund","Capital
Projects
Fund","Total
All
Funds",2222,School Library Services,"$133,819.63","$829,700.85",-,$0.00,"$963,520.48"
Support Services,"Function
Code","General
(Incidental)
Fund","Special
Revenue
(Teachers) Fund","Debt
Service
Fund","Capital
Projects
Fund","Total
All
Funds",2223,Audiovisual Services,$0.00,$0.00,-,$0.00,$0.00
Support Services,"Function
Code","General
(Incidental)
Fund","Special
Revenue
(Teachers) Fund","Debt
Service
Fund","Capital
Projects
Fund","Total
All
Funds",2224,Educational Television Services,$0.00,$0.00,-,$0.00,$0.00
Support Services,"Function
Code","General
(Incidental)
Fund","Special
Revenue
(Teachers) Fund","Debt
Service
Fund","Capital
Projects
Fund","Total
All
Funds",2225,Instruction-Related Technology,$0.00,$0.00,-,$0.00,$0.00
Support Services,"Function
Code","General
(Incidental)
Fund","Special
Revenue
(Teachers) Fund","Debt
Service
Fund","Capital
Projects
Fund","Total
All
Funds",2229,Other Educational Media Services,$0.00,$0.00,-,$0.00,$0.00
Support Services,"Function
Code","General
(Incidental)
Fund","Special
Revenue
(Teachers) Fund","Debt
Service
Fund","Capital
Projects
Fund","Total
All
Funds",2291,Other Support Services - Instructional Staff,$0.00,$0.00,-,$0.00,$0.00
Support Services,"Function
Code","General
(Incidental)
Fund","Special
Revenue
(Teachers) Fund","Debt
Service
Fund","Capital
Projects
Fund","Total
All
Funds",2311,Board of Education Services,"$374,116.51",$0.00,-,$0.00,"$374,116.51"
Support Services,"Function
Code","General
(Incidental)
Fund","Special
Revenue
(Teachers) Fund","Debt
Service
Fund","Capital
Projects
Fund","Total
All
Funds",2321,Executive Administration Services,"$88,713.08","$258,963.99",-,$0.00,"$347,677.07"
Support Services,"Function
Code","General
(Incidental)
Fund","Special
Revenue
(Teachers) Fund","Debt
Service
Fund","Capital
Projects
Fund","Total
All
Funds",2322,Community Relations Services,"$101,196.57",$0.00,-,"$19,950.00","$121,146.57"
Support Services,"Function
Code","General
(Incidental)
Fund","Special
Revenue
(Teachers) Fund","Debt
Service
Fund","Capital
Projects
Fund","Total
All
Funds",2323,Staff Relations and Negotiations Services,"$254,653.79","$169,227.10",-,$0.00,"$423,880.89"
Support Services,"Function
Code","General
(Incidental)
Fund","Special
Revenue
(Teachers) Fund","Debt
Service
Fund","Capital
Projects
Fund","Total
All
Funds",2324,State and Federal Relations Services,"$30,635.79","$112,706.98",-,$0.00,"$143,342.77"
Support Services,"Function
Code","General
(Incidental)
Fund","Special
Revenue
(Teachers) Fund","Debt
Service
Fund","Capital
Projects
Fund","Total
All
Funds",2329,Other Executive Administration Services,"$2,540,851.14","$1,445,477.39",$0.00,$0.00,"$3,986,328.53"
Support Services,"Function
Code","General
(Incidental)
Fund","Special
Revenue
(Teachers) Fund","Debt
Service
Fund","Capital
Projects
Fund","Total
All
Funds",2331,Administrative Technology Services,"$99,062.90",$0.00,-,$0.00,"$99,062.90"
Support Services,"Function
Code","General
(Incidental)
Fund","Special
Revenue
(Teachers) Fund","Debt
Service
Fund","Capital
Projects
Fund","Total
All
Funds",2411,Office of the Principal Services,"$881,386.48","$2,213,940.24",-,$0.00,"$3,095,326.72"
Support Services,"Function
Code","General
(Incidental)
Fund","Special
Revenue
(Teachers) Fund","Debt
Service
Fund","Capital
Projects
Fund","Total
All
Funds",2491,Other Support Services - School Administration,"$13,670.22",$0.00,-,$0.00,"$13,670.22"
Support Services,"Function
Code","General
(Incidental)
Fund","Special
Revenue
(Teachers) Fund","Debt
Service
Fund","Capital
Projects
Fund","Total
All
Funds",2511,Support Services-Business-Services Area Direction,$0.00,$0.00,-,$0.00,$0.00
Support Services,"Function
Code","General
(Incidental)
Fund","Special
Revenue
(Teachers) Fund","Debt
Service
Fund","Capital
Projects
Fund","Total
All
Funds",2521,Fiscal Services - Service Area Direction,"$143,455.64",$0.00,-,$0.00,"$143,455.64"
Support Services,"Function
Code","General
(Incidental)
Fund","Special
Revenue
(Teachers) Fund","Debt
Service
Fund","Capital
Projects
Fund","Total
All
Funds",2522,Budgeting Services,$0.00,$0.00,-,$0.00,$0.00
Support Services,"Function
Code","General
(Incidental)
Fund","Special
Revenue
(Teachers) Fund","Debt
Service
Fund","Capital
Projects
Fund","Total
All
Funds",2523,Receiving and Disbursing Funds Services,"$60,178.45",$0.00,-,$0.00,"$60,178.45"
Support Services,"Function
Code","General
(Incidental)
Fund","Special
Revenue
(Teachers) Fund","Debt
Service
Fund","Capital
Projects
Fund","Total
All
Funds",2524,Payroll Services,"$147,505.72",$0.00,-,$0.00,"$147,505.72"
Support Services,"Function
Code","General
(Incidental)
Fund","Special
Revenue
(Teachers) Fund","Debt
Service
Fund","Capital
Projects
Fund","Total
All
Funds",2525,Financial Accounting Services,"$13,910.56",$0.00,-,$0.00,"$13,910.56"
Support Services,"Function
Code","General
(Incidental)
Fund","Special
Revenue
(Teachers) Fund","Debt
Service
Fund","Capital
Projects
Fund","Total
All
Funds",2526,Internal Auditing Services,$0.00,$0.00,-,$0.00,$0.00
Support Services,"Function
Code","General
(Incidental)
Fund","Special
Revenue
(Teachers) Fund","Debt
Service
Fund","Capital
Projects
Fund","Total
All
Funds",2527,Property Accounting Services,$0.00,$0.00,-,$0.00,$0.00
Support Services,"Function
Code","General
(Incidental)
Fund","Special
Revenue
(Teachers) Fund","Debt
Service
Fund","Capital
Projects
Fund","Total
All
Funds",2529,Other Fiscal Services,"$125,394.28",$0.00,-,$0.00,"$125,394.28"
Support Services,"Function
Code","General
(Incidental)
Fund","Special
Revenue
(Teachers) Fund","Debt
Service
Fund","Capital
Projects
Fund","Total
All
Funds",2541,Operation and Maintenance of Plant Services,"$135,993.18","$152,945.30",-,$0.00,"$288,938.48"
Support Services,"Function
Code","General
(Incidental)
Fund","Special
Revenue
(Teachers) Fund","Debt
Service
Fund","Capital
Projects
Fund","Total
All
Funds",2542,Care and Upkeep of Building Services,"$5,726,485.82",$0.00,-,$0.00,"$5,726,485.82"
Support Services,"Function
Code","General
(Incidental)
Fund","Special
Revenue
(Teachers) Fund","Debt
Service
Fund","Capital
Projects
Fund","Total
All
Funds",2543,Care and Upkeep of Grounds Services,"$304,597.19",$0.00,-,$0.00,"$304,597.19"
Support Services,"Function
Code","General
(Incidental)
Fund","Special
Revenue
(Teachers) Fund","Debt
Service
Fund","Capital
Projects
Fund","Total
All
Funds",2544,Care and Upkeep of Equipment Services,"$660,989.13",$0.00,-,$0.00,"$660,989.13"
Support Services,"Function
Code","General
(Incidental)
Fund","Special
Revenue
(Teachers) Fund","Debt
Service
Fund","Capital
Projects
Fund","Total
All
Funds",2545,Vehicle Servicing and Maintenance Services - Other,"$246,545.09",$0.00,-,$0.00,"$246,545.09"
Support Services,"Function
Code","General
(Incidental)
Fund","Special
Revenue
(Teachers) Fund","Debt
Service
Fund","Capital
Projects
Fund","Total
All
Funds",2546,Security Services,"$667,887.90",$0.00,-,"$24,150.00","$692,037.90"
Support Services,"Function
Code","General
(Incidental)
Fund","Special
Revenue
(Teachers) Fund","Debt
Service
Fund","Capital
Projects
Fund","Total
All
Funds",2549,Other Operation and Maintenance of Plant Services,"$4,754.90",$0.00,-,$0.00,"$4,754.90"
Support Services,"Function
Code","General
(Incidental)
Fund","Special
Revenue
(Teachers) Fund","Debt
Service
Fund","Capital
Projects
Fund","Total
All
Funds",2551,Contracted Transportation Services for Students,"$4,024,225.88","$283,204.52",-,$0.00,"$4,307,430.40"
Support Services,"Function
Code","General
(Incidental)
Fund","Special
Revenue
(Teachers) Fund","Debt
Service
Fund","Capital
Projects
Fund","Total
All
Funds",2552,District Operated Non-Disabled Student Trans Cost,$0.00,$0.00,-,$0.00,$0.00
Support Services,"Function
Code","General
(Incidental)
Fund","Special
Revenue
(Teachers) Fund","Debt
Service
Fund","Capital
Projects
Fund","Total
All
Funds",2553,Contracted K-12 Disabled Transportation Services,"$1,639,864.42",$0.00,-,$0.00,"$1,639,864.42"
Support Services,"Function
Code","General
(Incidental)
Fund","Special
Revenue
(Teachers) Fund","Debt
Service
Fund","Capital
Projects
Fund","Total
All
Funds",2554,District Operated K-12 Disabled Trans. Services,$0.00,$0.00,-,$0.00,$0.00
Support Services,"Function
Code","General
(Incidental)
Fund","Special
Revenue
(Teachers) Fund","Debt
Service
Fund","Capital
Projects
Fund","Total
All
Funds",2555,Payment to Other Districts for Non-Disabled Trans.,$0.00,-,-,-,$0.00
Support Services,"Function
Code","General
(Incidental)
Fund","Special
Revenue
(Teachers) Fund","Debt
Service
Fund","Capital
Projects
Fund","Total
All
Funds",2556,Payments to Other Dist. for K-12 Disabled Trans.,$0.00,-,-,-,$0.00
Support Services,"Function
Code","General
(Incidental)
Fund","Special
Revenue
(Teachers) Fund","Debt
Service
Fund","Capital
Projects
Fund","Total
All
Funds",2557,School Choice (ESEA)/Prop Share (IDEA) Trans Cost,$0.00,$0.00,-,$0.00,$0.00
Support Services,"Function
Code","General
(Incidental)
Fund","Special
Revenue
(Teachers) Fund","Debt
Service
Fund","Capital
Projects
Fund","Total
All
Funds",2558,Non-Allowable Transportation Expenditure,$0.00,$0.00,-,$0.00,$0.00
Support Services,"Function
Code","General
(Incidental)
Fund","Special
Revenue
(Teachers) Fund","Debt
Service
Fund","Capital
Projects
Fund","Total
All
Funds",2559,Early Childhood Special Education Trans. Serv.,"$157,058.81",$0.00,-,$0.00,"$157,058.81"
Support Services,"Function
Code","General
(Incidental)
Fund","Special
Revenue
(Teachers) Fund","Debt
Service
Fund","Capital
Projects
Fund","Total
All
Funds",2561,Food Services - Service Area Direction,"$148,089.34",$0.00,-,"$27,484.80","$175,574.14"
Support Services,"Function
Code","General
(Incidental)
Fund","Special
Revenue
(Teachers) Fund","Debt
Service
Fund","Capital
Projects
Fund","Total
All
Funds",2562,Food Preparation and Dispensing Services,"$3,298,873.95",$0.00,-,"$25,518.00","$3,324,391.95"
Support Services,"Function
Code","General
(Incidental)
Fund","Special
Revenue
(Teachers) Fund","Debt
Service
Fund","Capital
Projects
Fund","Total
All
Funds",2563,Food Delivery Services,"$113,629.41",$0.00,-,$0.00,"$113,629.41"
Support Services,"Function
Code","General
(Incidental)
Fund","Special
Revenue
(Teachers) Fund","Debt
Service
Fund","Capital
Projects
Fund","Total
All
Funds",2569,Other Food Services,$0.00,$0.00,-,$0.00,$0.00
Support Services,"Function
Code","General
(Incidental)
Fund","Special
Revenue
(Teachers) Fund","Debt
Service
Fund","Capital
Projects
Fund","Total
All
Funds",2571,Internal Services - Services Area Direction,$0.00,$0.00,-,$0.00,$0.00
Support Services,"Function
Code","General
(Incidental)
Fund","Special
Revenue
(Teachers) Fund","Debt
Service
Fund","Capital
Projects
Fund","Total
All
Funds",2572,Purchasing Services,"$66,921.99",$0.00,-,$0.00,"$66,921.99"
Support Services,"Function
Code","General
(Incidental)
Fund","Special
Revenue
(Teachers) Fund","Debt
Service
Fund","Capital
Projects
Fund","Total
All
Funds",2573,Warehousing and Distributing Services,$0.00,$0.00,-,$0.00,$0.00
Support Services,"Function
Code","General
(Incidental)
Fund","Special
Revenue
(Teachers) Fund","Debt
Service
Fund","Capital
Projects
Fund","Total
All
Funds",2574,"Printing, Publishing, and Duplicating Services","$78,657.08",$0.00,-,$0.00,"$78,657.08"
Support Services,"Function
Code","General
(Incidental)
Fund","Special
Revenue
(Teachers) Fund","Debt
Service
Fund","Capital
Projects
Fund","Total
All
Funds",2579,Other Internal Services,$0.00,$0.00,-,$0.00,$0.00
Support Services,"Function
Code","General
(Incidental)
Fund","Special
Revenue
(Teachers) Fund","Debt
Service
Fund","Capital
Projects
Fund","Total
All
Funds",2591,Other Business Support Services,$0.00,$0.00,-,$0.00,$0.00
Support Services,"Function
Code","General
(Incidental)
Fund","Special
Revenue
(Teachers) Fund","Debt
Service
Fund","Capital
Projects
Fund","Total
All
Funds",2611,Central Office Services - Service Area Direction,$0.00,$0.00,-,$0.00,$0.00
Support Services,"Function
Code","General
(Incidental)
Fund","Special
Revenue
(Teachers) Fund","Debt
Service
Fund","Capital
Projects
Fund","Total
All
Funds",2621,"Plan, Rsrch, Dev, and Eval.-Service Area Direction",$0.00,$0.00,-,$0.00,$0.00
Support Services,"Function
Code","General
(Incidental)
Fund","Special
Revenue
(Teachers) Fund","Debt
Service
Fund","Capital
Projects
Fund","Total
All
Funds",2622,Development Services,$0.00,$0.00,-,$0.00,$0.00
Support Services,"Function
Code","General
(Incidental)
Fund","Special
Revenue
(Teachers) Fund","Debt
Service
Fund","Capital
Projects
Fund","Total
All
Funds",2623,Evaluation Services,$0.00,$0.00,-,$0.00,$0.00
Support Services,"Function
Code","General
(Incidental)
Fund","Special
Revenue
(Teachers) Fund","Debt
Service
Fund","Capital
Projects
Fund","Total
All
Funds",2624,Planning Services,$0.00,$0.00,-,$0.00,$0.00
Support Services,"Function
Code","General
(Incidental)
Fund","Special
Revenue
(Teachers) Fund","Debt
Service
Fund","Capital
Projects
Fund","Total
All
Funds",2625,Research Services,$0.00,$0.00,-,$0.00,$0.00
Support Services,"Function
Code","General
(Incidental)
Fund","Special
Revenue
(Teachers) Fund","Debt
Service
Fund","Capital
Projects
Fund","Total
All
Funds",2629,"Other Plan, Rsrch, Dev., and Eval. Services",$0.00,$0.00,-,$0.00,$0.00
Support Services,"Function
Code","General
(Incidental)
Fund","Special
Revenue
(Teachers) Fund","Debt
Service
Fund","Capital
Projects
Fund","Total
All
Funds",2631,Information Services - Service Area Direction,"$105,874.95",$0.00,-,$0.00,"$105,874.95"
Support Services,"Function
Code","General
(Incidental)
Fund","Special
Revenue
(Teachers) Fund","Debt
Service
Fund","Capital
Projects
Fund","Total
All
Funds",2632,Internal Information Services,$0.00,$0.00,-,$0.00,$0.00
Support Services,"Function
Code","General
(Incidental)
Fund","Special
Revenue
(Teachers) Fund","Debt
Service
Fund","Capital
Projects
Fund","Total
All
Funds",2633,Public Information Services,"$78,836.34",$0.00,-,$0.00,"$78,836.34"
Support Services,"Function
Code","General
(Incidental)
Fund","Special
Revenue
(Teachers) Fund","Debt
Service
Fund","Capital
Projects
Fund","Total
All
Funds",2634,Management Information Services,$0.00,$0.00,-,$0.00,$0.00
Support Services,"Function
Code","General
(Incidental)
Fund","Special
Revenue
(Teachers) Fund","Debt
Service
Fund","Capital
Projects
Fund","Total
All
Funds",2639,Other Information Services,$0.00,$0.00,-,$0.00,$0.00
Support Services,"Function
Code","General
(Incidental)
Fund","Special
Revenue
(Teachers) Fund","Debt
Service
Fund","Capital
Projects
Fund","Total
All
Funds",2641,Staff Services - Service Area Direction,$0.00,$0.00,-,$0.00,$0.00
Support Services,"Function
Code","General
(Incidental)
Fund","Special
Revenue
(Teachers) Fund","Debt
Service
Fund","Capital
Projects
Fund","Total
All
Funds",2642,Recruitment and Placement Services,$0.00,$0.00,-,$0.00,$0.00
Support Services,"Function
Code","General
(Incidental)
Fund","Special
Revenue
(Teachers) Fund","Debt
Service
Fund","Capital
Projects
Fund","Total
All
Funds",2643,Staff Accounting Services,$0.00,$0.00,-,$0.00,$0.00
Support Services,"Function
Code","General
(Incidental)
Fund","Special
Revenue
(Teachers) Fund","Debt
Service
Fund","Capital
Projects
Fund","Total
All
Funds",2644,In-Service Training for Non-Instructional Staff,$0.00,$0.00,-,$0.00,$0.00
Support Services,"Function
Code","General
(Incidental)
Fund","Special
Revenue
(Teachers) Fund","Debt
Service
Fund","Capital
Projects
Fund","Total
All
Funds",2645,Health Services,$0.00,$0.00,-,$0.00,$0.00
Support Services,"Function
Code","General
(Incidental)
Fund","Special
Revenue
(Teachers) Fund","Debt
Service
Fund","Capital
Projects
Fund","Total
All
Funds",2649,Other Staff Services,$0.00,$0.00,-,$0.00,$0.00
Support Services,"Function
Code","General
(Incidental)
Fund","Special
Revenue
(Teachers) Fund","Debt
Service
Fund","Capital
Projects
Fund","Total
All
Funds",2651,Statistical Services - Service Area Direction,$0.00,$0.00,-,$0.00,$0.00
Support Services,"Function
Code","General
(Incidental)
Fund","Special
Revenue
(Teachers) Fund","Debt
Service
Fund","Capital
Projects
Fund","Total
All
Funds",2652,Statistical Analysis Services,$0.00,$0.00,-,$0.00,$0.00
Support Services,"Function
Code","General
(Incidental)
Fund","Special
Revenue
(Teachers) Fund","Debt
Service
Fund","Capital
Projects
Fund","Total
All
Funds",2653,Statistical Reporting Services,$0.00,$0.00,-,$0.00,$0.00
Support Services,"Function
Code","General
(Incidental)
Fund","Special
Revenue
(Teachers) Fund","Debt
Service
Fund","Capital
Projects
Fund","Total
All
Funds",2659,Other Statistical Services,$0.00,$0.00,-,$0.00,$0.00
Support Services,"Function
Code","General
(Incidental)
Fund","Special
Revenue
(Teachers) Fund","Debt
Service
Fund","Capital
Projects
Fund","Total
All
Funds",2661,Data Processing Services - Service Area Direction,$0.00,$0.00,-,$0.00,$0.00
Support Services,"Function
Code","General
(Incidental)
Fund","Special
Revenue
(Teachers) Fund","Debt
Service
Fund","Capital
Projects
Fund","Total
All
Funds",2662,Systems Analysis Services,$0.00,$0.00,-,$0.00,$0.00
Support Services,"Function
Code","General
(Incidental)
Fund","Special
Revenue
(Teachers) Fund","Debt
Service
Fund","Capital
Projects
Fund","Total
All
Funds",2663,Programming Services,$0.00,$0.00,-,$0.00,$0.00
Support Services,"Function
Code","General
(Incidental)
Fund","Special
Revenue
(Teachers) Fund","Debt
Service
Fund","Capital
Projects
Fund","Total
All
Funds",2664,Operations Services,"$598,833.67","$302,935.07",-,"$1,265,100.96","$2,166,869.70"
Support Services,"Function
Code","General
(Incidental)
Fund","Special
Revenue
(Teachers) Fund","Debt
Service
Fund","Capital
Projects
Fund","Total
All
Funds",2669,Other Data Processing Services,$0.00,$0.00,-,$0.00,$0.00
Support Services,"Function
Code","General
(Incidental)
Fund","Special
Revenue
(Teachers) Fund","Debt
Service
Fund","Capital
Projects
Fund","Total
All
Funds",2691,Other Support Services - Central,$0.00,$0.00,-,$0.00,$0.00
Support Services,"Function
Code","General
(Incidental)
Fund","Special
Revenue
(Teachers) Fund","Debt
Service
Fund","Capital
Projects
Fund","Total
All
Funds",2911,Other Supporting Services,$0.00,$0.00,-,$0.00,$0.00
Support Services,"Function
Code","General
(Incidental)
Fund","Special
Revenue
(Teachers) Fund","Debt
Service
Fund","Capital
Projects
Fund","Total
All
Funds",2998,Total Support Services,"$27,626,511.41","$8,776,630.14",$0.00,"$1,374,232.74","$37,777,374.29"
Support Services,"Function
Code","General
(Incidental)
Fund","Special
Revenue
(Teachers) Fund","Debt
Service
Fund","Capital
Projects
Fund","Total
All
Funds",2999,Total Instruction & Support,"$32,848,394.22","$39,559,989.62",$0.00,"$1,617,482.97","$74,025,866.81"
Non-Instruction Expenditures,"Function
Code","General
(Incidental)
Fund","Special
Revenue
(Teachers) Fund","Debt
Service
Fund","Capital
Projects
Fund","Total
All
Funds",1611,Adult Education,$0.00,$0.00,-,$0.00,$0.00
Non-Instruction Expenditures,"Function
Code","General
(Incidental)
Fund","Special
Revenue
(Teachers) Fund","Debt
Service
Fund","Capital
Projects
Fund","Total
All
Funds",1612,Workplace Literacy,$0.00,$0.00,-,$0.00,$0.00
Non-Instruction Expenditures,"Function
Code","General
(Incidental)
Fund","Special
Revenue
(Teachers) Fund","Debt
Service
Fund","Capital
Projects
Fund","Total
All
Funds",1613,Family Literacy,$0.00,$0.00,-,$0.00,$0.00
Non-Instruction Expenditures,"Function
Code","General
(Incidental)
Fund","Special
Revenue
(Teachers) Fund","Debt
Service
Fund","Capital
Projects
Fund","Total
All
Funds",1614,English as 2nd Lang./English to Spkrs of Othr Lang,$0.00,$0.00,-,$0.00,$0.00
Non-Instruction Expenditures,"Function
Code","General
(Incidental)
Fund","Special
Revenue
(Teachers) Fund","Debt
Service
Fund","Capital
Projects
Fund","Total
All
Funds",1615,English Literacy/Civics Education,$0.00,$0.00,-,$0.00,$0.00
Non-Instruction Expenditures,"Function
Code","General
(Incidental)
Fund","Special
Revenue
(Teachers) Fund","Debt
Service
Fund","Capital
Projects
Fund","Total
All
Funds",1621,Adult Vocational Education,$0.00,$0.00,-,$0.00,$0.00
Non-Instruction Expenditures,"Function
Code","General
(Incidental)
Fund","Special
Revenue
(Teachers) Fund","Debt
Service
Fund","Capital
Projects
Fund","Total
All
Funds",1671,Community Education/Life Enrichment,$0.00,$0.00,-,$0.00,$0.00
Non-Instruction Expenditures,"Function
Code","General
(Incidental)
Fund","Special
Revenue
(Teachers) Fund","Debt
Service
Fund","Capital
Projects
Fund","Total
All
Funds",1691,Other Adult/Continuing Education Programs,$0.00,$0.00,-,$0.00,$0.00
Non-Instruction Expenditures,"Function
Code","General
(Incidental)
Fund","Special
Revenue
(Teachers) Fund","Debt
Service
Fund","Capital
Projects
Fund","Total
All
Funds",3111,Direction of Community Services-Service Area Direc,"$22,500.00",$0.00,-,$0.00,"$22,500.00"
Non-Instruction Expenditures,"Function
Code","General
(Incidental)
Fund","Special
Revenue
(Teachers) Fund","Debt
Service
Fund","Capital
Projects
Fund","Total
All
Funds",3211,Community Rec. Services-Service Area Direction,$0.00,$0.00,-,$0.00,$0.00
Non-Instruction Expenditures,"Function
Code","General
(Incidental)
Fund","Special
Revenue
(Teachers) Fund","Debt
Service
Fund","Capital
Projects
Fund","Total
All
Funds",3311,Civic Services,$0.00,$0.00,-,$0.00,$0.00
Non-Instruction Expenditures,"Function
Code","General
(Incidental)
Fund","Special
Revenue
(Teachers) Fund","Debt
Service
Fund","Capital
Projects
Fund","Total
All
Funds",3411,Public Library Services,$0.00,$0.00,-,$0.00,$0.00
Non-Instruction Expenditures,"Function
Code","General
(Incidental)
Fund","Special
Revenue
(Teachers) Fund","Debt
Service
Fund","Capital
Projects
Fund","Total
All
Funds",3511,Early Childhood Program,"$224,008.74","$56,293.86",-,$0.00,"$280,302.60"
Non-Instruction Expenditures,"Function
Code","General
(Incidental)
Fund","Special
Revenue
(Teachers) Fund","Debt
Service
Fund","Capital
Projects
Fund","Total
All
Funds",3512,Early Childhood Instruction,"$1,157,829.56","$1,541,402.08",-,"$1,799.95","$2,701,031.59"
Non-Instruction Expenditures,"Function
Code","General
(Incidental)
Fund","Special
Revenue
(Teachers) Fund","Debt
Service
Fund","Capital
Projects
Fund","Total
All
Funds",3611,Welfare Activities Services,"$28,189.63",$0.00,-,$0.00,"$28,189.63"
Non-Instruction Expenditures,"Function
Code","General
(Incidental)
Fund","Special
Revenue
(Teachers) Fund","Debt
Service
Fund","Capital
Projects
Fund","Total
All
Funds",3711,Non-Public School Students' Services,"$115,292.68",$0.00,-,$0.00,"$115,292.68"
Non-Instruction Expenditures,"Function
Code","General
(Incidental)
Fund","Special
Revenue
(Teachers) Fund","Debt
Service
Fund","Capital
Projects
Fund","Total
All
Funds",3811,Custody and Care of Children Services,"$91,322.39",$0.00,-,$0.00,"$91,322.39"
Non-Instruction Expenditures,"Function
Code","General
(Incidental)
Fund","Special
Revenue
(Teachers) Fund","Debt
Service
Fund","Capital
Projects
Fund","Total
All
Funds",3812,Afterschool Program,"$186,205.12",$0.00,-,$0.00,"$186,205.12"
Non-Instruction Expenditures,"Function
Code","General
(Incidental)
Fund","Special
Revenue
(Teachers) Fund","Debt
Service
Fund","Capital
Projects
Fund","Total
All
Funds",3911,Other Community Services,"$541,610.11",$0.00,-,$0.00,"$541,610.11"
Non-Instruction Expenditures,"Function
Code","General
(Incidental)
Fund","Special
Revenue
(Teachers) Fund","Debt
Service
Fund","Capital
Projects
Fund","Total
All
Funds",3912,Parental Involvement,"$7,971.87",$0.00,-,$0.00,"$7,971.87"
Non-Instruction Expenditures,"Function
Code","General
(Incidental)
Fund","Special
Revenue
(Teachers) Fund","Debt
Service
Fund","Capital
Projects
Fund","Total
All
Funds",3913,Service-Learning,$0.00,$0.00,-,$0.00,$0.00
Non-Instruction Expenditures,"Function
Code","General
(Incidental)
Fund","Special
Revenue
(Teachers) Fund","Debt
Service
Fund","Capital
Projects
Fund","Total
All
Funds",4011,Facilities Acq.and Constr.-Service Area Direction,-,-,-,$0.00,$0.00
Non-Instruction Expenditures,"Function
Code","General
(Incidental)
Fund","Special
Revenue
(Teachers) Fund","Debt
Service
Fund","Capital
Projects
Fund","Total
All
Funds",4021,Facilities Acquisition and Construction Services-S,-,-,-,$0.00,$0.00
Non-Instruction Expenditures,"Function
Code","General
(Incidental)
Fund","Special
Revenue
(Teachers) Fund","Debt
Service
Fund","Capital
Projects
Fund","Total
All
Funds",4031,"Architecture, Engineering and Legal Services",-,-,-,$0.00,$0.00
Non-Instruction Expenditures,"Function
Code","General
(Incidental)
Fund","Special
Revenue
(Teachers) Fund","Debt
Service
Fund","Capital
Projects
Fund","Total
All
Funds",4041,Educational Specifications Development Services,-,-,-,$0.00,$0.00
Non-Instruction Expenditures,"Function
Code","General
(Incidental)
Fund","Special
Revenue
(Teachers) Fund","Debt
Service
Fund","Capital
Projects
Fund","Total
All
Funds",4051,"Building Acq., Constr. and Improvements Services",-,-,-,"$586,801.93","$586,801.93"
Non-Instruction Expenditures,"Function
Code","General
(Incidental)
Fund","Special
Revenue
(Teachers) Fund","Debt
Service
Fund","Capital
Projects
Fund","Total
All
Funds",4091,Other Facilities Acq. and Constr. Services,-,-,-,$0.00,$0.00
Non-Instruction Expenditures,"Function
Code","General
(Incidental)
Fund","Special
Revenue
(Teachers) Fund","Debt
Service
Fund","Capital
Projects
Fund","Total
All
Funds",5111,Principal - Bonded Indebtedness,-,-,"$2,790,000.00",$0.00,"$2,790,000.00"
Non-Instruction Expenditures,"Function
Code","General
(Incidental)
Fund","Special
Revenue
(Teachers) Fund","Debt
Service
Fund","Capital
Projects
Fund","Total
All
Funds",5121,Principal - Short Term Loans,-,-,-,$0.00,$0.00
Non-Instruction Expenditures,"Function
Code","General
(Incidental)
Fund","Special
Revenue
(Teachers) Fund","Debt
Service
Fund","Capital
Projects
Fund","Total
All
Funds",5122,Principal - Long Term Loans,-,-,-,$0.00,$0.00
Non-Instruction Expenditures,"Function
Code","General
(Incidental)
Fund","Special
Revenue
(Teachers) Fund","Debt
Service
Fund","Capital
Projects
Fund","Total
All
Funds",5131,Principal - Lease Purchase Agreement,-,-,-,"$1,341,668.60","$1,341,668.60"
Non-Instruction Expenditures,"Function
Code","General
(Incidental)
Fund","Special
Revenue
(Teachers) Fund","Debt
Service
Fund","Capital
Projects
Fund","Total
All
Funds",5211,Interest - Bonded Indebtedness,-,-,"$1,454,087.50",$0.00,"$1,454,087.50"
Non-Instruction Expenditures,"Function
Code","General
(Incidental)
Fund","Special
Revenue
(Teachers) Fund","Debt
Service
Fund","Capital
Projects
Fund","Total
All
Funds",5221,Interest - Short Term Loans,"$14,110.83",$0.00,$0.00,$0.00,"$14,110.83"
Non-Instruction Expenditures,"Function
Code","General
(Incidental)
Fund","Special
Revenue
(Teachers) Fund","Debt
Service
Fund","Capital
Projects
Fund","Total
All
Funds",5222,Interest - Long Term Loans,-,-,-,$0.00,$0.00
Non-Instruction Expenditures,"Function
Code","General
(Incidental)
Fund","Special
Revenue
(Teachers) Fund","Debt
Service
Fund","Capital
Projects
Fund","Total
All
Funds",5231,Interest - Lease Purchase Agreements,-,-,-,"$678,197.00","$678,197.00"
Non-Instruction Expenditures,"Function
Code","General
(Incidental)
Fund","Special
Revenue
(Teachers) Fund","Debt
Service
Fund","Capital
Projects
Fund","Total
All
Funds",5241,Discount on Bonds Sold - Interest Adjustment,-,-,$0.00,$0.00,$0.00
Non-Instruction Expenditures,"Function
Code","General
(Incidental)
Fund","Special
Revenue
(Teachers) Fund","Debt
Service
Fund","Capital
Projects
Fund","Total
All
Funds",5311,Fees - Bonded Indebtedness,$0.00,-,"$1,500.00","$3,900.00","$5,400.00"
Non-Instruction Expenditures,"Function
Code","General
(Incidental)
Fund","Special
Revenue
(Teachers) Fund","Debt
Service
Fund","Capital
Projects
Fund","Total
All
Funds",5321,Fees - Short Term Loans,"$2,500.00",$0.00,$0.00,$0.00,"$2,500.00"
Non-Instruction Expenditures,"Function
Code","General
(Incidental)
Fund","Special
Revenue
(Teachers) Fund","Debt
Service
Fund","Capital
Projects
Fund","Total
All
Funds",5322,Fees - Long Term Loans,-,-,-,$0.00,$0.00
Non-Instruction Expenditures,"Function
Code","General
(Incidental)
Fund","Special
Revenue
(Teachers) Fund","Debt
Service
Fund","Capital
Projects
Fund","Total
All
Funds",5331,Fees - Lease Purchase Agreements,-,-,-,$0.00,$0.00
Non-Instruction Expenditures,"Function
Code","General
(Incidental)
Fund","Special
Revenue
(Teachers) Fund","Debt
Service
Fund","Capital
Projects
Fund","Total
All
Funds",9998,Total Non-Instruction/Support,"$2,391,540.93","$1,597,695.94","$4,245,587.50","$2,612,367.48","$10,847,191.85"

Textbox245,Textbox247,Textbox248,Textbox249,Textbox250,Textbox251,GENERAL_FUND5,SPECIAL_REVENUE5,CAPITAL_PROJECTS11,CAPITAL_PROJECTS5,GrandTotal
"Function
Code","General
(Incidental)
Fund","Special
Revenue
(Teachers) Fund","Debt
ServiceFund","Capital
Projects
Fund","Total
All
Funds","35,239,935.15","41,157,685.56","4,245,587.50","4,229,850.45","84,873,058.66"

Textbox390,Textbox391,Textbox394,Textbox395,Textbox396,Textbox397,Textbox398,Textbox476,Textbox477,Textbox478,Textbox479,Textbox480,Textbox481,Textbox482
12210,Special Education*,"$3,363,812.65","$5,561,123.80",$0.00,"$22,865.16","$8,947,801.61",-,-,$0.00,$0.00,$0.00,$0.00,$0.00
12810,Early Childhood Special Education (paid with state or local funds),"$1,061,445.63","$875,794.16",$0.00,"$228,681.75","$2,165,921.54",-,-,$0.00,$0.00,$0.00,$0.00,$0.00
32400,Educational and Screening Program ,"$209,524.93","$26,836.58",$0.00,$0.00,"$236,361.51",-,-,$0.00,$0.00,$0.00,$0.00,$0.00
33200,CTE Base and Performance Grant,"$15,570.00",$0.00,$0.00,$0.00,"$15,570.00",-,-,$0.00,$0.00,$0.00,$0.00,$0.00
40001,School Wide Pool,"$1,497,006.86","$22,812,475.61",$0.00,"$39,987.27","$24,349,469.74",-,-,$0.00,$0.00,$0.00,$0.00,$0.00
42701,Perkins Grant - Secondary,"$125,738.05","$7,648.91",$0.00,"$20,383.14","$153,770.10",-,-,$0.00,$0.00,$0.00,$0.00,$0.00
43703,Special Education High Need Fund - Federal,"$7,138.48",$0.00,$0.00,$0.00,"$7,138.48",-,-,$0.00,$0.00,$0.00,$0.00,$0.00
43801,Special Education MO Model Districts,"$1,500.00",$0.00,$0.00,$0.00,"$1,500.00",-,-,$0.00,$0.00,$0.00,$0.00,$0.00
44100,"IDEA Entitlement Funds, Part B IDEA","$321,353.80","$1,124,895.13",$0.00,$0.00,"$1,446,248.93",-,-,$0.00,$0.00,$0.00,$0.00,$0.00
44200,IDEA - 611 ECSE Portion,"$119,629.00",$0.00,$0.00,$0.00,"$119,629.00",-,-,$0.00,$0.00,$0.00,$0.00,$0.00
44201,IDEA - 619 Preschool Grant,"$54,558.00",$0.00,$0.00,$0.00,"$54,558.00",-,-,$0.00,$0.00,$0.00,$0.00,$0.00
45100,Title I,"$981,068.82","$1,472,044.07",$0.00,"$1,799.95","$2,454,912.84",-,-,$0.00,$0.00,$0.00,$0.00,$0.00
45102,Title I School Improvement (a),"$186,978.84","$31,237.16",$0.00,"$35,540.00","$253,756.00",-,-,$0.00,$0.00,$0.00,$0.00,$0.00
46100,Title IV.A Student Support and Academic Enrichment,"$144,917.26","$76,082.91",$0.00,$0.00,"$221,000.17",-,-,$0.00,$0.00,$0.00,$0.00,$0.00
46200,Title III LEP,"$49,894.38",$0.00,$0.00,$0.00,"$49,894.38",-,-,$0.00,$0.00,$0.00,$0.00,$0.00
46500,Title II.A,"$225,592.51","$133,094.32",$0.00,$0.00,"$358,686.83",-,-,$0.00,$0.00,$0.00,$0.00,$0.00
46501,Math and Science Partnerships ,$0.00,"$15,769.20",$0.00,$0.00,"$15,769.20",-,-,$0.00,$0.00,$0.00,$0.00,$0.00

Category3,Textbox256,Textbox258,Textbox259,Textbox260,Textbox261,Textbox262,Textbox263,Textbox373,REV_CODE_RANGE2,NAME5,GENERAL_FUND6,SPECIAL_REVENUE6,DEBT_SERVICE4,CAPITAL_PROJECTS6,TOTAL_UNADJ_RATE5,Textbox266,Textbox375,Textbox267
Instruction Expenditures,"Function
Code","6110
Certificated
Salaries","6150
Non-Certificated
Salaries","6200
Employee
Benefits","6300
Purchased
Services","6400

Supplies","6500
Capital
Outlay","6600
Other
Objects",1111,Elementary,"$8,799,912.05","$51,122.66","$2,943,730.67","$469,923.37","$142,158.99",$0.00,-,"$12,406,847.74"
Instruction Expenditures,"Function
Code","6110
Certificated
Salaries","6150
Non-Certificated
Salaries","6200
Employee
Benefits","6300
Purchased
Services","6400

Supplies","6500
Capital
Outlay","6600
Other
Objects",1131,Middle/Junior High,"$1,477,021.25",$0.00,"$502,904.49","$255,279.79","$44,535.24","$29,198.04",-,"$2,308,938.81"
Instruction Expenditures,"Function
Code","6110
Certificated
Salaries","6150
Non-Certificated
Salaries","6200
Employee
Benefits","6300
Purchased
Services","6400

Supplies","6500
Capital
Outlay","6600
Other
Objects",1151,Senior High,"$3,574,812.62","$49,814.54","$1,130,238.10","$271,059.42","$46,857.03","$93,185.21",-,"$5,165,966.92"
Instruction Expenditures,"Function
Code","6110
Certificated
Salaries","6150
Non-Certificated
Salaries","6200
Employee
Benefits","6300
Purchased
Services","6400

Supplies","6500
Capital
Outlay","6600
Other
Objects",1191,Summer School (Regular),"$253,992.63",$0.00,"$40,036.27",$570.84,"$3,995.58",$0.00,-,"$298,595.32"
Instruction Expenditures,"Function
Code","6110
Certificated
Salaries","6150
Non-Certificated
Salaries","6200
Employee
Benefits","6300
Purchased
Services","6400

Supplies","6500
Capital
Outlay","6600
Other
Objects",1192,Juvenile Program,"$156,969.80",$0.00,"$25,501.87",$0.00,$0.00,$0.00,-,"$182,471.67"
Instruction Expenditures,"Function
Code","6110
Certificated
Salaries","6150
Non-Certificated
Salaries","6200
Employee
Benefits","6300
Purchased
Services","6400

Supplies","6500
Capital
Outlay","6600
Other
Objects",1193,Alternative Programs,"$103,699.18",$0.00,"$32,086.53","$7,588.80","$2,079.42",$0.00,-,"$145,453.93"
Instruction Expenditures,"Function
Code","6110
Certificated
Salaries","6150
Non-Certificated
Salaries","6200
Employee
Benefits","6300
Purchased
Services","6400

Supplies","6500
Capital
Outlay","6600
Other
Objects",1194,Residential/Treatment Facilities,$0.00,$0.00,$0.00,$0.00,$0.00,$0.00,-,$0.00
Instruction Expenditures,"Function
Code","6110
Certificated
Salaries","6150
Non-Certificated
Salaries","6200
Employee
Benefits","6300
Purchased
Services","6400

Supplies","6500
Capital
Outlay","6600
Other
Objects",1195,Virtual Instruction,"$20,697.55",$90.95,"$7,450.60",$0.00,$0.00,$0.00,-,"$28,239.10"
Instruction Expenditures,"Function
Code","6110
Certificated
Salaries","6150
Non-Certificated
Salaries","6200
Employee
Benefits","6300
Purchased
Services","6400

Supplies","6500
Capital
Outlay","6600
Other
Objects",1211,Gifted & Talented,"$348,069.57","$24,453.80","$121,667.81","$10,210.06","$23,395.95",$0.00,-,"$527,797.19"
Instruction Expenditures,"Function
Code","6110
Certificated
Salaries","6150
Non-Certificated
Salaries","6200
Employee
Benefits","6300
Purchased
Services","6400

Supplies","6500
Capital
Outlay","6600
Other
Objects",1221,Special Education and Related Services,"$2,805,214.12","$777,920.68","$1,302,561.90","$316,274.12","$25,375.35","$22,865.16",-,"$5,250,211.33"
Instruction Expenditures,"Function
Code","6110
Certificated
Salaries","6150
Non-Certificated
Salaries","6200
Employee
Benefits","6300
Purchased
Services","6400

Supplies","6500
Capital
Outlay","6600
Other
Objects",1223,Coordinated Early Intervening Services,$0.00,$0.00,$0.00,$0.00,$0.00,$0.00,-,$0.00
Instruction Expenditures,"Function
Code","6110
Certificated
Salaries","6150
Non-Certificated
Salaries","6200
Employee
Benefits","6300
Purchased
Services","6400

Supplies","6500
Capital
Outlay","6600
Other
Objects",1224,Proportionate Share Services,"$1,404.72",$0.00,$506.74,$0.00,$0.00,$0.00,-,"$1,911.46"
Instruction Expenditures,"Function
Code","6110
Certificated
Salaries","6150
Non-Certificated
Salaries","6200
Employee
Benefits","6300
Purchased
Services","6400

Supplies","6500
Capital
Outlay","6600
Other
Objects",1251,Supplemental Instruction,"$459,727.33","$108,427.99","$159,876.55","$35,017.98","$1,106,799.93","$70,517.79",-,"$1,940,367.57"
Instruction Expenditures,"Function
Code","6110
Certificated
Salaries","6150
Non-Certificated
Salaries","6200
Employee
Benefits","6300
Purchased
Services","6400

Supplies","6500
Capital
Outlay","6600
Other
Objects",1252,Migrant,$0.00,$0.00,$0.00,$0.00,$0.00,$0.00,-,$0.00
Instruction Expenditures,"Function
Code","6110
Certificated
Salaries","6150
Non-Certificated
Salaries","6200
Employee
Benefits","6300
Purchased
Services","6400

Supplies","6500
Capital
Outlay","6600
Other
Objects",1253,Institutions for Adjudicated Students,$0.00,$0.00,$0.00,$0.00,$0.00,$0.00,-,$0.00
Instruction Expenditures,"Function
Code","6110
Certificated
Salaries","6150
Non-Certificated
Salaries","6200
Employee
Benefits","6300
Purchased
Services","6400

Supplies","6500
Capital
Outlay","6600
Other
Objects",1254,Institutions for Neglected Students,"$519,962.64","$194,640.12","$264,066.66","$59,633.28","$17,934.45",$0.00,-,"$1,056,237.15"
Instruction Expenditures,"Function
Code","6110
Certificated
Salaries","6150
Non-Certificated
Salaries","6200
Employee
Benefits","6300
Purchased
Services","6400

Supplies","6500
Capital
Outlay","6600
Other
Objects",1271,Bilingual,"$623,232.59","$194,451.31","$280,566.09","$2,827.14","$3,420.61",$0.00,-,"$1,104,497.74"
Instruction Expenditures,"Function
Code","6110
Certificated
Salaries","6150
Non-Certificated
Salaries","6200
Employee
Benefits","6300
Purchased
Services","6400

Supplies","6500
Capital
Outlay","6600
Other
Objects",1281,Early Childhood Special Education,"$570,771.50","$318,657.05","$328,849.63","$376,840.46","$5,956.13","$1,914.84",-,"$1,602,989.61"
Instruction Expenditures,"Function
Code","6110
Certificated
Salaries","6150
Non-Certificated
Salaries","6200
Employee
Benefits","6300
Purchased
Services","6400

Supplies","6500
Capital
Outlay","6600
Other
Objects",1311,Agricultural Education,$0.00,$0.00,$0.00,$0.00,$0.00,$0.00,-,$0.00
Instruction Expenditures,"Function
Code","6110
Certificated
Salaries","6150
Non-Certificated
Salaries","6200
Employee
Benefits","6300
Purchased
Services","6400

Supplies","6500
Capital
Outlay","6600
Other
Objects",1321,Business Education,"$327,923.55",$0.00,"$110,483.65",$0.00,"$41,316.57","$14,249.14",-,"$493,972.91"
Instruction Expenditures,"Function
Code","6110
Certificated
Salaries","6150
Non-Certificated
Salaries","6200
Employee
Benefits","6300
Purchased
Services","6400

Supplies","6500
Capital
Outlay","6600
Other
Objects",1331,Family and Consumer Sciences Education,"$241,444.51",$0.00,"$85,446.41",$0.00,"$28,983.95","$1,439.00",-,"$357,313.87"
Instruction Expenditures,"Function
Code","6110
Certificated
Salaries","6150
Non-Certificated
Salaries","6200
Employee
Benefits","6300
Purchased
Services","6400

Supplies","6500
Capital
Outlay","6600
Other
Objects",1341,Health Sciences Education,"$1,000.00",$0.00,$159.60,$0.00,"$43,027.14","$3,200.00",-,"$47,386.74"
Instruction Expenditures,"Function
Code","6110
Certificated
Salaries","6150
Non-Certificated
Salaries","6200
Employee
Benefits","6300
Purchased
Services","6400

Supplies","6500
Capital
Outlay","6600
Other
Objects",1351,Marketing and Cooperative Education,$0.00,$0.00,$0.00,$0.00,$0.00,$0.00,-,$0.00
Instruction Expenditures,"Function
Code","6110
Certificated
Salaries","6150
Non-Certificated
Salaries","6200
Employee
Benefits","6300
Purchased
Services","6400

Supplies","6500
Capital
Outlay","6600
Other
Objects",1361,Trade and Industrial Education,$0.00,$0.00,$0.00,$0.00,$0.00,$0.00,-,$0.00
Instruction Expenditures,"Function
Code","6110
Certificated
Salaries","6150
Non-Certificated
Salaries","6200
Employee
Benefits","6300
Purchased
Services","6400

Supplies","6500
Capital
Outlay","6600
Other
Objects",1371,Project Lead the Way,"$294,836.55",$0.00,"$84,459.49","$11,525.00","$51,648.30","$1,495.00",-,"$443,964.34"
Instruction Expenditures,"Function
Code","6110
Certificated
Salaries","6150
Non-Certificated
Salaries","6200
Employee
Benefits","6300
Purchased
Services","6400

Supplies","6500
Capital
Outlay","6600
Other
Objects",1381,Career Education Special Needs,$0.00,$0.00,$0.00,$0.00,$0.00,$0.00,-,$0.00
Instruction Expenditures,"Function
Code","6110
Certificated
Salaries","6150
Non-Certificated
Salaries","6200
Employee
Benefits","6300
Purchased
Services","6400

Supplies","6500
Capital
Outlay","6600
Other
Objects",1391,Other Career Education (Non-Program Specific),"$51,014.00",$0.00,"$17,536.20",$0.00,"$1,862.50",$0.00,-,"$70,412.70"
Instruction Expenditures,"Function
Code","6110
Certificated
Salaries","6150
Non-Certificated
Salaries","6200
Employee
Benefits","6300
Purchased
Services","6400

Supplies","6500
Capital
Outlay","6600
Other
Objects",1411,Student Activities,"$6,999.82",$0.00,"$1,117.12","$15,777.55","$229,893.40","$5,186.05",-,"$258,973.94"
Instruction Expenditures,"Function
Code","6110
Certificated
Salaries","6150
Non-Certificated
Salaries","6200
Employee
Benefits","6300
Purchased
Services","6400

Supplies","6500
Capital
Outlay","6600
Other
Objects",1421,School-Sponsored Athletics,$0.00,$0.00,$0.00,"$84,543.75","$71,889.84",$0.00,-,"$156,433.59"
Instruction Expenditures,"Function
Code","6110
Certificated
Salaries","6150
Non-Certificated
Salaries","6200
Employee
Benefits","6300
Purchased
Services","6400

Supplies","6500
Capital
Outlay","6600
Other
Objects",1491,Other Student Activities,$0.00,$0.00,$0.00,$0.00,$0.00,$0.00,-,$0.00
Instruction Expenditures,"Function
Code","6110
Certificated
Salaries","6150
Non-Certificated
Salaries","6200
Employee
Benefits","6300
Purchased
Services","6400

Supplies","6500
Capital
Outlay","6600
Other
Objects",1911,Tuition to Other Districts within the State,-,-,-,"$115,492.59",-,-,-,"$115,492.59"
Instruction Expenditures,"Function
Code","6110
Certificated
Salaries","6150
Non-Certificated
Salaries","6200
Employee
Benefits","6300
Purchased
Services","6400

Supplies","6500
Capital
Outlay","6600
Other
Objects",1912,Tuition to Districts Outside the State,-,-,-,$0.00,-,-,-,$0.00
Instruction Expenditures,"Function
Code","6110
Certificated
Salaries","6150
Non-Certificated
Salaries","6200
Employee
Benefits","6300
Purchased
Services","6400

Supplies","6500
Capital
Outlay","6600
Other
Objects",1913,Tuition to Private Agencies,-,-,-,"$459,130.00",-,-,-,"$459,130.00"
Instruction Expenditures,"Function
Code","6110
Certificated
Salaries","6150
Non-Certificated
Salaries","6200
Employee
Benefits","6300
Purchased
Services","6400

Supplies","6500
Capital
Outlay","6600
Other
Objects",1921,Area Career Center Fees,-,-,-,"$323,163.16",-,-,-,"$323,163.16"
Instruction Expenditures,"Function
Code","6110
Certificated
Salaries","6150
Non-Certificated
Salaries","6200
Employee
Benefits","6300
Purchased
Services","6400

Supplies","6500
Capital
Outlay","6600
Other
Objects",1931,"Tuition, Special Ed Services-Other Distr in State",-,-,-,"$1,501,723.14",-,-,-,"$1,501,723.14"
Instruction Expenditures,"Function
Code","6110
Certificated
Salaries","6150
Non-Certificated
Salaries","6200
Employee
Benefits","6300
Purchased
Services","6400

Supplies","6500
Capital
Outlay","6600
Other
Objects",1932,"Tuition, Spec Ed Prog Outside the State",-,-,-,$0.00,-,-,-,$0.00
Instruction Expenditures,"Function
Code","6110
Certificated
Salaries","6150
Non-Certificated
Salaries","6200
Employee
Benefits","6300
Purchased
Services","6400

Supplies","6500
Capital
Outlay","6600
Other
Objects",1933,Tuition for Special Ed Svcs to Private Agencies,-,-,-,$0.00,-,-,-,$0.00
Instruction Expenditures,"Function
Code","6110
Certificated
Salaries","6150
Non-Certificated
Salaries","6200
Employee
Benefits","6300
Purchased
Services","6400

Supplies","6500
Capital
Outlay","6600
Other
Objects",1941,Contracted Education Services,-,-,-,$0.00,-,-,-,$0.00
Instruction Expenditures,"Function
Code","6110
Certificated
Salaries","6150
Non-Certificated
Salaries","6200
Employee
Benefits","6300
Purchased
Services","6400

Supplies","6500
Capital
Outlay","6600
Other
Objects",1942,Supplemental Education Services,$0.00,$0.00,$0.00,$0.00,$0.00,$0.00,-,$0.00
Instruction Expenditures,"Function
Code","6110
Certificated
Salaries","6150
Non-Certificated
Salaries","6200
Employee
Benefits","6300
Purchased
Services","6400

Supplies","6500
Capital
Outlay","6600
Other
Objects",1999,Total Instruction (K-12 only),"$20,638,705.98","$1,719,579.10","$7,439,246.38","$4,316,580.45","$1,891,130.38","$243,250.23",-,"$36,248,492.52"
Support Services,"Function
Code","6110
Certificated
Salaries","6150
Non-Certificated
Salaries","6200
Employee
Benefits","6300
Purchased
Services","6400

Supplies","6500
Capital
Outlay","6600
Other
Objects",2111,Attendance and Social Work Services Area Direction,$0.00,$0.00,$0.00,$0.00,$0.00,$0.00,-,$0.00
Support Services,"Function
Code","6110
Certificated
Salaries","6150
Non-Certificated
Salaries","6200
Employee
Benefits","6300
Purchased
Services","6400

Supplies","6500
Capital
Outlay","6600
Other
Objects",2112,Attendance Services,$0.00,"$304,771.48","$113,365.37","$27,210.10",$0.00,$0.00,-,"$445,346.95"
Support Services,"Function
Code","6110
Certificated
Salaries","6150
Non-Certificated
Salaries","6200
Employee
Benefits","6300
Purchased
Services","6400

Supplies","6500
Capital
Outlay","6600
Other
Objects",2113,Social Work Services,$0.00,"$38,271.00","$14,457.42",$0.00,$0.00,$0.00,-,"$52,728.42"
Support Services,"Function
Code","6110
Certificated
Salaries","6150
Non-Certificated
Salaries","6200
Employee
Benefits","6300
Purchased
Services","6400

Supplies","6500
Capital
Outlay","6600
Other
Objects",2114,Pupil Accounting Services,"$11,424.74","$61,847.55","$19,560.83","$3,900.00","$4,642.59",$0.00,-,"$101,375.71"
Support Services,"Function
Code","6110
Certificated
Salaries","6150
Non-Certificated
Salaries","6200
Employee
Benefits","6300
Purchased
Services","6400

Supplies","6500
Capital
Outlay","6600
Other
Objects",2119,Other Attendance and Social Work Services,$0.00,$0.00,$0.00,$0.00,$0.00,$0.00,-,$0.00
Support Services,"Function
Code","6110
Certificated
Salaries","6150
Non-Certificated
Salaries","6200
Employee
Benefits","6300
Purchased
Services","6400

Supplies","6500
Capital
Outlay","6600
Other
Objects",2121,System Support for Guidance Services,$0.00,$0.00,$0.00,$0.00,$0.00,$0.00,-,$0.00
Support Services,"Function
Code","6110
Certificated
Salaries","6150
Non-Certificated
Salaries","6200
Employee
Benefits","6300
Purchased
Services","6400

Supplies","6500
Capital
Outlay","6600
Other
Objects",2122,Counseling Services,"$850,601.02","$120,995.41","$302,951.11","$1,973.89","$1,356.89",$0.00,-,"$1,277,878.32"
Support Services,"Function
Code","6110
Certificated
Salaries","6150
Non-Certificated
Salaries","6200
Employee
Benefits","6300
Purchased
Services","6400

Supplies","6500
Capital
Outlay","6600
Other
Objects",2123,Appraisal Services,$0.00,$0.00,$0.00,$0.00,$0.00,$0.00,-,$0.00
Support Services,"Function
Code","6110
Certificated
Salaries","6150
Non-Certificated
Salaries","6200
Employee
Benefits","6300
Purchased
Services","6400

Supplies","6500
Capital
Outlay","6600
Other
Objects",2124,Information Services,$0.00,$0.00,$0.00,$0.00,$0.00,$0.00,-,$0.00
Support Services,"Function
Code","6110
Certificated
Salaries","6150
Non-Certificated
Salaries","6200
Employee
Benefits","6300
Purchased
Services","6400

Supplies","6500
Capital
Outlay","6600
Other
Objects",2125,Record Maintenance Services,$0.00,"$99,808.92","$33,129.70",$0.00,$0.00,$0.00,-,"$132,938.62"
Support Services,"Function
Code","6110
Certificated
Salaries","6150
Non-Certificated
Salaries","6200
Employee
Benefits","6300
Purchased
Services","6400

Supplies","6500
Capital
Outlay","6600
Other
Objects",2126,Placement Services,$0.00,$0.00,$0.00,$0.00,$0.00,$0.00,-,$0.00
Support Services,"Function
Code","6110
Certificated
Salaries","6150
Non-Certificated
Salaries","6200
Employee
Benefits","6300
Purchased
Services","6400

Supplies","6500
Capital
Outlay","6600
Other
Objects",2129,Other Guidance Services,"$95,320.15",$0.00,"$32,669.70","$15,186.01",$0.00,$0.00,-,"$143,175.86"
Support Services,"Function
Code","6110
Certificated
Salaries","6150
Non-Certificated
Salaries","6200
Employee
Benefits","6300
Purchased
Services","6400

Supplies","6500
Capital
Outlay","6600
Other
Objects",2131,"Health, Psych, Speech, and Audio - Serive Area Dir",$0.00,$0.00,$0.00,$0.00,$0.00,$0.00,-,$0.00
Support Services,"Function
Code","6110
Certificated
Salaries","6150
Non-Certificated
Salaries","6200
Employee
Benefits","6300
Purchased
Services","6400

Supplies","6500
Capital
Outlay","6600
Other
Objects",2132,Medical Services,$0.00,$0.00,$0.00,$0.00,"$1,006.19","$7,019.50",-,"$8,025.69"
Support Services,"Function
Code","6110
Certificated
Salaries","6150
Non-Certificated
Salaries","6200
Employee
Benefits","6300
Purchased
Services","6400

Supplies","6500
Capital
Outlay","6600
Other
Objects",2133,Dental Services,$0.00,$0.00,$0.00,$0.00,$0.00,$0.00,-,$0.00
Support Services,"Function
Code","6110
Certificated
Salaries","6150
Non-Certificated
Salaries","6200
Employee
Benefits","6300
Purchased
Services","6400

Supplies","6500
Capital
Outlay","6600
Other
Objects",2134,Nursing Services,$0.00,"$554,925.88","$187,595.67","$17,020.50","$15,514.24",$0.00,-,"$775,056.29"
Support Services,"Function
Code","6110
Certificated
Salaries","6150
Non-Certificated
Salaries","6200
Employee
Benefits","6300
Purchased
Services","6400

Supplies","6500
Capital
Outlay","6600
Other
Objects",2139,Other Health Services,$0.00,$0.00,$0.00,$0.00,$0.00,$0.00,-,$0.00
Support Services,"Function
Code","6110
Certificated
Salaries","6150
Non-Certificated
Salaries","6200
Employee
Benefits","6300
Purchased
Services","6400

Supplies","6500
Capital
Outlay","6600
Other
Objects",2141,Pyschological Services - Service Area Direction,$0.00,$0.00,$0.00,$0.00,$0.00,$0.00,-,$0.00
Support Services,"Function
Code","6110
Certificated
Salaries","6150
Non-Certificated
Salaries","6200
Employee
Benefits","6300
Purchased
Services","6400

Supplies","6500
Capital
Outlay","6600
Other
Objects",2142,Psychological Testing Services,"$318,308.34","$487,140.18","$251,157.21",$0.00,$0.00,$0.00,-,"$1,056,605.73"
Support Services,"Function
Code","6110
Certificated
Salaries","6150
Non-Certificated
Salaries","6200
Employee
Benefits","6300
Purchased
Services","6400

Supplies","6500
Capital
Outlay","6600
Other
Objects",2143,Psychological Counseling Services,$0.00,$0.00,$0.00,$0.00,$0.00,$0.00,-,$0.00
Support Services,"Function
Code","6110
Certificated
Salaries","6150
Non-Certificated
Salaries","6200
Employee
Benefits","6300
Purchased
Services","6400

Supplies","6500
Capital
Outlay","6600
Other
Objects",2144,Psychotherapy Services,$0.00,$0.00,$0.00,$0.00,$0.00,$0.00,-,$0.00
Support Services,"Function
Code","6110
Certificated
Salaries","6150
Non-Certificated
Salaries","6200
Employee
Benefits","6300
Purchased
Services","6400

Supplies","6500
Capital
Outlay","6600
Other
Objects",2149,Other Psychological Services,$0.00,$0.00,$0.00,$0.00,$0.00,$0.00,-,$0.00
Support Services,"Function
Code","6110
Certificated
Salaries","6150
Non-Certificated
Salaries","6200
Employee
Benefits","6300
Purchased
Services","6400

Supplies","6500
Capital
Outlay","6600
Other
Objects",2151,Speech Path. and Audio. Services-Service Area Dire,$0.00,$0.00,$0.00,$0.00,$0.00,$0.00,-,$0.00
Support Services,"Function
Code","6110
Certificated
Salaries","6150
Non-Certificated
Salaries","6200
Employee
Benefits","6300
Purchased
Services","6400

Supplies","6500
Capital
Outlay","6600
Other
Objects",2152,Speech Pathology Services,"$388,942.06","$51,333.62","$120,639.22","$489,013.29",$0.00,$0.00,-,"$1,049,928.19"
Support Services,"Function
Code","6110
Certificated
Salaries","6150
Non-Certificated
Salaries","6200
Employee
Benefits","6300
Purchased
Services","6400

Supplies","6500
Capital
Outlay","6600
Other
Objects",2153,Audiology Services,$0.00,$0.00,$0.00,$0.00,$0.00,$0.00,-,$0.00
Support Services,"Function
Code","6110
Certificated
Salaries","6150
Non-Certificated
Salaries","6200
Employee
Benefits","6300
Purchased
Services","6400

Supplies","6500
Capital
Outlay","6600
Other
Objects",2159,Other Speech Pathology and Audiology Services,$0.00,$0.00,$0.00,$0.00,$0.00,$0.00,-,$0.00
Support Services,"Function
Code","6110
Certificated
Salaries","6150
Non-Certificated
Salaries","6200
Employee
Benefits","6300
Purchased
Services","6400

Supplies","6500
Capital
Outlay","6600
Other
Objects",2161,Occupational Therapy-Related Service Area Direction,$0.00,$0.00,$0.00,$0.00,$0.00,$0.00,-,$0.00
Support Services,"Function
Code","6110
Certificated
Salaries","6150
Non-Certificated
Salaries","6200
Employee
Benefits","6300
Purchased
Services","6400

Supplies","6500
Capital
Outlay","6600
Other
Objects",2162,Occupational Therapy-Related Services,$0.00,"$180,942.00","$55,271.27","$182,331.53",$0.00,$0.00,-,"$418,544.80"
Support Services,"Function
Code","6110
Certificated
Salaries","6150
Non-Certificated
Salaries","6200
Employee
Benefits","6300
Purchased
Services","6400

Supplies","6500
Capital
Outlay","6600
Other
Objects",2171,Physical Therapy-Related Servies Area Direction,$0.00,$0.00,$0.00,$0.00,$0.00,$0.00,-,$0.00
Support Services,"Function
Code","6110
Certificated
Salaries","6150
Non-Certificated
Salaries","6200
Employee
Benefits","6300
Purchased
Services","6400

Supplies","6500
Capital
Outlay","6600
Other
Objects",2172,Physical Therapy-Related Services,$0.00,$0.00,$0.00,$0.00,$0.00,$0.00,-,$0.00
Support Services,"Function
Code","6110
Certificated
Salaries","6150
Non-Certificated
Salaries","6200
Employee
Benefits","6300
Purchased
Services","6400

Supplies","6500
Capital
Outlay","6600
Other
Objects",2181,Visually Impaired/Vision Service Area Direction,$0.00,$0.00,$0.00,$0.00,$0.00,$0.00,-,$0.00
Support Services,"Function
Code","6110
Certificated
Salaries","6150
Non-Certificated
Salaries","6200
Employee
Benefits","6300
Purchased
Services","6400

Supplies","6500
Capital
Outlay","6600
Other
Objects",2182,Visually Impaired/Vision Services,$0.00,$0.00,$0.00,$0.00,$0.00,$0.00,-,$0.00
Support Services,"Function
Code","6110
Certificated
Salaries","6150
Non-Certificated
Salaries","6200
Employee
Benefits","6300
Purchased
Services","6400

Supplies","6500
Capital
Outlay","6600
Other
Objects",2191,Other Support Services - Students,$0.00,"$215,297.37","$53,121.69","$7,322.68",$0.00,$0.00,-,"$275,741.74"
Support Services,"Function
Code","6110
Certificated
Salaries","6150
Non-Certificated
Salaries","6200
Employee
Benefits","6300
Purchased
Services","6400

Supplies","6500
Capital
Outlay","6600
Other
Objects",2211,Service Area Direction-Improvement of Instruction,"$482,064.09","$62,101.48","$151,432.21","$481,353.58","$55,367.38","$5,009.48",-,"$1,237,328.22"
Support Services,"Function
Code","6110
Certificated
Salaries","6150
Non-Certificated
Salaries","6200
Employee
Benefits","6300
Purchased
Services","6400

Supplies","6500
Capital
Outlay","6600
Other
Objects",2212,Instruction and Curriculum Development Services,$0.00,$0.00,$0.00,"$5,775.52",$272.78,$0.00,-,"$6,048.30"
Support Services,"Function
Code","6110
Certificated
Salaries","6150
Non-Certificated
Salaries","6200
Employee
Benefits","6300
Purchased
Services","6400

Supplies","6500
Capital
Outlay","6600
Other
Objects",2213,Instructional Staff Training Services,$600.00,$0.00,$95.70,"$291,941.20","$7,388.78",$0.00,-,"$300,025.68"
Support Services,"Function
Code","6110
Certificated
Salaries","6150
Non-Certificated
Salaries","6200
Employee
Benefits","6300
Purchased
Services","6400

Supplies","6500
Capital
Outlay","6600
Other
Objects",2214,Professional Development,"$56,668.84",$0.00,"$9,039.08","$219,646.33","$12,241.06",-,-,"$297,595.31"
Support Services,"Function
Code","6110
Certificated
Salaries","6150
Non-Certificated
Salaries","6200
Employee
Benefits","6300
Purchased
Services","6400

Supplies","6500
Capital
Outlay","6600
Other
Objects",2219,Other Improvement of Instruction Services,$0.00,$0.00,$0.00,$0.00,"$1,055.45",$0.00,-,"$1,055.45"
Support Services,"Function
Code","6110
Certificated
Salaries","6150
Non-Certificated
Salaries","6200
Employee
Benefits","6300
Purchased
Services","6400

Supplies","6500
Capital
Outlay","6600
Other
Objects",2221,Service Area Direction-Educational Media Services,$0.00,$0.00,$0.00,$0.00,$0.00,$0.00,-,$0.00
Support Services,"Function
Code","6110
Certificated
Salaries","6150
Non-Certificated
Salaries","6200
Employee
Benefits","6300
Purchased
Services","6400

Supplies","6500
Capital
Outlay","6600
Other
Objects",2222,School Library Services,"$627,810.86","$61,544.74","$204,992.45","$6,242.99","$62,929.44",$0.00,-,"$963,520.48"
Support Services,"Function
Code","6110
Certificated
Salaries","6150
Non-Certificated
Salaries","6200
Employee
Benefits","6300
Purchased
Services","6400

Supplies","6500
Capital
Outlay","6600
Other
Objects",2223,Audiovisual Services,$0.00,$0.00,$0.00,$0.00,$0.00,$0.00,-,$0.00
Support Services,"Function
Code","6110
Certificated
Salaries","6150
Non-Certificated
Salaries","6200
Employee
Benefits","6300
Purchased
Services","6400

Supplies","6500
Capital
Outlay","6600
Other
Objects",2224,Educational Television Services,$0.00,$0.00,$0.00,$0.00,$0.00,$0.00,-,$0.00
Support Services,"Function
Code","6110
Certificated
Salaries","6150
Non-Certificated
Salaries","6200
Employee
Benefits","6300
Purchased
Services","6400

Supplies","6500
Capital
Outlay","6600
Other
Objects",2225,Instruction-Related Technology,$0.00,$0.00,$0.00,$0.00,$0.00,$0.00,-,$0.00
Support Services,"Function
Code","6110
Certificated
Salaries","6150
Non-Certificated
Salaries","6200
Employee
Benefits","6300
Purchased
Services","6400

Supplies","6500
Capital
Outlay","6600
Other
Objects",2229,Other Educational Media Services,$0.00,$0.00,$0.00,$0.00,$0.00,$0.00,-,$0.00
Support Services,"Function
Code","6110
Certificated
Salaries","6150
Non-Certificated
Salaries","6200
Employee
Benefits","6300
Purchased
Services","6400

Supplies","6500
Capital
Outlay","6600
Other
Objects",2291,Other Support Services - Instructional Staff,$0.00,$0.00,$0.00,$0.00,$0.00,$0.00,-,$0.00
Support Services,"Function
Code","6110
Certificated
Salaries","6150
Non-Certificated
Salaries","6200
Employee
Benefits","6300
Purchased
Services","6400

Supplies","6500
Capital
Outlay","6600
Other
Objects",2311,Board of Education Services,$0.00,$0.00,$0.00,"$370,148.12","$3,968.39",$0.00,-,"$374,116.51"
Support Services,"Function
Code","6110
Certificated
Salaries","6150
Non-Certificated
Salaries","6200
Employee
Benefits","6300
Purchased
Services","6400

Supplies","6500
Capital
Outlay","6600
Other
Objects",2321,Executive Administration Services,"$216,209.99","$56,530.00","$51,621.02","$17,044.66","$6,271.40",$0.00,-,"$347,677.07"
Support Services,"Function
Code","6110
Certificated
Salaries","6150
Non-Certificated
Salaries","6200
Employee
Benefits","6300
Purchased
Services","6400

Supplies","6500
Capital
Outlay","6600
Other
Objects",2322,Community Relations Services,$0.00,$0.00,$0.00,"$77,479.08","$23,717.49","$19,950.00",-,"$121,146.57"
Support Services,"Function
Code","6110
Certificated
Salaries","6150
Non-Certificated
Salaries","6200
Employee
Benefits","6300
Purchased
Services","6400

Supplies","6500
Capital
Outlay","6600
Other
Objects",2323,Staff Relations and Negotiations Services,"$137,101.92","$112,855.83","$71,669.14","$75,312.93","$26,941.07",$0.00,-,"$423,880.89"
Support Services,"Function
Code","6110
Certificated
Salaries","6150
Non-Certificated
Salaries","6200
Employee
Benefits","6300
Purchased
Services","6400

Supplies","6500
Capital
Outlay","6600
Other
Objects",2324,State and Federal Relations Services,"$89,845.86","$21,598.08","$30,151.25",$0.00,"$1,747.58",$0.00,-,"$143,342.77"
Support Services,"Function
Code","6110
Certificated
Salaries","6150
Non-Certificated
Salaries","6200
Employee
Benefits","6300
Purchased
Services","6400

Supplies","6500
Capital
Outlay","6600
Other
Objects",2329,Other Executive Administration Services,"$336,673.09","$207,417.61","$3,048,726.96","$301,033.36","$92,477.51",$0.00,-,"$3,986,328.53"
Support Services,"Function
Code","6110
Certificated
Salaries","6150
Non-Certificated
Salaries","6200
Employee
Benefits","6300
Purchased
Services","6400

Supplies","6500
Capital
Outlay","6600
Other
Objects",2331,Administrative Technology Services,$0.00,"$97,603.07","$1,459.83",$0.00,$0.00,$0.00,-,"$99,062.90"
Support Services,"Function
Code","6110
Certificated
Salaries","6150
Non-Certificated
Salaries","6200
Employee
Benefits","6300
Purchased
Services","6400

Supplies","6500
Capital
Outlay","6600
Other
Objects",2411,Office of the Principal Services,"$1,766,868.51","$561,573.92","$646,850.14","$24,165.55","$95,868.60",$0.00,-,"$3,095,326.72"
Support Services,"Function
Code","6110
Certificated
Salaries","6150
Non-Certificated
Salaries","6200
Employee
Benefits","6300
Purchased
Services","6400

Supplies","6500
Capital
Outlay","6600
Other
Objects",2491,Other Support Services - School Administration,$0.00,$0.00,$0.00,"$13,670.22",$0.00,$0.00,-,"$13,670.22"
Support Services,"Function
Code","6110
Certificated
Salaries","6150
Non-Certificated
Salaries","6200
Employee
Benefits","6300
Purchased
Services","6400

Supplies","6500
Capital
Outlay","6600
Other
Objects",2511,Support Services-Business-Services Area Direction,$0.00,$0.00,$0.00,$0.00,$0.00,$0.00,-,$0.00
Support Services,"Function
Code","6110
Certificated
Salaries","6150
Non-Certificated
Salaries","6200
Employee
Benefits","6300
Purchased
Services","6400

Supplies","6500
Capital
Outlay","6600
Other
Objects",2521,Fiscal Services - Service Area Direction,$0.00,"$97,548.96","$22,948.78","$11,920.81","$11,037.09",$0.00,-,"$143,455.64"
Support Services,"Function
Code","6110
Certificated
Salaries","6150
Non-Certificated
Salaries","6200
Employee
Benefits","6300
Purchased
Services","6400

Supplies","6500
Capital
Outlay","6600
Other
Objects",2522,Budgeting Services,$0.00,$0.00,$0.00,$0.00,$0.00,$0.00,-,$0.00
Support Services,"Function
Code","6110
Certificated
Salaries","6150
Non-Certificated
Salaries","6200
Employee
Benefits","6300
Purchased
Services","6400

Supplies","6500
Capital
Outlay","6600
Other
Objects",2523,Receiving and Disbursing Funds Services,$0.00,"$44,510.40","$15,668.05",$0.00,$0.00,$0.00,-,"$60,178.45"
Support Services,"Function
Code","6110
Certificated
Salaries","6150
Non-Certificated
Salaries","6200
Employee
Benefits","6300
Purchased
Services","6400

Supplies","6500
Capital
Outlay","6600
Other
Objects",2524,Payroll Services,$0.00,"$97,373.00","$50,132.72",$0.00,$0.00,$0.00,-,"$147,505.72"
Support Services,"Function
Code","6110
Certificated
Salaries","6150
Non-Certificated
Salaries","6200
Employee
Benefits","6300
Purchased
Services","6400

Supplies","6500
Capital
Outlay","6600
Other
Objects",2525,Financial Accounting Services,$0.00,$0.00,$0.00,"$13,910.56",$0.00,$0.00,-,"$13,910.56"
Support Services,"Function
Code","6110
Certificated
Salaries","6150
Non-Certificated
Salaries","6200
Employee
Benefits","6300
Purchased
Services","6400

Supplies","6500
Capital
Outlay","6600
Other
Objects",2526,Internal Auditing Services,$0.00,$0.00,$0.00,$0.00,$0.00,$0.00,-,$0.00
Support Services,"Function
Code","6110
Certificated
Salaries","6150
Non-Certificated
Salaries","6200
Employee
Benefits","6300
Purchased
Services","6400

Supplies","6500
Capital
Outlay","6600
Other
Objects",2527,Property Accounting Services,$0.00,$0.00,$0.00,$0.00,$0.00,$0.00,-,$0.00
Support Services,"Function
Code","6110
Certificated
Salaries","6150
Non-Certificated
Salaries","6200
Employee
Benefits","6300
Purchased
Services","6400

Supplies","6500
Capital
Outlay","6600
Other
Objects",2529,Other Fiscal Services,$0.00,"$93,101.85","$32,292.43",$0.00,$0.00,$0.00,-,"$125,394.28"
Support Services,"Function
Code","6110
Certificated
Salaries","6150
Non-Certificated
Salaries","6200
Employee
Benefits","6300
Purchased
Services","6400

Supplies","6500
Capital
Outlay","6600
Other
Objects",2541,Operation and Maintenance of Plant Services,"$123,054.96","$90,816.46","$60,472.23","$5,035.58","$9,559.25",$0.00,-,"$288,938.48"
Support Services,"Function
Code","6110
Certificated
Salaries","6150
Non-Certificated
Salaries","6200
Employee
Benefits","6300
Purchased
Services","6400

Supplies","6500
Capital
Outlay","6600
Other
Objects",2542,Care and Upkeep of Building Services,$0.00,"$2,042,543.87","$728,923.43","$1,067,501.80","$1,887,516.72",$0.00,-,"$5,726,485.82"
Support Services,"Function
Code","6110
Certificated
Salaries","6150
Non-Certificated
Salaries","6200
Employee
Benefits","6300
Purchased
Services","6400

Supplies","6500
Capital
Outlay","6600
Other
Objects",2543,Care and Upkeep of Grounds Services,$0.00,$0.00,$0.00,"$293,926.86","$10,670.33",$0.00,-,"$304,597.19"
Support Services,"Function
Code","6110
Certificated
Salaries","6150
Non-Certificated
Salaries","6200
Employee
Benefits","6300
Purchased
Services","6400

Supplies","6500
Capital
Outlay","6600
Other
Objects",2544,Care and Upkeep of Equipment Services,$0.00,"$443,650.72","$159,084.28","$16,429.35","$41,824.78",$0.00,-,"$660,989.13"
Support Services,"Function
Code","6110
Certificated
Salaries","6150
Non-Certificated
Salaries","6200
Employee
Benefits","6300
Purchased
Services","6400

Supplies","6500
Capital
Outlay","6600
Other
Objects",2545,Vehicle Servicing and Maintenance Services - Other,$0.00,$0.00,$0.00,"$185,532.92","$61,012.17",$0.00,-,"$246,545.09"
Support Services,"Function
Code","6110
Certificated
Salaries","6150
Non-Certificated
Salaries","6200
Employee
Benefits","6300
Purchased
Services","6400

Supplies","6500
Capital
Outlay","6600
Other
Objects",2546,Security Services,$0.00,"$527,492.68","$99,612.76","$40,144.94",$637.52,"$24,150.00",-,"$692,037.90"
Support Services,"Function
Code","6110
Certificated
Salaries","6150
Non-Certificated
Salaries","6200
Employee
Benefits","6300
Purchased
Services","6400

Supplies","6500
Capital
Outlay","6600
Other
Objects",2549,Other Operation and Maintenance of Plant Services,$0.00,$0.00,$0.00,"$4,754.90",$0.00,$0.00,-,"$4,754.90"
Support Services,"Function
Code","6110
Certificated
Salaries","6150
Non-Certificated
Salaries","6200
Employee
Benefits","6300
Purchased
Services","6400

Supplies","6500
Capital
Outlay","6600
Other
Objects",2551,Contracted Transportation Services for Students,"$229,347.28",$0.00,"$53,857.24","$4,024,225.88",$0.00,$0.00,-,"$4,307,430.40"
Support Services,"Function
Code","6110
Certificated
Salaries","6150
Non-Certificated
Salaries","6200
Employee
Benefits","6300
Purchased
Services","6400

Supplies","6500
Capital
Outlay","6600
Other
Objects",2552,District Operated Non-Disabled Student Trans Cost,$0.00,$0.00,$0.00,$0.00,$0.00,$0.00,-,$0.00
Support Services,"Function
Code","6110
Certificated
Salaries","6150
Non-Certificated
Salaries","6200
Employee
Benefits","6300
Purchased
Services","6400

Supplies","6500
Capital
Outlay","6600
Other
Objects",2553,Contracted K-12 Disabled Transportation Services,$0.00,$0.00,$0.00,"$1,639,864.42",$0.00,$0.00,-,"$1,639,864.42"
Support Services,"Function
Code","6110
Certificated
Salaries","6150
Non-Certificated
Salaries","6200
Employee
Benefits","6300
Purchased
Services","6400

Supplies","6500
Capital
Outlay","6600
Other
Objects",2554,District Operated K-12 Disabled Trans. Services,$0.00,$0.00,$0.00,$0.00,$0.00,$0.00,-,$0.00
Support Services,"Function
Code","6110
Certificated
Salaries","6150
Non-Certificated
Salaries","6200
Employee
Benefits","6300
Purchased
Services","6400

Supplies","6500
Capital
Outlay","6600
Other
Objects",2555,Payment to Other Districts for Non-Disabled Trans.,-,-,-,$0.00,-,-,-,$0.00
Support Services,"Function
Code","6110
Certificated
Salaries","6150
Non-Certificated
Salaries","6200
Employee
Benefits","6300
Purchased
Services","6400

Supplies","6500
Capital
Outlay","6600
Other
Objects",2556,Payments to Other Dist. for K-12 Disabled Trans.,-,-,-,$0.00,-,-,-,$0.00
Support Services,"Function
Code","6110
Certificated
Salaries","6150
Non-Certificated
Salaries","6200
Employee
Benefits","6300
Purchased
Services","6400

Supplies","6500
Capital
Outlay","6600
Other
Objects",2557,School Choice (ESEA)/Prop Share (IDEA) Trans Cost,$0.00,$0.00,$0.00,$0.00,$0.00,$0.00,-,$0.00
Support Services,"Function
Code","6110
Certificated
Salaries","6150
Non-Certificated
Salaries","6200
Employee
Benefits","6300
Purchased
Services","6400

Supplies","6500
Capital
Outlay","6600
Other
Objects",2558,Non-Allowable Transportation Expenditure,$0.00,$0.00,$0.00,$0.00,$0.00,$0.00,-,$0.00
Support Services,"Function
Code","6110
Certificated
Salaries","6150
Non-Certificated
Salaries","6200
Employee
Benefits","6300
Purchased
Services","6400

Supplies","6500
Capital
Outlay","6600
Other
Objects",2559,Early Childhood Special Education Trans. Serv.,$0.00,$0.00,$0.00,"$157,058.81",$0.00,$0.00,$0.00,"$157,058.81"
Support Services,"Function
Code","6110
Certificated
Salaries","6150
Non-Certificated
Salaries","6200
Employee
Benefits","6300
Purchased
Services","6400

Supplies","6500
Capital
Outlay","6600
Other
Objects",2561,Food Services - Service Area Direction,$0.00,"$120,819.84","$27,269.50",$0.00,$0.00,"$27,484.80",-,"$175,574.14"
Support Services,"Function
Code","6110
Certificated
Salaries","6150
Non-Certificated
Salaries","6200
Employee
Benefits","6300
Purchased
Services","6400

Supplies","6500
Capital
Outlay","6600
Other
Objects",2562,Food Preparation and Dispensing Services,$0.00,"$894,827.54","$363,344.54","$103,731.71","$1,936,970.16","$25,518.00",-,"$3,324,391.95"
Support Services,"Function
Code","6110
Certificated
Salaries","6150
Non-Certificated
Salaries","6200
Employee
Benefits","6300
Purchased
Services","6400

Supplies","6500
Capital
Outlay","6600
Other
Objects",2563,Food Delivery Services,"$2,182.50","$82,460.13","$28,986.78",$0.00,$0.00,$0.00,-,"$113,629.41"
Support Services,"Function
Code","6110
Certificated
Salaries","6150
Non-Certificated
Salaries","6200
Employee
Benefits","6300
Purchased
Services","6400

Supplies","6500
Capital
Outlay","6600
Other
Objects",2569,Other Food Services,$0.00,$0.00,$0.00,$0.00,$0.00,$0.00,-,$0.00
Support Services,"Function
Code","6110
Certificated
Salaries","6150
Non-Certificated
Salaries","6200
Employee
Benefits","6300
Purchased
Services","6400

Supplies","6500
Capital
Outlay","6600
Other
Objects",2571,Internal Services - Services Area Direction,$0.00,$0.00,$0.00,$0.00,$0.00,$0.00,-,$0.00
Support Services,"Function
Code","6110
Certificated
Salaries","6150
Non-Certificated
Salaries","6200
Employee
Benefits","6300
Purchased
Services","6400

Supplies","6500
Capital
Outlay","6600
Other
Objects",2572,Purchasing Services,$0.00,"$50,255.00","$16,666.99",$0.00,$0.00,$0.00,-,"$66,921.99"
Support Services,"Function
Code","6110
Certificated
Salaries","6150
Non-Certificated
Salaries","6200
Employee
Benefits","6300
Purchased
Services","6400

Supplies","6500
Capital
Outlay","6600
Other
Objects",2573,Warehousing and Distributing Services,$0.00,$0.00,$0.00,$0.00,$0.00,$0.00,-,$0.00
Support Services,"Function
Code","6110
Certificated
Salaries","6150
Non-Certificated
Salaries","6200
Employee
Benefits","6300
Purchased
Services","6400

Supplies","6500
Capital
Outlay","6600
Other
Objects",2574,"Printing, Publishing, and Duplicating Services",$0.00,"$60,450.00","$18,207.08",$0.00,$0.00,$0.00,-,"$78,657.08"
Support Services,"Function
Code","6110
Certificated
Salaries","6150
Non-Certificated
Salaries","6200
Employee
Benefits","6300
Purchased
Services","6400

Supplies","6500
Capital
Outlay","6600
Other
Objects",2579,Other Internal Services,$0.00,$0.00,$0.00,$0.00,$0.00,$0.00,-,$0.00
Support Services,"Function
Code","6110
Certificated
Salaries","6150
Non-Certificated
Salaries","6200
Employee
Benefits","6300
Purchased
Services","6400

Supplies","6500
Capital
Outlay","6600
Other
Objects",2591,Other Business Support Services,$0.00,$0.00,$0.00,$0.00,$0.00,$0.00,-,$0.00
Support Services,"Function
Code","6110
Certificated
Salaries","6150
Non-Certificated
Salaries","6200
Employee
Benefits","6300
Purchased
Services","6400

Supplies","6500
Capital
Outlay","6600
Other
Objects",2611,Central Office Services - Service Area Direction,$0.00,$0.00,$0.00,$0.00,$0.00,$0.00,-,$0.00
Support Services,"Function
Code","6110
Certificated
Salaries","6150
Non-Certificated
Salaries","6200
Employee
Benefits","6300
Purchased
Services","6400

Supplies","6500
Capital
Outlay","6600
Other
Objects",2621,"Plan, Rsrch, Dev, and Eval.-Service Area Direction",$0.00,$0.00,$0.00,$0.00,$0.00,$0.00,-,$0.00
Support Services,"Function
Code","6110
Certificated
Salaries","6150
Non-Certificated
Salaries","6200
Employee
Benefits","6300
Purchased
Services","6400

Supplies","6500
Capital
Outlay","6600
Other
Objects",2622,Development Services,$0.00,$0.00,$0.00,$0.00,$0.00,$0.00,-,$0.00
Support Services,"Function
Code","6110
Certificated
Salaries","6150
Non-Certificated
Salaries","6200
Employee
Benefits","6300
Purchased
Services","6400

Supplies","6500
Capital
Outlay","6600
Other
Objects",2623,Evaluation Services,$0.00,$0.00,$0.00,$0.00,$0.00,$0.00,-,$0.00
Support Services,"Function
Code","6110
Certificated
Salaries","6150
Non-Certificated
Salaries","6200
Employee
Benefits","6300
Purchased
Services","6400

Supplies","6500
Capital
Outlay","6600
Other
Objects",2624,Planning Services,$0.00,$0.00,$0.00,$0.00,$0.00,$0.00,-,$0.00
Support Services,"Function
Code","6110
Certificated
Salaries","6150
Non-Certificated
Salaries","6200
Employee
Benefits","6300
Purchased
Services","6400

Supplies","6500
Capital
Outlay","6600
Other
Objects",2625,Research Services,$0.00,$0.00,$0.00,$0.00,$0.00,$0.00,-,$0.00
Support Services,"Function
Code","6110
Certificated
Salaries","6150
Non-Certificated
Salaries","6200
Employee
Benefits","6300
Purchased
Services","6400

Supplies","6500
Capital
Outlay","6600
Other
Objects",2629,"Other Plan, Rsrch, Dev., and Eval. Services",$0.00,$0.00,$0.00,$0.00,$0.00,$0.00,-,$0.00
Support Services,"Function
Code","6110
Certificated
Salaries","6150
Non-Certificated
Salaries","6200
Employee
Benefits","6300
Purchased
Services","6400

Supplies","6500
Capital
Outlay","6600
Other
Objects",2631,Information Services - Service Area Direction,$0.00,"$105,241.28",$633.67,$0.00,$0.00,$0.00,-,"$105,874.95"
Support Services,"Function
Code","6110
Certificated
Salaries","6150
Non-Certificated
Salaries","6200
Employee
Benefits","6300
Purchased
Services","6400

Supplies","6500
Capital
Outlay","6600
Other
Objects",2632,Internal Information Services,$0.00,$0.00,$0.00,$0.00,$0.00,$0.00,-,$0.00
Support Services,"Function
Code","6110
Certificated
Salaries","6150
Non-Certificated
Salaries","6200
Employee
Benefits","6300
Purchased
Services","6400

Supplies","6500
Capital
Outlay","6600
Other
Objects",2633,Public Information Services,$0.00,"$47,903.00","$30,933.34",$0.00,$0.00,$0.00,-,"$78,836.34"
Support Services,"Function
Code","6110
Certificated
Salaries","6150
Non-Certificated
Salaries","6200
Employee
Benefits","6300
Purchased
Services","6400

Supplies","6500
Capital
Outlay","6600
Other
Objects",2634,Management Information Services,$0.00,$0.00,$0.00,$0.00,$0.00,$0.00,-,$0.00
Support Services,"Function
Code","6110
Certificated
Salaries","6150
Non-Certificated
Salaries","6200
Employee
Benefits","6300
Purchased
Services","6400

Supplies","6500
Capital
Outlay","6600
Other
Objects",2639,Other Information Services,$0.00,$0.00,$0.00,$0.00,$0.00,$0.00,-,$0.00
Support Services,"Function
Code","6110
Certificated
Salaries","6150
Non-Certificated
Salaries","6200
Employee
Benefits","6300
Purchased
Services","6400

Supplies","6500
Capital
Outlay","6600
Other
Objects",2641,Staff Services - Service Area Direction,$0.00,$0.00,$0.00,$0.00,$0.00,$0.00,-,$0.00
Support Services,"Function
Code","6110
Certificated
Salaries","6150
Non-Certificated
Salaries","6200
Employee
Benefits","6300
Purchased
Services","6400

Supplies","6500
Capital
Outlay","6600
Other
Objects",2642,Recruitment and Placement Services,$0.00,$0.00,$0.00,$0.00,$0.00,$0.00,-,$0.00
Support Services,"Function
Code","6110
Certificated
Salaries","6150
Non-Certificated
Salaries","6200
Employee
Benefits","6300
Purchased
Services","6400

Supplies","6500
Capital
Outlay","6600
Other
Objects",2643,Staff Accounting Services,$0.00,$0.00,$0.00,$0.00,$0.00,$0.00,-,$0.00
Support Services,"Function
Code","6110
Certificated
Salaries","6150
Non-Certificated
Salaries","6200
Employee
Benefits","6300
Purchased
Services","6400

Supplies","6500
Capital
Outlay","6600
Other
Objects",2644,In-Service Training for Non-Instructional Staff,$0.00,$0.00,$0.00,$0.00,$0.00,$0.00,-,$0.00
Support Services,"Function
Code","6110
Certificated
Salaries","6150
Non-Certificated
Salaries","6200
Employee
Benefits","6300
Purchased
Services","6400

Supplies","6500
Capital
Outlay","6600
Other
Objects",2645,Health Services,$0.00,$0.00,$0.00,$0.00,$0.00,$0.00,-,$0.00
Support Services,"Function
Code","6110
Certificated
Salaries","6150
Non-Certificated
Salaries","6200
Employee
Benefits","6300
Purchased
Services","6400

Supplies","6500
Capital
Outlay","6600
Other
Objects",2649,Other Staff Services,$0.00,$0.00,$0.00,$0.00,$0.00,$0.00,-,$0.00
Support Services,"Function
Code","6110
Certificated
Salaries","6150
Non-Certificated
Salaries","6200
Employee
Benefits","6300
Purchased
Services","6400

Supplies","6500
Capital
Outlay","6600
Other
Objects",2651,Statistical Services - Service Area Direction,$0.00,$0.00,$0.00,$0.00,$0.00,$0.00,-,$0.00
Support Services,"Function
Code","6110
Certificated
Salaries","6150
Non-Certificated
Salaries","6200
Employee
Benefits","6300
Purchased
Services","6400

Supplies","6500
Capital
Outlay","6600
Other
Objects",2652,Statistical Analysis Services,$0.00,$0.00,$0.00,$0.00,$0.00,$0.00,-,$0.00
Support Services,"Function
Code","6110
Certificated
Salaries","6150
Non-Certificated
Salaries","6200
Employee
Benefits","6300
Purchased
Services","6400

Supplies","6500
Capital
Outlay","6600
Other
Objects",2653,Statistical Reporting Services,$0.00,$0.00,$0.00,$0.00,$0.00,$0.00,-,$0.00
Support Services,"Function
Code","6110
Certificated
Salaries","6150
Non-Certificated
Salaries","6200
Employee
Benefits","6300
Purchased
Services","6400

Supplies","6500
Capital
Outlay","6600
Other
Objects",2659,Other Statistical Services,$0.00,$0.00,$0.00,$0.00,$0.00,$0.00,-,$0.00
Support Services,"Function
Code","6110
Certificated
Salaries","6150
Non-Certificated
Salaries","6200
Employee
Benefits","6300
Purchased
Services","6400

Supplies","6500
Capital
Outlay","6600
Other
Objects",2661,Data Processing Services - Service Area Direction,$0.00,$0.00,$0.00,$0.00,$0.00,$0.00,-,$0.00
Support Services,"Function
Code","6110
Certificated
Salaries","6150
Non-Certificated
Salaries","6200
Employee
Benefits","6300
Purchased
Services","6400

Supplies","6500
Capital
Outlay","6600
Other
Objects",2662,Systems Analysis Services,$0.00,$0.00,$0.00,$0.00,$0.00,$0.00,-,$0.00
Support Services,"Function
Code","6110
Certificated
Salaries","6150
Non-Certificated
Salaries","6200
Employee
Benefits","6300
Purchased
Services","6400

Supplies","6500
Capital
Outlay","6600
Other
Objects",2663,Programming Services,$0.00,$0.00,$0.00,$0.00,$0.00,$0.00,-,$0.00
Support Services,"Function
Code","6110
Certificated
Salaries","6150
Non-Certificated
Salaries","6200
Employee
Benefits","6300
Purchased
Services","6400

Supplies","6500
Capital
Outlay","6600
Other
Objects",2664,Operations Services,"$243,130.26","$242,979.71","$164,812.34","$161,255.37","$89,591.06","$1,265,100.96",-,"$2,166,869.70"
Support Services,"Function
Code","6110
Certificated
Salaries","6150
Non-Certificated
Salaries","6200
Employee
Benefits","6300
Purchased
Services","6400

Supplies","6500
Capital
Outlay","6600
Other
Objects",2669,Other Data Processing Services,$0.00,$0.00,$0.00,$0.00,$0.00,$0.00,-,$0.00
Support Services,"Function
Code","6110
Certificated
Salaries","6150
Non-Certificated
Salaries","6200
Employee
Benefits","6300
Purchased
Services","6400

Supplies","6500
Capital
Outlay","6600
Other
Objects",2691,Other Support Services - Central,$0.00,$0.00,$0.00,$0.00,$0.00,$0.00,-,$0.00
Support Services,"Function
Code","6110
Certificated
Salaries","6150
Non-Certificated
Salaries","6200
Employee
Benefits","6300
Purchased
Services","6400

Supplies","6500
Capital
Outlay","6600
Other
Objects",2911,Other Supporting Services,$0.00,$0.00,$0.00,$0.00,$0.00,$0.00,-,$0.00
Support Services,"Function
Code","6110
Certificated
Salaries","6150
Non-Certificated
Salaries","6200
Employee
Benefits","6300
Purchased
Services","6400

Supplies","6500
Capital
Outlay","6600
Other
Objects",2998,Total Support Services,"$5,976,154.47","$8,338,532.58","$7,273,803.13","$10,353,065.45","$4,461,585.92","$1,374,232.74",-,"$37,777,374.29"
Support Services,"Function
Code","6110
Certificated
Salaries","6150
Non-Certificated
Salaries","6200
Employee
Benefits","6300
Purchased
Services","6400

Supplies","6500
Capital
Outlay","6600
Other
Objects",2999,Total Instruction & Support,"$26,614,860.45","$10,058,111.68","$14,713,049.51","$14,669,645.90","$6,352,716.30","$1,617,482.97",-,"$74,025,866.81"
Non-Instruction Expenditures,"Function
Code","6110
Certificated
Salaries","6150
Non-Certificated
Salaries","6200
Employee
Benefits","6300
Purchased
Services","6400

Supplies","6500
Capital
Outlay","6600
Other
Objects",1611,Adult Education,$0.00,$0.00,$0.00,$0.00,$0.00,$0.00,-,$0.00
Non-Instruction Expenditures,"Function
Code","6110
Certificated
Salaries","6150
Non-Certificated
Salaries","6200
Employee
Benefits","6300
Purchased
Services","6400

Supplies","6500
Capital
Outlay","6600
Other
Objects",1612,Workplace Literacy,$0.00,$0.00,$0.00,$0.00,$0.00,$0.00,-,$0.00
Non-Instruction Expenditures,"Function
Code","6110
Certificated
Salaries","6150
Non-Certificated
Salaries","6200
Employee
Benefits","6300
Purchased
Services","6400

Supplies","6500
Capital
Outlay","6600
Other
Objects",1613,Family Literacy,$0.00,$0.00,$0.00,$0.00,$0.00,$0.00,-,$0.00
Non-Instruction Expenditures,"Function
Code","6110
Certificated
Salaries","6150
Non-Certificated
Salaries","6200
Employee
Benefits","6300
Purchased
Services","6400

Supplies","6500
Capital
Outlay","6600
Other
Objects",1614,English as 2nd Lang./English to Spkrs of Othr Lang,$0.00,$0.00,$0.00,$0.00,$0.00,$0.00,-,$0.00
Non-Instruction Expenditures,"Function
Code","6110
Certificated
Salaries","6150
Non-Certificated
Salaries","6200
Employee
Benefits","6300
Purchased
Services","6400

Supplies","6500
Capital
Outlay","6600
Other
Objects",1615,English Literacy/Civics Education,$0.00,$0.00,$0.00,$0.00,$0.00,$0.00,-,$0.00
Non-Instruction Expenditures,"Function
Code","6110
Certificated
Salaries","6150
Non-Certificated
Salaries","6200
Employee
Benefits","6300
Purchased
Services","6400

Supplies","6500
Capital
Outlay","6600
Other
Objects",1621,Adult Vocational Education,$0.00,$0.00,$0.00,$0.00,$0.00,$0.00,-,$0.00
Non-Instruction Expenditures,"Function
Code","6110
Certificated
Salaries","6150
Non-Certificated
Salaries","6200
Employee
Benefits","6300
Purchased
Services","6400

Supplies","6500
Capital
Outlay","6600
Other
Objects",1671,Community Education/Life Enrichment,$0.00,$0.00,$0.00,$0.00,$0.00,$0.00,-,$0.00
Non-Instruction Expenditures,"Function
Code","6110
Certificated
Salaries","6150
Non-Certificated
Salaries","6200
Employee
Benefits","6300
Purchased
Services","6400

Supplies","6500
Capital
Outlay","6600
Other
Objects",1691,Other Adult/Continuing Education Programs,$0.00,$0.00,$0.00,$0.00,$0.00,$0.00,-,$0.00
Non-Instruction Expenditures,"Function
Code","6110
Certificated
Salaries","6150
Non-Certificated
Salaries","6200
Employee
Benefits","6300
Purchased
Services","6400

Supplies","6500
Capital
Outlay","6600
Other
Objects",3111,Direction of Community Services-Service Area Direc,$0.00,$0.00,$0.00,"$22,500.00",$0.00,$0.00,-,"$22,500.00"
Non-Instruction Expenditures,"Function
Code","6110
Certificated
Salaries","6150
Non-Certificated
Salaries","6200
Employee
Benefits","6300
Purchased
Services","6400

Supplies","6500
Capital
Outlay","6600
Other
Objects",3211,Community Rec. Services-Service Area Direction,$0.00,$0.00,$0.00,$0.00,$0.00,$0.00,-,$0.00
Non-Instruction Expenditures,"Function
Code","6110
Certificated
Salaries","6150
Non-Certificated
Salaries","6200
Employee
Benefits","6300
Purchased
Services","6400

Supplies","6500
Capital
Outlay","6600
Other
Objects",3311,Civic Services,$0.00,$0.00,$0.00,$0.00,$0.00,$0.00,-,$0.00
Non-Instruction Expenditures,"Function
Code","6110
Certificated
Salaries","6150
Non-Certificated
Salaries","6200
Employee
Benefits","6300
Purchased
Services","6400

Supplies","6500
Capital
Outlay","6600
Other
Objects",3411,Public Library Services,$0.00,$0.00,$0.00,$0.00,$0.00,$0.00,-,$0.00
Non-Instruction Expenditures,"Function
Code","6110
Certificated
Salaries","6150
Non-Certificated
Salaries","6200
Employee
Benefits","6300
Purchased
Services","6400

Supplies","6500
Capital
Outlay","6600
Other
Objects",3511,Early Childhood Program,"$40,030.92","$150,912.69","$74,875.18","$5,074.00","$9,409.81",$0.00,$0.00,"$280,302.60"
Non-Instruction Expenditures,"Function
Code","6110
Certificated
Salaries","6150
Non-Certificated
Salaries","6200
Employee
Benefits","6300
Purchased
Services","6400

Supplies","6500
Capital
Outlay","6600
Other
Objects",3512,Early Childhood Instruction,"$1,149,439.38","$666,139.62","$632,097.21","$166,830.74","$84,724.69","$1,799.95",$0.00,"$2,701,031.59"
Non-Instruction Expenditures,"Function
Code","6110
Certificated
Salaries","6150
Non-Certificated
Salaries","6200
Employee
Benefits","6300
Purchased
Services","6400

Supplies","6500
Capital
Outlay","6600
Other
Objects",3611,Welfare Activities Services,$0.00,$0.00,$0.00,$0.00,"$28,189.63",$0.00,-,"$28,189.63"
Non-Instruction Expenditures,"Function
Code","6110
Certificated
Salaries","6150
Non-Certificated
Salaries","6200
Employee
Benefits","6300
Purchased
Services","6400

Supplies","6500
Capital
Outlay","6600
Other
Objects",3711,Non-Public School Students' Services,$0.00,$0.00,$0.00,"$96,873.17","$18,419.51",$0.00,-,"$115,292.68"
Non-Instruction Expenditures,"Function
Code","6110
Certificated
Salaries","6150
Non-Certificated
Salaries","6200
Employee
Benefits","6300
Purchased
Services","6400

Supplies","6500
Capital
Outlay","6600
Other
Objects",3811,Custody and Care of Children Services,$0.00,"$62,523.11","$27,410.80",$0.00,"$1,388.48",$0.00,-,"$91,322.39"
Non-Instruction Expenditures,"Function
Code","6110
Certificated
Salaries","6150
Non-Certificated
Salaries","6200
Employee
Benefits","6300
Purchased
Services","6400

Supplies","6500
Capital
Outlay","6600
Other
Objects",3812,Afterschool Program,$0.00,"$56,268.00","$17,437.12","$112,500.00",$0.00,$0.00,-,"$186,205.12"
Non-Instruction Expenditures,"Function
Code","6110
Certificated
Salaries","6150
Non-Certificated
Salaries","6200
Employee
Benefits","6300
Purchased
Services","6400

Supplies","6500
Capital
Outlay","6600
Other
Objects",3911,Other Community Services,$0.00,"$242,176.92","$98,353.68",$0.00,"$201,079.51",$0.00,-,"$541,610.11"
Non-Instruction Expenditures,"Function
Code","6110
Certificated
Salaries","6150
Non-Certificated
Salaries","6200
Employee
Benefits","6300
Purchased
Services","6400

Supplies","6500
Capital
Outlay","6600
Other
Objects",3912,Parental Involvement,$0.00,$0.00,$0.00,$0.00,"$7,971.87",$0.00,-,"$7,971.87"
Non-Instruction Expenditures,"Function
Code","6110
Certificated
Salaries","6150
Non-Certificated
Salaries","6200
Employee
Benefits","6300
Purchased
Services","6400

Supplies","6500
Capital
Outlay","6600
Other
Objects",3913,Service-Learning,$0.00,$0.00,$0.00,$0.00,$0.00,$0.00,-,$0.00
Non-Instruction Expenditures,"Function
Code","6110
Certificated
Salaries","6150
Non-Certificated
Salaries","6200
Employee
Benefits","6300
Purchased
Services","6400

Supplies","6500
Capital
Outlay","6600
Other
Objects",4011,Facilities Acq.and Constr.-Service Area Direction,-,-,-,-,-,$0.00,-,$0.00
Non-Instruction Expenditures,"Function
Code","6110
Certificated
Salaries","6150
Non-Certificated
Salaries","6200
Employee
Benefits","6300
Purchased
Services","6400

Supplies","6500
Capital
Outlay","6600
Other
Objects",4021,Facilities Acquisition and Construction Services-S,-,-,-,-,-,$0.00,-,$0.00
Non-Instruction Expenditures,"Function
Code","6110
Certificated
Salaries","6150
Non-Certificated
Salaries","6200
Employee
Benefits","6300
Purchased
Services","6400

Supplies","6500
Capital
Outlay","6600
Other
Objects",4031,"Architecture, Engineering and Legal Services",-,-,-,-,-,$0.00,-,$0.00
Non-Instruction Expenditures,"Function
Code","6110
Certificated
Salaries","6150
Non-Certificated
Salaries","6200
Employee
Benefits","6300
Purchased
Services","6400

Supplies","6500
Capital
Outlay","6600
Other
Objects",4041,Educational Specifications Development Services,-,-,-,-,-,$0.00,-,$0.00
Non-Instruction Expenditures,"Function
Code","6110
Certificated
Salaries","6150
Non-Certificated
Salaries","6200
Employee
Benefits","6300
Purchased
Services","6400

Supplies","6500
Capital
Outlay","6600
Other
Objects",4051,"Building Acq., Constr. and Improvements Services",-,-,-,-,-,"$586,801.93",-,"$586,801.93"
Non-Instruction Expenditures,"Function
Code","6110
Certificated
Salaries","6150
Non-Certificated
Salaries","6200
Employee
Benefits","6300
Purchased
Services","6400

Supplies","6500
Capital
Outlay","6600
Other
Objects",4091,Other Facilities Acq. and Constr. Services,-,-,-,-,-,$0.00,-,$0.00
Non-Instruction Expenditures,"Function
Code","6110
Certificated
Salaries","6150
Non-Certificated
Salaries","6200
Employee
Benefits","6300
Purchased
Services","6400

Supplies","6500
Capital
Outlay","6600
Other
Objects",5111,Principal - Bonded Indebtedness,-,-,-,-,-,-,"$2,790,000.00","$2,790,000.00"
Non-Instruction Expenditures,"Function
Code","6110
Certificated
Salaries","6150
Non-Certificated
Salaries","6200
Employee
Benefits","6300
Purchased
Services","6400

Supplies","6500
Capital
Outlay","6600
Other
Objects",5121,Principal - Short Term Loans,-,-,-,-,-,-,$0.00,$0.00
Non-Instruction Expenditures,"Function
Code","6110
Certificated
Salaries","6150
Non-Certificated
Salaries","6200
Employee
Benefits","6300
Purchased
Services","6400

Supplies","6500
Capital
Outlay","6600
Other
Objects",5122,Principal - Long Term Loans,-,-,-,-,-,-,$0.00,$0.00
Non-Instruction Expenditures,"Function
Code","6110
Certificated
Salaries","6150
Non-Certificated
Salaries","6200
Employee
Benefits","6300
Purchased
Services","6400

Supplies","6500
Capital
Outlay","6600
Other
Objects",5131,Principal - Lease Purchase Agreement,-,-,-,-,-,-,"$1,341,668.60","$1,341,668.60"
Non-Instruction Expenditures,"Function
Code","6110
Certificated
Salaries","6150
Non-Certificated
Salaries","6200
Employee
Benefits","6300
Purchased
Services","6400

Supplies","6500
Capital
Outlay","6600
Other
Objects",5211,Interest - Bonded Indebtedness,-,-,-,-,-,-,"$1,454,087.50","$1,454,087.50"
Non-Instruction Expenditures,"Function
Code","6110
Certificated
Salaries","6150
Non-Certificated
Salaries","6200
Employee
Benefits","6300
Purchased
Services","6400

Supplies","6500
Capital
Outlay","6600
Other
Objects",5221,Interest - Short Term Loans,-,-,-,-,-,-,"$14,110.83","$14,110.83"
Non-Instruction Expenditures,"Function
Code","6110
Certificated
Salaries","6150
Non-Certificated
Salaries","6200
Employee
Benefits","6300
Purchased
Services","6400

Supplies","6500
Capital
Outlay","6600
Other
Objects",5222,Interest - Long Term Loans,-,-,-,-,-,-,$0.00,$0.00
Non-Instruction Expenditures,"Function
Code","6110
Certificated
Salaries","6150
Non-Certificated
Salaries","6200
Employee
Benefits","6300
Purchased
Services","6400

Supplies","6500
Capital
Outlay","6600
Other
Objects",5231,Interest - Lease Purchase Agreements,-,-,-,-,-,-,"$678,197.00","$678,197.00"
Non-Instruction Expenditures,"Function
Code","6110
Certificated
Salaries","6150
Non-Certificated
Salaries","6200
Employee
Benefits","6300
Purchased
Services","6400

Supplies","6500
Capital
Outlay","6600
Other
Objects",5241,Discount on Bonds Sold - Interest Adjustment,-,-,-,-,-,-,$0.00,$0.00
Non-Instruction Expenditures,"Function
Code","6110
Certificated
Salaries","6150
Non-Certificated
Salaries","6200
Employee
Benefits","6300
Purchased
Services","6400

Supplies","6500
Capital
Outlay","6600
Other
Objects",5311,Fees - Bonded Indebtedness,-,-,-,-,-,-,"$5,400.00","$5,400.00"
Non-Instruction Expenditures,"Function
Code","6110
Certificated
Salaries","6150
Non-Certificated
Salaries","6200
Employee
Benefits","6300
Purchased
Services","6400

Supplies","6500
Capital
Outlay","6600
Other
Objects",5321,Fees - Short Term Loans,-,-,-,-,-,-,"$2,500.00","$2,500.00"
Non-Instruction Expenditures,"Function
Code","6110
Certificated
Salaries","6150
Non-Certificated
Salaries","6200
Employee
Benefits","6300
Purchased
Services","6400

Supplies","6500
Capital
Outlay","6600
Other
Objects",5322,Fees - Long Term Loans,-,-,-,-,-,-,$0.00,$0.00
Non-Instruction Expenditures,"Function
Code","6110
Certificated
Salaries","6150
Non-Certificated
Salaries","6200
Employee
Benefits","6300
Purchased
Services","6400

Supplies","6500
Capital
Outlay","6600
Other
Objects",5331,Fees - Lease Purchase Agreements,-,-,-,-,-,-,$0.00,$0.00
Non-Instruction Expenditures,"Function
Code","6110
Certificated
Salaries","6150
Non-Certificated
Salaries","6200
Employee
Benefits","6300
Purchased
Services","6400

Supplies","6500
Capital
Outlay","6600
Other
Objects",9998,Total Non-Instruction/Support,"$1,189,470.30","$1,178,020.34","$850,173.99","$403,777.91","$351,183.50","$588,601.88","$6,285,963.93","$10,847,191.85"

Textbox291,Textbox293,Textbox294,Textbox295,Textbox296,Textbox297,Textbox183,Textbox298,SUPPORT_SERVICE_CODE,GENERAL_FUND8,SPECIAL_REVENUE8,DEBT_SERVICE6,CAPITAL_PROJECTS8,TOTAL_UNADJ_RATE7,Textbox339,Textbox301,Textbox302
"Function
Code","6110
Certificated
Salaries","6150
Non-Certificated
Salaries","6200
Employee
Benefits","6300
Purchased
Services","6400

Supplies","6500
Capital
Outlay","6600
Other
Objects",9999,"27,804,330.75","11,236,132.02","15,563,223.50","15,073,423.81","6,703,899.80","2,206,084.85","6,285,963.93","84,873,058.66"

Textbox136,Textbox342,Textbox381,Textbox371,Textbox345,Textbox367,Textbox364,Textbox361,Textbox358,Textbox347,Textbox405,Textbox406,Textbox407,Textbox408,Textbox409,Textbox410,Textbox411,Textbox412,Textbox413,Textbox414
12210,Special Education*,"$2,980,290.03","$915,067.19","$1,272,201.71","$3,734,007.51","$23,370.01","$22,865.16",$0.00,"$8,947,801.61",-,-,$0.00,$0.00,$0.00,$0.00,$0.00,$0.00,$0.00,$0.00
12810,Early Childhood Special Education (paid with state or local funds),"$629,305.46","$446,946.41","$370,216.88","$484,814.91","$5,956.13","$228,681.75",$0.00,"$2,165,921.54",-,-,$0.00,$0.00,$0.00,$0.00,$0.00,$0.00,$0.00,$0.00
32400,Educational and Screening Program ,"$18,898.11","$150,912.69","$66,550.71",$0.00,$0.00,$0.00,$0.00,"$236,361.51",-,-,$0.00,$0.00,$0.00,$0.00,$0.00,$0.00,$0.00,$0.00
33200,CTE Base and Performance Grant,$0.00,$0.00,$0.00,$0.00,"$15,570.00",$0.00,$0.00,"$15,570.00",-,-,$0.00,$0.00,$0.00,$0.00,$0.00,$0.00,$0.00,$0.00
40001,School Wide Pool,"$17,226,797.47","$224,076.49","$5,652,792.44","$116,100.26","$1,089,715.81","$39,987.27",$0.00,"$24,349,469.74",-,-,$0.00,$0.00,$0.00,$0.00,$0.00,$0.00,$0.00,$0.00
42701,Perkins Grant - Secondary,"$2,000.00",$0.00,$319.10,"$14,028.27","$117,039.59","$20,383.14",$0.00,"$153,770.10",-,-,$0.00,$0.00,$0.00,$0.00,$0.00,$0.00,$0.00,$0.00
43703,Special Education High Need Fund - Federal,$0.00,$0.00,$0.00,"$7,138.48",$0.00,$0.00,$0.00,"$7,138.48",-,-,$0.00,$0.00,$0.00,$0.00,$0.00,$0.00,$0.00,$0.00
43801,Special Education MO Model Districts,$0.00,$0.00,$0.00,$0.00,"$1,500.00",$0.00,$0.00,"$1,500.00",-,-,$0.00,$0.00,$0.00,$0.00,$0.00,$0.00,$0.00,$0.00
44100,"IDEA Entitlement Funds, Part B IDEA","$811,718.34","$205,746.38","$396,494.59","$32,289.62",$0.00,$0.00,$0.00,"$1,446,248.93",-,-,$0.00,$0.00,$0.00,$0.00,$0.00,$0.00,$0.00,$0.00
44200,IDEA - 611 ECSE Portion,$0.00,$0.00,$0.00,"$119,629.00",$0.00,$0.00,$0.00,"$119,629.00",-,-,$0.00,$0.00,$0.00,$0.00,$0.00,$0.00,$0.00,$0.00
44201,IDEA - 619 Preschool Grant,$0.00,$0.00,$0.00,"$54,558.00",$0.00,$0.00,$0.00,"$54,558.00",-,-,$0.00,$0.00,$0.00,$0.00,$0.00,$0.00,$0.00,$0.00
45100,Title I,"$1,069,272.82","$467,528.17","$508,999.43","$269,676.81","$137,635.66","$1,799.95",$0.00,"$2,454,912.84",-,-,$0.00,$0.00,$0.00,$0.00,$0.00,$0.00,$0.00,$0.00
45102,Title I School Improvement (a),"$22,553.91","$18,192.96","$18,100.33","$4,747.94","$154,620.86","$35,540.00",$0.00,"$253,756.00",-,-,$0.00,$0.00,$0.00,$0.00,$0.00,$0.00,$0.00,$0.00
46100,Title IV.A Student Support and Academic Enrichment,"$51,622.82",$0.00,"$16,394.25","$92,115.67","$60,867.43",$0.00,$0.00,"$221,000.17",-,-,$0.00,$0.00,$0.00,$0.00,$0.00,$0.00,$0.00,$0.00
46200,Title III LEP,$0.00,"$37,469.91","$11,524.47",$0.00,$900.00,$0.00,$0.00,"$49,894.38",-,-,$0.00,$0.00,$0.00,$0.00,$0.00,$0.00,$0.00,$0.00
46500,Title II.A,"$83,092.81",$0.00,"$21,286.12","$246,919.12","$7,388.78",$0.00,$0.00,"$358,686.83",-,-,$0.00,$0.00,$0.00,$0.00,$0.00,$0.00,$0.00,$0.00
46501,Math and Science Partnerships ,"$13,600.00",$0.00,"$2,169.20",$0.00,$0.00,$0.00,$0.00,"$15,769.20",-,-,$0.00,$0.00,$0.00,$0.00,$0.00,$0.00,$0.00,$0.00

Category5,Textbox313,Textbox315,Textbox316,Textbox317,Textbox318,Textbox319,REV_CODE_RANGE4,NAME7,GENERAL_FUND9,SPECIAL_REVENUE9,Debt_Service,CAPITAL_PROJECTS9,TOTAL_UNADJ_RATE8
Salary and Employee Benefits,"Object
Code","General
(Incidental)
Fund","Special
Revenue
(Teachers) Fund","Debt
Service
Fund","Capital
Projects
Fund","Total
All
Funds",6111,Certificated - Regular Salaries,$0.00,"$23,238,239.24",-,-,"$23,238,239.24"
Salary and Employee Benefits,"Object
Code","General
(Incidental)
Fund","Special
Revenue
(Teachers) Fund","Debt
Service
Fund","Capital
Projects
Fund","Total
All
Funds",6112,Certificated - Administrators Salaries,$0.00,"$3,330,180.67",-,-,"$3,330,180.67"
Salary and Employee Benefits,"Object
Code","General
(Incidental)
Fund","Special
Revenue
(Teachers) Fund","Debt
Service
Fund","Capital
Projects
Fund","Total
All
Funds",6121,Certificated - Part-Time Salaries,$0.00,"$3,181.89",-,-,"$3,181.89"
Salary and Employee Benefits,"Object
Code","General
(Incidental)
Fund","Special
Revenue
(Teachers) Fund","Debt
Service
Fund","Capital
Projects
Fund","Total
All
Funds",6122,Certificated - Other Part-Time Salaries,$0.00,"$215,805.04",-,-,"$215,805.04"
Salary and Employee Benefits,"Object
Code","General
(Incidental)
Fund","Special
Revenue
(Teachers) Fund","Debt
Service
Fund","Capital
Projects
Fund","Total
All
Funds",6131,Certificated Supplemental Pay,"$123,323.19","$893,600.72",-,-,"$1,016,923.91"
Salary and Employee Benefits,"Object
Code","General
(Incidental)
Fund","Special
Revenue
(Teachers) Fund","Debt
Service
Fund","Capital
Projects
Fund","Total
All
Funds",6141,Certificated Unused Leave and/or Severance Pay,$0.00,$0.00,-,-,$0.00
Salary and Employee Benefits,"Object
Code","General
(Incidental)
Fund","Special
Revenue
(Teachers) Fund","Debt
Service
Fund","Capital
Projects
Fund","Total
All
Funds",6151,Classified Salaries Regular,"$8,482,037.76",$0.00,-,-,"$8,482,037.76"
Salary and Employee Benefits,"Object
Code","General
(Incidental)
Fund","Special
Revenue
(Teachers) Fund","Debt
Service
Fund","Capital
Projects
Fund","Total
All
Funds",6152,Classifed Instructional Aide Salaries,"$1,998,418.95",$0.00,-,-,"$1,998,418.95"
Salary and Employee Benefits,"Object
Code","General
(Incidental)
Fund","Special
Revenue
(Teachers) Fund","Debt
Service
Fund","Capital
Projects
Fund","Total
All
Funds",6153,Classified Substitute Salaries,"$88,240.69",$0.00,-,-,"$88,240.69"
Salary and Employee Benefits,"Object
Code","General
(Incidental)
Fund","Special
Revenue
(Teachers) Fund","Debt
Service
Fund","Capital
Projects
Fund","Total
All
Funds",6161,Classified Salaries - Part-Time,"$667,434.62",$0.00,-,-,"$667,434.62"
Salary and Employee Benefits,"Object
Code","General
(Incidental)
Fund","Special
Revenue
(Teachers) Fund","Debt
Service
Fund","Capital
Projects
Fund","Total
All
Funds",6171,Classified Employees Unused Leave and/or Severance,$0.00,$0.00,-,-,$0.00
Salary and Employee Benefits,"Object
Code","General
(Incidental)
Fund","Special
Revenue
(Teachers) Fund","Debt
Service
Fund","Capital
Projects
Fund","Total
All
Funds",6199,Salaries - Subtotal,"$11,359,455.21","$27,681,007.56",-,-,"$39,040,462.77"
Salary and Employee Benefits,"Object
Code","General
(Incidental)
Fund","Special
Revenue
(Teachers) Fund","Debt
Service
Fund","Capital
Projects
Fund","Total
All
Funds",6211,Teacher's Retirement,"$11,909.01","$4,496,931.01",-,-,"$4,508,840.02"
Salary and Employee Benefits,"Object
Code","General
(Incidental)
Fund","Special
Revenue
(Teachers) Fund","Debt
Service
Fund","Capital
Projects
Fund","Total
All
Funds",6221,Non-Teacher Retirement,"$887,352.72",$0.00,-,-,"$887,352.72"
Salary and Employee Benefits,"Object
Code","General
(Incidental)
Fund","Special
Revenue
(Teachers) Fund","Debt
Service
Fund","Capital
Projects
Fund","Total
All
Funds",6231,Old Age Survivor and Disability (OASDI),"$665,716.28","$27,068.36",-,-,"$692,784.64"
Salary and Employee Benefits,"Object
Code","General
(Incidental)
Fund","Special
Revenue
(Teachers) Fund","Debt
Service
Fund","Capital
Projects
Fund","Total
All
Funds",6232,Medicare,"$156,662.80","$382,626.09",-,-,"$539,288.89"
Salary and Employee Benefits,"Object
Code","General
(Incidental)
Fund","Special
Revenue
(Teachers) Fund","Debt
Service
Fund","Capital
Projects
Fund","Total
All
Funds",6241,Employee Insurance,"$3,294,948.30","$4,765,684.48",-,-,"$8,060,632.78"
Salary and Employee Benefits,"Object
Code","General
(Incidental)
Fund","Special
Revenue
(Teachers) Fund","Debt
Service
Fund","Capital
Projects
Fund","Total
All
Funds",6261,Workers' Compensation Insurance,"$855,777.00",$0.00,-,-,"$855,777.00"
Salary and Employee Benefits,"Object
Code","General
(Incidental)
Fund","Special
Revenue
(Teachers) Fund","Debt
Service
Fund","Capital
Projects
Fund","Total
All
Funds",6271,Unemployment Compensation,"$18,246.75",$0.00,-,-,"$18,246.75"
Salary and Employee Benefits,"Object
Code","General
(Incidental)
Fund","Special
Revenue
(Teachers) Fund","Debt
Service
Fund","Capital
Projects
Fund","Total
All
Funds",6291,Other Employer Provided Benefits,$300.70,$0.00,-,-,$300.70
Salary and Employee Benefits,"Object
Code","General
(Incidental)
Fund","Special
Revenue
(Teachers) Fund","Debt
Service
Fund","Capital
Projects
Fund","Total
All
Funds",6299,Employee Benefits - Subtotal,"$5,890,913.56","$9,672,309.94",-,$0.00,"$15,563,223.50"
Purchased Services and Supplies,"Object
Code","General
(Incidental)
Fund","Special
Revenue
(Teachers) Fund","Debt
Service
Fund","Capital
Projects
Fund","Total
All
Funds",6311,Purchased Instructional Services - Tuition,"$264,656.05","$2,399,508.89",-,-,"$2,664,164.94"
Purchased Services and Supplies,"Object
Code","General
(Incidental)
Fund","Special
Revenue
(Teachers) Fund","Debt
Service
Fund","Capital
Projects
Fund","Total
All
Funds",6312,Instructional Program Improvement Services,"$1,582,088.34",$0.00,-,-,"$1,582,088.34"
Purchased Services and Supplies,"Object
Code","General
(Incidental)
Fund","Special
Revenue
(Teachers) Fund","Debt
Service
Fund","Capital
Projects
Fund","Total
All
Funds",6313,Pupil Services,$0.00,$0.00,-,-,$0.00
Purchased Services and Supplies,"Object
Code","General
(Incidental)
Fund","Special
Revenue
(Teachers) Fund","Debt
Service
Fund","Capital
Projects
Fund","Total
All
Funds",6314,Staff Services,"$368,847.01","$1,404,859.17",-,-,"$1,773,706.18"
Purchased Services and Supplies,"Object
Code","General
(Incidental)
Fund","Special
Revenue
(Teachers) Fund","Debt
Service
Fund","Capital
Projects
Fund","Total
All
Funds",6315,Audit Services,"$24,642.50",-,-,-,"$24,642.50"
Purchased Services and Supplies,"Object
Code","General
(Incidental)
Fund","Special
Revenue
(Teachers) Fund","Debt
Service
Fund","Capital
Projects
Fund","Total
All
Funds",6316,Data Processing and Technology Related Services,$0.00,-,-,-,$0.00
Purchased Services and Supplies,"Object
Code","General
(Incidental)
Fund","Special
Revenue
(Teachers) Fund","Debt
Service
Fund","Capital
Projects
Fund","Total
All
Funds",6317,Legal Services,"$207,255.85",-,-,-,"$207,255.85"
Purchased Services and Supplies,"Object
Code","General
(Incidental)
Fund","Special
Revenue
(Teachers) Fund","Debt
Service
Fund","Capital
Projects
Fund","Total
All
Funds",6318,Election Services,"$38,199.36",-,-,-,"$38,199.36"
Purchased Services and Supplies,"Object
Code","General
(Incidental)
Fund","Special
Revenue
(Teachers) Fund","Debt
Service
Fund","Capital
Projects
Fund","Total
All
Funds",6319,Other Professional Services,"$134,902.04",-,-,-,"$134,902.04"
Purchased Services and Supplies,"Object
Code","General
(Incidental)
Fund","Special
Revenue
(Teachers) Fund","Debt
Service
Fund","Capital
Projects
Fund","Total
All
Funds",6321,"Subawards Under Subagreements First $25,000",$0.00,$0.00,$0.00,$0.00,$0.00
Purchased Services and Supplies,"Object
Code","General
(Incidental)
Fund","Special
Revenue
(Teachers) Fund","Debt
Service
Fund","Capital
Projects
Fund","Total
All
Funds",6322,"Subawards Under Subagreements In excess of $25,000",$0.00,$0.00,$0.00,$0.00,$0.00
Purchased Services and Supplies,"Object
Code","General
(Incidental)
Fund","Special
Revenue
(Teachers) Fund","Debt
Service
Fund","Capital
Projects
Fund","Total
All
Funds",6331,Cleaning Services,$0.00,-,-,-,$0.00
Purchased Services and Supplies,"Object
Code","General
(Incidental)
Fund","Special
Revenue
(Teachers) Fund","Debt
Service
Fund","Capital
Projects
Fund","Total
All
Funds",6332,Repairs and Maintenance,"$609,146.83",-,-,-,"$609,146.83"
Purchased Services and Supplies,"Object
Code","General
(Incidental)
Fund","Special
Revenue
(Teachers) Fund","Debt
Service
Fund","Capital
Projects
Fund","Total
All
Funds",6333,Rentals - Land and Buildings,$0.00,-,-,-,$0.00
Purchased Services and Supplies,"Object
Code","General
(Incidental)
Fund","Special
Revenue
(Teachers) Fund","Debt
Service
Fund","Capital
Projects
Fund","Total
All
Funds",6334,Rentals - Equipment,"$236,005.84",-,-,-,"$236,005.84"
Purchased Services and Supplies,"Object
Code","General
(Incidental)
Fund","Special
Revenue
(Teachers) Fund","Debt
Service
Fund","Capital
Projects
Fund","Total
All
Funds",6335,Water and Sewer,"$222,927.33",-,-,-,"$222,927.33"
Purchased Services and Supplies,"Object
Code","General
(Incidental)
Fund","Special
Revenue
(Teachers) Fund","Debt
Service
Fund","Capital
Projects
Fund","Total
All
Funds",6336,Trash Removal,"$94,492.26",-,-,-,"$94,492.26"
Purchased Services and Supplies,"Object
Code","General
(Incidental)
Fund","Special
Revenue
(Teachers) Fund","Debt
Service
Fund","Capital
Projects
Fund","Total
All
Funds",6337,Technology-Related Repairs and Maintenance,$0.00,-,-,-,$0.00
Purchased Services and Supplies,"Object
Code","General
(Incidental)
Fund","Special
Revenue
(Teachers) Fund","Debt
Service
Fund","Capital
Projects
Fund","Total
All
Funds",6338,Rentals of Computers and Related Equipment,"$14,858.56",-,-,-,"$14,858.56"
Purchased Services and Supplies,"Object
Code","General
(Incidental)
Fund","Special
Revenue
(Teachers) Fund","Debt
Service
Fund","Capital
Projects
Fund","Total
All
Funds",6339,Other Property Services,$0.00,-,-,-,$0.00
Purchased Services and Supplies,"Object
Code","General
(Incidental)
Fund","Special
Revenue
(Teachers) Fund","Debt
Service
Fund","Capital
Projects
Fund","Total
All
Funds",6341,Contracted Transportation To and From School,"$5,647,733.31",-,-,-,"$5,647,733.31"
Purchased Services and Supplies,"Object
Code","General
(Incidental)
Fund","Special
Revenue
(Teachers) Fund","Debt
Service
Fund","Capital
Projects
Fund","Total
All
Funds",6342,Other Contracted Pupil Transportation (Non-Route),"$173,415.80",-,-,-,"$173,415.80"
Purchased Services and Supplies,"Object
Code","General
(Incidental)
Fund","Special
Revenue
(Teachers) Fund","Debt
Service
Fund","Capital
Projects
Fund","Total
All
Funds",6343,Travel,"$289,121.65",-,-,-,"$289,121.65"
Purchased Services and Supplies,"Object
Code","General
(Incidental)
Fund","Special
Revenue
(Teachers) Fund","Debt
Service
Fund","Capital
Projects
Fund","Total
All
Funds",6349,Other Transportation Services,$0.00,-,-,-,$0.00
Purchased Services and Supplies,"Object
Code","General
(Incidental)
Fund","Special
Revenue
(Teachers) Fund","Debt
Service
Fund","Capital
Projects
Fund","Total
All
Funds",6351,Property Insurance,"$302,649.00",-,-,-,"$302,649.00"
Purchased Services and Supplies,"Object
Code","General
(Incidental)
Fund","Special
Revenue
(Teachers) Fund","Debt
Service
Fund","Capital
Projects
Fund","Total
All
Funds",6352,Liability Insurance,"$50,078.00",-,-,-,"$50,078.00"
Purchased Services and Supplies,"Object
Code","General
(Incidental)
Fund","Special
Revenue
(Teachers) Fund","Debt
Service
Fund","Capital
Projects
Fund","Total
All
Funds",6353,Fidelity Bond Premiums,$0.00,-,-,-,$0.00
Purchased Services and Supplies,"Object
Code","General
(Incidental)
Fund","Special
Revenue
(Teachers) Fund","Debt
Service
Fund","Capital
Projects
Fund","Total
All
Funds",6359,Judgments Against LEA and Settlements,"$34,853.00",$0.00,-,-,"$34,853.00"
Purchased Services and Supplies,"Object
Code","General
(Incidental)
Fund","Special
Revenue
(Teachers) Fund","Debt
Service
Fund","Capital
Projects
Fund","Total
All
Funds",6361,Communication,"$95,463.71",-,-,-,"$95,463.71"
Purchased Services and Supplies,"Object
Code","General
(Incidental)
Fund","Special
Revenue
(Teachers) Fund","Debt
Service
Fund","Capital
Projects
Fund","Total
All
Funds",6362,Advertising,"$16,155.63",-,-,-,"$16,155.63"
Purchased Services and Supplies,"Object
Code","General
(Incidental)
Fund","Special
Revenue
(Teachers) Fund","Debt
Service
Fund","Capital
Projects
Fund","Total
All
Funds",6363,Printing and Binding,$0.00,-,-,-,$0.00
Purchased Services and Supplies,"Object
Code","General
(Incidental)
Fund","Special
Revenue
(Teachers) Fund","Debt
Service
Fund","Capital
Projects
Fund","Total
All
Funds",6371,Dues and Membership,"$80,449.39",-,-,-,"$80,449.39"
Purchased Services and Supplies,"Object
Code","General
(Incidental)
Fund","Special
Revenue
(Teachers) Fund","Debt
Service
Fund","Capital
Projects
Fund","Total
All
Funds",6391,Other Purchased Services,"$781,114.29",-,$0.00,-,"$781,114.29"
Purchased Services and Supplies,"Object
Code","General
(Incidental)
Fund","Special
Revenue
(Teachers) Fund","Debt
Service
Fund","Capital
Projects
Fund","Total
All
Funds",6398,Other Expenses,$0.00,$0.00,$0.00,$0.00,$0.00
Purchased Services and Supplies,"Object
Code","General
(Incidental)
Fund","Special
Revenue
(Teachers) Fund","Debt
Service
Fund","Capital
Projects
Fund","Total
All
Funds",6399,Purchased Services - Subtotal,"$11,269,055.75","$3,804,368.06",$0.00,$0.00,"$15,073,423.81"
Purchased Services and Supplies,"Object
Code","General
(Incidental)
Fund","Special
Revenue
(Teachers) Fund","Debt
Service
Fund","Capital
Projects
Fund","Total
All
Funds",6411,General Supplies (Excludes 6412),"$1,253,391.10",-,-,-,"$1,253,391.10"
Purchased Services and Supplies,"Object
Code","General
(Incidental)
Fund","Special
Revenue
(Teachers) Fund","Debt
Service
Fund","Capital
Projects
Fund","Total
All
Funds",6412,Supplies - Technology - Related,"$859,244.57",-,-,-,"$859,244.57"
Purchased Services and Supplies,"Object
Code","General
(Incidental)
Fund","Special
Revenue
(Teachers) Fund","Debt
Service
Fund","Capital
Projects
Fund","Total
All
Funds",6431,Textbook,$272.78,-,-,-,$272.78
Purchased Services and Supplies,"Object
Code","General
(Incidental)
Fund","Special
Revenue
(Teachers) Fund","Debt
Service
Fund","Capital
Projects
Fund","Total
All
Funds",6441,Library Books,"$59,072.21",-,-,-,"$59,072.21"
Purchased Services and Supplies,"Object
Code","General
(Incidental)
Fund","Special
Revenue
(Teachers) Fund","Debt
Service
Fund","Capital
Projects
Fund","Total
All
Funds",6451,Resource Materials,$0.00,-,-,-,$0.00
Purchased Services and Supplies,"Object
Code","General
(Incidental)
Fund","Special
Revenue
(Teachers) Fund","Debt
Service
Fund","Capital
Projects
Fund","Total
All
Funds",6461,Warehouse Inventory Adjustments,$0.00,-,-,-,$0.00
Purchased Services and Supplies,"Object
Code","General
(Incidental)
Fund","Special
Revenue
(Teachers) Fund","Debt
Service
Fund","Capital
Projects
Fund","Total
All
Funds",6471,Food Supplies - Exclude Non-Food Supplies,"$1,792,455.07",-,-,-,"$1,792,455.07"
Purchased Services and Supplies,"Object
Code","General
(Incidental)
Fund","Special
Revenue
(Teachers) Fund","Debt
Service
Fund","Capital
Projects
Fund","Total
All
Funds",6481,Electric,"$1,372,209.92",-,-,-,"$1,372,209.92"
Purchased Services and Supplies,"Object
Code","General
(Incidental)
Fund","Special
Revenue
(Teachers) Fund","Debt
Service
Fund","Capital
Projects
Fund","Total
All
Funds",6482,Gas - Natural,"$197,484.53",-,-,-,"$197,484.53"
Purchased Services and Supplies,"Object
Code","General
(Incidental)
Fund","Special
Revenue
(Teachers) Fund","Debt
Service
Fund","Capital
Projects
Fund","Total
All
Funds",6483,Gas - L.P.,$0.00,-,-,-,$0.00
Purchased Services and Supplies,"Object
Code","General
(Incidental)
Fund","Special
Revenue
(Teachers) Fund","Debt
Service
Fund","Capital
Projects
Fund","Total
All
Funds",6484,Fuel Oil,$0.00,-,-,-,$0.00
Purchased Services and Supplies,"Object
Code","General
(Incidental)
Fund","Special
Revenue
(Teachers) Fund","Debt
Service
Fund","Capital
Projects
Fund","Total
All
Funds",6485,Coal,$0.00,-,-,-,$0.00
Purchased Services and Supplies,"Object
Code","General
(Incidental)
Fund","Special
Revenue
(Teachers) Fund","Debt
Service
Fund","Capital
Projects
Fund","Total
All
Funds",6486,Gasoline/Diesel,$0.00,-,-,-,$0.00
Purchased Services and Supplies,"Object
Code","General
(Incidental)
Fund","Special
Revenue
(Teachers) Fund","Debt
Service
Fund","Capital
Projects
Fund","Total
All
Funds",6491,Other Supplies and Materials,"$1,169,769.62",-,-,-,"$1,169,769.62"
Purchased Services and Supplies,"Object
Code","General
(Incidental)
Fund","Special
Revenue
(Teachers) Fund","Debt
Service
Fund","Capital
Projects
Fund","Total
All
Funds",6499,Supplies - Subtotal,"$6,703,899.80",-,-,-,"$6,703,899.80"
Capital Outlay and Other,"Object
Code","General
(Incidental)
Fund","Special
Revenue
(Teachers) Fund","Debt
Service
Fund","Capital
Projects
Fund","Total
All
Funds",6511,Land,-,-,-,$0.00,$0.00
Capital Outlay and Other,"Object
Code","General
(Incidental)
Fund","Special
Revenue
(Teachers) Fund","Debt
Service
Fund","Capital
Projects
Fund","Total
All
Funds",6521,Buildings,-,-,-,"$390,379.77","$390,379.77"
Capital Outlay and Other,"Object
Code","General
(Incidental)
Fund","Special
Revenue
(Teachers) Fund","Debt
Service
Fund","Capital
Projects
Fund","Total
All
Funds",6531,Improvements Other than Buildings,-,-,-,"$206,422.16","$206,422.16"
Capital Outlay and Other,"Object
Code","General
(Incidental)
Fund","Special
Revenue
(Teachers) Fund","Debt
Service
Fund","Capital
Projects
Fund","Total
All
Funds",6541,Regular Equipment,-,-,-,"$265,084.63","$265,084.63"
Capital Outlay and Other,"Object
Code","General
(Incidental)
Fund","Special
Revenue
(Teachers) Fund","Debt
Service
Fund","Capital
Projects
Fund","Total
All
Funds",6542,Equipment - Classroom Instructional Apparatus,-,-,-,"$23,869.24","$23,869.24"
Capital Outlay and Other,"Object
Code","General
(Incidental)
Fund","Special
Revenue
(Teachers) Fund","Debt
Service
Fund","Capital
Projects
Fund","Total
All
Funds",6543,Technology - Related Hardware,-,-,-,"$544,395.05","$544,395.05"
Capital Outlay and Other,"Object
Code","General
(Incidental)
Fund","Special
Revenue
(Teachers) Fund","Debt
Service
Fund","Capital
Projects
Fund","Total
All
Funds",6544,Technology Software,-,-,-,"$775,934.00","$775,934.00"
Capital Outlay and Other,"Object
Code","General
(Incidental)
Fund","Special
Revenue
(Teachers) Fund","Debt
Service
Fund","Capital
Projects
Fund","Total
All
Funds",6551,Vehicles - Except School Buses,-,-,-,$0.00,$0.00
Capital Outlay and Other,"Object
Code","General
(Incidental)
Fund","Special
Revenue
(Teachers) Fund","Debt
Service
Fund","Capital
Projects
Fund","Total
All
Funds",6552,Pupil Transportation Vehicles - School Buses,-,-,-,$0.00,$0.00
Capital Outlay and Other,"Object
Code","General
(Incidental)
Fund","Special
Revenue
(Teachers) Fund","Debt
Service
Fund","Capital
Projects
Fund","Total
All
Funds",6553,School Buses - Purchased with Specific Funds,-,-,-,$0.00,$0.00
Capital Outlay and Other,"Object
Code","General
(Incidental)
Fund","Special
Revenue
(Teachers) Fund","Debt
Service
Fund","Capital
Projects
Fund","Total
All
Funds",6591,Other Capital Outlay,-,-,-,$0.00,$0.00
Capital Outlay and Other,"Object
Code","General
(Incidental)
Fund","Special
Revenue
(Teachers) Fund","Debt
Service
Fund","Capital
Projects
Fund","Total
All
Funds",6599,Capital Outlay - Subtotal,$0.00,-,-,"$2,206,084.85","$2,206,084.85"
Capital Outlay and Other,"Object
Code","General
(Incidental)
Fund","Special
Revenue
(Teachers) Fund","Debt
Service
Fund","Capital
Projects
Fund","Total
All
Funds",6611,Principal - Bonded Indebtedness,-,-,"$2,790,000.00",$0.00,"$2,790,000.00"
Capital Outlay and Other,"Object
Code","General
(Incidental)
Fund","Special
Revenue
(Teachers) Fund","Debt
Service
Fund","Capital
Projects
Fund","Total
All
Funds",6612,Principal - Short Term Loans,$0.00,$0.00,$0.00,$0.00,$0.00
Capital Outlay and Other,"Object
Code","General
(Incidental)
Fund","Special
Revenue
(Teachers) Fund","Debt
Service
Fund","Capital
Projects
Fund","Total
All
Funds",6613,Principal - Lease Purchase Agreements,-,-,-,"$1,341,668.60","$1,341,668.60"
Capital Outlay and Other,"Object
Code","General
(Incidental)
Fund","Special
Revenue
(Teachers) Fund","Debt
Service
Fund","Capital
Projects
Fund","Total
All
Funds",6614,Principal - Long Term Loans,-,-,-,$0.00,$0.00
Capital Outlay and Other,"Object
Code","General
(Incidental)
Fund","Special
Revenue
(Teachers) Fund","Debt
Service
Fund","Capital
Projects
Fund","Total
All
Funds",6621,Interest - Bonded Indebtedness,-,-,"$1,454,087.50",$0.00,"$1,454,087.50"
Capital Outlay and Other,"Object
Code","General
(Incidental)
Fund","Special
Revenue
(Teachers) Fund","Debt
Service
Fund","Capital
Projects
Fund","Total
All
Funds",6622,Interest - Short Term Loans,"$14,110.83",$0.00,$0.00,$0.00,"$14,110.83"
Capital Outlay and Other,"Object
Code","General
(Incidental)
Fund","Special
Revenue
(Teachers) Fund","Debt
Service
Fund","Capital
Projects
Fund","Total
All
Funds",6623,Interest - Lease Purchase Agreements,-,-,-,"$678,197.00","$678,197.00"
Capital Outlay and Other,"Object
Code","General
(Incidental)
Fund","Special
Revenue
(Teachers) Fund","Debt
Service
Fund","Capital
Projects
Fund","Total
All
Funds",6624,Interest - Long Term Loans,-,-,$0.00,$0.00,$0.00
Capital Outlay and Other,"Object
Code","General
(Incidental)
Fund","Special
Revenue
(Teachers) Fund","Debt
Service
Fund","Capital
Projects
Fund","Total
All
Funds",6631,Fees - Bonded Indebtedness,$0.00,-,"$1,500.00","$3,900.00","$5,400.00"
Capital Outlay and Other,"Object
Code","General
(Incidental)
Fund","Special
Revenue
(Teachers) Fund","Debt
Service
Fund","Capital
Projects
Fund","Total
All
Funds",6632,Fees - Short Term Loans,"$2,500.00",$0.00,$0.00,$0.00,"$2,500.00"
Capital Outlay and Other,"Object
Code","General
(Incidental)
Fund","Special
Revenue
(Teachers) Fund","Debt
Service
Fund","Capital
Projects
Fund","Total
All
Funds",6633,Fees - Lease Purchase Agreements,-,-,-,$0.00,$0.00
Capital Outlay and Other,"Object
Code","General
(Incidental)
Fund","Special
Revenue
(Teachers) Fund","Debt
Service
Fund","Capital
Projects
Fund","Total
All
Funds",6634,Fees - Long Term Loans,-,-,-,$0.00,$0.00
Capital Outlay and Other,"Object
Code","General
(Incidental)
Fund","Special
Revenue
(Teachers) Fund","Debt
Service
Fund","Capital
Projects
Fund","Total
All
Funds",6699,Other Objects - Subtotal,"$16,610.83",$0.00,"$4,245,587.50","$2,023,765.60","$6,285,963.93"

Textbox329,Textbox331,Textbox332,Textbox333,Textbox334,Textbox335,GENERAL_FUND10,SPECIAL_REVENUE10,Debt_Servicegt,CAPITAL_PROJECTS10,TOTAL_UNADJ_RATE9
"Object
Code","General
(Incidental)
Fund","Special
Revenue
(Teachers) Fund","Debt
Service
Fund","Capital
Projects
Fund","Total
All
Funds","35,239,935.15","41,157,685.56","4,245,587.50","4,229,850.45","84,873,058.66"

Textbox344,Textbox357,Textbox363,Textbox369,Textbox418,Textbox416,Textbox420,Textbox435,Textbox436,Textbox439,Textbox440,Textbox441,Textbox442,Textbox443
12210,Special Education*,"$3,363,812.65","$5,561,123.80",$0.00,"$22,865.16","$8,947,801.61",-,-,$0.00,$0.00,$0.00,$0.00,$0.00
12810,Early Childhood Special Education (paid with state or local funds),"$1,061,445.63","$875,794.16",$0.00,"$228,681.75","$2,165,921.54",-,-,$0.00,$0.00,$0.00,$0.00,$0.00
32400,Educational and Screening Program ,"$209,524.93","$26,836.58",$0.00,$0.00,"$236,361.51",-,-,$0.00,$0.00,$0.00,$0.00,$0.00
33200,CTE Base and Performance Grant,"$15,570.00",$0.00,$0.00,$0.00,"$15,570.00",-,-,$0.00,$0.00,$0.00,$0.00,$0.00
40001,School Wide Pool,"$1,497,006.86","$22,812,475.61",$0.00,"$39,987.27","$24,349,469.74",-,-,$0.00,$0.00,$0.00,$0.00,$0.00
42701,Perkins Grant - Secondary,"$125,738.05","$7,648.91",$0.00,"$20,383.14","$153,770.10",-,-,$0.00,$0.00,$0.00,$0.00,$0.00
43703,Special Education High Need Fund - Federal,"$7,138.48",$0.00,$0.00,$0.00,"$7,138.48",-,-,$0.00,$0.00,$0.00,$0.00,$0.00
43801,Special Education MO Model Districts,"$1,500.00",$0.00,$0.00,$0.00,"$1,500.00",-,-,$0.00,$0.00,$0.00,$0.00,$0.00
44100,"IDEA Entitlement Funds, Part B IDEA","$321,353.80","$1,124,895.13",$0.00,$0.00,"$1,446,248.93",-,-,$0.00,$0.00,$0.00,$0.00,$0.00
44200,IDEA - 611 ECSE Portion,"$119,629.00",$0.00,$0.00,$0.00,"$119,629.00",-,-,$0.00,$0.00,$0.00,$0.00,$0.00
44201,IDEA - 619 Preschool Grant,"$54,558.00",$0.00,$0.00,$0.00,"$54,558.00",-,-,$0.00,$0.00,$0.00,$0.00,$0.00
45100,Title I,"$981,068.82","$1,472,044.07",$0.00,"$1,799.95","$2,454,912.84",-,-,$0.00,$0.00,$0.00,$0.00,$0.00
45102,Title I School Improvement (a),"$186,978.84","$31,237.16",$0.00,"$35,540.00","$253,756.00",-,-,$0.00,$0.00,$0.00,$0.00,$0.00
46100,Title IV.A Student Support and Academic Enrichment,"$144,917.26","$76,082.91",$0.00,$0.00,"$221,000.17",-,-,$0.00,$0.00,$0.00,$0.00,$0.00
46200,Title III LEP,"$49,894.38",$0.00,$0.00,$0.00,"$49,894.38",-,-,$0.00,$0.00,$0.00,$0.00,$0.00
46500,Title II.A,"$225,592.51","$133,094.32",$0.00,$0.00,"$358,686.83",-,-,$0.00,$0.00,$0.00,$0.00,$0.00
46501,Math and Science Partnerships ,$0.00,"$15,769.20",$0.00,$0.00,"$15,769.20",-,-,$0.00,$0.00,$0.00,$0.00,$0.00

REPORTING_FUND_CODE1,NAME10,TOTAL2
8010,Exp. for Building Project(s) (Funded by Bond Proce,0.00
8011,Exp. for Building Project(s) (Funded by Impact Aid,0.00

Textbox19,Textbox21,Textbox24,Textbox31,Textbox33,Textbox34,BEGINNING_BALANCE2,BORROWED_AMOUNT2,REPAID_AMOUNT2,ENDING_BALANCE2,INTEREST_PAID2
"8001
Balance
Beginning of
Year","8002
Amount
Borrowed
During Year","8003
Amount Repaid
During Year","8004
Balance End of
Year","8005
Interest Paid
During Year",General Obligations Bonds,"42,830,000.00",0.00,"2,790,000.00","40,040,000.00","1,454,087.50"
"8001
Balance
Beginning of
Year","8002
Amount
Borrowed
During Year","8003
Amount Repaid
During Year","8004
Balance End of
Year","8005
Interest Paid
During Year",Lease Purchase,"6,344,999.72",0.00,"300,000.00","6,044,999.72","232,902.92"
"8001
Balance
Beginning of
Year","8002
Amount
Borrowed
During Year","8003
Amount Repaid
During Year","8004
Balance End of
Year","8005
Interest Paid
During Year",Energy Loan,0.00,0.00,0.00,0.00,0.00
"8001
Balance
Beginning of
Year","8002
Amount
Borrowed
During Year","8003
Amount Repaid
During Year","8004
Balance End of
Year","8005
Interest Paid
During Year",Guaranteed Energy Cost Savings Contract,"12,880,000.00",0.00,"385,000.00","12,495,000.00","416,108.67"
"8001
Balance
Beginning of
Year","8002
Amount
Borrowed
During Year","8003
Amount Repaid
During Year","8004
Balance End of
Year","8005
Interest Paid
During Year",Other Debt,"1,192,828.43","558,000.00","656,668.60","1,094,159.83","29,185.41"
"8001
Balance
Beginning of
Year","8002
Amount
Borrowed
During Year","8003
Amount Repaid
During Year","8004
Balance End of
Year","8005
Interest Paid
During Year",SubTotal,"63,247,828.15","558,000.00","4,131,668.60","59,674,159.55","2,132,284.50"
"8001
Balance
Beginning of
Year","8002
Amount
Borrowed
During Year","8003
Amount Repaid
During Year","8004
Balance End of
Year","8005
Interest Paid
During Year",Tax Anticipation Note (TAN),0.00,"3,000,000.00","3,000,000.00",0.00,"14,110.83"
"8001
Balance
Beginning of
Year","8002
Amount
Borrowed
During Year","8003
Amount Repaid
During Year","8004
Balance End of
Year","8005
Interest Paid
During Year",Advance Funding,0.00,0.00,0.00,0.00,0.00
"8001
Balance
Beginning of
Year","8002
Amount
Borrowed
During Year","8003
Amount Repaid
During Year","8004
Balance End of
Year","8005
Interest Paid
During Year",Revenue Bonds,0.00,0.00,0.00,0.00,0.00
"8001
Balance
Beginning of
Year","8002
Amount
Borrowed
During Year","8003
Amount Repaid
During Year","8004
Balance End of
Year","8005
Interest Paid
During Year",Total All Debt,"63,247,828.15","3,558,000.00","7,131,668.60","59,674,159.55","2,146,395.33"

Textbox42,Textbox43,Textbox44,Textbox45,Textbox58,Textbox59,Textbox60,Textbox97,BOND_TYPE1,SERIES,TERM_LENGTH,BEGINNING_BALANCE9,Textbox387,REPAID_AMOUNT9,ENDING_BALANCE9,INTEREST_PAID9,Textbox46,BEGINNING_BALANCE10,BORROWED_AMOUNT10,REPAID_AMOUNT10,ENDING_BALANCE10,INTEREST_PAID10,Textbox114,Textbox130
"General Obligation Bonds (Bonded Indebtedness)
Section 164.121
","Type of
Bond Issue","Length
Term","8001
Balance
Beginning of
Year","8002
Amount
Borrowed
During Year","8003
Amount Repaid
During Year","8004
Balance End of
Year","8005
Interest Paid
During Year",,,0,,,,,,Total General Obligation Bonds (Bonded Indebtedness),"42,830,000.00",0.00,"2,790,000.00","40,040,000.00","1,454,087.50",Portion of 8002 ''Amount Borrowed During Year'' Refunding Bonds,
"General Obligation Bonds (Bonded Indebtedness)
Section 164.121
","Type of
Bond Issue","Length
Term","8001
Balance
Beginning of
Year","8002
Amount
Borrowed
During Year","8003
Amount Repaid
During Year","8004
Balance End of
Year","8005
Interest Paid
During Year",New Issue,2016A,20,"27,805,000.00",0.00,"2,790,000.00","25,015,000.00","938,550.00",Total General Obligation Bonds (Bonded Indebtedness),"42,830,000.00",0.00,"2,790,000.00","40,040,000.00","1,454,087.50",Portion of 8002 ''Amount Borrowed During Year'' Refunding Bonds,
"General Obligation Bonds (Bonded Indebtedness)
Section 164.121
","Type of
Bond Issue","Length
Term","8001
Balance
Beginning of
Year","8002
Amount
Borrowed
During Year","8003
Amount Repaid
During Year","8004
Balance End of
Year","8005
Interest Paid
During Year",Refunding Issue,2016,12,"15,025,000.00",0.00,0.00,"15,025,000.00","515,537.50",Total General Obligation Bonds (Bonded Indebtedness),"42,830,000.00",0.00,"2,790,000.00","40,040,000.00","1,454,087.50",Portion of 8002 ''Amount Borrowed During Year'' Refunding Bonds,

Textbox41,Textbox101,Textbox103,Textbox104,Textbox105,Textbox170,Textbox37,Textbox92,Textbox93,Textbox94,Textbox95,BOND_TYPE7,TERM_LENGTH7,DEBT_BEGIN_DATE7,ORIGINAL_PRINCIPAL7,ORIGINAL_PRINCIPAL,BEGINNING_BALANCE13,BORROWED_AMOUNT13,REPAID_AMOUNT13,ENDING_BALANCE13,INTEREST_PAID13,Textbox38,BEGINNING_BALANCE14,BORROWED_AMOUNT14,REPAID_AMOUNT14,ENDING_BALANCE14,INTEREST_PAID14,Textbox116,Textbox143
"Lease Purchase
Section 177.088
","Type of
Lease
Purchase","Length
Term","Begin
Date","Refinance
Date","Original
Principal","8001
Balance
Beginning of
Year","8002
Amount
Borrowed
During Year","8003
Amount Repaid
During Year","8004
Balance End of
Year","8005
Interest Paid
During Year",,,,,,,,,,,Total Lease Purchase,"6,344,999.72",0.00,"300,000.00","6,044,999.72","232,902.92",Portion of 8003 ''Amount Repaid During Year'' from Not-For-Profit Corporation Escrow Account ,0.00
"Lease Purchase
Section 177.088
","Type of
Lease
Purchase","Length
Term","Begin
Date","Refinance
Date","Original
Principal","8001
Balance
Beginning of
Year","8002
Amount
Borrowed
During Year","8003
Amount Repaid
During Year","8004
Balance End of
Year","8005
Interest Paid
During Year",Ervin ELC,20,04/01/2014,,"7,490,000.00","6,344,999.72",0.00,"300,000.00","6,044,999.72","232,902.92",Total Lease Purchase,"6,344,999.72",0.00,"300,000.00","6,044,999.72","232,902.92",Portion of 8003 ''Amount Repaid During Year'' from Not-For-Profit Corporation Escrow Account ,0.00

Textbox47,Textbox48,Textbox107,Textbox108,Textbox109,Textbox49,Textbox98,Textbox99,Textbox100,Textbox102,VENDOR_NAME,TERM_LENGTH8,DEBT_BEGIN_DATE8,ORIGINAL_PRINCIPAL8,BEGINNING_BALANCE15,BORROWED_AMOUNT15,REPAID_AMOUNT15,ENDING_BALANCE15,INTEREST_PAID15,Textbox50,BEGINNING_BALANCE16,BORROWED_AMOUNT16,REPAID_AMOUNT16,ENDING_BALANCE16,INTEREST_PAID16
"Energy Loan
Section 640.653
","Type of
Project","Length
Term","Begin
Date","Original
Principal","8001
Balance
Beginning of
Year","8002
Amount
Borrowed
During Year","8003
Amount Repaid
During Year","8004
Balance End of
Year","8005
Interest Paid
During Year",,,,,,,,,,Total Energy Loan,0.00,0.00,0.00,0.00,0.00

Textbox51,Textbox106,Textbox111,Textbox264,Textbox173,Textbox174,Textbox52,Textbox112,Textbox113,Textbox115,Textbox118,BOND_TYPE4,SHORT_DESCRIPTION,TERM_LENGTH4,DEBT_BEGIN_DATE4,ORIGINAL_PRINCIPAL4,BEGINNING_BALANCE7,BORROWED_AMOUNT7,REPAID_AMOUNT7,ENDING_BALANCE7,INTEREST_PAID7,Textbox119,BEGINNING_BALANCE8,BORROWED_AMOUNT8,REPAID_AMOUNT8,ENDING_BALANCE8,INTEREST_PAID8
"Guaranteed Energy Cost Savings Contract
Section 8.231
","Vendor
Name","Method
of
Financing","Length
Term","Begin
Date","Original
Principal","8001
Balance
Beginning of
Year","8002
Amount
Borrowed
During Year","8003
Amount Repaid
During Year","8004
Balance End of
Year","8005
Interest Paid
During Year",,,,,,,,,,,Total Guaranteed Energy Cost Savings Contract,"12,880,000.00",0.00,"385,000.00","12,495,000.00","416,108.67"
"Guaranteed Energy Cost Savings Contract
Section 8.231
","Vendor
Name","Method
of
Financing","Length
Term","Begin
Date","Original
Principal","8001
Balance
Beginning of
Year","8002
Amount
Borrowed
During Year","8003
Amount Repaid
During Year","8004
Balance End of
Year","8005
Interest Paid
During Year",Trane,,15,12/01/2015,"9,860,000.00","9,860,000.00",0.00,0.00,"9,860,000.00","326,753.87",Total Guaranteed Energy Cost Savings Contract,"12,880,000.00",0.00,"385,000.00","12,495,000.00","416,108.67"
"Guaranteed Energy Cost Savings Contract
Section 8.231
","Vendor
Name","Method
of
Financing","Length
Term","Begin
Date","Original
Principal","8001
Balance
Beginning of
Year","8002
Amount
Borrowed
During Year","8003
Amount Repaid
During Year","8004
Balance End of
Year","8005
Interest Paid
During Year",Trane,,15,02/09/2016,"3,700,000.00","3,020,000.00",0.00,"385,000.00","2,635,000.00","89,354.80",Total Guaranteed Energy Cost Savings Contract,"12,880,000.00",0.00,"385,000.00","12,495,000.00","416,108.67"

Textbox121,Textbox160,Textbox125,Textbox161,Textbox163,Textbox126,Textbox139,Textbox140,Textbox165,Textbox167,Textbox141,TERM_LENGTH11,REFINANCE_DATE,DEBT_BEGIN_DATE11,ORIGINAL_PRINCIPAL11,BEGINNING_BALANCE21,BORROWED_AMOUNT21,REPAID_AMOUNT21,ENDING_BALANCE21,INTEREST_PAID21,Textbox142,BEGINNING_BALANCE22,BORROWED_AMOUNT22,REPAID_AMOUNT22,ENDING_BALANCE22,INTEREST_PAID22
"Other Debt
Section 177.082, etc.
","Length
Term","Begin
Date","Refinance
Date","Original
Principal","8001
Balance
Beginning of
Year","8002
Amount
Borrowed
During Year","8003
Amount Repaid
During Year","8004
Balance End of
Year","8005
Interest Paid
During Year",,,,,,,,,,,Total Other Debt,"1,192,828.43","558,000.00","656,668.60","1,094,159.83","29,185.41"
"Other Debt
Section 177.082, etc.
","Length
Term","Begin
Date","Refinance
Date","Original
Principal","8001
Balance
Beginning of
Year","8002
Amount
Borrowed
During Year","8003
Amount Repaid
During Year","8004
Balance End of
Year","8005
Interest Paid
During Year",Technology Lease,5,06/30/2014,,"1,234,174.96","253,218.30",0.00,"253,218.30",0.00,"9,983.00",Total Other Debt,"1,192,828.43","558,000.00","656,668.60","1,094,159.83","29,185.41"
"Other Debt
Section 177.082, etc.
","Length
Term","Begin
Date","Refinance
Date","Original
Principal","8001
Balance
Beginning of
Year","8002
Amount
Borrowed
During Year","8003
Amount Repaid
During Year","8004
Balance End of
Year","8005
Interest Paid
During Year",Apple Lease,3,07/22/2016,,"1,399,079.40","699,523.16",0.00,"348,558.45","350,964.71","4,826.71",Total Other Debt,"1,192,828.43","558,000.00","656,668.60","1,094,159.83","29,185.41"
"Other Debt
Section 177.082, etc.
","Length
Term","Begin
Date","Refinance
Date","Original
Principal","8001
Balance
Beginning of
Year","8002
Amount
Borrowed
During Year","8003
Amount Repaid
During Year","8004
Balance End of
Year","8005
Interest Paid
During Year",Dell Lease,5,08/01/2017,,"309,354.52","240,086.97",0.00,"54,891.85","185,195.12","14,375.70",Total Other Debt,"1,192,828.43","558,000.00","656,668.60","1,094,159.83","29,185.41"
"Other Debt
Section 177.082, etc.
","Length
Term","Begin
Date","Refinance
Date","Original
Principal","8001
Balance
Beginning of
Year","8002
Amount
Borrowed
During Year","8003
Amount Repaid
During Year","8004
Balance End of
Year","8005
Interest Paid
During Year",Apple Lease 2019,4,04/15/2019,,"558,000.00",0.00,"558,000.00",0.00,"558,000.00",0.00,Total Other Debt,"1,192,828.43","558,000.00","656,668.60","1,094,159.83","29,185.41"

Textbox184,Textbox185,Textbox186,Textbox187,Textbox188,Textbox189,Textbox190,Textbox191,Textbox192,Textbox193,PAYOFF_DATE,DEBT_BEGIN_DATE9,ORIGINAL_PRINCIPAL9,BEGINNING_BALANCE19,BORROWED_AMOUNT19,REPAID_AMOUNT19,ENDING_BALANCE19,INTEREST_PAID19,Textbox195,BEGINNING_BALANCE20,BORROWED_AMOUNT20,REPAID_AMOUNT20,ENDING_BALANCE20,INTEREST_PAID20
"Tax Anticipation Note (TAN)
Section 165.131
","Fund
Borrowed
For","Begin
Date","Date
Paid
Off","Original
Principal","8001
Balance
Beginning of
Year","8002
Amount
Borrowed
During Year","8003
Amount Repaid
During Year","8004
Balance End of
Year","8005
Interest Paid
During Year",,,,,,,,,Total Tax Anticipation Note (TAN),0.00,"3,000,000.00","3,000,000.00",0.00,"14,110.83"
"Tax Anticipation Note (TAN)
Section 165.131
","Fund
Borrowed
For","Begin
Date","Date
Paid
Off","Original
Principal","8001
Balance
Beginning of
Year","8002
Amount
Borrowed
During Year","8003
Amount Repaid
During Year","8004
Balance End of
Year","8005
Interest Paid
During Year",11/19/2018 12:00:00 AM,01/18/2019,0.00,0.00,"3,000,000.00","3,000,000.00",0.00,"14,110.83",Total Tax Anticipation Note (TAN),0.00,"3,000,000.00","3,000,000.00",0.00,"14,110.83"

Textbox150,Textbox158,Textbox157,Textbox159,Textbox176,Textbox177,Textbox178,Textbox179,Textbox180,Textbox349,Textbox350,ORIGINAL_PRINCIPAL10,BEGINNING_BALANCE23,BORROWED_AMOUNT23,REPAID_AMOUNT23,ENDING_BALANCE23,INTEREST_PAID23,Textbox201,BEGINNING_BALANCE24,BORROWED_AMOUNT24,REPAID_AMOUNT24,ENDING_BALANCE24,INTEREST_PAID24
"Advance Funding
Section 360.106/165.131
","Begin
Date","Refinance
Date","Original
Principal","8001
Balance
Beginning of
Year","8002
Amount
Borrowed
During Year","8003
Amount Repaid
During Year","8004
Balance End of
Year","8005
Interest Paid
During Year",,,,,,,,,Total Advance Funding,0.00,0.00,0.00,0.00,0.00

Textbox207,Textbox209,Textbox210,Textbox212,Textbox213,Textbox214,Textbox215,Textbox216,Textbox217,Textbox218,BOND_TYPE,BOND_TYPE2,SERIES1,TERM_LENGTH12,REFINANCE_DATE2,BEGINNING_BALANCE11,BORROWED_AMOUNT11,REPAID_AMOUNT11,ENDING_BALANCE11,INTEREST_PAID11,Textbox220,BEGINNING_BALANCE12,BORROWED_AMOUNT12,REPAID_AMOUNT12,ENDING_BALANCE12,INTEREST_PAID12
"Revenue Bonds (Bonded Indebtedness)
Section 164.231
","Type of
Revenue Generating
Facility","Type of
Issue","Length
Term","Refinance
Date","8001
Balance
Beginning of
Year","8002
Amount
Borrowed
During Year","8003
Amount Repaid
During Year","8004
Balance End of
Year","8005
Interest Paid
During Year",,,,,,,,,,,Total Revenue Bonds (Bonded Indebtedness),0.00,0.00,0.00,0.00,0.00

